endpoint,minimum_pool_size,top_k,method,baseline,primary_pair,pools,groups,method_mean,baseline_mean,difference,difference_low,difference_high,improvement_percent,improvement_low,improvement_high,bootstrap_p,holm_p
all,3,1,joint_w0.1,joint_w0,True,4625,2011,2.6694954954954957,2.6865765765765763,-0.01708108108108108,-0.047821005701019936,0.018261831008142968,0.6357935682907855,-0.6626203932939946,1.7803274189462168,0.3218390804597701,
all,3,1,joint_w0.3,joint_w0,True,4625,2011,2.643081081081081,2.6865765765765763,-0.0434954954954955,-0.0733121848137755,-0.011267394914380235,1.6189933268502015,0.4199090737312184,2.7470417364263464,0.0079960019990005,
all,3,1,joint_w1,joint_w0,True,4625,2011,2.608810810810811,2.6865765765765763,-0.07776576576576576,-0.10799747212143072,-0.047484438594394746,2.894604473357685,1.7623539632000493,3.9916191705553765,0.0009995002498750624,
all,3,1,joint_w3,joint_w0,True,4625,2011,2.5744144144144143,2.6865765765765763,-0.11216216216216217,-0.14416511739767682,-0.0821496685454341,4.174910298112064,3.0240394847145766,5.341572301728297,0.0009995002498750624,
all,3,1,joint_tuned,joint_w0,True,4625,2011,2.6286306306306306,2.6865765765765763,-0.057945945945945945,-0.08577978813529513,-0.027037673756506047,2.156869320277648,0.9858285498038163,3.1919173730269703,0.0009995002498750624,
all,3,1,joint_tuned,analytic_ei,True,4625,2011,2.6286306306306306,2.506,0.12263063063063062,0.07132496848237566,0.18168187441045403,-4.8934808711345115,-7.2100856133166,-2.844271261233815,0.0009995002498750624,
all,3,1,joint_tuned,ppo_phi_ei,True,4625,2011,2.6286306306306306,2.5192612612612613,0.10936936936936938,0.06007306169991315,0.16715730548192,-4.341327001337443,-6.53767700979435,-2.388577862110209,0.0009995002498750624,
all,3,1,joint_tuned,joint_tuned_ei,True,4625,2011,2.6286306306306306,2.5694414414414415,0.05918918918918919,0.03713881391656153,0.08404756295646074,-2.303581947210455,-3.229612570581047,-1.4513295529975034,0.0009995002498750624,
all,3,1,joint_w0,joint_w0_ei,False,4625,2011,2.6865765765765763,2.6331171171171173,0.05345945945945946,0.030250754338282837,0.07715539151548789,-2.030272755888255,-2.93203773479146,-1.1189980382572984,0.0009995002498750624,
all,3,1,joint_w0.1,joint_w0.1_ei,False,4625,2011,2.6694954954954957,2.6100900900900905,0.059405405405405405,0.0381034119482682,0.08179499810126882,-2.275990611625008,-3.1078574647747774,-1.4447355917078208,0.0009995002498750624,
all,3,1,joint_w0.3,joint_w0.3_ei,False,4625,2011,2.643081081081081,2.5845945945945945,0.05848648648648649,0.03652228776068718,0.08259278924773289,-2.262888214995294,-3.153298024197683,-1.4164634049181708,0.0009995002498750624,
all,3,1,joint_w1,joint_w1_ei,False,4625,2011,2.608810810810811,2.55154954954955,0.05726126126126127,0.03445960337057245,0.07959554750380285,-2.2441759467837876,-3.100161396989857,-1.3424515321281896,0.0009995002498750624,
all,3,1,joint_w3,joint_w3_ei,False,4625,2011,2.5744144144144143,2.5016936936936935,0.07272072072072074,0.050294267183334705,0.0977823728074211,-2.9068594969894295,-3.875979603042318,-1.9983672812425686,0.0009995002498750624,
all,3,1,joint_w0,analytic_ei,False,4625,2011,2.6865765765765763,2.506,0.18057657657657658,0.13103507036095075,0.23414893460808026,-7.205769216942402,-9.39398274321743,-5.163855976081676,0.0009995002498750624,
all,3,2,joint_w0.1,joint_w0,True,4625,2011,1.862342342342342,1.8797657657657656,-0.017423423423423418,-0.03938546323142252,0.004721347620793169,0.9268933257929503,-0.2529429008322677,2.0792537133077795,0.12293853073463268,
all,3,2,joint_w0.3,joint_w0,True,4625,2011,1.8448468468468466,1.8797657657657656,-0.03491891891891892,-0.05867947369876828,-0.01249301283952647,1.8576207501413848,0.6591042922366516,3.0887481209306706,0.004997501249375313,
all,3,2,joint_w1,joint_w0,True,4625,2011,1.822576576576577,1.8797657657657656,-0.05718918918918919,-0.08557866649450198,-0.0350968860328404,3.0423572037918976,1.8660461457761577,4.450117136410189,0.0009995002498750624,
all,3,2,joint_w3,joint_w0,True,4625,2011,1.797837837837838,1.8797657657657656,-0.08192792792792793,-0.10848453833735419,-0.05800505206748379,4.358411532968443,3.096122908821931,5.658940193579163,0.0009995002498750624,
all,3,2,joint_tuned,joint_w0,True,4625,2011,1.8274774774774776,1.8797657657657656,-0.052288288288288284,-0.07254700884091564,-0.03149170835669107,2.7816385020176804,1.6708364346176758,3.8218476146471017,0.0009995002498750624,
all,3,2,joint_tuned,analytic_ei,True,4625,2011,1.8274774774774776,1.7215135135135136,0.10596396396396396,0.06865336517734762,0.14569428734558684,-6.1552792430712575,-8.498874857654046,-3.9302926891468246,0.0009995002498750624,
all,3,2,joint_tuned,ppo_phi_ei,True,4625,2011,1.8274774774774776,1.7313873873873875,0.09609009009009009,0.05837244919303258,0.13732667065786539,-5.549889689047994,-7.958380980566746,-3.330326016177261,0.0009995002498750624,
all,3,2,joint_tuned,joint_tuned_ei,True,4625,2011,1.8274774774774776,1.7803063063063063,0.04717117117117117,0.02899830812801303,0.06667167794322094,-2.6496098454563013,-3.6907237597319265,-1.6113217627898124,0.0009995002498750624,
all,3,2,joint_w0,joint_w0_ei,False,4625,2011,1.8797657657657656,1.832936936936937,0.04682882882882883,0.02853963198793057,0.0662057107749842,-2.5548521547656344,-3.5750811325476435,-1.5501322922732557,0.0009995002498750624,
all,3,2,joint_w0.1,joint_w0.1_ei,False,4625,2011,1.862342342342342,1.8177117117117116,0.044630630630630636,0.02758116495583672,0.0619881852897155,-2.4553195285627742,-3.3653234903435125,-1.5094666632458666,0.0009995002498750624,
all,3,2,joint_w0.3,joint_w0.3_ei,False,4625,2011,1.8448468468468466,1.7919819819819822,0.052864864864864865,0.035036340808981825,0.07235605264170612,-2.9500779246895323,-3.9879457626209898,-1.9200636508622821,0.0009995002498750624,
all,3,2,joint_w1,joint_w1_ei,False,4625,2011,1.822576576576577,1.7716936936936933,0.05088288288288289,0.03414918214481037,0.0688245719818115,-2.8719909690935923,-3.8501358120993694,-1.9095774137985395,0.0009995002498750624,
all,3,2,joint_w3,joint_w3_ei,False,4625,2011,1.797837837837838,1.7418018018018018,0.056036036036036026,0.03960646400681647,0.07408538299680202,-3.217130443777806,-4.239846640636408,-2.2585897253630343,0.0009995002498750624,
all,3,2,joint_w0,analytic_ei,False,4625,2011,1.8797657657657656,1.7215135135135136,0.15825225225225226,0.11815157096844256,0.200788510489279,-9.192623293979723,-11.656781681262055,-6.685796796019583,0.0009995002498750624,
all,3,3,joint_w0.1,joint_w0,True,4625,2011,1.1729189189189189,1.169783783783784,0.003135135135135133,-0.014959381787618554,0.02432038854324056,-0.26800979622012355,-2.0853417894823116,1.2572822189699686,0.7306346826586707,
all,3,3,joint_w0.3,joint_w0,True,4625,2011,1.147207207207207,1.169783783783784,-0.02257657657657658,-0.042522553525896095,-0.0029290054133579058,1.9299785900220499,0.24037855869641225,3.5733952689537114,0.021989005497251374,
all,3,3,joint_w1,joint_w0,True,4625,2011,1.1421981981981981,1.169783783783784,-0.027585585585585586,-0.05031874271088828,-0.007950576001498772,2.3581781495001928,0.6994433846917422,4.188470427018592,0.005997001499250375,
all,3,3,joint_w3,joint_w0,True,4625,2011,1.1158738738738738,1.169783783783784,-0.0539099099099099,-0.07723706491032553,-0.03265662025563293,4.608536266038243,2.807311924645833,6.43960250408536,0.0009995002498750624,
all,3,3,joint_tuned,joint_w0,True,4625,2011,1.1376036036036037,1.169783783783784,-0.03218018018018018,-0.04992736267854639,-0.012718931158129287,2.7509511267193463,1.0734086782333527,4.2109555053987116,0.00399800099950025,
all,3,3,joint_tuned,analytic_ei,True,4625,2011,1.1376036036036037,1.0652432432432433,0.07236036036036037,0.04080790566016162,0.10394467966039252,-6.792848564807772,-9.801636340849088,-3.7179522998346584,0.0009995002498750624,
all,3,3,joint_tuned,ppo_phi_ei,True,4625,2011,1.1376036036036037,1.0806666666666669,0.05693693693693693,0.024733376418977628,0.08818794066687102,-5.268686329759728,-8.307915768813203,-2.2257261966596316,0.0029985007496251873,
all,3,3,joint_tuned,joint_tuned_ei,True,4625,2011,1.1376036036036037,1.1062522522522522,0.03135135135135135,0.017164800997817024,0.04746483491874768,-2.834014691271572,-4.182141868111817,-1.5615073138400801,0.0009995002498750624,
all,3,3,joint_w0,joint_w0_ei,False,4625,2011,1.169783783783784,1.1371891891891892,0.03259459459459459,0.018603055503212472,0.05037460642884002,-2.8662420382165683,-4.316756391309034,-1.6550873806113628,0.0009995002498750624,
all,3,3,joint_w0.1,joint_w0.1_ei,False,4625,2011,1.1729189189189189,1.1367207207207208,0.036198198198198195,0.02416273740981198,0.0495859935947677,-3.1844407811311033,-4.281068600255683,-2.099429116358496,0.0009995002498750624,
all,3,3,joint_w0.3,joint_w0.3_ei,False,4625,2011,1.147207207207207,1.1105945945945945,0.03661261261261261,0.023512712349884165,0.05196692014405615,-3.2966676400921413,-4.516969774068665,-2.122824243547258,0.0009995002498750624,
all,3,3,joint_w1,joint_w1_ei,False,4625,2011,1.1421981981981981,1.104864864864865,0.037333333333333336,0.022571441644210093,0.05233094298400834,-3.3789954337899437,-4.6789060748933995,-2.0169951778561965,0.0009995002498750624,
all,3,3,joint_w3,joint_w3_ei,False,4625,2011,1.1158738738738738,1.0868648648648649,0.029009009009009015,0.016072231090032123,0.04397057018979058,-2.669053894995103,-3.948022994662092,-1.5162975011145983,0.0009995002498750624,
all,3,3,joint_w0,analytic_ei,False,4625,2011,1.169783783783784,1.0652432432432433,0.10454054054054054,0.0708243415533605,0.1373506727724734,-9.813771756228759,-12.870821787528037,-6.409330389477899,0.0009995002498750624,
all,3,4,joint_w0.1,joint_w0,True,4625,2011,0.8479639639639639,0.8421801801801801,0.0057837837837837885,-0.01319872642789309,0.02337090343901142,-0.6867632271453284,-2.8251616628485325,1.5062912857566124,0.5197401299350325,
all,3,4,joint_w0.3,joint_w0,True,4625,2011,0.8229369369369369,0.8421801801801801,-0.01924324324324324,-0.037734682050383786,-0.003719661444173617,2.28493185853961,0.46498777804062036,4.2426886792611915,0.020989505247376312,
all,3,4,joint_w1,joint_w0,True,4625,2011,0.8169549549549551,0.8421801801801801,-0.025225225225225224,-0.046194969790651116,-0.007866147815553436,2.995229028048163,0.9641920865208023,5.261457445167535,0.00399800099950025,
all,3,4,joint_w3,joint_w0,True,4625,2011,0.8007027027027027,0.8421801801801801,-0.04147747747747748,-0.061817368666654465,-0.02371907462309251,4.925012301833504,2.8871355762441553,7.024123511978384,0.0009995002498750624,
all,3,4,joint_tuned,joint_w0,True,4625,2011,0.8162882882882883,0.8421801801801801,-0.02589189189189189,-0.04458048521332039,-0.01070691436156258,3.0743886523608825,1.2404455435317825,5.065344230243161,0.004997501249375313,
all,3,4,joint_tuned,analytic_ei,True,4625,2011,0.8162882882882883,0.7631891891891892,0.053099099099099094,0.02504899490998219,0.08021128959019183,-6.957527681374972,-10.562444658981779,-3.212967546853221,0.0029985007496251873,
all,3,4,joint_tuned,ppo_phi_ei,True,4625,2011,0.8162882882882883,0.7725585585585585,0.04372972972972973,0.013004367971729614,0.06959134657948042,-5.660377358490573,-9.242657851900004,-1.6226161197455262,0.005997001499250375,
all,3,4,joint_tuned,joint_tuned_ei,True,4625,2011,0.8162882882882883,0.7933693693693694,0.02291891891891892,0.01215906972805884,0.036185361733488304,-2.8888081395348735,-4.4390564936032915,-1.5004370233623985,0.0009995002498750624,
all,3,4,joint_w0,joint_w0_ei,False,4625,2011,0.8421801801801801,0.811135135135135,0.031045045045045048,0.019810240917170596,0.04427222287387656,-3.8273579457106153,-5.230827955138962,-2.4749433062625608,0.0009995002498750624,
all,3,4,joint_w0.1,joint_w0.1_ei,False,4625,2011,0.8479639639639639,0.8203063063063064,0.02765765765765766,0.018127142020006815,0.039081360592950316,-3.3716256287477546,-4.616360868675983,-2.1750675516119333,0.0009995002498750624,
all,3,4,joint_w0.3,joint_w0.3_ei,False,4625,2011,0.8229369369369369,0.7934234234234233,0.029513513513513515,0.019909104801609612,0.041666666666666664,-3.719768366072455,-5.100550848840512,-2.476660000550126,0.0009995002498750624,
all,3,4,joint_w1,joint_w1_ei,False,4625,2011,0.8169549549549551,0.7882702702702703,0.02868468468468469,0.0187366912554747,0.039646164165008664,-3.638940318635865,-4.917862396537806,-2.31449025364813,0.0009995002498750624,
all,3,4,joint_w3,joint_w3_ei,False,4625,2011,0.8007027027027027,0.7746666666666666,0.026036036036036034,0.015182313989158211,0.04038718318727667,-3.360934083825659,-5.040537853449147,-1.9306518292840442,0.0009995002498750624,
all,3,4,joint_w0,analytic_ei,False,4625,2011,0.8421801801801801,0.7631891891891892,0.078990990990991,0.05183430555224055,0.10890940345635229,-10.350119224685406,-13.972044503709617,-6.6417890669278,0.0009995002498750624,
microsomal_clearance,3,1,joint_w0.1,joint_w0,True,1827,897,2.6376117496807154,2.624475460682357,0.013136288998357967,-0.040271755755690225,0.07025370391103149,-0.5005300752533228,-2.69102695123838,1.533736977569939,0.6506746626686657,
microsomal_clearance,3,1,joint_w0.3,joint_w0,True,1827,897,2.609879584017515,2.624475460682357,-0.014595876664842192,-0.060169852213625225,0.039357146358595545,0.5561445280592212,-1.5167902074446746,2.2714045552872903,0.5657171414292853,
microsomal_clearance,3,1,joint_w1,joint_w0,True,1827,897,2.555145046524357,2.624475460682357,-0.06933041415800037,-0.12007401476000236,-0.021775942639051915,2.6416865082813348,0.8376893997783816,4.5144499234824265,0.001999000499750125,
microsomal_clearance,3,1,joint_w3,joint_w0,True,1827,897,2.512634555738004,2.624475460682357,-0.11184090494435323,-0.16525692425884841,-0.06378923080361133,4.261457446253844,2.458989930875312,6.190331608871461,0.0009995002498750624,
microsomal_clearance,3,1,joint_tuned,joint_w0,True,1827,897,2.564176245210728,2.624475460682357,-0.06029921547162926,-0.10227519962336305,-0.01330109280693236,2.297572081544685,0.5066370466199495,3.873982610947355,0.01199400299850075,
microsomal_clearance,3,1,joint_tuned,analytic_ei,True,1827,897,2.564176245210728,2.4625068418171865,0.10166940339354133,0.026233489988174267,0.18293407114267657,-4.128695265614587,-7.432759966789118,-1.0651297665263506,0.008995502248875561,
microsomal_clearance,3,1,joint_tuned,ppo_phi_ei,True,1827,897,2.564176245210728,2.4693942711184094,0.09478197409231894,0.02195619235836627,0.17502056886647052,-3.8382681615840566,-7.1512795506655245,-0.8696413207787435,0.01199400299850075,
microsomal_clearance,3,1,joint_tuned,joint_tuned_ei,True,1827,897,2.564176245210728,2.5245849297573435,0.03959131545338442,0.003787217967552667,0.0760629659377698,-1.568230681674467,-3.07311026811905,-0.14895238779155404,0.03298350824587706,
microsomal_clearance,3,1,joint_w0,joint_w0_ei,False,1827,897,2.624475460682357,2.582603539500091,0.04187192118226601,-0.0004150913364828344,0.08063895645676333,-1.6213065823634343,-3.167676855757518,0.015540582128203976,0.054972513743128434,
microsomal_clearance,3,1,joint_w0.1,joint_w0.1_ei,False,1827,897,2.6376117496807154,2.5937328954570336,0.04387885422368181,0.009436558118984499,0.07801950292572607,-1.6917260177613669,-3.0294102124317397,-0.35729678088051864,0.014992503748125937,
microsomal_clearance,3,1,joint_w0.3,joint_w0.3_ei,False,1827,897,2.609879584017515,2.5543696405765375,0.055509943440977934,0.016044829878575338,0.09643677447506413,-2.173136673690212,-3.8350362647344753,-0.6310518237429529,0.004997501249375313,
microsomal_clearance,3,1,joint_w1,joint_w1_ei,False,1827,897,2.555145046524357,2.5238095238095237,0.03133552271483305,-0.0068846702352356485,0.06738070423697558,-1.2415961830405562,-2.6845534732523713,0.27147643072954497,0.11494252873563218,
microsomal_clearance,3,1,joint_w3,joint_w3_ei,False,1827,897,2.512634555738004,2.4550264550264553,0.05760810071154899,0.020262826633407695,0.09176793365182927,-2.3465368608798864,-3.8170668197842117,-0.8221759943415428,0.004997501249375313,
microsomal_clearance,3,1,joint_w0,analytic_ei,False,1827,897,2.624475460682357,2.4625068418171865,0.16196861886517055,0.07543591325194275,0.2433292150127811,-6.577387567607616,-10.024293251955031,-3.07351819530384,0.0009995002498750624,
microsomal_clearance,3,2,joint_w0.1,joint_w0,True,1827,897,1.8748859697135558,1.8723773034117863,0.0025086663017697547,-0.03243757433432849,0.04191554298246318,-0.1339829476248339,-2.2294878312851956,1.7197572087412858,0.9075462268865567,
microsomal_clearance,3,2,joint_w0.3,joint_w0,True,1827,897,1.8586936690384965,1.8723773034117863,-0.013683634373289542,-0.05247643296068357,0.030555373535307843,0.7308160779537278,-1.629599112465984,2.7966327161289657,0.5017491254372813,
microsomal_clearance,3,2,joint_w1,joint_w0,True,1827,897,1.8098887064404308,1.8723773034117863,-0.06248859697135559,-0.1021572764553697,-0.026302783871074417,3.3373934226552966,1.4129747045545078,5.393627951457621,0.0009995002498750624,
microsomal_clearance,3,2,joint_w3,joint_w0,True,1827,897,1.7837529647874477,1.8723773034117863,-0.08862433862433863,-0.12953743402736975,-0.04682857789855072,4.733252131546893,2.5433128073871982,6.790437932223738,0.0009995002498750624,
microsomal_clearance,3,2,joint_tuned,joint_w0,True,1827,897,1.8165024630541873,1.8723773034117863,-0.05587484035759898,-0.08707390820870284,-0.020889142790842086,2.9841656516443393,1.120979381368141,4.66781448460715,0.001999000499750125,
microsomal_clearance,3,2,joint_tuned,analytic_ei,True,1827,897,1.8165024630541873,1.7530103995621238,0.06349206349206349,0.000454609572285342,0.1251645338636002,-3.6218874404808363,-7.301521097755455,-0.024845570311689685,0.050974512743628186,
microsomal_clearance,3,2,joint_tuned,ppo_phi_ei,True,1827,897,1.8165024630541873,1.7590768108009485,0.05742565225323847,0.0009532345742717674,0.11759574159644828,-3.2645335269408493,-6.754162231468971,-0.05273934642380547,0.047976011994003,
microsomal_clearance,3,2,joint_tuned,joint_tuned_ei,True,1827,897,1.8165024630541873,1.7748129903302317,0.04168947272395549,0.006516588520016721,0.07314950471597682,-2.34895016833287,-4.111883453799424,-0.3581736466929444,0.01199400299850075,
microsomal_clearance,3,2,joint_w0,joint_w0_ei,False,1827,897,1.8723773034117863,1.8287265097609926,0.043650793650793655,0.00993654990633756,0.0749093560241595,-2.3869503404584376,-4.091772535762491,-0.5413060352901021,0.013993003498250875,
microsomal_clearance,3,2,joint_w0.1,joint_w0.1_ei,False,1827,897,1.8748859697135558,1.8396278051450465,0.03525816456850941,0.0021884137426900715,0.0617430846619343,-1.9165922840424412,-3.4115092831698957,-0.11462445754365846,0.04097951024487756,
microsomal_clearance,3,2,joint_w0.3,joint_w0.3_ei,False,1827,897,1.8586936690384965,1.800401386608283,0.05829228243021346,0.024628883883005718,0.09006480052317724,-3.2377381434941217,-5.014048141707036,-1.3899774637116322,0.0009995002498750624,
microsomal_clearance,3,2,joint_w1,joint_w1_ei,False,1827,897,1.8098887064404308,1.7687465790914068,0.041142127349023914,0.004450837323941385,0.07602293649302246,-2.32606116870391,-4.282759223821692,-0.25266932264984127,0.03298350824587706,
microsomal_clearance,3,2,joint_w3,joint_w3_ei,False,1827,897,1.7837529647874477,1.7277869002006934,0.055966064586754245,0.02877967090808543,0.0812465132180733,-3.2391763463569228,-4.686882946142138,-1.6613729690318313,0.0009995002498750624,
microsomal_clearance,3,2,joint_w0,analytic_ei,False,1827,897,1.8723773034117863,1.7530103995621238,0.11936690384966246,0.05446551006699053,0.18337245306810634,-6.809252465329277,-10.656187943021797,-3.0513045912691625,0.0009995002498750624,
microsomal_clearance,3,3,joint_w0.1,joint_w0,True,1827,897,1.2131454114212734,1.1932129173508483,0.019932494070425105,-0.012417606975129091,0.057967000005466056,-1.6704892966360834,-4.777810274492148,1.0147714184109489,0.2478760619690155,
microsomal_clearance,3,3,joint_w0.3,joint_w0,True,1827,897,1.1828133552271483,1.1932129173508483,-0.010399562123700067,-0.045700817810086336,0.02813085010221838,0.871559633027525,-2.3226100485128773,3.7169119209653125,0.5757121439280359,
microsomal_clearance,3,3,joint_w1,joint_w0,True,1827,897,1.1666666666666667,1.1932129173508483,-0.026546250684181726,-0.05971542381588295,0.004577318678885254,2.2247706422018245,-0.38140445583223337,4.952174359064944,0.09295352323838081,
microsomal_clearance,3,3,joint_w3,joint_w0,True,1827,897,1.1247491333698232,1.1932129173508483,-0.06846378398102537,-0.10472797695438907,-0.030306610226517764,5.737767584097842,2.6455711155259243,8.546868029224093,0.0009995002498750624,
microsomal_clearance,3,3,joint_tuned,joint_w0,True,1827,897,1.1577723043240284,1.1932129173508483,-0.035440613026819924,-0.06370036728211237,-0.004987411480018525,2.9701834862385295,0.3998104333532408,5.276313924989905,0.01999000499750125,
microsomal_clearance,3,3,joint_tuned,analytic_ei,True,1827,897,1.1577723043240284,1.09168035030104,0.06609195402298851,0.018147366207208953,0.11010284489257467,-6.054148909501128,-10.200000916644736,-1.6311782530189805,0.00399800099950025,
microsomal_clearance,3,3,joint_tuned,ppo_phi_ei,True,1827,897,1.1577723043240284,1.1105637657361795,0.04720853858784893,0.004839208161334704,0.09526152601062621,-4.250862493839327,-8.676162622289375,-0.419838599320786,0.028985507246376812,
microsomal_clearance,3,3,joint_tuned,joint_tuned_ei,True,1827,897,1.1577723043240284,1.1254333150884877,0.03233898923554097,0.008355422573960734,0.054076599815489255,-2.8734700494447445,-4.777694501282887,-0.7207939622828815,0.009995002498750625,
microsomal_clearance,3,3,joint_w0,joint_w0_ei,False,1827,897,1.1932129173508483,1.1566776135741652,0.0365353037766831,0.009643576483396846,0.06127488829650086,-3.158641902283217,-5.343392467351603,-0.8495696536925647,0.0069965017491254375,
microsomal_clearance,3,3,joint_w0.1,joint_w0.1_ei,False,1827,897,1.2131454114212734,1.177157453019522,0.035987958401751514,0.015963485747968513,0.056460834809345085,-3.05719156850589,-4.839471752923131,-1.3436418675249706,0.001999000499750125,
microsomal_clearance,3,3,joint_w0.3,joint_w0.3_ei,False,1827,897,1.1828133552271483,1.1346013501185914,0.04821200510855683,0.025310304330065363,0.07046232276443656,-4.249246231155779,-6.188867451686344,-2.246380869979873,0.0009995002498750624,
microsomal_clearance,3,3,joint_w1,joint_w1_ei,False,1827,897,1.1666666666666667,1.1258894362342637,0.04077723043240285,0.012177361886783701,0.06709926313522081,-3.621779290228502,-5.960200433572446,-1.0832257855904315,0.001999000499750125,
microsomal_clearance,3,3,joint_w3,joint_w3_ei,False,1827,897,1.1247491333698232,1.0883962780514504,0.03635285531837256,0.018440442794958455,0.0533886630532972,-3.3400385550247416,-4.8878986192403495,-1.6991664313308077,0.0009995002498750624,
microsomal_clearance,3,3,joint_w0,analytic_ei,False,1827,897,1.1932129173508483,1.09168035030104,0.10153256704980843,0.048806980097252074,0.1502671340802082,-9.300576585610427,-13.929585837759182,-4.413046558011674,0.0009995002498750624,
microsomal_clearance,3,4,joint_w0.1,joint_w0,True,1827,897,0.9137018792191207,0.9033479292099981,0.010353950009122426,-0.01926988290754257,0.04020257364879854,-1.1461752082807621,-4.500151473643517,2.1621186167016777,0.4917541229385307,
microsomal_clearance,3,4,joint_w0.3,joint_w0,True,1827,897,0.881180441525269,0.9033479292099981,-0.022167487684729065,-0.04991214426941602,0.007685318317093461,2.4539257763191147,-0.9053316082474008,5.3623999745390165,0.14792603698150925,
microsomal_clearance,3,4,joint_w1,joint_w0,True,1827,897,0.8638934501003467,0.9033479292099981,-0.03945447910965153,-0.06796283859247111,-0.012292486425315892,4.36758394344861,1.4018259168439384,7.2566004408977856,0.0029985007496251873,
microsomal_clearance,3,4,joint_w3,joint_w0,True,1827,897,0.8389892355409597,0.9033479292099981,-0.0643586936690385,-0.09549419485696642,-0.03189963236617181,7.124463519313289,3.6770912494708137,10.235868323236744,0.0009995002498750624,
microsomal_clearance,3,4,joint_tuned,joint_w0,True,1827,897,0.8691388432767743,0.9033479292099981,-0.034209085933223866,-0.05802063467720082,-0.006370037868845455,3.7869224943196103,0.681498963446754,6.416135188129482,0.014992503748125937,
microsomal_clearance,3,4,joint_tuned,analytic_ei,True,1827,897,0.8691388432767743,0.8342911877394636,0.0348476555373107,-0.006038052218134056,0.07789224300163392,-4.17691760975342,-9.562184742306846,0.665599238272554,0.09995002498750624,
microsomal_clearance,3,4,joint_tuned,ppo_phi_ei,True,1827,897,0.8691388432767743,0.8461047254150703,0.023034117861704066,-0.013393504273975558,0.06868159694817154,-2.7223719676549725,-8.17344878771745,1.5644607839678122,0.2478760619690155,
microsomal_clearance,3,4,joint_tuned,joint_tuned_ei,True,1827,897,0.8691388432767743,0.8492975734355044,0.01984126984126984,0.002046837375301,0.03711950970513645,-2.336197636949522,-4.388671189510481,-0.2481539782315279,0.025987006496751622,
microsomal_clearance,3,4,joint_w0,joint_w0_ei,False,1827,897,0.9033479292099981,0.8726965882138296,0.030651340996168588,0.012644585448544157,0.049556897901171154,-3.5122563110855505,-5.563926726593091,-1.4160313794339066,0.001999000499750125,
microsomal_clearance,3,4,joint_w0.1,joint_w0.1_ei,False,1827,897,0.9137018792191207,0.8892537858055098,0.024448093413610657,0.007443093558662295,0.041442074458662076,-2.7492819039803282,-4.653109386941576,-0.846930236103238,0.004997501249375313,
microsomal_clearance,3,4,joint_w0.3,joint_w0.3_ei,False,1827,897,0.881180441525269,0.8499361430395912,0.031244298485677793,0.014570454918286187,0.04857112716663229,-3.6760759901255753,-5.7218617943836545,-1.7345374871458255,0.0009995002498750624,
microsomal_clearance,3,4,joint_w1,joint_w1_ei,False,1827,897,0.8638934501003467,0.8414522897281518,0.022441160372194856,0.003843402385289982,0.039869793571527895,-2.666955767562885,-4.65503795324261,-0.48369618660614977,0.010994502748625687,
microsomal_clearance,3,4,joint_w3,joint_w3_ei,False,1827,897,0.8389892355409597,0.8161375661375663,0.022851669403393542,0.0087277817881976,0.03620991324721378,-2.7999776448890508,-4.400092565145056,-1.0381855711582888,0.004997501249375313,
microsomal_clearance,3,4,joint_w0,analytic_ei,False,1827,897,0.9033479292099981,0.8342911877394636,0.06905674147053457,0.02293603972477226,0.1136861818194665,-8.277294844459005,-13.66746996554661,-2.660829047367218,0.004997501249375313,
in_vivo_clearance,3,1,joint_w0.1,joint_w0,True,537,399,2.609559279950341,2.614525139664804,-0.0049658597144630594,-0.08166773106999617,0.07182079844497603,0.18993352326685642,-2.7390968424068274,3.094598754572375,0.8935532233883059,
in_vivo_clearance,3,1,joint_w0.3,joint_w0,True,537,399,2.545313469894476,2.614525139664804,-0.069211669770329,-0.13333487369069624,0.004041569895172903,2.647198480531785,-0.1522476237205384,5.041096189895963,0.06596701649175413,
in_vivo_clearance,3,1,joint_w1,joint_w0,True,537,399,2.5235878336436994,2.614525139664804,-0.09093730602110489,-0.17069352933185192,0.010292767988252504,3.478157644824305,-0.4018167088977468,6.512872916997319,0.07796101949025487,
in_vivo_clearance,3,1,joint_w3,joint_w0,True,537,399,2.50512104283054,2.614525139664804,-0.10940409683426443,-0.20518793613209554,-0.011165865493924926,4.184472934472927,0.42672470465244494,7.728823554935055,0.02798600699650175,
in_vivo_clearance,3,1,joint_tuned,joint_w0,True,537,399,2.560366232153942,2.614525139664804,-0.05415890751086281,-0.12969590105481332,0.016733446698164418,2.07146248812913,-0.6182471536415934,4.870028850387576,0.15692153923038482,
in_vivo_clearance,3,1,joint_tuned,analytic_ei,True,537,399,2.560366232153942,2.405027932960894,0.15533829919304779,0.011008380641702743,0.2989879981969416,-6.458897922312569,-12.621655540843362,-0.4531422619617689,0.04097951024487756,
in_vivo_clearance,3,1,joint_tuned,ppo_phi_ei,True,537,399,2.560366232153942,2.421011793916822,0.1393544382371198,-0.00940851751245012,0.27278423439173705,-5.75604127940517,-11.480652370169919,0.38156452249995376,0.07296351824087956,
in_vivo_clearance,3,1,joint_tuned,joint_tuned_ei,True,537,399,2.560366232153942,2.5131905648665427,0.04717566728739914,-0.003141432484652825,0.10611423574659291,-1.877122568694048,-4.1729321050764465,0.12700214527296227,0.07496251874062969,
in_vivo_clearance,3,1,joint_w0,joint_w0_ei,False,537,399,2.614525139664804,2.5647113594040967,0.04981378026070763,0.005145842171684703,0.10517142951698573,-1.9422762751860534,-4.116237876319972,-0.19937138965516205,0.031984007996002,
in_vivo_clearance,3,1,joint_w0.1,joint_w0.1_ei,False,537,399,2.609559279950341,2.56300434512725,0.04655493482309125,-0.002065033783783763,0.10422161172161168,-1.816420440784681,-4.089597945319316,0.0796166922996687,0.06196901549225387,
in_vivo_clearance,3,1,joint_w0.3,joint_w0.3_ei,False,537,399,2.545313469894476,2.4802917442582246,0.06502172563625076,0.0147025702172761,0.13381837935181853,-2.621535381342698,-5.342658462984146,-0.5931802785672409,0.0079960019990005,
in_vivo_clearance,3,1,joint_w1,joint_w1_ei,False,537,399,2.5235878336436994,2.4563935443823715,0.06719428926132837,0.01499442463628419,0.12876440174377862,-2.735485501295075,-5.239453698488691,-0.6139405111699222,0.01699150424787606,
in_vivo_clearance,3,1,joint_w3,joint_w3_ei,False,537,399,2.50512104283054,2.410148975791434,0.09497206703910614,0.03906717620275747,0.16237447651237724,-3.9405060846049818,-6.598647946670212,-1.6311513346274351,0.0009995002498750624,
in_vivo_clearance,3,1,joint_w0,analytic_ei,False,537,399,2.614525139664804,2.405027932960894,0.2094972067039106,0.06493002584630901,0.3582220327744624,-8.710801393728207,-15.54136698991164,-2.5620986298066653,0.009995002498750625,
in_vivo_clearance,3,2,joint_w0.1,joint_w0,True,537,399,1.7920546244568591,1.80431409062694,-0.012259466170080703,-0.07523005793226381,0.04124554142270657,0.6794529973337966,-2.344384182822378,3.9232935356170446,0.6796601699150425,
in_vivo_clearance,3,2,joint_w0.3,joint_w0,True,537,399,1.7790192427063933,1.80431409062694,-0.025294847920546246,-0.0741982322351579,0.027418887065460574,1.4019093489292356,-1.5399182203535622,3.982967643872415,0.3308345827086457,
in_vivo_clearance,3,2,joint_w1,joint_w0,True,537,399,1.7409993792675358,1.80431409062694,-0.06331471135940409,-0.13511795257150788,0.0071048646771057905,3.5090737077492067,-0.39843868848190367,7.215908904238567,0.07396301849075462,
in_vivo_clearance,3,2,joint_w3,joint_w0,True,537,399,1.7402234636871508,1.80431409062694,-0.06409062693978895,-0.14920295375094483,0.00575326002087356,3.552077062010849,-0.32303941737362013,7.9772348044757395,0.08295852073963018,
in_vivo_clearance,3,2,joint_tuned,joint_w0,True,537,399,1.7909683426443204,1.80431409062694,-0.013345747982619489,-0.06801366812139656,0.03392452572375608,0.7396576933000811,-1.9127966913735734,3.594239746399531,0.6306846576711644,
in_vivo_clearance,3,2,joint_tuned,analytic_ei,True,537,399,1.7909683426443204,1.6424581005586592,0.14851024208566108,0.03749320422649949,0.2683854856512139,-9.041950113378693,-16.787484106809714,-2.1906135623006753,0.0069965017491254375,
in_vivo_clearance,3,2,joint_tuned,ppo_phi_ei,True,537,399,1.7909683426443204,1.653320918684047,0.1376474239602731,0.03416711854922176,0.2550787170677293,-8.325511544959658,-15.990624227815879,-1.9633564664015206,0.005997001499250375,
in_vivo_clearance,3,2,joint_tuned,joint_tuned_ei,True,537,399,1.7909683426443204,1.771104903786468,0.01986343885785227,-0.017041103974076394,0.05917135109985659,-1.1215280820117524,-3.3156475661362594,0.9553266108565532,0.25087456271864067,
in_vivo_clearance,3,2,joint_w0,joint_w0_ei,False,537,399,1.80431409062694,1.7765363128491618,0.02777777777777778,-0.005246189723215105,0.06855092455894292,-1.5635918937805926,-3.792239281856411,0.3122474762307968,0.09995002498750624,
in_vivo_clearance,3,2,joint_w0.1,joint_w0.1_ei,False,537,399,1.7920546244568591,1.777777777777778,0.014276846679081308,-0.0259195528992962,0.05731343797328924,-0.8030726256983199,-3.2425064598070747,1.385497450391167,0.4407796101949025,
in_vivo_clearance,3,2,joint_w0.3,joint_w0.3_ei,False,537,399,1.7790192427063933,1.7583798882681565,0.020639354438237115,-0.014081096196868013,0.06682549422293457,-1.1737710705145015,-3.6969553850602392,0.8142158735832983,0.29685157421289354,
in_vivo_clearance,3,2,joint_w1,joint_w1_ei,False,537,399,1.7409993792675358,1.7054624456859095,0.03553693358162632,0.0024910686215667763,0.07676356758967168,-2.083712465878066,-4.4429308982500615,-0.15078642485378324,0.04097951024487756,
in_vivo_clearance,3,2,joint_w3,joint_w3_ei,False,537,399,1.7402234636871508,1.7172563625077593,0.022967101179391686,-0.014724964812054974,0.06720177996725595,-1.3374299656605708,-3.906516948355506,0.8275286891861777,0.22688655672163918,
in_vivo_clearance,3,2,joint_w0,analytic_ei,False,537,399,1.80431409062694,1.6424581005586592,0.16185599006828055,0.056160621602186926,0.29513487392533605,-9.854497354497367,-18.692810699341788,-3.2723107466983836,0.0029985007496251873,
in_vivo_clearance,3,3,joint_w0.1,joint_w0,True,537,399,0.9882060831781504,0.9795158286778398,0.008690254500310354,-0.031910220062946505,0.05345033775822794,-0.8871989860583234,-5.419655868051916,3.118004198228079,0.6976511744127936,
in_vivo_clearance,3,3,joint_w0.3,joint_w0,True,537,399,0.978584729981378,0.9795158286778398,-0.0009310986964618332,-0.03774744890424715,0.043047784882393234,0.09505703422052939,-4.424901625470539,3.7188101100611655,0.9315342328835582,
in_vivo_clearance,3,3,joint_w1,joint_w0,True,537,399,0.9579453755431411,0.9795158286778398,-0.021570453134698936,-0.07282309223098697,0.03015021021046836,2.202154626108978,-3.07459853757913,7.198971330803165,0.4177911044477761,
in_vivo_clearance,3,3,joint_w3,joint_w0,True,537,399,0.9439788950962135,0.9795158286778398,-0.035536933581626316,-0.09180577228341102,0.013705155498236258,3.628010139416987,-1.3892133956386294,8.742449607897768,0.1539230384807596,
in_vivo_clearance,3,3,joint_tuned,joint_w0,True,537,399,0.9776536312849162,0.9795158286778398,-0.0018621973929236566,-0.04176345770797122,0.039994394618834035,0.19011406844105877,-4.184999721460691,4.182743221103963,0.9245377311344328,
in_vivo_clearance,3,3,joint_tuned,analytic_ei,True,537,399,0.9776536312849162,0.8808193668528864,0.09683426443202979,0.0038198881789137384,0.19382062620036622,-10.993657505285414,-22.41173078426773,-0.36243219451846964,0.044977511244377814,
in_vivo_clearance,3,3,joint_tuned,ppo_phi_ei,True,537,399,0.9776536312849162,0.9163563004345128,0.061297330850403474,-0.034930670550200084,0.15337690391405823,-6.689246401354781,-17.435975343017823,3.5271275762937324,0.2028985507246377,
in_vivo_clearance,3,3,joint_tuned,joint_tuned_ei,True,537,399,0.9776536312849162,0.9689633767846056,0.008690254500310374,-0.02067934735882797,0.039706137197426376,-0.8968609865471073,-4.134956429087964,2.0894819166916077,0.5747126436781609,
in_vivo_clearance,3,3,joint_w0,joint_w0_ei,False,537,399,0.9795158286778398,0.9664804469273743,0.013035381750465553,-0.018074124580408905,0.04097457489615779,-1.3487475915221507,-4.270115405397887,1.7257871675973597,0.4007996001999001,
in_vivo_clearance,3,3,joint_w0.1,joint_w0.1_ei,False,537,399,0.9882060831781504,0.9711359404096834,0.017070142768466794,-0.019230769230769235,0.051920504731593875,-1.757750079897749,-5.3271429304548565,1.8990282778579397,0.33383308345827084,
in_vivo_clearance,3,3,joint_w0.3,joint_w0.3_ei,False,537,399,0.978584729981378,0.9697392923649907,0.008845437616387336,-0.020875427670068277,0.04213445059117036,-0.9121459433509367,-4.23859685492682,2.1776591958805533,0.5737131434282858,
in_vivo_clearance,3,3,joint_w1,joint_w1_ei,False,537,399,0.9579453755431411,0.9338919925512106,0.024053382991930487,-0.0004716848892626787,0.05607154942200758,-2.575606513791959,-5.702883408214198,0.04956053085001387,0.05697151424287856,
in_vivo_clearance,3,3,joint_w3,joint_w3_ei,False,537,399,0.9439788950962135,0.930788330229671,0.013190564866542525,-0.014846593541128977,0.04465687965424182,-1.417139046348777,-4.695006329517893,1.5772883766078152,0.34782608695652173,
in_vivo_clearance,3,3,joint_w0,analytic_ei,False,537,399,0.9795158286778398,0.8808193668528864,0.09869646182495345,0.015148823502418597,0.1856877043538117,-11.205073995771665,-22.04157198488656,-1.5913732302474006,0.021989005497251374,
in_vivo_clearance,3,4,joint_w0.1,joint_w0,True,537,399,0.6283364369956549,0.6083178150217257,0.020018621973929233,-0.011798202215425744,0.05744947249881451,-3.290816326530611,-9.191287632641592,1.9672702164099733,0.22088955522238882,
in_vivo_clearance,3,4,joint_w0.3,joint_w0,True,537,399,0.601024208566108,0.6083178150217257,-0.007293606455617626,-0.03824771489071911,0.03401339857478688,1.1989795918367312,-5.3540028428093525,6.092758598747898,0.672663668165917,
in_vivo_clearance,3,4,joint_w1,joint_w0,True,537,399,0.5996275605214153,0.6083178150217257,-0.008690254500310364,-0.045076731119299045,0.037331289017849295,1.428571428571427,-5.698773615248005,7.32105635715852,0.671664167916042,
in_vivo_clearance,3,4,joint_w3,joint_w0,True,537,399,0.5890751086281814,0.6083178150217257,-0.019242706393544383,-0.06305360866925372,0.01926188568376068,3.1632653061224363,-3.25740099859271,9.639759394682427,0.3168415792103948,
in_vivo_clearance,3,4,joint_tuned,joint_w0,True,537,399,0.6092489137181875,0.6083178150217257,0.0009310986964618266,-0.02937669839823113,0.038667125382263,-0.15306122448979118,-6.285856196783349,4.642844765208331,0.9265367316341829,
in_vivo_clearance,3,4,joint_tuned,analytic_ei,True,537,399,0.6092489137181875,0.5465549348230913,0.06269397889509622,-0.013276881509441141,0.13989924769157192,-11.470755252697328,-26.5848588863463,2.0736283313280635,0.10094952523738131,
in_vivo_clearance,3,4,joint_tuned,ppo_phi_ei,True,537,399,0.6092489137181875,0.5631595282433272,0.046089385474860335,-0.02729207702210256,0.12043408761110101,-8.184072747313303,-22.357267134924022,4.3189013798198665,0.20389805097451275,
in_vivo_clearance,3,4,joint_tuned,joint_tuned_ei,True,537,399,0.6092489137181875,0.5996275605214153,0.009621353196772193,-0.017729871553884707,0.037838904616724726,-1.6045548654244242,-6.362781931973054,2.6821175673189797,0.4877561219390305,
in_vivo_clearance,3,4,joint_w0,joint_w0_ei,False,537,399,0.6083178150217257,0.5864369956548727,0.021880819366852884,-0.002013148990515731,0.046215897508539855,-3.73114580576873,-7.753691100479853,0.37730487382462635,0.06696651674162919,
in_vivo_clearance,3,4,joint_w0.1,joint_w0.1_ei,False,537,399,0.6283364369956549,0.6157666045934203,0.012569832402234634,-0.024049838429033063,0.04557514793152391,-2.0413306451612905,-7.352317327374133,3.5318476392988125,0.46976511744127936,
in_vivo_clearance,3,4,joint_w0.3,joint_w0.3_ei,False,537,399,0.601024208566108,0.5862818125387957,0.014742396027312228,-0.011088954696746473,0.046287923500929494,-2.5145579671784155,-7.682123090888735,1.842639254500904,0.28085957021489255,
in_vivo_clearance,3,4,joint_w1,joint_w1_ei,False,537,399,0.5996275605214153,0.5732464307883303,0.02638112973308504,0.0067114093959731586,0.0550858807798196,-4.60205739036275,-9.010907482451582,-1.1890369242481924,0.005997001499250375,
in_vivo_clearance,3,4,joint_w3,joint_w3_ei,False,537,399,0.5890751086281814,0.5679702048417132,0.02110490378646803,-0.004458725150540298,0.047999214192885414,-3.715846994535535,-8.408074304565178,0.7609520997236922,0.10794602698650675,
in_vivo_clearance,3,4,joint_w0,analytic_ei,False,537,399,0.6083178150217257,0.5465549348230913,0.061762880198634386,-0.004298186454632258,0.13226495169585764,-11.300397501419651,-25.732807294901463,0.6484468594030995,0.06696651674162919,
protein_binding,3,1,joint_w0.1,joint_w0,True,880,355,2.113068181818182,2.1713068181818183,-0.05823863636363635,-0.11432098205862926,-0.015203830384598235,2.6821928562082893,0.7134423086625884,5.155123889698766,0.015992003998001,
protein_binding,3,1,joint_w0.3,joint_w0,True,880,355,2.100568181818182,2.1713068181818183,-0.07073863636363635,-0.12053386877694443,0.0004808463417815471,3.2578830302237365,-0.0226483551417309,5.524756469666954,0.053973013493253376,
protein_binding,3,1,joint_w1,joint_w0,True,880,355,2.067613636363636,2.1713068181818183,-0.10369318181818178,-0.15945296409834703,-0.0519162948775725,4.775611670809904,2.44307658884367,7.240233744972613,0.0009995002498750624,
protein_binding,3,1,joint_w3,joint_w0,True,880,355,2.040909090909091,2.1713068181818183,-0.13039772727272728,-0.18190441418463055,-0.06718607939564539,6.005495224388328,3.139899326651401,8.142061149301908,0.0009995002498750624,
protein_binding,3,1,joint_tuned,joint_w0,True,880,355,2.077935606060606,2.1713068181818183,-0.0933712121212121,-0.1404278498058739,-0.012687832952815876,4.300231148327462,0.5917624954598899,6.3844889578750905,0.020989505247376312,
protein_binding,3,1,joint_tuned,analytic_ei,True,880,355,2.077935606060606,2.099715909090909,-0.021780303030303042,-0.11029239432091244,0.09555679012171543,1.0372976142154957,-4.660366164519418,5.066451384590633,0.6536731634182908,
protein_binding,3,1,joint_tuned,ppo_phi_ei,True,880,355,2.077935606060606,2.094128787878788,-0.016193181818181822,-0.10798484450598421,0.08748256741947776,0.7732658044677757,-4.18689645466885,5.016820463215113,0.6946526736631684,
protein_binding,3,1,joint_tuned,joint_tuned_ei,True,880,355,2.077935606060606,2.041287878787879,0.03664772727272726,0.005267322306592479,0.06815379723178364,-1.795323807756518,-3.288296779412994,-0.2558247875903581,0.028985507246376812,
protein_binding,3,1,joint_w0,joint_w0_ei,False,880,355,2.1713068181818183,2.112973484848485,0.05833333333333332,0.01615362912805892,0.09465679195907108,-2.7607224487966553,-4.54236732484496,-0.7903177601339488,0.01199400299850075,
protein_binding,3,1,joint_w0.1,joint_w0.1_ei,False,880,355,2.113068181818182,2.066193181818182,0.046875,0.010574103544208194,0.08454063917233556,-2.26866492506531,-4.1145328367208345,-0.509428761196057,0.013993003498250875,
protein_binding,3,1,joint_w0.3,joint_w0.3_ei,False,880,355,2.100568181818182,2.0646780303030305,0.03589015151515152,-0.00041208695965697936,0.06674775933475699,-1.738292895473089,-3.2342391562456947,0.020285535099263275,0.054972513743128434,
protein_binding,3,1,joint_w1,joint_w1_ei,False,880,355,2.067613636363636,2.0267045454545456,0.04090909090909091,-0.012056418337346124,0.07243584708038751,-2.018502943650109,-3.5754116409006547,0.5837066971329431,0.12393803098450774,
protein_binding,3,1,joint_w3,joint_w3_ei,False,880,355,2.040909090909091,1.9972537878787882,0.04365530303030304,0.007369706284153009,0.08527817800436756,-2.1857664406618844,-4.201724505059553,-0.37737397740813566,0.022988505747126436,
protein_binding,3,1,joint_w0,analytic_ei,False,880,355,2.1713068181818183,2.099715909090909,0.07159090909090908,-0.026557069666332988,0.15373057153688333,-3.4095521580300447,-7.615368967738915,1.2396087005222365,0.13393303348325838,
protein_binding,3,2,joint_w0.1,joint_w0,True,880,355,1.450568181818182,1.4933712121212122,-0.0428030303030303,-0.07758893346231173,-0.013609207000883779,2.866201648700059,0.935083561002266,5.312201755059852,0.008995502248875561,
protein_binding,3,2,joint_w0.3,joint_w0,True,880,355,1.440056818181818,1.4933712121212122,-0.05331439393939394,-0.09544554673466213,-0.013065559187613974,3.570069752695,0.9226914861457398,6.39889159682444,0.014992503748125937,
protein_binding,3,2,joint_w1,joint_w0,True,880,355,1.4457386363636364,1.4933712121212122,-0.04763257575757576,-0.09783036403543205,-0.01689109818773998,3.1896005072923255,1.1575127173410387,6.736799976242525,0.001999000499750125,
protein_binding,3,2,joint_w3,joint_w0,True,880,355,1.4189393939393937,1.4933712121212122,-0.07443181818181818,-0.10865318096094191,-0.02868191485401024,4.984147114774905,1.9787150620263951,7.276121172752624,0.0009995002498750624,
protein_binding,3,2,joint_tuned,joint_w0,True,880,355,1.4253787878787878,1.4933712121212122,-0.06799242424242424,-0.10349968161618976,-0.01942238538692314,4.552948636651878,1.380633442956933,6.9038295134343555,0.0069965017491254375,
protein_binding,3,2,joint_tuned,analytic_ei,True,880,355,1.4253787878787878,1.3991477272727273,0.02623106060606061,-0.04061286232479306,0.09582615437329542,-1.8747884940778272,-6.996123808719038,2.863639867518712,0.3888055972013993,
protein_binding,3,2,joint_tuned,ppo_phi_ei,True,880,355,1.4253787878787878,1.403598484848485,0.02178030303030303,-0.049880697852393935,0.09711503937007873,-1.5517474025097633,-7.242239750854151,3.5210297824270906,0.49775112443778113,
protein_binding,3,2,joint_tuned,joint_tuned_ei,True,880,355,1.4253787878787878,1.3998106060606061,0.02556818181818182,0.001274614184516791,0.042692973760557265,-1.8265457989446507,-3.0534716304126652,-0.09391338035756427,0.041979010494752625,
protein_binding,3,2,joint_w0,joint_w0_ei,False,880,355,1.4933712121212122,1.4633522727272728,0.030018939393939386,0.004519805630909418,0.05572104171916505,-2.051381608749111,-3.891691415607323,-0.30214206357466517,0.021989005497251374,
protein_binding,3,2,joint_w0.1,joint_w0.1_ei,False,880,355,1.450568181818182,1.431723484848485,0.018844696969696977,-0.009328604840349801,0.04329786435179623,-1.31622461803029,-3.1573220424276665,0.6905555766755144,0.16991504247876063,
protein_binding,3,2,joint_w0.3,joint_w0.3_ei,False,880,355,1.440056818181818,1.4137310606060607,0.026325757575757582,0.00039314516129032476,0.04360981609487214,-1.8621474981579345,-3.0803855636589605,-0.029145077720211455,0.04997501249375312,
protein_binding,3,2,joint_w1,joint_w1_ei,False,880,355,1.4457386363636364,1.4099431818181818,0.03579545454545455,-0.005083356072373118,0.05917639155592354,-2.5387870239774393,-4.10553015043647,0.3647186712788886,0.1089455272363818,
protein_binding,3,2,joint_w3,joint_w3_ei,False,880,355,1.4189393939393937,1.3869318181818182,0.032007575757575756,0.0017870247390592625,0.05461367851285288,-2.307797350812491,-3.9946087879363557,-0.12538657890270063,0.038980509745127435,
protein_binding,3,2,joint_w0,analytic_ei,False,880,355,1.4933712121212122,1.3991477272727273,0.09422348484848485,0.023267079273719123,0.1555712821997851,-6.73434856175973,-11.583299202649123,-1.6563045162987429,0.010994502748625687,
protein_binding,3,3,joint_w0.1,joint_w0,True,880,355,0.7926136363636364,0.7955492424242423,-0.002935606060606065,-0.029589007109729327,0.016139027805841786,0.3690036900368858,-2.1239632664135617,3.752389510408191,0.7776111944027986,
protein_binding,3,3,joint_w0.3,joint_w0,True,880,355,0.7675189393939394,0.7955492424242423,-0.028030303030303037,-0.05841036414565826,-0.008974019973286125,3.5233900726103813,1.1883425921118673,7.34887580693226,0.00399800099950025,
protein_binding,3,3,joint_w1,joint_w0,True,880,355,0.7784090909090909,0.7955492424242423,-0.017140151515151514,-0.06283567229072602,0.007092990866707114,2.1545054160218826,-0.8943711601556343,7.977169367623281,0.22088955522238882,
protein_binding,3,3,joint_w3,joint_w0,True,880,355,0.7570075757575758,0.7955492424242423,-0.038541666666666675,-0.06115011612579249,-0.004707111675970982,4.844661349839281,0.63511611102925,7.4554490664021005,0.028985507246376812,
protein_binding,3,3,joint_tuned,joint_w0,True,880,355,0.7575757575757577,0.7955492424242423,-0.037973484848484854,-0.05848530801015216,-0.006123676180219,4.773241280799876,0.8253571759400945,7.2464984337337945,0.017991004497751123,
protein_binding,3,3,joint_tuned,analytic_ei,True,880,355,0.7575757575757577,0.7553977272727272,0.0021780303030303053,-0.04167183195592286,0.04587177328420267,-0.288328945718959,-6.48953473886784,5.237773729078914,0.894552723638181,
protein_binding,3,3,joint_tuned,ppo_phi_ei,True,880,355,0.7575757575757577,0.7536931818181818,0.003882575757575761,-0.037906227464117065,0.04985668276972624,-0.5151400929765222,-7.009452409712376,5.103822209528758,0.8065967016491754,
protein_binding,3,3,joint_tuned,joint_tuned_ei,True,880,355,0.7575757575757577,0.7484848484848485,0.009090909090909092,-0.001704042035921817,0.025236486445168863,-1.2145748987854328,-3.4440683878070453,0.2228857209935718,0.10194902548725637,
protein_binding,3,3,joint_w0,joint_w0_ei,False,880,355,0.7955492424242423,0.7880681818181818,0.007481060606060611,-0.004541500508249268,0.019165446183712322,-0.9492910358086817,-2.5510069215822635,0.5899533732721159,0.19290354822588707,
protein_binding,3,3,joint_w0.1,joint_w0.1_ei,False,880,355,0.7926136363636364,0.7798295454545454,0.01278409090909091,0.0006785796050205324,0.024543160011225605,-1.639344262295086,-3.2389940645758712,-0.08912670876109868,0.044977511244377814,
protein_binding,3,3,joint_w0.3,joint_w0.3_ei,False,880,355,0.7675189393939394,0.7513257575757577,0.016193181818181815,-0.0024724156548945756,0.02921228046610026,-2.1552810688177364,-3.8940149264676576,0.3264126344270063,0.08495752123938032,
protein_binding,3,3,joint_w1,joint_w1_ei,False,880,355,0.7784090909090909,0.7550189393939394,0.023390151515151513,-0.0051644121656464455,0.040061002071019106,-3.0979556001505135,-5.174236591826079,0.7130548481704547,0.15792103948025987,
protein_binding,3,3,joint_w3,joint_w3_ei,False,880,355,0.7570075757575758,0.7535984848484849,0.003409090909090908,-0.009426652430927942,0.015861382618112485,-0.45237496858507265,-2.147646119272459,1.2459812024880328,0.5337331334332833,
protein_binding,3,3,joint_w0,analytic_ei,False,880,355,0.7955492424242423,0.7553977272727272,0.04015151515151515,-0.011151356357704157,0.08134757880930484,-5.315281434123091,-11.43201923031858,1.454154207612092,0.10994502748625687,
protein_binding,3,4,joint_w0.1,joint_w0,True,880,355,0.5127840909090909,0.509375,0.0034090909090909102,-0.02589013288122094,0.018401094292855733,-0.6692693809258242,-3.7399733873403735,5.114353487859531,0.8435782108945528,
protein_binding,3,4,joint_w0.3,joint_w0,True,880,355,0.4918560606060606,0.509375,-0.017518939393939392,-0.04320347268673356,-0.0026835752321579336,3.439300985313266,0.5700661454193061,8.18007032730959,0.01899050474762619,
protein_binding,3,4,joint_w1,joint_w0,True,880,355,0.5036931818181818,0.509375,-0.005681818181818179,-0.04500765291965451,0.015499439200823062,1.1154489682097142,-3.065533875573247,8.485106457590447,0.6736631684157921,
protein_binding,3,4,joint_w3,joint_w0,True,880,355,0.490625,0.509375,-0.01875,-0.03810400961961348,0.00997831303063857,3.680981595092033,-2.121165158906995,7.352927827546209,0.1619190404797601,
protein_binding,3,4,joint_tuned,joint_w0,True,880,355,0.48418560606060607,0.509375,-0.025189393939393942,-0.04261541586682003,-0.002793036677758369,4.945157092396359,0.5814190913731503,8.085490626681034,0.02798600699650175,
protein_binding,3,4,joint_tuned,analytic_ei,True,880,355,0.48418560606060607,0.47698863636363636,0.007196969696969696,-0.02816225718417728,0.03298437658976248,-1.5088346237839994,-7.332932436831895,5.488211029102021,0.6096951524237881,
protein_binding,3,4,joint_tuned,ppo_phi_ei,True,880,355,0.48418560606060607,0.4744318181818182,0.009753787878787881,-0.02630867146493282,0.03554699720918657,-2.0558882235528966,-7.790153004062165,5.298729482477028,0.5147426286856571,
protein_binding,3,4,joint_tuned,joint_tuned_ei,True,880,355,0.48418560606060607,0.4734848484848485,0.010700757575757574,0.001470913244558592,0.022973354890672593,-2.2599999999999962,-4.900413709362882,-0.29976534800970844,0.025987006496751622,
protein_binding,3,4,joint_w0,joint_w0_ei,False,880,355,0.509375,0.5023674242424243,0.007007575757575756,-0.004183398975467859,0.01586335962696578,-1.3949104618284545,-3.1748519367626686,0.7983055352386168,0.20089955022488756,
protein_binding,3,4,joint_w0.1,joint_w0.1_ei,False,880,355,0.5127840909090909,0.49933712121212115,0.013446969696969695,0.002877961529439362,0.023730417895688694,-2.69296415702638,-4.879637396402229,-0.59159299908311,0.012993503248375811,
protein_binding,3,4,joint_w0.3,joint_w0.3_ei,False,880,355,0.4918560606060606,0.4776515151515152,0.014204545454545454,-0.00013441696963660234,0.023674557032115153,-2.973830293417902,-4.955870688822968,0.02797733167547937,0.051974012993503245,
protein_binding,3,4,joint_w1,joint_w1_ei,False,880,355,0.5036931818181818,0.4809659090909091,0.022727272727272728,0.0024427752032565794,0.0341361028768161,-4.725339633786175,-6.921415813431746,-0.543407485885631,0.026986506746626688,
protein_binding,3,4,joint_w3,joint_w3_ei,False,880,355,0.490625,0.4803030303030303,0.010321969696969696,0.0019166370317686104,0.019625619517916974,-2.149053627760251,-4.125781615287938,-0.4167007450769562,0.01899050474762619,
protein_binding,3,4,joint_w0,analytic_ei,False,880,355,0.509375,0.47698863636363636,0.03238636363636364,-0.013569397694818441,0.06068606204862549,-6.789755807027998,-13.21097390359245,2.7116552866491803,0.14292853573213393,
cellular_clearance,3,1,joint_w0.1,joint_w0,True,524,222,2.8360368956743005,2.8678435114503817,-0.031806615776081404,-0.13440372893652622,0.09322190834902691,1.1090778018077903,-2.9661584578112272,4.49438746788742,0.5487256371814093,
cellular_clearance,3,1,joint_w0.3,joint_w0,True,524,222,2.7872137404580153,2.8678435114503817,-0.08062977099236641,-0.21680018088732272,0.006675891847140007,2.8115122275827664,-0.24127023192456903,6.825638123081296,0.07096451774112944,
cellular_clearance,3,1,joint_w1,joint_w0,True,524,222,2.792461832061069,2.8678435114503817,-0.07538167938931298,-0.19102510357616131,5.439512619626504e-06,2.6285143902844776,-0.00018488389291476147,6.108860652077224,0.050974512743628186,
cellular_clearance,3,1,joint_w3,joint_w0,True,524,222,2.7361641221374047,2.8678435114503817,-0.1316793893129771,-0.27183237297145496,-0.030061296630565712,4.5915820994842775,1.0277329365345402,8.705713878343937,0.017991004497751123,
cellular_clearance,3,1,joint_tuned,joint_w0,True,524,222,2.7959605597964376,2.8678435114503817,-0.07188295165394401,-0.17762901331711908,0.026692708333333343,2.5065158320856233,-0.8858997664432632,5.8393105015900995,0.1199400299850075,
cellular_clearance,3,1,joint_tuned,analytic_ei,True,524,222,2.7959605597964376,2.6727099236641223,0.12325063613231554,-0.08421213698087024,0.2914557536914312,-4.611448292276561,-10.880384304871352,2.786145631935793,0.20789605197401298,
cellular_clearance,3,1,joint_tuned,ppo_phi_ei,True,524,222,2.7959605597964376,2.6725508905852418,0.12340966921119594,-0.06709391189411683,0.3029148634204817,-4.617673311514429,-11.115899561930492,2.2597813292046416,0.17491254372813594,
cellular_clearance,3,1,joint_tuned,joint_tuned_ei,True,524,222,2.7959605597964376,2.697996183206107,0.0979643765903308,0.02928898913909554,0.17244220749241526,-3.6310050103153495,-6.01250726535929,-1.0045289953130023,0.0069965017491254375,
cellular_clearance,3,1,joint_w0,joint_w0_ei,False,524,222,2.8678435114503817,2.8344465648854964,0.033396946564885496,-0.035682038502565884,0.09458186220144493,-1.1782528193906694,-3.2577209210328393,1.1376475674060147,0.2848575712143928,
cellular_clearance,3,1,joint_w0.1,joint_w0.1_ei,False,524,222,2.8360368956743005,2.7169211195928753,0.11911577608142494,0.042783683190851046,0.2314087235996327,-4.38421915242333,-7.914786512627342,-1.5289415293306248,0.0029985007496251873,
cellular_clearance,3,1,joint_w0.3,joint_w0.3_ei,False,524,222,2.7872137404580153,2.6995865139949107,0.08762722646310431,0.022227286939133097,0.15889990655900024,-3.2459499263623086,-5.66517729826539,-0.766427214051809,0.012993503248375811,
cellular_clearance,3,1,joint_w1,joint_w1_ei,False,524,222,2.792461832061069,2.6855916030534353,0.10687022900763359,0.05207995129870129,0.1824005692184193,-3.979392432048319,-6.269582232189169,-1.9044207048375625,0.0009995002498750624,
cellular_clearance,3,1,joint_w3,joint_w3_ei,False,524,222,2.7361641221374047,2.670006361323155,0.06615776081424934,-0.003682345384746792,0.13191408883948536,-2.477812853654197,-4.824504453460829,0.13373596126451212,0.06996501749125437,
cellular_clearance,3,1,joint_w0,analytic_ei,False,524,222,2.8678435114503817,2.6727099236641223,0.19513358778625955,-0.01744122611989463,0.3799146292470153,-7.300963941449478,-14.013719143781772,0.5754981163364903,0.07196401799100449,
cellular_clearance,3,2,joint_w0.1,joint_w0,True,524,222,2.036736641221374,2.0645674300254457,-0.027830788804071232,-0.10751600644737418,0.03653162090662086,1.3480203358496565,-1.7562859679863356,4.69706551610824,0.36281859070464767,
cellular_clearance,3,2,joint_w0.3,joint_w0,True,524,222,2.010814249363867,2.0645674300254457,-0.05375318066157761,-0.1570396505376344,0.008299981622281028,2.6036049915267734,-0.43937837388360246,6.777483479243535,0.10594702648675662,
cellular_clearance,3,2,joint_w1,joint_w0,True,524,222,2.006202290076336,2.0645674300254457,-0.05836513994910941,-0.15865243189877493,0.00789361557078083,2.8269912186104045,-0.37286272040602647,6.982819171510016,0.09295352323838081,
cellular_clearance,3,2,joint_w3,joint_w0,True,524,222,1.958333333333333,2.0645674300254457,-0.10623409669211194,-0.21949550117435754,-0.03031539805076961,5.145586196271796,1.5005125121935188,9.55926289484915,0.005997001499250375,
cellular_clearance,3,2,joint_tuned,joint_w0,True,524,222,2.008746819338423,2.0645674300254457,-0.05582061068702292,-0.1309397741086743,0.01466019189755699,2.703743645046989,-0.6249798377729974,5.97287026641352,0.11494252873563218,
cellular_clearance,3,2,joint_tuned,analytic_ei,True,524,222,2.008746819338423,1.838740458015267,0.17000636132315522,0.02309500466853411,0.33723307112136736,-9.245805224009715,-17.123502534509672,-1.1413927214612007,0.025987006496751622,
cellular_clearance,3,2,joint_tuned,ppo_phi_ei,True,524,222,2.008746819338423,1.8228371501272267,0.18590966921119592,0.051692313436265014,0.36118613679468936,-10.19891816436923,-18.93601324803542,-2.533784460546463,0.015992003998001,
cellular_clearance,3,2,joint_tuned,joint_tuned_ei,True,524,222,2.008746819338423,1.9169847328244274,0.09176208651399491,0.04084329044117647,0.1405427069134562,-4.786792765886869,-7.011860452595562,-1.951474056043347,0.001999000499750125,
cellular_clearance,3,2,joint_w0,joint_w0_ei,False,524,222,2.0645674300254457,2.0076335877862594,0.05693384223918575,0.015623985389610393,0.09669299989281568,-2.8358681875792415,-4.743141699088742,-0.7379673640376074,0.008995502248875561,
cellular_clearance,3,2,joint_w0.1,joint_w0.1_ei,False,524,222,2.036736641221374,1.9068066157760815,0.12993002544529264,0.07829637861420095,0.21708756408342042,-6.814011676396999,-10.36842905596687,-4.137359455254308,0.0009995002498750624,
cellular_clearance,3,2,joint_w0.3,joint_w0.3_ei,False,524,222,2.010814249363867,1.887881679389313,0.12293256997455469,0.07185726239355086,0.1871024421812686,-6.5116670878611504,-9.325115162495337,-3.599718675749807,0.0009995002498750624,
cellular_clearance,3,2,joint_w1,joint_w1_ei,False,524,222,2.006202290076336,1.896151399491094,0.11005089058524174,0.06468928862600248,0.1679034391534391,-5.803908412312352,-8.217940902008333,-3.323552829203831,0.0009995002498750624,
cellular_clearance,3,2,joint_w3,joint_w3_ei,False,524,222,1.958333333333333,1.8804071246819336,0.07792620865139949,0.010704324097397154,0.12965072981829,-4.144113667117724,-6.824730573975082,-0.5157539688362328,0.030984507746126936,
cellular_clearance,3,2,joint_w0,analytic_ei,False,524,222,2.0645674300254457,1.838740458015267,0.2258269720101781,0.10217034370311735,0.38888888888888884,-12.281612177823936,-20.304329971134464,-5.136892182311486,0.001999000499750125,
cellular_clearance,3,3,joint_w0.1,joint_w0,True,524,222,1.348759541984733,1.3742048346055977,-0.02544529262086514,-0.08840725149375339,0.03497271825396816,1.8516375419511395,-2.324487285996779,5.77002768919136,0.3408295852073963,
cellular_clearance,3,3,joint_w0.3,joint_w0,True,524,222,1.3276081424936386,1.3742048346055977,-0.046596692111959305,-0.11864316908333564,0.0013290653721265637,3.390811248698059,-0.09264042696864794,7.375919318755959,0.06096951524237881,
cellular_clearance,3,3,joint_w1,joint_w0,True,524,222,1.3266539440203562,1.3742048346055977,-0.047550890585241735,-0.13199621692794172,0.008627310632679066,3.460247656521222,-0.6802570552400926,8.423024075982402,0.09795102448775612,
cellular_clearance,3,3,joint_w3,joint_w0,True,524,222,1.3400127226463103,1.3742048346055977,-0.03419211195928753,-0.11141812972001654,0.03008883828414124,2.488137946996866,-2.0374829551768303,7.239680665701168,0.2818590704647676,
cellular_clearance,3,3,joint_tuned,joint_w0,True,524,222,1.3363549618320612,1.3742048346055977,-0.0378498727735369,-0.110517168589924,0.02280289446075315,2.7543108436523323,-1.5569159941504638,6.985569330690352,0.20689655172413793,
cellular_clearance,3,3,joint_tuned,analytic_ei,True,524,222,1.3363549618320612,1.2471374045801527,0.08921755725190839,-0.055199911590756656,0.2185731605183446,-7.1537872991583855,-17.681324894645194,3.8008989929475057,0.20089955022488756,
cellular_clearance,3,3,joint_tuned,ppo_phi_ei,True,524,222,1.3363549618320612,1.2337786259541985,0.1025763358778626,-0.047052051838275884,0.24529400423272826,-8.313998453209592,-19.387751261779034,3.151285674756897,0.16591704147926037,
cellular_clearance,3,3,joint_tuned,joint_tuned_ei,True,524,222,1.3363549618320612,1.279739185750636,0.05661577608142494,0.013999069148936184,0.09198181592566321,-4.424008947433848,-7.370135700354168,-0.9377668565156971,0.013993003498250875,
cellular_clearance,3,3,joint_w0,joint_w0_ei,False,524,222,1.3742048346055977,1.3360368956743,0.03816793893129771,0.01433243988435725,0.07100944289728532,-2.8568027615759997,-4.7251912770181805,-0.9625365537829093,0.001999000499750125,
cellular_clearance,3,3,joint_w0.1,joint_w0.1_ei,False,524,222,1.348759541984733,1.2581106870229009,0.09064885496183206,0.049036958813110966,0.16384847614037823,-7.205157375805839,-11.23895165087277,-4.019900724374448,0.0009995002498750624,
cellular_clearance,3,3,joint_w0.3,joint_w0.3_ei,False,524,222,1.3276081424936386,1.2595419847328244,0.06806615776081425,0.02784665913459219,0.12316362354485517,-5.404040404040396,-8.690038320660447,-2.2116275668825676,0.001999000499750125,
cellular_clearance,3,3,joint_w1,joint_w1_ei,False,524,222,1.3266539440203562,1.2668575063613232,0.05979643765903308,0.01430310323947927,0.11038048564598699,-4.7200602560883675,-7.764085231428659,-1.0116855617817342,0.012993503248375811,
cellular_clearance,3,3,joint_w3,joint_w3_ei,False,524,222,1.3400127226463103,1.3035941475826973,0.036418575063613234,-0.0321881436314363,0.08020188950959378,-2.793705014029506,-6.371786213137424,2.006739604991544,0.2478760619690155,
cellular_clearance,3,3,joint_w0,analytic_ei,False,524,222,1.3742048346055977,1.2471374045801527,0.1270674300254453,-0.0019315476190476303,0.26675491942324003,-10.188727365467974,-20.989263093892127,0.13432659400540858,0.057971014492753624,
cellular_clearance,3,4,joint_w0.1,joint_w0,True,524,222,1.0338740458015268,1.0361005089058524,-0.002226463104325692,-0.06493840064045542,0.044246484615361174,0.2148887183422789,-4.37732360460153,5.249644773390014,0.9065467266366817,
cellular_clearance,3,4,joint_w0.3,joint_w0,True,524,222,1.0217875318066156,1.0361005089058524,-0.014312977099236648,-0.08311232483940655,0.02536264982612224,1.3814274750575686,-2.713358615733573,6.669014250888832,0.4877561219390305,
cellular_clearance,3,4,joint_w1,joint_w0,True,524,222,1.0028625954198473,1.0361005089058524,-0.03323791348600509,-0.10503638275065962,0.014933632704851334,3.207981580966993,-1.578380965530243,8.379290056377537,0.17191404297851073,
cellular_clearance,3,4,joint_w3,joint_w0,True,524,222,1.0065203562340965,1.0361005089058524,-0.029580152671755726,-0.11157591459329073,0.021190526217490756,2.854950115118968,-2.210869368974844,8.963159997462173,0.303848075962019,
cellular_clearance,3,4,joint_tuned,joint_w0,True,524,222,1.0136768447837152,1.0361005089058524,-0.022423664122137404,-0.08943952848412182,0.01955504051575883,2.1642363775901514,-2.113970036303603,7.297556306384641,0.3288355822088955,
cellular_clearance,3,4,joint_tuned,analytic_ei,True,524,222,1.0136768447837152,0.9222328244274809,0.09144402035623411,-0.025642523364485963,0.20923440217019706,-9.91550267287466,-21.531785941020782,2.381423252095459,0.10594702648675662,
cellular_clearance,3,4,joint_tuned,ppo_phi_ei,True,524,222,1.0136768447837152,0.9139631043256998,0.09971374045801527,-0.02104753989361701,0.21510534728276637,-10.910040020880473,-22.751231589395918,1.886696228903869,0.08895552223888056,
cellular_clearance,3,4,joint_tuned,joint_tuned_ei,True,524,222,1.0136768447837152,0.9701017811704835,0.04357506361323156,0.004419419871216232,0.07360298645320193,-4.491803278688541,-8.17810179012085,-0.40787817854865727,0.03298350824587706,
cellular_clearance,3,4,joint_w0,joint_w0_ei,False,524,222,1.0361005089058524,1.0,0.03610050890585242,0.01516368802018251,0.07088640867123354,-3.610050890585237,-5.995085593455276,-1.6015962904830363,0.0029985007496251873,
cellular_clearance,3,4,joint_w0.1,joint_w0.1_ei,False,524,222,1.0338740458015268,0.9567430025445293,0.07713104325699746,0.04255316827038375,0.1362063457526904,-8.061835106382983,-12.280641593618457,-4.453019469109882,0.0009995002498750624,
cellular_clearance,3,4,joint_w0.3,joint_w0.3_ei,False,524,222,1.0217875318066156,0.9611959287531806,0.06059160305343511,0.02938297091476283,0.10173681677737018,-6.303772336201183,-9.58746898438709,-2.8812052045621845,0.001999000499750125,
cellular_clearance,3,4,joint_w1,joint_w1_ei,False,524,222,1.0028625954198473,0.9618320610687023,0.04103053435114504,0.005675897961384964,0.08129371596858041,-4.265873015873012,-7.482664054163295,-0.5095089744448411,0.02498750624687656,
cellular_clearance,3,4,joint_w3,joint_w3_ei,False,524,222,1.0065203562340965,0.9708969465648856,0.035623409669211195,-0.02417827281621867,0.07404513888888885,-3.6691236691236444,-7.984866627506991,2.183929779893051,0.20789605197401298,
cellular_clearance,3,4,joint_w0,analytic_ei,False,524,222,1.0361005089058524,0.9222328244274809,0.11386768447837148,0.016068710649798052,0.23267911901969413,-12.346956371788238,-24.20872220301878,-1.6545110252180897,0.021989005497251374,
permeability,3,1,joint_w0.1,joint_w0,True,516,376,3.2564599483204133,3.3263888888888884,-0.06992894056847547,-0.1611038138475141,0.03053019160598601,2.1022479001796275,-0.8940405037064968,4.788282198780455,0.17491254372813594,
permeability,3,1,joint_w0.3,joint_w0,True,516,376,3.2843992248062017,3.3263888888888884,-0.041989664082687346,-0.13707268301224954,0.06691523435636947,1.2623197553041507,-1.9906075478952137,4.09878066248938,0.45177411294352826,
permeability,3,1,joint_w1,joint_w0,True,516,376,3.2688953488372094,3.3263888888888884,-0.05749354005167958,-0.16433643762465414,0.04834107685005608,1.7284070495703068,-1.4893977500302464,5.000879706986713,0.28385807096451776,
permeability,3,1,joint_w3,joint_w0,True,516,376,3.2291666666666665,3.3263888888888884,-0.09722222222222224,-0.20006964377031064,0.014183495573814195,2.9227557411273386,-0.41636253998315054,6.001283643860532,0.08495752123938032,
permeability,3,1,joint_tuned,joint_w0,True,516,376,3.334463824289406,3.3263888888888884,0.008074935400516793,-0.08822068119942371,0.10833379323031642,-0.2427537990969808,-3.192809175558328,2.634204038773215,0.8455772113943029,
permeability,3,1,joint_tuned,analytic_ei,True,516,376,3.334463824289406,3.04796511627907,0.28649870801033595,0.107015364281109,0.48333423716558205,-9.399671488369632,-16.049511424885125,-3.4681591250995583,0.0009995002498750624,
permeability,3,1,joint_tuned,ppo_phi_ei,True,516,376,3.334463824289406,3.0931847545219635,0.24127906976744187,0.07644988061712078,0.43410249255952366,-7.800344593536282,-14.276544720398599,-2.4594625015017253,0.0029985007496251873,
permeability,3,1,joint_tuned,joint_tuned_ei,True,516,376,3.334463824289406,3.233688630490956,0.1007751937984496,0.012245503224730532,0.20417752951375923,-3.11641612146034,-6.27928371608715,-0.3868246950576123,0.022988505747126436,
permeability,3,1,joint_w0,joint_w0_ei,False,516,376,3.3263888888888884,3.263242894056847,0.06314599483204134,-0.010568403331561239,0.14374306647369114,-1.9350687914480804,-4.456685403363047,0.3238079496288276,0.11494252873563218,
permeability,3,1,joint_w0.1,joint_w0.1_ei,False,516,376,3.2564599483204133,3.204295865633075,0.052164082687338485,-0.018453793139262303,0.1278011394362517,-1.6279421400130942,-4.016181865153681,0.5575794707136086,0.15792103948025987,
permeability,3,1,joint_w0.3,joint_w0.3_ei,False,516,376,3.2843992248062017,3.205426356589147,0.07897286821705427,0.007185860259596831,0.1537077681441461,-2.463724304715848,-4.791020600330766,-0.22408544368586444,0.028985507246376812,
permeability,3,1,joint_w1,joint_w1_ei,False,516,376,3.2688953488372094,3.192829457364341,0.07606589147286824,0.012747244628015766,0.15117654382470125,-2.382397572078908,-4.739737480762783,-0.4149265423119441,0.021989005497251374,
permeability,3,1,joint_w3,joint_w3_ei,False,516,376,3.2291666666666665,3.114825581395349,0.11434108527131782,0.029138581395081853,0.2170394549086756,-3.6708663866853244,-6.927688757270811,-0.9392013517833009,0.009995002498750625,
permeability,3,1,joint_w0,analytic_ei,False,516,376,3.3263888888888884,3.04796511627907,0.27842377260981915,0.11053889158255094,0.4338243178515723,-9.134742754199097,-14.748271999928606,-3.5931925200315558,0.0029985007496251873,
permeability,3,2,joint_w0.1,joint_w0,True,516,376,2.198966408268734,2.2165697674418605,-0.017603359173126606,-0.09097353143609539,0.06317996394903665,0.7941712204007283,-2.8331772164371105,4.022382235677627,0.6946526736631684,
permeability,3,2,joint_w0.3,joint_w0,True,516,376,2.1666666666666665,2.2165697674418605,-0.0499031007751938,-0.11774802846430706,0.024895942679008735,2.2513661202185884,-1.1276687163925438,5.322947703788009,0.1839080459770115,
permeability,3,2,joint_w1,joint_w0,True,516,376,2.1719961240310077,2.2165697674418605,-0.044573643410852716,-0.12773650929266075,0.053188219275859636,2.0109289617486374,-2.3790090357943576,5.661654710932489,0.37681159420289856,
permeability,3,2,joint_w3,joint_w0,True,516,376,2.1416343669250644,2.2165697674418605,-0.07493540051679587,-0.16781281767113712,0.024555070648864592,3.380692167577426,-1.14910866433827,7.529228233163862,0.13793103448275862,
permeability,3,2,joint_tuned,joint_w0,True,516,376,2.1939599483204133,2.2165697674418605,-0.022609819121447043,-0.10151184210526318,0.059772373145450766,1.020036429872504,-2.662093983195475,4.553105590575594,0.5667166416791605,
permeability,3,2,joint_tuned,analytic_ei,True,516,376,2.1939599483204133,2.000968992248062,0.19299095607235145,0.055144011340376574,0.34891091779889855,-9.644874899112194,-17.743972259836024,-2.7531348165137683,0.012993503248375811,
permeability,3,2,joint_tuned,ppo_phi_ei,True,516,376,2.1939599483204133,2.0151808785529717,0.17877906976744184,0.024109941211379406,0.32646792561752147,-8.871614040711641,-16.63430684899585,-1.1606015216294985,0.025987006496751622,
permeability,3,2,joint_tuned,joint_tuned_ei,True,516,376,2.1939599483204133,2.140665374677003,0.053294573643410836,-0.017667867819176678,0.14974003515144935,-2.4896265560165705,-6.8806524090434165,0.8194088988726732,0.175912043978011,
permeability,3,2,joint_w0,joint_w0_ei,False,516,376,2.2165697674418605,2.156330749354005,0.06023901808785529,0.00475326420890938,0.13191928379527856,-2.793588975434395,-6.066109215943876,-0.21653993279316588,0.028985507246376812,
permeability,3,2,joint_w0.1,joint_w0.1_ei,False,516,376,2.198966408268734,2.158107235142119,0.040859173126614995,-0.007757875956694129,0.09003060455492327,-1.8932874354561118,-4.132872893668805,0.35928227911901456,0.10094952523738131,
permeability,3,2,joint_w0.3,joint_w0.3_ei,False,516,376,2.1666666666666665,2.1282299741602064,0.03843669250645995,-0.016054177365743,0.09765845909030227,-1.806040370314167,-4.5389117206484775,0.7741618931330077,0.17191404297851073,
permeability,3,2,joint_w1,joint_w1_ei,False,516,376,2.1719961240310077,2.1463178294573644,0.02567829457364341,-0.02248425156002194,0.08228905777374468,-1.1963882618510127,-3.7678012665169938,1.0661280382412104,0.3118440779610195,
permeability,3,2,joint_w3,joint_w3_ei,False,516,376,2.1416343669250644,2.0550710594315245,0.08656330749354006,0.018845487910189994,0.18283493124990977,-4.212180746561879,-8.798588430231767,-0.8845861450807421,0.009995002498750625,
permeability,3,2,joint_w0,analytic_ei,False,516,376,2.2165697674418605,2.000968992248062,0.21560077519379844,0.07802306252165335,0.354389639330599,-10.774818401937061,-18.150470110116196,-3.781954222983812,0.00399800099950025,
permeability,3,3,joint_w0.1,joint_w0,True,516,376,1.5040374677002584,1.5087209302325582,-0.004683462532299733,-0.06546821993520105,0.06328536049543398,0.3104260329693886,-4.188672109875312,4.255637305654775,0.9205397301349325,
permeability,3,3,joint_w0.3,joint_w0,True,516,376,1.4647932816537466,1.5087209302325582,-0.043927648578811374,-0.10078494530942059,0.016272427855806345,2.911582102333562,-1.1147734512616765,6.64923891994519,0.13793103448275862,
permeability,3,3,joint_w1,joint_w0,True,516,376,1.4610788113695092,1.5087209302325582,-0.04764211886304909,-0.12555373266184724,0.023142074960487695,3.157782059516152,-1.5918185582914395,7.995643756417964,0.1889055472263868,
permeability,3,3,joint_w3,joint_w0,True,516,376,1.448643410852713,1.5087209302325582,-0.060077519379844964,-0.12836942003848686,0.008944969846491202,3.9820166987797116,-0.581460016391523,8.584331508408614,0.08695652173913043,
permeability,3,3,joint_tuned,joint_w0,True,516,376,1.4919250645994833,1.5087209302325582,-0.016795865633074926,-0.08265056022408962,0.04934217708843126,1.1132519803040004,-3.2037732816639592,5.5102604507583495,0.5767116441779111,
permeability,3,3,joint_tuned,analytic_ei,True,516,376,1.4919250645994833,1.3347868217054264,0.15713824289405687,0.01697897107451009,0.2894203033052849,-11.77253478523896,-22.292120347293686,-1.2655944361779277,0.026986506746626688,
permeability,3,3,joint_tuned,ppo_phi_ei,True,516,376,1.4919250645994833,1.3522286821705427,0.13969638242894059,-0.007619802677942218,0.27574562186310114,-10.330825271706676,-20.871431353612802,0.5378175134280724,0.06196901549225387,
permeability,3,3,joint_tuned,joint_tuned_ei,True,516,376,1.4919250645994833,1.4530038759689923,0.03892118863049096,-0.02474580405932863,0.1279310445393247,-2.678670668000447,-8.735202599261592,1.713641480665716,0.30484757621189407,
permeability,3,3,joint_w0,joint_w0_ei,False,516,376,1.5087209302325582,1.4507428940568474,0.057978036175710575,0.010998513467627929,0.12302589470530556,-3.996437715685193,-8.481032345950965,-0.7480694820731064,0.015992003998001,
permeability,3,3,joint_w0.1,joint_w0.1_ei,False,516,376,1.5040374677002584,1.4635012919896642,0.04053617571059432,0.0030554883945841348,0.08059497183640711,-2.769807989406304,-5.474003756380526,-0.2199770484016952,0.03798100949525238,
permeability,3,3,joint_w0.3,joint_w0.3_ei,False,516,376,1.4647932816537466,1.4407299741602067,0.024063307493540048,-0.016340680863957072,0.0735333721940864,-1.6702163434592436,-5.0640731072512555,1.1484766432850737,0.27786106946526734,
permeability,3,3,joint_w1,joint_w1_ei,False,516,376,1.4610788113695092,1.4449289405684753,0.0161498708010336,-0.028014089960127973,0.06791547415284752,-1.1176930814798482,-4.6948642351994465,1.9346685571067694,0.49375312343828087,
permeability,3,3,joint_w3,joint_w3_ei,False,516,376,1.448643410852713,1.3964793281653745,0.0521640826873385,-0.008635103237609862,0.13837193040038967,-3.735399560541238,-9.941280165744873,0.6167007392496908,0.127936031984008,
permeability,3,3,joint_w0,analytic_ei,False,516,376,1.5087209302325582,1.3347868217054264,0.1739341085271318,0.058164056276578814,0.28233357279693483,-13.03085299455535,-21.878895022061112,-4.265635900651963,0.0069965017491254375,
permeability,3,4,joint_w0.1,joint_w0,True,516,376,1.1082041343669249,1.0970607235142118,0.011143410852713176,-0.05748436668176365,0.07577989483305538,-1.0157515089062188,-7.081023040142849,5.179105380621807,0.7606196901549226,
permeability,3,4,joint_w0.3,joint_w0,True,516,376,1.0757428940568474,1.0970607235142118,-0.021317829457364334,-0.08892916164109468,0.03675881410256407,1.9431767996466986,-3.5071948519211253,7.889054195688329,0.5057471264367817,
permeability,3,4,joint_w1,joint_w0,True,516,376,1.072997416020672,1.0970607235142118,-0.024063307493540048,-0.1016410015319618,0.04697103403096595,2.193434417782999,-4.3716798519802555,8.541729512317739,0.4847576211894053,
permeability,3,4,joint_w3,joint_w0,True,516,376,1.0579780361757105,1.0970607235142118,-0.03908268733850129,-0.1061514463241437,0.028089645312089385,3.562490799352274,-2.640690666843705,9.47184392087307,0.271864067966017,
permeability,3,4,joint_tuned,joint_w0,True,516,376,1.0938307493540051,1.0970607235142118,-0.003229974160206714,-0.07273617864035883,0.06387193309149264,0.29442072721919005,-5.794319177992504,6.569302973225657,0.9015492253873063,
permeability,3,4,joint_tuned,analytic_ei,True,516,376,1.0938307493540051,0.9447674418604651,0.14906330749354002,0.03770207126880533,0.2702684857853946,-15.777777777777773,-28.881274820054607,-3.7995916321067464,0.01199400299850075,
permeability,3,4,joint_tuned,ppo_phi_ei,True,516,376,1.0938307493540051,0.9580103359173128,0.1358204134366925,0.021910892911973706,0.2712083596972253,-14.177343223196209,-29.219470986166513,-2.1889277358838397,0.0239880059970015,
permeability,3,4,joint_tuned,joint_tuned_ei,True,516,376,1.0938307493540051,1.0541020671834624,0.03972868217054263,-0.016709130137777996,0.1315543252809187,-3.768959705837298,-12.505875367654236,1.5967308458361509,0.24187906046976512,
permeability,3,4,joint_w0,joint_w0_ei,False,516,376,1.0970607235142118,1.0374677002583979,0.059593023255813955,0.013700313189410646,0.1199365942028985,-5.744084682440847,-11.515212024397327,-1.3426795398174534,0.0029985007496251873,
permeability,3,4,joint_w0.1,joint_w0.1_ei,False,516,376,1.1082041343669249,1.0799418604651163,0.028262273901808792,-0.002846981395450283,0.06330463493362426,-2.6170180948108075,-6.011153064990298,0.2657979451737841,0.079960019990005,
permeability,3,4,joint_w0.3,joint_w0.3_ei,False,516,376,1.0757428940568474,1.050549095607235,0.025193798449612406,-0.01131495653817083,0.07178459055246805,-2.398155265180635,-6.79432255043203,1.0585046649715824,0.20189905047476261,
permeability,3,4,joint_w1,joint_w1_ei,False,516,376,1.072997416020672,1.041828165374677,0.03116925064599483,-0.005170592072917065,0.07571820793452343,-2.9917842195008544,-7.254279502570125,0.5021469893797841,0.12293853073463268,
permeability,3,4,joint_w3,joint_w3_ei,False,516,376,1.0579780361757105,1.0108204134366925,0.04715762273901808,-0.015675227179082863,0.1368678174756033,-4.665281993928736,-13.535296908338072,1.543395214524258,0.20389805097451275,
permeability,3,4,joint_w0,analytic_ei,False,516,376,1.0970607235142118,0.9447674418604651,0.15229328165374678,0.05124678249678249,0.2580897288378699,-16.11965811965811,-28.232359322007728,-5.1452487624223675,0.00399800099950025,
efflux,3,1,joint_w0.1,joint_w0,True,341,251,3.2265395894428153,3.2157869012707727,0.010752688172043027,-0.12096360836218845,0.13932250057064585,-0.33437191275931405,-4.313460907685058,3.7122999686332325,0.8515742128935532,
efflux,3,1,joint_w0.3,joint_w0,True,341,251,3.1830400782013686,3.2157869012707727,-0.03274682306940372,-0.14714308695020445,0.08029089267285848,1.0183144615852395,-2.5345682220694568,4.41853341033078,0.5477261369315343,
efflux,3,1,joint_w1,joint_w0,True,341,251,3.1461388074291303,3.2157869012707727,-0.06964809384164222,-0.1884261701650017,0.03685390979883182,2.165818071282017,-1.1752814703310073,5.7433565906061865,0.19390304847576212,
efflux,3,1,joint_w3,joint_w0,True,341,251,3.1520039100684265,3.2157869012707727,-0.06378299120234603,-0.20741594234457963,0.06992168543917439,1.9834333915951108,-2.200289552707587,6.242314542913623,0.33383308345827084,
efflux,3,1,joint_tuned,joint_w0,True,341,251,3.1774193548387095,3.2157869012707727,-0.038367546432062576,-0.169239417989418,0.0805833612110864,1.1930997796185314,-2.520031704432742,5.059837902973932,0.5557221389305347,
efflux,3,1,joint_tuned,analytic_ei,True,341,251,3.1774193548387095,2.8702346041055717,0.30718475073313783,0.10046526721476659,0.5535370994138693,-10.702426564495529,-19.69843970974438,-3.4962218657334683,0.00399800099950025,
efflux,3,1,joint_tuned,ppo_phi_ei,True,341,251,3.1774193548387095,2.934261974584555,0.24315738025415437,0.04059291292523207,0.47672350995900503,-8.286832680936122,-16.98211403767047,-1.39613126819104,0.017991004497751123,
efflux,3,1,joint_tuned,joint_tuned_ei,True,341,251,3.1774193548387095,3.058651026392962,0.1187683284457478,0.03752669490724618,0.21250072072695395,-3.883029721955893,-6.879492603297156,-1.2243438593950486,0.00399800099950025,
efflux,3,1,joint_w0,joint_w0_ei,False,341,251,3.2157869012707727,3.090909090909091,0.12487781036168129,0.029425946936638126,0.235014423076923,-4.040164452877943,-7.530174919437925,-0.958452446622356,0.004997501249375313,
efflux,3,1,joint_w0.1,joint_w0.1_ei,False,341,251,3.2265395894428153,3.1121700879765397,0.1143695014662757,0.024756800441003514,0.20979491840615147,-3.674911660777382,-6.674740388174465,-0.8166494402505797,0.009995002498750625,
efflux,3,1,joint_w0.3,joint_w0.3_ei,False,341,251,3.1830400782013686,3.1363636363636362,0.04667644183773218,-0.017631784341978873,0.11663511451123712,-1.4882343774349442,-3.6410722163304494,0.5610743771391556,0.15092453773113443,
efflux,3,1,joint_w1,joint_w1_ei,False,341,251,3.1461388074291303,3.028103616813295,0.11803519061583578,0.03493588467986057,0.22263487341576021,-3.8979904769590714,-7.273967484252652,-1.1491882649963263,0.0069965017491254375,
efflux,3,1,joint_w3,joint_w3_ei,False,341,251,3.1520039100684265,3.0112414467253177,0.14076246334310852,0.055216325846317305,0.2388918711656442,-4.674565817237472,-7.73428816717742,-1.8678148558433114,0.0029985007496251873,
efflux,3,1,joint_w0,analytic_ei,False,341,251,3.2157869012707727,2.8702346041055717,0.3455522971652004,0.13699890174904117,0.5988793214654281,-12.039165602384013,-21.46675563674174,-4.757903191537098,0.004997501249375313,
efflux,3,2,joint_w0.1,joint_w0,True,341,251,2.1911045943304006,2.2416911045943304,-0.05058651026392961,-0.1726770034783045,0.06079880078525088,2.2566226970456853,-2.8449844916726628,7.164216102296977,0.3938030984507746,
efflux,3,2,joint_w0.3,joint_w0,True,341,251,2.176930596285435,2.2416911045943304,-0.06476050830889539,-0.1729277268339768,0.02677875695732833,2.8889131145753915,-1.2424621135018443,7.177274833164115,0.18190904547726136,
efflux,3,2,joint_w1,joint_w0,True,341,251,2.1805962854349947,2.2416911045943304,-0.061094819159335276,-0.16595948627198628,0.02607530462535386,2.725389730731512,-1.1591734240544282,7.182715913134562,0.19890054972513743,
efflux,3,2,joint_w3,joint_w0,True,341,251,2.174975562072336,2.2416911045943304,-0.06671554252199413,-0.18356076491852352,0.0325861204013377,2.9761255859587994,-1.5568555969072084,7.770701160714664,0.2158920539730135,
efflux,3,2,joint_tuned,joint_w0,True,341,251,2.1483382209188657,2.2416911045943304,-0.09335288367546432,-0.21334678270042196,0.016389306137507564,4.16439550855774,-0.7651943672514178,9.09318592581326,0.09895052473763119,
efflux,3,2,joint_tuned,analytic_ei,True,341,251,2.1483382209188657,1.906158357771261,0.24217986314760506,0.08421154546100174,0.4079941983122361,-12.705128205128183,-21.72206949062435,-4.30674483784316,0.004997501249375313,
efflux,3,2,joint_tuned,ppo_phi_ei,True,341,251,2.1483382209188657,1.9819159335288365,0.16642228739002932,0.022377388650306015,0.3243353624324961,-8.397040690505541,-16.702189562905236,-1.1042768468838187,0.02798600699650175,
efflux,3,2,joint_tuned,joint_tuned_ei,True,341,251,2.1483382209188657,2.050830889540567,0.09750733137829912,0.03171604005818507,0.18267302961591594,-4.754528122020957,-8.736948685546533,-1.5768052782451085,0.0009995002498750624,
efflux,3,2,joint_w0,joint_w0_ei,False,341,251,2.2416911045943304,2.1402737047898337,0.10141739980449656,0.02049633235135593,0.19378393737174007,-4.7385247773464325,-8.793641952798547,-0.9556274982442691,0.01699150424787606,
efflux,3,2,joint_w0.1,joint_w0.1_ei,False,341,251,2.1911045943304006,2.1072825024437924,0.08382209188660802,0.024582488738738736,0.1550434877147205,-3.977733967296772,-7.043324928157158,-1.192594137292386,0.00399800099950025,
efflux,3,2,joint_w0.3,joint_w0.3_ei,False,341,251,2.176930596285435,2.119745845552297,0.05718475073313785,0.01113656471183014,0.10950030616367445,-2.6977173161171293,-5.097231035545634,-0.5232246637660308,0.009995002498750625,
efflux,3,2,joint_w1,joint_w1_ei,False,341,251,2.1805962854349947,2.0672043010752685,0.11339198435972629,0.051347053851228765,0.2057898545022121,-5.485281948220826,-9.791768468337088,-2.515742484951616,0.0009995002498750624,
efflux,3,2,joint_w3,joint_w3_ei,False,341,251,2.174975562072336,2.084310850439883,0.09066471163245356,0.025764508928571416,0.16739534628871997,-4.349865165904546,-7.694319737462771,-1.2567683798410596,0.00399800099950025,
efflux,3,2,joint_w0,analytic_ei,False,341,251,2.2416911045943304,1.906158357771261,0.3355327468230694,0.17699634621144053,0.5150827170105099,-17.6025641025641,-26.709333857732755,-9.28272281648467,0.0009995002498750624,
efflux,3,3,joint_w0.1,joint_w0,True,341,251,1.458455522971652,1.4826490713587488,-0.02419354838709678,-0.12169889208479813,0.06536489733589368,1.6317784737102343,-4.728703350724418,7.580513535031845,0.6196901549225388,
efflux,3,3,joint_w0.3,joint_w0,True,341,251,1.4440371456500487,1.4826490713587488,-0.038611925708699896,-0.12229409159919027,0.03628363830232206,2.6042525135981665,-2.631014097879429,7.569693272642656,0.3248375812093953,
efflux,3,3,joint_w1,joint_w0,True,341,251,1.4740957966764416,1.4826490713587488,-0.008553274682306936,-0.08424534549932215,0.07085614832928978,0.5768913795945423,-4.819525998901079,5.4691835997142135,0.8355822088955522,
efflux,3,3,joint_w3,joint_w0,True,341,251,1.4171554252199414,1.4826490713587488,-0.06549364613880744,-0.1521276063886519,0.01390157807308962,4.417339706609523,-0.9247977844718135,9.428505137243135,0.11294352823588207,
efflux,3,3,joint_tuned,joint_w0,True,341,251,1.4205767350928642,1.4826490713587488,-0.062072336265884646,-0.1567674627632255,0.01818986501035909,4.1865831547717125,-1.2669332539510472,9.895774403167726,0.12993503248375812,
efflux,3,3,joint_tuned,analytic_ei,True,341,251,1.4205767350928642,1.3262463343108504,0.0943304007820137,-0.026438481593164972,0.22992548826800488,-7.1125852220379695,-17.514183603957175,1.942389464831154,0.1359320339830085,
efflux,3,3,joint_tuned,ppo_phi_ei,True,341,251,1.4205767350928642,1.3768328445747802,0.04374389051808406,-0.06879416082002289,0.17121421209344925,-3.177138800141992,-12.75052262620773,4.752187432037025,0.4897551224387806,
efflux,3,3,joint_tuned,joint_tuned_ei,True,341,251,1.4205767350928642,1.351661779081134,0.0689149560117302,0.021876755864587722,0.12914371524498997,-5.098535527029465,-8.95968116484007,-1.6911454717835133,0.0009995002498750624,
efflux,3,3,joint_w0,joint_w0_ei,False,341,251,1.4826490713587488,1.422531769305963,0.060117302052785926,-0.0007510489225630452,0.1261031203417039,-4.226077993471908,-8.577639763175423,0.057728462696976755,0.05297351324337831,
efflux,3,3,joint_w0.1,joint_w0.1_ei,False,341,251,1.458455522971652,1.4208211143695015,0.03763440860215053,-0.005919012904307036,0.0890649012006623,-2.6487788097695195,-6.059306600902621,0.39677384239233776,0.09895052473763119,
efflux,3,3,joint_w0.3,joint_w0.3_ei,False,341,251,1.4440371456500487,1.402492668621701,0.04154447702834799,0.004236073745254531,0.08639926361207814,-2.9621885345878884,-6.005145967607996,-0.30780821645796236,0.031984007996002,
efflux,3,3,joint_w1,joint_w1_ei,False,341,251,1.4740957966764416,1.4007820136852396,0.07331378299120234,0.023701250547746647,0.13521835908756433,-5.233775296580579,-9.175067869002838,-1.8226056266954072,0.0009995002498750624,
efflux,3,3,joint_w3,joint_w3_ei,False,341,251,1.4171554252199414,1.3829423264907137,0.034213098729227766,-0.00725948168764395,0.08409550583861326,-2.473935324262235,-6.055715270323624,0.5238326911561786,0.12393803098450774,
efflux,3,3,joint_w0,analytic_ei,False,341,251,1.4826490713587488,1.3262463343108504,0.15640273704789834,0.0428295924620806,0.29632658026627,-11.792887414777969,-22.184975974890417,-3.0333644489993534,0.010994502748625687,
efflux,3,4,joint_w0.1,joint_w0,True,341,251,1.0271260997067448,1.0579178885630498,-0.030791788856304986,-0.10010767401479692,0.04182456604331593,2.910602910602908,-4.022031687770369,9.063019846491276,0.4017991004497751,
efflux,3,4,joint_w0.3,joint_w0,True,341,251,1.0266373411534704,1.0579178885630498,-0.031280547409579675,-0.09511772639691715,0.038752529173724765,2.9568029568029335,-3.8067435564909298,8.502106693055783,0.3598200899550225,
efflux,3,4,joint_w1,joint_w0,True,341,251,1.043010752688172,1.0579178885630498,-0.014907135874877813,-0.06940635712641925,0.04282231157910974,1.409101409101408,-3.9416594791407387,6.568562235337264,0.6026986506746627,
efflux,3,4,joint_w3,joint_w0,True,341,251,1.0234604105571847,1.0579178885630498,-0.0344574780058651,-0.10052560914538328,0.041549865536259535,3.2571032571032545,-3.7998085798195915,9.227341544539327,0.3548225887056472,
efflux,3,4,joint_tuned,joint_w0,True,341,251,0.992913000977517,1.0579178885630498,-0.06500488758553274,-0.13418197588442726,0.006190314520727982,6.14460614460615,-0.631356947286337,11.724874687120078,0.07896051974012994,
efflux,3,4,joint_tuned,analytic_ei,True,341,251,0.992913000977517,0.9428152492668622,0.050097751710654934,-0.03125170206971678,0.13956171249652788,-5.31363400725763,-15.02259566328932,3.156592767548801,0.21389305347326337,
efflux,3,4,joint_tuned,ppo_phi_ei,True,341,251,0.992913000977517,0.9797165200391006,0.013196480938416428,-0.07441590696587191,0.09885087639907082,-1.3469693190321765,-10.21351884407473,6.995579959325621,0.7446276861569215,
efflux,3,4,joint_tuned,joint_tuned_ei,True,341,251,0.992913000977517,0.9582111436950147,0.03470185728250245,0.007638800153335049,0.06764308151138526,-3.6215251211425508,-6.716097353378196,-0.7856086708013615,0.013993003498250875,
efflux,3,4,joint_w0,joint_w0_ei,False,341,251,1.0579178885630498,0.999266862170088,0.058651026392961866,0.012303593093630112,0.1150754984981724,-5.8694057226705745,-11.02769069935525,-1.2315998047238075,0.008995502248875561,
efflux,3,4,joint_w0.1,joint_w0.1_ei,False,341,251,1.0271260997067448,0.9987781036168134,0.028347996089931576,0.00238290479062987,0.056691027506705405,-2.8382676780034117,-5.4256259433938485,-0.25722998229392113,0.030984507746126936,
efflux,3,4,joint_w0.3,joint_w0.3_ei,False,341,251,1.0266373411534704,0.9848484848484848,0.041788856304985335,0.012283255693581775,0.07942182873236173,-4.24317617866008,-7.481001352729381,-1.2577706177356673,0.0079960019990005,
efflux,3,4,joint_w1,joint_w1_ei,False,341,251,1.043010752688172,0.9846041055718475,0.058406647116324546,0.023114768532012046,0.10417376248864665,-5.931993050384706,-9.986916192499503,-2.427117430441903,0.001999000499750125,
efflux,3,4,joint_w3,joint_w3_ei,False,341,251,1.0234604105571847,0.9787390029325513,0.04472140762463343,0.008929906444472285,0.08805885922330095,-4.569288389513105,-8.588534875742397,-0.9077176020910033,0.01199400299850075,
efflux,3,4,joint_w0,analytic_ei,False,341,251,1.0579178885630498,0.9428152492668622,0.11510263929618768,0.012788367546432056,0.22779744145975403,-12.208398133748046,-24.499888385843576,-1.3795279784638625,0.028985507246376812,
all,15,1,joint_w0.1,joint_w0,True,580,334,6.109339080459771,6.1081896551724135,0.0011494252873563546,-0.18243700767565577,0.19176999301554037,-0.01881777338697796,-3.15131553328563,2.986663114373653,0.9875062468765617,0.9875062468765617
all,15,1,joint_w0.3,joint_w0,True,580,334,5.917672413793103,6.1081896551724135,-0.1905172413793104,-0.36468156286644776,0.0019879735940962076,3.1190459388892777,-0.03331041258171928,5.924001513883404,0.05297351324337831,0.14092953523238383
all,15,1,joint_w1,joint_w0,True,580,334,5.809626436781609,6.1081896551724135,-0.2985632183908046,-0.47175532238442824,-0.12239086258227924,4.887916637263897,2.0305901318120605,7.720367698495375,0.0009995002498750624,0.0079960019990005
all,15,1,joint_w3,joint_w0,True,580,334,5.692816091954024,6.1081896551724135,-0.41537356321839086,-0.6116550466920336,-0.21765843719030945,6.800272857714097,3.6373908341273644,9.983018496706418,0.001999000499750125,0.01199400299850075
all,15,1,joint_tuned,joint_w0,True,580,334,5.88764367816092,6.1081896551724135,-0.22054597701149423,-0.3848003755607875,-0.03908366429765906,3.6106602686237026,0.6459723735706784,6.338429137792584,0.014992503748125937,0.07496251874062969
all,15,1,joint_tuned,analytic_ei,True,580,334,5.88764367816092,5.524568965517242,0.3630747126436782,0.06790168143047248,0.7043296461036438,-6.572000728199531,-13.040248786542517,-1.218695990814869,0.020989505247376312,0.08395802098950525
all,15,1,joint_tuned,ppo_phi_ei,True,580,334,5.88764367816092,5.566810344827586,0.3208333333333333,0.011907516189726084,0.6588726257427842,-5.763324299909672,-12.201324465037375,-0.20810232067705714,0.04697651174412794,0.14092953523238383
all,15,1,joint_tuned,joint_tuned_ei,True,580,334,5.88764367816092,5.617816091954023,0.26982758620689656,0.13201917411371897,0.42999050321063004,-4.803069053708441,-7.7715355592153585,-2.316595208682855,0.0009995002498750624,0.0079960019990005
all,15,1,joint_w0,joint_w0_ei,False,580,334,6.1081896551724135,5.823706896551724,0.28448275862068967,0.1400762535439861,0.43125840053763437,-4.884908592998295,-7.54033409400646,-2.3440919456813982,0.0009995002498750624,
all,15,1,joint_w0.1,joint_w0.1_ei,False,580,334,6.109339080459771,5.806609195402299,0.3027298850574713,0.15922373156729033,0.4476915614666623,-5.213539862423925,-7.825726454575523,-2.7713252155028716,0.0009995002498750624,
all,15,1,joint_w0.3,joint_w0.3_ei,False,580,334,5.917672413793103,5.664511494252874,0.25316091954022985,0.10680746205271521,0.3959208899964603,-4.469245402663271,-7.04067404400419,-1.8969639662074915,0.001999000499750125,
all,15,1,joint_w1,joint_w1_ei,False,580,334,5.809626436781609,5.547270114942529,0.2623563218390805,0.12288137953303953,0.3947880497685185,-4.72946722266827,-7.170737245893534,-2.2778496804314443,0.0009995002498750624,
all,15,1,joint_w3,joint_w3_ei,False,580,334,5.692816091954024,5.391091954022988,0.3017241379310345,0.15096084695599254,0.4464200190535488,-5.596716592932167,-8.367064610499352,-2.830004082224781,0.0009995002498750624,
all,15,1,joint_w0,analytic_ei,False,580,334,6.1081896551724135,5.524568965517242,0.5836206896551724,0.25611419325011564,0.9216976228089965,-10.564094561909954,-17.231954818517764,-4.524859024358497,0.001999000499750125,
all,15,2,joint_w0.1,joint_w0,True,580,334,4.30028735632184,4.3068965517241375,-0.006609195402298849,-0.14518314027242601,0.13026540891653163,0.15345609821188277,-3.0773923785940087,3.3627285751841547,0.9055472263868066,
all,15,2,joint_w0.3,joint_w0,True,580,334,4.176724137931035,4.3068965517241375,-0.13017241379310346,-0.2723025834654614,0.019910930572695117,3.022417934347464,-0.47689281239000536,6.3658775396020495,0.09095452273863068,
all,15,2,joint_w1,joint_w0,True,580,334,4.12787356321839,4.3068965517241375,-0.1790229885057471,-0.3483033350598526,-0.03451298188329475,4.156658660261546,0.8124537456295522,7.979329802111591,0.015992003998001,
all,15,2,joint_w3,joint_w0,True,580,334,3.933908045977012,4.3068965517241375,-0.37298850574712644,-0.5340423436666735,-0.2197632448377581,8.660261542567364,5.194573577327214,12.23790869698133,0.0009995002498750624,
all,15,2,joint_tuned,joint_w0,True,580,334,4.119540229885057,4.3068965517241375,-0.18735632183908046,-0.32383616181382635,-0.05793238089572765,4.350146784093934,1.3688563418181616,7.419458097277767,0.004997501249375313,
all,15,2,joint_tuned,analytic_ei,True,580,334,4.119540229885057,3.6607758620689657,0.45876436781609203,0.1841634369686434,0.7381583634613488,-12.531889006632907,-21.14021089175758,-4.828928655546803,0.00399800099950025,
all,15,2,joint_tuned,ppo_phi_ei,True,580,334,4.119540229885057,3.717528735632184,0.4020114942528735,0.12026054902243208,0.6937437721009534,-10.813944500270544,-19.151167009768624,-3.1750022094583934,0.004997501249375313,
all,15,2,joint_tuned,joint_tuned_ei,True,580,334,4.119540229885057,3.8593390804597707,0.2602011494252874,0.14708513661202188,0.3830931756645423,-6.74211682364765,-10.099918965656054,-3.7510405683094934,0.0009995002498750624,
all,15,2,joint_w0,joint_w0_ei,False,580,334,4.3068965517241375,4.0441091954022985,0.26278735632183914,0.13985982581338244,0.3834715789487048,-6.498028209045368,-9.570422989168712,-3.4323442742832633,0.0009995002498750624,
all,15,2,joint_w0.1,joint_w0.1_ei,False,580,334,4.30028735632184,4.031752873563219,0.2685344827586207,0.15073011116453727,0.38581472760555574,-6.660489647553537,-9.722878340300515,-3.715278062134728,0.0009995002498750624,
all,15,2,joint_w0.3,joint_w0.3_ei,False,580,334,4.176724137931035,3.897270114942529,0.2794540229885057,0.16467538907038423,0.39446348823704663,-7.170506912442393,-10.191290871925473,-4.240087747113616,0.0009995002498750624,
all,15,2,joint_w1,joint_w1_ei,False,580,334,4.12787356321839,3.8356321839080456,0.2922413793103449,0.1644625688319951,0.4083099819794221,-7.619118969133949,-10.605731663405814,-4.280335403207453,0.0009995002498750624,
all,15,2,joint_w3,joint_w3_ei,False,580,334,3.933908045977012,3.6915229885057474,0.24238505747126438,0.12993507226738932,0.3635392424082142,-6.565990736776563,-9.962621148197574,-3.5268440560703778,0.0009995002498750624,
all,15,2,joint_w0,analytic_ei,False,580,334,4.3068965517241375,3.6607758620689657,0.6461206896551724,0.36471877455657836,0.8973097353237472,-17.64982927116447,-25.44309124228812,-9.551823164919087,0.0009995002498750624,
all,15,3,joint_w0.1,joint_w0,True,580,334,3.4099137931034478,3.3863505747126434,0.023563218390804594,-0.09628505966962503,0.14462579783688295,-0.6958292672578308,-4.284456877119427,2.80522790782886,0.7216391804097951,
all,15,3,joint_w0.3,joint_w0,True,580,334,3.2564655172413794,3.3863505747126434,-0.12988505747126441,-0.25496000086251513,-0.011354481552532799,3.835546692689539,0.3358667104936521,7.511010746127561,0.03798100949525238,
all,15,3,joint_w1,joint_w0,True,580,334,3.287787356321839,3.3863505747126434,-0.0985632183908046,-0.2394554628997579,0.030408645405056,2.910602910602908,-0.8829362433980636,7.0857144432794685,0.14792603698150925,
all,15,3,joint_w3,joint_w0,True,580,334,3.1125,3.3863505747126434,-0.27385057471264374,-0.40314706162297403,-0.1370682546453668,8.086893801179514,4.120708934846925,11.964945655968005,0.0009995002498750624,
all,15,3,joint_tuned,joint_w0,True,580,334,3.238649425287356,3.3863505747126434,-0.14770114942528736,-0.25922086743593176,-0.028319375084251152,4.361661504518647,0.8759361733603669,7.7380153764010755,0.015992003998001,
all,15,3,joint_tuned,analytic_ei,True,580,334,3.238649425287356,2.9060344827586206,0.3326149425287357,0.08151836385051933,0.568219482249312,-11.44566399683575,-19.784670007271774,-2.707727189067877,0.012993503248375811,
all,15,3,joint_tuned,ppo_phi_ei,True,580,334,3.238649425287356,2.981896551724138,0.2567528735632184,0.017348774174206428,0.5050488667975779,-8.610388358870576,-17.67646113791364,-0.5793381078607008,0.04097951024487756,
all,15,3,joint_tuned,joint_tuned_ei,True,580,334,3.238649425287356,3.0274425287356324,0.21120689655172414,0.11718844462192936,0.3104466873706004,-6.976413079588047,-10.474307471463709,-3.921832833375097,0.0009995002498750624,
all,15,3,joint_w0,joint_w0_ei,False,580,334,3.3863505747126434,3.170402298850575,0.215948275862069,0.12776677609327783,0.313439458573776,-6.811384029728974,-9.982327786443916,-3.9354875946367454,0.0009995002498750624,
all,15,3,joint_w0.1,joint_w0.1_ei,False,580,334,3.4099137931034478,3.169109195402299,0.2408045977011494,0.15472491417881667,0.3249146470957258,-7.598494808904183,-10.256990025324306,-4.822780037975225,0.0009995002498750624,
all,15,3,joint_w0.3,joint_w0.3_ei,False,580,334,3.2564655172413794,3.0326149425287356,0.22385057471264364,0.14021515558813943,0.3094462565489671,-7.381437437816842,-10.21060798221932,-4.603533386993512,0.0009995002498750624,
all,15,3,joint_w1,joint_w1_ei,False,580,334,3.287787356321839,3.032758620689655,0.2550287356321839,0.16238245139065963,0.35237264538370144,-8.40913397763881,-11.68273886592691,-5.35698562211766,0.0009995002498750624,
all,15,3,joint_w3,joint_w3_ei,False,580,334,3.1125,2.9533045977011496,0.1591954022988506,0.06570447530864199,0.25601166660858965,-5.3904159571880195,-8.793683783970673,-2.2380247921263257,0.001999000499750125,
all,15,3,joint_w0,analytic_ei,False,580,334,3.3863505747126434,2.9060344827586206,0.480316091954023,0.2450929606076665,0.7063129010025062,-16.528230989815086,-25.271852226685105,-8.104908436585367,0.0009995002498750624,
all,15,4,joint_w0.1,joint_w0,True,580,334,2.893103448275862,2.8514367816091952,0.04166666666666668,-0.08051227510754118,0.16667030885780887,-1.4612516376096043,-5.782294674443704,2.802069697505175,0.5237381309345327,
all,15,4,joint_w0.3,joint_w0,True,580,334,2.7264367816091952,2.8514367816091952,-0.125,-0.24351208475689276,-0.013776196124950834,4.383754912828782,0.4682799238521727,8.536528647226097,0.02798600699650175,
all,15,4,joint_w1,joint_w0,True,580,334,2.7333333333333334,2.8514367816091952,-0.11810344827586207,-0.24638969627513507,0.0016525641663763123,4.141892572810634,-0.05847337079347443,8.61476873282203,0.0559720139930035,
all,15,4,joint_w3,joint_w0,True,580,334,2.6132183908045974,2.8514367816091952,-0.2382183908045977,-0.3569830959324538,-0.12304296443666868,8.354328328126579,4.410548070373299,12.29874818614554,0.0009995002498750624,
all,15,4,joint_tuned,joint_w0,True,580,334,2.7195402298850575,2.8514367816091952,-0.13189655172413794,-0.24316203517924026,-0.028540554447080865,4.625617252846914,1.02452723421522,8.428923964333839,0.012993503248375811,
all,15,4,joint_tuned,analytic_ei,True,580,334,2.7195402298850575,2.410344827586207,0.30919540229885056,0.09710135814889337,0.4998971471016248,-12.827849308536004,-21.263436297849953,-3.89407072778951,0.004997501249375313,
all,15,4,joint_tuned,ppo_phi_ei,True,580,334,2.7195402298850575,2.4676724137931036,0.25186781609195397,0.04784056992914523,0.46558685595450267,-10.206695778748173,-19.369851689404587,-1.8768336432520756,0.01699150424787606,
all,15,4,joint_tuned,joint_tuned_ei,True,580,334,2.7195402298850575,2.5586206896551724,0.16091954022988508,0.08040514549142319,0.25483637043834473,-6.28930817610063,-9.986676511207069,-3.210246061166945,0.0009995002498750624,
all,15,4,joint_w0,joint_w0_ei,False,580,334,2.8514367816091952,2.6510057471264368,0.20043103448275862,0.12842541564878396,0.2787357632771205,-7.5605658229906165,-10.670413971084576,-4.825287653620228,0.0009995002498750624,
all,15,4,joint_w0.1,joint_w0.1_ei,False,580,334,2.893103448275862,2.6951149425287353,0.19798850574712645,0.1245660519198605,0.2752030224929709,-7.346198955112503,-10.180683766609391,-4.627463336887166,0.0009995002498750624,
all,15,4,joint_w0.3,joint_w0.3_ei,False,580,334,2.7264367816091952,2.544109195402299,0.18232758620689654,0.10937396770908892,0.2572755358001167,-7.166657254193245,-10.159590755289853,-4.340978298133228,0.0009995002498750624,
all,15,4,joint_w1,joint_w1_ei,False,580,334,2.7333333333333334,2.535344827586207,0.1979885057471264,0.12595403893961737,0.2683836167469783,-7.809135214779554,-10.521823130803524,-5.05971403705504,0.0009995002498750624,
all,15,4,joint_w3,joint_w3_ei,False,580,334,2.6132183908045974,2.462068965517241,0.15114942528735634,0.07436973905723904,0.2477315038330992,-6.139122315592899,-10.057738415289872,-2.9875729793558157,0.0009995002498750624,
all,15,4,joint_w0,analytic_ei,False,580,334,2.8514367816091952,2.410344827586207,0.44109195402298845,0.25304914565754044,0.6388040930891649,-18.29995231282784,-27.414817836038335,-10.12880858282361,0.0009995002498750624,
microsomal_clearance,15,1,joint_w0.1,joint_w0,True,311,183,5.427652733118971,5.469453376205788,-0.04180064308681672,-0.29808245114006515,0.22979819526321227,0.7642563198118799,-4.240441625846349,5.462262786689162,0.7856071964017991,
microsomal_clearance,15,1,joint_w0.3,joint_w0,True,311,183,5.271972132904609,5.469453376205788,-0.19748124330117903,-0.4103815950722394,0.017796573763040297,3.6106212032137956,-0.3224141056088208,7.707049447341014,0.07496251874062969,
microsomal_clearance,15,1,joint_w1,joint_w0,True,311,183,5.106913183279743,5.469453376205788,-0.362540192926045,-0.6126604428416318,-0.11817732053784441,6.628453850676072,2.1605053391428735,10.957696733291497,0.001999000499750125,
microsomal_clearance,15,1,joint_w3,joint_w0,True,311,183,4.937031082529474,5.469453376205788,-0.532422293676313,-0.80362445525489,-0.3040864700318648,9.73446991965512,5.619728431852534,14.585281660509398,0.0009995002498750624,
microsomal_clearance,15,1,joint_tuned,joint_w0,True,311,183,5.12566988210075,5.469453376205788,-0.3437834941050375,-0.5389173070515222,-0.1559406502016131,6.285518322555367,2.762227922648396,9.923298995226762,0.001999000499750125,
microsomal_clearance,15,1,joint_tuned,analytic_ei,True,311,183,5.12566988210075,4.987942122186495,0.13772775991425515,-0.2698116561772011,0.5782964782964785,-2.7612140746709626,-12.257729163806317,5.235118272997256,0.5027486256871564,
microsomal_clearance,15,1,joint_tuned,ppo_phi_ei,True,311,183,5.12566988210075,4.954983922829582,0.1706859592711683,-0.20678259347217143,0.597217120492202,-3.444732857451866,-12.676913940506498,4.094449382407425,0.38780609695152424,
microsomal_clearance,15,1,joint_tuned,joint_tuned_ei,True,311,183,5.12566988210075,5.015809217577706,0.10986066452304397,-0.0678004165691302,0.29914872383317004,-2.1902879427319846,-6.162731231332567,1.29384766818673,0.22788605697151423,
microsomal_clearance,15,1,joint_w0,joint_w0_ei,False,311,183,5.469453376205788,5.306002143622722,0.1634512325830654,-0.03918945212639039,0.3583104618004054,-3.080496919503091,-7.077989819158571,0.6869537149332962,0.1199400299850075,
microsomal_clearance,15,1,joint_w0.1,joint_w0.1_ei,False,311,183,5.427652733118971,5.261789924973204,0.16586280814576634,-0.014816103025114151,0.3304593520856497,-3.1522126597749263,-6.396930427849791,0.28725649412699567,0.06996501749125437,
microsomal_clearance,15,1,joint_w0.3,joint_w0.3_ei,False,311,183,5.271972132904609,5.128617363344051,0.14335476956055732,-0.06214712994781718,0.3476702657807307,-2.7951933124347033,-7.025103542131354,1.1434738153610955,0.15892053973013492,
microsomal_clearance,15,1,joint_w1,joint_w1_ei,False,311,183,5.106913183279743,5.041264737406216,0.06564844587352629,-0.15154796833223635,0.2536877163145961,-1.3022217497608295,-5.241853890419567,2.8821217506644703,0.5297351324337831,
microsomal_clearance,15,1,joint_w3,joint_w3_ei,False,311,183,4.937031082529474,4.765005359056806,0.17202572347266887,-0.004607234511674927,0.34635758673455985,-3.610189506832353,-7.431290472446789,0.08930776693404059,0.05697151424287856,
microsomal_clearance,15,1,joint_w0,analytic_ei,False,311,183,5.469453376205788,4.987942122186495,0.4815112540192926,0.08692432219801502,0.889603919631093,-9.65350523771153,-18.78999510137172,-1.6872987624404485,0.013993003498250875,
microsomal_clearance,15,2,joint_w0.1,joint_w0,True,311,183,3.872990353697749,3.842175777063237,0.030814576634512335,-0.15620197622996126,0.2225526854527938,-0.802008508264167,-5.723321772398332,4.038112757698793,0.7646176911544228,
microsomal_clearance,15,2,joint_w0.3,joint_w0,True,311,183,3.7296355841371915,3.842175777063237,-0.11254019292604502,-0.31878412842102205,0.09888692462755273,2.9290745519213446,-2.5702203322024193,8.23029647921734,0.28285857071464265,
microsomal_clearance,15,2,joint_w1,joint_w0,True,311,183,3.621114683815648,3.842175777063237,-0.22106109324758844,-0.4347736136933151,-0.03238265002970898,5.753539298416918,0.8277578203989095,11.262347458622605,0.01999000499750125,
microsomal_clearance,15,2,joint_w3,joint_w0,True,311,183,3.407824222936763,3.842175777063237,-0.4343515541264737,-0.6282762521043772,-0.23488889155027562,11.304832973010676,6.147566211610741,16.133978276364765,0.0009995002498750624,
microsomal_clearance,15,2,joint_tuned,joint_w0,True,311,183,3.6152197213290465,3.842175777063237,-0.22695605573419073,-0.3799121233167419,-0.07182419981696044,5.906967013041348,1.8800673956629856,9.776222708439315,0.00399800099950025,
microsomal_clearance,15,2,joint_tuned,analytic_ei,True,311,183,3.6152197213290465,3.491961414790997,0.12325830653804931,-0.1876205029954688,0.46183435253533983,-3.5297728667894464,-14.125820025228988,5.181578002692812,0.4397801099450275,
microsomal_clearance,15,2,joint_tuned,ppo_phi_ei,True,311,183,3.6152197213290465,3.5361736334405145,0.07904608788853162,-0.19527442226890762,0.4103062663124534,-2.2353565204213175,-12.090938173514122,5.382918582243707,0.6176911544227887,
microsomal_clearance,15,2,joint_tuned,joint_tuned_ei,True,311,183,3.6152197213290465,3.4509646302250805,0.16425509110396574,0.0015845070422535147,0.31986885491606704,-4.759686311049002,-9.371785550155574,-0.046900825673341404,0.04997501249375312,
microsomal_clearance,15,2,joint_w0,joint_w0_ei,False,311,183,3.842175777063237,3.666130760986066,0.17604501607717052,-0.0027745461378237976,0.345712150040772,-4.801929542464567,-9.73972198430399,0.07348657699869407,0.057971014492753624,
microsomal_clearance,15,2,joint_w0.1,joint_w0.1_ei,False,311,183,3.872990353697749,3.704983922829582,0.16800643086816724,0.006789687213715543,0.31120420445796476,-4.534606205250592,-8.485087858418582,-0.186948518597351,0.04297851074462768,
microsomal_clearance,15,2,joint_w0.3,joint_w0.3_ei,False,311,183,3.7296355841371915,3.522508038585209,0.20712754555198287,0.0317735381231439,0.3848885362854862,-5.880115624524561,-11.09287573817128,-0.9133955801918168,0.02498750624687656,
microsomal_clearance,15,2,joint_w1,joint_w1_ei,False,311,183,3.621114683815648,3.4581993569131835,0.1629153269024652,-0.045170243403938964,0.35513110626261724,-4.710987137765363,-10.319049279251356,1.258160733123991,0.12693653173413294,
microsomal_clearance,15,2,joint_w3,joint_w3_ei,False,311,183,3.407824222936763,3.2315112540192925,0.17631296891747056,0.041666666666666685,0.30564393939393936,-5.456053067993365,-9.465174548203853,-1.3307900587094343,0.013993003498250875,
microsomal_clearance,15,2,joint_w0,analytic_ei,False,311,183,3.842175777063237,3.491961414790997,0.3502143622722401,0.04378621750757416,0.6852576003713158,-10.029158993247389,-20.980715742898507,-1.187060041454637,0.02798600699650175,
microsomal_clearance,15,3,joint_w0.1,joint_w0,True,311,183,3.1061093247588425,3.0080385852090035,0.09807073954983923,-0.06216769366877944,0.28003006062737074,-3.2602886157135154,-9.267197492989732,2.0463283644366097,0.2368815592203898,
microsomal_clearance,15,3,joint_w0.3,joint_w0,True,311,183,2.9131832797427655,3.0080385852090035,-0.09485530546623798,-0.2640694844989186,0.0823396849593494,3.153393907001605,-2.7707976048119582,8.69124996758588,0.2768615692153923,
microsomal_clearance,15,3,joint_w1,joint_w0,True,311,183,2.883172561629153,3.0080385852090035,-0.12486602357984998,-0.3053145386260272,0.03047462982929973,4.151077854979528,-1.0180550088583402,9.974450102463486,0.12293853073463268,
microsomal_clearance,15,3,joint_w3,joint_w0,True,311,183,2.6725616291532694,3.0080385852090035,-0.3354769560557342,-0.5079806510062772,-0.17123482578028046,11.152681275610185,5.865943889042325,16.371858377198375,0.0009995002498750624,
microsomal_clearance,15,3,joint_tuned,joint_w0,True,311,183,2.863344051446945,3.0080385852090035,-0.1446945337620579,-0.2795399712379367,0.006844684041782917,4.810261892036362,-0.22067459134449322,9.474053471900993,0.05697151424287856,
microsomal_clearance,15,3,joint_tuned,analytic_ei,True,311,183,2.863344051446945,2.6583601286173635,0.204983922829582,-0.03802327444618035,0.4394271944642009,-7.710916238282415,-17.103947156030493,1.42258129863991,0.095952023988006,
microsomal_clearance,15,3,joint_tuned,ppo_phi_ei,True,311,183,2.863344051446945,2.744908896034298,0.1184351554126474,-0.092620018115942,0.36601343792486946,-4.314720812182729,-13.95461614706612,3.318138680657598,0.28285857071464265,
microsomal_clearance,15,3,joint_tuned,joint_tuned_ei,True,311,183,2.863344051446945,2.693193997856377,0.17015005359056806,0.059077196698164414,0.270373729407641,-6.317779325440253,-10.21142428068742,-2.13567726986454,0.0029985007496251873,
microsomal_clearance,15,3,joint_w0,joint_w0_ei,False,311,183,3.0080385852090035,2.8512861736334405,0.15675241157556274,0.03177445817360781,0.276536487646086,-5.497603608683404,-9.742339936697261,-1.0799366482810622,0.009995002498750625,
microsomal_clearance,15,3,joint_w0.1,joint_w0.1_ei,False,311,183,3.1061093247588425,2.9038049303322615,0.20230439442658096,0.09993791744330541,0.30556024774774776,-6.966872750761283,-10.582057337495383,-3.3792174464866562,0.0009995002498750624,
microsomal_clearance,15,3,joint_w0.3,joint_w0.3_ei,False,311,183,2.9131832797427655,2.708735262593784,0.20444801714898175,0.09491005256540692,0.30691468253968235,-7.547729745771085,-11.549389622000353,-3.5607625775455376,0.0009995002498750624,
microsomal_clearance,15,3,joint_w1,joint_w1_ei,False,311,183,2.883172561629153,2.6663987138263665,0.21677384780278672,0.07259808570142731,0.3531924781630114,-8.12983619736709,-13.22921195973187,-2.7638669106322586,0.001999000499750125,
microsomal_clearance,15,3,joint_w3,joint_w3_ei,False,311,183,2.6725616291532694,2.5388531618435155,0.1337084673097535,0.049702057453416146,0.20904163828337863,-5.266490765171522,-8.275779556674063,-1.9786556507529858,0.0029985007496251873,
microsomal_clearance,15,3,joint_w0,analytic_ei,False,311,183,3.0080385852090035,2.6583601286173635,0.34967845659163993,0.10353436139902188,0.6106075221670076,-13.153915935893563,-23.821211068062066,-3.736122590787363,0.001999000499750125,
microsomal_clearance,15,4,joint_w0.1,joint_w0,True,311,183,2.6618435155412645,2.605573419078242,0.05627009646302254,-0.09475649653371944,0.2137447027991523,-2.159605100781571,-8.204537836660831,3.6595436657303217,0.48075962018990503,
microsomal_clearance,15,4,joint_w0.3,joint_w0,True,311,183,2.451500535905681,2.605573419078242,-0.1540728831725616,-0.28658044908348623,-0.014928578958465128,5.913204442616187,0.5664428452065697,10.841902952920902,0.03498250874562719,
microsomal_clearance,15,4,joint_w1,joint_w0,True,311,183,2.4059485530546625,2.605573419078242,-0.19962486602357984,-0.35331729346049395,-0.05879432624113478,7.661456190867945,2.3283642896743655,12.942903639101212,0.005997001499250375,
microsomal_clearance,15,4,joint_w3,joint_w0,True,311,183,2.262057877813505,2.605573419078242,-0.34351554126473743,-0.5049368899554653,-0.19618021801648547,13.183874948580817,8.00201566273348,18.93320806167106,0.0009995002498750624,
microsomal_clearance,15,4,joint_tuned,joint_w0,True,311,183,2.452304394426581,2.605573419078242,-0.1532690246516613,-0.28144082316725116,-0.02900691909161915,5.88235294117646,1.0989917074583055,10.78126467080028,0.01999000499750125,
microsomal_clearance,15,4,joint_tuned,analytic_ei,True,311,183,2.452304394426581,2.3207395498392285,0.13156484458735265,-0.0878672975125912,0.3456101311993028,-5.669091328945844,-15.636397714680713,3.68261663528587,0.22788605697151423,
microsomal_clearance,15,4,joint_tuned,ppo_phi_ei,True,311,183,2.452304394426581,2.3796891747052515,0.07261521972132907,-0.14238290664138123,0.29623266614338023,-3.051458169125116,-13.228291561804221,5.710396363710321,0.5187406296851574,
microsomal_clearance,15,4,joint_tuned,joint_tuned_ei,True,311,183,2.452304394426581,2.335744908896034,0.11655948553054665,0.035086402191665346,0.202827366094211,-4.990248938855125,-8.810349709319954,-1.4935280453742241,0.0029985007496251873,
microsomal_clearance,15,4,joint_w0,joint_w0_ei,False,311,183,2.605573419078242,2.4568595927116825,0.1487138263665595,0.0633200320854529,0.24186871350637174,-6.053004689715347,-9.790017754941724,-2.60035170799522,0.0009995002498750624,
microsomal_clearance,15,4,joint_w0.1,joint_w0.1_ei,False,311,183,2.6618435155412645,2.503483386923901,0.15836012861736337,0.07638186083151252,0.24721335661808985,-6.325591351814199,-9.888892476742832,-3.0129085509340428,0.0009995002498750624,
microsomal_clearance,15,4,joint_w0.3,joint_w0.3_ei,False,311,183,2.451500535905681,2.3073419078242225,0.14415862808145768,0.06033781430737762,0.24071172248803807,-6.247822552549098,-10.46209027809431,-2.674248838886002,0.0009995002498750624,
microsomal_clearance,15,4,joint_w1,joint_w1_ei,False,311,183,2.4059485530546625,2.2692926045016075,0.13665594855305468,0.04282535173160173,0.2268327432506242,-6.021962451292964,-10.090567508486123,-1.9425830181484274,0.001999000499750125,
microsomal_clearance,15,4,joint_w3,joint_w3_ei,False,311,183,2.262057877813505,2.165326902465166,0.09673097534833869,0.026322946410933315,0.1619598971699458,-4.467268902363582,-7.417185513043349,-1.2866138159015468,0.0079960019990005,
microsomal_clearance,15,4,joint_w0,analytic_ei,False,311,183,2.605573419078242,2.3207395498392285,0.28483386923901394,0.06314195315815874,0.5146534120769581,-12.273409537004948,-23.394317400608067,-2.6842633630185473,0.012993503248375811,
in_vivo_clearance,15,1,joint_w0.1,joint_w0,True,20,16,9.404166666666667,9.104166666666668,0.3000000000000001,-0.6064814814814814,1.2339843750000001,-3.2951945080091414,-13.894170168067232,6.7815749901951135,0.526736631684158,
in_vivo_clearance,15,1,joint_w0.3,joint_w0,True,20,16,9.233333333333333,9.104166666666668,0.1291666666666666,-0.7468750000000003,1.270963541666666,-1.4187643020594742,-14.649314550164446,8.128962868721132,0.7736131934032984,
in_vivo_clearance,15,1,joint_w1,joint_w0,True,20,16,8.804166666666665,9.104166666666668,-0.29999999999999993,-1.6553030303030305,1.0627003205128194,3.29519450800918,-12.105557974060988,17.714935412142246,0.6866566716641679,
in_vivo_clearance,15,1,joint_w3,joint_w0,True,20,16,8.7875,9.104166666666668,-0.3166666666666666,-1.8546875,0.9166666666666669,3.4782608695652337,-10.015165324043522,20.112327080615394,0.6606696651674163,
in_vivo_clearance,15,1,joint_tuned,joint_w0,True,20,16,9.524999999999999,9.104166666666668,0.4208333333333332,-0.634490740740741,1.4334374999999993,-4.622425629290588,-16.505871059467843,6.775202430279644,0.4337831084457771,
in_vivo_clearance,15,1,joint_tuned,analytic_ei,True,20,16,9.524999999999999,6.925,2.6,0.5230034722222221,4.7131076388888875,-37.5451263537906,-98.69384175887757,-5.732757144569443,0.012993503248375811,
in_vivo_clearance,15,1,joint_tuned,ppo_phi_ei,True,20,16,9.524999999999999,7.4833333333333325,2.0416666666666665,0.015151515151515256,4.661472800925926,-27.282850779510017,-82.18692434562826,-0.18869680330025757,0.04997501249375312,
in_vivo_clearance,15,1,joint_tuned,joint_tuned_ei,True,20,16,9.524999999999999,8.454166666666666,1.0708333333333333,0.40052083333333316,1.8259469696969688,-12.666338097585014,-23.232409640688704,-4.675574767580936,0.0009995002498750624,
in_vivo_clearance,15,1,joint_w0,joint_w0_ei,False,20,16,9.104166666666668,8.404166666666665,0.6999999999999998,0.09026442307692276,1.5208333333333333,-8.329201784828989,-19.5979262672811,-0.927970141900407,0.02498750624687656,
in_vivo_clearance,15,1,joint_w0.1,joint_w0.1_ei,False,20,16,9.404166666666667,8.712499999999999,0.6916666666666668,0.020785984848484776,1.5627604166666653,-7.938785270205663,-20.42773578733515,-0.2388976532982447,0.04397801099450275,
in_vivo_clearance,15,1,joint_w0.3,joint_w0.3_ei,False,20,16,9.233333333333333,8.262500000000001,0.9708333333333334,0.35572916666666654,1.7763020833333323,-11.749873928391303,-22.613065326633162,-4.37103491936559,0.0029985007496251873,
in_vivo_clearance,15,1,joint_w1,joint_w1_ei,False,20,16,8.804166666666665,7.775,1.0291666666666668,0.29156250000000017,2.033029513888886,-13.236870310825273,-29.568152257377033,-3.730953185830198,0.0069965017491254375,
in_vivo_clearance,15,1,joint_w3,joint_w3_ei,False,20,16,8.7875,7.612499999999999,1.1750000000000003,0.5166287878787879,1.8598800505050506,-15.43513957307062,-25.747162898926156,-6.876167851289914,0.001999000499750125,
in_vivo_clearance,15,1,joint_w0,analytic_ei,False,20,16,9.104166666666668,6.925,2.1791666666666663,-0.356221590909091,5.047005208333332,-31.468110709987986,-107.36255939711558,3.9069279338776814,0.09895052473763119,
in_vivo_clearance,15,2,joint_w0.1,joint_w0,True,20,16,6.670833333333334,6.933333333333333,-0.26250000000000007,-1.1203703703703705,0.5749999999999998,3.7860576923076694,-9.42020356139404,14.45359732354171,0.5177411294352824,
in_vivo_clearance,15,2,joint_w0.3,joint_w0,True,20,16,7.2333333333333325,6.933333333333333,0.2999999999999999,-0.36467013888888916,1.1462384259259237,-4.326923076923075,-18.97286066155915,4.907580505617522,0.4497751124437781,
in_vivo_clearance,15,2,joint_w1,joint_w0,True,20,16,6.7333333333333325,6.933333333333333,-0.2000000000000001,-1.2250568181818184,0.9166666666666664,2.8846153846153872,-15.380629960338077,16.6328272340188,0.6626686656671664,
in_vivo_clearance,15,2,joint_w3,joint_w0,True,20,16,6.370833333333333,6.933333333333333,-0.5625,-1.8935763888888886,0.5559374999999981,8.11298076923077,-9.133690566054277,25.017859993153188,0.3268365817091454,
in_vivo_clearance,15,2,joint_tuned,joint_w0,True,20,16,7.254166666666667,6.933333333333333,0.3208333333333332,-0.3792939814814817,1.0833333333333333,-4.627403846153865,-17.87358262720537,4.792354216968702,0.37681159420289856,
in_vivo_clearance,15,2,joint_tuned,analytic_ei,True,20,16,7.254166666666667,4.9,2.3541666666666665,0.19488636363636375,4.69275173611111,-48.04421768707483,-141.5417319749216,-2.754644106916837,0.03398300849575212,
in_vivo_clearance,15,2,joint_tuned,ppo_phi_ei,True,20,16,7.254166666666667,4.804166666666667,2.45,0.27989267676767626,4.780717329545452,-50.99739809193409,-142.64690026954176,-4.121644855610597,0.026986506746626688,
in_vivo_clearance,15,2,joint_tuned,joint_tuned_ei,True,20,16,7.254166666666667,6.645833333333333,0.6083333333333334,-0.00972222222222218,1.4333796296296295,-9.153605015673996,-22.765552499005704,0.13781127202083138,0.053973013493253376,
in_vivo_clearance,15,2,joint_w0,joint_w0_ei,False,20,16,6.933333333333333,6.3291666666666675,0.6041666666666667,0.060094246031746124,1.2777777777777777,-9.545753785385097,-23.022801312980494,-0.7883142768654589,0.02798600699650175,
in_vivo_clearance,15,2,joint_w0.1,joint_w0.1_ei,False,20,16,6.670833333333334,6.283333333333333,0.38749999999999984,-0.3750000000000001,1.384288194444444,-6.1671087533156665,-25.191349971006733,5.3462834775320465,0.33683158420789605,
in_vivo_clearance,15,2,joint_w0.3,joint_w0.3_ei,False,20,16,7.2333333333333325,6.429166666666667,0.8041666666666665,0.26380208333333305,1.5788194444444437,-12.508101101749817,-26.967656961940502,-3.793463531565565,0.0029985007496251873,
in_vivo_clearance,15,2,joint_w1,joint_w1_ei,False,20,16,6.7333333333333325,5.716666666666667,1.0166666666666664,0.35827651515151504,1.8791927083333329,-17.784256559766746,-35.87312309305432,-6.373459517847503,0.0009995002498750624,
in_vivo_clearance,15,2,joint_w3,joint_w3_ei,False,20,16,6.370833333333333,5.945833333333333,0.42500000000000016,-0.2196969696969696,1.3489583333333335,-7.1478626489138035,-25.69116055409067,3.457757626249678,0.23388305847076463,
in_vivo_clearance,15,2,joint_w0,analytic_ei,False,20,16,6.933333333333333,4.9,2.0333333333333337,-0.11475694444444443,4.792129629629628,-41.496598639455755,-149.24260355029585,1.6929356663585544,0.07096451774112944,
in_vivo_clearance,15,3,joint_w0.1,joint_w0,True,20,16,5.3875,5.316666666666667,0.07083333333333326,-0.5709143518518522,0.8194791666666663,-1.3322884012539093,-16.700951075951078,10.074425173182236,0.8825587206396801,
in_vivo_clearance,15,3,joint_w0.3,joint_w0,True,20,16,5.6875,5.316666666666667,0.37083333333333324,-0.27924768518518517,1.2596064814814794,-6.974921630094031,-25.38549067472327,5.029294317884255,0.34182908545727136,
in_vivo_clearance,15,3,joint_w1,joint_w0,True,20,16,5.654166666666667,5.316666666666667,0.33749999999999997,-0.47572337962962963,1.2448271780303028,-6.34796238244513,-25.916285312333244,7.865000871383752,0.4387806096951524,
in_vivo_clearance,15,3,joint_w3,joint_w0,True,20,16,5.145833333333334,5.316666666666667,-0.17083333333333334,-0.9002864583333334,0.6833506944444444,3.2131661442006276,-14.30028386266522,15.652475645851892,0.6506746626686657,
in_vivo_clearance,15,3,joint_tuned,joint_w0,True,20,16,5.700000000000001,5.316666666666667,0.38333333333333325,-0.30420138888888887,1.1575231481481476,-7.2100313479623885,-23.799016957704854,5.26441866862277,0.31084457771114443,
in_vivo_clearance,15,3,joint_tuned,analytic_ei,True,20,16,5.700000000000001,3.825,1.875,-0.3334201388888886,3.981481481481481,-49.01960784313727,-148.0292817679558,6.296561553726151,0.0879560219890055,
in_vivo_clearance,15,3,joint_tuned,ppo_phi_ei,True,20,16,5.700000000000001,4.125000000000001,1.5749999999999997,-0.45902777777777776,3.6214109848484832,-38.18181818181818,-116.45367237804213,8.609246521189089,0.11294352823588207,
in_vivo_clearance,15,3,joint_tuned,joint_tuned_ei,True,20,16,5.700000000000001,5.3999999999999995,0.3000000000000002,-0.27777777777777746,1.0417824074074071,-5.555555555555586,-18.931781533683715,5.263371323686339,0.31784107946026985,
in_vivo_clearance,15,3,joint_w0,joint_w0_ei,False,20,16,5.316666666666667,4.966666666666667,0.3500000000000002,-0.227367424242424,1.0313802083333325,-7.0469798657718234,-22.306602101272897,4.4021388087429525,0.25087456271864067,
in_vivo_clearance,15,3,joint_w0.1,joint_w0.1_ei,False,20,16,5.3875,5.158333333333332,0.22916666666666674,-0.5454545454545454,1.083333333333333,-4.442649434571914,-22.210408395349667,10.354676554582204,0.5497251374312844,
in_vivo_clearance,15,3,joint_w0.3,joint_w0.3_ei,False,20,16,5.6875,5.2375,0.45,-0.10651041666666675,1.182291666666667,-8.591885441527449,-23.81959097510532,1.9907608005604376,0.12893553223388307,
in_vivo_clearance,15,3,joint_w1,joint_w1_ei,False,20,16,5.654166666666667,5.0249999999999995,0.6291666666666668,0.14579326923076918,1.3042013888888888,-12.520729684908803,-26.157946286622757,-3.021207481840651,0.0079960019990005,
in_vivo_clearance,15,3,joint_w3,joint_w3_ei,False,20,16,5.145833333333334,4.883333333333333,0.2625000000000001,-0.2884672619047617,1.055729166666666,-5.375426621160432,-22.300123442342613,5.848684210526308,0.447776111944028,
in_vivo_clearance,15,3,joint_w0,analytic_ei,False,20,16,5.316666666666667,3.825,1.491666666666667,-0.3562499999999999,3.5417824074074065,-38.997821350762536,-139.32431823304034,6.715172442142437,0.11394302848575712,
in_vivo_clearance,15,4,joint_w0.1,joint_w0,True,20,16,4.316666666666667,3.9958333333333327,0.3208333333333334,-0.1708449074074074,1.0125,-8.029197080292004,-26.752619531070422,4.167420405209839,0.24587706146926536,
in_vivo_clearance,15,4,joint_w0.3,joint_w0,True,20,16,4.025,3.9958333333333327,0.029166666666666653,-0.5757733585858587,0.9127343749999987,-0.7299270072992954,-24.461050724637683,13.666453272235136,0.9975012493753124,
in_vivo_clearance,15,4,joint_w1,joint_w0,True,20,16,4.320833333333334,3.9958333333333327,0.32500000000000007,-0.40163352272727265,1.1363920454545453,-8.133472367049038,-30.05795073819079,10.014078377801964,0.4367816091954023,
in_vivo_clearance,15,4,joint_w3,joint_w0,True,20,16,3.9458333333333337,3.9958333333333327,-0.050000000000000044,-0.7083333333333334,0.8055989583333332,1.2513034410844366,-21.395837674314514,16.958936416119304,0.8575712143928036,
in_vivo_clearance,15,4,joint_tuned,joint_w0,True,20,16,4.245833333333334,3.9958333333333327,0.2500000000000001,-0.37927083333333317,1.0292476851851848,-6.256517205422338,-26.277066769336386,9.131649400860303,0.5007496251874063,
in_vivo_clearance,15,4,joint_tuned,analytic_ei,True,20,16,4.245833333333334,3.0125,1.2333333333333334,-0.4166666666666664,2.875260416666665,-40.940525587828496,-138.75,10.234760920596036,0.15292353823088456,
in_vivo_clearance,15,4,joint_tuned,ppo_phi_ei,True,20,16,4.245833333333334,3.25,0.9958333333333332,-0.6911221590909092,2.7344815340909085,-30.64102564102565,-115.55092883083299,15.55134856234837,0.23788105947026486,
in_vivo_clearance,15,4,joint_tuned,joint_tuned_ei,True,20,16,4.245833333333334,3.991666666666667,0.25416666666666676,-0.3447916666666665,0.9949218749999994,-6.367432150313146,-25.034186408113605,8.532752712838208,0.46276861569215394,
in_vivo_clearance,15,4,joint_w0,joint_w0_ei,False,20,16,3.9958333333333327,3.5875,0.4083333333333332,-0.09469696969696972,1.0138888888888884,-11.382113821138196,-29.21904374915345,2.4281200039968036,0.12593703148425786,
in_vivo_clearance,15,4,joint_w0.1,joint_w0.1_ei,False,20,16,4.316666666666667,4.166666666666667,0.15,-0.6402067550505051,1.0604166666666655,-3.600000000000008,-27.015719629497685,14.758135772248677,0.6686656671664168,
in_vivo_clearance,15,4,joint_w0.3,joint_w0.3_ei,False,20,16,4.025,3.6583333333333337,0.3666666666666668,-0.21250000000000008,1.1375347222222223,-10.022779043280183,-31.10526479216447,5.663757281746407,0.27786106946526734,
in_vivo_clearance,15,4,joint_w1,joint_w1_ei,False,20,16,4.320833333333334,3.770833333333333,0.55,0.11246527777777773,1.212962962962963,-14.585635359116042,-31.678183004316395,-3.0262606674633523,0.0029985007496251873,
in_vivo_clearance,15,4,joint_w3,joint_w3_ei,False,20,16,3.9458333333333337,3.5666666666666673,0.3791666666666667,-0.193563988095238,1.0741898148148143,-10.630841121495319,-30.557880055788004,5.207417836462183,0.21189405297351324,
in_vivo_clearance,15,4,joint_w0,analytic_ei,False,20,16,3.9958333333333327,3.0125,0.9833333333333332,-0.48409090909090896,2.6065538194444438,-32.64177040110648,-131.61930148041262,11.387425595238074,0.191904047976012,
protein_binding,15,1,joint_w0.1,joint_w0,True,44,29,5.522727272727273,5.856060606060606,-0.3333333333333332,-0.9666776315789473,0.08537456445993037,5.6921086675291015,-1.4523907785017292,17.101068519621467,0.13793103448275862,
protein_binding,15,1,joint_w0.3,joint_w0,True,44,29,5.549242424242425,5.856060606060606,-0.3068181818181817,-1.0346401113467656,0.33333333333333337,5.23932729624838,-6.4498976297346235,17.15086169846998,0.3378310844577711,
protein_binding,15,1,joint_w1,joint_w0,True,44,29,5.486742424242424,5.856060606060606,-0.36931818181818166,-1.012667748917749,0.08695853462157824,6.3065976714101035,-1.504232966136274,18.280047432035587,0.13093453273363317,
protein_binding,15,1,joint_w3,joint_w0,True,44,29,5.2481060606060606,5.856060606060606,-0.6079545454545455,-1.1796527777777777,-0.00482570806100259,10.381630012936618,0.09218555691083839,19.334320562123054,0.04997501249375312,
protein_binding,15,1,joint_tuned,joint_w0,True,44,29,5.303030303030304,5.856060606060606,-0.5530303030303029,-1.2094610682110682,0.10418154761904756,9.443725743855104,-2.0069913065049225,20.69819766407776,0.09695152423788106,
protein_binding,15,1,joint_tuned,analytic_ei,True,44,29,5.303030303030304,5.488636363636363,-0.18560606060606064,-1.2674522425249173,0.6667792792792788,3.3816425120772777,-13.281631273020256,22.95894503592746,0.6846576711644178,
protein_binding,15,1,joint_tuned,ppo_phi_ei,True,44,29,5.303030303030304,5.549242424242425,-0.24621212121212127,-1.3496387012012014,0.7076430572228883,4.436860068259383,-14.229275290616622,23.091853025988506,0.5517241379310345,
protein_binding,15,1,joint_tuned,joint_tuned_ei,True,44,29,5.303030303030304,5.015151515151516,0.28787878787878773,-0.11430019305019298,0.6126126126126125,-5.7401812688821785,-13.529130055487185,2.2641133339437176,0.16591704147926037,
protein_binding,15,1,joint_w0,joint_w0_ei,False,44,29,5.856060606060606,5.299242424242423,0.5568181818181817,0.009510939510939303,1.0720223063973062,-10.507505360972155,-22.65705076536063,-0.19251849969418094,0.04297851074462768,
protein_binding,15,1,joint_w0.1,joint_w0.1_ei,False,44,29,5.522727272727273,5.0018939393939394,0.5208333333333331,0.008251262626262525,0.939721466270823,-10.412722453616066,-20.11674585150535,-0.13887685725230617,0.04597701149425287,
protein_binding,15,1,joint_w0.3,joint_w0.3_ei,False,44,29,5.549242424242425,5.125000000000001,0.4242424242424242,-0.10186507936507937,0.8212530307822054,-8.27790096082778,-17.350244113755988,1.912573670347716,0.11594202898550725,
protein_binding,15,1,joint_w1,joint_w1_ei,False,44,29,5.486742424242424,4.884469696969696,0.6022727272727274,0.0072916666666667075,1.0461449131891558,-12.33036060488562,-22.452126359525842,-0.13194295167790168,0.04897551224387806,
protein_binding,15,1,joint_w3,joint_w3_ei,False,44,29,5.2481060606060606,4.909090909090909,0.3390151515151515,-0.0893013784461153,0.7162907268170424,-6.905864197530862,-15.734144144144146,1.6762026696029666,0.111944027986007,
protein_binding,15,1,joint_w0,analytic_ei,False,44,29,5.856060606060606,5.488636363636363,0.3674242424242422,-0.7310546398046399,1.2430719339622642,-6.694271911663228,-24.82677514970419,12.644365698922169,0.4757621189405297,
protein_binding,15,2,joint_w0.1,joint_w0,True,44,29,3.5265151515151514,3.5265151515151505,2.5232341468753557e-17,-0.41229114452798665,0.2685307017543859,-2.5185725327694212e-14,-7.2594444444444495,13.293330484816137,0.9505247376311844,
protein_binding,15,2,joint_w0.3,joint_w0,True,44,29,3.2878787878787876,3.5265151515151505,-0.23863636363636365,-0.8874032235360357,0.12681365283267468,6.766917293233063,-3.637304031354984,26.312648092682494,0.29685157421289354,
protein_binding,15,2,joint_w1,joint_w0,True,44,29,3.4128787878787885,3.5265151515151505,-0.11363636363636367,-0.7747100669536107,0.3210418089708561,3.222341568206184,-7.992241298230542,24.477286508356066,0.623688155922039,
protein_binding,15,2,joint_w3,joint_w0,True,44,29,3.1420454545454546,3.5265151515151505,-0.3844696969696969,-0.8181902356902357,0.02317251461988287,10.902255639097717,-0.8049689286413748,22.081727436327395,0.06296851574212893,
protein_binding,15,2,joint_tuned,joint_w0,True,44,29,3.0681818181818183,3.5265151515151505,-0.45833333333333326,-1.0000968992248063,-0.004322612085770251,12.996777658431764,0.1665714132628431,27.707646377500517,0.04997501249375312,
protein_binding,15,2,joint_tuned,analytic_ei,True,44,29,3.0681818181818183,2.977272727272727,0.09090909090909095,-0.6831116514111364,0.780136846405229,-3.053435114503829,-27.133364323345024,23.998309656204384,0.7986006996501749,
protein_binding,15,2,joint_tuned,ppo_phi_ei,True,44,29,3.0681818181818183,3.035984848484848,0.03219696969696981,-0.8116474850809886,0.9223902629233511,-1.0605115408609014,-34.68400569036109,26.990583456330203,0.9475262368815592,
protein_binding,15,2,joint_tuned,joint_tuned_ei,True,44,29,3.0681818181818183,2.899621212121212,0.16856060606060608,-0.07031249999999979,0.3650835866261397,-5.8131939908556625,-13.724801651868036,2.3560981383763426,0.16891554222888555,
protein_binding,15,2,joint_w0,joint_w0_ei,False,44,29,3.5265151515151505,3.147727272727272,0.37878787878787873,-0.016249061561561504,0.7499999999999999,-12.033694344163651,-25.744947582698412,0.4985086452163371,0.06096951524237881,
protein_binding,15,2,joint_w0.1,joint_w0.1_ei,False,44,29,3.5265151515151514,3.25,0.27651515151515144,-0.12312334656084663,0.6399553571428568,-8.508158508158504,-22.045494492617767,4.063721498971908,0.18490754622688654,
protein_binding,15,2,joint_w0.3,joint_w0.3_ei,False,44,29,3.2878787878787876,2.9886363636363638,0.2992424242424243,-0.08547297297297289,0.6135090125391851,-10.012674271229391,-19.69816313646963,2.7420933426574967,0.1359320339830085,
protein_binding,15,2,joint_w1,joint_w1_ei,False,44,29,3.4128787878787885,2.9810606060606064,0.4318181818181817,-1.164101494937845e-17,0.778764096725222,-14.485387547649308,-24.696866391219693,6.258814063554382e-16,0.051974012993503245,
protein_binding,15,2,joint_w3,joint_w3_ei,False,44,29,3.1420454545454546,2.9564393939393936,0.18560606060606058,-0.11805555555555565,0.45390070921985803,-6.27802690582961,-18.104752558879056,3.9749062662178054,0.22588705647176413,
protein_binding,15,2,joint_w0,analytic_ei,False,44,29,3.5265151515151505,2.977272727272727,0.5492424242424242,-0.2239080774853801,1.2344050480769226,-18.4478371501272,-40.76900080592828,8.450169193726802,0.16391804097951024,
protein_binding,15,3,joint_w0.1,joint_w0,True,44,29,2.6003787878787885,2.5606060606060606,0.039772727272727265,-0.34024669200450447,0.2943291962174941,-1.5532544378698494,-11.468853460190928,15.835602505946403,0.8345827086456772,
protein_binding,15,3,joint_w0.3,joint_w0,True,44,29,2.365530303030303,2.5606060606060606,-0.1950757575757576,-0.5175471823498139,0.04253581240188372,7.618343195266264,-1.735063324987237,24.121251993620415,0.12393803098450774,
protein_binding,15,3,joint_w1,joint_w0,True,44,29,2.5757575757575757,2.5606060606060606,0.015151515151515138,-0.4787109375,0.37511574074074006,-0.5917159763313604,-12.300040554326346,23.01024670913159,0.9785107446276862,
protein_binding,15,3,joint_w3,joint_w0,True,44,29,2.270833333333333,2.5606060606060606,-0.2897727272727273,-0.6005994073275863,0.07382239382239371,11.316568047337288,-4.016712650976459,21.829689574584407,0.12593703148425786,
protein_binding,15,3,joint_tuned,joint_w0,True,44,29,2.232954545454546,2.5606060606060606,-0.3276515151515152,-0.6250204248366013,0.004901960784313741,12.795857988165665,-0.2667159180457071,24.1861978194774,0.057971014492753624,
protein_binding,15,3,joint_tuned,analytic_ei,True,44,29,2.232954545454546,2.2613636363636362,-0.028409090909090898,-0.6320023148148148,0.5153960268317851,1.2562814070351527,-30.639780931043063,27.748438900564135,0.9465267366316842,
protein_binding,15,3,joint_tuned,ppo_phi_ei,True,44,29,2.232954545454546,2.285984848484848,-0.05303030303030301,-0.6226345189238485,0.48414987789987773,2.3198011599005492,-31.838201038796264,27.098380687174565,0.8825587206396801,
protein_binding,15,3,joint_tuned,joint_tuned_ei,True,44,29,2.232954545454546,2.0568181818181817,0.17613636363636365,0.04059684684684686,0.30994761208577004,-8.563535911602239,-17.863248857385262,-2.528953997212745,0.01199400299850075,
protein_binding,15,3,joint_w0,joint_w0_ei,False,44,29,2.5606060606060606,2.3011363636363638,0.2594696969696969,0.048221906116642996,0.42973979250334665,-11.275720164609046,-17.80526978516768,-2.6648556951614046,0.01199400299850075,
protein_binding,15,3,joint_w0.1,joint_w0.1_ei,False,44,29,2.6003787878787885,2.2878787878787876,0.3125,0.0908886158886159,0.49569148158971366,-13.658940397351033,-22.649812734082392,-5.168107946236331,0.001999000499750125,
protein_binding,15,3,joint_w0.3,joint_w0.3_ei,False,44,29,2.365530303030303,2.0530303030303028,0.31249999999999994,0.02450189753320681,0.5597534954537652,-15.221402214022163,-22.700006404535966,-1.6003203241571011,0.015992003998001,
protein_binding,15,3,joint_w1,joint_w1_ei,False,44,29,2.5757575757575757,2.145833333333333,0.42992424242424243,0.06428571428571428,0.7585098870056494,-20.03530450132393,-27.327965229516177,-4.211393891295726,0.01199400299850075,
protein_binding,15,3,joint_w3,joint_w3_ei,False,44,29,2.270833333333333,2.125,0.14583333333333337,0.004747023809523793,0.28474702380952377,-6.862745098039202,-15.956609914716797,-0.27005801613131686,0.04397801099450275,
protein_binding,15,3,joint_w0,analytic_ei,False,44,29,2.5606060606060606,2.2613636363636362,0.29924242424242425,-0.4533269817073171,0.8658200702769739,-13.232830820770522,-46.103914688168835,20.56910423030083,0.35782108945527236,
protein_binding,15,4,joint_w0.1,joint_w0,True,44,29,2.214015151515152,2.1666666666666665,0.04734848484848486,-0.34869458274063536,0.3259403460837886,-2.1853146853147067,-13.974958487288212,18.658146126390875,0.8405797101449275,
protein_binding,15,4,joint_w0.3,joint_w0,True,44,29,2.0303030303030303,2.1666666666666665,-0.13636363636363638,-0.41892981691368775,0.05395121758380756,6.293706293706289,-2.5518341307815,21.824028739859262,0.20089955022488756,
protein_binding,15,4,joint_w1,joint_w0,True,44,29,2.225378787878788,2.1666666666666665,0.058712121212121215,-0.40691844919786097,0.38672820060483865,-2.7097902097902256,-15.497342954367747,21.713990074731978,0.8705647176411794,
protein_binding,15,4,joint_w3,joint_w0,True,44,29,1.9147727272727268,2.1666666666666665,-0.2518939393939394,-0.5336612654320988,0.10369991702228488,11.62587412587414,-6.271462936480127,21.416006747135274,0.15892053973013492,
protein_binding,15,4,joint_tuned,joint_w0,True,44,29,1.8541666666666665,2.1666666666666665,-0.3125,-0.5923437500000001,-0.010648148148148344,14.423076923076923,0.7206460329157459,24.07102041370324,0.044977511244377814,
protein_binding,15,4,joint_tuned,analytic_ei,True,44,29,1.8541666666666665,1.6590909090909092,0.1950757575757576,-0.20605422576832144,0.5087492226368157,-11.757990867579895,-37.12341437632136,12.08115506888025,0.31984007996002,
protein_binding,15,4,joint_tuned,ppo_phi_ei,True,44,29,1.8541666666666665,1.7102272727272727,0.14393939393939392,-0.20477106227106226,0.4619251253132832,-8.416389811738641,-34.64925940275378,11.988173777357341,0.37381309345327335,
protein_binding,15,4,joint_tuned,joint_tuned_ei,True,44,29,1.8541666666666665,1.674242424242424,0.1799242424242424,0.0648148148148148,0.287037037037037,-10.74660633484163,-17.66622622539525,-4.811955631653391,0.0029985007496251873,
protein_binding,15,4,joint_w0,joint_w0_ei,False,44,29,2.1666666666666665,1.912878787878788,0.25378787878787873,0.08333333333333334,0.39587602459016374,-13.267326732673249,-19.605031091653025,-5.749401082240222,0.0009995002498750624,
protein_binding,15,4,joint_w0.1,joint_w0.1_ei,False,44,29,2.214015151515152,1.948863636363636,0.2651515151515152,0.06530280280280282,0.43572172619047617,-13.605442176870783,-24.961237995720747,-4.6565639138103,0.0069965017491254375,
protein_binding,15,4,joint_w0.3,joint_w0.3_ei,False,44,29,2.0303030303030303,1.7481060606060608,0.28219696969696967,0.047585978835978836,0.48564891355691997,-16.14301191765979,-23.172615835181816,-3.4933590017035416,0.008995502248875561,
protein_binding,15,4,joint_w1,joint_w1_ei,False,44,29,2.225378787878788,1.8409090909090908,0.384469696969697,0.06250000000000003,0.6865147783251232,-20.884773662551456,-28.228470551545936,-4.942640692640707,0.00399800099950025,
protein_binding,15,4,joint_w3,joint_w3_ei,False,44,29,1.9147727272727268,1.740530303030303,0.17424242424242423,0.04760378510378508,0.30024683222345533,-10.01088139281826,-17.20281380667891,-3.4110853592818375,0.0069965017491254375,
protein_binding,15,4,joint_w0,analytic_ei,False,44,29,2.1666666666666665,1.6590909090909092,0.5075757575757576,-0.04739691614691614,0.9327540999237222,-30.593607305936057,-59.34563659854356,3.1134947915757847,0.07296351824087956,
cellular_clearance,15,1,joint_w0.1,joint_w0,True,79,53,6.329113924050634,6.10337552742616,0.22573839662447273,-0.37382461435278336,0.75,-3.6985827860352725,-12.323881618454815,5.798962401107362,0.42978510744627685,
cellular_clearance,15,1,joint_w0.3,joint_w0,True,79,53,5.848101265822786,6.10337552742616,-0.2552742616033756,-0.8897602739726029,0.18120329856948766,4.182509505703406,-3.123710134338605,13.726708399003536,0.3378310844577711,
cellular_clearance,15,1,joint_w1,joint_w0,True,79,53,5.998945147679325,6.10337552742616,-0.10443037974683549,-0.5601957070707071,0.262904106902734,1.7110266159695835,-4.592512710616455,8.644596748123346,0.5937031484257871,
cellular_clearance,15,1,joint_w3,joint_w0,True,79,53,5.968354430379747,6.10337552742616,-0.13502109704641352,-0.6872101449275362,0.3398530982905981,2.2122364327687545,-5.745258979837575,10.976979959275534,0.5987006496751625,
cellular_clearance,15,1,joint_tuned,joint_w0,True,79,53,6.030590717299578,6.10337552742616,-0.07278481012658228,-0.6007268345771143,0.3505514705882349,1.1925337020394045,-5.769508670520234,9.9856703405924,0.7856071964017991,
cellular_clearance,15,1,joint_tuned,analytic_ei,True,79,53,6.030590717299578,5.832278481012659,0.19831223628691988,-1.0102254901960783,1.0955527623670824,-3.400253210345444,-20.96532426963371,16.064740096901858,0.7226386806596702,
cellular_clearance,15,1,joint_tuned,ppo_phi_ei,True,79,53,6.030590717299578,5.8502109704641345,0.18037974683544292,-0.8602705239802017,0.9917893835616431,-3.0833032816444375,-18.23141736794704,13.300726389219939,0.7296351824087957,
cellular_clearance,15,1,joint_tuned,joint_tuned_ei,True,79,53,6.030590717299578,5.60126582278481,0.429324894514768,0.05876319758672706,0.7529808716965046,-7.664783427495299,-13.60182417321666,-1.0995322712603026,0.0239880059970015,
cellular_clearance,15,1,joint_w0,joint_w0_ei,False,79,53,6.10337552742616,5.945147679324895,0.15822784810126578,-0.15344932844932846,0.4567958089668615,-2.6614620298083587,-8.031836522265406,2.50115239357638,0.33683158420789605,
cellular_clearance,15,1,joint_w0.1,joint_w0.1_ei,False,79,53,6.329113924050634,5.738396624472574,0.5907172995780592,0.13970052083333337,1.0760110294117642,-10.294117647058837,-19.064917594735785,-2.4567996428042274,0.0079960019990005,
cellular_clearance,15,1,joint_w0.3,joint_w0.3_ei,False,79,53,5.848101265822786,5.4630801687763695,0.38502109704641346,0.0024253731343284323,0.7324882327770645,-7.047692604750004,-13.844850192939504,-0.03991811668373244,0.04997501249375312,
cellular_clearance,15,1,joint_w1,joint_w1_ei,False,79,53,5.998945147679325,5.548523206751055,0.4504219409282701,0.14489440639269405,0.716114687153931,-8.117870722433457,-13.161626978194628,-2.6403960679687906,0.004997501249375313,
cellular_clearance,15,1,joint_w3,joint_w3_ei,False,79,53,5.968354430379747,5.719409282700422,0.24894514767932482,-0.1962718844775298,0.5690484022556389,-4.352637403172259,-10.60176876230751,3.208780078336273,0.24287856071964017,
cellular_clearance,15,1,joint_w0,analytic_ei,False,79,53,6.10337552742616,5.832278481012659,0.2710970464135021,-0.7123953054617115,1.1904769422120158,-4.648218484355209,-22.784834864976904,11.031912125299986,0.5637181409295352,
cellular_clearance,15,2,joint_w0.1,joint_w0,True,79,53,4.613924050632913,4.591772151898734,0.022151898734177177,-0.3034829709477305,0.3428404106858052,-0.4824259131633672,-7.633792469529848,6.564696585253689,0.9165417291354323,
cellular_clearance,15,2,joint_w0.3,joint_w0,True,79,53,4.39662447257384,4.591772151898734,-0.1951476793248946,-0.6367559523809524,0.16939400480834332,4.249942568343671,-3.879622042666806,13.191903551132818,0.3258370814592704,
cellular_clearance,15,2,joint_w1,joint_w0,True,79,53,4.529535864978904,4.591772151898734,-0.06223628691983126,-0.44242680180180166,0.2917331560283684,1.355387089363642,-6.5452568141193215,9.45210269807581,0.7596201899050474,
cellular_clearance,15,2,joint_w3,joint_w0,True,79,53,4.304852320675106,4.591772151898734,-0.2869198312236288,-0.6875192901234568,0.09217242324561363,6.248564208591757,-1.9847479713303944,14.50821100987051,0.1199400299850075,
cellular_clearance,15,2,joint_tuned,joint_w0,True,79,53,4.474683544303799,4.591772151898734,-0.11708860759493675,-0.434257089641913,0.19000671926478158,2.5499655410061677,-4.0612205082292245,9.40827445218688,0.41679160419790107,
cellular_clearance,15,2,joint_tuned,analytic_ei,True,79,53,4.474683544303799,3.740506329113924,0.7341772151898731,-0.10246915556693982,1.394912152882457,-19.6277495769882,-41.476224031604005,2.220407035625647,0.08995502248875563,
cellular_clearance,15,2,joint_tuned,ppo_phi_ei,True,79,53,4.474683544303799,3.699367088607595,0.7753164556962026,0.00753732981993857,1.4574404761904751,-20.958083832335365,-43.36507231993502,-0.18661883373934837,0.04897551224387806,
cellular_clearance,15,2,joint_tuned,joint_tuned_ei,True,79,53,4.474683544303799,3.986286919831223,0.48839662447257376,0.15768880208333333,0.7445173551348248,-12.251918496956927,-19.694692654852403,-3.863577078333938,0.0029985007496251873,
cellular_clearance,15,2,joint_w0,joint_w0_ei,False,79,53,4.591772151898734,4.335443037974684,0.25632911392405067,0.038071911196911216,0.46465664711632454,-5.912408759124067,-11.297719862525707,-0.9105281738783443,0.020989505247376312,
cellular_clearance,15,2,joint_w0.1,joint_w0.1_ei,False,79,53,4.613924050632913,3.9293248945147683,0.6845991561181434,0.34221135265700475,1.0562425900592791,-17.422818791946337,-26.721291919218245,-8.540766583797957,0.0009995002498750624,
cellular_clearance,15,2,joint_w0.3,joint_w0.3_ei,False,79,53,4.39662447257384,3.875527426160337,0.5210970464135021,0.1937222124722124,0.8467676009342672,-13.445835601524236,-21.884228746633667,-4.94777886800977,0.0029985007496251873,
cellular_clearance,15,2,joint_w1,joint_w1_ei,False,79,53,4.529535864978904,3.9767932489451474,0.5527426160337553,0.3063624890254609,0.7636624991353669,-13.899204244031857,-19.590029182879377,-7.525731203306313,0.0009995002498750624,
cellular_clearance,15,2,joint_w3,joint_w3_ei,False,79,53,4.304852320675106,3.9936708860759493,0.31118143459915615,-0.11194976205926899,0.6458333333333331,-7.791864764923425,-17.43636457354148,2.7636988904088766,0.127936031984008,
cellular_clearance,15,2,joint_w0,analytic_ei,False,79,53,4.591772151898734,3.740506329113924,0.8512658227848101,0.08052838511699276,1.492600472813239,-22.758037225042305,-45.22593897387053,-1.7614517263337197,0.035982008995502246,
cellular_clearance,15,3,joint_w0.1,joint_w0,True,79,53,3.7879746835443044,3.891350210970464,-0.1033755274261604,-0.4016228494223808,0.1947784810126564,2.6565464895635436,-5.392934584935346,10.384789584876266,0.48875562218890556,
cellular_clearance,15,3,joint_w0.3,joint_w0,True,79,53,3.6729957805907176,3.891350210970464,-0.21835443037974692,-0.5353811553030303,0.05811951754385954,5.611276768772009,-1.4465720069287742,13.552568645767375,0.11894052973513243,
cellular_clearance,15,3,joint_w1,joint_w0,True,79,53,3.7700421940928277,3.891350210970464,-0.12130801687763725,-0.42889978902953585,0.16198097676970916,3.1173759826511,-4.116958619433613,10.940281870222963,0.4257871064467766,
cellular_clearance,15,3,joint_w3,joint_w0,True,79,53,3.782700421940928,3.891350210970464,-0.10864978902953587,-0.4467599564926373,0.22149256525459993,2.792084575765786,-5.794486947687665,11.555479236536941,0.5217391304347826,
cellular_clearance,15,3,joint_tuned,joint_w0,True,79,53,3.7310126582278493,3.891350210970464,-0.16033755274261605,-0.44445422535211276,0.09903812974465145,4.120357820547535,-2.4322194992608193,11.594428353173335,0.2318840579710145,
cellular_clearance,15,3,joint_tuned,analytic_ei,True,79,53,3.7310126582278493,3.4240506329113924,0.3069620253164558,-0.5201846842248534,1.0481578144078145,-8.964879852125728,-33.787356112154995,13.990907048844168,0.4687656171914043,
cellular_clearance,15,3,joint_tuned,ppo_phi_ei,True,79,53,3.7310126582278493,3.3765822784810124,0.3544303797468355,-0.48051636195018554,1.0384619565217381,-10.496719775070334,-33.10658853341781,12.581928861661847,0.38580709645177413,
cellular_clearance,15,3,joint_tuned,joint_tuned_ei,True,79,53,3.7310126582278493,3.431434599156118,0.29957805907173,0.019282498902064182,0.530964819128528,-8.730402705195246,-16.616162807626775,-0.5395328455659201,0.03698150924537731,
cellular_clearance,15,3,joint_w0,joint_w0_ei,False,79,53,3.891350210970464,3.6751054852320673,0.21624472573839665,0.07986111111111112,0.3509452548625083,-5.884041331802526,-9.57616115975715,-2.1110838008707087,0.0029985007496251873,
cellular_clearance,15,3,joint_w0.1,joint_w0.1_ei,False,79,53,3.7879746835443044,3.277426160337553,0.5105485232067511,0.24417107172470973,0.8186912593984962,-15.577727711618929,-25.09186224184914,-7.571518745638477,0.0009995002498750624,
cellular_clearance,15,3,joint_w0.3,joint_w0.3_ei,False,79,53,3.6729957805907176,3.34282700421941,0.330168776371308,0.0794578313253012,0.5902389705882349,-9.876932786367927,-16.637810271766273,-2.4036243481027078,0.008995502248875561,
cellular_clearance,15,3,joint_w1,joint_w1_ei,False,79,53,3.7700421940928277,3.4335443037974684,0.3364978902953587,0.05383615567439106,0.5677100694444445,-9.800307219662075,-16.31761115776108,-1.5625386747572636,0.0239880059970015,
cellular_clearance,15,3,joint_w3,joint_w3_ei,False,79,53,3.782700421940928,3.611814345991561,0.1708860759493671,-0.21355138370646762,0.4740181451612903,-4.731308411214954,-14.156096504757611,5.250247760625113,0.35582208895552225,
cellular_clearance,15,3,joint_w0,analytic_ei,False,79,53,3.891350210970464,3.4240506329113924,0.46729957805907163,-0.26313550420168064,1.1532939708141319,-13.647566235366595,-38.38576689590762,6.832735760900501,0.23888055972013994,
cellular_clearance,15,4,joint_w0.1,joint_w0,True,79,53,3.383966244725739,3.4240506329113933,-0.040084388185654,-0.33119039163961034,0.25681931931931895,1.1706715958102425,-7.708156940424176,9.139476772979657,0.7756121939030485,
cellular_clearance,15,4,joint_w0.3,joint_w0,True,79,53,3.348101265822784,3.4240506329113933,-0.07594936708860764,-0.3863771645021645,0.20329861111111103,2.2181146025878506,-6.337774664939223,10.922757141759071,0.6166916541729135,
cellular_clearance,15,4,joint_w1,joint_w0,True,79,53,3.2837552742616034,3.4240506329113933,-0.1402953586497891,-0.4455236486486487,0.137584663763909,4.097350585335823,-4.413486279549867,12.453969589088196,0.34382808595702147,
cellular_clearance,15,4,joint_w3,joint_w0,True,79,53,3.314345991561181,3.4240506329113933,-0.10970464135021094,-0.4464997412008281,0.1780902308830149,3.203943314849083,-5.240074738362521,12.85187188547807,0.4847576211894053,
cellular_clearance,15,4,joint_tuned,joint_w0,True,79,53,3.334388185654008,3.4240506329113933,-0.089662447257384,-0.37308544303797464,0.152473031949934,2.6186075169439746,-4.510894372136865,10.865522329515294,0.47276361819090457,
cellular_clearance,15,4,joint_tuned,analytic_ei,True,79,53,3.334388185654008,2.867088607594937,0.4672995780590718,-0.2119868896925859,1.0752757999296763,-16.298749080206008,-41.293227124183005,6.666787945429904,0.1679160419790105,
cellular_clearance,15,4,joint_tuned,ppo_phi_ei,True,79,53,3.334388185654008,2.8354430379746836,0.49894514767932485,-0.20655959333765955,1.1368827160493824,-17.59672619047617,-43.613742260019315,6.619719389058212,0.1539230384807596,
cellular_clearance,15,4,joint_tuned,joint_tuned_ei,True,79,53,3.334388185654008,3.0886075949367093,0.24578059071729963,-0.010567152917505051,0.4539326563958917,-7.957650273224009,-15.320731755876936,0.32473134384685254,0.06296851574212893,
cellular_clearance,15,4,joint_w0,joint_w0_ei,False,79,53,3.4240506329113933,3.2394514767932487,0.18459915611814345,0.06219023420828,0.3333333333333334,-5.698469553891276,-10.14837019954186,-1.8562292383968984,0.00399800099950025,
cellular_clearance,15,4,joint_w0.1,joint_w0.1_ei,False,79,53,3.383966244725739,2.951476793248945,0.43248945147679313,0.19638965201465203,0.6969122023809523,-14.653323802716239,-23.436375349693783,-6.708852069066549,0.0009995002498750624,
cellular_clearance,15,4,joint_w0.3,joint_w0.3_ei,False,79,53,3.348101265822784,3.0632911392405067,0.28481012658227844,0.07125159846547315,0.4794895629484668,-9.297520661156986,-15.794835181397522,-2.326473881431353,0.004997501249375313,
cellular_clearance,15,4,joint_w1,joint_w1_ei,False,79,53,3.2837552742616034,3.010548523206751,0.2732067510548523,0.04651037884289522,0.4725966193893827,-9.07498248072881,-15.994585581644635,-1.473434760331127,0.017991004497751123,
cellular_clearance,15,4,joint_w3,joint_w3_ei,False,79,53,3.314345991561181,3.136075949367089,0.17827004219409293,-0.18661165223665216,0.44891882428647106,-5.6844937773292745,-14.86898670945476,5.571078147353469,0.3078460769615192,
cellular_clearance,15,4,joint_w0,analytic_ei,False,79,53,3.4240506329113933,2.867088607594937,0.5569620253164557,-0.044269079685746344,1.1453138528138522,-19.426048565121437,-43.581463868324484,1.3042550212287356,0.06996501749125437,
permeability,15,1,joint_w0.1,joint_w0,True,72,62,7.538194444444445,7.709490740740741,-0.17129629629629636,-0.7418345428762098,0.40407067247820666,2.221888605314523,-5.596257986541452,9.334495489729822,0.6146926536731634,
permeability,15,1,joint_w0.3,joint_w0,True,72,62,7.645833333333333,7.709490740740741,-0.06365740740740738,-0.7958579119850189,0.6393389249639247,0.825701846569596,-8.555584453593278,9.708683601075451,0.8925537231384307,
permeability,15,1,joint_w1,joint_w0,True,72,62,7.459490740740741,7.709490740740741,-0.2499999999999999,-0.8237956725862424,0.3802139945652176,3.2427563428914574,-5.126689990676872,10.464234284396737,0.45377311344327836,
permeability,15,1,joint_w3,joint_w0,True,72,62,7.36574074074074,7.709490740740741,-0.3437500000000002,-0.9573556653288051,0.3196781245288706,4.4587899714757775,-4.1202061297771335,12.17540798742494,0.3268365817091454,
permeability,15,1,joint_tuned,joint_w0,True,72,62,7.802083333333333,7.709490740740741,0.09259259259259253,-0.4495987654320991,0.6912581699346398,-1.201020867737565,-8.928206633438247,5.778545761995348,0.7566216891554223,
permeability,15,1,joint_tuned,analytic_ei,True,72,62,7.802083333333333,7.270833333333333,0.53125,-0.48458176691729316,1.6296364379084964,-7.306590257879656,-24.543671640584744,6.191683170723955,0.33483258370814595,
permeability,15,1,joint_tuned,ppo_phi_ei,True,72,62,7.802083333333333,7.42824074074074,0.37384259259259256,-0.6389102564102563,1.5706123737373732,-5.032720473667822,-23.049203730901183,8.028513445999232,0.49375312343828087,
permeability,15,1,joint_tuned,joint_tuned_ei,True,72,62,7.802083333333333,7.439814814814816,0.3622685185185184,-0.20647028939808001,1.0785024154589369,-4.869321717485981,-15.096705403846359,2.667402112395252,0.26286856571714146,
permeability,15,1,joint_w0,joint_w0_ei,False,72,62,7.709490740740741,7.378472222222222,0.3310185185185186,-0.12172035048747369,0.8652923669467784,-4.486274509803929,-12.730289851133298,1.6678585830573618,0.16991504247876063,
permeability,15,1,joint_w0.1,joint_w0.1_ei,False,72,62,7.538194444444445,7.351851851851851,0.18634259259259245,-0.2789189814814816,0.6549295774647886,-2.5346347607053015,-9.03980326746581,3.6923815903604034,0.4367816091954023,
permeability,15,1,joint_w0.3,joint_w0.3_ei,False,72,62,7.645833333333333,7.368055555555555,0.2777777777777777,-0.15534979423868311,0.7288954560697518,-3.770028275212063,-10.310515403197943,2.0977144307147166,0.2158920539730135,
permeability,15,1,joint_w1,joint_w1_ei,False,72,62,7.459490740740741,7.1886574074074066,0.27083333333333337,-0.12026024363233667,0.6856105837926102,-3.7675092577684963,-9.913695499399237,1.5847877436666522,0.1809095452273863,
permeability,15,1,joint_w3,joint_w3_ei,False,72,62,7.36574074074074,6.97337962962963,0.39236111111111105,-0.10928115615615626,1.0812724655222987,-5.626556016597492,-15.669044907187999,1.5163777627792292,0.1409295352323838,
permeability,15,1,joint_w0,analytic_ei,False,72,62,7.709490740740741,7.270833333333333,0.4386574074074074,-0.3926028806584362,1.2938326719576718,-6.033110474371233,-19.71022894003228,5.237818697248218,0.2978510744627686,
permeability,15,2,joint_w0.1,joint_w0,True,72,62,5.40162037037037,5.296296296296297,0.1053240740740741,-0.3243542370495496,0.5073985507246369,-1.9886363636363529,-9.733456774151819,6.058445728583335,0.5757121439280359,
permeability,15,2,joint_w0.3,joint_w0,True,72,62,5.290509259259259,5.296296296296297,-0.005787037037037103,-0.3532142857142858,0.3309584859584859,0.10926573426575413,-6.13873764735313,6.836413198819154,0.9315342328835582,
permeability,15,2,joint_w1,joint_w0,True,72,62,5.246527777777778,5.296296296296297,-0.049768518518518504,-0.5756467661691542,0.4380903224653224,0.9396853146853246,-8.92519018273354,10.618213475466401,0.8995502248875562,
permeability,15,2,joint_w3,joint_w0,True,72,62,5.1157407407407405,5.296296296296297,-0.1805555555555556,-0.684470430107527,0.3584121621621617,3.409090909090922,-6.94944719556203,12.73260799866737,0.48075962018990503,
permeability,15,2,joint_tuned,joint_w0,True,72,62,5.44212962962963,5.296296296296297,0.14583333333333334,-0.28263571714743596,0.525277604815276,-2.7534965034964975,-9.725357195255961,5.65614757032686,0.526736631684158,
permeability,15,2,joint_tuned,analytic_ei,True,72,62,5.44212962962963,4.548611111111111,0.8935185185185183,0.010394345238095175,1.8412691441441438,-19.6437659033079,-43.788178712759276,-0.2325147193293893,0.04897551224387806,
permeability,15,2,joint_tuned,ppo_phi_ei,True,72,62,5.44212962962963,4.554398148148149,0.8877314814814814,-0.1841891504018369,1.8541940789473683,-19.491740787801763,-44.09987556777547,3.7672540975135114,0.1089455272363818,
permeability,15,2,joint_tuned,joint_tuned_ei,True,72,62,5.44212962962963,5.174768518518518,0.26736111111111105,-0.24459424934968407,0.9376838235294105,-5.166629389398355,-18.790907119687557,4.52150171877343,0.3378310844577711,
permeability,15,2,joint_w0,joint_w0_ei,False,72,62,5.296296296296297,5.016203703703703,0.28009259259259267,-0.07870683183183176,0.7313432835820893,-5.583756345177682,-15.042224878672723,1.458363367796792,0.13793103448275862,
permeability,15,2,joint_w0.1,joint_w0.1_ei,False,72,62,5.40162037037037,5.200231481481482,0.20138888888888878,-0.08077380952380964,0.5147170231729055,-3.8726908524371146,-10.037481602060522,1.6351861869135593,0.15992003998001,
permeability,15,2,joint_w0.3,joint_w0.3_ei,False,72,62,5.290509259259259,5.109953703703704,0.1805555555555555,-0.14006880144032932,0.5659258272131403,-3.533408833522062,-10.932985653539218,2.7620219103447923,0.31784107946026985,
permeability,15,2,joint_w1,joint_w1_ei,False,72,62,5.246527777777778,5.094907407407407,0.1516203703703704,-0.16554198429198438,0.5247524068813131,-2.9759200363471123,-10.764796390968256,3.157270045309292,0.39280359820089955,
permeability,15,2,joint_w3,joint_w3_ei,False,72,62,5.1157407407407405,4.7719907407407405,0.34374999999999994,-0.13702107279693473,1.02203621031746,-7.203492602473927,-21.21588453693884,2.750503471476618,0.1969015492253873,
permeability,15,2,joint_w0,analytic_ei,False,72,62,5.296296296296297,4.548611111111111,0.7476851851851851,-0.014499633094845013,1.511043353576248,-16.4376590330789,-36.885928799272996,0.28093001191074685,0.05897051474262868,
permeability,15,3,joint_w0.1,joint_w0,True,72,62,4.155092592592593,4.197916666666667,-0.04282407407407402,-0.40985330308960444,0.30561868686868654,1.0201268265784473,-7.659596338713207,9.39167301240053,0.815592203898051,
permeability,15,3,joint_w0.3,joint_w0,True,72,62,3.9606481481481475,4.197916666666667,-0.23726851851851855,-0.5361940298507463,0.05094696969696956,5.652054039150836,-1.2422705084119205,13.452113106712437,0.11894052973513243,
permeability,15,3,joint_w1,joint_w0,True,72,62,4.015046296296297,4.197916666666667,-0.1828703703703703,-0.6541933001893939,0.2534909018987341,4.356217259443063,-6.178651194487652,15.333411220421098,0.4147926036981509,
permeability,15,3,joint_w3,joint_w0,True,72,62,3.9398148148148144,4.197916666666667,-0.2581018518518518,-0.620916593309859,0.1643485915492956,6.1483319547835835,-3.813729324956589,15.221106552273746,0.18790604697651175,
permeability,15,3,joint_tuned,joint_w0,True,72,62,4.168981481481481,4.197916666666667,-0.028935185185185144,-0.4223147593796327,0.351450436640654,0.6892748828232894,-8.028777230022786,10.431452028991242,0.8905547226386806,
permeability,15,3,joint_tuned,analytic_ei,True,72,62,4.168981481481481,3.548611111111111,0.6203703703703703,-0.17192468203497613,1.4551602564102561,-17.48206131767774,-43.76079350792637,4.47599357967826,0.13193403298350825,
permeability,15,3,joint_tuned,ppo_phi_ei,True,72,62,4.168981481481481,3.576388888888889,0.5925925925925927,-0.2448077197488584,1.4714587775408667,-16.569579288025878,-43.82694908202006,6.329810281328338,0.17191404297851073,
permeability,15,3,joint_tuned,joint_tuned_ei,True,72,62,4.168981481481481,3.9745370370370363,0.1944444444444444,-0.24693518518518517,0.8135680294181259,-4.892253931275486,-21.64845418494049,5.902247414053964,0.49075462268865566,
permeability,15,3,joint_w0,joint_w0_ei,False,72,62,4.197916666666667,3.893518518518518,0.30439814814814814,-0.0031655092592592594,0.7169376885369529,-7.818073721759827,-19.29744278261305,0.07974454983138825,0.053973013493253376,
permeability,15,3,joint_w0.1,joint_w0.1_ei,False,72,62,4.155092592592593,4.008101851851852,0.14699074074074073,-0.07663150332728373,0.4089772727272727,-3.667340456251798,-10.829334548014408,1.8022762915660688,0.23588205897051473,
permeability,15,3,joint_w0.3,joint_w0.3_ei,False,72,62,3.9606481481481475,3.8518518518518525,0.10879629629629625,-0.1392497534111458,0.4192046524136073,-2.8245192307691953,-11.088549975991693,3.4760439251147415,0.43778110944527737,
permeability,15,3,joint_w1,joint_w1_ei,False,72,62,4.015046296296297,3.939814814814815,0.07523148148148157,-0.24697841941654697,0.39644432773109234,-1.9095182138660491,-11.089011889404137,5.558276484528997,0.6156921539230384,
permeability,15,3,joint_w3,joint_w3_ei,False,72,62,3.9398148148148144,3.736111111111111,0.20370370370370364,-0.22764386401326703,0.8711044520547938,-5.452292441140013,-24.01318272742051,5.780617346325875,0.4307846076961519,
permeability,15,3,joint_w0,analytic_ei,False,72,62,4.197916666666667,3.548611111111111,0.6493055555555556,-0.05597714552238814,1.3616420039222672,-18.297455968688855,-43.34301864002131,1.461039061079733,0.07396301849075462,
permeability,15,4,joint_w0.1,joint_w0,True,72,62,3.62037037037037,3.4571759259259256,0.16319444444444445,-0.2942687132519223,0.5399365892323639,-4.720455306327413,-16.312773425256346,7.899521275907988,0.4527736131934033,
permeability,15,4,joint_w0.3,joint_w0,True,72,62,3.3703703703703707,3.4571759259259256,-0.08680555555555561,-0.48068322981366457,0.28891975308641954,2.5108804820890342,-8.363365205880948,14.023517274138232,0.655672163918041,
permeability,15,4,joint_w1,joint_w0,True,72,62,3.4039351851851856,3.4571759259259256,-0.05324074074074075,-0.5498613702321724,0.41081289443488184,1.5400066956812652,-12.665184705613528,14.499921148762173,0.8295852073963018,
permeability,15,4,joint_w3,joint_w0,True,72,62,3.3310185185185186,3.4571759259259256,-0.12615740740740733,-0.5356142769607842,0.3141729797979796,3.6491463006360783,-9.436019726082291,15.473533817020252,0.5857071464267866,
permeability,15,4,joint_tuned,joint_w0,True,72,62,3.5208333333333335,3.4571759259259256,0.06365740740740738,-0.3708154918752744,0.48632190609452736,-1.8413123535319857,-13.815463318218812,11.053906036602008,0.7736131934032984,
permeability,15,4,joint_tuned,analytic_ei,True,72,62,3.5208333333333335,2.8125,0.7083333333333333,-0.015048926767676765,1.5726343795093793,-25.185185185185187,-59.58778700860484,0.4568608032923829,0.0559720139930035,
permeability,15,4,joint_tuned,ppo_phi_ei,True,72,62,3.5208333333333335,2.8020833333333335,0.7187499999999999,-0.10939062500000007,1.5845917038690471,-25.650557620817843,-61.77210956984756,3.780789734647555,0.08095952023988005,
permeability,15,4,joint_tuned,joint_tuned_ei,True,72,62,3.5208333333333335,3.292824074074074,0.22800925925925927,-0.16246593706047813,0.8440184407096165,-6.9244288224956145,-26.648113399486427,4.757192965597302,0.36681659170414793,
permeability,15,4,joint_w0,joint_w0_ei,False,72,62,3.4571759259259256,3.171296296296296,0.2858796296296296,-0.002452205882352884,0.709613997113997,-9.014598540145991,-21.944989020010727,0.06825108796405119,0.057971014492753624,
permeability,15,4,joint_w0.1,joint_w0.1_ei,False,72,62,3.62037037037037,3.46412037037037,0.15625000000000006,-0.04939456086203165,0.3848113487819369,-4.510524557300368,-11.781492985345313,1.3185025753811794,0.14792603698150925,
permeability,15,4,joint_w0.3,joint_w0.3_ei,False,72,62,3.3703703703703707,3.2337962962962963,0.13657407407407407,-0.1019845830691186,0.4497363557295063,-4.2233357193987215,-13.787172156199263,2.9047640342631778,0.2988505747126437,
permeability,15,4,joint_w1,joint_w1_ei,False,72,62,3.4039351851851856,3.2384259259259256,0.16550925925925927,-0.08336111111111114,0.4356060606060606,-5.110793423874218,-14.692942898868617,2.244246841106029,0.20189905047476261,
permeability,15,4,joint_w3,joint_w3_ei,False,72,62,3.3310185185185186,3.1041666666666665,0.22685185185185178,-0.1785714285714287,0.8322041062801923,-7.307979120059665,-27.229338185055912,5.469420882276753,0.39280359820089955,
permeability,15,4,joint_w0,analytic_ei,False,72,62,3.4571759259259256,2.8125,0.644675925925926,0.048865296803652924,1.3042958656330748,-22.921810699588463,-50.42506695798712,-1.6610762447542466,0.03398300849575212,
efflux,15,1,joint_w0.1,joint_w0,True,54,49,7.0663580246913575,6.75462962962963,0.31172839506172845,-0.32684917717086825,0.9910184391080613,-4.615033127713036,-15.43228884857358,4.69506756145914,0.3218390804597701,
efflux,15,1,joint_w0.3,joint_w0,True,54,49,6.5061728395061715,6.75462962962963,-0.24845679012345676,-0.7895095693779905,0.27015542328042275,3.678318482979231,-4.556765763083402,11.03030138283689,0.3488255872063968,
efflux,15,1,joint_w1,joint_w0,True,54,49,6.53395061728395,6.75462962962963,-0.22067901234567908,-0.7948009259259261,0.3257439965694669,3.267077907242413,-5.23879599213142,11.419823493940548,0.45577211394302847,
efflux,15,1,joint_w3,joint_w0,True,54,49,6.628086419753085,6.75462962962963,-0.12654320987654333,-0.7484284008851619,0.5634081632653057,1.87342928946769,-9.049442470178473,10.638418146442186,0.7226386806596702,
efflux,15,1,joint_tuned,joint_w0,True,54,49,6.643518518518517,6.75462962962963,-0.11111111111111119,-0.7000540123456792,0.48904159519725543,1.6449623029472447,-7.875826022315493,10.048772787226385,0.7316341829085458,
efflux,15,1,joint_tuned,analytic_ei,True,54,49,6.643518518518517,5.347222222222222,1.2962962962962963,0.42257575757575766,2.2972660427807474,-24.242424242424217,-48.481988213329736,-7.403734106938043,0.00399800099950025,
efflux,15,1,joint_tuned,ppo_phi_ei,True,54,49,6.643518518518517,5.498456790123457,1.145061728395062,0.2733814102564103,2.034864618406285,-20.825147347740632,-40.595644172236256,-4.807932128397335,0.005997001499250375,
efflux,15,1,joint_tuned,joint_tuned_ei,True,54,49,6.643518518518517,6.120370370370371,0.523148148148148,0.10130427170868357,1.0359531076581576,-8.547655068078635,-17.15239545239607,-1.7560918276279793,0.01199400299850075,
efflux,15,1,joint_w0,joint_w0_ei,False,54,49,6.75462962962963,6.026234567901235,0.7283950617283951,0.21573660714285722,1.3318003144654087,-12.087067861715743,-22.29926413570084,-3.6335806277023885,0.005997001499250375,
efflux,15,1,joint_w0.1,joint_w0.1_ei,False,54,49,7.0663580246913575,6.563271604938273,0.5030864197530865,0.04497348484848515,1.0045920745920744,-7.665177521749322,-14.92267040591844,-0.6988636363636428,0.028985507246376812,
efflux,15,1,joint_w0.3,joint_w0.3_ei,False,54,49,6.5061728395061715,6.251543209876543,0.2546296296296297,-0.06363859180035647,0.6227644368210403,-4.073068378178216,-9.982725307382958,0.9369547916207962,0.12093953023488256,
efflux,15,1,joint_w1,joint_w1_ei,False,54,49,6.53395061728395,5.986111111111111,0.5478395061728395,0.15757154882154878,1.0440754769921428,-9.151843258571795,-17.85080141996767,-2.6118135406473515,0.0029985007496251873,
efflux,15,1,joint_w3,joint_w3_ei,False,54,49,6.628086419753085,5.976851851851852,0.6512345679012344,0.20912990196078415,1.1637289614121507,-10.895946294861842,-18.53037946918183,-3.6426197664983664,0.004997501249375313,
efflux,15,1,joint_w0,analytic_ei,False,54,49,6.75462962962963,5.347222222222222,1.4074074074074077,0.6183926250812216,2.3076955782312925,-26.320346320346317,-48.17358976610756,-10.688640678974235,0.0029985007496251873,
efflux,15,2,joint_w0.1,joint_w0,True,54,49,4.58641975308642,4.9104938271604945,-0.324074074074074,-0.8626974400871459,0.2124183006535948,6.599622878692652,-4.460199512479466,16.702684122429446,0.25787106446776614,
efflux,15,2,joint_w0.3,joint_w0,True,54,49,4.537037037037037,4.9104938271604945,-0.3734567901234567,-0.8686342592592591,0.13624817251461988,7.605279698302964,-3.030888353736039,16.115184349022464,0.14792603698150925,
efflux,15,2,joint_w1,joint_w0,True,54,49,4.584876543209877,4.9104938271604945,-0.3256172839506172,-0.7777777777777777,0.14870976692563823,6.63104965430548,-3.24848037045843,15.31869275315216,0.17891054472763618,
efflux,15,2,joint_w3,joint_w0,True,54,49,4.587962962962963,4.9104938271604945,-0.32253086419753074,-0.8774844028520499,0.23628826530612163,6.568196103079841,-5.043785935426807,16.976478005722875,0.24287856071964017,
efflux,15,2,joint_tuned,joint_w0,True,54,49,4.436728395061729,4.9104938271604945,-0.4737654320987654,-1.0354696327683615,0.07715874085483192,9.6480201131364,-1.660592296365437,19.99355312177059,0.08895552223888056,
efflux,15,2,joint_tuned,analytic_ei,True,54,49,4.436728395061729,3.4305555555555554,1.0061728395061729,0.15040064102564107,1.8789755210260202,-29.329734592892503,-60.18407264319959,-4.045835175692876,0.014992503748125937,
efflux,15,2,joint_tuned,ppo_phi_ei,True,54,49,4.436728395061729,3.8256172839506175,0.6111111111111112,-0.12737668879571393,1.5341102350030917,-15.974183138362243,-42.76822747070878,3.0430064791748563,0.1199400299850075,
efflux,15,2,joint_tuned,joint_tuned_ei,True,54,49,4.436728395061729,4.021604938271605,0.4151234567901234,0.07406045751633986,0.9036515068990556,-10.322333077513429,-21.927525555891044,-1.7991092426180886,0.013993003498250875,
efflux,15,2,joint_w0,joint_w0_ei,False,54,49,4.9104938271604945,4.382716049382715,0.5277777777777778,0.11046401515151506,0.9967320261437908,-12.042253521126801,-22.171975435777906,-2.47098572444189,0.009995002498750625,
efflux,15,2,joint_w0.1,joint_w0.1_ei,False,54,49,4.58641975308642,4.308641975308642,0.2777777777777779,-0.026146060275962276,0.6649691952252598,-6.44699140401148,-14.506511685869611,0.6460389901849679,0.07596201899050475,
efflux,15,2,joint_w0.3,joint_w0.3_ei,False,54,49,4.537037037037037,4.273148148148148,0.2638888888888889,0.008495064692543726,0.5392769607843134,-6.175514626218861,-13.023891568550297,-0.2095920241668675,0.04397801099450275,
efflux,15,2,joint_w1,joint_w1_ei,False,54,49,4.584876543209877,4.1234567901234565,0.46141975308641986,0.13386983082706766,0.9265656262504995,-11.190119760479053,-22.32269307346463,-3.317000500568252,0.004997501249375313,
efflux,15,2,joint_w3,joint_w3_ei,False,54,49,4.587962962962963,4.222222222222221,0.3657407407407407,0.011197916666666757,0.7559934210526307,-8.662280701754401,-17.836568896391643,-0.2806890775702481,0.03798100949525238,
efflux,15,2,joint_w0,analytic_ei,False,54,49,4.9104938271604945,3.4305555555555554,1.4799382716049378,0.6727219564061668,2.3223470992170454,-43.1399010346379,-72.75097033089929,-19.071360153256723,0.0009995002498750624,
efflux,15,3,joint_w0.1,joint_w0,True,54,49,3.5401234567901234,3.70216049382716,-0.16203703703703706,-0.6650735294117647,0.3255167238421952,4.37682367653188,-9.457207097819284,16.627620793959878,0.5677161419290355,
efflux,15,3,joint_w0.3,joint_w0,True,54,49,3.5108024691358017,3.70216049382716,-0.19135802469135793,-0.6357288198298187,0.21797070802004945,5.1688203418090986,-6.6975397041038685,15.810707968894583,0.37681159420289856,
efflux,15,3,joint_w1,joint_w0,True,54,49,3.646604938271605,3.70216049382716,-0.055555555555555525,-0.48705836108028117,0.34259696016771496,1.5006252605252137,-9.728162212618516,13.008546690155718,0.7726136931534233,
efflux,15,3,joint_w3,joint_w0,True,54,49,3.4953703703703707,3.70216049382716,-0.20679012345679013,-0.6919854400093369,0.28954678362573055,5.585660691954964,-8.96222582146657,16.601521687949766,0.41179410294852575,
efflux,15,3,joint_tuned,joint_w0,True,54,49,3.3472222222222228,3.70216049382716,-0.35493827160493824,-0.8765166028097063,0.13053003972194624,9.587328053355542,-3.711036757311414,21.642109295549165,0.15292353823088456,
efflux,15,3,joint_tuned,analytic_ei,True,54,49,3.3472222222222228,2.9027777777777777,0.4444444444444444,-0.2516131470730527,1.1525222746331238,-15.311004784689016,-43.70788290065493,7.454405743268918,0.20189905047476261,
efflux,15,3,joint_tuned,ppo_phi_ei,True,54,49,3.3472222222222228,3.1203703703703707,0.2268518518518519,-0.44543390804597705,0.952637160633484,-7.270029673590511,-32.87007804854897,12.744037189086473,0.5307346326836582,
efflux,15,3,joint_tuned,joint_tuned_ei,True,54,49,3.3472222222222228,3.0108024691358026,0.3364197530864197,0.08186783063427804,0.6504376750700274,-11.173757047667875,-20.664225516935478,-2.893737480451816,0.0069965017491254375,
efflux,15,3,joint_w0,joint_w0_ei,False,54,49,3.70216049382716,3.348765432098765,0.353395061728395,0.027700617283950575,0.7515454793028322,-10.552995391705075,-22.934556308530876,-0.829911349830712,0.0399800099950025,
efflux,15,3,joint_w0.1,joint_w0.1_ei,False,54,49,3.5401234567901234,3.4012345679012337,0.1388888888888889,-0.08962566521528784,0.41993627450980386,-4.083484573502748,-12.346367740318575,2.6756898460104463,0.30684657671164417,
efflux,15,3,joint_w0.3,joint_w0.3_ei,False,54,49,3.5108024691358017,3.3333333333333326,0.1774691358024691,-0.02880347593582892,0.39769525978407544,-5.324074074074075,-12.256653737698514,0.7855013000534388,0.08195902048975512,
efflux,15,3,joint_w1,joint_w1_ei,False,54,49,3.646604938271605,3.3317901234567904,0.3148148148148149,0.08183845029239763,0.6209257825937392,-9.448818897637784,-18.123260228427903,-2.60357862903226,0.004997501249375313,
efflux,15,3,joint_w3,joint_w3_ei,False,54,49,3.4953703703703707,3.29320987654321,0.2021604938271605,-0.03062308256635987,0.46073306595365354,-6.138706654170575,-14.752789476757126,0.873772659151547,0.08395802098950525,
efflux,15,3,joint_w0,analytic_ei,False,54,49,3.70216049382716,2.9027777777777777,0.7993827160493827,0.14159722222222224,1.5153401360544219,-27.538543328017006,-57.414371201044624,-4.447694404664333,0.017991004497751123,
efflux,15,4,joint_w0.1,joint_w0,True,54,49,2.5632716049382713,2.756172839506173,-0.1929012345679012,-0.5700559993734334,0.1732058823529412,6.998880179171344,-7.053571428571429,18.763130084754753,0.3118440779610195,
efflux,15,4,joint_w0.3,joint_w0,True,54,49,2.628086419753086,2.756172839506173,-0.12808641975308643,-0.48378614157527416,0.2679996560027519,4.647256438969773,-10.653976567691634,15.683151068166426,0.5087456271864068,
efflux,15,4,joint_w1,joint_w0,True,54,49,2.7453703703703702,2.756172839506173,-0.010802469135802455,-0.31056268328445746,0.30288825757575766,0.3919372900336004,-11.659708443765721,10.557105888848122,0.9765117441279361,
efflux,15,4,joint_w3,joint_w0,True,54,49,2.728395061728395,2.756172839506173,-0.027777777777777776,-0.37769280682239526,0.3589141156462581,1.0078387458006683,-14.062784154672986,12.617177550500598,0.8335832083958021,
efflux,15,4,joint_tuned,joint_w0,True,54,49,2.4305555555555554,2.756172839506173,-0.3256172839506172,-0.7011585684430511,0.03426339285714265,11.814109742441216,-1.4786294816863408,22.51282675305607,0.07896051974012994,
efflux,15,4,joint_tuned,analytic_ei,True,54,49,2.4305555555555554,2.111111111111111,0.3194444444444444,-0.06595643939393939,0.7295918367346941,-15.13157894736841,-37.78980310794252,2.8834370165563663,0.11494252873563218,
efflux,15,4,joint_tuned,ppo_phi_ei,True,54,49,2.4305555555555554,2.317901234567901,0.11265432098765428,-0.2983371212121212,0.5357429029304027,-4.860186418109186,-25.330586182574155,11.648926947506226,0.5907046476761619,
efflux,15,4,joint_tuned,joint_tuned_ei,True,54,49,2.4305555555555554,2.277777777777778,0.1527777777777778,0.013605442176870795,0.3260233918128655,-6.707317073170707,-13.9849346891477,-0.6405428752190093,0.030984507746126936,
efflux,15,4,joint_w0,joint_w0_ei,False,54,49,2.756172839506173,2.469135802469136,0.287037037037037,0.016360462454212424,0.5967322781385281,-11.624999999999986,-24.665696888783188,-0.6829673507317745,0.031984007996002,
efflux,15,4,joint_w0.1,joint_w0.1_ei,False,54,49,2.5632716049382713,2.46141975308642,0.10185185185185192,-0.019371811224489735,0.23789446185997906,-4.137931034482731,-9.472489493068123,0.8437527039889218,0.10494752623688156,
efflux,15,4,joint_w0.3,joint_w0.3_ei,False,54,49,2.628086419753086,2.464506172839507,0.16358024691358022,-0.00446631493506497,0.3558210784313723,-6.63744520976828,-14.721097610735825,0.14990461881288247,0.054972513743128434,
efflux,15,4,joint_w1,joint_w1_ei,False,54,49,2.7453703703703702,2.54320987654321,0.20216049382716048,0.03181295715778476,0.42177751572327,-7.949029126213579,-15.908381440296335,-1.3387110730657903,0.010994502748625687,
efflux,15,4,joint_w3,joint_w3_ei,False,54,49,2.728395061728395,2.5077160493827164,0.22067901234567897,0.027298197492163,0.44689495530012735,-8.799999999999988,-17.69963353255891,-1.1535767399427788,0.0239880059970015,
efflux,15,4,joint_w0,analytic_ei,False,54,49,2.756172839506173,2.111111111111111,0.6450617283950618,0.11212797619047615,1.1919025157232699,-30.555555555555557,-60.14568030150271,-4.862603938444216,0.020989505247376312,
