method,top_k,mean_acquisitions,random_acquisitions,pools,groups,endpoint,minimum_pool_size
compact_set,1,2.6475315315315315,3.464042654092654,4625,2011,all,3
compact_set,2,1.8145585585585586,2.34872823967824,4625,2011,all,3
compact_set,3,1.1341981981981983,1.5045340233840234,4625,2011,all,3
compact_set,4,0.8063243243243243,1.084875025925026,4625,2011,all,3
cross_attention,1,2.691153153153153,3.464042654092654,4625,2011,all,3
cross_attention,2,1.863063063063063,2.34872823967824,4625,2011,all,3
cross_attention,3,1.1695855855855855,1.5045340233840234,4625,2011,all,3
cross_attention,4,0.839063063063063,1.084875025925026,4625,2011,all,3
deep_sets,1,2.712936936936937,3.464042654092654,4625,2011,all,3
deep_sets,2,1.878936936936937,2.34872823967824,4625,2011,all,3
deep_sets,3,1.170900900900901,1.5045340233840234,4625,2011,all,3
deep_sets,4,0.8438558558558559,1.084875025925026,4625,2011,all,3
delta_greedy,1,2.748108108108108,3.464042654092654,4625,2011,all,3
delta_greedy,2,1.8801081081081081,2.34872823967824,4625,2011,all,3
delta_greedy,3,1.1702702702702703,1.5045340233840234,4625,2011,all,3
delta_greedy,4,0.8177837837837838,1.084875025925026,4625,2011,all,3
gp_both,1,2.574864864864865,3.464042654092654,4625,2011,all,3
gp_both,2,1.7658018018018018,2.34872823967824,4625,2011,all,3
gp_both,3,1.1008468468468469,1.5045340233840234,4625,2011,all,3
gp_both,4,0.7836216216216216,1.084875025925026,4625,2011,all,3
gp_delta,1,2.5544144144144143,3.464042654092654,4625,2011,all,3
gp_delta,2,1.7487387387387388,2.34872823967824,4625,2011,all,3
gp_delta,3,1.086990990990991,1.5045340233840234,4625,2011,all,3
gp_delta,4,0.7745765765765765,1.084875025925026,4625,2011,all,3
gp_ei,1,2.5169189189189187,3.464042654092654,4625,2011,all,3
gp_ei,2,1.7263243243243243,2.34872823967824,4625,2011,all,3
gp_ei,3,1.0668648648648649,1.5045340233840234,4625,2011,all,3
gp_ei,4,0.7645405405405405,1.084875025925026,4625,2011,all,3
gp_greedy,1,2.611891891891892,3.464042654092654,4625,2011,all,3
gp_greedy,2,1.7945945945945947,2.34872823967824,4625,2011,all,3
gp_greedy,3,1.1161081081081081,1.5045340233840234,4625,2011,all,3
gp_greedy,4,0.7957837837837838,1.084875025925026,4625,2011,all,3
gp_incumbent,1,2.557279279279279,3.464042654092654,4625,2011,all,3
gp_incumbent,2,1.7495855855855855,2.34872823967824,4625,2011,all,3
gp_incumbent,3,1.089873873873874,1.5045340233840234,4625,2011,all,3
gp_incumbent,4,0.774936936936937,1.084875025925026,4625,2011,all,3
gp_only,1,2.5704324324324324,3.464042654092654,4625,2011,all,3
gp_only,2,1.7594414414414414,2.34872823967824,4625,2011,all,3
gp_only,3,1.0961621621621622,1.5045340233840234,4625,2011,all,3
gp_only,4,0.779981981981982,1.084875025925026,4625,2011,all,3
molecular_stats,1,2.70781981981982,3.464042654092654,4625,2011,all,3
molecular_stats,2,1.8726846846846845,2.34872823967824,4625,2011,all,3
molecular_stats,3,1.16790990990991,1.5045340233840234,4625,2011,all,3
molecular_stats,4,0.8437117117117117,1.084875025925026,4625,2011,all,3
molecule_mlp,1,2.694306306306306,3.464042654092654,4625,2011,all,3
molecule_mlp,2,1.873855855855856,2.34872823967824,4625,2011,all,3
molecule_mlp,3,1.171783783783784,1.5045340233840234,4625,2011,all,3
molecule_mlp,4,0.8388468468468468,1.084875025925026,4625,2011,all,3
random,1,3.464042654092654,3.464042654092654,4625,2011,all,3
random,2,2.34872823967824,2.34872823967824,4625,2011,all,3
random,3,1.5045340233840234,1.5045340233840234,4625,2011,all,3
random,4,1.084875025925026,1.084875025925026,4625,2011,all,3
set_gp_only,1,2.668144144144144,3.464042654092654,4625,2011,all,3
set_gp_only,2,1.843837837837838,2.34872823967824,4625,2011,all,3
set_gp_only,3,1.1432612612612612,1.5045340233840234,4625,2011,all,3
set_gp_only,4,0.8222702702702702,1.084875025925026,4625,2011,all,3
set_transformer,1,2.6989549549549547,3.464042654092654,4625,2011,all,3
set_transformer,2,1.8659279279279277,2.34872823967824,4625,2011,all,3
set_transformer,3,1.1699639639639638,1.5045340233840234,4625,2011,all,3
set_transformer,4,0.8372792792792793,1.084875025925026,4625,2011,all,3
state_stats,1,2.574882882882883,3.464042654092654,4625,2011,all,3
state_stats,2,1.7604324324324325,2.34872823967824,4625,2011,all,3
state_stats,3,1.092954954954955,1.5045340233840234,4625,2011,all,3
state_stats,4,0.778990990990991,1.084875025925026,4625,2011,all,3
compact_set,1,2.5408684546615583,3.5251902131246684,1827,897,microsomal_clearance,3
compact_set,2,1.7997628170041962,2.478664227251392,1827,897,microsomal_clearance,3
compact_set,3,1.1476920270023718,1.6421491033799462,1827,897,microsomal_clearance,3
compact_set,4,0.8659916073709177,1.2363718696059967,1827,897,microsomal_clearance,3
cross_attention,1,2.5470260901295387,3.5251902131246684,1827,897,microsomal_clearance,3
cross_attention,2,1.815544608648057,2.478664227251392,1827,897,microsomal_clearance,3
cross_attention,3,1.156723225688743,1.6421491033799462,1827,897,microsomal_clearance,3
cross_attention,4,0.8750684181718664,1.2363718696059967,1827,897,microsomal_clearance,3
deep_sets,1,2.614486407589856,3.5251902131246684,1827,897,microsomal_clearance,3
deep_sets,2,1.8501642036124795,2.478664227251392,1827,897,microsomal_clearance,3
deep_sets,3,1.1885148695493521,1.6421491033799462,1827,897,microsomal_clearance,3
deep_sets,4,0.9004743659916075,1.2363718696059967,1827,897,microsomal_clearance,3
delta_greedy,1,2.7281061850027366,3.5251902131246684,1827,897,microsomal_clearance,3
delta_greedy,2,1.8994252873563218,2.478664227251392,1827,897,microsomal_clearance,3
delta_greedy,3,1.2235905856595513,1.6421491033799462,1827,897,microsomal_clearance,3
delta_greedy,4,0.8892993979200876,1.2363718696059967,1827,897,microsomal_clearance,3
gp_both,1,2.4702152891808065,3.5251902131246684,1827,897,microsomal_clearance,3
gp_both,2,1.7666484218208356,2.478664227251392,1827,897,microsomal_clearance,3
gp_both,3,1.1271665754424376,1.6421491033799462,1827,897,microsomal_clearance,3
gp_both,4,0.8513501185914979,1.2363718696059967,1827,897,microsomal_clearance,3
gp_delta,1,2.468664477285167,3.5251902131246684,1827,897,microsomal_clearance,3
gp_delta,2,1.7624521072796935,2.478664227251392,1827,897,microsomal_clearance,3
gp_delta,3,1.1190932311621966,1.6421491033799462,1827,897,microsomal_clearance,3
gp_delta,4,0.8467432950191571,1.2363718696059967,1827,897,microsomal_clearance,3
gp_ei,1,2.455528188286809,3.5251902131246684,1827,897,microsomal_clearance,3
gp_ei,2,1.7364532019704433,2.478664227251392,1827,897,microsomal_clearance,3
gp_ei,3,1.0911330049261083,1.6421491033799462,1827,897,microsomal_clearance,3
gp_ei,4,0.8359332238642584,1.2363718696059967,1827,897,microsomal_clearance,3
gp_greedy,1,2.502463054187192,3.5251902131246684,1827,897,microsomal_clearance,3
gp_greedy,2,1.7850301039956213,2.478664227251392,1827,897,microsomal_clearance,3
gp_greedy,3,1.1418992884510126,1.6421491033799462,1827,897,microsomal_clearance,3
gp_greedy,4,0.8639846743295019,1.2363718696059967,1827,897,microsomal_clearance,3
gp_incumbent,1,2.5102627257799672,3.5251902131246684,1827,897,microsomal_clearance,3
gp_incumbent,2,1.782612661923007,2.478664227251392,1827,897,microsomal_clearance,3
gp_incumbent,3,1.1310892172961138,1.6421491033799462,1827,897,microsomal_clearance,3
gp_incumbent,4,0.8569147965699689,1.2363718696059967,1827,897,microsomal_clearance,3
gp_only,1,2.512953840540048,3.5251902131246684,1827,897,microsomal_clearance,3
gp_only,2,1.786672140120416,2.478664227251392,1827,897,microsomal_clearance,3
gp_only,3,1.13578726509761,1.6421491033799462,1827,897,microsomal_clearance,3
gp_only,4,0.8630268199233716,1.2363718696059967,1827,897,microsomal_clearance,3
molecular_stats,1,2.574074074074074,3.5251902131246684,1827,897,microsomal_clearance,3
molecular_stats,2,1.8282703886152163,2.478664227251392,1827,897,microsomal_clearance,3
molecular_stats,3,1.173690932311622,1.6421491033799462,1827,897,microsomal_clearance,3
molecular_stats,4,0.8914887794198139,1.2363718696059967,1827,897,microsomal_clearance,3
molecule_mlp,1,2.5369914249224594,3.5251902131246684,1827,897,microsomal_clearance,3
molecule_mlp,2,1.8009031198686372,2.478664227251392,1827,897,microsomal_clearance,3
molecule_mlp,3,1.1559022076263457,1.6421491033799462,1827,897,microsomal_clearance,3
molecule_mlp,4,0.8696861886517059,1.2363718696059967,1827,897,microsomal_clearance,3
random,1,3.5251902131246684,3.5251902131246684,1827,897,microsomal_clearance,3
random,2,2.478664227251392,2.478664227251392,1827,897,microsomal_clearance,3
random,3,1.6421491033799462,1.6421491033799462,1827,897,microsomal_clearance,3
random,4,1.2363718696059967,1.2363718696059967,1827,897,microsomal_clearance,3
set_gp_only,1,2.5690111293559568,3.5251902131246684,1827,897,microsomal_clearance,3
set_gp_only,2,1.8033205619412516,2.478664227251392,1827,897,microsomal_clearance,3
set_gp_only,3,1.1418536763364349,1.6421491033799462,1827,897,microsomal_clearance,3
set_gp_only,4,0.8675424192665572,1.2363718696059967,1827,897,microsomal_clearance,3
set_transformer,1,2.590175150519978,3.5251902131246684,1827,897,microsomal_clearance,3
set_transformer,2,1.8279511038131726,2.478664227251392,1827,897,microsomal_clearance,3
set_transformer,3,1.1729611384783798,1.6421491033799462,1827,897,microsomal_clearance,3
set_transformer,4,0.8826400291917533,1.2363718696059967,1827,897,microsomal_clearance,3
state_stats,1,2.4724046706805325,3.5251902131246684,1827,897,microsomal_clearance,3
state_stats,2,1.7567962050720671,2.478664227251392,1827,897,microsomal_clearance,3
state_stats,3,1.123882503192848,1.6421491033799462,1827,897,microsomal_clearance,3
state_stats,4,0.8451468710089399,1.2363718696059967,1827,897,microsomal_clearance,3
compact_set,1,2.562538795779019,2.7454996896337676,537,399,in_vivo_clearance,3
compact_set,2,1.7468963376784608,1.808659217877095,537,399,in_vivo_clearance,3
compact_set,3,0.920235878336437,0.9932029795158287,537,399,in_vivo_clearance,3
compact_set,4,0.5664183736809435,0.617364990689013,537,399,in_vivo_clearance,3
cross_attention,1,2.643389199255121,2.7454996896337676,537,399,in_vivo_clearance,3
cross_attention,2,1.7749844816883922,1.808659217877095,537,399,in_vivo_clearance,3
cross_attention,3,0.9624456859093732,0.9932029795158287,537,399,in_vivo_clearance,3
cross_attention,4,0.589851024208566,0.617364990689013,537,399,in_vivo_clearance,3
deep_sets,1,2.6171632526381132,2.7454996896337676,537,399,in_vivo_clearance,3
deep_sets,2,1.7912787088764741,1.808659217877095,537,399,in_vivo_clearance,3
deep_sets,3,0.9542209807572936,0.9932029795158287,537,399,in_vivo_clearance,3
deep_sets,4,0.5822470515207946,0.617364990689013,537,399,in_vivo_clearance,3
delta_greedy,1,2.61731843575419,2.7454996896337676,537,399,in_vivo_clearance,3
delta_greedy,2,1.738826815642458,1.808659217877095,537,399,in_vivo_clearance,3
delta_greedy,3,0.914804469273743,0.9932029795158287,537,399,in_vivo_clearance,3
delta_greedy,4,0.5521415270018621,0.617364990689013,537,399,in_vivo_clearance,3
gp_both,1,2.591247672253259,2.7454996896337676,537,399,in_vivo_clearance,3
gp_both,2,1.7375853507138423,1.808659217877095,537,399,in_vivo_clearance,3
gp_both,3,0.9337368094351335,0.9932029795158287,537,399,in_vivo_clearance,3
gp_both,4,0.5914028553693358,0.617364990689013,537,399,in_vivo_clearance,3
gp_delta,1,2.487585350713842,2.7454996896337676,537,399,in_vivo_clearance,3
gp_delta,2,1.6626319056486656,1.808659217877095,537,399,in_vivo_clearance,3
gp_delta,3,0.9109248913718188,0.9932029795158287,537,399,in_vivo_clearance,3
gp_delta,4,0.5567970204841713,0.617364990689013,537,399,in_vivo_clearance,3
gp_ei,1,2.413873370577281,2.7454996896337676,537,399,in_vivo_clearance,3
gp_ei,2,1.6405959031657356,1.808659217877095,537,399,in_vivo_clearance,3
gp_ei,3,0.8836126629422719,0.9932029795158287,537,399,in_vivo_clearance,3
gp_ei,4,0.547486033519553,0.617364990689013,537,399,in_vivo_clearance,3
gp_greedy,1,2.5716945996275604,2.7454996896337676,537,399,in_vivo_clearance,3
gp_greedy,2,1.739292364990689,1.808659217877095,537,399,in_vivo_clearance,3
gp_greedy,3,0.9185288640595903,0.9932029795158287,537,399,in_vivo_clearance,3
gp_greedy,4,0.5679702048417132,0.617364990689013,537,399,in_vivo_clearance,3
gp_incumbent,1,2.4728429546865303,2.7454996896337676,537,399,in_vivo_clearance,3
gp_incumbent,2,1.6396648044692737,1.808659217877095,537,399,in_vivo_clearance,3
gp_incumbent,3,0.8985102420856611,0.9932029795158287,537,399,in_vivo_clearance,3
gp_incumbent,4,0.5431409062693979,0.617364990689013,537,399,in_vivo_clearance,3
gp_only,1,2.4514276846679084,2.7454996896337676,537,399,in_vivo_clearance,3
gp_only,2,1.6424581005586592,1.808659217877095,537,399,in_vivo_clearance,3
gp_only,3,0.8943202979515829,0.9932029795158287,537,399,in_vivo_clearance,3
gp_only,4,0.5450031036623215,0.617364990689013,537,399,in_vivo_clearance,3
molecular_stats,1,2.631750465549348,2.7454996896337676,537,399,in_vivo_clearance,3
molecular_stats,2,1.813159528243327,1.808659217877095,537,399,in_vivo_clearance,3
molecular_stats,3,0.9927063935443824,0.9932029795158287,537,399,in_vivo_clearance,3
molecular_stats,4,0.6263190564866542,0.617364990689013,537,399,in_vivo_clearance,3
molecule_mlp,1,2.6098696461824953,2.7454996896337676,537,399,in_vivo_clearance,3
molecule_mlp,2,1.8156424581005586,1.808659217877095,537,399,in_vivo_clearance,3
molecule_mlp,3,0.9922408441961516,0.9932029795158287,537,399,in_vivo_clearance,3
molecule_mlp,4,0.6306641837368094,0.617364990689013,537,399,in_vivo_clearance,3
random,1,2.7454996896337676,2.7454996896337676,537,399,in_vivo_clearance,3
random,2,1.808659217877095,1.808659217877095,537,399,in_vivo_clearance,3
random,3,0.9932029795158287,0.9932029795158287,537,399,in_vivo_clearance,3
random,4,0.617364990689013,0.617364990689013,537,399,in_vivo_clearance,3
set_gp_only,1,2.5135009310986964,2.7454996896337676,537,399,in_vivo_clearance,3
set_gp_only,2,1.7524829298572315,1.808659217877095,537,399,in_vivo_clearance,3
set_gp_only,3,0.9422718808193669,0.9932029795158287,537,399,in_vivo_clearance,3
set_gp_only,4,0.5876784605834885,0.617364990689013,537,399,in_vivo_clearance,3
set_transformer,1,2.5775915580384856,2.7454996896337676,537,399,in_vivo_clearance,3
set_transformer,2,1.7725015518311609,1.808659217877095,537,399,in_vivo_clearance,3
set_transformer,3,0.9515828677839852,0.9932029795158287,537,399,in_vivo_clearance,3
set_transformer,4,0.5817815021725636,0.617364990689013,537,399,in_vivo_clearance,3
state_stats,1,2.6235257603972686,2.7454996896337676,537,399,in_vivo_clearance,3
state_stats,2,1.760086902545003,1.808659217877095,537,399,in_vivo_clearance,3
state_stats,3,0.9452203600248292,0.9932029795158287,537,399,in_vivo_clearance,3
state_stats,4,0.6072315332091868,0.617364990689013,537,399,in_vivo_clearance,3
compact_set,1,2.1847537878787877,2.9808996212121213,880,355,protein_binding,3
compact_set,2,1.4667613636363637,1.921278409090909,880,355,protein_binding,3
compact_set,3,0.8052083333333334,1.097623106060606,880,355,protein_binding,3
compact_set,4,0.5034090909090909,0.7207440476190476,880,355,protein_binding,3
cross_attention,1,2.2193181818181817,2.9808996212121213,880,355,protein_binding,3
cross_attention,2,1.4922348484848487,1.921278409090909,880,355,protein_binding,3
cross_attention,3,0.8131628787878789,1.097623106060606,880,355,protein_binding,3
cross_attention,4,0.521875,0.7207440476190476,880,355,protein_binding,3
deep_sets,1,2.2206439393939394,2.9808996212121213,880,355,protein_binding,3
deep_sets,2,1.5196969696969695,1.921278409090909,880,355,protein_binding,3
deep_sets,3,0.8126893939393939,1.097623106060606,880,355,protein_binding,3
deep_sets,4,0.5307765151515151,0.7207440476190476,880,355,protein_binding,3
delta_greedy,1,2.194318181818182,2.9808996212121213,880,355,protein_binding,3
delta_greedy,2,1.4235795454545455,1.921278409090909,880,355,protein_binding,3
delta_greedy,3,0.76875,1.097623106060606,880,355,protein_binding,3
delta_greedy,4,0.46960227272727273,0.7207440476190476,880,355,protein_binding,3
gp_both,1,2.1329545454545453,2.9808996212121213,880,355,protein_binding,3
gp_both,2,1.4198863636363637,1.921278409090909,880,355,protein_binding,3
gp_both,3,0.7692234848484848,1.097623106060606,880,355,protein_binding,3
gp_both,4,0.4918560606060606,0.7207440476190476,880,355,protein_binding,3
gp_delta,1,2.1264204545454546,2.9808996212121213,880,355,protein_binding,3
gp_delta,2,1.4204545454545454,1.921278409090909,880,355,protein_binding,3
gp_delta,3,0.7668560606060606,1.097623106060606,880,355,protein_binding,3
gp_delta,4,0.490719696969697,0.7207440476190476,880,355,protein_binding,3
gp_ei,1,2.10625,2.9808996212121213,880,355,protein_binding,3
gp_ei,2,1.4139204545454545,1.921278409090909,880,355,protein_binding,3
gp_ei,3,0.7542613636363636,1.097623106060606,880,355,protein_binding,3
gp_ei,4,0.4758522727272727,0.7207440476190476,880,355,protein_binding,3
gp_greedy,1,2.176988636363636,2.9808996212121213,880,355,protein_binding,3
gp_greedy,2,1.4482954545454545,1.921278409090909,880,355,protein_binding,3
gp_greedy,3,0.7838068181818182,1.097623106060606,880,355,protein_binding,3
gp_greedy,4,0.4980113636363636,0.7207440476190476,880,355,protein_binding,3
gp_incumbent,1,2.1419507575757577,2.9808996212121213,880,355,protein_binding,3
gp_incumbent,2,1.431534090909091,1.921278409090909,880,355,protein_binding,3
gp_incumbent,3,0.7639204545454545,1.097623106060606,880,355,protein_binding,3
gp_incumbent,4,0.48664772727272726,0.7207440476190476,880,355,protein_binding,3
gp_only,1,2.153598484848485,2.9808996212121213,880,355,protein_binding,3
gp_only,2,1.4393939393939394,1.921278409090909,880,355,protein_binding,3
gp_only,3,0.7691287878787879,1.097623106060606,880,355,protein_binding,3
gp_only,4,0.4871212121212121,0.7207440476190476,880,355,protein_binding,3
molecular_stats,1,2.2201704545454546,2.9808996212121213,880,355,protein_binding,3
molecular_stats,2,1.4842803030303031,1.921278409090909,880,355,protein_binding,3
molecular_stats,3,0.799810606060606,1.097623106060606,880,355,protein_binding,3
molecular_stats,4,0.5271780303030303,0.7207440476190476,880,355,protein_binding,3
molecule_mlp,1,2.2234848484848486,2.9808996212121213,880,355,protein_binding,3
molecule_mlp,2,1.5125,1.921278409090909,880,355,protein_binding,3
molecule_mlp,3,0.8205492424242424,1.097623106060606,880,355,protein_binding,3
molecule_mlp,4,0.5287878787878788,0.7207440476190476,880,355,protein_binding,3
random,1,2.9808996212121213,2.9808996212121213,880,355,protein_binding,3
random,2,1.921278409090909,1.921278409090909,880,355,protein_binding,3
random,3,1.097623106060606,1.097623106060606,880,355,protein_binding,3
random,4,0.7207440476190476,0.7207440476190476,880,355,protein_binding,3
set_gp_only,1,2.149810606060606,2.9808996212121213,880,355,protein_binding,3
set_gp_only,2,1.4657196969696968,1.921278409090909,880,355,protein_binding,3
set_gp_only,3,0.796780303030303,1.097623106060606,880,355,protein_binding,3
set_gp_only,4,0.5123106060606061,0.7207440476190476,880,355,protein_binding,3
set_transformer,1,2.244128787878788,2.9808996212121213,880,355,protein_binding,3
set_transformer,2,1.5228219696969696,1.921278409090909,880,355,protein_binding,3
set_transformer,3,0.8395833333333333,1.097623106060606,880,355,protein_binding,3
set_transformer,4,0.5365530303030304,0.7207440476190476,880,355,protein_binding,3
state_stats,1,2.1493371212121213,2.9808996212121213,880,355,protein_binding,3
state_stats,2,1.4234848484848486,1.921278409090909,880,355,protein_binding,3
state_stats,3,0.7682765151515152,1.097623106060606,880,355,protein_binding,3
state_stats,4,0.4857007575757576,0.7207440476190476,880,355,protein_binding,3
compact_set,1,2.9122137404580153,3.5780211624677274,524,222,cellular_clearance,3
compact_set,2,1.9809160305343512,2.4859092031801953,524,222,cellular_clearance,3
compact_set,3,1.3128180661577606,1.6545160734092033,524,222,cellular_clearance,3
compact_set,4,0.9805979643765904,1.222275524517891,524,222,cellular_clearance,3
cross_attention,1,2.9798027989821882,3.5780211624677274,524,222,cellular_clearance,3
cross_attention,2,2.108937659033079,2.4859092031801953,524,222,cellular_clearance,3
cross_attention,3,1.4053753180661577,1.6545160734092033,524,222,cellular_clearance,3
cross_attention,4,1.0348282442748091,1.222275524517891,524,222,cellular_clearance,3
deep_sets,1,2.9588104325699747,3.5780211624677274,524,222,cellular_clearance,3
deep_sets,2,2.0839694656488548,2.4859092031801953,524,222,cellular_clearance,3
deep_sets,3,1.3818384223918576,1.6545160734092033,524,222,cellular_clearance,3
deep_sets,4,1.0233778625954197,1.222275524517891,524,222,cellular_clearance,3
delta_greedy,1,2.898854961832061,3.5780211624677274,524,222,cellular_clearance,3
delta_greedy,2,2.0477099236641223,2.4859092031801953,524,222,cellular_clearance,3
delta_greedy,3,1.258587786259542,1.6545160734092033,524,222,cellular_clearance,3
delta_greedy,4,0.9122137404580153,1.222275524517891,524,222,cellular_clearance,3
gp_both,1,2.782124681933842,3.5780211624677274,524,222,cellular_clearance,3
gp_both,2,1.9161895674300256,2.4859092031801953,524,222,cellular_clearance,3
gp_both,3,1.2814885496183206,1.6545160734092033,524,222,cellular_clearance,3
gp_both,4,0.9166666666666666,1.222275524517891,524,222,cellular_clearance,3
gp_delta,1,2.756043256997456,3.5780211624677274,524,222,cellular_clearance,3
gp_delta,2,1.895356234096692,2.4859092031801953,524,222,cellular_clearance,3
gp_delta,3,1.241412213740458,1.6545160734092033,524,222,cellular_clearance,3
gp_delta,4,0.8944020356234097,1.222275524517891,524,222,cellular_clearance,3
gp_ei,1,2.726145038167939,3.5780211624677274,524,222,cellular_clearance,3
gp_ei,2,1.8745229007633588,2.4859092031801953,524,222,cellular_clearance,3
gp_ei,3,1.2447519083969465,1.6545160734092033,524,222,cellular_clearance,3
gp_ei,4,0.916030534351145,1.222275524517891,524,222,cellular_clearance,3
gp_greedy,1,2.89456106870229,3.5780211624677274,524,222,cellular_clearance,3
gp_greedy,2,1.9923664122137406,2.4859092031801953,524,222,cellular_clearance,3
gp_greedy,3,1.3182251908396947,1.6545160734092033,524,222,cellular_clearance,3
gp_greedy,4,0.9642175572519084,1.222275524517891,524,222,cellular_clearance,3
gp_incumbent,1,2.7205788804071247,3.5780211624677274,524,222,cellular_clearance,3
gp_incumbent,2,1.8575063613231553,2.4859092031801953,524,222,cellular_clearance,3
gp_incumbent,3,1.2565203562340965,1.6545160734092033,524,222,cellular_clearance,3
gp_incumbent,4,0.9064885496183206,1.222275524517891,524,222,cellular_clearance,3
gp_only,1,2.760655216284987,3.5780211624677274,524,222,cellular_clearance,3
gp_only,2,1.8875636132315523,2.4859092031801953,524,222,cellular_clearance,3
gp_only,3,1.26176844783715,1.6545160734092033,524,222,cellular_clearance,3
gp_only,4,0.9122137404580153,1.222275524517891,524,222,cellular_clearance,3
molecular_stats,1,2.96485368956743,3.5780211624677274,524,222,cellular_clearance,3
molecular_stats,2,2.1304071246819336,2.4859092031801953,524,222,cellular_clearance,3
molecular_stats,3,1.4072837150127226,1.6545160734092033,524,222,cellular_clearance,3
molecular_stats,4,1.0443702290076335,1.222275524517891,524,222,cellular_clearance,3
molecule_mlp,1,2.9271628498727735,3.5780211624677274,524,222,cellular_clearance,3
molecule_mlp,2,2.0569338422391854,2.4859092031801953,524,222,cellular_clearance,3
molecule_mlp,3,1.3568702290076335,1.6545160734092033,524,222,cellular_clearance,3
molecule_mlp,4,0.9899809160305344,1.222275524517891,524,222,cellular_clearance,3
random,1,3.5780211624677274,3.5780211624677274,524,222,cellular_clearance,3
random,2,2.4859092031801953,2.4859092031801953,524,222,cellular_clearance,3
random,3,1.6545160734092033,1.6545160734092033,524,222,cellular_clearance,3
random,4,1.222275524517891,1.222275524517891,524,222,cellular_clearance,3
set_gp_only,1,2.9473600508905853,3.5780211624677274,524,222,cellular_clearance,3
set_gp_only,2,2.09764631043257,2.4859092031801953,524,222,cellular_clearance,3
set_gp_only,3,1.3889949109414759,1.6545160734092033,524,222,cellular_clearance,3
set_gp_only,4,1.032442748091603,1.222275524517891,524,222,cellular_clearance,3
set_transformer,1,3.010496183206107,3.5780211624677274,524,222,cellular_clearance,3
set_transformer,2,2.0966921119592876,2.4859092031801953,524,222,cellular_clearance,3
set_transformer,3,1.397582697201018,1.6545160734092033,524,222,cellular_clearance,3
set_transformer,4,1.0556615776081424,1.222275524517891,524,222,cellular_clearance,3
state_stats,1,2.7703562340966923,3.5780211624677274,524,222,cellular_clearance,3
state_stats,2,1.9136450381679388,2.4859092031801953,524,222,cellular_clearance,3
state_stats,3,1.2724236641221374,1.6545160734092033,524,222,cellular_clearance,3
state_stats,4,0.9085559796437659,1.222275524517891,524,222,cellular_clearance,3
compact_set,1,3.4169896640826876,4.265503875968992,516,376,permeability,3
compact_set,2,2.237403100775194,2.8010981912144706,516,376,permeability,3
compact_set,3,1.5142118863049097,1.851986434108527,516,376,permeability,3
compact_set,4,1.0820413436692506,1.340889165743817,516,376,permeability,3
cross_attention,1,3.498869509043928,4.265503875968992,516,376,permeability,3
cross_attention,2,2.364018087855297,2.8010981912144706,516,376,permeability,3
cross_attention,3,1.6135335917312663,1.851986434108527,516,376,permeability,3
cross_attention,4,1.181201550387597,1.340889165743817,516,376,permeability,3
deep_sets,1,3.574450904392765,4.265503875968992,516,376,permeability,3
deep_sets,2,2.375,2.8010981912144706,516,376,permeability,3
deep_sets,3,1.585109819121447,1.851986434108527,516,376,permeability,3
deep_sets,4,1.1673126614987082,1.340889165743817,516,376,permeability,3
delta_greedy,1,3.4811046511627906,4.265503875968992,516,376,permeability,3
delta_greedy,2,2.2994186046511627,2.8010981912144706,516,376,permeability,3
delta_greedy,3,1.5557170542635659,1.851986434108527,516,376,permeability,3
delta_greedy,4,1.1472868217054264,1.340889165743817,516,376,permeability,3
gp_both,1,3.175872093023256,4.265503875968992,516,376,permeability,3
gp_both,2,2.074127906976744,2.8010981912144706,516,376,permeability,3
gp_both,3,1.3741925064599485,1.851986434108527,516,376,permeability,3
gp_both,4,0.9870801033591731,1.340889165743817,516,376,permeability,3
gp_delta,1,3.158107235142119,4.265503875968992,516,376,permeability,3
gp_delta,2,2.067990956072351,2.8010981912144706,516,376,permeability,3
gp_delta,3,1.3659560723514212,1.851986434108527,516,376,permeability,3
gp_delta,4,0.9767441860465116,1.340889165743817,516,376,permeability,3
gp_ei,1,3.0794573643410854,4.265503875968992,516,376,permeability,3
gp_ei,2,2.0281007751937983,2.8010981912144706,516,376,permeability,3
gp_ei,3,1.3430232558139534,1.851986434108527,516,376,permeability,3
gp_ei,4,0.9452519379844961,1.340889165743817,516,376,permeability,3
gp_greedy,1,3.267926356589147,4.265503875968992,516,376,permeability,3
gp_greedy,2,2.127422480620155,2.8010981912144706,516,376,permeability,3
gp_greedy,3,1.4093992248062015,1.851986434108527,516,376,permeability,3
gp_greedy,4,0.999031007751938,1.340889165743817,516,376,permeability,3
gp_incumbent,1,3.137112403100775,4.265503875968992,516,376,permeability,3
gp_incumbent,2,2.0431201550387597,2.8010981912144706,516,376,permeability,3
gp_incumbent,3,1.3575581395348837,1.851986434108527,516,376,permeability,3
gp_incumbent,4,0.955264857881137,1.340889165743817,516,376,permeability,3
gp_only,1,3.174257105943153,4.265503875968992,516,376,permeability,3
gp_only,2,2.055717054263566,2.8010981912144706,516,376,permeability,3
gp_only,3,1.373546511627907,1.851986434108527,516,376,permeability,3
gp_only,4,0.9691537467700257,1.340889165743817,516,376,permeability,3
molecular_stats,1,3.6190245478036176,4.265503875968992,516,376,permeability,3
molecular_stats,2,2.38468992248062,2.8010981912144706,516,376,permeability,3
molecular_stats,3,1.5604005167958657,1.851986434108527,516,376,permeability,3
molecular_stats,4,1.1400193798449612,1.340889165743817,516,376,permeability,3
molecule_mlp,1,3.6579457364341086,4.265503875968992,516,376,permeability,3
molecule_mlp,2,2.487887596899225,2.8010981912144706,516,376,permeability,3
molecule_mlp,3,1.6647286821705427,1.851986434108527,516,376,permeability,3
molecule_mlp,4,1.2146317829457365,1.340889165743817,516,376,permeability,3
random,1,4.265503875968992,4.265503875968992,516,376,permeability,3
random,2,2.8010981912144706,2.8010981912144706,516,376,permeability,3
random,3,1.851986434108527,1.851986434108527,516,376,permeability,3
random,4,1.340889165743817,1.340889165743817,516,376,permeability,3
set_gp_only,1,3.537467700258398,4.265503875968992,516,376,permeability,3
set_gp_only,2,2.324935400516796,2.8010981912144706,516,376,permeability,3
set_gp_only,3,1.5127583979328165,1.851986434108527,516,376,permeability,3
set_gp_only,4,1.1030361757105942,1.340889165743817,516,376,permeability,3
set_transformer,1,3.439437984496124,4.265503875968992,516,376,permeability,3
set_transformer,2,2.3065245478036176,2.8010981912144706,516,376,permeability,3
set_transformer,3,1.5300387596899225,1.851986434108527,516,376,permeability,3
set_transformer,4,1.1083656330749354,1.340889165743817,516,376,permeability,3
state_stats,1,3.1757105943152455,4.265503875968992,516,376,permeability,3
state_stats,2,2.042151162790698,2.8010981912144706,516,376,permeability,3
state_stats,3,1.3333333333333333,1.851986434108527,516,376,permeability,3
state_stats,4,0.9597868217054264,1.340889165743817,516,376,permeability,3
compact_set,1,2.9760508308895406,4.126881720430108,341,251,efflux,3
compact_set,2,2.0024437927663734,2.710822510822511,341,251,efflux,3
compact_set,3,1.398338220918866,1.866315807848066,341,251,efflux,3
compact_set,4,0.9611436950146628,1.3505708001675742,341,251,efflux,3
cross_attention,1,3.090420332355816,4.126881720430108,341,251,efflux,3
cross_attention,2,2.077468230694037,2.710822510822511,341,251,efflux,3
cross_attention,3,1.4503910068426198,1.866315807848066,341,251,efflux,3
cross_attention,4,1.0386119257086999,1.3505708001675742,341,251,efflux,3
deep_sets,1,2.980205278592375,4.126881720430108,341,251,efflux,3
deep_sets,2,2.0325024437927666,2.710822510822511,341,251,efflux,3
deep_sets,3,1.3912512218963833,1.866315807848066,341,251,efflux,3
deep_sets,4,0.9951124144672531,1.3505708001675742,341,251,efflux,3
delta_greedy,1,3.1495601173020527,4.126881720430108,341,251,efflux,3
delta_greedy,2,2.285190615835777,2.710822510822511,341,251,efflux,3
delta_greedy,3,1.6041055718475072,1.866315807848066,341,251,efflux,3
delta_greedy,4,1.1077712609970674,1.3505708001675742,341,251,efflux,3
gp_both,1,3.022238514173998,4.126881720430108,341,251,efflux,3
gp_both,2,2.0007331378299122,2.710822510822511,341,251,efflux,3
gp_both,3,1.3875855327468232,1.866315807848066,341,251,efflux,3
gp_both,4,0.9640762463343109,1.3505708001675742,341,251,efflux,3
gp_delta,1,3.0002443792766376,4.126881720430108,341,251,efflux,3
gp_delta,2,1.9496578690127078,2.710822510822511,341,251,efflux,3
gp_delta,3,1.3589931573802543,1.866315807848066,341,251,efflux,3
gp_delta,4,0.9733626588465298,1.3505708001675742,341,251,efflux,3
gp_ei,1,2.8951612903225805,4.126881720430108,341,251,efflux,3
gp_ei,2,1.9288856304985338,2.710822510822511,341,251,efflux,3
gp_ei,3,1.3409090909090908,1.866315807848066,341,251,efflux,3
gp_ei,4,0.9626099706744868,1.3505708001675742,341,251,efflux,3
gp_greedy,1,2.9567448680351904,4.126881720430108,341,251,efflux,3
gp_greedy,2,2.0190615835777126,2.710822510822511,341,251,efflux,3
gp_greedy,3,1.3922287390029326,1.866315807848066,341,251,efflux,3
gp_greedy,4,0.9912023460410557,1.3505708001675742,341,251,efflux,3
gp_incumbent,1,2.8856304985337244,4.126881720430108,341,251,efflux,3
gp_incumbent,2,1.956500488758553,2.710822510822511,341,251,efflux,3
gp_incumbent,3,1.3504398826979471,1.866315807848066,341,251,efflux,3
gp_incumbent,4,0.9696969696969697,1.3505708001675742,341,251,efflux,3
gp_only,1,2.935483870967742,4.126881720430108,341,251,efflux,3
gp_only,2,1.9784946236559138,2.710822510822511,341,251,efflux,3
gp_only,3,1.3714565004887587,1.866315807848066,341,251,efflux,3
gp_only,4,0.9714076246334311,1.3505708001675742,341,251,efflux,3
molecular_stats,1,3.0288367546432062,4.126881720430108,341,251,efflux,3
molecular_stats,2,2.0359237536656893,2.710822510822511,341,251,efflux,3
molecular_stats,3,1.401026392961877,1.866315807848066,341,251,efflux,3
molecular_stats,4,0.9902248289345064,1.3505708001675742,341,251,efflux,3
molecule_mlp,1,3.0691593352883673,4.126881720430108,341,251,efflux,3
molecule_mlp,2,2.0784457478005867,2.710822510822511,341,251,efflux,3
molecule_mlp,3,1.4156891495601174,1.866315807848066,341,251,efflux,3
molecule_mlp,4,1.000733137829912,1.3505708001675742,341,251,efflux,3
random,1,4.126881720430108,4.126881720430108,341,251,efflux,3
random,2,2.710822510822511,2.710822510822511,341,251,efflux,3
random,3,1.866315807848066,1.866315807848066,341,251,efflux,3
random,4,1.3505708001675742,1.3505708001675742,341,251,efflux,3
set_gp_only,1,3.0359237536656893,4.126881720430108,341,251,efflux,3
set_gp_only,2,2.0625610948191593,2.710822510822511,341,251,efflux,3
set_gp_only,3,1.4247311827956988,1.866315807848066,341,251,efflux,3
set_gp_only,4,1.0012218963831867,1.3505708001675742,341,251,efflux,3
set_transformer,1,3.0474095796676446,4.126881720430108,341,251,efflux,3
set_transformer,2,2.0806451612903225,2.710822510822511,341,251,efflux,3
set_transformer,3,1.4557673509286413,1.866315807848066,341,251,efflux,3
set_transformer,4,1.0268817204301075,1.3505708001675742,341,251,efflux,3
state_stats,1,2.9359726295210167,4.126881720430108,341,251,efflux,3
state_stats,2,1.9882697947214076,2.710822510822511,341,251,efflux,3
state_stats,3,1.3582600195503423,1.866315807848066,341,251,efflux,3
state_stats,4,0.979227761485826,1.3505708001675742,341,251,efflux,3
compact_set,1,3.62318405970945,5.01723868126557,2501,1209,all,5
compact_set,2,2.457217113154738,3.4235778122798317,2501,1209,all,5
compact_set,3,1.9497867519658805,2.6346340896245937,2501,1209,all,5
compact_set,4,1.4911035585765693,2.0062163114367233,2501,1209,all,5
cross_attention,1,3.7089830734372917,5.01723868126557,2501,1209,all,5
cross_attention,2,2.5470478475276557,3.4235778122798317,2501,1209,all,5
cross_attention,3,2.015227242436359,2.6346340896245937,2501,1209,all,5
cross_attention,4,1.5516460082633612,2.0062163114367233,2501,1209,all,5
deep_sets,1,3.7486005597760896,5.01723868126557,2501,1209,all,5
deep_sets,2,2.5735705717712913,3.4235778122798317,2501,1209,all,5
deep_sets,3,2.0176596028255367,2.6346340896245937,2501,1209,all,5
deep_sets,4,1.5605091296814608,2.0062163114367233,2501,1209,all,5
delta_greedy,1,3.8202718912435025,5.01723868126557,2501,1209,all,5
delta_greedy,2,2.582566973210716,3.4235778122798317,2501,1209,all,5
delta_greedy,3,2.0164934026389445,2.6346340896245937,2501,1209,all,5
delta_greedy,4,1.5122950819672132,2.0062163114367233,2501,1209,all,5
gp_both,1,3.5036318805811013,5.01723868126557,2501,1209,all,5
gp_both,2,2.3748500599760094,3.4235778122798317,2501,1209,all,5
gp_both,3,1.8881114220978277,2.6346340896245937,2501,1209,all,5
gp_both,4,1.4491203518592564,2.0062163114367233,2501,1209,all,5
gp_delta,1,3.4683459949353592,5.01723868126557,2501,1209,all,5
gp_delta,2,2.3440290550446488,3.4235778122798317,2501,1209,all,5
gp_delta,3,1.862488337998134,2.6346340896245937,2501,1209,all,5
gp_delta,4,1.4323937091829935,2.0062163114367233,2501,1209,all,5
gp_ei,1,3.4019392243102757,5.01723868126557,2501,1209,all,5
gp_ei,2,2.299980007996801,3.4235778122798317,2501,1209,all,5
gp_ei,3,1.8252698920431827,2.6346340896245937,2501,1209,all,5
gp_ei,4,1.4138344662135145,2.0062163114367233,2501,1209,all,5
gp_greedy,1,3.55687724910036,5.01723868126557,2501,1209,all,5
gp_greedy,2,2.41953218712515,3.4235778122798317,2501,1209,all,5
gp_greedy,3,1.9163334666133547,2.6346340896245937,2501,1209,all,5
gp_greedy,4,1.471611355457817,2.0062163114367233,2501,1209,all,5
gp_incumbent,1,3.466180194588831,5.01723868126557,2501,1209,all,5
gp_incumbent,2,2.3443289350926295,3.4235778122798317,2501,1209,all,5
gp_incumbent,3,1.8678195388511263,2.6346340896245937,2501,1209,all,5
gp_incumbent,4,1.4330601092896176,2.0062163114367233,2501,1209,all,5
gp_only,1,3.489770758363321,5.01723868126557,2501,1209,all,5
gp_only,2,2.3613554578168734,3.4235778122798317,2501,1209,all,5
gp_only,3,1.8794482207117154,2.6346340896245937,2501,1209,all,5
gp_only,4,1.4423897107823536,2.0062163114367233,2501,1209,all,5
molecular_stats,1,3.7426695988271357,5.01723868126557,2501,1209,all,5
molecular_stats,2,2.5622417699586832,3.4235778122798317,2501,1209,all,5
molecular_stats,3,2.012128481940557,2.6346340896245937,2501,1209,all,5
molecular_stats,4,1.5602425696388111,2.0062163114367233,2501,1209,all,5
molecule_mlp,1,3.721244835399174,5.01723868126557,2501,1209,all,5
molecule_mlp,2,2.565140610422498,3.4235778122798317,2501,1209,all,5
molecule_mlp,3,2.0192922830867652,2.6346340896245937,2501,1209,all,5
molecule_mlp,4,1.5512461681993868,2.0062163114367233,2501,1209,all,5
random,1,5.01723868126557,5.01723868126557,2501,1209,all,5
random,2,3.4235778122798317,3.4235778122798317,2501,1209,all,5
random,3,2.6346340896245937,2.6346340896245937,2501,1209,all,5
random,4,2.0062163114367233,2.0062163114367233,2501,1209,all,5
set_gp_only,1,3.6638344662135145,5.01723868126557,2501,1209,all,5
set_gp_only,2,2.51109556177529,3.4235778122798317,2501,1209,all,5
set_gp_only,3,1.9665467146474742,2.6346340896245937,2501,1209,all,5
set_gp_only,4,1.5205917632946822,2.0062163114367233,2501,1209,all,5
set_transformer,1,3.7158469945355193,5.01723868126557,2501,1209,all,5
set_transformer,2,2.552045848327336,3.4235778122798317,2501,1209,all,5
set_transformer,3,2.015926962548314,2.6346340896245937,2501,1209,all,5
set_transformer,4,1.5483473277355724,2.0062163114367233,2501,1209,all,5
state_stats,1,3.5023990403838465,5.01723868126557,2501,1209,all,5
state_stats,2,2.364154338264694,3.4235778122798317,2501,1209,all,5
state_stats,3,1.8735172597627616,2.6346340896245937,2501,1209,all,5
state_stats,4,1.4405571104891377,2.0062163114367233,2501,1209,all,5
compact_set,1,3.454425797959855,5.089278564704281,1013,531,microsomal_clearance,5
compact_set,2,2.4020236920039486,3.6025201150262847,1013,531,microsomal_clearance,5
compact_set,3,1.9418394208621257,2.833619360192657,1013,531,microsomal_clearance,5
compact_set,4,1.5618624547548536,2.2298631843733028,1013,531,microsomal_clearance,5
cross_attention,1,3.468986508719974,5.089278564704281,1013,531,microsomal_clearance,5
cross_attention,2,2.431391905231984,3.6025201150262847,1013,531,microsomal_clearance,5
cross_attention,3,1.9581276735768345,2.833619360192657,1013,531,microsomal_clearance,5
cross_attention,4,1.578232971372162,2.2298631843733028,1013,531,microsomal_clearance,5
deep_sets,1,3.5839914445541297,5.089278564704281,1013,531,microsomal_clearance,5
deep_sets,2,2.4911977624218493,3.6025201150262847,1013,531,microsomal_clearance,5
deep_sets,3,2.0154656136887135,2.833619360192657,1013,531,microsomal_clearance,5
deep_sets,4,1.6240539651201054,2.2298631843733028,1013,531,microsomal_clearance,5
delta_greedy,1,3.777640671273445,5.089278564704281,1013,531,microsomal_clearance,5
delta_greedy,2,2.5836623889437313,3.6025201150262847,1013,531,microsomal_clearance,5
delta_greedy,3,2.078726554787759,2.833619360192657,1013,531,microsomal_clearance,5
delta_greedy,4,1.603899308983218,2.2298631843733028,1013,531,microsomal_clearance,5
gp_both,1,3.3330865416255344,5.089278564704281,1013,531,microsomal_clearance,5
gp_both,2,2.3449325435998682,3.6025201150262847,1013,531,microsomal_clearance,5
gp_both,3,1.904820664692333,2.833619360192657,1013,531,microsomal_clearance,5
gp_both,4,1.5354557420204016,2.2298631843733028,1013,531,microsomal_clearance,5
gp_delta,1,3.3362948338269165,5.089278564704281,1013,531,microsomal_clearance,5
gp_delta,2,2.3393385982230996,3.6025201150262847,1013,531,microsomal_clearance,5
gp_delta,3,1.8902599539322145,2.833619360192657,1013,531,microsomal_clearance,5
gp_delta,4,1.527147087857848,2.2298631843733028,1013,531,microsomal_clearance,5
gp_ei,1,3.317127344521224,5.089278564704281,1013,531,microsomal_clearance,5
gp_ei,2,2.293435340572557,3.6025201150262847,1013,531,microsomal_clearance,5
gp_ei,3,1.8398321816386969,2.833619360192657,1013,531,microsomal_clearance,5
gp_ei,4,1.5076505429417573,2.2298631843733028,1013,531,microsomal_clearance,5
gp_greedy,1,3.3941263573543927,5.089278564704281,1013,531,microsomal_clearance,5
gp_greedy,2,2.373395853899309,3.6025201150262847,1013,531,microsomal_clearance,5
gp_greedy,3,1.9313919052319841,2.833619360192657,1013,531,microsomal_clearance,5
gp_greedy,4,1.5582428430404738,2.2298631843733028,1013,531,microsomal_clearance,5
gp_incumbent,1,3.39642974662718,5.089278564704281,1013,531,microsomal_clearance,5
gp_incumbent,2,2.372326423165515,3.6025201150262847,1013,531,microsomal_clearance,5
gp_incumbent,3,1.9118953603158935,2.833619360192657,1013,531,microsomal_clearance,5
gp_incumbent,4,1.5454919381375452,2.2298631843733028,1013,531,microsomal_clearance,5
gp_only,1,3.4020236920039486,5.089278564704281,1013,531,microsomal_clearance,5
gp_only,2,2.3807996051332676,3.6025201150262847,1013,531,microsomal_clearance,5
gp_only,3,1.9203685422836458,2.833619360192657,1013,531,microsomal_clearance,5
gp_only,4,1.5565153010858834,2.2298631843733028,1013,531,microsomal_clearance,5
molecular_stats,1,3.5213063507732807,5.089278564704281,1013,531,microsomal_clearance,5
molecular_stats,2,2.4517110891740708,3.6025201150262847,1013,531,microsomal_clearance,5
molecular_stats,3,1.988729845343863,2.833619360192657,1013,531,microsomal_clearance,5
molecular_stats,4,1.607847976307996,2.2298631843733028,1013,531,microsomal_clearance,5
molecule_mlp,1,3.4494076999012835,5.089278564704281,1013,531,microsomal_clearance,5
molecule_mlp,2,2.4020236920039486,3.6025201150262847,1013,531,microsomal_clearance,5
molecule_mlp,3,1.9566469233300428,2.833619360192657,1013,531,microsomal_clearance,5
molecule_mlp,4,1.5685258308654164,2.2298631843733028,1013,531,microsomal_clearance,5
random,1,5.089278564704281,5.089278564704281,1013,531,microsomal_clearance,5
random,2,3.6025201150262847,3.6025201150262847,1013,531,microsomal_clearance,5
random,3,2.833619360192657,2.833619360192657,1013,531,microsomal_clearance,5
random,4,2.2298631843733028,2.2298631843733028,1013,531,microsomal_clearance,5
set_gp_only,1,3.5055116814741694,5.089278564704281,1013,531,microsomal_clearance,5
set_gp_only,2,2.407617637380717,3.6025201150262847,1013,531,microsomal_clearance,5
set_gp_only,3,1.9313096413293847,2.833619360192657,1013,531,microsomal_clearance,5
set_gp_only,4,1.564659427443238,2.2298631843733028,1013,531,microsomal_clearance,5
set_transformer,1,3.5398157288581773,5.089278564704281,1013,531,microsomal_clearance,5
set_transformer,2,2.45179335307667,3.6025201150262847,1013,531,microsomal_clearance,5
set_transformer,3,1.9874136229022705,2.833619360192657,1013,531,microsomal_clearance,5
set_transformer,4,1.5918887792036853,2.2298631843733028,1013,531,microsomal_clearance,5
state_stats,1,3.3402435011516944,5.089278564704281,1013,531,microsomal_clearance,5
state_stats,2,2.3274103323461666,3.6025201150262847,1013,531,microsomal_clearance,5
state_stats,3,1.898897663705166,2.833619360192657,1013,531,microsomal_clearance,5
state_stats,4,1.524267851266864,2.2298631843733028,1013,531,microsomal_clearance,5
compact_set,1,3.7903930131004366,4.164483260553129,229,179,in_vivo_clearance,5
compact_set,2,2.591703056768559,2.749636098981077,229,179,in_vivo_clearance,5
compact_set,3,1.8926491994177586,2.063755458515284,229,179,in_vivo_clearance,5
compact_set,4,1.3282387190684135,1.4477074235807859,229,179,in_vivo_clearance,5
cross_attention,1,3.986899563318777,4.164483260553129,229,179,in_vivo_clearance,5
cross_attention,2,2.6775836972343523,2.749636098981077,229,179,in_vivo_clearance,5
cross_attention,3,1.9916302765647742,2.063755458515284,229,179,in_vivo_clearance,5
cross_attention,4,1.3831877729257642,1.4477074235807859,229,179,in_vivo_clearance,5
deep_sets,1,3.9246724890829694,4.164483260553129,229,179,in_vivo_clearance,5
deep_sets,2,2.697962154294032,2.749636098981077,229,179,in_vivo_clearance,5
deep_sets,3,1.9723435225618633,2.063755458515284,229,179,in_vivo_clearance,5
deep_sets,4,1.3653566229985445,1.4477074235807859,229,179,in_vivo_clearance,5
delta_greedy,1,3.9923580786026203,4.164483260553129,229,179,in_vivo_clearance,5
delta_greedy,2,2.6102620087336246,2.749636098981077,229,179,in_vivo_clearance,5
delta_greedy,3,1.8799126637554586,2.063755458515284,229,179,in_vivo_clearance,5
delta_greedy,4,1.294759825327511,1.4477074235807859,229,179,in_vivo_clearance,5
gp_both,1,3.913391557496361,4.164483260553129,229,179,in_vivo_clearance,5
gp_both,2,2.606259097525473,2.749636098981077,229,179,in_vivo_clearance,5
gp_both,3,1.9243085880640467,2.063755458515284,229,179,in_vivo_clearance,5
gp_both,4,1.3868267831149927,1.4477074235807859,229,179,in_vivo_clearance,5
gp_delta,1,3.6593886462882095,4.164483260553129,229,179,in_vivo_clearance,5
gp_delta,2,2.4297671033478894,2.749636098981077,229,179,in_vivo_clearance,5
gp_delta,3,1.8708151382823872,2.063755458515284,229,179,in_vivo_clearance,5
gp_delta,4,1.3056768558951966,1.4477074235807859,229,179,in_vivo_clearance,5
gp_ei,1,3.502183406113537,4.164483260553129,229,179,in_vivo_clearance,5
gp_ei,2,2.3668122270742358,2.749636098981077,229,179,in_vivo_clearance,5
gp_ei,3,1.806768558951965,2.063755458515284,229,179,in_vivo_clearance,5
gp_ei,4,1.2838427947598254,1.4477074235807859,229,179,in_vivo_clearance,5
gp_greedy,1,3.8013100436681224,4.164483260553129,229,179,in_vivo_clearance,5
gp_greedy,2,2.5829694323144103,2.749636098981077,229,179,in_vivo_clearance,5
gp_greedy,3,1.888646288209607,2.063755458515284,229,179,in_vivo_clearance,5
gp_greedy,4,1.331877729257642,1.4477074235807859,229,179,in_vivo_clearance,5
gp_incumbent,1,3.599344978165939,4.164483260553129,229,179,in_vivo_clearance,5
gp_incumbent,2,2.3700873362445414,2.749636098981077,229,179,in_vivo_clearance,5
gp_incumbent,3,1.841703056768559,2.063755458515284,229,179,in_vivo_clearance,5
gp_incumbent,4,1.2736535662299855,1.4477074235807859,229,179,in_vivo_clearance,5
gp_only,1,3.5476710334788937,4.164483260553129,229,179,in_vivo_clearance,5
gp_only,2,2.3704512372634645,2.749636098981077,229,179,in_vivo_clearance,5
gp_only,3,1.831877729257642,2.063755458515284,229,179,in_vivo_clearance,5
gp_only,4,1.2780203784570598,1.4477074235807859,229,179,in_vivo_clearance,5
molecular_stats,1,3.933770014556041,4.164483260553129,229,179,in_vivo_clearance,5
molecular_stats,2,2.7445414847161573,2.749636098981077,229,179,in_vivo_clearance,5
molecular_stats,3,2.0625909752547305,2.063755458515284,229,179,in_vivo_clearance,5
molecular_stats,4,1.4687045123726346,1.4477074235807859,229,179,in_vivo_clearance,5
molecule_mlp,1,3.933406113537118,4.164483260553129,229,179,in_vivo_clearance,5
molecule_mlp,2,2.755822416302766,2.749636098981077,229,179,in_vivo_clearance,5
molecule_mlp,3,2.061499272197962,2.063755458515284,229,179,in_vivo_clearance,5
molecule_mlp,4,1.4788937409024747,1.4477074235807859,229,179,in_vivo_clearance,5
random,1,4.164483260553129,4.164483260553129,229,179,in_vivo_clearance,5
random,2,2.749636098981077,2.749636098981077,229,179,in_vivo_clearance,5
random,3,2.063755458515284,2.063755458515284,229,179,in_vivo_clearance,5
random,4,1.4477074235807859,1.4477074235807859,229,179,in_vivo_clearance,5
set_gp_only,1,3.695414847161572,4.164483260553129,229,179,in_vivo_clearance,5
set_gp_only,2,2.6204512372634645,2.749636098981077,229,179,in_vivo_clearance,5
set_gp_only,3,1.9443231441048034,2.063755458515284,229,179,in_vivo_clearance,5
set_gp_only,4,1.3780931586608443,1.4477074235807859,229,179,in_vivo_clearance,5
set_transformer,1,3.838791848617176,4.164483260553129,229,179,in_vivo_clearance,5
set_transformer,2,2.6706695778748184,2.749636098981077,229,179,in_vivo_clearance,5
set_transformer,3,1.9661572052401746,2.063755458515284,229,179,in_vivo_clearance,5
set_transformer,4,1.364264919941776,1.4477074235807859,229,179,in_vivo_clearance,5
state_stats,1,3.9519650655021836,4.164483260553129,229,179,in_vivo_clearance,5
state_stats,2,2.649927219796216,2.749636098981077,229,179,in_vivo_clearance,5
state_stats,3,1.9512372634643376,2.063755458515284,229,179,in_vivo_clearance,5
state_stats,4,1.4239446870451236,1.4477074235807859,229,179,in_vivo_clearance,5
compact_set,1,2.961662631154157,4.46817998385795,413,183,protein_binding,5
compact_set,2,1.9891041162227603,2.904499596448749,413,183,protein_binding,5
compact_set,3,1.53773204196933,2.1607949959644874,413,183,protein_binding,5
compact_set,4,1.0726392251815982,1.5357258157500289,413,183,protein_binding,5
cross_attention,1,3.0682001614205006,4.46817998385795,413,183,protein_binding,5
cross_attention,2,2.0282485875706215,2.904499596448749,413,183,protein_binding,5
cross_attention,3,1.5546811945117032,2.1607949959644874,413,183,protein_binding,5
cross_attention,4,1.1119854721549636,1.5357258157500289,413,183,protein_binding,5
deep_sets,1,3.083535108958838,4.46817998385795,413,183,protein_binding,5
deep_sets,2,2.0889830508474576,2.904499596448749,413,183,protein_binding,5
deep_sets,3,1.5536723163841808,2.1607949959644874,413,183,protein_binding,5
deep_sets,4,1.130952380952381,1.5357258157500289,413,183,protein_binding,5
delta_greedy,1,3.00363196125908,4.46817998385795,413,183,protein_binding,5
delta_greedy,2,1.8934624697336562,2.904499596448749,413,183,protein_binding,5
delta_greedy,3,1.460048426150121,2.1607949959644874,413,183,protein_binding,5
delta_greedy,4,1.0006053268765134,1.5357258157500289,413,183,protein_binding,5
gp_both,1,2.87409200968523,4.46817998385795,413,183,protein_binding,5
gp_both,2,1.8868038740920097,2.904499596448749,413,183,protein_binding,5
gp_both,3,1.4610573042776431,2.1607949959644874,413,183,protein_binding,5
gp_both,4,1.0480225988700564,1.5357258157500289,413,183,protein_binding,5
gp_delta,1,2.8575464083938664,4.46817998385795,413,183,protein_binding,5
gp_delta,2,1.884584342211461,2.904499596448749,413,183,protein_binding,5
gp_delta,3,1.4560129136400324,2.1607949959644874,413,183,protein_binding,5
gp_delta,4,1.0456012913640031,1.5357258157500289,413,183,protein_binding,5
gp_ei,1,2.790556900726392,4.46817998385795,413,183,protein_binding,5
gp_ei,2,1.8644067796610169,2.904499596448749,413,183,protein_binding,5
gp_ei,3,1.429176755447942,2.1607949959644874,413,183,protein_binding,5
gp_ei,4,1.0139225181598064,1.5357258157500289,413,183,protein_binding,5
gp_greedy,1,2.9418886198547214,4.46817998385795,413,183,protein_binding,5
gp_greedy,2,1.9358353510895885,2.904499596448749,413,183,protein_binding,5
gp_greedy,3,1.492130750605327,2.1607949959644874,413,183,protein_binding,5
gp_greedy,4,1.061138014527845,1.5357258157500289,413,183,protein_binding,5
gp_incumbent,1,2.8738902340597257,4.46817998385795,413,183,protein_binding,5
gp_incumbent,2,1.907586763518967,2.904499596448749,413,183,protein_binding,5
gp_incumbent,3,1.4497578692493946,2.1607949959644874,413,183,protein_binding,5
gp_incumbent,4,1.0369249394673123,1.5357258157500289,413,183,protein_binding,5
gp_only,1,2.901129943502825,4.46817998385795,413,183,protein_binding,5
gp_only,2,1.9233252623083132,2.904499596448749,413,183,protein_binding,5
gp_only,3,1.460855528652139,2.1607949959644874,413,183,protein_binding,5
gp_only,4,1.0379338175948345,1.5357258157500289,413,183,protein_binding,5
molecular_stats,1,3.0653753026634383,4.46817998385795,413,183,protein_binding,5
molecular_stats,2,2.0129136400322842,2.904499596448749,413,183,protein_binding,5
molecular_stats,3,1.5262308313155772,2.1607949959644874,413,183,protein_binding,5
molecular_stats,4,1.1232849071832123,1.5357258157500289,413,183,protein_binding,5
molecule_mlp,1,3.0946327683615817,4.46817998385795,413,183,protein_binding,5
molecule_mlp,2,2.07546408393866,2.904499596448749,413,183,protein_binding,5
molecule_mlp,3,1.5704196933010492,2.1607949959644874,413,183,protein_binding,5
molecule_mlp,4,1.1267150928167877,1.5357258157500289,413,183,protein_binding,5
random,1,4.46817998385795,4.46817998385795,413,183,protein_binding,5
random,2,2.904499596448749,2.904499596448749,413,183,protein_binding,5
random,3,2.1607949959644874,2.1607949959644874,413,183,protein_binding,5
random,4,1.5357258157500289,1.5357258157500289,413,183,protein_binding,5
set_gp_only,1,2.9085956416464893,4.46817998385795,413,183,protein_binding,5
set_gp_only,2,1.976997578692494,2.904499596448749,413,183,protein_binding,5
set_gp_only,3,1.519774011299435,2.1607949959644874,413,183,protein_binding,5
set_gp_only,4,1.0916061339790153,1.5357258157500289,413,183,protein_binding,5
set_transformer,1,3.093825665859564,4.46817998385795,413,183,protein_binding,5
set_transformer,2,2.0990718321226796,2.904499596448749,413,183,protein_binding,5
set_transformer,3,1.6109765940274416,2.1607949959644874,413,183,protein_binding,5
set_transformer,4,1.1432606941081518,1.5357258157500289,413,183,protein_binding,5
state_stats,1,2.9098062953995156,4.46817998385795,413,183,protein_binding,5
state_stats,2,1.892050040355125,2.904499596448749,413,183,protein_binding,5
state_stats,3,1.459039548022599,2.1607949959644874,413,183,protein_binding,5
state_stats,4,1.034907183212268,1.5357258157500289,413,183,protein_binding,5
compact_set,1,3.9241917502787067,5.049218804235527,299,155,cellular_clearance,5
compact_set,2,2.6426978818283167,3.533834188850911,299,155,cellular_clearance,5
compact_set,3,2.168617614269788,2.767446228984691,299,155,cellular_clearance,5
compact_set,4,1.71850613154961,2.1420480764126246,299,155,cellular_clearance,5
cross_attention,1,4.068840579710145,5.049218804235527,299,155,cellular_clearance,5
cross_attention,2,2.8876811594202896,3.533834188850911,299,155,cellular_clearance,5
cross_attention,3,2.33082497212932,2.767446228984691,299,155,cellular_clearance,5
cross_attention,4,1.8135451505016722,2.1420480764126246,299,155,cellular_clearance,5
deep_sets,1,4.021739130434782,5.049218804235527,299,155,cellular_clearance,5
deep_sets,2,2.8363991081382385,3.533834188850911,299,155,cellular_clearance,5
deep_sets,3,2.289576365663322,2.767446228984691,299,155,cellular_clearance,5
deep_sets,4,1.7934782608695652,2.1420480764126246,299,155,cellular_clearance,5
delta_greedy,1,3.9423076923076925,5.049218804235527,299,155,cellular_clearance,5
delta_greedy,2,2.7801003344481607,3.5338341888509115,299,155,cellular_clearance,5
delta_greedy,3,2.0735785953177257,2.767446228984691,299,155,cellular_clearance,5
delta_greedy,4,1.5986622073578596,2.1420480764126246,299,155,cellular_clearance,5
gp_both,1,3.760869565217391,5.049218804235527,299,155,cellular_clearance,5
gp_both,2,2.5618729096989967,3.533834188850911,299,155,cellular_clearance,5
gp_both,3,2.1137123745819397,2.767446228984691,299,155,cellular_clearance,5
gp_both,4,1.6064659977703455,2.1420480764126246,299,155,cellular_clearance,5
gp_delta,1,3.7288182831661096,5.049218804235527,299,155,cellular_clearance,5
gp_delta,2,2.5250836120401337,3.533834188850911,299,155,cellular_clearance,5
gp_delta,3,2.0434782608695654,2.767446228984691,299,155,cellular_clearance,5
gp_delta,4,1.5674470457079153,2.1420480764126246,299,155,cellular_clearance,5
gp_ei,1,3.6546822742474916,5.049218804235527,299,155,cellular_clearance,5
gp_ei,2,2.4740802675585285,3.5338341888509115,299,155,cellular_clearance,5
gp_ei,3,2.04933110367893,2.767446228984691,299,155,cellular_clearance,5
gp_ei,4,1.605351170568562,2.1420480764126246,299,155,cellular_clearance,5
gp_greedy,1,3.928929765886288,5.049218804235527,299,155,cellular_clearance,5
gp_greedy,2,2.6797658862876252,3.5338341888509115,299,155,cellular_clearance,5
gp_greedy,3,2.17809364548495,2.767446228984691,299,155,cellular_clearance,5
gp_greedy,4,1.689799331103679,2.1420480764126246,299,155,cellular_clearance,5
gp_incumbent,1,3.6675027870680044,5.049218804235527,299,155,cellular_clearance,5
gp_incumbent,2,2.4612597547380153,3.533834188850911,299,155,cellular_clearance,5
gp_incumbent,3,2.0699554069119284,2.767446228984691,299,155,cellular_clearance,5
gp_incumbent,4,1.588628762541806,2.1420480764126246,299,155,cellular_clearance,5
gp_only,1,3.733277591973244,5.049218804235527,299,155,cellular_clearance,5
gp_only,2,2.5066889632107023,3.533834188850911,299,155,cellular_clearance,5
gp_only,3,2.0791527313266442,2.767446228984691,299,155,cellular_clearance,5
gp_only,4,1.5986622073578596,2.1420480764126246,299,155,cellular_clearance,5
molecular_stats,1,4.057134894091416,5.049218804235527,299,155,cellular_clearance,5
molecular_stats,2,2.9250278706800446,3.533834188850911,299,155,cellular_clearance,5
molecular_stats,3,2.334169453734671,2.767446228984691,299,155,cellular_clearance,5
molecular_stats,4,1.830267558528428,2.1420480764126246,299,155,cellular_clearance,5
molecule_mlp,1,3.977146042363434,5.049218804235527,299,155,cellular_clearance,5
molecule_mlp,2,2.7887402452619847,3.533834188850911,299,155,cellular_clearance,5
molecule_mlp,3,2.245819397993311,2.767446228984691,299,155,cellular_clearance,5
molecule_mlp,4,1.7349498327759196,2.1420480764126246,299,155,cellular_clearance,5
random,1,5.049218804235527,5.049218804235527,299,155,cellular_clearance,5
random,2,3.5338341888509115,3.5338341888509115,299,155,cellular_clearance,5
random,3,2.767446228984691,2.767446228984691,299,155,cellular_clearance,5
random,4,2.1420480764126246,2.1420480764126246,299,155,cellular_clearance,5
set_gp_only,1,4.015886287625418,5.049218804235527,299,155,cellular_clearance,5
set_gp_only,2,2.8570234113712374,3.533834188850911,299,155,cellular_clearance,5
set_gp_only,3,2.3021181716833894,2.767446228984691,299,155,cellular_clearance,5
set_gp_only,4,1.8093645484949832,2.1420480764126246,299,155,cellular_clearance,5
set_transformer,1,4.1034002229654405,5.049218804235527,299,155,cellular_clearance,5
set_transformer,2,2.858974358974359,3.533834188850911,299,155,cellular_clearance,5
set_transformer,3,2.3171683389074693,2.767446228984691,299,155,cellular_clearance,5
set_transformer,4,1.850055741360089,2.1420480764126246,299,155,cellular_clearance,5
state_stats,1,3.7413600891861765,5.049218804235527,299,155,cellular_clearance,5
state_stats,2,2.5537904124860646,3.533834188850911,299,155,cellular_clearance,5
state_stats,3,2.097826086956522,2.767446228984691,299,155,cellular_clearance,5
state_stats,4,1.592251950947603,2.1420480764126246,299,155,cellular_clearance,5
compact_set,1,4.566614420062696,5.846917450365726,319,253,permeability,5
compact_set,2,2.9655172413793105,3.849634273772205,319,253,permeability,5
compact_set,3,2.318443051201672,2.864811912225705,319,253,permeability,5
compact_set,4,1.750261233019854,2.1689617853410956,319,253,permeability,5
cross_attention,1,4.670585161964473,5.846917450365726,319,253,permeability,5
cross_attention,2,3.1585684430512018,3.849634273772205,319,253,permeability,5
cross_attention,3,2.4791013584117034,2.864811912225705,319,253,permeability,5
cross_attention,4,1.9106583072100314,2.1689617853410956,319,253,permeability,5
deep_sets,1,4.808516196447231,5.846917450365726,319,253,permeability,5
deep_sets,2,3.179728317659352,3.849634273772205,319,253,permeability,5
deep_sets,3,2.43312434691745,2.864811912225705,319,253,permeability,5
deep_sets,4,1.8881922675026124,2.1689617853410956,319,253,permeability,5
delta_greedy,1,4.688871473354232,5.846917450365726,319,253,permeability,5
delta_greedy,2,3.054858934169279,3.849634273772205,319,253,permeability,5
delta_greedy,3,2.385579937304075,2.864811912225705,319,253,permeability,5
delta_greedy,4,1.8557993730407523,2.1689617853410956,319,253,permeability,5
gp_both,1,4.17816091954023,5.846917450365726,319,253,permeability,5
gp_both,2,2.7053291536050157,3.849634273772205,319,253,permeability,5
gp_both,3,2.091954022988506,2.864811912225705,319,253,permeability,5
gp_both,4,1.5966562173458725,2.1689617853410956,319,253,permeability,5
gp_delta,1,4.146029258098223,5.846917450365726,319,253,permeability,5
gp_delta,2,2.694618599791014,3.849634273772205,319,253,permeability,5
gp_delta,3,2.078631138975967,2.864811912225705,319,253,permeability,5
gp_delta,4,1.5799373040752351,2.1689617853410956,319,253,permeability,5
gp_ei,1,4.047805642633229,5.846917450365726,319,253,permeability,5
gp_ei,2,2.6316614420062696,3.849634273772205,319,253,permeability,5
gp_ei,3,2.04153605015674,2.864811912225705,319,253,permeability,5
gp_ei,4,1.5289968652037618,2.1689617853410956,319,253,permeability,5
gp_greedy,1,4.297021943573668,5.846917450365726,319,253,permeability,5
gp_greedy,2,2.7884012539184955,3.849634273772205,319,253,permeability,5
gp_greedy,3,2.1489028213166144,2.864811912225705,319,253,permeability,5
gp_greedy,4,1.615987460815047,2.1689617853410956,319,253,permeability,5
gp_incumbent,1,4.127742946708464,5.846917450365726,319,253,permeability,5
gp_incumbent,2,2.6632706374085684,3.849634273772205,319,253,permeability,5
gp_incumbent,3,2.0650470219435735,2.864811912225705,319,253,permeability,5
gp_incumbent,4,1.5451933124346917,2.1689617853410956,319,253,permeability,5
gp_only,1,4.187565308254963,5.846917450365726,319,253,permeability,5
gp_only,2,2.6854754440961335,3.849634273772205,319,253,permeability,5
gp_only,3,2.090909090909091,2.864811912225705,319,253,permeability,5
gp_only,4,1.5676593521421107,2.1689617853410956,319,253,permeability,5
molecular_stats,1,4.877742946708464,5.846917450365726,319,253,permeability,5
molecular_stats,2,3.190700104493208,3.849634273772205,319,253,permeability,5
molecular_stats,3,2.3931556948798325,2.864811912225705,319,253,permeability,5
molecular_stats,4,1.8440438871473355,2.1689617853410956,319,253,permeability,5
molecule_mlp,1,4.939916405433647,5.846917450365726,319,253,permeability,5
molecule_mlp,2,3.366771159874608,3.849634273772205,319,253,permeability,5
molecule_mlp,3,2.561912225705329,2.864811912225705,319,253,permeability,5
molecule_mlp,4,1.9647335423197492,2.1689617853410956,319,253,permeability,5
random,1,5.846917450365726,5.846917450365726,319,253,permeability,5
random,2,3.849634273772205,3.849634273772205,319,253,permeability,5
random,3,2.864811912225705,2.864811912225705,319,253,permeability,5
random,4,2.1689617853410956,2.1689617853410956,319,253,permeability,5
set_gp_only,1,4.725705329153605,5.846917450365726,319,253,permeability,5
set_gp_only,2,3.102403343782654,3.849634273772205,319,253,permeability,5
set_gp_only,3,2.3160919540229887,2.864811912225705,319,253,permeability,5
set_gp_only,4,1.7842215256008358,2.1689617853410956,319,253,permeability,5
set_transformer,1,4.577063740856844,5.846917450365726,319,253,permeability,5
set_transformer,2,3.0713166144200628,3.849634273772205,319,253,permeability,5
set_transformer,3,2.3440438871473352,2.864811912225705,319,253,permeability,5
set_transformer,4,1.7928422152560082,2.1689617853410956,319,253,permeability,5
state_stats,1,4.168756530825496,5.846917450365726,319,253,permeability,5
state_stats,2,2.6551724137931036,3.849634273772205,319,253,permeability,5
state_stats,3,2.0258620689655173,2.864811912225705,319,253,permeability,5
state_stats,4,1.5525078369905956,2.1689617853410956,319,253,permeability,5
compact_set,1,3.68859649122807,5.34546783625731,228,185,efflux,5
compact_set,2,2.4608918128654973,3.50500208855472,228,185,efflux,5
compact_set,3,1.986111111111111,2.6860249582289057,228,185,efflux,5
compact_set,4,1.4375,2.0199326441102756,228,185,efflux,5
cross_attention,1,3.839546783625731,5.34546783625731,228,185,efflux,5
cross_attention,2,2.5672514619883042,3.50500208855472,228,185,efflux,5
cross_attention,3,2.0639619883040936,2.6860249582289057,228,185,efflux,5
cross_attention,4,1.5533625730994154,2.0199326441102756,228,185,efflux,5
deep_sets,1,3.6666666666666665,5.34546783625731,228,185,efflux,5
deep_sets,2,2.4996345029239766,3.50500208855472,228,185,efflux,5
deep_sets,3,1.975511695906433,2.6860249582289057,228,185,efflux,5
deep_sets,4,1.4883040935672514,2.0199326441102756,228,185,efflux,5
delta_greedy,1,3.9407894736842106,5.34546783625731,228,185,efflux,5
delta_greedy,2,2.8782894736842106,3.50500208855472,228,185,efflux,5
delta_greedy,3,2.293859649122807,2.6860249582289057,228,185,efflux,5
delta_greedy,4,1.656798245614035,2.0199326441102756,228,185,efflux,5
gp_both,1,3.70906432748538,5.34546783625731,228,185,efflux,5
gp_both,2,2.4517543859649122,3.50500208855472,228,185,efflux,5
gp_both,3,1.970029239766082,2.6860249582289057,228,185,efflux,5
gp_both,4,1.4418859649122806,2.0199326441102756,228,185,efflux,5
gp_delta,1,3.6798245614035086,5.34546783625731,228,185,efflux,5
gp_delta,2,2.383040935672515,3.50500208855472,228,185,efflux,5
gp_delta,3,1.9272660818713452,2.6860249582289057,228,185,efflux,5
gp_delta,4,1.4557748538011697,2.0199326441102756,228,185,efflux,5
gp_ei,1,3.550438596491228,5.34546783625731,228,185,efflux,5
gp_ei,2,2.3585526315789473,3.50500208855472,228,185,efflux,5
gp_ei,3,1.900219298245614,2.6860249582289057,228,185,efflux,5
gp_ei,4,1.4396929824561404,2.0199326441102756,228,185,efflux,5
gp_greedy,1,3.625,5.34546783625731,228,185,efflux,5
gp_greedy,2,2.4791666666666665,3.50500208855472,228,185,efflux,5
gp_greedy,3,1.9769736842105263,2.6860249582289057,228,185,efflux,5
gp_greedy,4,1.4824561403508771,2.0199326441102756,228,185,efflux,5
gp_incumbent,1,3.5255847953216377,5.34546783625731,228,185,efflux,5
gp_incumbent,2,2.385599415204678,3.50500208855472,228,185,efflux,5
gp_incumbent,3,1.9144736842105263,2.6860249582289057,228,185,efflux,5
gp_incumbent,4,1.4502923976608189,2.0199326441102756,228,185,efflux,5
gp_only,1,3.5921052631578947,5.34546783625731,228,185,efflux,5
gp_only,2,2.415204678362573,3.50500208855472,228,185,efflux,5
gp_only,3,1.945906432748538,2.6860249582289057,228,185,efflux,5
gp_only,4,1.4528508771929824,2.0199326441102756,228,185,efflux,5
molecular_stats,1,3.760599415204678,5.34546783625731,228,185,efflux,5
molecular_stats,2,2.5102339181286553,3.50500208855472,228,185,efflux,5
molecular_stats,3,1.9901315789473684,2.6860249582289057,228,185,efflux,5
molecular_stats,4,1.4809941520467838,2.0199326441102756,228,185,efflux,5
molecule_mlp,1,3.8103070175438596,5.34546783625731,228,185,efflux,5
molecule_mlp,2,2.570540935672515,3.50500208855472,228,185,efflux,5
molecule_mlp,3,2.012061403508772,2.6860249582289057,228,185,efflux,5
molecule_mlp,4,1.4967105263157894,2.0199326441102756,228,185,efflux,5
random,1,5.34546783625731,5.34546783625731,228,185,efflux,5
random,2,3.50500208855472,3.50500208855472,228,185,efflux,5
random,3,2.6860249582289057,2.6860249582289057,228,185,efflux,5
random,4,2.0199326441102756,2.0199326441102756,228,185,efflux,5
set_gp_only,1,3.7562134502923974,5.34546783625731,228,185,efflux,5
set_gp_only,2,2.547514619883041,3.50500208855472,228,185,efflux,5
set_gp_only,3,2.0255847953216373,2.6860249582289057,228,185,efflux,5
set_gp_only,4,1.4974415204678364,2.0199326441102756,228,185,efflux,5
set_transformer,1,3.7880116959064325,5.34546783625731,228,185,efflux,5
set_transformer,2,2.5698099415204676,3.50500208855472,228,185,efflux,5
set_transformer,3,2.0720029239766085,2.6860249582289057,228,185,efflux,5
set_transformer,4,1.5358187134502925,2.0199326441102756,228,185,efflux,5
state_stats,1,3.5990497076023393,5.34546783625731,228,185,efflux,5
state_stats,2,2.4396929824561404,3.50500208855472,228,185,efflux,5
state_stats,3,1.926169590643275,2.6860249582289057,228,185,efflux,5
state_stats,4,1.464546783625731,2.0199326441102756,228,185,efflux,5
compact_set,1,4.980197290930506,7.447269593586952,1132,630,all,10
compact_set,2,3.359467020023557,5.115544770265398,1132,630,all,10
compact_set,3,2.700603651354535,3.987388188674629,1132,630,all,10
compact_set,4,2.2338044758539457,3.272980266404516,1132,630,all,10
cross_attention,1,5.1551825677267376,7.447269593586952,1132,630,all,10
cross_attention,2,3.548733804475854,5.115544770265398,1132,630,all,10
cross_attention,3,2.820156065959953,3.987388188674629,1132,630,all,10
cross_attention,4,2.3522526501766783,3.272980266404516,1132,630,all,10
deep_sets,1,5.197290930506478,7.447269593586952,1132,630,all,10
deep_sets,2,3.6025471142520615,5.115544770265398,1132,630,all,10
deep_sets,3,2.8246466431095407,3.987388188674629,1132,630,all,10
deep_sets,4,2.382656065959953,3.272980266404516,1132,630,all,10
delta_greedy,1,5.409231448763251,7.447269593586952,1132,630,all,10
delta_greedy,2,3.635159010600707,5.115544770265398,1132,630,all,10
delta_greedy,3,2.8524734982332154,3.987388188674629,1132,630,all,10
delta_greedy,4,2.306316254416961,3.272980266404516,1132,630,all,10
gp_both,1,4.782759128386337,7.447269593586952,1132,630,all,10
gp_both,2,3.2557420494699647,5.115544770265398,1132,630,all,10
gp_both,3,2.5885600706713783,3.987388188674629,1132,630,all,10
gp_both,4,2.1501030624263837,3.272980266404516,1132,630,all,10
gp_delta,1,4.72533863368669,7.447269593586952,1132,630,all,10
gp_delta,2,3.192653121319199,5.115544770265398,1132,630,all,10
gp_delta,3,2.536734393404005,3.987388188674629,1132,630,all,10
gp_delta,4,2.123233215547703,3.272980266404516,1132,630,all,10
gp_ei,1,4.621466431095406,7.447269593586952,1132,630,all,10
gp_ei,2,3.091872791519435,5.115544770265398,1132,630,all,10
gp_ei,3,2.4644434628975267,3.987388188674629,1132,630,all,10
gp_ei,4,2.0885600706713783,3.272980266404516,1132,630,all,10
gp_greedy,1,4.854019434628976,7.447269593586952,1132,630,all,10
gp_greedy,2,3.317137809187279,5.115544770265398,1132,630,all,10
gp_greedy,3,2.658127208480565,3.987388188674629,1132,630,all,10
gp_greedy,4,2.206713780918728,3.272980266404516,1132,630,all,10
gp_incumbent,1,4.720848056537102,7.447269593586952,1132,630,all,10
gp_incumbent,2,3.1875,5.115544770265398,1132,630,all,10
gp_incumbent,3,2.5507950530035335,3.987388188674629,1132,630,all,10
gp_incumbent,4,2.122570671378092,3.272980266404516,1132,630,all,10
gp_only,1,4.756478209658422,7.447269593586952,1132,630,all,10
gp_only,2,3.224087161366313,5.115544770265398,1132,630,all,10
gp_only,3,2.5792108362779738,3.987388188674629,1132,630,all,10
gp_only,4,2.14656949352179,3.272980266404516,1132,630,all,10
molecular_stats,1,5.202517667844523,7.447269593586952,1132,630,all,10
molecular_stats,2,3.603504122497055,5.115544770265398,1132,630,all,10
molecular_stats,3,2.825235571260306,3.987388188674629,1132,630,all,10
molecular_stats,4,2.381110129564193,3.272980266404516,1132,630,all,10
molecule_mlp,1,5.158200824499411,7.447269593586952,1132,630,all,10
molecule_mlp,2,3.600633097762073,5.115544770265398,1132,630,all,10
molecule_mlp,3,2.8335541813898706,3.987388188674629,1132,630,all,10
molecule_mlp,4,2.3540930506478213,3.272980266404516,1132,630,all,10
random,1,7.447269593586952,7.447269593586952,1132,630,all,10
random,2,5.115544770265398,5.115544770265398,1132,630,all,10
random,3,3.987388188674629,3.987388188674629,1132,630,all,10
random,4,3.272980266404516,3.272980266404516,1132,630,all,10
set_gp_only,1,5.026648998822144,7.447269593586952,1132,630,all,10
set_gp_only,2,3.4651796230859837,5.115544770265398,1132,630,all,10
set_gp_only,3,2.7167991755005887,3.987388188674629,1132,630,all,10
set_gp_only,4,2.2896790341578326,3.272980266404516,1132,630,all,10
set_transformer,1,5.153857479387515,7.447269593586952,1132,630,all,10
set_transformer,2,3.543580683156655,5.115544770265398,1132,630,all,10
set_transformer,3,2.814266784452297,3.987388188674629,1132,630,all,10
set_transformer,4,2.35136925795053,3.272980266404516,1132,630,all,10
state_stats,1,4.773262661955242,7.447269593586952,1132,630,all,10
state_stats,2,3.2191548881036516,5.115544770265398,1132,630,all,10
state_stats,3,2.5623527679623086,3.987388188674629,1132,630,all,10
state_stats,4,2.141563604240283,3.272980266404516,1132,630,all,10
compact_set,1,4.4699328449328455,6.992546804199734,546,318,microsomal_clearance,10
compact_set,2,3.1121794871794872,4.971906432666506,546,318,microsomal_clearance,10
compact_set,3,2.518162393162393,3.9614428222028955,546,318,microsomal_clearance,10
compact_set,4,2.1616300366300365,3.2969953140740684,546,318,microsomal_clearance,10
cross_attention,1,4.480311355311355,6.992546804199734,546,318,microsomal_clearance,10
cross_attention,2,3.13003663003663,4.971906432666506,546,318,microsomal_clearance,10
cross_attention,3,2.5315934065934065,3.9614428222028955,546,318,microsomal_clearance,10
cross_attention,4,2.1829975579975582,3.2969953140740684,546,318,microsomal_clearance,10
deep_sets,1,4.701923076923077,6.992546804199734,546,318,microsomal_clearance,10
deep_sets,2,3.2759462759462763,4.971906432666506,546,318,microsomal_clearance,10
deep_sets,3,2.6468253968253967,3.9614428222028955,546,318,microsomal_clearance,10
deep_sets,4,2.2818986568986572,3.2969953140740684,546,318,microsomal_clearance,10
delta_greedy,1,4.930860805860806,6.992546804199735,546,318,microsomal_clearance,10
delta_greedy,2,3.337912087912088,4.971906432666506,546,318,microsomal_clearance,10
delta_greedy,3,2.707875457875458,3.9614428222028955,546,318,microsomal_clearance,10
delta_greedy,4,2.2225274725274726,3.2969953140740684,546,318,microsomal_clearance,10
gp_both,1,4.2756410256410255,6.992546804199734,546,318,microsomal_clearance,10
gp_both,2,3.023962148962149,4.971906432666506,546,318,microsomal_clearance,10
gp_both,3,2.4503968253968256,3.9614428222028955,546,318,microsomal_clearance,10
gp_both,4,2.1166056166056166,3.2969953140740684,546,318,microsomal_clearance,10
gp_delta,1,4.275793650793651,6.992546804199734,546,318,microsomal_clearance,10
gp_delta,2,3.013888888888889,4.971906432666506,546,318,microsomal_clearance,10
gp_delta,3,2.4252136752136755,3.9614428222028955,546,318,microsomal_clearance,10
gp_delta,4,2.1031746031746033,3.2969953140740684,546,318,microsomal_clearance,10
gp_ei,1,4.278388278388278,6.992546804199735,546,318,microsomal_clearance,10
gp_ei,2,2.9674908424908426,4.971906432666506,546,318,microsomal_clearance,10
gp_ei,3,2.358058608058608,3.9614428222028955,546,318,microsomal_clearance,10
gp_ei,4,2.0741758241758244,3.2969953140740684,546,318,microsomal_clearance,10
gp_greedy,1,4.332417582417582,6.992546804199735,546,318,microsomal_clearance,10
gp_greedy,2,3.0315934065934065,4.971906432666506,546,318,microsomal_clearance,10
gp_greedy,3,2.483974358974359,3.9614428222028955,546,318,microsomal_clearance,10
gp_greedy,4,2.1547619047619047,3.2969953140740684,546,318,microsomal_clearance,10
gp_incumbent,1,4.3835470085470085,6.992546804199734,546,318,microsomal_clearance,10
gp_incumbent,2,3.0874542124542126,4.971906432666506,546,318,microsomal_clearance,10
gp_incumbent,3,2.4761904761904763,3.9614428222028955,546,318,microsomal_clearance,10
gp_incumbent,4,2.1382783882783882,3.2969953140740684,546,318,microsomal_clearance,10
gp_only,1,4.395909645909645,6.992546804199734,546,318,microsomal_clearance,10
gp_only,2,3.107142857142857,4.971906432666506,546,318,microsomal_clearance,10
gp_only,3,2.4932844932844933,3.9614428222028955,546,318,microsomal_clearance,10
gp_only,4,2.1616300366300365,3.2969953140740684,546,318,microsomal_clearance,10
molecular_stats,1,4.556623931623931,6.992546804199734,546,318,microsomal_clearance,10
molecular_stats,2,3.191086691086691,4.971906432666506,546,318,microsomal_clearance,10
molecular_stats,3,2.59004884004884,3.9614428222028955,546,318,microsomal_clearance,10
molecular_stats,4,2.2416056166056166,3.2969953140740684,546,318,microsomal_clearance,10
molecule_mlp,1,4.43421855921856,6.992546804199734,546,318,microsomal_clearance,10
molecule_mlp,2,3.095695970695971,4.971906432666506,546,318,microsomal_clearance,10
molecule_mlp,3,2.526862026862027,3.9614428222028955,546,318,microsomal_clearance,10
molecule_mlp,4,2.166514041514042,3.2969953140740684,546,318,microsomal_clearance,10
random,1,6.992546804199735,6.992546804199735,546,318,microsomal_clearance,10
random,2,4.971906432666506,4.971906432666506,546,318,microsomal_clearance,10
random,3,3.9614428222028955,3.9614428222028955,546,318,microsomal_clearance,10
random,4,3.2969953140740684,3.2969953140740684,546,318,microsomal_clearance,10
set_gp_only,1,4.535866910866911,6.992546804199734,546,318,microsomal_clearance,10
set_gp_only,2,3.103785103785104,4.971906432666506,546,318,microsomal_clearance,10
set_gp_only,3,2.4832112332112333,3.9614428222028955,546,318,microsomal_clearance,10
set_gp_only,4,2.158730158730159,3.2969953140740684,546,318,microsomal_clearance,10
set_transformer,1,4.620573870573871,6.992546804199734,546,318,microsomal_clearance,10
set_transformer,2,3.1903235653235655,4.971906432666506,546,318,microsomal_clearance,10
set_transformer,3,2.5917277167277164,3.9614428222028955,546,318,microsomal_clearance,10
set_transformer,4,2.2185592185592182,3.2969953140740684,546,318,microsomal_clearance,10
state_stats,1,4.285866910866911,6.992546804199734,546,318,microsomal_clearance,10
state_stats,2,2.988858363858364,4.971906432666506,546,318,microsomal_clearance,10
state_stats,3,2.443376068376068,3.9614428222028955,546,318,microsomal_clearance,10
state_stats,4,2.1002747252747254,3.2969953140740684,546,318,microsomal_clearance,10
compact_set,1,6.371212121212122,7.472727272727273,55,45,in_vivo_clearance,10
compact_set,2,4.412121212121212,4.924242424242424,55,45,in_vivo_clearance,10
compact_set,3,3.189393939393939,3.7100000000000004,55,45,in_vivo_clearance,10
compact_set,4,2.456060606060606,2.952121212121212,55,45,in_vivo_clearance,10
cross_attention,1,7.112121212121212,7.472727272727273,55,45,in_vivo_clearance,10
cross_attention,2,4.590909090909091,4.924242424242424,55,45,in_vivo_clearance,10
cross_attention,3,3.459090909090909,3.7100000000000004,55,45,in_vivo_clearance,10
cross_attention,4,2.662121212121212,2.952121212121212,55,45,in_vivo_clearance,10
deep_sets,1,6.459090909090909,7.472727272727273,55,45,in_vivo_clearance,10
deep_sets,2,4.445454545454545,4.924242424242424,55,45,in_vivo_clearance,10
deep_sets,3,3.118181818181818,3.7100000000000004,55,45,in_vivo_clearance,10
deep_sets,4,2.481818181818182,2.952121212121212,55,45,in_vivo_clearance,10
delta_greedy,1,7.0,7.472727272727273,55,45,in_vivo_clearance,10
delta_greedy,2,4.6863636363636365,4.924242424242424,55,45,in_vivo_clearance,10
delta_greedy,3,3.168181818181818,3.7100000000000004,55,45,in_vivo_clearance,10
delta_greedy,4,2.35,2.952121212121212,55,45,in_vivo_clearance,10
gp_both,1,6.9363636363636365,7.472727272727273,55,45,in_vivo_clearance,10
gp_both,2,4.7696969696969695,4.924242424242424,55,45,in_vivo_clearance,10
gp_both,3,3.378787878787879,3.7100000000000004,55,45,in_vivo_clearance,10
gp_both,4,2.6636363636363636,2.952121212121212,55,45,in_vivo_clearance,10
gp_delta,1,6.096969696969697,7.472727272727273,55,45,in_vivo_clearance,10
gp_delta,2,3.9893939393939393,4.924242424242424,55,45,in_vivo_clearance,10
gp_delta,3,3.090909090909091,3.7100000000000004,55,45,in_vivo_clearance,10
gp_delta,4,2.403030303030303,2.952121212121212,55,45,in_vivo_clearance,10
gp_ei,1,5.627272727272727,7.472727272727273,55,45,in_vivo_clearance,10
gp_ei,2,3.640909090909091,4.924242424242424,55,45,in_vivo_clearance,10
gp_ei,3,2.7409090909090907,3.7100000000000004,55,45,in_vivo_clearance,10
gp_ei,4,2.290909090909091,2.952121212121212,55,45,in_vivo_clearance,10
gp_greedy,1,6.454545454545454,7.472727272727273,55,45,in_vivo_clearance,10
gp_greedy,2,4.359090909090909,4.924242424242424,55,45,in_vivo_clearance,10
gp_greedy,3,3.2227272727272727,3.7100000000000004,55,45,in_vivo_clearance,10
gp_greedy,4,2.5136363636363637,2.952121212121212,55,45,in_vivo_clearance,10
gp_incumbent,1,5.954545454545454,7.472727272727273,55,45,in_vivo_clearance,10
gp_incumbent,2,3.66969696969697,4.924242424242424,55,45,in_vivo_clearance,10
gp_incumbent,3,2.959090909090909,3.7100000000000004,55,45,in_vivo_clearance,10
gp_incumbent,4,2.2893939393939395,2.952121212121212,55,45,in_vivo_clearance,10
gp_only,1,5.6878787878787875,7.472727272727273,55,45,in_vivo_clearance,10
gp_only,2,3.6742424242424243,4.924242424242424,55,45,in_vivo_clearance,10
gp_only,3,2.9060606060606062,3.7100000000000004,55,45,in_vivo_clearance,10
gp_only,4,2.2954545454545454,2.952121212121212,55,45,in_vivo_clearance,10
molecular_stats,1,7.028787878787878,7.472727272727273,55,45,in_vivo_clearance,10
molecular_stats,2,5.069696969696969,4.924242424242424,55,45,in_vivo_clearance,10
molecular_stats,3,3.871212121212121,3.7100000000000004,55,45,in_vivo_clearance,10
molecular_stats,4,3.0545454545454547,2.952121212121212,55,45,in_vivo_clearance,10
molecule_mlp,1,7.275757575757576,7.472727272727273,55,45,in_vivo_clearance,10
molecule_mlp,2,5.157575757575758,4.924242424242424,55,45,in_vivo_clearance,10
molecule_mlp,3,3.7575757575757573,3.7100000000000004,55,45,in_vivo_clearance,10
molecule_mlp,4,2.9515151515151516,2.952121212121212,55,45,in_vivo_clearance,10
random,1,7.472727272727273,7.472727272727273,55,45,in_vivo_clearance,10
random,2,4.924242424242424,4.924242424242424,55,45,in_vivo_clearance,10
random,3,3.7100000000000004,3.7100000000000004,55,45,in_vivo_clearance,10
random,4,2.952121212121212,2.952121212121212,55,45,in_vivo_clearance,10
set_gp_only,1,6.007575757575758,7.472727272727273,55,45,in_vivo_clearance,10
set_gp_only,2,4.3090909090909095,4.924242424242424,55,45,in_vivo_clearance,10
set_gp_only,3,3.1863636363636365,3.7100000000000004,55,45,in_vivo_clearance,10
set_gp_only,4,2.5121212121212118,2.952121212121212,55,45,in_vivo_clearance,10
set_transformer,1,6.334848484848485,7.472727272727273,55,45,in_vivo_clearance,10
set_transformer,2,4.490909090909091,4.924242424242424,55,45,in_vivo_clearance,10
set_transformer,3,3.2227272727272727,3.7100000000000004,55,45,in_vivo_clearance,10
set_transformer,4,2.5121212121212118,2.952121212121212,55,45,in_vivo_clearance,10
state_stats,1,7.013636363636364,7.472727272727273,55,45,in_vivo_clearance,10
state_stats,2,4.756060606060606,4.924242424242424,55,45,in_vivo_clearance,10
state_stats,3,3.45,3.7100000000000004,55,45,in_vivo_clearance,10
state_stats,4,2.8424242424242427,2.952121212121212,55,45,in_vivo_clearance,10
compact_set,1,4.782539682539682,8.474603174603175,105,61,protein_binding,10
compact_set,2,3.0880952380952382,5.398412698412699,105,61,protein_binding,10
compact_set,3,2.3603174603174604,4.090793650793651,105,61,protein_binding,10
compact_set,4,1.7666666666666666,3.314727891156463,105,61,protein_binding,10
cross_attention,1,5.284126984126985,8.474603174603175,105,61,protein_binding,10
cross_attention,2,3.3984126984126983,5.398412698412699,105,61,protein_binding,10
cross_attention,3,2.3896825396825396,4.090793650793651,105,61,protein_binding,10
cross_attention,4,1.911904761904762,3.314727891156463,105,61,protein_binding,10
deep_sets,1,5.215079365079365,8.474603174603175,105,61,protein_binding,10
deep_sets,2,3.4801587301587302,5.398412698412699,105,61,protein_binding,10
deep_sets,3,2.4150793650793654,4.090793650793651,105,61,protein_binding,10
deep_sets,4,2.0095238095238095,3.314727891156463,105,61,protein_binding,10
delta_greedy,1,5.114285714285714,8.474603174603175,105,61,protein_binding,10
delta_greedy,2,3.0476190476190474,5.398412698412699,105,61,protein_binding,10
delta_greedy,3,2.2547619047619047,4.090793650793651,105,61,protein_binding,10
delta_greedy,4,1.6476190476190475,3.314727891156463,105,61,protein_binding,10
gp_both,1,4.661904761904762,8.474603174603175,105,61,protein_binding,10
gp_both,2,2.8746031746031746,5.398412698412699,105,61,protein_binding,10
gp_both,3,2.157936507936508,4.090793650793651,105,61,protein_binding,10
gp_both,4,1.7,3.314727891156463,105,61,protein_binding,10
gp_delta,1,4.642857142857143,8.474603174603175,105,61,protein_binding,10
gp_delta,2,2.8674603174603175,5.398412698412699,105,61,protein_binding,10
gp_delta,3,2.1507936507936507,4.090793650793651,105,61,protein_binding,10
gp_delta,4,1.7182539682539681,3.314727891156463,105,61,protein_binding,10
gp_ei,1,4.461904761904762,8.474603174603175,105,61,protein_binding,10
gp_ei,2,2.7404761904761905,5.398412698412699,105,61,protein_binding,10
gp_ei,3,2.0285714285714285,4.090793650793651,105,61,protein_binding,10
gp_ei,4,1.5928571428571427,3.314727891156463,105,61,protein_binding,10
gp_greedy,1,4.880952380952381,8.474603174603175,105,61,protein_binding,10
gp_greedy,2,3.080952380952381,5.398412698412699,105,61,protein_binding,10
gp_greedy,3,2.295238095238095,4.090793650793651,105,61,protein_binding,10
gp_greedy,4,1.7595238095238095,3.314727891156463,105,61,protein_binding,10
gp_incumbent,1,4.672222222222222,8.474603174603175,105,61,protein_binding,10
gp_incumbent,2,2.9182539682539685,5.398412698412699,105,61,protein_binding,10
gp_incumbent,3,2.13015873015873,4.090793650793651,105,61,protein_binding,10
gp_incumbent,4,1.66984126984127,3.314727891156463,105,61,protein_binding,10
gp_only,1,4.761904761904762,8.474603174603175,105,61,protein_binding,10
gp_only,2,2.9825396825396826,5.398412698412699,105,61,protein_binding,10
gp_only,3,2.153968253968254,4.090793650793651,105,61,protein_binding,10
gp_only,4,1.688095238095238,3.314727891156463,105,61,protein_binding,10
molecular_stats,1,5.183333333333334,8.474603174603175,105,61,protein_binding,10
molecular_stats,2,3.358730158730159,5.398412698412699,105,61,protein_binding,10
molecular_stats,3,2.376190476190476,4.090793650793651,105,61,protein_binding,10
molecular_stats,4,1.9674603174603176,3.314727891156463,105,61,protein_binding,10
molecule_mlp,1,5.083333333333333,8.474603174603175,105,61,protein_binding,10
molecule_mlp,2,3.4904761904761905,5.398412698412699,105,61,protein_binding,10
molecule_mlp,3,2.496825396825397,4.090793650793651,105,61,protein_binding,10
molecule_mlp,4,1.9920634920634919,3.314727891156463,105,61,protein_binding,10
random,1,8.474603174603175,8.474603174603175,105,61,protein_binding,10
random,2,5.398412698412699,5.398412698412699,105,61,protein_binding,10
random,3,4.090793650793651,4.090793650793651,105,61,protein_binding,10
random,4,3.314727891156463,3.314727891156463,105,61,protein_binding,10
set_gp_only,1,4.666666666666667,8.474603174603175,105,61,protein_binding,10
set_gp_only,2,3.065079365079365,5.398412698412699,105,61,protein_binding,10
set_gp_only,3,2.273015873015873,4.090793650793651,105,61,protein_binding,10
set_gp_only,4,1.8738095238095238,3.314727891156463,105,61,protein_binding,10
set_transformer,1,5.215079365079365,8.474603174603175,105,61,protein_binding,10
set_transformer,2,3.4563492063492065,5.398412698412699,105,61,protein_binding,10
set_transformer,3,2.5373015873015876,4.090793650793651,105,61,protein_binding,10
set_transformer,4,2.026190476190476,3.314727891156463,105,61,protein_binding,10
state_stats,1,4.73968253968254,8.474603174603175,105,61,protein_binding,10
state_stats,2,2.8984126984126983,5.398412698412699,105,61,protein_binding,10
state_stats,3,2.187301587301587,4.090793650793651,105,61,protein_binding,10
state_stats,4,1.7134920634920634,3.314727891156463,105,61,protein_binding,10
compact_set,1,5.119205298013245,7.170940120402041,151,92,cellular_clearance,10
compact_set,2,3.4503311258278146,5.059461091704469,151,92,cellular_clearance,10
compact_set,3,2.8813465783664456,4.000189568525662,151,92,cellular_clearance,10
compact_set,4,2.4977924944812364,3.288702655879808,151,92,cellular_clearance,10
cross_attention,1,5.5198675496688745,7.170940120402041,151,92,cellular_clearance,10
cross_attention,2,3.9718543046357615,5.059461091704469,151,92,cellular_clearance,10
cross_attention,3,3.250551876379691,4.000189568525662,151,92,cellular_clearance,10
cross_attention,4,2.7036423841059603,3.288702655879808,151,92,cellular_clearance,10
deep_sets,1,5.4177704194260485,7.170940120402041,151,92,cellular_clearance,10
deep_sets,2,3.9365342163355406,5.059461091704469,151,92,cellular_clearance,10
deep_sets,3,3.2108167770419427,4.000189568525662,151,92,cellular_clearance,10
deep_sets,4,2.6672185430463577,3.288702655879808,151,92,cellular_clearance,10
delta_greedy,1,5.316225165562914,7.170940120402041,151,92,cellular_clearance,10
delta_greedy,2,3.693708609271523,5.059461091704469,151,92,cellular_clearance,10
delta_greedy,3,2.7549668874172184,4.000189568525662,151,92,cellular_clearance,10
delta_greedy,4,2.2996688741721854,3.288702655879808,151,92,cellular_clearance,10
gp_both,1,4.827262693156733,7.170940120402041,151,92,cellular_clearance,10
gp_both,2,3.3322295805739515,5.059461091704469,151,92,cellular_clearance,10
gp_both,3,2.7974613686534218,4.000189568525662,151,92,cellular_clearance,10
gp_both,4,2.2637969094922736,3.288702655879808,151,92,cellular_clearance,10
gp_delta,1,4.8532008830022075,7.170940120402041,151,92,cellular_clearance,10
gp_delta,2,3.2902869757174393,5.059461091704469,151,92,cellular_clearance,10
gp_delta,3,2.693156732891832,4.000189568525662,151,92,cellular_clearance,10
gp_delta,4,2.2014348785871967,3.288702655879808,151,92,cellular_clearance,10
gp_ei,1,4.7218543046357615,7.170940120402041,151,92,cellular_clearance,10
gp_ei,2,3.1903973509933774,5.059461091704469,151,92,cellular_clearance,10
gp_ei,3,2.730132450331126,4.000189568525662,151,92,cellular_clearance,10
gp_ei,4,2.302980132450331,3.288702655879808,151,92,cellular_clearance,10
gp_greedy,1,5.160596026490066,7.170940120402041,151,92,cellular_clearance,10
gp_greedy,2,3.615894039735099,5.059461091704469,151,92,cellular_clearance,10
gp_greedy,3,3.0182119205298013,4.000189568525662,151,92,cellular_clearance,10
gp_greedy,4,2.4718543046357615,3.288702655879808,151,92,cellular_clearance,10
gp_incumbent,1,4.732891832229581,7.170940120402041,151,92,cellular_clearance,10
gp_incumbent,2,3.1821192052980134,5.059461091704469,151,92,cellular_clearance,10
gp_incumbent,3,2.7522075055187636,4.000189568525662,151,92,cellular_clearance,10
gp_incumbent,4,2.2477924944812364,3.288702655879808,151,92,cellular_clearance,10
gp_only,1,4.829470198675497,7.170940120402041,151,92,cellular_clearance,10
gp_only,2,3.242273730684327,5.059461091704469,151,92,cellular_clearance,10
gp_only,3,2.7676600441501105,4.000189568525662,151,92,cellular_clearance,10
gp_only,4,2.2599337748344372,3.288702655879808,151,92,cellular_clearance,10
molecular_stats,1,5.446467991169977,7.170940120402041,151,92,cellular_clearance,10
molecular_stats,2,4.054635761589404,5.059461091704469,151,92,cellular_clearance,10
molecular_stats,3,3.2538631346578364,4.000189568525662,151,92,cellular_clearance,10
molecular_stats,4,2.756622516556291,3.288702655879808,151,92,cellular_clearance,10
molecule_mlp,1,5.312913907284768,7.170940120402041,151,92,cellular_clearance,10
molecule_mlp,2,3.8046357615894038,5.059461091704469,151,92,cellular_clearance,10
molecule_mlp,3,3.06401766004415,4.000189568525662,151,92,cellular_clearance,10
molecule_mlp,4,2.5413907284768213,3.288702655879808,151,92,cellular_clearance,10
random,1,7.170940120402041,7.170940120402041,151,92,cellular_clearance,10
random,2,5.059461091704469,5.059461091704469,151,92,cellular_clearance,10
random,3,4.000189568525662,4.000189568525662,151,92,cellular_clearance,10
random,4,3.288702655879808,3.288702655879808,151,92,cellular_clearance,10
set_gp_only,1,5.314569536423841,7.170940120402041,151,92,cellular_clearance,10
set_gp_only,2,3.8796909492273732,5.059461091704469,151,92,cellular_clearance,10
set_gp_only,3,3.18598233995585,4.000189568525662,151,92,cellular_clearance,10
set_gp_only,4,2.6953642384105962,3.288702655879808,151,92,cellular_clearance,10
set_transformer,1,5.560154525386314,7.170940120402041,151,92,cellular_clearance,10
set_transformer,2,3.944812362030905,5.059461091704469,151,92,cellular_clearance,10
set_transformer,3,3.2246136865342163,4.000189568525662,151,92,cellular_clearance,10
set_transformer,4,2.762693156732892,3.288702655879808,151,92,cellular_clearance,10
state_stats,1,4.816225165562914,7.170940120402041,151,92,cellular_clearance,10
state_stats,2,3.2908388520971306,5.059461091704469,151,92,cellular_clearance,10
state_stats,3,2.7891832229580573,4.000189568525662,151,92,cellular_clearance,10
state_stats,4,2.260485651214128,3.288702655879808,151,92,cellular_clearance,10
compact_set,1,6.55,8.648387096774194,155,129,permeability,10
compact_set,2,4.148387096774194,5.752903225806452,155,129,permeability,10
compact_set,3,3.3193548387096774,4.283870967741936,155,129,permeability,10
compact_set,4,2.660215053763441,3.453701996927803,155,129,permeability,10
cross_attention,1,6.634408602150537,8.648387096774194,155,129,permeability,10
cross_attention,2,4.5209677419354835,5.752903225806452,155,129,permeability,10
cross_attention,3,3.5827956989247314,4.283870967741936,155,129,permeability,10
cross_attention,4,2.935483870967742,3.453701996927803,155,129,permeability,10
deep_sets,1,6.697849462365592,8.648387096774194,155,129,permeability,10
deep_sets,2,4.508064516129032,5.752903225806452,155,129,permeability,10
deep_sets,3,3.4650537634408605,4.283870967741936,155,129,permeability,10
deep_sets,4,2.920967741935484,3.453701996927803,155,129,permeability,10
delta_greedy,1,7.019354838709678,8.648387096774194,155,129,permeability,10
delta_greedy,2,4.445161290322581,5.752903225806452,155,129,permeability,10
delta_greedy,3,3.535483870967742,4.283870967741936,155,129,permeability,10
delta_greedy,4,2.95,3.453701996927803,155,129,permeability,10
gp_both,1,5.940860215053764,8.648387096774194,155,129,permeability,10
gp_both,2,3.810752688172043,5.752903225806452,155,129,permeability,10
gp_both,3,2.9301075268817205,4.283870967741936,155,129,permeability,10
gp_both,4,2.4048387096774193,3.453701996927803,155,129,permeability,10
gp_delta,1,5.867741935483871,8.648387096774194,155,129,permeability,10
gp_delta,2,3.7887096774193547,5.752903225806452,155,129,permeability,10
gp_delta,3,2.8946236559139784,4.283870967741936,155,129,permeability,10
gp_delta,4,2.370967741935484,3.453701996927803,155,129,permeability,10
gp_ei,1,5.656451612903226,8.648387096774194,155,129,permeability,10
gp_ei,2,3.579032258064516,5.752903225806452,155,129,permeability,10
gp_ei,3,2.803225806451613,4.283870967741936,155,129,permeability,10
gp_ei,4,2.2661290322580645,3.453701996927803,155,129,permeability,10
gp_greedy,1,6.0435483870967746,8.648387096774194,155,129,permeability,10
gp_greedy,2,3.9064516129032256,5.752903225806452,155,129,permeability,10
gp_greedy,3,3.0451612903225804,4.283870967741936,155,129,permeability,10
gp_greedy,4,2.4290322580645163,3.453701996927803,155,129,permeability,10
gp_incumbent,1,5.768279569892473,8.648387096774194,155,129,permeability,10
gp_incumbent,2,3.6505376344086025,5.752903225806452,155,129,permeability,10
gp_incumbent,3,2.8408602150537634,4.283870967741936,155,129,permeability,10
gp_incumbent,4,2.2913978494623657,3.453701996927803,155,129,permeability,10
gp_only,1,5.8392473118279575,8.648387096774194,155,129,permeability,10
gp_only,2,3.6973118279569896,5.752903225806452,155,129,permeability,10
gp_only,3,2.9080645161290324,4.283870967741936,155,129,permeability,10
gp_only,4,2.332795698924731,3.453701996927803,155,129,permeability,10
molecular_stats,1,6.926344086021505,8.648387096774194,155,129,permeability,10
molecular_stats,2,4.559139784946236,5.752903225806452,155,129,permeability,10
molecular_stats,3,3.3607526881720426,4.283870967741936,155,129,permeability,10
molecular_stats,4,2.7870967741935484,3.453701996927803,155,129,permeability,10
molecule_mlp,1,7.088172043010753,8.648387096774194,155,129,permeability,10
molecule_mlp,2,4.877956989247312,5.752903225806452,155,129,permeability,10
molecule_mlp,3,3.746774193548387,4.283870967741936,155,129,permeability,10
molecule_mlp,4,3.0720430107526884,3.453701996927803,155,129,permeability,10
random,1,8.648387096774194,8.648387096774194,155,129,permeability,10
random,2,5.752903225806452,5.752903225806452,155,129,permeability,10
random,3,4.283870967741936,4.283870967741936,155,129,permeability,10
random,4,3.453701996927803,3.453701996927803,155,129,permeability,10
set_gp_only,1,6.575806451612904,8.648387096774194,155,129,permeability,10
set_gp_only,2,4.414516129032258,5.752903225806452,155,129,permeability,10
set_gp_only,3,3.261827956989247,4.283870967741936,155,129,permeability,10
set_gp_only,4,2.709139784946237,3.453701996927803,155,129,permeability,10
set_transformer,1,6.413978494623656,8.648387096774194,155,129,permeability,10
set_transformer,2,4.299462365591397,5.752903225806452,155,129,permeability,10
set_transformer,3,3.3231182795698926,4.283870967741936,155,129,permeability,10
set_transformer,4,2.7424731182795696,3.453701996927803,155,129,permeability,10
state_stats,1,5.902150537634409,8.648387096774194,155,129,permeability,10
state_stats,2,3.713440860215054,5.752903225806452,155,129,permeability,10
state_stats,3,2.791935483870968,4.283870967741936,155,129,permeability,10
state_stats,4,2.3053763440860213,3.453701996927803,155,129,permeability,10
compact_set,1,4.634722222222222,7.401944444444444,120,100,efflux,10
compact_set,2,3.10625,4.856587301587301,120,100,efflux,10
compact_set,3,2.5777777777777775,3.743030753968254,120,100,efflux,10
compact_set,4,1.9861111111111112,3.0210267857142856,120,100,efflux,10
cross_attention,1,4.846527777777778,7.401944444444444,120,100,efflux,10
cross_attention,2,3.319444444444444,4.856587301587301,120,100,efflux,10
cross_attention,3,2.6902777777777778,3.743030753968254,120,100,efflux,10
cross_attention,4,2.170138888888889,3.0210267857142856,120,100,efflux,10
deep_sets,1,4.641666666666667,7.401944444444444,120,100,efflux,10
deep_sets,2,3.219444444444444,4.856587301587301,120,100,efflux,10
deep_sets,3,2.5444444444444443,3.743030753968254,120,100,efflux,10
deep_sets,4,2.06875,3.0210267857142856,120,100,efflux,10
delta_greedy,1,5.152083333333334,7.401944444444444,120,100,efflux,10
delta_greedy,2,3.9,4.856587301587301,120,100,efflux,10
delta_greedy,3,3.129166666666667,3.743030753968254,120,100,efflux,10
delta_greedy,4,2.4208333333333334,3.0210267857142856,120,100,efflux,10
gp_both,1,4.656944444444445,7.401944444444444,120,100,efflux,10
gp_both,2,3.1368055555555556,4.856587301587301,120,100,efflux,10
gp_both,3,2.5277777777777777,3.743030753968254,120,100,efflux,10
gp_both,4,1.9888888888888887,3.0210267857142856,120,100,efflux,10
gp_delta,1,4.577777777777778,7.401944444444444,120,100,efflux,10
gp_delta,2,3.032638888888889,4.856587301587301,120,100,efflux,10
gp_delta,3,2.46875,3.743030753968254,120,100,efflux,10
gp_delta,4,2.022222222222222,3.0210267857142856,120,100,efflux,10
gp_ei,1,4.397916666666666,7.401944444444444,120,100,efflux,10
gp_ei,2,2.9604166666666667,4.856587301587301,120,100,efflux,10
gp_ei,3,2.43125,3.743030753968254,120,100,efflux,10
gp_ei,4,1.9958333333333333,3.0210267857142856,120,100,efflux,10
gp_greedy,1,4.547916666666667,7.401944444444444,120,100,efflux,10
gp_greedy,2,3.2083333333333335,4.856587301587301,120,100,efflux,10
gp_greedy,3,2.55625,3.743030753968254,120,100,efflux,10
gp_greedy,4,2.0729166666666665,3.0210267857142856,120,100,efflux,10
gp_incumbent,1,4.364583333333333,7.401944444444444,120,100,efflux,10
gp_incumbent,2,3.0659722222222223,4.856587301587301,120,100,efflux,10
gp_incumbent,3,2.4430555555555555,3.743030753968254,120,100,efflux,10
gp_incumbent,4,1.9951388888888888,3.0210267857142856,120,100,efflux,10
gp_only,1,4.475,7.401944444444444,120,100,efflux,10
gp_only,2,3.127083333333333,4.856587301587301,120,100,efflux,10
gp_only,3,2.530555555555556,3.743030753968254,120,100,efflux,10
gp_only,4,2.0277777777777777,3.0210267857142856,120,100,efflux,10
molecular_stats,1,4.7875,7.401944444444444,120,100,efflux,10
molecular_stats,2,3.220138888888889,4.856587301587301,120,100,efflux,10
molecular_stats,3,2.5777777777777775,3.743030753968254,120,100,efflux,10
molecular_stats,4,2.072222222222222,3.0210267857142856,120,100,efflux,10
molecule_mlp,1,4.859722222222222,7.401944444444444,120,100,efflux,10
molecule_mlp,2,3.374305555555556,4.856587301587301,120,100,efflux,10
molecule_mlp,3,2.6305555555555555,3.743030753968254,120,100,efflux,10
molecule_mlp,4,2.0875,3.0210267857142856,120,100,efflux,10
random,1,7.401944444444444,7.401944444444444,120,100,efflux,10
random,2,4.856587301587301,4.856587301587301,120,100,efflux,10
random,3,3.743030753968254,3.743030753968254,120,100,efflux,10
random,4,3.0210267857142856,3.0210267857142856,120,100,efflux,10
set_gp_only,1,4.761805555555555,7.401944444444444,120,100,efflux,10
set_gp_only,2,3.325,4.856587301587301,120,100,efflux,10
set_gp_only,3,2.658333333333333,3.743030753968254,120,100,efflux,10
set_gp_only,4,2.0951388888888887,3.0210267857142856,120,100,efflux,10
set_transformer,1,4.846527777777778,7.401944444444444,120,100,efflux,10
set_transformer,2,3.311805555555556,4.856587301587301,120,100,efflux,10
set_transformer,3,2.7083333333333335,3.743030753968254,120,100,efflux,10
set_transformer,4,2.14375,3.0210267857142856,120,100,efflux,10
state_stats,1,4.48125,7.401944444444444,120,100,efflux,10
state_stats,2,3.1145833333333335,4.856587301587301,120,100,efflux,10
state_stats,3,2.4430555555555555,3.743030753968254,120,100,efflux,10
state_stats,4,2.021527777777778,3.0210267857142856,120,100,efflux,10
compact_set,1,5.876580459770115,9.58819341617833,580,334,all,15
compact_set,2,3.961350574712644,6.597777775784242,580,334,all,15
compact_set,3,3.204310344827586,5.173911744784589,580,334,all,15
compact_set,4,2.6438218390804598,4.277729057739833,580,334,all,15
cross_attention,1,6.210344827586207,9.58819341617833,580,334,all,15
cross_attention,2,4.277298850574713,6.597777775784242,580,334,all,15
cross_attention,3,3.3997126436781606,5.173911744784589,580,334,all,15
cross_attention,4,2.8543103448275864,4.277729057739833,580,334,all,15
deep_sets,1,6.2987068965517246,9.58819341617833,580,334,all,15
deep_sets,2,4.3837643678160925,6.597777775784242,580,334,all,15
deep_sets,3,3.4439655172413794,5.173911744784589,580,334,all,15
deep_sets,4,2.904166666666667,4.277729057739833,580,334,all,15
delta_greedy,1,6.7219827586206895,9.58819341617833,580,334,all,15
delta_greedy,2,4.450862068965518,6.597777775784242,580,334,all,15
delta_greedy,3,3.494396551724138,5.173911744784589,580,334,all,15
delta_greedy,4,2.788362068965517,4.277729057739833,580,334,all,15
gp_both,1,5.6915229885057474,9.58819341617833,580,334,all,15
gp_both,2,3.809051724137931,6.597777775784242,580,334,all,15
gp_both,3,3.0317528735632187,5.173911744784589,580,334,all,15
gp_both,4,2.49382183908046,4.277729057739833,580,334,all,15
gp_delta,1,5.673275862068966,9.58819341617833,580,334,all,15
gp_delta,2,3.7688218390804593,6.597777775784242,580,334,all,15
gp_delta,3,2.9905172413793104,5.173911744784589,580,334,all,15
gp_delta,4,2.474712643678161,4.277729057739833,580,334,all,15
gp_ei,1,5.569827586206896,9.58819341617833,580,334,all,15
gp_ei,2,3.6594827586206895,6.597777775784242,580,334,all,15
gp_ei,3,2.911206896551724,5.173911744784589,580,334,all,15
gp_ei,4,2.4232758620689654,4.277729057739833,580,334,all,15
gp_greedy,1,5.817241379310345,9.58819341617833,580,334,all,15
gp_greedy,2,3.9659482758620688,6.597777775784242,580,334,all,15
gp_greedy,3,3.177155172413793,5.173911744784589,580,334,all,15
gp_greedy,4,2.606034482758621,4.277729057739833,580,334,all,15
gp_incumbent,1,5.653879310344828,9.58819341617833,580,334,all,15
gp_incumbent,2,3.7844827586206895,6.597777775784242,580,334,all,15
gp_incumbent,3,3.0360632183908045,5.173911744784589,580,334,all,15
gp_incumbent,4,2.496551724137931,4.277729057739833,580,334,all,15
gp_only,1,5.694971264367816,9.58819341617833,580,334,all,15
gp_only,2,3.8382183908045975,6.597777775784242,580,334,all,15
gp_only,3,3.0795977011494253,5.173911744784589,580,334,all,15
gp_only,4,2.5389367816091952,4.277729057739833,580,334,all,15
molecular_stats,1,6.298563218390805,9.58819341617833,580,334,all,15
molecular_stats,2,4.36551724137931,6.597777775784242,580,334,all,15
molecular_stats,3,3.4354885057471263,5.173911744784589,580,334,all,15
molecular_stats,4,2.9079022988505745,4.277729057739833,580,334,all,15
molecule_mlp,1,6.169252873563218,9.58819341617833,580,334,all,15
molecule_mlp,2,4.327298850574713,6.597777775784242,580,334,all,15
molecule_mlp,3,3.4004310344827586,5.173911744784589,580,334,all,15
molecule_mlp,4,2.834051724137931,4.277729057739833,580,334,all,15
random,1,9.58819341617833,9.58819341617833,580,334,all,15
random,2,6.597777775784242,6.597777775784242,580,334,all,15
random,3,5.173911744784589,5.173911744784589,580,334,all,15
random,4,4.277729057739833,4.277729057739833,580,334,all,15
set_gp_only,1,6.038074712643678,9.58819341617833,580,334,all,15
set_gp_only,2,4.2012931034482754,6.597777775784242,580,334,all,15
set_gp_only,3,3.2602011494252876,5.173911744784589,580,334,all,15
set_gp_only,4,2.750718390804598,4.277729057739833,580,334,all,15
set_transformer,1,6.172557471264368,9.58819341617833,580,334,all,15
set_transformer,2,4.2587643678160925,6.597777775784242,580,334,all,15
set_transformer,3,3.3741379310344826,5.173911744784589,580,334,all,15
set_transformer,4,2.7995689655172415,4.277729057739833,580,334,all,15
state_stats,1,5.728735632183907,9.58819341617833,580,334,all,15
state_stats,2,3.785057471264368,6.597777775784242,580,334,all,15
state_stats,3,3.0191091954022986,5.173911744784589,580,334,all,15
state_stats,4,2.493390804597701,4.277729057739833,580,334,all,15
compact_set,1,5.05064308681672,8.625414832428499,311,183,microsomal_clearance,15
compact_set,2,3.5281350482315115,6.140931215830734,311,183,microsomal_clearance,15
compact_set,3,2.804930332261522,4.91886326948626,311,183,microsomal_clearance,15
compact_set,4,2.433011789924973,4.1369454730990105,311,183,microsomal_clearance,15
cross_attention,1,5.114683815648446,8.625414832428499,311,183,microsomal_clearance,15
cross_attention,2,3.5916398713826365,6.140931215830734,311,183,microsomal_clearance,15
cross_attention,3,2.845391211146838,4.91886326948626,311,183,microsomal_clearance,15
cross_attention,4,2.467309753483387,4.1369454730990105,311,183,microsomal_clearance,15
deep_sets,1,5.444265809217578,8.625414832428499,311,183,microsomal_clearance,15
deep_sets,2,3.8215434083601285,6.140931215830734,311,183,microsomal_clearance,15
deep_sets,3,3.0391211146838155,4.91886326948626,311,183,microsomal_clearance,15
deep_sets,4,2.6318327974276525,4.1369454730990105,311,183,microsomal_clearance,15
delta_greedy,1,5.717041800643087,8.625414832428499,311,183,microsomal_clearance,15
delta_greedy,2,3.7757234726688105,6.140931215830734,311,183,microsomal_clearance,15
delta_greedy,3,3.042604501607717,4.91886326948626,311,183,microsomal_clearance,15
delta_greedy,4,2.4590032154340835,4.1369454730990105,311,183,microsomal_clearance,15
gp_both,1,4.806806002143623,8.625414832428499,311,183,microsomal_clearance,15
gp_both,2,3.418274383708467,6.140931215830734,311,183,microsomal_clearance,15
gp_both,3,2.7218649517684885,4.91886326948626,311,183,microsomal_clearance,15
gp_both,4,2.362272240085745,4.1369454730990105,311,183,microsomal_clearance,15
gp_delta,1,4.843783494105038,8.625414832428499,311,183,microsomal_clearance,15
gp_delta,2,3.428724544480171,6.140931215830734,311,183,microsomal_clearance,15
gp_delta,3,2.707931404072883,4.91886326948626,311,183,microsomal_clearance,15
gp_delta,4,2.3617363344051445,4.1369454730990105,311,183,microsomal_clearance,15
gp_ei,1,4.934083601286174,8.625414832428499,311,183,microsomal_clearance,15
gp_ei,2,3.401929260450161,6.140931215830734,311,183,microsomal_clearance,15
gp_ei,3,2.643086816720257,4.91886326948626,311,183,microsomal_clearance,15
gp_ei,4,2.331993569131833,4.1369454730990105,311,183,microsomal_clearance,15
gp_greedy,1,4.938906752411576,8.625414832428499,311,183,microsomal_clearance,15
gp_greedy,2,3.5032154340836015,6.140931215830734,311,183,microsomal_clearance,15
gp_greedy,3,2.817524115755627,4.91886326948626,311,183,microsomal_clearance,15
gp_greedy,4,2.464630225080386,4.1369454730990105,311,183,microsomal_clearance,15
gp_incumbent,1,5.014201500535906,8.625414832428499,311,183,microsomal_clearance,15
gp_incumbent,2,3.5766345123258305,6.140931215830734,311,183,microsomal_clearance,15
gp_incumbent,3,2.8188638799571275,4.91886326948626,311,183,microsomal_clearance,15
gp_incumbent,4,2.444533762057878,4.1369454730990105,311,183,microsomal_clearance,15
gp_only,1,5.028135048231511,8.625414832428499,311,183,microsomal_clearance,15
gp_only,2,3.612540192926045,6.140931215830734,311,183,microsomal_clearance,15
gp_only,3,2.844855305466238,4.91886326948626,311,183,microsomal_clearance,15
gp_only,4,2.47508038585209,4.1369454730990105,311,183,microsomal_clearance,15
molecular_stats,1,5.238478027867096,8.625414832428499,311,183,microsomal_clearance,15
molecular_stats,2,3.6677384780278675,6.140931215830734,311,183,microsomal_clearance,15
molecular_stats,3,2.9466773847802785,4.91886326948626,311,183,microsomal_clearance,15
molecular_stats,4,2.5696677384780275,4.1369454730990105,311,183,microsomal_clearance,15
molecule_mlp,1,5.013397642015006,8.625414832428499,311,183,microsomal_clearance,15
molecule_mlp,2,3.505894962486602,6.140931215830734,311,183,microsomal_clearance,15
molecule_mlp,3,2.8212754555198285,4.91886326948626,311,183,microsomal_clearance,15
molecule_mlp,4,2.4311361200428725,4.1369454730990105,311,183,microsomal_clearance,15
random,1,8.625414832428499,8.625414832428499,311,183,microsomal_clearance,15
random,2,6.140931215830734,6.140931215830734,311,183,microsomal_clearance,15
random,3,4.91886326948626,4.91886326948626,311,183,microsomal_clearance,15
random,4,4.1369454730990105,4.1369454730990105,311,183,microsomal_clearance,15
set_gp_only,1,5.214898177920686,8.625414832428499,311,183,microsomal_clearance,15
set_gp_only,2,3.5822615219721325,6.140931215830734,311,183,microsomal_clearance,15
set_gp_only,3,2.802786709539121,4.91886326948626,311,183,microsomal_clearance,15
set_gp_only,4,2.4571275455519825,4.1369454730990105,311,183,microsomal_clearance,15
set_transformer,1,5.334673097534834,8.625414832428499,311,183,microsomal_clearance,15
set_transformer,2,3.678992497320472,6.140931215830734,311,183,microsomal_clearance,15
set_transformer,3,2.9595391211146835,4.91886326948626,311,183,microsomal_clearance,15
set_transformer,4,2.545016077170418,4.1369454730990105,311,183,microsomal_clearance,15
state_stats,1,4.839496248660236,8.625414832428499,311,183,microsomal_clearance,15
state_stats,2,3.3775455519828514,6.140931215830734,311,183,microsomal_clearance,15
state_stats,3,2.722668810289389,4.91886326948626,311,183,microsomal_clearance,15
state_stats,4,2.353429796355841,4.1369454730990105,311,183,microsomal_clearance,15
compact_set,1,8.254166666666666,10.65,20,16,in_vivo_clearance,15
compact_set,2,6.2125,6.904166666666667,20,16,in_vivo_clearance,15
compact_set,3,4.7625,5.275,20,16,in_vivo_clearance,15
compact_set,4,3.6375,4.145952380952381,20,16,in_vivo_clearance,15
cross_attention,1,9.65,10.65,20,16,in_vivo_clearance,15
cross_attention,2,6.779166666666667,6.904166666666667,20,16,in_vivo_clearance,15
cross_attention,3,5.241666666666666,5.275,20,16,in_vivo_clearance,15
cross_attention,4,3.9666666666666663,4.145952380952381,20,16,in_vivo_clearance,15
deep_sets,1,8.191666666666666,10.65,20,16,in_vivo_clearance,15
deep_sets,2,6.133333333333334,6.904166666666667,20,16,in_vivo_clearance,15
deep_sets,3,4.441666666666666,5.275,20,16,in_vivo_clearance,15
deep_sets,4,3.425,4.145952380952381,20,16,in_vivo_clearance,15
delta_greedy,1,9.7375,10.65,20,16,in_vivo_clearance,15
delta_greedy,2,6.1875,6.904166666666667,20,16,in_vivo_clearance,15
delta_greedy,3,4.1625,5.275,20,16,in_vivo_clearance,15
delta_greedy,4,3.4375,4.145952380952381,20,16,in_vivo_clearance,15
gp_both,1,9.175,10.65,20,16,in_vivo_clearance,15
gp_both,2,6.1875,6.904166666666667,20,16,in_vivo_clearance,15
gp_both,3,4.675,5.275,20,16,in_vivo_clearance,15
gp_both,4,3.7083333333333335,4.145952380952381,20,16,in_vivo_clearance,15
gp_delta,1,7.745833333333333,10.65,20,16,in_vivo_clearance,15
gp_delta,2,4.85,6.904166666666667,20,16,in_vivo_clearance,15
gp_delta,3,4.1,5.275,20,16,in_vivo_clearance,15
gp_delta,4,3.158333333333333,4.145952380952381,20,16,in_vivo_clearance,15
gp_ei,1,7.075,10.65,20,16,in_vivo_clearance,15
gp_ei,2,4.9,6.904166666666667,20,16,in_vivo_clearance,15
gp_ei,3,3.8,5.275,20,16,in_vivo_clearance,15
gp_ei,4,3.0125,4.145952380952381,20,16,in_vivo_clearance,15
gp_greedy,1,8.475,10.65,20,16,in_vivo_clearance,15
gp_greedy,2,6.1875,6.904166666666667,20,16,in_vivo_clearance,15
gp_greedy,3,4.5875,5.275,20,16,in_vivo_clearance,15
gp_greedy,4,3.2625,4.145952380952381,20,16,in_vivo_clearance,15
gp_incumbent,1,7.495833333333333,10.65,20,16,in_vivo_clearance,15
gp_incumbent,2,4.65,6.904166666666667,20,16,in_vivo_clearance,15
gp_incumbent,3,4.0375,5.275,20,16,in_vivo_clearance,15
gp_incumbent,4,2.9875,4.145952380952381,20,16,in_vivo_clearance,15
gp_only,1,6.929166666666667,10.65,20,16,in_vivo_clearance,15
gp_only,2,4.779166666666667,6.904166666666667,20,16,in_vivo_clearance,15
gp_only,3,4.070833333333334,5.275,20,16,in_vivo_clearance,15
gp_only,4,3.1333333333333333,4.145952380952381,20,16,in_vivo_clearance,15
molecular_stats,1,10.108333333333333,10.65,20,16,in_vivo_clearance,15
molecular_stats,2,7.8291666666666675,6.904166666666667,20,16,in_vivo_clearance,15
molecular_stats,3,6.2,5.275,20,16,in_vivo_clearance,15
molecular_stats,4,4.795833333333333,4.145952380952381,20,16,in_vivo_clearance,15
molecule_mlp,1,10.483333333333333,10.65,20,16,in_vivo_clearance,15
molecule_mlp,2,7.75,6.904166666666667,20,16,in_vivo_clearance,15
molecule_mlp,3,5.583333333333333,5.275,20,16,in_vivo_clearance,15
molecule_mlp,4,4.4,4.145952380952381,20,16,in_vivo_clearance,15
random,1,10.65,10.65,20,16,in_vivo_clearance,15
random,2,6.904166666666667,6.904166666666667,20,16,in_vivo_clearance,15
random,3,5.275,5.275,20,16,in_vivo_clearance,15
random,4,4.145952380952381,4.145952380952381,20,16,in_vivo_clearance,15
set_gp_only,1,7.5,10.65,20,16,in_vivo_clearance,15
set_gp_only,2,5.633333333333334,6.904166666666667,20,16,in_vivo_clearance,15
set_gp_only,3,4.241666666666666,5.275,20,16,in_vivo_clearance,15
set_gp_only,4,3.191666666666667,4.145952380952381,20,16,in_vivo_clearance,15
set_transformer,1,8.483333333333333,10.65,20,16,in_vivo_clearance,15
set_transformer,2,6.383333333333333,6.904166666666667,20,16,in_vivo_clearance,15
set_transformer,3,4.404166666666667,5.275,20,16,in_vivo_clearance,15
set_transformer,4,3.058333333333333,4.145952380952381,20,16,in_vivo_clearance,15
state_stats,1,9.958333333333334,10.65,20,16,in_vivo_clearance,15
state_stats,2,6.625,6.904166666666667,20,16,in_vivo_clearance,15
state_stats,3,4.991666666666667,5.275,20,16,in_vivo_clearance,15
state_stats,4,4.116666666666666,4.145952380952381,20,16,in_vivo_clearance,15
compact_set,1,5.676136363636363,12.204545454545455,44,29,protein_binding,15
compact_set,2,3.424242424242424,7.598484848484848,44,29,protein_binding,15
compact_set,3,2.683712121212121,5.828409090909091,44,29,protein_binding,15
compact_set,4,1.941287878787879,4.726515151515152,44,29,protein_binding,15
cross_attention,1,6.767045454545454,12.204545454545455,44,29,protein_binding,15
cross_attention,2,3.759469696969697,7.598484848484848,44,29,protein_binding,15
cross_attention,3,2.714015151515152,5.828409090909091,44,29,protein_binding,15
cross_attention,4,2.316287878787879,4.726515151515152,44,29,protein_binding,15
deep_sets,1,6.850378787878788,12.204545454545455,44,29,protein_binding,15
deep_sets,2,4.140151515151515,7.598484848484848,44,29,protein_binding,15
deep_sets,3,3.053030303030303,5.828409090909091,44,29,protein_binding,15
deep_sets,4,2.5833333333333335,4.726515151515152,44,29,protein_binding,15
delta_greedy,1,6.806818181818182,12.204545454545455,44,29,protein_binding,15
delta_greedy,2,3.852272727272727,7.598484848484848,44,29,protein_binding,15
delta_greedy,3,3.028409090909091,5.828409090909091,44,29,protein_binding,15
delta_greedy,4,1.9943181818181819,4.726515151515152,44,29,protein_binding,15
gp_both,1,5.674242424242424,12.204545454545455,44,29,protein_binding,15
gp_both,2,3.0018939393939394,7.598484848484848,44,29,protein_binding,15
gp_both,3,2.346590909090909,5.828409090909091,44,29,protein_binding,15
gp_both,4,1.816287878787879,4.726515151515152,44,29,protein_binding,15
gp_delta,1,5.721590909090909,12.204545454545455,44,29,protein_binding,15
gp_delta,2,3.102272727272727,7.598484848484848,44,29,protein_binding,15
gp_delta,3,2.4204545454545454,5.828409090909091,44,29,protein_binding,15
gp_delta,4,1.9090909090909092,4.726515151515152,44,29,protein_binding,15
gp_ei,1,5.488636363636363,12.204545454545455,44,29,protein_binding,15
gp_ei,2,3.0113636363636362,7.598484848484848,44,29,protein_binding,15
gp_ei,3,2.2386363636363638,5.828409090909091,44,29,protein_binding,15
gp_ei,4,1.6363636363636365,4.726515151515152,44,29,protein_binding,15
gp_greedy,1,6.130681818181818,12.204545454545455,44,29,protein_binding,15
gp_greedy,2,3.4431818181818183,7.598484848484848,44,29,protein_binding,15
gp_greedy,3,2.659090909090909,5.828409090909091,44,29,protein_binding,15
gp_greedy,4,1.9545454545454546,4.726515151515152,44,29,protein_binding,15
gp_incumbent,1,5.7518939393939394,12.204545454545455,44,29,protein_binding,15
gp_incumbent,2,3.1931818181818183,7.598484848484848,44,29,protein_binding,15
gp_incumbent,3,2.3693181818181817,5.828409090909091,44,29,protein_binding,15
gp_incumbent,4,1.8011363636363635,4.726515151515152,44,29,protein_binding,15
gp_only,1,5.890151515151516,12.204545454545455,44,29,protein_binding,15
gp_only,2,3.25,7.598484848484848,44,29,protein_binding,15
gp_only,3,2.397727272727273,5.828409090909091,44,29,protein_binding,15
gp_only,4,1.8106060606060608,4.726515151515152,44,29,protein_binding,15
molecular_stats,1,6.660984848484848,12.204545454545455,44,29,protein_binding,15
molecular_stats,2,3.8162878787878785,7.598484848484848,44,29,protein_binding,15
molecular_stats,3,2.852272727272727,5.828409090909091,44,29,protein_binding,15
molecular_stats,4,2.3882575757575757,4.726515151515152,44,29,protein_binding,15
molecule_mlp,1,6.4602272727272725,12.204545454545455,44,29,protein_binding,15
molecule_mlp,2,4.0,7.598484848484848,44,29,protein_binding,15
molecule_mlp,3,3.0606060606060606,5.828409090909091,44,29,protein_binding,15
molecule_mlp,4,2.522727272727273,4.726515151515152,44,29,protein_binding,15
random,1,12.204545454545455,12.204545454545455,44,29,protein_binding,15
random,2,7.598484848484848,7.598484848484848,44,29,protein_binding,15
random,3,5.828409090909091,5.828409090909091,44,29,protein_binding,15
random,4,4.726515151515152,4.726515151515152,44,29,protein_binding,15
set_gp_only,1,5.943181818181818,12.204545454545455,44,29,protein_binding,15
set_gp_only,2,3.75,7.598484848484848,44,29,protein_binding,15
set_gp_only,3,2.768939393939394,5.828409090909091,44,29,protein_binding,15
set_gp_only,4,2.231060606060606,4.726515151515152,44,29,protein_binding,15
set_transformer,1,6.409090909090909,12.204545454545455,44,29,protein_binding,15
set_transformer,2,3.8068181818181817,7.598484848484848,44,29,protein_binding,15
set_transformer,3,2.8787878787878785,5.828409090909091,44,29,protein_binding,15
set_transformer,4,2.2670454545454546,4.726515151515152,44,29,protein_binding,15
state_stats,1,5.774621212121212,12.204545454545455,44,29,protein_binding,15
state_stats,2,3.1287878787878785,7.598484848484848,44,29,protein_binding,15
state_stats,3,2.4583333333333335,5.828409090909091,44,29,protein_binding,15
state_stats,4,1.899621212121212,4.726515151515152,44,29,protein_binding,15
compact_set,1,6.3924050632911396,9.453352343858672,79,53,cellular_clearance,15
compact_set,2,4.332278481012659,6.636896647656141,79,53,cellular_clearance,15
compact_set,3,3.755274261603376,5.262213103352344,79,53,cellular_clearance,15
compact_set,4,3.2616033755274265,4.36706542402745,79,53,cellular_clearance,15
cross_attention,1,7.09915611814346,9.453352343858672,79,53,cellular_clearance,15
cross_attention,2,5.137130801687763,6.636896647656141,79,53,cellular_clearance,15
cross_attention,3,4.276371308016877,5.262213103352344,79,53,cellular_clearance,15
cross_attention,4,3.5748945147679327,4.36706542402745,79,53,cellular_clearance,15
deep_sets,1,7.058016877637131,9.453352343858672,79,53,cellular_clearance,15
deep_sets,2,5.15295358649789,6.636896647656141,79,53,cellular_clearance,15
deep_sets,3,4.256329113924051,5.262213103352344,79,53,cellular_clearance,15
deep_sets,4,3.5253164556962027,4.36706542402745,79,53,cellular_clearance,15
delta_greedy,1,6.813291139240507,9.453352343858672,79,53,cellular_clearance,15
delta_greedy,2,4.746835443037975,6.636896647656141,79,53,cellular_clearance,15
delta_greedy,3,3.4335443037974684,5.262213103352344,79,53,cellular_clearance,15
delta_greedy,4,2.848101265822785,4.367065424027449,79,53,cellular_clearance,15
gp_both,1,6.137130801687764,9.453352343858672,79,53,cellular_clearance,15
gp_both,2,4.018987341772152,6.636896647656141,79,53,cellular_clearance,15
gp_both,3,3.4957805907173,5.262213103352344,79,53,cellular_clearance,15
gp_both,4,2.8164556962025316,4.36706542402745,79,53,cellular_clearance,15
gp_delta,1,6.291139240506329,9.453352343858672,79,53,cellular_clearance,15
gp_delta,2,4.045358649789029,6.636896647656141,79,53,cellular_clearance,15
gp_delta,3,3.378691983122363,5.262213103352344,79,53,cellular_clearance,15
gp_delta,4,2.75210970464135,4.36706542402745,79,53,cellular_clearance,15
gp_ei,1,6.072784810126582,9.453352343858672,79,53,cellular_clearance,15
gp_ei,2,3.8860759493670884,6.636896647656141,79,53,cellular_clearance,15
gp_ei,3,3.4556962025316458,5.262213103352344,79,53,cellular_clearance,15
gp_ei,4,2.892405063291139,4.367065424027449,79,53,cellular_clearance,15
gp_greedy,1,6.5474683544303796,9.453352343858672,79,53,cellular_clearance,15
gp_greedy,2,4.5886075949367084,6.636896647656141,79,53,cellular_clearance,15
gp_greedy,3,3.911392405063291,5.262213103352344,79,53,cellular_clearance,15
gp_greedy,4,3.1867088607594938,4.367065424027449,79,53,cellular_clearance,15
gp_incumbent,1,6.0664556962025316,9.453352343858672,79,53,cellular_clearance,15
gp_incumbent,2,3.8502109704641354,6.636896647656141,79,53,cellular_clearance,15
gp_incumbent,3,3.4525316455696204,5.262213103352344,79,53,cellular_clearance,15
gp_incumbent,4,2.8090717299578056,4.36706542402745,79,53,cellular_clearance,15
gp_only,1,6.236286919831224,9.453352343858672,79,53,cellular_clearance,15
gp_only,2,3.945147679324895,6.636896647656141,79,53,cellular_clearance,15
gp_only,3,3.479957805907173,5.262213103352344,79,53,cellular_clearance,15
gp_only,4,2.838607594936709,4.36706542402745,79,53,cellular_clearance,15
molecular_stats,1,7.190928270042194,9.453352343858672,79,53,cellular_clearance,15
molecular_stats,2,5.381856540084389,6.636896647656141,79,53,cellular_clearance,15
molecular_stats,3,4.3765822784810124,5.262213103352344,79,53,cellular_clearance,15
molecular_stats,4,3.773206751054852,4.36706542402745,79,53,cellular_clearance,15
molecule_mlp,1,6.686708860759493,9.453352343858672,79,53,cellular_clearance,15
molecule_mlp,2,4.875527426160338,6.636896647656141,79,53,cellular_clearance,15
molecule_mlp,3,3.970464135021097,5.262213103352344,79,53,cellular_clearance,15
molecule_mlp,4,3.2763713080168775,4.36706542402745,79,53,cellular_clearance,15
random,1,9.453352343858672,9.453352343858672,79,53,cellular_clearance,15
random,2,6.636896647656141,6.636896647656141,79,53,cellular_clearance,15
random,3,5.262213103352344,5.262213103352344,79,53,cellular_clearance,15
random,4,4.367065424027449,4.367065424027449,79,53,cellular_clearance,15
set_gp_only,1,6.59704641350211,9.453352343858672,79,53,cellular_clearance,15
set_gp_only,2,4.80801687763713,6.636896647656141,79,53,cellular_clearance,15
set_gp_only,3,4.0738396624472575,5.262213103352344,79,53,cellular_clearance,15
set_gp_only,4,3.540084388185654,4.36706542402745,79,53,cellular_clearance,15
set_transformer,1,6.924050632911392,9.453352343858672,79,53,cellular_clearance,15
set_transformer,2,4.960970464135022,6.636896647656141,79,53,cellular_clearance,15
set_transformer,3,4.178270042194092,5.262213103352344,79,53,cellular_clearance,15
set_transformer,4,3.6276371308016877,4.36706542402745,79,53,cellular_clearance,15
state_stats,1,6.184599156118143,9.453352343858672,79,53,cellular_clearance,15
state_stats,2,3.9936708860759493,6.636896647656141,79,53,cellular_clearance,15
state_stats,3,3.486286919831224,5.262213103352344,79,53,cellular_clearance,15
state_stats,4,2.8048523206751055,4.36706542402745,79,53,cellular_clearance,15
compact_set,1,8.438657407407408,11.921296296296298,72,62,permeability,15
compact_set,2,5.185185185185185,8.00462962962963,72,62,permeability,15
compact_set,3,4.171296296296296,5.921527777777778,72,62,permeability,15
compact_set,4,3.3067129629629632,4.809259259259259,72,62,permeability,15
cross_attention,1,8.751157407407408,11.921296296296298,72,62,permeability,15
cross_attention,2,5.994212962962963,8.00462962962963,72,62,permeability,15
cross_attention,3,4.778935185185185,5.921527777777778,72,62,permeability,15
cross_attention,4,4.052083333333333,4.809259259259259,72,62,permeability,15
deep_sets,1,8.64699074074074,11.921296296296298,72,62,permeability,15
deep_sets,2,5.835648148148149,8.00462962962963,72,62,permeability,15
deep_sets,3,4.4594907407407405,5.921527777777778,72,62,permeability,15
deep_sets,4,3.877314814814815,4.809259259259259,72,62,permeability,15
delta_greedy,1,9.760416666666666,11.921296296296298,72,62,permeability,15
delta_greedy,2,6.052083333333333,8.00462962962963,72,62,permeability,15
delta_greedy,3,4.875,5.921527777777778,72,62,permeability,15
delta_greedy,4,4.131944444444445,4.809259259259259,72,62,permeability,15
gp_both,1,7.916666666666667,11.921296296296298,72,62,permeability,15
gp_both,2,4.976851851851851,8.00462962962963,72,62,permeability,15
gp_both,3,3.7604166666666665,5.921527777777778,72,62,permeability,15
gp_both,4,2.982638888888889,4.809259259259259,72,62,permeability,15
gp_delta,1,7.819444444444445,11.921296296296298,72,62,permeability,15
gp_delta,2,4.966435185185185,8.00462962962963,72,62,permeability,15
gp_delta,3,3.724537037037037,5.921527777777778,72,62,permeability,15
gp_delta,4,2.9189814814814814,4.809259259259259,72,62,permeability,15
gp_ei,1,7.392361111111111,11.921296296296298,72,62,permeability,15
gp_ei,2,4.597222222222222,8.00462962962963,72,62,permeability,15
gp_ei,3,3.5625,5.921527777777778,72,62,permeability,15
gp_ei,4,2.7708333333333335,4.809259259259259,72,62,permeability,15
gp_greedy,1,7.864583333333333,11.921296296296298,72,62,permeability,15
gp_greedy,2,4.923611111111111,8.00462962962963,72,62,permeability,15
gp_greedy,3,3.767361111111111,5.921527777777778,72,62,permeability,15
gp_greedy,4,2.9444444444444446,4.809259259259259,72,62,permeability,15
gp_incumbent,1,7.577546296296297,11.921296296296298,72,62,permeability,15
gp_incumbent,2,4.7280092592592595,8.00462962962963,72,62,permeability,15
gp_incumbent,3,3.6296296296296293,5.921527777777778,72,62,permeability,15
gp_incumbent,4,2.8252314814814814,4.809259259259259,72,62,permeability,15
gp_only,1,7.645833333333333,11.921296296296298,72,62,permeability,15
gp_only,2,4.74537037037037,8.00462962962963,72,62,permeability,15
gp_only,3,3.706018518518518,5.921527777777778,72,62,permeability,15
gp_only,4,2.9050925925925926,4.809259259259259,72,62,permeability,15
molecular_stats,1,8.922453703703702,11.921296296296298,72,62,permeability,15
molecular_stats,2,6.0115740740740735,8.00462962962963,72,62,permeability,15
molecular_stats,3,4.306712962962963,5.921527777777778,72,62,permeability,15
molecular_stats,4,3.658564814814815,4.809259259259259,72,62,permeability,15
molecule_mlp,1,9.35300925925926,11.921296296296298,72,62,permeability,15
molecule_mlp,2,6.548611111111111,8.00462962962963,72,62,permeability,15
molecule_mlp,3,4.930555555555555,5.921527777777778,72,62,permeability,15
molecule_mlp,4,4.168981481481482,4.809259259259259,72,62,permeability,15
random,1,11.921296296296298,11.921296296296298,72,62,permeability,15
random,2,8.00462962962963,8.00462962962963,72,62,permeability,15
random,3,5.921527777777778,5.921527777777778,72,62,permeability,15
random,4,4.809259259259259,4.809259259259259,72,62,permeability,15
set_gp_only,1,8.546296296296298,11.921296296296298,72,62,permeability,15
set_gp_only,2,5.929398148148149,8.00462962962963,72,62,permeability,15
set_gp_only,3,4.1678240740740735,5.921527777777778,72,62,permeability,15
set_gp_only,4,3.4953703703703702,4.809259259259259,72,62,permeability,15
set_transformer,1,8.153935185185185,11.921296296296298,72,62,permeability,15
set_transformer,2,5.739583333333333,8.00462962962963,72,62,permeability,15
set_transformer,3,4.28125,5.921527777777778,72,62,permeability,15
set_transformer,4,3.53125,4.809259259259259,72,62,permeability,15
state_stats,1,7.851851851851852,11.921296296296298,72,62,permeability,15
state_stats,2,4.8240740740740735,8.00462962962963,72,62,permeability,15
state_stats,3,3.5358796296296298,5.921527777777778,72,62,permeability,15
state_stats,4,2.8067129629629632,4.809259259259259,72,62,permeability,15
compact_set,1,5.74537037037037,9.694444444444445,54,49,efflux,15
compact_set,2,3.8858024691358026,6.366975308641975,54,49,efflux,15
compact_set,3,3.256172839506173,4.9460648148148145,54,49,efflux,15
compact_set,4,2.2746913580246915,3.932264109347443,54,49,efflux,15
cross_attention,1,6.104938271604938,9.694444444444445,54,49,efflux,15
cross_attention,2,4.174382716049383,6.366975308641975,54,49,efflux,15
cross_attention,3,3.3472222222222223,4.9460648148148145,54,49,efflux,15
cross_attention,4,2.4583333333333335,3.932264109347443,54,49,efflux,15
deep_sets,1,5.827160493827161,9.694444444444445,54,49,efflux,15
deep_sets,2,4.111111111111111,6.366975308641975,54,49,efflux,15
deep_sets,3,3.182098765432099,4.9460648148148145,54,49,efflux,15
deep_sets,4,2.3348765432098766,3.932264109347443,54,49,efflux,15
delta_greedy,1,7.138888888888889,9.694444444444445,54,49,efflux,15
delta_greedy,2,5.6157407407407405,6.366975308641975,54,49,efflux,15
delta_greedy,3,4.476851851851852,4.9460648148148145,54,49,efflux,15
delta_greedy,4,3.212962962962963,3.9322641093474426,54,49,efflux,15
gp_both,1,5.8919753086419755,9.694444444444445,54,49,efflux,15
gp_both,2,3.9722222222222223,6.366975308641975,54,49,efflux,15
gp_both,3,3.115740740740741,4.9460648148148145,54,49,efflux,15
gp_both,4,2.2299382716049383,3.932264109347443,54,49,efflux,15
gp_delta,1,5.878086419753087,9.694444444444445,54,49,efflux,15
gp_delta,2,3.868827160493827,6.366975308641975,54,49,efflux,15
gp_delta,3,3.125,4.9460648148148145,54,49,efflux,15
gp_delta,4,2.3348765432098766,3.932264109347443,54,49,efflux,15
gp_ei,1,5.574074074074074,9.694444444444445,54,49,efflux,15
gp_ei,2,3.6296296296296298,6.366975308641975,54,49,efflux,15
gp_ei,3,3.009259259259259,4.9460648148148145,54,49,efflux,15
gp_ei,4,2.2222222222222223,3.9322641093474426,54,49,efflux,15
gp_greedy,1,5.837962962962963,9.694444444444445,54,49,efflux,15
gp_greedy,2,4.046296296296297,6.366975308641975,54,49,efflux,15
gp_greedy,3,3.287037037037037,4.9460648148148145,54,49,efflux,15
gp_greedy,4,2.4074074074074074,3.9322641093474426,54,49,efflux,15
gp_incumbent,1,5.407407407407407,9.694444444444445,54,49,efflux,15
gp_incumbent,2,3.7885802469135803,6.366975308641975,54,49,efflux,15
gp_incumbent,3,3.058641975308642,4.9460648148148145,54,49,efflux,15
gp_incumbent,4,2.285493827160494,3.932264109347443,54,49,efflux,15
gp_only,1,5.526234567901235,9.694444444444445,54,49,efflux,15
gp_only,2,3.9027777777777777,6.366975308641975,54,49,efflux,15
gp_only,3,3.199074074074074,4.9460648148148145,54,49,efflux,15
gp_only,4,2.353395061728395,3.932264109347443,54,49,efflux,15
molecular_stats,1,5.893518518518518,9.694444444444445,54,49,efflux,15
molecular_stats,2,3.867283950617284,6.366975308641975,54,49,efflux,15
molecular_stats,3,3.1635802469135803,4.9460648148148145,54,49,efflux,15
molecular_stats,4,2.3132716049382718,3.932264109347443,54,49,efflux,15
molecule_mlp,1,5.989197530864198,9.694444444444445,54,49,efflux,15
molecule_mlp,2,4.29320987654321,6.366975308641975,54,49,efflux,15
molecule_mlp,3,3.3302469135802473,4.9460648148148145,54,49,efflux,15
molecule_mlp,4,2.4012345679012346,3.932264109347443,54,49,efflux,15
random,1,9.694444444444445,9.694444444444445,54,49,efflux,15
random,2,6.366975308641975,6.366975308641975,54,49,efflux,15
random,3,4.9460648148148145,4.9460648148148145,54,49,efflux,15
random,4,3.9322641093474426,3.9322641093474426,54,49,efflux,15
set_gp_only,1,6.152777777777778,9.694444444444445,54,49,efflux,15
set_gp_only,2,4.412037037037037,6.366975308641975,54,49,efflux,15
set_gp_only,3,3.530864197530864,4.9460648148148145,54,49,efflux,15
set_gp_only,4,2.5540123456790123,3.932264109347443,54,49,efflux,15
set_transformer,1,6.208333333333333,9.694444444444445,54,49,efflux,15
set_transformer,2,4.177469135802469,6.366975308641975,54,49,efflux,15
set_transformer,3,3.3981481481481484,4.9460648148148145,54,49,efflux,15
set_transformer,4,2.4166666666666665,3.932264109347443,54,49,efflux,15
state_stats,1,5.748456790123457,9.694444444444445,54,49,efflux,15
state_stats,2,3.9243827160493825,6.366975308641975,54,49,efflux,15
state_stats,3,3.0802469135802473,4.9460648148148145,54,49,efflux,15
state_stats,4,2.308641975308642,3.932264109347443,54,49,efflux,15
compact_set,1,6.7193515704154,11.614420336361825,329,197,all,20
compact_set,2,4.448328267477204,7.988293183372972,329,197,all,20
compact_set,3,3.572948328267477,6.245526995659974,329,197,all,20
compact_set,4,3.036727456940223,5.20233138681087,329,197,all,20
cross_attention,1,7.165653495440729,11.614420336361825,329,197,all,20
cross_attention,2,4.9126139817629175,7.988293183372972,329,197,all,20
cross_attention,3,3.840678824721378,6.245526995659974,329,197,all,20
cross_attention,4,3.3361195542046604,5.20233138681087,329,197,all,20
deep_sets,1,7.287234042553192,11.614420336361825,329,197,all,20
deep_sets,2,5.098784194528875,7.988293183372972,329,197,all,20
deep_sets,3,3.986575481256332,6.245526995659974,329,197,all,20
deep_sets,4,3.4506079027355625,5.20233138681087,329,197,all,20
delta_greedy,1,8.033434650455927,11.614420336361825,329,197,all,20
delta_greedy,2,5.310790273556231,7.988293183372972,329,197,all,20
delta_greedy,3,4.077507598784194,6.245526995659974,329,197,all,20
delta_greedy,4,3.3214285714285716,5.20233138681087,329,197,all,20
gp_both,1,6.336626139817629,11.614420336361825,329,197,all,20
gp_both,2,4.269250253292806,7.988293183372972,329,197,all,20
gp_both,3,3.3535967578520767,6.245526995659974,329,197,all,20
gp_both,4,2.8031914893617023,5.20233138681087,329,197,all,20
gp_delta,1,6.34853090172239,11.614420336361825,329,197,all,20
gp_delta,2,4.229736575481256,7.988293183372972,329,197,all,20
gp_delta,3,3.3133232016210736,6.245526995659974,329,197,all,20
gp_delta,4,2.788500506585613,5.20233138681087,329,197,all,20
gp_ei,1,6.137537993920972,11.614420336361825,329,197,all,20
gp_ei,2,4.019756838905775,7.988293183372972,329,197,all,20
gp_ei,3,3.169452887537994,6.245526995659974,329,197,all,20
gp_ei,4,2.7332826747720365,5.20233138681087,329,197,all,20
gp_greedy,1,6.592705167173253,11.614420336361825,329,197,all,20
gp_greedy,2,4.48936170212766,7.988293183372972,329,197,all,20
gp_greedy,3,3.554711246200608,6.245526995659974,329,197,all,20
gp_greedy,4,2.9696048632218845,5.20233138681087,329,197,all,20
gp_incumbent,1,6.270516717325228,11.614420336361825,329,197,all,20
gp_incumbent,2,4.1752786220871325,7.988293183372972,329,197,all,20
gp_incumbent,3,3.324721377912867,6.245526995659974,329,197,all,20
gp_incumbent,4,2.8156028368794326,5.20233138681087,329,197,all,20
gp_only,1,6.327760891590679,11.614420336361825,329,197,all,20
gp_only,2,4.253799392097265,7.988293183372972,329,197,all,20
gp_only,3,3.380952380952381,6.245526995659974,329,197,all,20
gp_only,4,2.8806990881458967,5.20233138681087,329,197,all,20
molecular_stats,1,7.199088145896656,11.614420336361825,329,197,all,20
molecular_stats,2,4.974670719351571,7.988293183372972,329,197,all,20
molecular_stats,3,3.8758865248226955,6.245526995659974,329,197,all,20
molecular_stats,4,3.3958966565349544,5.20233138681087,329,197,all,20
molecule_mlp,1,6.9868287740628165,11.614420336361825,329,197,all,20
molecule_mlp,2,4.940982776089159,7.988293183372972,329,197,all,20
molecule_mlp,3,3.8672745694022286,6.245526995659974,329,197,all,20
molecule_mlp,4,3.2968591691995948,5.20233138681087,329,197,all,20
random,1,11.614420336361825,11.614420336361825,329,197,all,20
random,2,7.988293183372972,7.988293183372972,329,197,all,20
random,3,6.245526995659974,6.245526995659974,329,197,all,20
random,4,5.20233138681087,5.20233138681087,329,197,all,20
set_gp_only,1,6.769756838905775,11.614420336361825,329,197,all,20
set_gp_only,2,4.804457953394124,7.988293183372972,329,197,all,20
set_gp_only,3,3.6785714285714284,6.245526995659974,329,197,all,20
set_gp_only,4,3.2061803444782164,5.20233138681087,329,197,all,20
set_transformer,1,7.112462006079028,11.614420336361825,329,197,all,20
set_transformer,2,4.905268490374874,7.988293183372972,329,197,all,20
set_transformer,3,3.8292806484295845,6.245526995659974,329,197,all,20
set_transformer,4,3.3069908814589666,5.20233138681087,329,197,all,20
state_stats,1,6.396403242147922,11.614420336361825,329,197,all,20
state_stats,2,4.25354609929078,7.988293183372972,329,197,all,20
state_stats,3,3.343718338399189,6.245526995659974,329,197,all,20
state_stats,4,2.8181357649442753,5.20233138681087,329,197,all,20
compact_set,1,5.689606741573034,10.330305003724947,178,108,microsomal_clearance,20
compact_set,2,3.831928838951311,7.281639273387869,178,108,microsomal_clearance,20
compact_set,3,2.980337078651685,5.8346866005925,178,108,microsomal_clearance,20
compact_set,4,2.716292134831461,4.937164272733093,178,108,microsomal_clearance,20
cross_attention,1,5.78932584269663,10.330305003724947,178,108,microsomal_clearance,20
cross_attention,2,3.9344569288389515,7.281639273387869,178,108,microsomal_clearance,20
cross_attention,3,3.0440074906367043,5.8346866005925,178,108,microsomal_clearance,20
cross_attention,4,2.765449438202247,4.937164272733093,178,108,microsomal_clearance,20
deep_sets,1,6.331460674157303,10.330305003724947,178,108,microsomal_clearance,20
deep_sets,2,4.38810861423221,7.281639273387869,178,108,microsomal_clearance,20
deep_sets,3,3.441947565543071,5.8346866005925,178,108,microsomal_clearance,20
deep_sets,4,3.0753745318352057,4.937164272733093,178,108,microsomal_clearance,20
delta_greedy,1,6.849719101123595,10.330305003724947,178,108,microsomal_clearance,20
delta_greedy,2,4.445224719101123,7.281639273387869,178,108,microsomal_clearance,20
delta_greedy,3,3.452247191011236,5.8346866005925,178,108,microsomal_clearance,20
delta_greedy,4,2.830056179775281,4.937164272733093,178,108,microsomal_clearance,20
gp_both,1,5.41058052434457,10.330305003724947,178,108,microsomal_clearance,20
gp_both,2,3.7724719101123596,7.281639273387869,178,108,microsomal_clearance,20
gp_both,3,2.931179775280899,5.8346866005925,178,108,microsomal_clearance,20
gp_both,4,2.657303370786517,4.937164272733093,178,108,microsomal_clearance,20
gp_delta,1,5.4709737827715355,10.330305003724947,178,108,microsomal_clearance,20
gp_delta,2,3.8230337078651684,7.281639273387869,178,108,microsomal_clearance,20
gp_delta,3,2.953183520599251,5.8346866005925,178,108,microsomal_clearance,20
gp_delta,4,2.6713483146067416,4.937164272733093,178,108,microsomal_clearance,20
gp_ei,1,5.477528089887641,10.330305003724947,178,108,microsomal_clearance,20
gp_ei,2,3.7275280898876404,7.281639273387869,178,108,microsomal_clearance,20
gp_ei,3,2.8441011235955056,5.8346866005925,178,108,microsomal_clearance,20
gp_ei,4,2.643258426966292,4.937164272733093,178,108,microsomal_clearance,20
gp_greedy,1,5.537921348314606,10.330305003724947,178,108,microsomal_clearance,20
gp_greedy,2,3.8497191011235956,7.281639273387869,178,108,microsomal_clearance,20
gp_greedy,3,3.044943820224719,5.8346866005925,178,108,microsomal_clearance,20
gp_greedy,4,2.776685393258427,4.937164272733093,178,108,microsomal_clearance,20
gp_incumbent,1,5.617977528089888,10.330305003724947,178,108,microsomal_clearance,20
gp_incumbent,2,3.956460674157303,7.281639273387869,178,108,microsomal_clearance,20
gp_incumbent,3,3.076779026217228,5.8346866005925,178,108,microsomal_clearance,20
gp_incumbent,4,2.7888576779026217,4.937164272733093,178,108,microsomal_clearance,20
gp_only,1,5.625936329588015,10.330305003724947,178,108,microsomal_clearance,20
gp_only,2,4.008895131086143,7.281639273387869,178,108,microsomal_clearance,20
gp_only,3,3.11750936329588,5.8346866005925,178,108,microsomal_clearance,20
gp_only,4,2.8441011235955056,4.937164272733093,178,108,microsomal_clearance,20
molecular_stats,1,5.913857677902622,10.330305003724947,178,108,microsomal_clearance,20
molecular_stats,2,4.049625468164794,7.281639273387869,178,108,microsomal_clearance,20
molecular_stats,3,3.2373595505617976,5.8346866005925,178,108,microsomal_clearance,20
molecular_stats,4,2.938202247191011,4.937164272733093,178,108,microsomal_clearance,20
molecule_mlp,1,5.58941947565543,10.330305003724947,178,108,microsomal_clearance,20
molecule_mlp,2,3.8764044943820224,7.281639273387869,178,108,microsomal_clearance,20
molecule_mlp,3,3.072097378277154,5.8346866005925,178,108,microsomal_clearance,20
molecule_mlp,4,2.7607677902621726,4.937164272733093,178,108,microsomal_clearance,20
random,1,10.330305003724947,10.330305003724947,178,108,microsomal_clearance,20
random,2,7.281639273387869,7.281639273387869,178,108,microsomal_clearance,20
random,3,5.8346866005925,5.8346866005925,178,108,microsomal_clearance,20
random,4,4.937164272733093,4.937164272733093,178,108,microsomal_clearance,20
set_gp_only,1,5.734550561797753,10.330305003724947,178,108,microsomal_clearance,20
set_gp_only,2,3.968632958801498,7.281639273387869,178,108,microsomal_clearance,20
set_gp_only,3,3.043071161048689,5.8346866005925,178,108,microsomal_clearance,20
set_gp_only,4,2.7790262172284645,4.937164272733093,178,108,microsomal_clearance,20
set_transformer,1,6.038389513108614,10.330305003724947,178,108,microsomal_clearance,20
set_transformer,2,4.0950374531835205,7.281639273387869,178,108,microsomal_clearance,20
set_transformer,3,3.2514044943820224,5.8346866005925,178,108,microsomal_clearance,20
set_transformer,4,2.919943820224719,4.937164272733093,178,108,microsomal_clearance,20
state_stats,1,5.4700374531835205,10.330305003724947,178,108,microsomal_clearance,20
state_stats,2,3.74250936329588,7.281639273387869,178,108,microsomal_clearance,20
state_stats,3,2.9480337078651684,5.8346866005925,178,108,microsomal_clearance,20
state_stats,4,2.6601123595505616,4.937164272733093,178,108,microsomal_clearance,20
compact_set,1,12.86111111111111,13.38888888888889,9,7,in_vivo_clearance,20
compact_set,2,9.657407407407408,8.62962962962963,9,7,in_vivo_clearance,20
compact_set,3,6.833333333333333,6.583333333333333,9,7,in_vivo_clearance,20
compact_set,4,5.37962962962963,5.203703703703703,9,7,in_vivo_clearance,20
cross_attention,1,14.185185185185183,13.38888888888889,9,7,in_vivo_clearance,20
cross_attention,2,10.694444444444445,8.62962962962963,9,7,in_vivo_clearance,20
cross_attention,3,7.509259259259259,6.583333333333333,9,7,in_vivo_clearance,20
cross_attention,4,6.185185185185185,5.203703703703703,9,7,in_vivo_clearance,20
deep_sets,1,10.944444444444445,13.38888888888889,9,7,in_vivo_clearance,20
deep_sets,2,8.99074074074074,8.62962962962963,9,7,in_vivo_clearance,20
deep_sets,3,6.25,6.583333333333333,9,7,in_vivo_clearance,20
deep_sets,4,4.916666666666667,5.203703703703703,9,7,in_vivo_clearance,20
delta_greedy,1,11.916666666666666,13.38888888888889,9,7,in_vivo_clearance,20
delta_greedy,2,8.722222222222221,8.62962962962963,9,7,in_vivo_clearance,20
delta_greedy,3,5.138888888888889,6.583333333333333,9,7,in_vivo_clearance,20
delta_greedy,4,4.527777777777778,5.203703703703703,9,7,in_vivo_clearance,20
gp_both,1,12.25925925925926,13.38888888888889,9,7,in_vivo_clearance,20
gp_both,2,8.518518518518519,8.62962962962963,9,7,in_vivo_clearance,20
gp_both,3,5.9907407407407405,6.583333333333333,9,7,in_vivo_clearance,20
gp_both,4,4.962962962962963,5.203703703703703,9,7,in_vivo_clearance,20
gp_delta,1,10.75,13.38888888888889,9,7,in_vivo_clearance,20
gp_delta,2,6.444444444444445,8.62962962962963,9,7,in_vivo_clearance,20
gp_delta,3,5.12037037037037,6.583333333333333,9,7,in_vivo_clearance,20
gp_delta,4,4.481481481481482,5.203703703703703,9,7,in_vivo_clearance,20
gp_ei,1,10.0,13.38888888888889,9,7,in_vivo_clearance,20
gp_ei,2,6.916666666666667,8.62962962962963,9,7,in_vivo_clearance,20
gp_ei,3,5.055555555555555,6.583333333333333,9,7,in_vivo_clearance,20
gp_ei,4,4.75,5.203703703703703,9,7,in_vivo_clearance,20
gp_greedy,1,13.277777777777779,13.38888888888889,9,7,in_vivo_clearance,20
gp_greedy,2,9.222222222222221,8.62962962962963,9,7,in_vivo_clearance,20
gp_greedy,3,6.416666666666667,6.583333333333333,9,7,in_vivo_clearance,20
gp_greedy,4,4.972222222222222,5.203703703703703,9,7,in_vivo_clearance,20
gp_incumbent,1,11.296296296296298,13.38888888888889,9,7,in_vivo_clearance,20
gp_incumbent,2,6.1759259259259265,8.62962962962963,9,7,in_vivo_clearance,20
gp_incumbent,3,5.296296296296296,6.583333333333333,9,7,in_vivo_clearance,20
gp_incumbent,4,4.537037037037037,5.203703703703703,9,7,in_vivo_clearance,20
gp_only,1,9.833333333333334,13.38888888888889,9,7,in_vivo_clearance,20
gp_only,2,6.2592592592592595,8.62962962962963,9,7,in_vivo_clearance,20
gp_only,3,5.12037037037037,6.583333333333333,9,7,in_vivo_clearance,20
gp_only,4,4.87037037037037,5.203703703703703,9,7,in_vivo_clearance,20
molecular_stats,1,14.879629629629628,13.38888888888889,9,7,in_vivo_clearance,20
molecular_stats,2,12.083333333333334,8.62962962962963,9,7,in_vivo_clearance,20
molecular_stats,3,8.962962962962964,6.583333333333333,9,7,in_vivo_clearance,20
molecular_stats,4,7.231481481481481,5.203703703703703,9,7,in_vivo_clearance,20
molecule_mlp,1,14.564814814814817,13.38888888888889,9,7,in_vivo_clearance,20
molecule_mlp,2,11.472222222222221,8.62962962962963,9,7,in_vivo_clearance,20
molecule_mlp,3,7.861111111111111,6.583333333333333,9,7,in_vivo_clearance,20
molecule_mlp,4,6.009259259259259,5.203703703703703,9,7,in_vivo_clearance,20
random,1,13.38888888888889,13.38888888888889,9,7,in_vivo_clearance,20
random,2,8.62962962962963,8.62962962962963,9,7,in_vivo_clearance,20
random,3,6.583333333333333,6.583333333333333,9,7,in_vivo_clearance,20
random,4,5.203703703703703,5.203703703703703,9,7,in_vivo_clearance,20
set_gp_only,1,10.453703703703702,13.38888888888889,9,7,in_vivo_clearance,20
set_gp_only,2,8.231481481481481,8.62962962962963,9,7,in_vivo_clearance,20
set_gp_only,3,5.944444444444445,6.583333333333333,9,7,in_vivo_clearance,20
set_gp_only,4,4.601851851851852,5.203703703703703,9,7,in_vivo_clearance,20
set_transformer,1,12.148148148148147,13.38888888888889,9,7,in_vivo_clearance,20
set_transformer,2,8.944444444444445,8.62962962962963,9,7,in_vivo_clearance,20
set_transformer,3,5.138888888888889,6.583333333333333,9,7,in_vivo_clearance,20
set_transformer,4,3.6666666666666665,5.203703703703703,9,7,in_vivo_clearance,20
state_stats,1,14.5,13.38888888888889,9,7,in_vivo_clearance,20
state_stats,2,9.842592592592592,8.62962962962963,9,7,in_vivo_clearance,20
state_stats,3,6.87962962962963,6.583333333333333,9,7,in_vivo_clearance,20
state_stats,4,5.981481481481482,5.203703703703703,9,7,in_vivo_clearance,20
compact_set,1,5.644230769230769,15.0,26,17,protein_binding,20
compact_set,2,4.112179487179487,9.666666666666668,26,17,protein_binding,20
compact_set,3,3.121794871794872,7.3961538461538465,26,17,protein_binding,20
compact_set,4,2.1923076923076925,6.0,26,17,protein_binding,20
cross_attention,1,7.163461538461538,15.0,26,17,protein_binding,20
cross_attention,2,4.868589743589744,9.666666666666668,26,17,protein_binding,20
cross_attention,3,3.4038461538461537,7.3961538461538465,26,17,protein_binding,20
cross_attention,4,2.9134615384615383,6.0,26,17,protein_binding,20
deep_sets,1,7.435897435897436,15.0,26,17,protein_binding,20
deep_sets,2,5.272435897435898,9.666666666666668,26,17,protein_binding,20
deep_sets,3,4.051282051282051,7.3961538461538465,26,17,protein_binding,20
deep_sets,4,3.349358974358974,6.0,26,17,protein_binding,20
delta_greedy,1,7.144230769230769,15.0,26,17,protein_binding,20
delta_greedy,2,4.971153846153846,9.666666666666668,26,17,protein_binding,20
delta_greedy,3,3.730769230769231,7.3961538461538465,26,17,protein_binding,20
delta_greedy,4,2.519230769230769,6.0,26,17,protein_binding,20
gp_both,1,5.6089743589743595,15.0,26,17,protein_binding,20
gp_both,2,3.7724358974358974,9.666666666666668,26,17,protein_binding,20
gp_both,3,2.798076923076923,7.3961538461538465,26,17,protein_binding,20
gp_both,4,2.0801282051282053,6.0,26,17,protein_binding,20
gp_delta,1,5.618589743589744,15.0,26,17,protein_binding,20
gp_delta,2,3.830128205128205,9.666666666666668,26,17,protein_binding,20
gp_delta,3,2.8173076923076925,7.3961538461538465,26,17,protein_binding,20
gp_delta,4,2.141025641025641,6.0,26,17,protein_binding,20
gp_ei,1,5.153846153846154,15.0,26,17,protein_binding,20
gp_ei,2,3.4134615384615383,9.666666666666668,26,17,protein_binding,20
gp_ei,3,2.3173076923076925,7.3961538461538465,26,17,protein_binding,20
gp_ei,4,1.5865384615384615,6.0,26,17,protein_binding,20
gp_greedy,1,6.173076923076923,15.0,26,17,protein_binding,20
gp_greedy,2,4.3173076923076925,9.666666666666668,26,17,protein_binding,20
gp_greedy,3,3.2115384615384617,7.3961538461538465,26,17,protein_binding,20
gp_greedy,4,2.25,6.0,26,17,protein_binding,20
gp_incumbent,1,5.66025641025641,15.0,26,17,protein_binding,20
gp_incumbent,2,3.8141025641025643,9.666666666666668,26,17,protein_binding,20
gp_incumbent,3,2.673076923076923,7.3961538461538465,26,17,protein_binding,20
gp_incumbent,4,1.891025641025641,6.0,26,17,protein_binding,20
gp_only,1,5.96474358974359,15.0,26,17,protein_binding,20
gp_only,2,3.923076923076923,9.666666666666668,26,17,protein_binding,20
gp_only,3,2.705128205128205,7.3961538461538465,26,17,protein_binding,20
gp_only,4,1.9262820512820513,6.0,26,17,protein_binding,20
molecular_stats,1,7.147435897435898,15.0,26,17,protein_binding,20
molecular_stats,2,4.913461538461538,9.666666666666668,26,17,protein_binding,20
molecular_stats,3,3.6314102564102564,7.3961538461538465,26,17,protein_binding,20
molecular_stats,4,3.044871794871795,6.0,26,17,protein_binding,20
molecule_mlp,1,6.573717948717948,15.0,26,17,protein_binding,20
molecule_mlp,2,4.96474358974359,9.666666666666668,26,17,protein_binding,20
molecule_mlp,3,3.9326923076923075,7.3961538461538465,26,17,protein_binding,20
molecule_mlp,4,3.205128205128205,6.0,26,17,protein_binding,20
random,1,15.0,15.0,26,17,protein_binding,20
random,2,9.666666666666668,9.666666666666668,26,17,protein_binding,20
random,3,7.3961538461538465,7.3961538461538465,26,17,protein_binding,20
random,4,6.0,6.0,26,17,protein_binding,20
set_gp_only,1,6.1089743589743595,15.0,26,17,protein_binding,20
set_gp_only,2,4.7756410256410255,9.666666666666668,26,17,protein_binding,20
set_gp_only,3,3.426282051282051,7.3961538461538465,26,17,protein_binding,20
set_gp_only,4,2.746794871794872,6.0,26,17,protein_binding,20
set_transformer,1,7.083333333333334,15.0,26,17,protein_binding,20
set_transformer,2,4.987179487179487,9.666666666666668,26,17,protein_binding,20
set_transformer,3,3.7339743589743586,7.3961538461538465,26,17,protein_binding,20
set_transformer,4,2.951923076923077,6.0,26,17,protein_binding,20
state_stats,1,5.647435897435898,15.0,26,17,protein_binding,20
state_stats,2,3.9166666666666665,9.666666666666668,26,17,protein_binding,20
state_stats,3,2.935897435897436,7.3961538461538465,26,17,protein_binding,20
state_stats,4,2.185897435897436,6.0,26,17,protein_binding,20
compact_set,1,6.705,11.313666666666666,50,33,cellular_clearance,20
compact_set,2,4.5,7.922000000000001,50,33,cellular_clearance,20
compact_set,3,3.921666666666667,6.2410000000000005,50,33,cellular_clearance,20
compact_set,4,3.515,5.217666666666666,50,33,cellular_clearance,20
cross_attention,1,7.58,11.313666666666666,50,33,cellular_clearance,20
cross_attention,2,5.533333333333334,7.922000000000001,50,33,cellular_clearance,20
cross_attention,3,4.675,6.2410000000000005,50,33,cellular_clearance,20
cross_attention,4,3.88,5.217666666666666,50,33,cellular_clearance,20
deep_sets,1,7.8566666666666665,11.313666666666666,50,33,cellular_clearance,20
deep_sets,2,5.745,7.922000000000001,50,33,cellular_clearance,20
deep_sets,3,4.591666666666667,6.2410000000000005,50,33,cellular_clearance,20
deep_sets,4,3.83,5.217666666666666,50,33,cellular_clearance,20
delta_greedy,1,7.385,11.313666666666668,50,33,cellular_clearance,20
delta_greedy,2,5.04,7.922000000000001,50,33,cellular_clearance,20
delta_greedy,3,3.325,6.2410000000000005,50,33,cellular_clearance,20
delta_greedy,4,2.905,5.217666666666666,50,33,cellular_clearance,20
gp_both,1,6.195,11.313666666666666,50,33,cellular_clearance,20
gp_both,2,4.235,7.922000000000001,50,33,cellular_clearance,20
gp_both,3,3.565,6.2410000000000005,50,33,cellular_clearance,20
gp_both,4,2.84,5.217666666666666,50,33,cellular_clearance,20
gp_delta,1,6.435,11.313666666666666,50,33,cellular_clearance,20
gp_delta,2,4.24,7.922000000000001,50,33,cellular_clearance,20
gp_delta,3,3.39,6.2410000000000005,50,33,cellular_clearance,20
gp_delta,4,2.695,5.217666666666666,50,33,cellular_clearance,20
gp_ei,1,6.26,11.313666666666668,50,33,cellular_clearance,20
gp_ei,2,3.945,7.922000000000001,50,33,cellular_clearance,20
gp_ei,3,3.465,6.2410000000000005,50,33,cellular_clearance,20
gp_ei,4,2.925,5.217666666666666,50,33,cellular_clearance,20
gp_greedy,1,6.795,11.313666666666668,50,33,cellular_clearance,20
gp_greedy,2,4.855,7.922000000000001,50,33,cellular_clearance,20
gp_greedy,3,4.08,6.2410000000000005,50,33,cellular_clearance,20
gp_greedy,4,3.31,5.217666666666666,50,33,cellular_clearance,20
gp_incumbent,1,6.005,11.313666666666666,50,33,cellular_clearance,20
gp_incumbent,2,3.8283333333333336,7.922000000000001,50,33,cellular_clearance,20
gp_incumbent,3,3.4033333333333333,6.2410000000000005,50,33,cellular_clearance,20
gp_incumbent,4,2.788333333333333,5.217666666666666,50,33,cellular_clearance,20
gp_only,1,6.166666666666666,11.313666666666666,50,33,cellular_clearance,20
gp_only,2,3.976666666666667,7.922000000000001,50,33,cellular_clearance,20
gp_only,3,3.463333333333333,6.2410000000000005,50,33,cellular_clearance,20
gp_only,4,2.79,5.217666666666666,50,33,cellular_clearance,20
molecular_stats,1,7.7,11.313666666666666,50,33,cellular_clearance,20
molecular_stats,2,5.866666666666666,7.922000000000001,50,33,cellular_clearance,20
molecular_stats,3,4.815,6.2410000000000005,50,33,cellular_clearance,20
molecular_stats,4,4.155,5.217666666666666,50,33,cellular_clearance,20
molecule_mlp,1,6.898333333333333,11.313666666666666,50,33,cellular_clearance,20
molecule_mlp,2,5.008333333333333,7.922000000000001,50,33,cellular_clearance,20
molecule_mlp,3,4.083333333333333,6.2410000000000005,50,33,cellular_clearance,20
molecule_mlp,4,3.31,5.217666666666666,50,33,cellular_clearance,20
random,1,11.313666666666668,11.313666666666668,50,33,cellular_clearance,20
random,2,7.922000000000001,7.922000000000001,50,33,cellular_clearance,20
random,3,6.2410000000000005,6.2410000000000005,50,33,cellular_clearance,20
random,4,5.217666666666666,5.217666666666666,50,33,cellular_clearance,20
set_gp_only,1,6.901666666666666,11.313666666666666,50,33,cellular_clearance,20
set_gp_only,2,5.078333333333333,7.922000000000001,50,33,cellular_clearance,20
set_gp_only,3,4.2316666666666665,6.2410000000000005,50,33,cellular_clearance,20
set_gp_only,4,3.755,5.217666666666666,50,33,cellular_clearance,20
set_transformer,1,7.531666666666666,11.313666666666666,50,33,cellular_clearance,20
set_transformer,2,5.416666666666666,7.922000000000001,50,33,cellular_clearance,20
set_transformer,3,4.586666666666667,6.2410000000000005,50,33,cellular_clearance,20
set_transformer,4,4.066666666666666,5.217666666666666,50,33,cellular_clearance,20
state_stats,1,6.173333333333334,11.313666666666666,50,33,cellular_clearance,20
state_stats,2,4.081666666666667,7.922000000000001,50,33,cellular_clearance,20
state_stats,3,3.445,6.2410000000000005,50,33,cellular_clearance,20
state_stats,4,2.7816666666666667,5.217666666666666,50,33,cellular_clearance,20
compact_set,1,10.46875,14.9125,40,34,permeability,20
compact_set,2,6.229166666666667,10.066666666666666,40,34,permeability,20
compact_set,3,5.3583333333333325,7.3725,40,34,permeability,20
compact_set,4,4.127083333333333,6.04,40,34,permeability,20
cross_attention,1,10.995833333333334,14.9125,40,34,permeability,20
cross_attention,2,7.272916666666667,10.066666666666666,40,34,permeability,20
cross_attention,3,5.877083333333333,7.3725,40,34,permeability,20
cross_attention,4,5.085416666666666,6.04,40,34,permeability,20
deep_sets,1,10.141666666666667,14.9125,40,34,permeability,20
deep_sets,2,6.7625,10.066666666666666,40,34,permeability,20
deep_sets,3,5.522916666666666,7.3725,40,34,permeability,20
deep_sets,4,4.89375,6.04,40,34,permeability,20
delta_greedy,1,12.99375,14.9125,40,34,permeability,20
delta_greedy,2,7.8,10.066666666666666,40,34,permeability,20
delta_greedy,3,6.85625,7.3725,40,34,permeability,20
delta_greedy,4,5.8125,6.04,40,34,permeability,20
gp_both,1,9.4125,14.9125,40,34,permeability,20
gp_both,2,5.866666666666666,10.066666666666666,40,34,permeability,20
gp_both,3,4.84375,7.3725,40,34,permeability,20
gp_both,4,3.6354166666666665,6.04,40,34,permeability,20
gp_delta,1,9.260416666666668,14.9125,40,34,permeability,20
gp_delta,2,5.829166666666667,10.066666666666666,40,34,permeability,20
gp_delta,3,4.74375,7.3725,40,34,permeability,20
gp_delta,4,3.55,6.04,40,34,permeability,20
gp_ei,1,8.48125,14.9125,40,34,permeability,20
gp_ei,2,5.24375,10.066666666666666,40,34,permeability,20
gp_ei,3,4.35,7.3725,40,34,permeability,20
gp_ei,4,3.34375,6.04,40,34,permeability,20
gp_greedy,1,9.48125,14.9125,40,34,permeability,20
gp_greedy,2,5.825,10.066666666666666,40,34,permeability,20
gp_greedy,3,4.69375,7.3725,40,34,permeability,20
gp_greedy,4,3.50625,6.04,40,34,permeability,20
gp_incumbent,1,8.927083333333332,14.9125,40,34,permeability,20
gp_incumbent,2,5.48125,10.066666666666666,40,34,permeability,20
gp_incumbent,3,4.46875,7.3725,40,34,permeability,20
gp_incumbent,4,3.3916666666666666,6.04,40,34,permeability,20
gp_only,1,9.11875,14.9125,40,34,permeability,20
gp_only,2,5.502083333333333,10.066666666666666,40,34,permeability,20
gp_only,3,4.539583333333334,7.3725,40,34,permeability,20
gp_only,4,3.5291666666666663,6.04,40,34,permeability,20
molecular_stats,1,10.789583333333333,14.9125,40,34,permeability,20
molecular_stats,2,6.991666666666667,10.066666666666666,40,34,permeability,20
molecular_stats,3,4.9625,7.3725,40,34,permeability,20
molecular_stats,4,4.354166666666666,6.04,40,34,permeability,20
molecule_mlp,1,11.847916666666666,14.9125,40,34,permeability,20
molecule_mlp,2,8.258333333333333,10.066666666666666,40,34,permeability,20
molecule_mlp,3,6.4875,7.3725,40,34,permeability,20
molecule_mlp,4,5.502083333333333,6.04,40,34,permeability,20
random,1,14.9125,14.9125,40,34,permeability,20
random,2,10.066666666666666,10.066666666666666,40,34,permeability,20
random,3,7.3725,7.3725,40,34,permeability,20
random,4,6.04,6.04,40,34,permeability,20
set_gp_only,1,10.275,14.9125,40,34,permeability,20
set_gp_only,2,7.175,10.066666666666666,40,34,permeability,20
set_gp_only,3,5.347916666666666,7.3725,40,34,permeability,20
set_gp_only,4,4.51875,6.04,40,34,permeability,20
set_transformer,1,9.835416666666667,14.9125,40,34,permeability,20
set_transformer,2,6.9375,10.066666666666666,40,34,permeability,20
set_transformer,3,5.258333333333334,7.3725,40,34,permeability,20
set_transformer,4,4.491666666666666,6.04,40,34,permeability,20
state_stats,1,9.225,14.9125,40,34,permeability,20
state_stats,2,5.685416666666667,10.066666666666666,40,34,permeability,20
state_stats,3,4.527083333333334,7.3725,40,34,permeability,20
state_stats,4,3.3895833333333334,6.04,40,34,permeability,20
compact_set,1,6.977564102564102,11.91025641025641,26,25,efflux,20
compact_set,2,4.362179487179487,7.855769230769231,26,25,efflux,20
compact_set,3,3.5352564102564106,6.065544871794872,26,25,efflux,20
compact_set,4,2.6666666666666665,4.901350732600733,26,25,efflux,20
cross_attention,1,7.471153846153846,11.91025641025641,26,25,efflux,20
cross_attention,2,4.826923076923077,7.855769230769231,26,25,efflux,20
cross_attention,3,3.724358974358974,6.065544871794872,26,25,efflux,20
cross_attention,4,2.9423076923076925,4.901350732600733,26,25,efflux,20
deep_sets,1,6.929487179487179,11.91025641025641,26,25,efflux,20
deep_sets,2,4.6410256410256405,7.855769230769231,26,25,efflux,20
deep_sets,3,3.3397435897435894,6.065544871794872,26,25,efflux,20
deep_sets,4,2.6634615384615383,4.901350732600733,26,25,efflux,20
delta_greedy,1,9.298076923076923,11.91025641025641,26,25,efflux,20
delta_greedy,2,7.086538461538462,7.855769230769231,26,25,efflux,20
delta_greedy,3,5.509615384615385,6.065544871794872,26,25,efflux,20
delta_greedy,4,4.038461538461538,4.901350732600733,26,25,efflux,20
gp_both,1,6.894230769230769,11.91025641025641,26,25,efflux,20
gp_both,2,4.30448717948718,7.855769230769231,26,25,efflux,20
gp_both,3,3.1891025641025643,6.065544871794872,26,25,efflux,20
gp_both,4,2.4262820512820515,4.901350732600733,26,25,efflux,20
gp_delta,1,6.916666666666667,11.91025641025641,26,25,efflux,20
gp_delta,2,4.166666666666666,7.855769230769231,26,25,efflux,20
gp_delta,3,3.301282051282051,6.065544871794872,26,25,efflux,20
gp_delta,4,2.6602564102564106,4.901350732600733,26,25,efflux,20
gp_ei,1,6.461538461538462,11.91025641025641,26,25,efflux,20
gp_ei,2,3.8846153846153846,7.855769230769231,26,25,efflux,20
gp_ei,3,3.2115384615384617,6.065544871794872,26,25,efflux,20
gp_ei,4,2.4903846153846154,4.901350732600733,26,25,efflux,20
gp_greedy,1,7.086538461538462,11.91025641025641,26,25,efflux,20
gp_greedy,2,4.644230769230769,7.855769230769231,26,25,efflux,20
gp_greedy,3,3.6346153846153846,6.065544871794872,26,25,efflux,20
gp_greedy,4,2.8365384615384617,4.901350732600733,26,25,efflux,20
gp_incumbent,1,6.032051282051283,11.91025641025641,26,25,efflux,20
gp_incumbent,2,4.0,7.855769230769231,26,25,efflux,20
gp_incumbent,3,3.080128205128205,6.065544871794872,26,25,efflux,20
gp_incumbent,4,2.4935897435897436,4.901350732600733,26,25,efflux,20
gp_only,1,6.298076923076923,11.91025641025641,26,25,efflux,20
gp_only,2,4.17948717948718,7.855769230769231,26,25,efflux,20
gp_only,3,3.3173076923076925,6.065544871794872,26,25,efflux,20
gp_only,4,2.573717948717949,4.901350732600733,26,25,efflux,20
molecular_stats,1,6.903846153846154,11.91025641025641,26,25,efflux,20
molecular_stats,2,4.08974358974359,7.855769230769231,26,25,efflux,20
molecular_stats,3,3.253205128205128,6.065544871794872,26,25,efflux,20
molecular_stats,4,2.6185897435897436,4.901350732600733,26,25,efflux,20
molecule_mlp,1,7.03525641025641,11.91025641025641,26,25,efflux,20
molecule_mlp,2,4.711538461538462,7.855769230769231,26,25,efflux,20
molecule_mlp,3,3.4166666666666665,6.065544871794872,26,25,efflux,20
molecule_mlp,4,2.701923076923077,4.901350732600733,26,25,efflux,20
random,1,11.91025641025641,11.91025641025641,26,25,efflux,20
random,2,7.855769230769231,7.855769230769231,26,25,efflux,20
random,3,6.065544871794872,6.065544871794872,26,25,efflux,20
random,4,4.901350732600733,4.901350732600733,26,25,efflux,20
set_gp_only,1,7.596153846153846,11.91025641025641,26,25,efflux,20
set_gp_only,2,5.195512820512821,7.855769230769231,26,25,efflux,20
set_gp_only,3,3.8653846153846154,6.065544871794872,26,25,efflux,20
set_gp_only,4,3.032051282051282,4.901350732600733,26,25,efflux,20
set_transformer,1,7.756410256410256,11.91025641025641,26,25,efflux,20
set_transformer,2,4.862179487179487,7.855769230769231,26,25,efflux,20
set_transformer,3,3.7724358974358974,6.065544871794872,26,25,efflux,20
set_transformer,4,2.9038461538461537,4.901350732600733,26,25,efflux,20
state_stats,1,6.759615384615385,11.91025641025641,26,25,efflux,20
state_stats,2,4.282051282051282,7.855769230769231,26,25,efflux,20
state_stats,3,3.2211538461538463,6.065544871794872,26,25,efflux,20
state_stats,4,2.628205128205128,4.901350732600733,26,25,efflux,20
compact_set,1,7.2247967479674795,13.163030118030116,205,129,all,25
compact_set,2,4.760569105691057,9.151160199330931,205,129,all,25
compact_set,3,3.794308943089431,7.176184220025683,205,129,all,25
compact_set,4,3.2426829268292683,5.978974356718259,205,129,all,25
cross_attention,1,7.725609756097561,13.163030118030116,205,129,all,25
cross_attention,2,5.388211382113821,9.151160199330931,205,129,all,25
cross_attention,3,4.226829268292683,7.176184220025683,205,129,all,25
cross_attention,4,3.6479674796747967,5.978974356718259,205,129,all,25
deep_sets,1,7.817886178861789,13.163030118030116,205,129,all,25
deep_sets,2,5.60040650406504,9.151160199330931,205,129,all,25
deep_sets,3,4.422357723577236,7.176184220025683,205,129,all,25
deep_sets,4,3.8410569105691055,5.978974356718259,205,129,all,25
delta_greedy,1,9.240243902439024,13.16303011803012,205,129,all,25
delta_greedy,2,6.132926829268293,9.151160199330931,205,129,all,25
delta_greedy,3,4.684146341463415,7.176184220025683,205,129,all,25
delta_greedy,4,3.728048780487805,5.978974356718259,205,129,all,25
gp_both,1,6.717073170731707,13.163030118030116,205,129,all,25
gp_both,2,4.538617886178861,9.151160199330931,205,129,all,25
gp_both,3,3.5203252032520322,7.176184220025683,205,129,all,25
gp_both,4,2.9154471544715443,5.978974356718259,205,129,all,25
gp_delta,1,6.721138211382113,13.163030118030116,205,129,all,25
gp_delta,2,4.488211382113821,9.151160199330931,205,129,all,25
gp_delta,3,3.450813008130081,7.176184220025683,205,129,all,25
gp_delta,4,2.895528455284553,5.978974356718259,205,129,all,25
gp_ei,1,6.413414634146341,13.16303011803012,205,129,all,25
gp_ei,2,4.259756097560976,9.151160199330931,205,129,all,25
gp_ei,3,3.2939024390243903,7.176184220025683,205,129,all,25
gp_ei,4,2.8317073170731706,5.978974356718259,205,129,all,25
gp_greedy,1,6.7926829268292686,13.16303011803012,205,129,all,25
gp_greedy,2,4.657317073170732,9.151160199330931,205,129,all,25
gp_greedy,3,3.6134146341463413,7.176184220025683,205,129,all,25
gp_greedy,4,3.0341463414634147,5.978974356718259,205,129,all,25
gp_incumbent,1,6.479674796747967,13.163030118030116,205,129,all,25
gp_incumbent,2,4.352845528455285,9.151160199330931,205,129,all,25
gp_incumbent,3,3.41260162601626,7.176184220025683,205,129,all,25
gp_incumbent,4,2.897560975609756,5.978974356718259,205,129,all,25
gp_only,1,6.613821138211382,13.163030118030116,205,129,all,25
gp_only,2,4.453658536585366,9.151160199330931,205,129,all,25
gp_only,3,3.4918699186991873,7.176184220025683,205,129,all,25
gp_only,4,2.973170731707317,5.978974356718259,205,129,all,25
molecular_stats,1,7.842276422764228,13.163030118030116,205,129,all,25
molecular_stats,2,5.525609756097561,9.151160199330931,205,129,all,25
molecular_stats,3,4.291056910569106,7.176184220025683,205,129,all,25
molecular_stats,4,3.7686991869918702,5.978974356718259,205,129,all,25
molecule_mlp,1,7.570731707317073,13.163030118030116,205,129,all,25
molecule_mlp,2,5.572764227642277,9.151160199330931,205,129,all,25
molecule_mlp,3,4.37520325203252,7.176184220025683,205,129,all,25
molecule_mlp,4,3.7069105691056907,5.978974356718259,205,129,all,25
random,1,13.16303011803012,13.16303011803012,205,129,all,25
random,2,9.151160199330931,9.151160199330931,205,129,all,25
random,3,7.176184220025683,7.176184220025683,205,129,all,25
random,4,5.978974356718259,5.978974356718259,205,129,all,25
set_gp_only,1,7.194715447154472,13.163030118030116,205,129,all,25
set_gp_only,2,5.2093495934959355,9.151160199330931,205,129,all,25
set_gp_only,3,3.952032520325203,7.176184220025683,205,129,all,25
set_gp_only,4,3.493089430894309,5.978974356718259,205,129,all,25
set_transformer,1,7.63780487804878,13.163030118030116,205,129,all,25
set_transformer,2,5.484146341463415,9.151160199330931,205,129,all,25
set_transformer,3,4.28130081300813,7.176184220025683,205,129,all,25
set_transformer,4,3.7,5.978974356718259,205,129,all,25
state_stats,1,6.8113821138211375,13.163030118030116,205,129,all,25
state_stats,2,4.546747967479675,9.151160199330931,205,129,all,25
state_stats,3,3.553252032520325,7.176184220025683,205,129,all,25
state_stats,4,2.9601626016260165,5.978974356718259,205,129,all,25
compact_set,1,5.840773809523809,11.36373072198965,112,71,microsomal_clearance,25
compact_set,2,4.126488095238096,8.172361674370602,112,71,microsomal_clearance,25
compact_set,3,3.2001488095238098,6.627055938439867,112,71,microsomal_clearance,25
compact_set,4,2.9516369047619047,5.62652938166331,112,71,microsomal_clearance,25
cross_attention,1,5.828125,11.36373072198965,112,71,microsomal_clearance,25
cross_attention,2,4.127232142857143,8.172361674370602,112,71,microsomal_clearance,25
cross_attention,3,3.1703869047619047,6.627055938439867,112,71,microsomal_clearance,25
cross_attention,4,2.8794642857142856,5.62652938166331,112,71,microsomal_clearance,25
deep_sets,1,6.555059523809524,11.36373072198965,112,71,microsomal_clearance,25
deep_sets,2,4.743303571428571,8.172361674370602,112,71,microsomal_clearance,25
deep_sets,3,3.7485119047619047,6.627055938439867,112,71,microsomal_clearance,25
deep_sets,4,3.380952380952381,5.62652938166331,112,71,microsomal_clearance,25
delta_greedy,1,7.53125,11.36373072198965,112,71,microsomal_clearance,25
delta_greedy,2,5.098214285714286,8.172361674370602,112,71,microsomal_clearance,25
delta_greedy,3,3.9575892857142856,6.627055938439867,112,71,microsomal_clearance,25
delta_greedy,4,3.154017857142857,5.62652938166331,112,71,microsomal_clearance,25
gp_both,1,5.528273809523809,11.36373072198965,112,71,microsomal_clearance,25
gp_both,2,4.0305059523809526,8.172361674370602,112,71,microsomal_clearance,25
gp_both,3,3.105654761904762,6.627055938439867,112,71,microsomal_clearance,25
gp_both,4,2.8095238095238098,5.62652938166331,112,71,microsomal_clearance,25
gp_delta,1,5.558779761904762,11.36373072198965,112,71,microsomal_clearance,25
gp_delta,2,4.0617559523809526,8.172361674370602,112,71,microsomal_clearance,25
gp_delta,3,3.095982142857143,6.627055938439867,112,71,microsomal_clearance,25
gp_delta,4,2.8110119047619047,5.62652938166331,112,71,microsomal_clearance,25
gp_ei,1,5.453125,11.36373072198965,112,71,microsomal_clearance,25
gp_ei,2,3.890625,8.172361674370602,112,71,microsomal_clearance,25
gp_ei,3,2.919642857142857,6.627055938439867,112,71,microsomal_clearance,25
gp_ei,4,2.705357142857143,5.62652938166331,112,71,microsomal_clearance,25
gp_greedy,1,5.444196428571429,11.36373072198965,112,71,microsomal_clearance,25
gp_greedy,2,3.9888392857142856,8.172361674370602,112,71,microsomal_clearance,25
gp_greedy,3,3.15625,6.627055938439867,112,71,microsomal_clearance,25
gp_greedy,4,2.8839285714285716,5.62652938166331,112,71,microsomal_clearance,25
gp_incumbent,1,5.580357142857143,11.36373072198965,112,71,microsomal_clearance,25
gp_incumbent,2,4.120535714285714,8.172361674370602,112,71,microsomal_clearance,25
gp_incumbent,3,3.205357142857143,6.627055938439867,112,71,microsomal_clearance,25
gp_incumbent,4,2.935267857142857,5.62652938166331,112,71,microsomal_clearance,25
gp_only,1,5.604910714285714,11.36373072198965,112,71,microsomal_clearance,25
gp_only,2,4.194940476190476,8.172361674370602,112,71,microsomal_clearance,25
gp_only,3,3.255208333333333,6.627055938439867,112,71,microsomal_clearance,25
gp_only,4,2.990327380952381,5.62652938166331,112,71,microsomal_clearance,25
molecular_stats,1,6.070684523809524,11.36373072198965,112,71,microsomal_clearance,25
molecular_stats,2,4.455357142857143,8.172361674370602,112,71,microsomal_clearance,25
molecular_stats,3,3.5267857142857144,6.627055938439867,112,71,microsomal_clearance,25
molecular_stats,4,3.226934523809524,5.62652938166331,112,71,microsomal_clearance,25
molecule_mlp,1,5.692708333333334,11.36373072198965,112,71,microsomal_clearance,25
molecule_mlp,2,4.190476190476191,8.172361674370602,112,71,microsomal_clearance,25
molecule_mlp,3,3.3132440476190474,6.627055938439867,112,71,microsomal_clearance,25
molecule_mlp,4,2.959077380952381,5.62652938166331,112,71,microsomal_clearance,25
random,1,11.36373072198965,11.36373072198965,112,71,microsomal_clearance,25
random,2,8.172361674370602,8.172361674370602,112,71,microsomal_clearance,25
random,3,6.627055938439867,6.627055938439867,112,71,microsomal_clearance,25
random,4,5.62652938166331,5.62652938166331,112,71,microsomal_clearance,25
set_gp_only,1,5.7127976190476195,11.36373072198965,112,71,microsomal_clearance,25
set_gp_only,2,4.247023809523809,8.172361674370602,112,71,microsomal_clearance,25
set_gp_only,3,3.2023809523809526,6.627055938439867,112,71,microsomal_clearance,25
set_gp_only,4,2.959077380952381,5.62652938166331,112,71,microsomal_clearance,25
set_transformer,1,6.166666666666666,11.36373072198965,112,71,microsomal_clearance,25
set_transformer,2,4.3898809523809526,8.172361674370602,112,71,microsomal_clearance,25
set_transformer,3,3.462797619047619,6.627055938439867,112,71,microsomal_clearance,25
set_transformer,4,3.1160714285714284,5.62652938166331,112,71,microsomal_clearance,25
state_stats,1,5.612351190476191,11.36373072198965,112,71,microsomal_clearance,25
state_stats,2,4.005952380952381,8.172361674370602,112,71,microsomal_clearance,25
state_stats,3,3.1607142857142856,6.627055938439867,112,71,microsomal_clearance,25
state_stats,4,2.84375,5.62652938166331,112,71,microsomal_clearance,25
compact_set,1,15.316666666666668,15.4,5,3,in_vivo_clearance,25
compact_set,2,11.566666666666666,10.266666666666666,5,3,in_vivo_clearance,25
compact_set,3,6.583333333333333,7.7,5,3,in_vivo_clearance,25
compact_set,4,4.816666666666666,5.886666666666666,5,3,in_vivo_clearance,25
cross_attention,1,17.716666666666665,15.4,5,3,in_vivo_clearance,25
cross_attention,2,13.083333333333332,10.266666666666666,5,3,in_vivo_clearance,25
cross_attention,3,8.166666666666666,7.7,5,3,in_vivo_clearance,25
cross_attention,4,6.9833333333333325,5.886666666666666,5,3,in_vivo_clearance,25
deep_sets,1,10.983333333333333,15.4,5,3,in_vivo_clearance,25
deep_sets,2,8.966666666666665,10.266666666666666,5,3,in_vivo_clearance,25
deep_sets,3,4.716666666666667,7.7,5,3,in_vivo_clearance,25
deep_sets,4,4.05,5.886666666666666,5,3,in_vivo_clearance,25
delta_greedy,1,13.75,15.4,5,3,in_vivo_clearance,25
delta_greedy,2,11.05,10.266666666666666,5,3,in_vivo_clearance,25
delta_greedy,3,4.75,7.7,5,3,in_vivo_clearance,25
delta_greedy,4,4.05,5.886666666666667,5,3,in_vivo_clearance,25
gp_both,1,13.98333333333333,15.4,5,3,in_vivo_clearance,25
gp_both,2,10.116666666666667,10.266666666666666,5,3,in_vivo_clearance,25
gp_both,3,6.15,7.7,5,3,in_vivo_clearance,25
gp_both,4,5.166666666666666,5.886666666666666,5,3,in_vivo_clearance,25
gp_delta,1,11.316666666666666,15.4,5,3,in_vivo_clearance,25
gp_delta,2,7.05,10.266666666666666,5,3,in_vivo_clearance,25
gp_delta,3,4.783333333333333,7.7,5,3,in_vivo_clearance,25
gp_delta,4,4.283333333333333,5.886666666666666,5,3,in_vivo_clearance,25
gp_ei,1,10.75,15.4,5,3,in_vivo_clearance,25
gp_ei,2,8.8,10.266666666666666,5,3,in_vivo_clearance,25
gp_ei,3,5.75,7.7,5,3,in_vivo_clearance,25
gp_ei,4,5.2,5.886666666666667,5,3,in_vivo_clearance,25
gp_greedy,1,13.8,15.4,5,3,in_vivo_clearance,25
gp_greedy,2,10.1,10.266666666666666,5,3,in_vivo_clearance,25
gp_greedy,3,5.6,7.7,5,3,in_vivo_clearance,25
gp_greedy,4,4.5,5.886666666666667,5,3,in_vivo_clearance,25
gp_incumbent,1,11.733333333333334,15.4,5,3,in_vivo_clearance,25
gp_incumbent,2,6.8,10.266666666666666,5,3,in_vivo_clearance,25
gp_incumbent,3,5.5,7.7,5,3,in_vivo_clearance,25
gp_incumbent,4,4.283333333333333,5.886666666666666,5,3,in_vivo_clearance,25
gp_only,1,10.766666666666666,15.4,5,3,in_vivo_clearance,25
gp_only,2,6.95,10.266666666666666,5,3,in_vivo_clearance,25
gp_only,3,4.9,7.7,5,3,in_vivo_clearance,25
gp_only,4,4.45,5.886666666666666,5,3,in_vivo_clearance,25
molecular_stats,1,17.0,15.4,5,3,in_vivo_clearance,25
molecular_stats,2,16.066666666666666,10.266666666666666,5,3,in_vivo_clearance,25
molecular_stats,3,10.616666666666665,7.7,5,3,in_vivo_clearance,25
molecular_stats,4,8.933333333333334,5.886666666666666,5,3,in_vivo_clearance,25
molecule_mlp,1,16.05,15.4,5,3,in_vivo_clearance,25
molecule_mlp,2,15.133333333333331,10.266666666666666,5,3,in_vivo_clearance,25
molecule_mlp,3,9.15,7.7,5,3,in_vivo_clearance,25
molecule_mlp,4,7.0666666666666655,5.886666666666666,5,3,in_vivo_clearance,25
random,1,15.4,15.4,5,3,in_vivo_clearance,25
random,2,10.266666666666666,10.266666666666666,5,3,in_vivo_clearance,25
random,3,7.7,7.7,5,3,in_vivo_clearance,25
random,4,5.886666666666667,5.886666666666667,5,3,in_vivo_clearance,25
set_gp_only,1,10.333333333333334,15.4,5,3,in_vivo_clearance,25
set_gp_only,2,7.5,10.266666666666666,5,3,in_vivo_clearance,25
set_gp_only,3,4.433333333333333,7.7,5,3,in_vivo_clearance,25
set_gp_only,4,3.2833333333333337,5.886666666666666,5,3,in_vivo_clearance,25
set_transformer,1,13.116666666666665,15.4,5,3,in_vivo_clearance,25
set_transformer,2,10.7,10.266666666666666,5,3,in_vivo_clearance,25
set_transformer,3,4.333333333333334,7.7,5,3,in_vivo_clearance,25
set_transformer,4,3.0666666666666664,5.886666666666666,5,3,in_vivo_clearance,25
state_stats,1,15.783333333333331,15.4,5,3,in_vivo_clearance,25
state_stats,2,11.333333333333332,10.266666666666666,5,3,in_vivo_clearance,25
state_stats,3,7.0,7.7,5,3,in_vivo_clearance,25
state_stats,4,5.65,5.886666666666666,5,3,in_vivo_clearance,25
compact_set,1,5.638888888888888,18.266666666666666,15,11,protein_binding,25
compact_set,2,3.783333333333333,11.822222222222223,15,11,protein_binding,25
compact_set,3,3.1,9.023333333333333,15,11,protein_binding,25
compact_set,4,2.683333333333333,7.306666666666667,15,11,protein_binding,25
cross_attention,1,8.377777777777778,18.266666666666666,15,11,protein_binding,25
cross_attention,2,5.072222222222222,11.822222222222223,15,11,protein_binding,25
cross_attention,3,3.894444444444445,9.023333333333333,15,11,protein_binding,25
cross_attention,4,3.716666666666667,7.306666666666667,15,11,protein_binding,25
deep_sets,1,8.655555555555557,18.266666666666666,15,11,protein_binding,25
deep_sets,2,5.161111111111111,11.822222222222223,15,11,protein_binding,25
deep_sets,3,4.85,9.023333333333333,15,11,protein_binding,25
deep_sets,4,4.483333333333333,7.306666666666667,15,11,protein_binding,25
delta_greedy,1,8.483333333333333,18.266666666666666,15,11,protein_binding,25
delta_greedy,2,5.2,11.822222222222223,15,11,protein_binding,25
delta_greedy,3,3.716666666666667,9.023333333333333,15,11,protein_binding,25
delta_greedy,4,3.1,7.306666666666667,15,11,protein_binding,25
gp_both,1,5.322222222222222,18.266666666666666,15,11,protein_binding,25
gp_both,2,3.0777777777777775,11.822222222222223,15,11,protein_binding,25
gp_both,3,2.561111111111111,9.023333333333333,15,11,protein_binding,25
gp_both,4,2.3833333333333333,7.306666666666667,15,11,protein_binding,25
gp_delta,1,5.522222222222222,18.266666666666666,15,11,protein_binding,25
gp_delta,2,3.1666666666666665,11.822222222222223,15,11,protein_binding,25
gp_delta,3,2.6333333333333333,9.023333333333333,15,11,protein_binding,25
gp_delta,4,2.45,7.306666666666667,15,11,protein_binding,25
gp_ei,1,5.1,18.266666666666666,15,11,protein_binding,25
gp_ei,2,2.6333333333333333,11.822222222222223,15,11,protein_binding,25
gp_ei,3,1.8,9.023333333333333,15,11,protein_binding,25
gp_ei,4,1.7333333333333334,7.306666666666667,15,11,protein_binding,25
gp_greedy,1,5.533333333333333,18.266666666666666,15,11,protein_binding,25
gp_greedy,2,3.3,11.822222222222223,15,11,protein_binding,25
gp_greedy,3,2.6166666666666667,9.023333333333333,15,11,protein_binding,25
gp_greedy,4,2.3666666666666667,7.306666666666667,15,11,protein_binding,25
gp_incumbent,1,5.455555555555555,18.266666666666666,15,11,protein_binding,25
gp_incumbent,2,3.0111111111111115,11.822222222222223,15,11,protein_binding,25
gp_incumbent,3,2.138888888888889,9.023333333333333,15,11,protein_binding,25
gp_incumbent,4,2.022222222222222,7.306666666666667,15,11,protein_binding,25
gp_only,1,5.98888888888889,18.266666666666666,15,11,protein_binding,25
gp_only,2,3.1777777777777776,11.822222222222223,15,11,protein_binding,25
gp_only,3,2.338888888888889,9.023333333333333,15,11,protein_binding,25
gp_only,4,2.138888888888889,7.306666666666667,15,11,protein_binding,25
molecular_stats,1,7.616666666666666,18.266666666666666,15,11,protein_binding,25
molecular_stats,2,4.316666666666666,11.822222222222223,15,11,protein_binding,25
molecular_stats,3,3.661111111111111,9.023333333333333,15,11,protein_binding,25
molecular_stats,4,3.4555555555555557,7.306666666666667,15,11,protein_binding,25
molecule_mlp,1,7.494444444444444,18.266666666666666,15,11,protein_binding,25
molecule_mlp,2,5.305555555555555,11.822222222222223,15,11,protein_binding,25
molecule_mlp,3,4.511111111111111,9.023333333333333,15,11,protein_binding,25
molecule_mlp,4,4.027777777777778,7.306666666666667,15,11,protein_binding,25
random,1,18.266666666666666,18.266666666666666,15,11,protein_binding,25
random,2,11.822222222222223,11.822222222222223,15,11,protein_binding,25
random,3,9.023333333333333,9.023333333333333,15,11,protein_binding,25
random,4,7.306666666666667,7.306666666666667,15,11,protein_binding,25
set_gp_only,1,6.28888888888889,18.266666666666666,15,11,protein_binding,25
set_gp_only,2,4.466666666666667,11.822222222222223,15,11,protein_binding,25
set_gp_only,3,3.4777777777777774,9.023333333333333,15,11,protein_binding,25
set_gp_only,4,3.355555555555555,7.306666666666667,15,11,protein_binding,25
set_transformer,1,7.888888888888889,18.266666666666666,15,11,protein_binding,25
set_transformer,2,4.744444444444444,11.822222222222223,15,11,protein_binding,25
set_transformer,3,4.288888888888889,9.023333333333333,15,11,protein_binding,25
set_transformer,4,3.966666666666667,7.306666666666667,15,11,protein_binding,25
state_stats,1,5.527777777777778,18.266666666666666,15,11,protein_binding,25
state_stats,2,3.438888888888889,11.822222222222223,15,11,protein_binding,25
state_stats,3,2.8222222222222224,9.023333333333333,15,11,protein_binding,25
state_stats,4,2.6722222222222225,7.306666666666667,15,11,protein_binding,25
compact_set,1,7.3252688172043,13.376881720430108,31,24,cellular_clearance,25
compact_set,2,4.975806451612903,9.465591397849462,31,24,cellular_clearance,25
compact_set,3,4.532258064516129,7.318817204301075,31,24,cellular_clearance,25
compact_set,4,3.948924731182796,6.169354838709677,31,24,cellular_clearance,25
cross_attention,1,8.255376344086022,13.376881720430108,31,24,cellular_clearance,25
cross_attention,2,6.443548387096774,9.465591397849462,31,24,cellular_clearance,25
cross_attention,3,5.526881720430108,7.318817204301075,31,24,cellular_clearance,25
cross_attention,4,4.365591397849463,6.169354838709677,31,24,cellular_clearance,25
deep_sets,1,8.185483870967742,13.376881720430108,31,24,cellular_clearance,25
deep_sets,2,6.631720430107527,9.465591397849462,31,24,cellular_clearance,25
deep_sets,3,5.309139784946237,7.318817204301075,31,24,cellular_clearance,25
deep_sets,4,4.28763440860215,6.169354838709677,31,24,cellular_clearance,25
delta_greedy,1,8.516129032258064,13.376881720430108,31,24,cellular_clearance,25
delta_greedy,2,6.048387096774194,9.465591397849462,31,24,cellular_clearance,25
delta_greedy,3,3.7338709677419355,7.318817204301075,31,24,cellular_clearance,25
delta_greedy,4,3.088709677419355,6.169354838709677,31,24,cellular_clearance,25
gp_both,1,6.793010752688172,13.376881720430108,31,24,cellular_clearance,25
gp_both,2,5.244623655913979,9.465591397849462,31,24,cellular_clearance,25
gp_both,3,4.260752688172043,7.318817204301075,31,24,cellular_clearance,25
gp_both,4,3.204301075268817,6.169354838709677,31,24,cellular_clearance,25
gp_delta,1,6.994623655913979,13.376881720430108,31,24,cellular_clearance,25
gp_delta,2,5.153225806451613,9.465591397849462,31,24,cellular_clearance,25
gp_delta,3,3.973118279569892,7.318817204301075,31,24,cellular_clearance,25
gp_delta,4,2.997311827956989,6.169354838709677,31,24,cellular_clearance,25
gp_ei,1,6.798387096774194,13.376881720430108,31,24,cellular_clearance,25
gp_ei,2,4.879032258064516,9.465591397849462,31,24,cellular_clearance,25
gp_ei,3,4.185483870967742,7.318817204301075,31,24,cellular_clearance,25
gp_ei,4,3.3629032258064515,6.169354838709677,31,24,cellular_clearance,25
gp_greedy,1,7.064516129032258,13.376881720430108,31,24,cellular_clearance,25
gp_greedy,2,5.629032258064516,9.465591397849462,31,24,cellular_clearance,25
gp_greedy,3,4.717741935483871,7.318817204301075,31,24,cellular_clearance,25
gp_greedy,4,3.5725806451612905,6.169354838709677,31,24,cellular_clearance,25
gp_incumbent,1,6.478494623655914,13.376881720430108,31,24,cellular_clearance,25
gp_incumbent,2,4.693548387096774,9.465591397849462,31,24,cellular_clearance,25
gp_incumbent,3,4.07258064516129,7.318817204301075,31,24,cellular_clearance,25
gp_incumbent,4,3.1397849462365595,6.169354838709677,31,24,cellular_clearance,25
gp_only,1,6.626344086021505,13.376881720430108,31,24,cellular_clearance,25
gp_only,2,4.849462365591398,9.465591397849462,31,24,cellular_clearance,25
gp_only,3,4.115591397849463,7.318817204301075,31,24,cellular_clearance,25
gp_only,4,3.102150537634409,6.169354838709677,31,24,cellular_clearance,25
molecular_stats,1,8.64784946236559,13.376881720430108,31,24,cellular_clearance,25
molecular_stats,2,6.973118279569892,9.465591397849462,31,24,cellular_clearance,25
molecular_stats,3,5.779569892473118,7.318817204301075,31,24,cellular_clearance,25
molecular_stats,4,4.817204301075269,6.169354838709677,31,24,cellular_clearance,25
molecule_mlp,1,7.494623655913979,13.376881720430108,31,24,cellular_clearance,25
molecule_mlp,2,5.728494623655914,9.465591397849462,31,24,cellular_clearance,25
molecule_mlp,3,4.779569892473118,7.318817204301075,31,24,cellular_clearance,25
molecule_mlp,4,3.6774193548387095,6.169354838709677,31,24,cellular_clearance,25
random,1,13.376881720430108,13.376881720430108,31,24,cellular_clearance,25
random,2,9.465591397849462,9.465591397849462,31,24,cellular_clearance,25
random,3,7.318817204301075,7.318817204301075,31,24,cellular_clearance,25
random,4,6.169354838709677,6.169354838709677,31,24,cellular_clearance,25
set_gp_only,1,7.260752688172043,13.376881720430108,31,24,cellular_clearance,25
set_gp_only,2,5.706989247311828,9.465591397849462,31,24,cellular_clearance,25
set_gp_only,3,4.776881720430108,7.318817204301075,31,24,cellular_clearance,25
set_gp_only,4,4.266129032258065,6.169354838709677,31,24,cellular_clearance,25
set_transformer,1,7.978494623655914,13.376881720430108,31,24,cellular_clearance,25
set_transformer,2,6.693548387096774,9.465591397849462,31,24,cellular_clearance,25
set_transformer,3,5.709677419354839,7.318817204301075,31,24,cellular_clearance,25
set_transformer,4,4.948924731182795,6.169354838709677,31,24,cellular_clearance,25
state_stats,1,6.78494623655914,13.376881720430108,31,24,cellular_clearance,25
state_stats,2,5.053763440860215,9.465591397849462,31,24,cellular_clearance,25
state_stats,3,4.147849462365592,7.318817204301075,31,24,cellular_clearance,25
state_stats,4,3.134408602150538,6.169354838709677,31,24,cellular_clearance,25
compact_set,1,12.454861111111112,17.84722222222222,24,21,permeability,25
compact_set,2,6.854166666666667,12.013888888888891,24,21,permeability,25
compact_set,3,5.725694444444444,8.893749999999999,24,21,permeability,25
compact_set,4,4.364583333333333,7.208333333333333,24,21,permeability,25
cross_attention,1,13.166666666666666,17.84722222222222,24,21,permeability,25
cross_attention,2,8.92361111111111,12.013888888888891,24,21,permeability,25
cross_attention,3,7.388888888888889,8.893749999999999,24,21,permeability,25
cross_attention,4,6.298611111111111,7.208333333333333,24,21,permeability,25
deep_sets,1,12.333333333333334,17.84722222222222,24,21,permeability,25
deep_sets,2,8.586805555555555,12.013888888888891,24,21,permeability,25
deep_sets,3,7.114583333333333,8.893749999999999,24,21,permeability,25
deep_sets,4,6.222222222222222,7.208333333333333,24,21,permeability,25
delta_greedy,1,16.385416666666668,17.84722222222222,24,21,permeability,25
delta_greedy,2,9.395833333333334,12.013888888888891,24,21,permeability,25
delta_greedy,3,8.770833333333334,8.893749999999999,24,21,permeability,25
delta_greedy,4,7.302083333333333,7.208333333333333,24,21,permeability,25
gp_both,1,11.0,17.84722222222222,24,21,permeability,25
gp_both,2,6.034722222222222,12.013888888888891,24,21,permeability,25
gp_both,3,4.805555555555555,8.893749999999999,24,21,permeability,25
gp_both,4,3.4444444444444446,7.208333333333333,24,21,permeability,25
gp_delta,1,10.802083333333334,17.84722222222222,24,21,permeability,25
gp_delta,2,6.097222222222222,12.013888888888891,24,21,permeability,25
gp_delta,3,4.784722222222222,8.893749999999999,24,21,permeability,25
gp_delta,4,3.465277777777778,7.208333333333333,24,21,permeability,25
gp_ei,1,9.541666666666666,17.84722222222222,24,21,permeability,25
gp_ei,2,5.239583333333333,12.013888888888891,24,21,permeability,25
gp_ei,3,4.21875,8.893749999999999,24,21,permeability,25
gp_ei,4,3.21875,7.208333333333333,24,21,permeability,25
gp_greedy,1,11.052083333333334,17.84722222222222,24,21,permeability,25
gp_greedy,2,5.875,12.013888888888891,24,21,permeability,25
gp_greedy,3,4.479166666666667,8.893749999999999,24,21,permeability,25
gp_greedy,4,3.3125,7.208333333333333,24,21,permeability,25
gp_incumbent,1,10.055555555555555,17.84722222222222,24,21,permeability,25
gp_incumbent,2,5.409722222222222,12.013888888888891,24,21,permeability,25
gp_incumbent,3,4.125,8.893749999999999,24,21,permeability,25
gp_incumbent,4,3.079861111111111,7.208333333333333,24,21,permeability,25
gp_only,1,10.534722222222221,17.84722222222222,24,21,permeability,25
gp_only,2,5.451388888888889,12.013888888888891,24,21,permeability,25
gp_only,3,4.302083333333333,8.893749999999999,24,21,permeability,25
gp_only,4,3.2881944444444446,7.208333333333333,24,21,permeability,25
molecular_stats,1,13.420138888888888,17.84722222222222,24,21,permeability,25
molecular_stats,2,8.256944444444445,12.013888888888891,24,21,permeability,25
molecular_stats,3,5.902777777777778,8.893749999999999,24,21,permeability,25
molecular_stats,4,5.142361111111112,7.208333333333333,24,21,permeability,25
molecule_mlp,1,14.947916666666666,17.84722222222222,24,21,permeability,25
molecule_mlp,2,10.8125,12.013888888888891,24,21,permeability,25
molecule_mlp,3,8.652777777777777,8.893749999999999,24,21,permeability,25
molecule_mlp,4,7.340277777777778,7.208333333333333,24,21,permeability,25
random,1,17.84722222222222,17.84722222222222,24,21,permeability,25
random,2,12.013888888888891,12.013888888888891,24,21,permeability,25
random,3,8.893749999999999,8.893749999999999,24,21,permeability,25
random,4,7.208333333333333,7.208333333333333,24,21,permeability,25
set_gp_only,1,12.920138888888888,17.84722222222222,24,21,permeability,25
set_gp_only,2,8.756944444444445,12.013888888888891,24,21,permeability,25
set_gp_only,3,6.552083333333333,8.893749999999999,24,21,permeability,25
set_gp_only,4,5.475694444444444,7.208333333333333,24,21,permeability,25
set_transformer,1,12.256944444444445,17.84722222222222,24,21,permeability,25
set_transformer,2,8.822916666666666,12.013888888888891,24,21,permeability,25
set_transformer,3,6.732638888888889,8.893749999999999,24,21,permeability,25
set_transformer,4,5.621527777777778,7.208333333333333,24,21,permeability,25
state_stats,1,10.913194444444445,17.84722222222222,24,21,permeability,25
state_stats,2,5.885416666666667,12.013888888888891,24,21,permeability,25
state_stats,3,4.541666666666667,8.893749999999999,24,21,permeability,25
state_stats,4,3.2083333333333335,7.208333333333333,24,21,permeability,25
compact_set,1,7.763888888888889,12.87037037037037,18,18,efflux,25
compact_set,2,4.467592592592593,8.347222222222221,18,18,efflux,25
compact_set,3,3.4490740740740744,6.3724537037037035,18,18,efflux,25
compact_set,4,2.3703703703703702,5.124173280423281,18,18,efflux,25
cross_attention,1,8.046296296296298,12.87037037037037,18,18,efflux,25
cross_attention,2,4.828703703703704,8.347222222222221,18,18,efflux,25
cross_attention,3,3.5277777777777777,6.3724537037037035,18,18,efflux,25
cross_attention,4,2.6759259259259256,5.124173280423281,18,18,efflux,25
deep_sets,1,7.444444444444445,12.87037037037037,18,18,efflux,25
deep_sets,2,4.606481481481481,8.347222222222221,18,18,efflux,25
deep_sets,3,3.060185185185185,6.3724537037037035,18,18,efflux,25
deep_sets,4,2.1666666666666665,5.124173280423281,18,18,efflux,25
delta_greedy,1,10.972222222222221,12.87037037037037,18,18,efflux,25
delta_greedy,2,7.777777777777778,8.347222222222221,18,18,efflux,25
delta_greedy,3,6.180555555555555,6.3724537037037035,18,18,efflux,25
delta_greedy,4,4.069444444444445,5.124173280423281,18,18,efflux,25
gp_both,1,7.416666666666667,12.87037037037037,18,18,efflux,25
gp_both,2,4.157407407407407,8.347222222222221,18,18,efflux,25
gp_both,3,3.1805555555555554,6.3724537037037035,18,18,efflux,25
gp_both,4,2.189814814814815,5.124173280423281,18,18,efflux,25
gp_delta,1,7.763888888888889,12.87037037037037,18,18,efflux,25
gp_delta,2,4.2407407407407405,8.347222222222221,18,18,efflux,25
gp_delta,3,3.2916666666666665,6.3724537037037035,18,18,efflux,25
gp_delta,4,2.4722222222222223,5.124173280423281,18,18,efflux,25
gp_ei,1,7.444444444444445,12.87037037037037,18,18,efflux,25
gp_ei,2,4.277777777777778,8.347222222222221,18,18,efflux,25
gp_ei,3,3.4166666666666665,6.3724537037037035,18,18,efflux,25
gp_ei,4,2.4444444444444446,5.124173280423281,18,18,efflux,25
gp_greedy,1,8.13888888888889,12.87037037037037,18,18,efflux,25
gp_greedy,2,5.138888888888889,8.347222222222221,18,18,efflux,25
gp_greedy,3,3.6805555555555554,6.3724537037037035,18,18,efflux,25
gp_greedy,4,2.8194444444444446,5.124173280423281,18,18,efflux,25
gp_incumbent,1,6.703703703703704,12.87037037037037,18,18,efflux,25
gp_incumbent,2,4.240740740740741,8.347222222222221,18,18,efflux,25
gp_incumbent,3,3.0972222222222223,6.3724537037037035,18,18,efflux,25
gp_incumbent,4,2.3472222222222223,5.124173280423281,18,18,efflux,25
gp_only,1,7.0092592592592595,12.87037037037037,18,18,efflux,25
gp_only,2,4.421296296296296,8.347222222222221,18,18,efflux,25
gp_only,3,3.3796296296296298,6.3724537037037035,18,18,efflux,25
gp_only,4,2.509259259259259,5.124173280423281,18,18,efflux,25
molecular_stats,1,7.685185185185186,12.87037037037037,18,18,efflux,25
molecular_stats,2,4.12962962962963,8.347222222222221,18,18,efflux,25
molecular_stats,3,3.101851851851852,6.3724537037037035,18,18,efflux,25
molecular_stats,4,2.328703703703704,5.124173280423281,18,18,efflux,25
molecule_mlp,1,7.259259259259259,12.87037037037037,18,18,efflux,25
molecule_mlp,2,4.486111111111111,8.347222222222221,18,18,efflux,25
molecule_mlp,3,3.1435185185185186,6.3724537037037035,18,18,efflux,25
molecule_mlp,4,2.365740740740741,5.124173280423281,18,18,efflux,25
random,1,12.87037037037037,12.87037037037037,18,18,efflux,25
random,2,8.347222222222221,8.347222222222221,18,18,efflux,25
random,3,6.3724537037037035,6.3724537037037035,18,18,efflux,25
random,4,5.124173280423281,5.124173280423281,18,18,efflux,25
set_gp_only,1,8.550925925925926,12.87037037037037,18,18,efflux,25
set_gp_only,2,5.592592592592593,8.347222222222221,18,18,efflux,25
set_gp_only,3,3.9907407407407405,6.3724537037037035,18,18,efflux,25
set_gp_only,4,3.013888888888889,5.124173280423281,18,18,efflux,25
set_transformer,1,8.314814814814815,12.87037037037037,18,18,efflux,25
set_transformer,2,4.9259259259259265,8.347222222222221,18,18,efflux,25
set_transformer,3,3.625,6.3724537037037035,18,18,efflux,25
set_transformer,4,2.5740740740740744,5.124173280423281,18,18,efflux,25
state_stats,1,7.425925925925926,12.87037037037037,18,18,efflux,25
state_stats,2,4.291666666666667,8.347222222222221,18,18,efflux,25
state_stats,3,3.3055555555555554,6.3724537037037035,18,18,efflux,25
state_stats,4,2.5462962962962963,5.124173280423281,18,18,efflux,25
compact_set,1,6.820138888888889,14.717696623592456,120,76,all,30
compact_set,2,4.774305555555555,10.34477995692579,120,76,all,30
compact_set,3,3.7652777777777775,8.215966825612659,120,76,all,30
compact_set,4,3.3965277777777776,6.855316642462475,120,76,all,30
cross_attention,1,7.610416666666667,14.717696623592456,120,76,all,30
cross_attention,2,5.58125,10.34477995692579,120,76,all,30
cross_attention,3,4.340277777777778,8.215966825612659,120,76,all,30
cross_attention,4,3.8597222222222225,6.855316642462475,120,76,all,30
deep_sets,1,8.154166666666667,14.717696623592456,120,76,all,30
deep_sets,2,6.074305555555555,10.34477995692579,120,76,all,30
deep_sets,3,4.71875,8.215966825612659,120,76,all,30
deep_sets,4,4.166666666666667,6.855316642462475,120,76,all,30
delta_greedy,1,8.875,14.717696623592456,120,76,all,30
delta_greedy,2,5.883333333333334,10.34477995692579,120,76,all,30
delta_greedy,3,4.46875,8.215966825612659,120,76,all,30
delta_greedy,4,3.745833333333333,6.855316642462475,120,76,all,30
gp_both,1,6.15625,14.717696623592456,120,76,all,30
gp_both,2,4.378472222222222,10.34477995692579,120,76,all,30
gp_both,3,3.3604166666666666,8.215966825612659,120,76,all,30
gp_both,4,2.841666666666667,6.855316642462475,120,76,all,30
gp_delta,1,6.36875,14.717696623592456,120,76,all,30
gp_delta,2,4.511805555555555,10.34477995692579,120,76,all,30
gp_delta,3,3.3590277777777775,8.215966825612659,120,76,all,30
gp_delta,4,2.8215277777777774,6.855316642462475,120,76,all,30
gp_ei,1,6.464583333333334,14.717696623592456,120,76,all,30
gp_ei,2,4.458333333333333,10.34477995692579,120,76,all,30
gp_ei,3,3.41875,8.215966825612659,120,76,all,30
gp_ei,4,2.972916666666667,6.855316642462475,120,76,all,30
gp_greedy,1,6.3875,14.717696623592456,120,76,all,30
gp_greedy,2,4.525,10.34477995692579,120,76,all,30
gp_greedy,3,3.3916666666666666,8.215966825612659,120,76,all,30
gp_greedy,4,2.85,6.855316642462475,120,76,all,30
gp_incumbent,1,6.384027777777778,14.717696623592456,120,76,all,30
gp_incumbent,2,4.496527777777778,10.34477995692579,120,76,all,30
gp_incumbent,3,3.493055555555556,8.215966825612659,120,76,all,30
gp_incumbent,4,2.966666666666667,6.855316642462475,120,76,all,30
gp_only,1,6.472222222222222,14.717696623592456,120,76,all,30
gp_only,2,4.648611111111111,10.34477995692579,120,76,all,30
gp_only,3,3.548611111111111,8.215966825612659,120,76,all,30
gp_only,4,3.0347222222222223,6.855316642462475,120,76,all,30
molecular_stats,1,7.572222222222222,14.717696623592456,120,76,all,30
molecular_stats,2,5.529861111111112,10.34477995692579,120,76,all,30
molecular_stats,3,4.241666666666666,8.215966825612659,120,76,all,30
molecular_stats,4,3.861111111111111,6.855316642462475,120,76,all,30
molecule_mlp,1,7.096527777777778,14.717696623592456,120,76,all,30
molecule_mlp,2,5.401388888888889,10.34477995692579,120,76,all,30
molecule_mlp,3,4.217361111111111,8.215966825612659,120,76,all,30
molecule_mlp,4,3.631944444444444,6.855316642462475,120,76,all,30
random,1,14.717696623592456,14.717696623592456,120,76,all,30
random,2,10.34477995692579,10.34477995692579,120,76,all,30
random,3,8.215966825612659,8.215966825612659,120,76,all,30
random,4,6.855316642462475,6.855316642462475,120,76,all,30
set_gp_only,1,6.786111111111111,14.717696623592456,120,76,all,30
set_gp_only,2,5.356944444444445,10.34477995692579,120,76,all,30
set_gp_only,3,3.9,8.215966825612659,120,76,all,30
set_gp_only,4,3.6027777777777774,6.855316642462475,120,76,all,30
set_transformer,1,7.547916666666667,14.717696623592456,120,76,all,30
set_transformer,2,5.554166666666666,10.34477995692579,120,76,all,30
set_transformer,3,4.3694444444444445,8.215966825612659,120,76,all,30
set_transformer,4,3.868055555555556,6.855316642462475,120,76,all,30
state_stats,1,6.413194444444445,14.717696623592456,120,76,all,30
state_stats,2,4.495138888888889,10.34477995692579,120,76,all,30
state_stats,3,3.497916666666667,8.215966825612659,120,76,all,30
state_stats,4,2.932638888888889,6.855316642462475,120,76,all,30
compact_set,1,5.732394366197183,12.813712603254857,71,45,microsomal_clearance,30
compact_set,2,4.125586854460094,9.32310227461636,71,45,microsomal_clearance,30
compact_set,3,2.8943661971830985,7.542009658312475,71,45,microsomal_clearance,30
compact_set,4,2.73943661971831,6.439066357481851,71,45,microsomal_clearance,30
cross_attention,1,5.488262910798122,12.813712603254857,71,45,microsomal_clearance,30
cross_attention,2,4.190140845070423,9.32310227461636,71,45,microsomal_clearance,30
cross_attention,3,2.8838028169014085,7.542009658312475,71,45,microsomal_clearance,30
cross_attention,4,2.619718309859155,6.439066357481851,71,45,microsomal_clearance,30
deep_sets,1,6.764084507042254,12.813712603254857,71,45,microsomal_clearance,30
deep_sets,2,5.005868544600939,9.32310227461636,71,45,microsomal_clearance,30
deep_sets,3,3.69131455399061,7.542009658312475,71,45,microsomal_clearance,30
deep_sets,4,3.2922535211267605,6.439066357481851,71,45,microsomal_clearance,30
delta_greedy,1,7.461267605633803,12.813712603254857,71,45,microsomal_clearance,30
delta_greedy,2,4.929577464788732,9.32310227461636,71,45,microsomal_clearance,30
delta_greedy,3,3.823943661971831,7.542009658312475,71,45,microsomal_clearance,30
delta_greedy,4,3.0316901408450705,6.439066357481851,71,45,microsomal_clearance,30
gp_both,1,5.289906103286385,12.813712603254857,71,45,microsomal_clearance,30
gp_both,2,3.8028169014084505,9.32310227461636,71,45,microsomal_clearance,30
gp_both,3,2.631455399061033,7.542009658312475,71,45,microsomal_clearance,30
gp_both,4,2.4178403755868545,6.439066357481851,71,45,microsomal_clearance,30
gp_delta,1,5.438967136150235,12.813712603254857,71,45,microsomal_clearance,30
gp_delta,2,3.9377934272300466,9.32310227461636,71,45,microsomal_clearance,30
gp_delta,3,2.6502347417840375,7.542009658312475,71,45,microsomal_clearance,30
gp_delta,4,2.424882629107981,6.439066357481851,71,45,microsomal_clearance,30
gp_ei,1,5.693661971830986,12.813712603254857,71,45,microsomal_clearance,30
gp_ei,2,3.9859154929577465,9.32310227461636,71,45,microsomal_clearance,30
gp_ei,3,2.788732394366197,7.542009658312475,71,45,microsomal_clearance,30
gp_ei,4,2.6232394366197185,6.439066357481851,71,45,microsomal_clearance,30
gp_greedy,1,5.292253521126761,12.813712603254857,71,45,microsomal_clearance,30
gp_greedy,2,3.897887323943662,9.32310227461636,71,45,microsomal_clearance,30
gp_greedy,3,2.7253521126760565,7.542009658312475,71,45,microsomal_clearance,30
gp_greedy,4,2.48943661971831,6.439066357481851,71,45,microsomal_clearance,30
gp_incumbent,1,5.491784037558686,12.813712603254857,71,45,microsomal_clearance,30
gp_incumbent,2,4.122065727699531,9.32310227461636,71,45,microsomal_clearance,30
gp_incumbent,3,2.937793427230047,7.542009658312475,71,45,microsomal_clearance,30
gp_incumbent,4,2.7007042253521125,6.439066357481851,71,45,microsomal_clearance,30
gp_only,1,5.5481220657277,12.813712603254857,71,45,microsomal_clearance,30
gp_only,2,4.268779342723004,9.32310227461636,71,45,microsomal_clearance,30
gp_only,3,3.0023474178403755,7.542009658312475,71,45,microsomal_clearance,30
gp_only,4,2.757042253521127,6.439066357481851,71,45,microsomal_clearance,30
molecular_stats,1,5.936619718309859,12.813712603254857,71,45,microsomal_clearance,30
molecular_stats,2,4.52112676056338,9.32310227461636,71,45,microsomal_clearance,30
molecular_stats,3,3.2288732394366195,7.542009658312475,71,45,microsomal_clearance,30
molecular_stats,4,2.983568075117371,6.439066357481851,71,45,microsomal_clearance,30
molecule_mlp,1,5.477699530516432,12.813712603254857,71,45,microsomal_clearance,30
molecule_mlp,2,4.142018779342723,9.32310227461636,71,45,microsomal_clearance,30
molecule_mlp,3,2.971830985915493,7.542009658312475,71,45,microsomal_clearance,30
molecule_mlp,4,2.6396713615023475,6.439066357481851,71,45,microsomal_clearance,30
random,1,12.813712603254857,12.813712603254857,71,45,microsomal_clearance,30
random,2,9.32310227461636,9.32310227461636,71,45,microsomal_clearance,30
random,3,7.542009658312475,7.542009658312475,71,45,microsomal_clearance,30
random,4,6.439066357481851,6.439066357481851,71,45,microsomal_clearance,30
set_gp_only,1,5.507042253521127,12.813712603254857,71,45,microsomal_clearance,30
set_gp_only,2,4.366197183098592,9.32310227461636,71,45,microsomal_clearance,30
set_gp_only,3,2.8661971830985915,7.542009658312475,71,45,microsomal_clearance,30
set_gp_only,4,2.7077464788732395,6.439066357481851,71,45,microsomal_clearance,30
set_transformer,1,6.089201877934272,12.813712603254857,71,45,microsomal_clearance,30
set_transformer,2,4.471830985915493,9.32310227461636,71,45,microsomal_clearance,30
set_transformer,3,3.2183098591549295,7.542009658312475,71,45,microsomal_clearance,30
set_transformer,4,2.8673708920187795,6.439066357481851,71,45,microsomal_clearance,30
state_stats,1,5.480046948356807,12.813712603254857,71,45,microsomal_clearance,30
state_stats,2,3.8603286384976525,9.32310227461636,71,45,microsomal_clearance,30
state_stats,3,2.778169014084507,7.542009658312475,71,45,microsomal_clearance,30
state_stats,4,2.498826291079812,6.439066357481851,71,45,microsomal_clearance,30
compact_set,1,9.25,18.5,2,2,in_vivo_clearance,30
compact_set,2,8.666666666666668,12.333333333333332,2,2,in_vivo_clearance,30
compact_set,3,5.708333333333334,9.25,2,2,in_vivo_clearance,30
compact_set,4,5.25,6.716666666666666,2,2,in_vivo_clearance,30
cross_attention,1,17.458333333333332,18.5,2,2,in_vivo_clearance,30
cross_attention,2,6.791666666666666,12.333333333333332,2,2,in_vivo_clearance,30
cross_attention,3,6.583333333333333,9.25,2,2,in_vivo_clearance,30
cross_attention,4,5.833333333333333,6.716666666666666,2,2,in_vivo_clearance,30
deep_sets,1,9.416666666666668,18.5,2,2,in_vivo_clearance,30
deep_sets,2,6.333333333333333,12.333333333333332,2,2,in_vivo_clearance,30
deep_sets,3,3.625,9.25,2,2,in_vivo_clearance,30
deep_sets,4,3.583333333333333,6.716666666666666,2,2,in_vivo_clearance,30
delta_greedy,1,13.25,18.5,2,2,in_vivo_clearance,30
delta_greedy,2,13.25,12.333333333333332,2,2,in_vivo_clearance,30
delta_greedy,3,4.75,9.25,2,2,in_vivo_clearance,30
delta_greedy,4,4.75,6.716666666666667,2,2,in_vivo_clearance,30
gp_both,1,6.541666666666666,18.5,2,2,in_vivo_clearance,30
gp_both,2,6.125,12.333333333333332,2,2,in_vivo_clearance,30
gp_both,3,5.333333333333333,9.25,2,2,in_vivo_clearance,30
gp_both,4,5.166666666666666,6.716666666666666,2,2,in_vivo_clearance,30
gp_delta,1,13.916666666666668,18.5,2,2,in_vivo_clearance,30
gp_delta,2,8.625,12.333333333333332,2,2,in_vivo_clearance,30
gp_delta,3,7.125,9.25,2,2,in_vivo_clearance,30
gp_delta,4,6.458333333333334,6.716666666666666,2,2,in_vivo_clearance,30
gp_ei,1,14.5,18.5,2,2,in_vivo_clearance,30
gp_ei,2,12.0,12.333333333333332,2,2,in_vivo_clearance,30
gp_ei,3,7.875,9.25,2,2,in_vivo_clearance,30
gp_ei,4,7.0,6.716666666666667,2,2,in_vivo_clearance,30
gp_greedy,1,15.875,18.5,2,2,in_vivo_clearance,30
gp_greedy,2,10.0,12.333333333333332,2,2,in_vivo_clearance,30
gp_greedy,3,6.25,9.25,2,2,in_vivo_clearance,30
gp_greedy,4,5.75,6.716666666666667,2,2,in_vivo_clearance,30
gp_incumbent,1,20.708333333333336,18.5,2,2,in_vivo_clearance,30
gp_incumbent,2,10.25,12.333333333333332,2,2,in_vivo_clearance,30
gp_incumbent,3,9.25,9.25,2,2,in_vivo_clearance,30
gp_incumbent,4,6.583333333333333,6.716666666666666,2,2,in_vivo_clearance,30
gp_only,1,17.958333333333332,18.5,2,2,in_vivo_clearance,30
gp_only,2,10.375,12.333333333333332,2,2,in_vivo_clearance,30
gp_only,3,7.583333333333334,9.25,2,2,in_vivo_clearance,30
gp_only,4,6.833333333333334,6.716666666666666,2,2,in_vivo_clearance,30
molecular_stats,1,14.291666666666666,18.5,2,2,in_vivo_clearance,30
molecular_stats,2,13.375,12.333333333333332,2,2,in_vivo_clearance,30
molecular_stats,3,9.75,9.25,2,2,in_vivo_clearance,30
molecular_stats,4,8.833333333333334,6.716666666666666,2,2,in_vivo_clearance,30
molecule_mlp,1,10.708333333333332,18.5,2,2,in_vivo_clearance,30
molecule_mlp,2,10.083333333333332,12.333333333333332,2,2,in_vivo_clearance,30
molecule_mlp,3,6.666666666666667,9.25,2,2,in_vivo_clearance,30
molecule_mlp,4,4.875,6.716666666666666,2,2,in_vivo_clearance,30
random,1,18.5,18.5,2,2,in_vivo_clearance,30
random,2,12.333333333333332,12.333333333333332,2,2,in_vivo_clearance,30
random,3,9.25,9.25,2,2,in_vivo_clearance,30
random,4,6.716666666666667,6.716666666666667,2,2,in_vivo_clearance,30
set_gp_only,1,11.25,18.5,2,2,in_vivo_clearance,30
set_gp_only,2,5.208333333333333,12.333333333333332,2,2,in_vivo_clearance,30
set_gp_only,3,2.958333333333333,9.25,2,2,in_vivo_clearance,30
set_gp_only,4,2.7083333333333335,6.716666666666666,2,2,in_vivo_clearance,30
set_transformer,1,14.5,18.5,2,2,in_vivo_clearance,30
set_transformer,2,9.666666666666666,12.333333333333332,2,2,in_vivo_clearance,30
set_transformer,3,6.416666666666667,9.25,2,2,in_vivo_clearance,30
set_transformer,4,4.041666666666666,6.716666666666666,2,2,in_vivo_clearance,30
state_stats,1,10.666666666666666,18.5,2,2,in_vivo_clearance,30
state_stats,2,9.25,12.333333333333332,2,2,in_vivo_clearance,30
state_stats,3,7.583333333333334,9.25,2,2,in_vivo_clearance,30
state_stats,4,6.916666666666667,6.716666666666666,2,2,in_vivo_clearance,30
compact_set,1,5.0092592592592595,21.333333333333332,9,7,protein_binding,30
compact_set,2,4.101851851851851,13.87962962962963,9,7,protein_binding,30
compact_set,3,2.981481481481482,10.483333333333333,9,7,protein_binding,30
compact_set,4,2.7592592592592595,8.533333333333333,9,7,protein_binding,30
cross_attention,1,8.518518518518519,21.333333333333332,9,7,protein_binding,30
cross_attention,2,6.037037037037036,13.87962962962963,9,7,protein_binding,30
cross_attention,3,4.324074074074074,10.483333333333333,9,7,protein_binding,30
cross_attention,4,4.12962962962963,8.533333333333333,9,7,protein_binding,30
deep_sets,1,9.25925925925926,21.333333333333332,9,7,protein_binding,30
deep_sets,2,5.37962962962963,13.87962962962963,9,7,protein_binding,30
deep_sets,3,5.277777777777778,10.483333333333333,9,7,protein_binding,30
deep_sets,4,5.046296296296297,8.533333333333333,9,7,protein_binding,30
delta_greedy,1,8.972222222222221,21.333333333333332,9,7,protein_binding,30
delta_greedy,2,5.222222222222222,13.87962962962963,9,7,protein_binding,30
delta_greedy,3,2.75,10.483333333333333,9,7,protein_binding,30
delta_greedy,4,2.388888888888889,8.533333333333333,9,7,protein_binding,30
gp_both,1,4.861111111111111,21.333333333333332,9,7,protein_binding,30
gp_both,2,3.6944444444444446,13.87962962962963,9,7,protein_binding,30
gp_both,3,2.842592592592593,10.483333333333333,9,7,protein_binding,30
gp_both,4,2.638888888888889,8.533333333333333,9,7,protein_binding,30
gp_delta,1,5.046296296296296,21.333333333333332,9,7,protein_binding,30
gp_delta,2,3.657407407407407,13.87962962962963,9,7,protein_binding,30
gp_delta,3,2.7870370370370368,10.483333333333333,9,7,protein_binding,30
gp_delta,4,2.5833333333333335,8.533333333333333,9,7,protein_binding,30
gp_ei,1,4.833333333333333,21.333333333333332,9,7,protein_binding,30
gp_ei,2,3.4444444444444446,13.87962962962963,9,7,protein_binding,30
gp_ei,3,2.0555555555555554,10.483333333333333,9,7,protein_binding,30
gp_ei,4,1.9444444444444444,8.533333333333333,9,7,protein_binding,30
gp_greedy,1,4.444444444444445,21.333333333333332,9,7,protein_binding,30
gp_greedy,2,3.4722222222222223,13.87962962962963,9,7,protein_binding,30
gp_greedy,3,2.361111111111111,10.483333333333333,9,7,protein_binding,30
gp_greedy,4,2.361111111111111,8.533333333333333,9,7,protein_binding,30
gp_incumbent,1,5.12962962962963,21.333333333333332,9,7,protein_binding,30
gp_incumbent,2,3.8518518518518516,13.87962962962963,9,7,protein_binding,30
gp_incumbent,3,2.4259259259259256,10.483333333333333,9,7,protein_binding,30
gp_incumbent,4,2.2777777777777777,8.533333333333333,9,7,protein_binding,30
gp_only,1,5.805555555555555,21.333333333333332,9,7,protein_binding,30
gp_only,2,3.8703703703703707,13.87962962962963,9,7,protein_binding,30
gp_only,3,2.5,10.483333333333333,9,7,protein_binding,30
gp_only,4,2.3796296296296298,8.533333333333333,9,7,protein_binding,30
molecular_stats,1,7.944444444444445,21.333333333333332,9,7,protein_binding,30
molecular_stats,2,4.842592592592593,13.87962962962963,9,7,protein_binding,30
molecular_stats,3,4.0,10.483333333333333,9,7,protein_binding,30
molecular_stats,4,3.703703703703704,8.533333333333333,9,7,protein_binding,30
molecule_mlp,1,7.148148148148149,21.333333333333332,9,7,protein_binding,30
molecule_mlp,2,5.314814814814815,13.87962962962963,9,7,protein_binding,30
molecule_mlp,3,4.314814814814814,10.483333333333333,9,7,protein_binding,30
molecule_mlp,4,3.7777777777777777,8.533333333333333,9,7,protein_binding,30
random,1,21.333333333333332,21.333333333333332,9,7,protein_binding,30
random,2,13.87962962962963,13.87962962962963,9,7,protein_binding,30
random,3,10.483333333333333,10.483333333333333,9,7,protein_binding,30
random,4,8.533333333333333,8.533333333333333,9,7,protein_binding,30
set_gp_only,1,6.037037037037037,21.333333333333332,9,7,protein_binding,30
set_gp_only,2,5.157407407407408,13.87962962962963,9,7,protein_binding,30
set_gp_only,3,3.638888888888889,10.483333333333333,9,7,protein_binding,30
set_gp_only,4,3.638888888888889,8.533333333333333,9,7,protein_binding,30
set_transformer,1,7.416666666666667,21.333333333333332,9,7,protein_binding,30
set_transformer,2,4.648148148148149,13.87962962962963,9,7,protein_binding,30
set_transformer,3,4.055555555555555,10.483333333333333,9,7,protein_binding,30
set_transformer,4,3.796296296296296,8.533333333333333,9,7,protein_binding,30
state_stats,1,5.416666666666667,21.333333333333332,9,7,protein_binding,30
state_stats,2,4.2592592592592595,13.87962962962963,9,7,protein_binding,30
state_stats,3,3.3240740740740744,10.483333333333333,9,7,protein_binding,30
state_stats,4,3.1481481481481484,8.533333333333333,9,7,protein_binding,30
compact_set,1,8.3,13.5675,20,15,cellular_clearance,30
compact_set,2,5.8583333333333325,9.754999999999999,20,15,cellular_clearance,30
compact_set,3,5.591666666666667,7.791666666666667,20,15,cellular_clearance,30
compact_set,4,4.975,6.657500000000001,20,15,cellular_clearance,30
cross_attention,1,9.658333333333333,13.5675,20,15,cellular_clearance,30
cross_attention,2,7.904166666666667,9.754999999999999,20,15,cellular_clearance,30
cross_attention,3,6.958333333333333,7.791666666666667,20,15,cellular_clearance,30
cross_attention,4,5.6,6.657500000000001,20,15,cellular_clearance,30
deep_sets,1,9.604166666666668,13.5675,20,15,cellular_clearance,30
deep_sets,2,8.295833333333334,9.754999999999999,20,15,cellular_clearance,30
deep_sets,3,6.75,7.791666666666667,20,15,cellular_clearance,30
deep_sets,4,5.55,6.657500000000001,20,15,cellular_clearance,30
delta_greedy,1,7.075,13.5675,20,15,cellular_clearance,30
delta_greedy,2,6.0875,9.754999999999999,20,15,cellular_clearance,30
delta_greedy,3,4.15,7.791666666666667,20,15,cellular_clearance,30
delta_greedy,4,3.9,6.657500000000001,20,15,cellular_clearance,30
gp_both,1,6.9541666666666675,13.5675,20,15,cellular_clearance,30
gp_both,2,5.879166666666666,9.754999999999999,20,15,cellular_clearance,30
gp_both,3,5.054166666666666,7.791666666666667,20,15,cellular_clearance,30
gp_both,4,4.029166666666667,6.657500000000001,20,15,cellular_clearance,30
gp_delta,1,7.154166666666667,13.5675,20,15,cellular_clearance,30
gp_delta,2,6.05,9.754999999999999,20,15,cellular_clearance,30
gp_delta,3,4.933333333333333,7.791666666666667,20,15,cellular_clearance,30
gp_delta,4,3.7916666666666665,6.657500000000001,20,15,cellular_clearance,30
gp_ei,1,7.0125,13.5675,20,15,cellular_clearance,30
gp_ei,2,5.725,9.754999999999999,20,15,cellular_clearance,30
gp_ei,3,5.125,7.791666666666667,20,15,cellular_clearance,30
gp_ei,4,4.225,6.657500000000001,20,15,cellular_clearance,30
gp_greedy,1,8.0,13.5675,20,15,cellular_clearance,30
gp_greedy,2,6.775,9.754999999999999,20,15,cellular_clearance,30
gp_greedy,3,5.8125,7.791666666666667,20,15,cellular_clearance,30
gp_greedy,4,4.4375,6.657500000000001,20,15,cellular_clearance,30
gp_incumbent,1,6.595833333333333,13.5675,20,15,cellular_clearance,30
gp_incumbent,2,5.466666666666667,9.754999999999999,20,15,cellular_clearance,30
gp_incumbent,3,5.020833333333334,7.791666666666667,20,15,cellular_clearance,30
gp_incumbent,4,3.979166666666667,6.657500000000001,20,15,cellular_clearance,30
gp_only,1,6.75,13.5675,20,15,cellular_clearance,30
gp_only,2,5.675,9.754999999999999,20,15,cellular_clearance,30
gp_only,3,5.1,7.791666666666667,20,15,cellular_clearance,30
gp_only,4,3.9083333333333337,6.657500000000001,20,15,cellular_clearance,30
molecular_stats,1,8.966666666666667,13.5675,20,15,cellular_clearance,30
molecular_stats,2,7.370833333333333,9.754999999999999,20,15,cellular_clearance,30
molecular_stats,3,6.345833333333333,7.791666666666667,20,15,cellular_clearance,30
molecular_stats,4,5.6375,6.657500000000001,20,15,cellular_clearance,30
molecule_mlp,1,8.070833333333333,13.5675,20,15,cellular_clearance,30
molecule_mlp,2,6.15,9.754999999999999,20,15,cellular_clearance,30
molecule_mlp,3,5.370833333333333,7.791666666666667,20,15,cellular_clearance,30
molecule_mlp,4,4.204166666666667,6.657500000000001,20,15,cellular_clearance,30
random,1,13.5675,13.5675,20,15,cellular_clearance,30
random,2,9.754999999999999,9.754999999999999,20,15,cellular_clearance,30
random,3,7.791666666666667,7.791666666666667,20,15,cellular_clearance,30
random,4,6.657500000000001,6.657500000000001,20,15,cellular_clearance,30
set_gp_only,1,7.6,13.5675,20,15,cellular_clearance,30
set_gp_only,2,6.5875,9.754999999999999,20,15,cellular_clearance,30
set_gp_only,3,5.708333333333334,7.791666666666667,20,15,cellular_clearance,30
set_gp_only,4,5.241666666666667,6.657500000000001,20,15,cellular_clearance,30
set_transformer,1,8.7375,13.5675,20,15,cellular_clearance,30
set_transformer,2,7.770833333333333,9.754999999999999,20,15,cellular_clearance,30
set_transformer,3,7.058333333333333,7.791666666666667,20,15,cellular_clearance,30
set_transformer,4,6.2,6.657500000000001,20,15,cellular_clearance,30
state_stats,1,7.004166666666667,13.5675,20,15,cellular_clearance,30
state_stats,2,5.9833333333333325,9.754999999999999,20,15,cellular_clearance,30
state_stats,3,5.133333333333334,7.791666666666667,20,15,cellular_clearance,30
state_stats,4,4.054166666666667,6.657500000000001,20,15,cellular_clearance,30
compact_set,1,12.051282051282053,21.73076923076923,13,12,permeability,30
compact_set,2,7.032051282051283,14.487179487179487,13,12,permeability,30
compact_set,3,6.455128205128205,10.865384615384615,13,12,permeability,30
compact_set,4,5.3589743589743595,8.692307692307692,13,12,permeability,30
cross_attention,1,14.711538461538462,21.73076923076923,13,12,permeability,30
cross_attention,2,9.442307692307692,14.487179487179487,13,12,permeability,30
cross_attention,3,8.275641025641026,10.865384615384615,13,12,permeability,30
cross_attention,4,7.9423076923076925,8.692307692307692,13,12,permeability,30
deep_sets,1,13.634615384615385,21.73076923076923,13,12,permeability,30
deep_sets,2,9.73076923076923,14.487179487179487,13,12,permeability,30
deep_sets,3,7.7756410256410255,10.865384615384615,13,12,permeability,30
deep_sets,4,7.16025641025641,8.692307692307692,13,12,permeability,30
delta_greedy,1,19.21153846153846,21.73076923076923,13,12,permeability,30
delta_greedy,2,10.653846153846153,14.487179487179487,13,12,permeability,30
delta_greedy,3,10.26923076923077,10.865384615384615,13,12,permeability,30
delta_greedy,4,9.01923076923077,8.692307692307692,13,12,permeability,30
gp_both,1,10.82051282051282,21.73076923076923,13,12,permeability,30
gp_both,2,5.8589743589743595,14.487179487179487,13,12,permeability,30
gp_both,3,5.08974358974359,10.865384615384615,13,12,permeability,30
gp_both,4,3.5576923076923075,8.692307692307692,13,12,permeability,30
gp_delta,1,10.397435897435896,21.73076923076923,13,12,permeability,30
gp_delta,2,5.743589743589744,14.487179487179487,13,12,permeability,30
gp_delta,3,4.897435897435898,10.865384615384615,13,12,permeability,30
gp_delta,4,3.5,8.692307692307692,13,12,permeability,30
gp_ei,1,10.51923076923077,21.73076923076923,13,12,permeability,30
gp_ei,2,5.211538461538462,14.487179487179487,13,12,permeability,30
gp_ei,3,4.8076923076923075,10.865384615384615,13,12,permeability,30
gp_ei,4,3.4615384615384617,8.692307692307692,13,12,permeability,30
gp_greedy,1,10.26923076923077,21.73076923076923,13,12,permeability,30
gp_greedy,2,4.538461538461538,14.487179487179487,13,12,permeability,30
gp_greedy,3,3.8653846153846154,10.865384615384615,13,12,permeability,30
gp_greedy,4,2.6346153846153846,8.692307692307692,13,12,permeability,30
gp_incumbent,1,10.294871794871796,21.73076923076923,13,12,permeability,30
gp_incumbent,2,4.955128205128205,14.487179487179487,13,12,permeability,30
gp_incumbent,3,4.358974358974359,10.865384615384615,13,12,permeability,30
gp_incumbent,4,3.1794871794871797,8.692307692307692,13,12,permeability,30
gp_only,1,10.461538461538462,21.73076923076923,13,12,permeability,30
gp_only,2,5.147435897435898,14.487179487179487,13,12,permeability,30
gp_only,3,4.551282051282052,10.865384615384615,13,12,permeability,30
gp_only,4,3.4294871794871797,8.692307692307692,13,12,permeability,30
molecular_stats,1,13.58974358974359,21.73076923076923,13,12,permeability,30
molecular_stats,2,8.044871794871794,14.487179487179487,13,12,permeability,30
molecular_stats,3,6.423076923076923,10.865384615384615,13,12,permeability,30
molecular_stats,4,6.019230769230769,8.692307692307692,13,12,permeability,30
molecule_mlp,1,14.608974358974361,21.73076923076923,13,12,permeability,30
molecule_mlp,2,10.987179487179487,14.487179487179487,13,12,permeability,30
molecule_mlp,3,9.435897435897434,10.865384615384615,13,12,permeability,30
molecule_mlp,4,8.423076923076923,8.692307692307692,13,12,permeability,30
random,1,21.73076923076923,21.73076923076923,13,12,permeability,30
random,2,14.487179487179487,14.487179487179487,13,12,permeability,30
random,3,10.865384615384615,10.865384615384615,13,12,permeability,30
random,4,8.692307692307692,8.692307692307692,13,12,permeability,30
set_gp_only,1,12.833333333333334,21.73076923076923,13,12,permeability,30
set_gp_only,2,9.352564102564102,14.487179487179487,13,12,permeability,30
set_gp_only,3,7.455128205128205,10.865384615384615,13,12,permeability,30
set_gp_only,4,6.538461538461538,8.692307692307692,13,12,permeability,30
set_transformer,1,12.865384615384615,21.73076923076923,13,12,permeability,30
set_transformer,2,8.564102564102564,14.487179487179487,13,12,permeability,30
set_transformer,3,7.032051282051283,10.865384615384615,13,12,permeability,30
set_transformer,4,6.5,8.692307692307692,13,12,permeability,30
state_stats,1,10.948717948717947,21.73076923076923,13,12,permeability,30
state_stats,2,5.634615384615385,14.487179487179487,13,12,permeability,30
state_stats,3,4.769230769230769,10.865384615384615,13,12,permeability,30
state_stats,4,3.275641025641025,8.692307692307692,13,12,permeability,30
compact_set,1,5.033333333333333,14.7,5,5,efflux,30
compact_set,2,3.4333333333333336,9.283333333333335,5,5,efflux,30
compact_set,3,2.466666666666667,8.1,5,5,efflux,30
compact_set,4,1.7166666666666668,5.816190476190476,5,5,efflux,30
cross_attention,1,5.516666666666667,14.7,5,5,efflux,30
cross_attention,2,4.7,9.283333333333335,5,5,efflux,30
cross_attention,3,3.45,8.1,5,5,efflux,30
cross_attention,4,2.6166666666666667,5.816190476190476,5,5,efflux,30
deep_sets,1,5.35,14.7,5,5,efflux,30
deep_sets,2,4.0,9.283333333333335,5,5,efflux,30
deep_sets,3,2.666666666666667,8.1,5,5,efflux,30
deep_sets,4,1.9166666666666667,5.816190476190476,5,5,efflux,30
delta_greedy,1,7.35,14.7,5,5,efflux,30
delta_greedy,2,4.45,9.283333333333335,5,5,efflux,30
delta_greedy,3,2.8,8.1,5,5,efflux,30
delta_greedy,4,1.6,5.816190476190476,5,5,efflux,30
gp_both,1,5.316666666666667,14.7,5,5,efflux,30
gp_both,2,3.2333333333333334,9.283333333333335,5,5,efflux,30
gp_both,3,2.583333333333333,8.1,5,5,efflux,30
gp_both,4,1.6833333333333331,5.816190476190476,5,5,efflux,30
gp_delta,1,5.316666666666667,14.7,5,5,efflux,30
gp_delta,2,3.2,9.283333333333335,5,5,efflux,30
gp_delta,3,2.65,8.1,5,5,efflux,30
gp_delta,4,1.7833333333333337,5.816190476190476,5,5,efflux,30
gp_ei,1,4.4,14.7,5,5,efflux,30
gp_ei,2,2.95,9.283333333333335,5,5,efflux,30
gp_ei,3,2.6,8.1,5,5,efflux,30
gp_ei,4,1.9,5.816190476190476,5,5,efflux,30
gp_greedy,1,5.1,14.7,5,5,efflux,30
gp_greedy,2,4.1,9.283333333333335,5,5,efflux,30
gp_greedy,3,2.65,8.1,5,5,efflux,30
gp_greedy,4,1.9,5.816190476190476,5,5,efflux,30
gp_incumbent,1,4.566666666666666,14.7,5,5,efflux,30
gp_incumbent,2,3.6,9.283333333333335,5,5,efflux,30
gp_incumbent,3,2.6333333333333337,8.1,5,5,efflux,30
gp_incumbent,4,1.9333333333333331,5.816190476190476,5,5,efflux,30
gp_only,1,4.716666666666667,14.7,5,5,efflux,30
gp_only,2,3.75,9.283333333333335,5,5,efflux,30
gp_only,3,2.7666666666666666,8.1,5,5,efflux,30
gp_only,4,2.1166666666666663,5.816190476190476,5,5,efflux,30
molecular_stats,1,6.216666666666667,14.7,5,5,efflux,30
molecular_stats,2,4.05,9.283333333333335,5,5,efflux,30
molecular_stats,3,2.7666666666666666,8.1,5,5,efflux,30
molecular_stats,4,1.9,5.816190476190476,5,5,efflux,30
molecule_mlp,1,5.116666666666666,14.7,5,5,efflux,30
molecule_mlp,2,4.05,9.283333333333335,5,5,efflux,30
molecule_mlp,3,2.5666666666666664,8.1,5,5,efflux,30
molecule_mlp,4,2.2166666666666663,5.816190476190476,5,5,efflux,30
random,1,14.7,14.7,5,5,efflux,30
random,2,9.283333333333335,9.283333333333335,5,5,efflux,30
random,3,8.1,8.1,5,5,efflux,30
random,4,5.816190476190476,5.816190476190476,5,5,efflux,30
set_gp_only,1,5.533333333333333,14.7,5,5,efflux,30
set_gp_only,2,4.533333333333333,9.283333333333335,5,5,efflux,30
set_gp_only,3,2.95,8.1,5,5,efflux,30
set_gp_only,4,2.416666666666667,5.816190476190476,5,5,efflux,30
set_transformer,1,7.133333333333333,14.7,5,5,efflux,30
set_transformer,2,4.216666666666667,9.283333333333335,5,5,efflux,30
set_transformer,3,2.7833333333333337,8.1,5,5,efflux,30
set_transformer,4,1.9666666666666668,5.816190476190476,5,5,efflux,30
state_stats,1,5.6000000000000005,14.7,5,5,efflux,30
state_stats,2,3.1166666666666667,9.283333333333335,5,5,efflux,30
state_stats,3,2.55,8.1,5,5,efflux,30
state_stats,4,1.7333333333333332,5.816190476190476,5,5,efflux,30
compact_set,1,7.772222222222222,16.983818871252208,75,50,all,35
compact_set,2,5.315555555555555,11.863818871252205,75,50,all,35
compact_set,3,4.234444444444444,9.396384527817862,75,50,all,35
compact_set,4,3.7933333333333334,7.9070194484527825,75,50,all,35
cross_attention,1,8.637777777777778,16.983818871252208,75,50,all,35
cross_attention,2,6.502222222222223,11.863818871252205,75,50,all,35
cross_attention,3,5.155555555555556,9.396384527817862,75,50,all,35
cross_attention,4,4.527777777777778,7.9070194484527825,75,50,all,35
deep_sets,1,9.15,16.983818871252208,75,50,all,35
deep_sets,2,7.272222222222222,11.863818871252205,75,50,all,35
deep_sets,3,5.783333333333333,9.396384527817862,75,50,all,35
deep_sets,4,5.075555555555556,7.9070194484527825,75,50,all,35
delta_greedy,1,10.67,16.983818871252208,75,50,all,35
delta_greedy,2,6.976666666666667,11.863818871252205,75,50,all,35
delta_greedy,3,5.0,9.396384527817862,75,50,all,35
delta_greedy,4,4.48,7.9070194484527825,75,50,all,35
gp_both,1,6.911111111111111,16.983818871252208,75,50,all,35
gp_both,2,4.732222222222222,11.863818871252205,75,50,all,35
gp_both,3,3.6311111111111107,9.396384527817862,75,50,all,35
gp_both,4,3.092222222222222,7.9070194484527825,75,50,all,35
gp_delta,1,7.011111111111112,16.983818871252208,75,50,all,35
gp_delta,2,4.82,11.863818871252205,75,50,all,35
gp_delta,3,3.505555555555556,9.396384527817862,75,50,all,35
gp_delta,4,2.9844444444444447,7.9070194484527825,75,50,all,35
gp_ei,1,7.1866666666666665,16.983818871252208,75,50,all,35
gp_ei,2,4.8533333333333335,11.863818871252205,75,50,all,35
gp_ei,3,3.69,9.396384527817862,75,50,all,35
gp_ei,4,3.283333333333333,7.9070194484527825,75,50,all,35
gp_greedy,1,7.003333333333333,16.983818871252208,75,50,all,35
gp_greedy,2,4.6433333333333335,11.863818871252205,75,50,all,35
gp_greedy,3,3.47,9.396384527817862,75,50,all,35
gp_greedy,4,2.9833333333333334,7.9070194484527825,75,50,all,35
gp_incumbent,1,6.964444444444445,16.983818871252208,75,50,all,35
gp_incumbent,2,4.73,11.863818871252205,75,50,all,35
gp_incumbent,3,3.7777777777777777,9.396384527817862,75,50,all,35
gp_incumbent,4,3.2455555555555553,7.9070194484527825,75,50,all,35
gp_only,1,7.062222222222221,16.983818871252208,75,50,all,35
gp_only,2,4.933333333333334,11.863818871252205,75,50,all,35
gp_only,3,3.8177777777777777,9.396384527817862,75,50,all,35
gp_only,4,3.338888888888889,7.9070194484527825,75,50,all,35
molecular_stats,1,8.088888888888889,16.983818871252208,75,50,all,35
molecular_stats,2,6.185555555555555,11.863818871252205,75,50,all,35
molecular_stats,3,4.928888888888889,9.396384527817862,75,50,all,35
molecular_stats,4,4.507777777777777,7.9070194484527825,75,50,all,35
molecule_mlp,1,7.65,16.983818871252208,75,50,all,35
molecule_mlp,2,5.95888888888889,11.863818871252205,75,50,all,35
molecule_mlp,3,4.854444444444444,9.396384527817862,75,50,all,35
molecule_mlp,4,4.194444444444444,7.9070194484527825,75,50,all,35
random,1,16.983818871252208,16.983818871252208,75,50,all,35
random,2,11.863818871252205,11.863818871252205,75,50,all,35
random,3,9.396384527817862,9.396384527817862,75,50,all,35
random,4,7.9070194484527825,7.9070194484527825,75,50,all,35
set_gp_only,1,7.5088888888888885,16.983818871252208,75,50,all,35
set_gp_only,2,5.844444444444444,11.863818871252205,75,50,all,35
set_gp_only,3,4.653333333333333,9.396384527817862,75,50,all,35
set_gp_only,4,4.317777777777778,7.9070194484527825,75,50,all,35
set_transformer,1,8.39,16.983818871252208,75,50,all,35
set_transformer,2,6.388888888888888,11.863818871252205,75,50,all,35
set_transformer,3,5.228888888888889,9.396384527817862,75,50,all,35
set_transformer,4,4.6322222222222225,7.9070194484527825,75,50,all,35
state_stats,1,7.18,16.983818871252208,75,50,all,35
state_stats,2,4.786666666666667,11.863818871252205,75,50,all,35
state_stats,3,3.7077777777777774,9.396384527817862,75,50,all,35
state_stats,4,3.1122222222222224,7.9070194484527825,75,50,all,35
compact_set,1,6.456521739130435,15.078431389463997,46,31,microsomal_clearance,35
compact_set,2,4.3478260869565215,10.730605302507477,46,31,microsomal_clearance,35
compact_set,3,2.903985507246377,8.72428119183554,46,31,microsomal_clearance,35
compact_set,4,2.8152173913043477,7.5695710469080035,46,31,microsomal_clearance,35
cross_attention,1,6.253623188405798,15.078431389463997,46,31,microsomal_clearance,35
cross_attention,2,4.6521739130434785,10.730605302507477,46,31,microsomal_clearance,35
cross_attention,3,3.0760869565217392,8.72428119183554,46,31,microsomal_clearance,35
cross_attention,4,2.795289855072464,7.5695710469080035,46,31,microsomal_clearance,35
deep_sets,1,7.742753623188406,15.078431389463997,46,31,microsomal_clearance,35
deep_sets,2,5.856884057971015,10.730605302507477,46,31,microsomal_clearance,35
deep_sets,3,4.293478260869565,8.72428119183554,46,31,microsomal_clearance,35
deep_sets,4,3.8822463768115942,7.5695710469080035,46,31,microsomal_clearance,35
delta_greedy,1,8.66304347826087,15.078431389463997,46,31,microsomal_clearance,35
delta_greedy,2,5.423913043478261,10.730605302507476,46,31,microsomal_clearance,35
delta_greedy,3,3.9239130434782608,8.72428119183554,46,31,microsomal_clearance,35
delta_greedy,4,3.385869565217391,7.5695710469080035,46,31,microsomal_clearance,35
gp_both,1,5.862318840579711,15.078431389463997,46,31,microsomal_clearance,35
gp_both,2,3.9873188405797104,10.730605302507477,46,31,microsomal_clearance,35
gp_both,3,2.6865942028985508,8.72428119183554,46,31,microsomal_clearance,35
gp_both,4,2.5489130434782608,7.5695710469080035,46,31,microsomal_clearance,35
gp_delta,1,6.047101449275362,15.078431389463997,46,31,microsomal_clearance,35
gp_delta,2,4.159420289855072,10.730605302507477,46,31,microsomal_clearance,35
gp_delta,3,2.630434782608696,8.72428119183554,46,31,microsomal_clearance,35
gp_delta,4,2.516304347826087,7.5695710469080035,46,31,microsomal_clearance,35
gp_ei,1,6.2771739130434785,15.078431389463997,46,31,microsomal_clearance,35
gp_ei,2,4.440217391304348,10.730605302507476,46,31,microsomal_clearance,35
gp_ei,3,3.0706521739130435,8.72428119183554,46,31,microsomal_clearance,35
gp_ei,4,2.9619565217391304,7.5695710469080035,46,31,microsomal_clearance,35
gp_greedy,1,5.804347826086956,15.078431389463997,46,31,microsomal_clearance,35
gp_greedy,2,3.9456521739130435,10.730605302507476,46,31,microsomal_clearance,35
gp_greedy,3,2.782608695652174,8.72428119183554,46,31,microsomal_clearance,35
gp_greedy,4,2.7065217391304346,7.5695710469080035,46,31,microsomal_clearance,35
gp_incumbent,1,5.971014492753624,15.078431389463997,46,31,microsomal_clearance,35
gp_incumbent,2,4.356884057971015,10.730605302507477,46,31,microsomal_clearance,35
gp_incumbent,3,3.1503623188405796,8.72428119183554,46,31,microsomal_clearance,35
gp_incumbent,4,3.0,7.5695710469080035,46,31,microsomal_clearance,35
gp_only,1,6.050724637681159,15.078431389463997,46,31,microsomal_clearance,35
gp_only,2,4.547101449275362,10.730605302507477,46,31,microsomal_clearance,35
gp_only,3,3.215579710144928,8.72428119183554,46,31,microsomal_clearance,35
gp_only,4,3.0851449275362315,7.5695710469080035,46,31,microsomal_clearance,35
molecular_stats,1,6.869565217391305,15.078431389463997,46,31,microsomal_clearance,35
molecular_stats,2,4.923913043478261,10.730605302507477,46,31,microsomal_clearance,35
molecular_stats,3,3.655797101449275,8.72428119183554,46,31,microsomal_clearance,35
molecular_stats,4,3.4365942028985508,7.5695710469080035,46,31,microsomal_clearance,35
molecule_mlp,1,6.15036231884058,15.078431389463997,46,31,microsomal_clearance,35
molecule_mlp,2,4.418478260869565,10.730605302507477,46,31,microsomal_clearance,35
molecule_mlp,3,3.1612318840579707,8.72428119183554,46,31,microsomal_clearance,35
molecule_mlp,4,2.891304347826087,7.5695710469080035,46,31,microsomal_clearance,35
random,1,15.078431389463997,15.078431389463997,46,31,microsomal_clearance,35
random,2,10.730605302507476,10.730605302507476,46,31,microsomal_clearance,35
random,3,8.72428119183554,8.72428119183554,46,31,microsomal_clearance,35
random,4,7.5695710469080035,7.5695710469080035,46,31,microsomal_clearance,35
set_gp_only,1,6.130434782608695,15.078431389463997,46,31,microsomal_clearance,35
set_gp_only,2,4.661231884057971,10.730605302507477,46,31,microsomal_clearance,35
set_gp_only,3,3.2282608695652173,8.72428119183554,46,31,microsomal_clearance,35
set_gp_only,4,3.114130434782609,7.5695710469080035,46,31,microsomal_clearance,35
set_transformer,1,7.034420289855072,15.078431389463997,46,31,microsomal_clearance,35
set_transformer,2,5.135869565217392,10.730605302507477,46,31,microsomal_clearance,35
set_transformer,3,3.623188405797101,8.72428119183554,46,31,microsomal_clearance,35
set_transformer,4,3.266304347826087,7.5695710469080035,46,31,microsomal_clearance,35
state_stats,1,6.164855072463768,15.078431389463997,46,31,microsomal_clearance,35
state_stats,2,4.056159420289855,10.730605302507477,46,31,microsomal_clearance,35
state_stats,3,2.8224637681159424,8.72428119183554,46,31,microsomal_clearance,35
state_stats,4,2.614130434782609,7.5695710469080035,46,31,microsomal_clearance,35
compact_set,1,7.916666666666667,20.5,1,1,in_vivo_clearance,35
compact_set,2,6.75,13.666666666666666,1,1,in_vivo_clearance,35
compact_set,3,4.5,10.25,1,1,in_vivo_clearance,35
compact_set,4,4.083333333333333,6.833333333333333,1,1,in_vivo_clearance,35
cross_attention,1,26.25,20.5,1,1,in_vivo_clearance,35
cross_attention,2,6.333333333333333,13.666666666666666,1,1,in_vivo_clearance,35
cross_attention,3,6.333333333333333,10.25,1,1,in_vivo_clearance,35
cross_attention,4,5.333333333333333,6.833333333333333,1,1,in_vivo_clearance,35
deep_sets,1,10.0,20.5,1,1,in_vivo_clearance,35
deep_sets,2,10.0,13.666666666666666,1,1,in_vivo_clearance,35
deep_sets,3,4.833333333333333,10.25,1,1,in_vivo_clearance,35
deep_sets,4,4.833333333333333,6.833333333333333,1,1,in_vivo_clearance,35
delta_greedy,1,23.0,20.5,1,1,in_vivo_clearance,35
delta_greedy,2,23.0,13.666666666666666,1,1,in_vivo_clearance,35
delta_greedy,3,6.0,10.25,1,1,in_vivo_clearance,35
delta_greedy,4,6.0,6.833333333333333,1,1,in_vivo_clearance,35
gp_both,1,6.25,20.5,1,1,in_vivo_clearance,35
gp_both,2,5.416666666666667,13.666666666666666,1,1,in_vivo_clearance,35
gp_both,3,3.8333333333333335,10.25,1,1,in_vivo_clearance,35
gp_both,4,3.5,6.833333333333333,1,1,in_vivo_clearance,35
gp_delta,1,8.166666666666666,20.5,1,1,in_vivo_clearance,35
gp_delta,2,5.416666666666667,13.666666666666666,1,1,in_vivo_clearance,35
gp_delta,3,3.75,10.25,1,1,in_vivo_clearance,35
gp_delta,4,3.0833333333333335,6.833333333333333,1,1,in_vivo_clearance,35
gp_ei,1,10.5,20.5,1,1,in_vivo_clearance,35
gp_ei,2,9.5,13.666666666666666,1,1,in_vivo_clearance,35
gp_ei,3,2.0,10.25,1,1,in_vivo_clearance,35
gp_ei,4,2.0,6.833333333333333,1,1,in_vivo_clearance,35
gp_greedy,1,7.5,20.5,1,1,in_vivo_clearance,35
gp_greedy,2,7.5,13.666666666666666,1,1,in_vivo_clearance,35
gp_greedy,3,2.0,10.25,1,1,in_vivo_clearance,35
gp_greedy,4,2.0,6.833333333333333,1,1,in_vivo_clearance,35
gp_incumbent,1,17.166666666666668,20.5,1,1,in_vivo_clearance,35
gp_incumbent,2,8.0,13.666666666666666,1,1,in_vivo_clearance,35
gp_incumbent,3,8.0,10.25,1,1,in_vivo_clearance,35
gp_incumbent,4,3.6666666666666665,6.833333333333333,1,1,in_vivo_clearance,35
gp_only,1,11.666666666666666,20.5,1,1,in_vivo_clearance,35
gp_only,2,8.333333333333334,13.666666666666666,1,1,in_vivo_clearance,35
gp_only,3,4.666666666666667,10.25,1,1,in_vivo_clearance,35
gp_only,4,4.166666666666667,6.833333333333333,1,1,in_vivo_clearance,35
molecular_stats,1,17.083333333333332,20.5,1,1,in_vivo_clearance,35
molecular_stats,2,17.083333333333332,13.666666666666666,1,1,in_vivo_clearance,35
molecular_stats,3,10.583333333333334,10.25,1,1,in_vivo_clearance,35
molecular_stats,4,10.583333333333334,6.833333333333333,1,1,in_vivo_clearance,35
molecule_mlp,1,7.5,20.5,1,1,in_vivo_clearance,35
molecule_mlp,2,7.5,13.666666666666666,1,1,in_vivo_clearance,35
molecule_mlp,3,2.0,10.25,1,1,in_vivo_clearance,35
molecule_mlp,4,2.0,6.833333333333333,1,1,in_vivo_clearance,35
random,1,20.5,20.5,1,1,in_vivo_clearance,35
random,2,13.666666666666666,13.666666666666666,1,1,in_vivo_clearance,35
random,3,10.25,10.25,1,1,in_vivo_clearance,35
random,4,6.833333333333333,6.833333333333333,1,1,in_vivo_clearance,35
set_gp_only,1,6.083333333333333,20.5,1,1,in_vivo_clearance,35
set_gp_only,2,6.083333333333333,13.666666666666666,1,1,in_vivo_clearance,35
set_gp_only,3,2.4166666666666665,10.25,1,1,in_vivo_clearance,35
set_gp_only,4,2.3333333333333335,6.833333333333333,1,1,in_vivo_clearance,35
set_transformer,1,12.166666666666666,20.5,1,1,in_vivo_clearance,35
set_transformer,2,12.166666666666666,13.666666666666666,1,1,in_vivo_clearance,35
set_transformer,3,10.833333333333334,10.25,1,1,in_vivo_clearance,35
set_transformer,4,6.083333333333333,6.833333333333333,1,1,in_vivo_clearance,35
state_stats,1,9.166666666666666,20.5,1,1,in_vivo_clearance,35
state_stats,2,6.333333333333333,13.666666666666666,1,1,in_vivo_clearance,35
state_stats,3,3.3333333333333335,10.25,1,1,in_vivo_clearance,35
state_stats,4,2.0,6.833333333333333,1,1,in_vivo_clearance,35
compact_set,1,5.958333333333333,23.583333333333332,6,5,protein_binding,35
compact_set,2,4.597222222222222,15.208333333333334,6,5,protein_binding,35
compact_set,3,3.7916666666666665,11.791666666666666,6,5,protein_binding,35
compact_set,4,3.4583333333333335,9.433333333333334,6,5,protein_binding,35
cross_attention,1,8.833333333333334,23.583333333333332,6,5,protein_binding,35
cross_attention,2,6.472222222222222,15.208333333333334,6,5,protein_binding,35
cross_attention,3,5.263888888888889,11.791666666666666,6,5,protein_binding,35
cross_attention,4,5.0,9.433333333333334,6,5,protein_binding,35
deep_sets,1,8.555555555555555,23.583333333333332,6,5,protein_binding,35
deep_sets,2,6.25,15.208333333333334,6,5,protein_binding,35
deep_sets,3,6.25,11.791666666666666,6,5,protein_binding,35
deep_sets,4,5.902777777777779,9.433333333333334,6,5,protein_binding,35
delta_greedy,1,11.291666666666666,23.583333333333332,6,5,protein_binding,35
delta_greedy,2,5.833333333333333,15.208333333333334,6,5,protein_binding,35
delta_greedy,3,3.2916666666666665,11.791666666666666,6,5,protein_binding,35
delta_greedy,4,2.9166666666666665,9.433333333333332,6,5,protein_binding,35
gp_both,1,5.25,23.583333333333332,6,5,protein_binding,35
gp_both,2,3.5,15.208333333333334,6,5,protein_binding,35
gp_both,3,3.430555555555556,11.791666666666666,6,5,protein_binding,35
gp_both,4,3.125,9.433333333333334,6,5,protein_binding,35
gp_delta,1,5.305555555555555,23.583333333333332,6,5,protein_binding,35
gp_delta,2,3.3333333333333335,15.208333333333334,6,5,protein_binding,35
gp_delta,3,3.319444444444444,11.791666666666666,6,5,protein_binding,35
gp_delta,4,3.013888888888889,9.433333333333334,6,5,protein_binding,35
gp_ei,1,4.541666666666667,23.583333333333332,6,5,protein_binding,35
gp_ei,2,2.4583333333333335,15.208333333333334,6,5,protein_binding,35
gp_ei,3,1.8333333333333333,11.791666666666666,6,5,protein_binding,35
gp_ei,4,1.6666666666666667,9.433333333333332,6,5,protein_binding,35
gp_greedy,1,4.833333333333333,23.583333333333332,6,5,protein_binding,35
gp_greedy,2,3.375,15.208333333333334,6,5,protein_binding,35
gp_greedy,3,2.7083333333333335,11.791666666666666,6,5,protein_binding,35
gp_greedy,4,2.7083333333333335,9.433333333333332,6,5,protein_binding,35
gp_incumbent,1,4.986111111111111,23.583333333333332,6,5,protein_binding,35
gp_incumbent,2,3.277777777777778,15.208333333333334,6,5,protein_binding,35
gp_incumbent,3,2.8194444444444446,11.791666666666666,6,5,protein_binding,35
gp_incumbent,4,2.5972222222222223,9.433333333333334,6,5,protein_binding,35
gp_only,1,5.916666666666667,23.583333333333332,6,5,protein_binding,35
gp_only,2,3.486111111111111,15.208333333333334,6,5,protein_binding,35
gp_only,3,2.9583333333333335,11.791666666666666,6,5,protein_binding,35
gp_only,4,2.777777777777778,9.433333333333334,6,5,protein_binding,35
molecular_stats,1,6.194444444444444,23.583333333333332,6,5,protein_binding,35
molecular_stats,2,5.222222222222222,15.208333333333334,6,5,protein_binding,35
molecular_stats,3,4.527777777777778,11.791666666666666,6,5,protein_binding,35
molecular_stats,4,4.083333333333333,9.433333333333334,6,5,protein_binding,35
molecule_mlp,1,6.083333333333333,23.583333333333332,6,5,protein_binding,35
molecule_mlp,2,5.097222222222222,15.208333333333334,6,5,protein_binding,35
molecule_mlp,3,4.972222222222222,11.791666666666666,6,5,protein_binding,35
molecule_mlp,4,4.166666666666667,9.433333333333334,6,5,protein_binding,35
random,1,23.583333333333332,23.583333333333332,6,5,protein_binding,35
random,2,15.208333333333334,15.208333333333334,6,5,protein_binding,35
random,3,11.791666666666666,11.791666666666666,6,5,protein_binding,35
random,4,9.433333333333332,9.433333333333332,6,5,protein_binding,35
set_gp_only,1,6.611111111111112,23.583333333333332,6,5,protein_binding,35
set_gp_only,2,5.347222222222222,15.208333333333334,6,5,protein_binding,35
set_gp_only,3,4.375,11.791666666666666,6,5,protein_binding,35
set_gp_only,4,4.375,9.433333333333334,6,5,protein_binding,35
set_transformer,1,8.305555555555555,23.583333333333332,6,5,protein_binding,35
set_transformer,2,5.638888888888888,15.208333333333334,6,5,protein_binding,35
set_transformer,3,5.222222222222222,11.791666666666666,6,5,protein_binding,35
set_transformer,4,4.833333333333333,9.433333333333334,6,5,protein_binding,35
state_stats,1,5.805555555555556,23.583333333333332,6,5,protein_binding,35
state_stats,2,4.069444444444445,15.208333333333334,6,5,protein_binding,35
state_stats,3,4.013888888888888,11.791666666666666,6,5,protein_binding,35
state_stats,4,3.75,9.433333333333334,6,5,protein_binding,35
compact_set,1,8.717948717948717,14.898351648351648,13,9,cellular_clearance,35
compact_set,2,6.961538461538462,10.891941391941392,13,9,cellular_clearance,35
compact_set,3,6.608974358974359,8.473992673992674,13,9,cellular_clearance,35
compact_set,4,5.737179487179487,7.2214285714285715,13,9,cellular_clearance,35
cross_attention,1,11.391025641025642,14.898351648351648,13,9,cellular_clearance,35
cross_attention,2,9.724358974358974,10.891941391941392,13,9,cellular_clearance,35
cross_attention,3,8.467948717948719,8.473992673992674,13,9,cellular_clearance,35
cross_attention,4,6.5,7.2214285714285715,13,9,cellular_clearance,35
deep_sets,1,11.756410256410257,14.898351648351648,13,9,cellular_clearance,35
deep_sets,2,10.461538461538462,10.891941391941392,13,9,cellular_clearance,35
deep_sets,3,8.275641025641026,8.473992673992674,13,9,cellular_clearance,35
deep_sets,4,6.532051282051283,7.2214285714285715,13,9,cellular_clearance,35
delta_greedy,1,9.01923076923077,14.898351648351648,13,9,cellular_clearance,35
delta_greedy,2,7.5,10.891941391941392,13,9,cellular_clearance,35
delta_greedy,3,4.519230769230769,8.473992673992674,13,9,cellular_clearance,35
delta_greedy,4,4.519230769230769,7.2214285714285715,13,9,cellular_clearance,35
gp_both,1,7.141025641025641,14.898351648351648,13,9,cellular_clearance,35
gp_both,2,6.480769230769231,10.891941391941392,13,9,cellular_clearance,35
gp_both,3,5.211538461538462,8.473992673992674,13,9,cellular_clearance,35
gp_both,4,4.205128205128205,7.2214285714285715,13,9,cellular_clearance,35
gp_delta,1,7.423076923076923,14.898351648351648,13,9,cellular_clearance,35
gp_delta,2,6.634615384615385,10.891941391941392,13,9,cellular_clearance,35
gp_delta,3,4.916666666666667,8.473992673992674,13,9,cellular_clearance,35
gp_delta,4,3.852564102564102,7.2214285714285715,13,9,cellular_clearance,35
gp_ei,1,7.115384615384615,14.898351648351648,13,9,cellular_clearance,35
gp_ei,2,6.115384615384615,10.891941391941392,13,9,cellular_clearance,35
gp_ei,3,5.1923076923076925,8.473992673992674,13,9,cellular_clearance,35
gp_ei,4,4.519230769230769,7.2214285714285715,13,9,cellular_clearance,35
gp_greedy,1,7.961538461538462,14.898351648351648,13,9,cellular_clearance,35
gp_greedy,2,6.961538461538462,10.891941391941392,13,9,cellular_clearance,35
gp_greedy,3,5.480769230769231,8.473992673992674,13,9,cellular_clearance,35
gp_greedy,4,4.096153846153846,7.2214285714285715,13,9,cellular_clearance,35
gp_incumbent,1,6.391025641025641,14.898351648351648,13,9,cellular_clearance,35
gp_incumbent,2,5.653846153846154,10.891941391941392,13,9,cellular_clearance,35
gp_incumbent,3,4.967948717948719,8.473992673992674,13,9,cellular_clearance,35
gp_incumbent,4,3.993589743589744,7.2214285714285715,13,9,cellular_clearance,35
gp_only,1,6.653846153846154,14.898351648351648,13,9,cellular_clearance,35
gp_only,2,5.987179487179488,10.891941391941392,13,9,cellular_clearance,35
gp_only,3,5.102564102564103,8.473992673992674,13,9,cellular_clearance,35
gp_only,4,3.974358974358974,7.2214285714285715,13,9,cellular_clearance,35
molecular_stats,1,9.602564102564102,14.898351648351648,13,9,cellular_clearance,35
molecular_stats,2,8.756410256410255,10.891941391941392,13,9,cellular_clearance,35
molecular_stats,3,7.33974358974359,8.473992673992674,13,9,cellular_clearance,35
molecular_stats,4,6.371794871794871,7.2214285714285715,13,9,cellular_clearance,35
molecule_mlp,1,9.044871794871796,14.898351648351648,13,9,cellular_clearance,35
molecule_mlp,2,7.346153846153846,10.891941391941392,13,9,cellular_clearance,35
molecule_mlp,3,6.384615384615385,8.473992673992674,13,9,cellular_clearance,35
molecule_mlp,4,4.75,7.2214285714285715,13,9,cellular_clearance,35
random,1,14.898351648351648,14.898351648351648,13,9,cellular_clearance,35
random,2,10.891941391941392,10.891941391941392,13,9,cellular_clearance,35
random,3,8.473992673992674,8.473992673992674,13,9,cellular_clearance,35
random,4,7.2214285714285715,7.2214285714285715,13,9,cellular_clearance,35
set_gp_only,1,8.641025641025642,14.898351648351648,13,9,cellular_clearance,35
set_gp_only,2,7.679487179487181,10.891941391941392,13,9,cellular_clearance,35
set_gp_only,3,6.871794871794872,8.473992673992674,13,9,cellular_clearance,35
set_gp_only,4,6.269230769230769,7.2214285714285715,13,9,cellular_clearance,35
set_transformer,1,9.487179487179487,14.898351648351648,13,9,cellular_clearance,35
set_transformer,2,8.76923076923077,10.891941391941392,13,9,cellular_clearance,35
set_transformer,3,8.115384615384615,8.473992673992674,13,9,cellular_clearance,35
set_transformer,4,6.923076923076923,7.2214285714285715,13,9,cellular_clearance,35
state_stats,1,7.185897435897436,14.898351648351648,13,9,cellular_clearance,35
state_stats,2,6.487179487179488,10.891941391941392,13,9,cellular_clearance,35
state_stats,3,5.179487179487179,8.473992673992674,13,9,cellular_clearance,35
state_stats,4,4.096153846153846,7.2214285714285715,13,9,cellular_clearance,35
compact_set,1,15.28125,25.5625,8,7,permeability,35
compact_set,2,8.395833333333334,17.041666666666668,8,7,permeability,35
compact_set,3,8.354166666666666,12.78125,8,7,permeability,35
compact_set,4,6.822916666666667,10.225,8,7,permeability,35
cross_attention,1,15.697916666666666,25.5625,8,7,permeability,35
cross_attention,2,11.854166666666666,17.041666666666668,8,7,permeability,35
cross_attention,3,11.625,12.78125,8,7,permeability,35
cross_attention,4,11.239583333333332,10.225,8,7,permeability,35
deep_sets,1,13.65625,25.5625,8,7,permeability,35
deep_sets,2,10.729166666666666,17.041666666666668,8,7,permeability,35
deep_sets,3,10.291666666666666,12.78125,8,7,permeability,35
deep_sets,4,9.458333333333334,10.225,8,7,permeability,35
delta_greedy,1,22.6875,25.5625,8,7,permeability,35
delta_greedy,2,13.25,17.041666666666668,8,7,permeability,35
delta_greedy,3,13.25,12.78125,8,7,permeability,35
delta_greedy,4,12.0,10.225,8,7,permeability,35
gp_both,1,14.177083333333334,25.5625,8,7,permeability,35
gp_both,2,7.020833333333333,17.041666666666668,8,7,permeability,35
gp_both,3,6.583333333333333,12.78125,8,7,permeability,35
gp_both,4,4.59375,10.225,8,7,permeability,35
gp_delta,1,13.270833333333334,25.5625,8,7,permeability,35
gp_delta,2,6.6875,17.041666666666668,8,7,permeability,35
gp_delta,3,6.25,12.78125,8,7,permeability,35
gp_delta,4,4.479166666666667,10.225,8,7,permeability,35
gp_ei,1,14.375,25.5625,8,7,permeability,35
gp_ei,2,6.375,17.041666666666668,8,7,permeability,35
gp_ei,3,6.3125,12.78125,8,7,permeability,35
gp_ei,4,4.78125,10.225,8,7,permeability,35
gp_greedy,1,13.9375,25.5625,8,7,permeability,35
gp_greedy,2,5.21875,17.041666666666668,8,7,permeability,35
gp_greedy,3,4.84375,12.78125,8,7,permeability,35
gp_greedy,4,3.34375,10.225,8,7,permeability,35
gp_incumbent,1,14.083333333333334,25.5625,8,7,permeability,35
gp_incumbent,2,6.041666666666667,17.041666666666668,8,7,permeability,35
gp_incumbent,3,5.552083333333333,12.78125,8,7,permeability,35
gp_incumbent,4,4.15625,10.225,8,7,permeability,35
gp_only,1,14.114583333333334,25.5625,8,7,permeability,35
gp_only,2,6.125,17.041666666666668,8,7,permeability,35
gp_only,3,5.65625,12.78125,8,7,permeability,35
gp_only,4,4.333333333333334,10.225,8,7,permeability,35
molecular_stats,1,13.083333333333334,25.5625,8,7,permeability,35
molecular_stats,2,8.53125,17.041666666666668,8,7,permeability,35
molecular_stats,3,8.041666666666668,12.78125,8,7,permeability,35
molecular_stats,4,7.635416666666667,10.225,8,7,permeability,35
molecule_mlp,1,15.239583333333332,25.5625,8,7,permeability,35
molecule_mlp,2,12.84375,17.041666666666668,8,7,permeability,35
molecule_mlp,3,12.604166666666666,12.78125,8,7,permeability,35
molecule_mlp,4,11.354166666666666,10.225,8,7,permeability,35
random,1,25.5625,25.5625,8,7,permeability,35
random,2,17.041666666666668,17.041666666666668,8,7,permeability,35
random,3,12.78125,12.78125,8,7,permeability,35
random,4,10.225,10.225,8,7,permeability,35
set_gp_only,1,14.46875,25.5625,8,7,permeability,35
set_gp_only,2,9.822916666666666,17.041666666666668,8,7,permeability,35
set_gp_only,3,9.822916666666666,12.78125,8,7,permeability,35
set_gp_only,4,8.5625,10.225,8,7,permeability,35
set_transformer,1,14.197916666666666,25.5625,8,7,permeability,35
set_transformer,2,9.520833333333332,17.041666666666668,8,7,permeability,35
set_transformer,3,9.229166666666666,12.78125,8,7,permeability,35
set_transformer,4,8.885416666666666,10.225,8,7,permeability,35
state_stats,1,14.145833333333332,25.5625,8,7,permeability,35
state_stats,2,6.625,17.041666666666668,8,7,permeability,35
state_stats,3,6.229166666666666,12.78125,8,7,permeability,35
state_stats,4,4.302083333333334,10.225,8,7,permeability,35
compact_set,1,6.666666666666667,20.0,1,1,efflux,35
compact_set,2,6.666666666666667,13.333333333333334,1,1,efflux,35
compact_set,3,4.0,10.0,1,1,efflux,35
compact_set,4,1.0,5.714285714285714,1,1,efflux,35
cross_attention,1,7.25,20.0,1,1,efflux,35
cross_attention,2,7.25,13.333333333333334,1,1,efflux,35
cross_attention,3,4.166666666666667,10.0,1,1,efflux,35
cross_attention,4,1.25,5.714285714285714,1,1,efflux,35
deep_sets,1,6.666666666666667,20.0,1,1,efflux,35
deep_sets,2,6.666666666666667,13.333333333333334,1,1,efflux,35
deep_sets,3,4.0,10.0,1,1,efflux,35
deep_sets,4,1.25,5.714285714285714,1,1,efflux,35
delta_greedy,1,12.25,20.0,1,1,efflux,35
delta_greedy,2,12.25,13.333333333333334,1,1,efflux,35
delta_greedy,3,4.0,10.0,1,1,efflux,35
delta_greedy,4,2.0,5.714285714285714,1,1,efflux,35
gp_both,1,4.666666666666667,20.0,1,1,efflux,35
gp_both,2,4.666666666666667,13.333333333333334,1,1,efflux,35
gp_both,3,3.9166666666666665,10.0,1,1,efflux,35
gp_both,4,1.0,5.714285714285714,1,1,efflux,35
gp_delta,1,5.0,20.0,1,1,efflux,35
gp_delta,2,5.0,13.333333333333334,1,1,efflux,35
gp_delta,3,4.333333333333333,10.0,1,1,efflux,35
gp_delta,4,1.0,5.714285714285714,1,1,efflux,35
gp_ei,1,5.0,20.0,1,1,efflux,35
gp_ei,2,5.0,13.333333333333334,1,1,efflux,35
gp_ei,3,4.5,10.0,1,1,efflux,35
gp_ei,4,1.0,5.714285714285714,1,1,efflux,35
gp_greedy,1,6.75,20.0,1,1,efflux,35
gp_greedy,2,6.75,13.333333333333334,1,1,efflux,35
gp_greedy,3,4.0,10.0,1,1,efflux,35
gp_greedy,4,1.0,5.714285714285714,1,1,efflux,35
gp_incumbent,1,4.833333333333333,20.0,1,1,efflux,35
gp_incumbent,2,4.833333333333333,13.333333333333334,1,1,efflux,35
gp_incumbent,3,4.5,10.0,1,1,efflux,35
gp_incumbent,4,1.0,5.714285714285714,1,1,efflux,35
gp_only,1,4.75,20.0,1,1,efflux,35
gp_only,2,4.75,13.333333333333334,1,1,efflux,35
gp_only,3,4.416666666666667,10.0,1,1,efflux,35
gp_only,4,1.3333333333333333,5.714285714285714,1,1,efflux,35
molecular_stats,1,6.916666666666667,20.0,1,1,efflux,35
molecular_stats,2,6.916666666666667,13.333333333333334,1,1,efflux,35
molecular_stats,3,4.0,10.0,1,1,efflux,35
molecular_stats,4,1.0,5.714285714285714,1,1,efflux,35
molecule_mlp,1,7.333333333333333,20.0,1,1,efflux,35
molecule_mlp,2,7.333333333333333,13.333333333333334,1,1,efflux,35
molecule_mlp,3,3.0,10.0,1,1,efflux,35
molecule_mlp,4,2.0,5.714285714285714,1,1,efflux,35
random,1,20.0,20.0,1,1,efflux,35
random,2,13.333333333333334,13.333333333333334,1,1,efflux,35
random,3,10.0,10.0,1,1,efflux,35
random,4,5.714285714285714,5.714285714285714,1,1,efflux,35
set_gp_only,1,7.333333333333333,20.0,1,1,efflux,35
set_gp_only,2,7.333333333333333,13.333333333333334,1,1,efflux,35
set_gp_only,3,3.9166666666666665,10.0,1,1,efflux,35
set_gp_only,4,2.0,5.714285714285714,1,1,efflux,35
set_transformer,1,6.75,20.0,1,1,efflux,35
set_transformer,2,6.75,13.333333333333334,1,1,efflux,35
set_transformer,3,4.0,10.0,1,1,efflux,35
set_transformer,4,1.0,5.714285714285714,1,1,efflux,35
state_stats,1,4.333333333333333,20.0,1,1,efflux,35
state_stats,2,4.333333333333333,13.333333333333334,1,1,efflux,35
state_stats,3,3.6666666666666665,10.0,1,1,efflux,35
state_stats,4,1.0,5.714285714285714,1,1,efflux,35
compact_set,1,7.416666666666667,17.93884132071632,52,34,all,40
compact_set,2,5.230769230769231,12.442046448921449,52,34,all,40
compact_set,3,4.07051282051282,9.900875120250122,52,34,all,40
compact_set,4,3.6298076923076925,8.323906255781255,52,34,all,40
cross_attention,1,8.383012820512821,17.93884132071632,52,34,all,40
cross_attention,2,6.415064102564102,12.442046448921449,52,34,all,40
cross_attention,3,4.9326923076923075,9.900875120250122,52,34,all,40
cross_attention,4,4.347756410256411,8.323906255781255,52,34,all,40
deep_sets,1,8.25,17.93884132071632,52,34,all,40
deep_sets,2,6.705128205128205,12.442046448921449,52,34,all,40
deep_sets,3,5.216346153846154,9.900875120250122,52,34,all,40
deep_sets,4,4.80448717948718,8.323906255781255,52,34,all,40
delta_greedy,1,10.725961538461538,17.93884132071632,52,34,all,40
delta_greedy,2,7.043269230769231,12.442046448921449,52,34,all,40
delta_greedy,3,5.052884615384615,9.900875120250122,52,34,all,40
delta_greedy,4,4.471153846153846,8.323906255781255,52,34,all,40
gp_both,1,6.916666666666667,17.93884132071632,52,34,all,40
gp_both,2,4.467948717948718,12.442046448921449,52,34,all,40
gp_both,3,3.4439102564102564,9.900875120250122,52,34,all,40
gp_both,4,2.907051282051282,8.323906255781255,52,34,all,40
gp_delta,1,6.8798076923076925,17.93884132071632,52,34,all,40
gp_delta,2,4.475961538461538,12.442046448921449,52,34,all,40
gp_delta,3,3.2964743589743586,9.900875120250122,52,34,all,40
gp_delta,4,2.794871794871795,8.323906255781255,52,34,all,40
gp_ei,1,6.961538461538462,17.93884132071632,52,34,all,40
gp_ei,2,4.725961538461538,12.442046448921449,52,34,all,40
gp_ei,3,3.605769230769231,9.900875120250122,52,34,all,40
gp_ei,4,3.2548076923076925,8.323906255781255,52,34,all,40
gp_greedy,1,6.451923076923077,17.93884132071632,52,34,all,40
gp_greedy,2,4.125,12.442046448921449,52,34,all,40
gp_greedy,3,3.230769230769231,9.900875120250122,52,34,all,40
gp_greedy,4,2.8076923076923075,8.323906255781255,52,34,all,40
gp_incumbent,1,7.075320512820513,17.93884132071632,52,34,all,40
gp_incumbent,2,4.708333333333334,12.442046448921449,52,34,all,40
gp_incumbent,3,3.7451923076923075,9.900875120250122,52,34,all,40
gp_incumbent,4,3.2339743589743586,8.323906255781255,52,34,all,40
gp_only,1,7.022435897435898,17.93884132071632,52,34,all,40
gp_only,2,4.857371794871795,12.442046448921449,52,34,all,40
gp_only,3,3.772435897435898,9.900875120250122,52,34,all,40
gp_only,4,3.3653846153846154,8.323906255781255,52,34,all,40
molecular_stats,1,7.431089743589744,17.93884132071632,52,34,all,40
molecular_stats,2,5.653846153846154,12.442046448921449,52,34,all,40
molecular_stats,3,4.290064102564103,9.900875120250122,52,34,all,40
molecular_stats,4,3.9903846153846154,8.323906255781255,52,34,all,40
molecule_mlp,1,7.3798076923076925,17.93884132071632,52,34,all,40
molecule_mlp,2,5.758012820512821,12.442046448921449,52,34,all,40
molecule_mlp,3,4.381410256410256,9.900875120250122,52,34,all,40
molecule_mlp,4,3.9823717948717947,8.323906255781255,52,34,all,40
random,1,17.93884132071632,17.93884132071632,52,34,all,40
random,2,12.442046448921449,12.442046448921449,52,34,all,40
random,3,9.900875120250122,9.900875120250122,52,34,all,40
random,4,8.323906255781255,8.323906255781255,52,34,all,40
set_gp_only,1,7.142628205128204,17.93884132071632,52,34,all,40
set_gp_only,2,5.895833333333333,12.442046448921449,52,34,all,40
set_gp_only,3,4.519230769230769,9.900875120250122,52,34,all,40
set_gp_only,4,4.137820512820513,8.323906255781255,52,34,all,40
set_transformer,1,8.136217948717949,17.93884132071632,52,34,all,40
set_transformer,2,6.224358974358974,12.442046448921449,52,34,all,40
set_transformer,3,4.769230769230769,9.900875120250122,52,34,all,40
set_transformer,4,4.301282051282051,8.323906255781255,52,34,all,40
state_stats,1,7.241987179487179,17.93884132071632,52,34,all,40
state_stats,2,4.464743589743589,12.442046448921449,52,34,all,40
state_stats,3,3.400641025641026,9.900875120250122,52,34,all,40
state_stats,4,2.844551282051282,8.323906255781255,52,34,all,40
compact_set,1,6.1640625,16.04607845568783,32,21,microsomal_clearance,40
compact_set,2,4.192708333333333,11.12420345568783,32,21,microsomal_clearance,40
compact_set,3,2.640625,9.104175046596922,32,21,microsomal_clearance,40
compact_set,4,2.6171875,7.963029213263589,32,21,microsomal_clearance,40
cross_attention,1,6.1875,16.04607845568783,32,21,microsomal_clearance,40
cross_attention,2,4.6171875,11.12420345568783,32,21,microsomal_clearance,40
cross_attention,3,2.8098958333333335,9.104175046596922,32,21,microsomal_clearance,40
cross_attention,4,2.6067708333333335,7.963029213263589,32,21,microsomal_clearance,40
deep_sets,1,7.671875,16.04607845568783,32,21,microsomal_clearance,40
deep_sets,2,5.755208333333333,11.12420345568783,32,21,microsomal_clearance,40
deep_sets,3,3.8515625,9.104175046596922,32,21,microsomal_clearance,40
deep_sets,4,3.8151041666666665,7.963029213263589,32,21,microsomal_clearance,40
delta_greedy,1,8.796875,16.04607845568783,32,21,microsomal_clearance,40
delta_greedy,2,5.046875,11.12420345568783,32,21,microsomal_clearance,40
delta_greedy,3,3.4140625,9.104175046596922,32,21,microsomal_clearance,40
delta_greedy,4,2.90625,7.963029213263589,32,21,microsomal_clearance,40
gp_both,1,5.997395833333333,16.04607845568783,32,21,microsomal_clearance,40
gp_both,2,3.947916666666667,11.12420345568783,32,21,microsomal_clearance,40
gp_both,3,2.4635416666666665,9.104175046596922,32,21,microsomal_clearance,40
gp_both,4,2.4375,7.963029213263589,32,21,microsomal_clearance,40
gp_delta,1,6.1953125,16.04607845568783,32,21,microsomal_clearance,40
gp_delta,2,4.177083333333333,11.12420345568783,32,21,microsomal_clearance,40
gp_delta,3,2.4296875,9.104175046596922,32,21,microsomal_clearance,40
gp_delta,4,2.40625,7.963029213263589,32,21,microsomal_clearance,40
gp_ei,1,6.4375,16.04607845568783,32,21,microsomal_clearance,40
gp_ei,2,4.71875,11.12420345568783,32,21,microsomal_clearance,40
gp_ei,3,3.2265625,9.104175046596922,32,21,microsomal_clearance,40
gp_ei,4,3.1796875,7.963029213263589,32,21,microsomal_clearance,40
gp_greedy,1,5.21875,16.04607845568783,32,21,microsomal_clearance,40
gp_greedy,2,3.7109375,11.12420345568783,32,21,microsomal_clearance,40
gp_greedy,3,2.765625,9.104175046596922,32,21,microsomal_clearance,40
gp_greedy,4,2.7578125,7.963029213263589,32,21,microsomal_clearance,40
gp_incumbent,1,6.1171875,16.04607845568783,32,21,microsomal_clearance,40
gp_incumbent,2,4.684895833333334,11.12420345568783,32,21,microsomal_clearance,40
gp_incumbent,3,3.2630208333333335,9.104175046596922,32,21,microsomal_clearance,40
gp_incumbent,4,3.2317708333333335,7.963029213263589,32,21,microsomal_clearance,40
gp_only,1,6.200520833333333,16.04607845568783,32,21,microsomal_clearance,40
gp_only,2,4.893229166666667,11.12420345568783,32,21,microsomal_clearance,40
gp_only,3,3.3671875,9.104175046596922,32,21,microsomal_clearance,40
gp_only,4,3.3359375,7.963029213263589,32,21,microsomal_clearance,40
molecular_stats,1,6.731770833333333,16.04607845568783,32,21,microsomal_clearance,40
molecular_stats,2,4.692708333333333,11.12420345568783,32,21,microsomal_clearance,40
molecular_stats,3,3.2083333333333335,9.104175046596922,32,21,microsomal_clearance,40
molecular_stats,4,3.1822916666666665,7.963029213263589,32,21,microsomal_clearance,40
molecule_mlp,1,6.463541666666667,16.04607845568783,32,21,microsomal_clearance,40
molecule_mlp,2,4.309895833333333,11.12420345568783,32,21,microsomal_clearance,40
molecule_mlp,3,2.7239583333333335,9.104175046596922,32,21,microsomal_clearance,40
molecule_mlp,4,2.6875,7.963029213263589,32,21,microsomal_clearance,40
random,1,16.04607845568783,16.04607845568783,32,21,microsomal_clearance,40
random,2,11.12420345568783,11.12420345568783,32,21,microsomal_clearance,40
random,3,9.104175046596922,9.104175046596922,32,21,microsomal_clearance,40
random,4,7.963029213263589,7.963029213263589,32,21,microsomal_clearance,40
set_gp_only,1,6.205729166666666,16.04607845568783,32,21,microsomal_clearance,40
set_gp_only,2,4.997395833333333,11.12420345568783,32,21,microsomal_clearance,40
set_gp_only,3,3.3125,9.104175046596922,32,21,microsomal_clearance,40
set_gp_only,4,3.28125,7.963029213263589,32,21,microsomal_clearance,40
set_transformer,1,7.2109375,16.04607845568783,32,21,microsomal_clearance,40
set_transformer,2,4.903645833333333,11.12420345568783,32,21,microsomal_clearance,40
set_transformer,3,3.078125,9.104175046596922,32,21,microsomal_clearance,40
set_transformer,4,3.0182291666666665,7.963029213263589,32,21,microsomal_clearance,40
state_stats,1,6.419270833333333,16.04607845568783,32,21,microsomal_clearance,40
state_stats,2,4.046875,11.12420345568783,32,21,microsomal_clearance,40
state_stats,3,2.541666666666667,9.104175046596922,32,21,microsomal_clearance,40
state_stats,4,2.4765625,7.963029213263589,32,21,microsomal_clearance,40
compact_set,1,7.916666666666667,20.5,1,1,in_vivo_clearance,40
compact_set,2,6.75,13.666666666666666,1,1,in_vivo_clearance,40
compact_set,3,4.5,10.25,1,1,in_vivo_clearance,40
compact_set,4,4.083333333333333,6.833333333333333,1,1,in_vivo_clearance,40
cross_attention,1,26.25,20.5,1,1,in_vivo_clearance,40
cross_attention,2,6.333333333333333,13.666666666666666,1,1,in_vivo_clearance,40
cross_attention,3,6.333333333333333,10.25,1,1,in_vivo_clearance,40
cross_attention,4,5.333333333333333,6.833333333333333,1,1,in_vivo_clearance,40
deep_sets,1,10.0,20.5,1,1,in_vivo_clearance,40
deep_sets,2,10.0,13.666666666666666,1,1,in_vivo_clearance,40
deep_sets,3,4.833333333333333,10.25,1,1,in_vivo_clearance,40
deep_sets,4,4.833333333333333,6.833333333333333,1,1,in_vivo_clearance,40
delta_greedy,1,23.0,20.5,1,1,in_vivo_clearance,40
delta_greedy,2,23.0,13.666666666666666,1,1,in_vivo_clearance,40
delta_greedy,3,6.0,10.25,1,1,in_vivo_clearance,40
delta_greedy,4,6.0,6.833333333333333,1,1,in_vivo_clearance,40
gp_both,1,6.25,20.5,1,1,in_vivo_clearance,40
gp_both,2,5.416666666666667,13.666666666666666,1,1,in_vivo_clearance,40
gp_both,3,3.8333333333333335,10.25,1,1,in_vivo_clearance,40
gp_both,4,3.5,6.833333333333333,1,1,in_vivo_clearance,40
gp_delta,1,8.166666666666666,20.5,1,1,in_vivo_clearance,40
gp_delta,2,5.416666666666667,13.666666666666666,1,1,in_vivo_clearance,40
gp_delta,3,3.75,10.25,1,1,in_vivo_clearance,40
gp_delta,4,3.0833333333333335,6.833333333333333,1,1,in_vivo_clearance,40
gp_ei,1,10.5,20.5,1,1,in_vivo_clearance,40
gp_ei,2,9.5,13.666666666666666,1,1,in_vivo_clearance,40
gp_ei,3,2.0,10.25,1,1,in_vivo_clearance,40
gp_ei,4,2.0,6.833333333333333,1,1,in_vivo_clearance,40
gp_greedy,1,7.5,20.5,1,1,in_vivo_clearance,40
gp_greedy,2,7.5,13.666666666666666,1,1,in_vivo_clearance,40
gp_greedy,3,2.0,10.25,1,1,in_vivo_clearance,40
gp_greedy,4,2.0,6.833333333333333,1,1,in_vivo_clearance,40
gp_incumbent,1,17.166666666666668,20.5,1,1,in_vivo_clearance,40
gp_incumbent,2,8.0,13.666666666666666,1,1,in_vivo_clearance,40
gp_incumbent,3,8.0,10.25,1,1,in_vivo_clearance,40
gp_incumbent,4,3.6666666666666665,6.833333333333333,1,1,in_vivo_clearance,40
gp_only,1,11.666666666666666,20.5,1,1,in_vivo_clearance,40
gp_only,2,8.333333333333334,13.666666666666666,1,1,in_vivo_clearance,40
gp_only,3,4.666666666666667,10.25,1,1,in_vivo_clearance,40
gp_only,4,4.166666666666667,6.833333333333333,1,1,in_vivo_clearance,40
molecular_stats,1,17.083333333333332,20.5,1,1,in_vivo_clearance,40
molecular_stats,2,17.083333333333332,13.666666666666666,1,1,in_vivo_clearance,40
molecular_stats,3,10.583333333333334,10.25,1,1,in_vivo_clearance,40
molecular_stats,4,10.583333333333334,6.833333333333333,1,1,in_vivo_clearance,40
molecule_mlp,1,7.5,20.5,1,1,in_vivo_clearance,40
molecule_mlp,2,7.5,13.666666666666666,1,1,in_vivo_clearance,40
molecule_mlp,3,2.0,10.25,1,1,in_vivo_clearance,40
molecule_mlp,4,2.0,6.833333333333333,1,1,in_vivo_clearance,40
random,1,20.5,20.5,1,1,in_vivo_clearance,40
random,2,13.666666666666666,13.666666666666666,1,1,in_vivo_clearance,40
random,3,10.25,10.25,1,1,in_vivo_clearance,40
random,4,6.833333333333333,6.833333333333333,1,1,in_vivo_clearance,40
set_gp_only,1,6.083333333333333,20.5,1,1,in_vivo_clearance,40
set_gp_only,2,6.083333333333333,13.666666666666666,1,1,in_vivo_clearance,40
set_gp_only,3,2.4166666666666665,10.25,1,1,in_vivo_clearance,40
set_gp_only,4,2.3333333333333335,6.833333333333333,1,1,in_vivo_clearance,40
set_transformer,1,12.166666666666666,20.5,1,1,in_vivo_clearance,40
set_transformer,2,12.166666666666666,13.666666666666666,1,1,in_vivo_clearance,40
set_transformer,3,10.833333333333334,10.25,1,1,in_vivo_clearance,40
set_transformer,4,6.083333333333333,6.833333333333333,1,1,in_vivo_clearance,40
state_stats,1,9.166666666666666,20.5,1,1,in_vivo_clearance,40
state_stats,2,6.333333333333333,13.666666666666666,1,1,in_vivo_clearance,40
state_stats,3,3.3333333333333335,10.25,1,1,in_vivo_clearance,40
state_stats,4,2.0,6.833333333333333,1,1,in_vivo_clearance,40
compact_set,1,4.583333333333334,32.75,2,2,protein_binding,40
compact_set,2,4.583333333333334,21.833333333333332,2,2,protein_binding,40
compact_set,3,3.166666666666667,16.375,2,2,protein_binding,40
compact_set,4,2.916666666666667,13.1,2,2,protein_binding,40
cross_attention,1,9.333333333333332,32.75,2,2,protein_binding,40
cross_attention,2,7.25,21.833333333333332,2,2,protein_binding,40
cross_attention,3,4.375,16.375,2,2,protein_binding,40
cross_attention,4,4.208333333333334,13.1,2,2,protein_binding,40
deep_sets,1,7.25,32.75,2,2,protein_binding,40
deep_sets,2,7.25,21.833333333333332,2,2,protein_binding,40
deep_sets,3,7.25,16.375,2,2,protein_binding,40
deep_sets,4,7.166666666666667,13.1,2,2,protein_binding,40
delta_greedy,1,13.25,32.75,2,2,protein_binding,40
delta_greedy,2,13.25,21.833333333333332,2,2,protein_binding,40
delta_greedy,3,5.625,16.375,2,2,protein_binding,40
delta_greedy,4,4.625,13.1,2,2,protein_binding,40
gp_both,1,3.458333333333333,32.75,2,2,protein_binding,40
gp_both,2,3.458333333333333,21.833333333333332,2,2,protein_binding,40
gp_both,3,3.375,16.375,2,2,protein_binding,40
gp_both,4,2.7083333333333335,13.1,2,2,protein_binding,40
gp_delta,1,3.5,32.75,2,2,protein_binding,40
gp_delta,2,3.5,21.833333333333332,2,2,protein_binding,40
gp_delta,3,3.5,16.375,2,2,protein_binding,40
gp_delta,4,2.583333333333333,13.1,2,2,protein_binding,40
gp_ei,1,2.75,32.75,2,2,protein_binding,40
gp_ei,2,2.75,21.833333333333332,2,2,protein_binding,40
gp_ei,3,2.0,16.375,2,2,protein_binding,40
gp_ei,4,1.5,13.1,2,2,protein_binding,40
gp_greedy,1,1.625,32.75,2,2,protein_binding,40
gp_greedy,2,1.625,21.833333333333332,2,2,protein_binding,40
gp_greedy,3,1.625,16.375,2,2,protein_binding,40
gp_greedy,4,1.625,13.1,2,2,protein_binding,40
gp_incumbent,1,2.333333333333333,32.75,2,2,protein_binding,40
gp_incumbent,2,2.333333333333333,21.833333333333332,2,2,protein_binding,40
gp_incumbent,3,2.166666666666667,16.375,2,2,protein_binding,40
gp_incumbent,4,1.5,13.1,2,2,protein_binding,40
gp_only,1,2.5,32.75,2,2,protein_binding,40
gp_only,2,2.5,21.833333333333332,2,2,protein_binding,40
gp_only,3,2.333333333333333,16.375,2,2,protein_binding,40
gp_only,4,1.7916666666666667,13.1,2,2,protein_binding,40
molecular_stats,1,3.375,32.75,2,2,protein_binding,40
molecular_stats,2,3.375,21.833333333333332,2,2,protein_binding,40
molecular_stats,3,2.0833333333333335,16.375,2,2,protein_binding,40
molecular_stats,4,2.0416666666666665,13.1,2,2,protein_binding,40
molecule_mlp,1,4.916666666666666,32.75,2,2,protein_binding,40
molecule_mlp,2,4.916666666666666,21.833333333333332,2,2,protein_binding,40
molecule_mlp,3,4.916666666666666,16.375,2,2,protein_binding,40
molecule_mlp,4,4.875,13.1,2,2,protein_binding,40
random,1,32.75,32.75,2,2,protein_binding,40
random,2,21.833333333333332,21.833333333333332,2,2,protein_binding,40
random,3,16.375,16.375,2,2,protein_binding,40
random,4,13.1,13.1,2,2,protein_binding,40
set_gp_only,1,2.833333333333333,32.75,2,2,protein_binding,40
set_gp_only,2,2.833333333333333,21.833333333333332,2,2,protein_binding,40
set_gp_only,3,1.625,16.375,2,2,protein_binding,40
set_gp_only,4,1.625,13.1,2,2,protein_binding,40
set_transformer,1,5.625,32.75,2,2,protein_binding,40
set_transformer,2,5.333333333333333,21.833333333333332,2,2,protein_binding,40
set_transformer,3,4.083333333333334,16.375,2,2,protein_binding,40
set_transformer,4,3.25,13.1,2,2,protein_binding,40
state_stats,1,3.5,32.75,2,2,protein_binding,40
state_stats,2,3.5,21.833333333333332,2,2,protein_binding,40
state_stats,3,3.5,16.375,2,2,protein_binding,40
state_stats,4,2.708333333333333,13.1,2,2,protein_binding,40
compact_set,1,7.296296296296295,14.093915343915345,9,6,cellular_clearance,40
compact_set,2,6.4907407407407405,10.667989417989418,9,6,cellular_clearance,40
compact_set,3,6.203703703703703,8.584656084656084,9,6,cellular_clearance,40
compact_set,4,5.537037037037036,7.186507936507937,9,6,cellular_clearance,40
cross_attention,1,9.88888888888889,14.093915343915345,9,6,cellular_clearance,40
cross_attention,2,8.277777777777779,10.667989417989418,9,6,cellular_clearance,40
cross_attention,3,7.324074074074073,8.584656084656084,9,6,cellular_clearance,40
cross_attention,4,5.481481481481481,7.186507936507937,9,6,cellular_clearance,40
deep_sets,1,7.685185185185186,14.093915343915345,9,6,cellular_clearance,40
deep_sets,2,7.296296296296297,10.667989417989418,9,6,cellular_clearance,40
deep_sets,3,6.694444444444445,8.584656084656084,9,6,cellular_clearance,40
deep_sets,4,5.5,7.186507936507937,9,6,cellular_clearance,40
delta_greedy,1,7.555555555555555,14.093915343915345,9,6,cellular_clearance,40
delta_greedy,2,5.527777777777778,10.667989417989418,9,6,cellular_clearance,40
delta_greedy,3,4.333333333333333,8.584656084656084,9,6,cellular_clearance,40
delta_greedy,4,4.333333333333333,7.186507936507937,9,6,cellular_clearance,40
gp_both,1,5.194444444444445,14.093915343915345,9,6,cellular_clearance,40
gp_both,2,4.787037037037036,10.667989417989418,9,6,cellular_clearance,40
gp_both,3,4.481481481481482,8.584656084656084,9,6,cellular_clearance,40
gp_both,4,3.75,7.186507936507937,9,6,cellular_clearance,40
gp_delta,1,4.8240740740740735,14.093915343915345,9,6,cellular_clearance,40
gp_delta,2,4.268518518518518,10.667989417989418,9,6,cellular_clearance,40
gp_delta,3,3.981481481481481,8.584656084656084,9,6,cellular_clearance,40
gp_delta,4,3.388888888888889,7.186507936507937,9,6,cellular_clearance,40
gp_ei,1,4.5,14.093915343915345,9,6,cellular_clearance,40
gp_ei,2,3.9722222222222223,10.667989417989418,9,6,cellular_clearance,40
gp_ei,3,3.9166666666666665,8.584656084656084,9,6,cellular_clearance,40
gp_ei,4,3.9166666666666665,7.186507936507937,9,6,cellular_clearance,40
gp_greedy,1,5.527777777777778,14.093915343915345,9,6,cellular_clearance,40
gp_greedy,2,5.194444444444445,10.667989417989418,9,6,cellular_clearance,40
gp_greedy,3,4.305555555555555,8.584656084656084,9,6,cellular_clearance,40
gp_greedy,4,3.5555555555555554,7.186507936507937,9,6,cellular_clearance,40
gp_incumbent,1,4.768518518518519,14.093915343915345,9,6,cellular_clearance,40
gp_incumbent,2,4.351851851851852,10.667989417989418,9,6,cellular_clearance,40
gp_incumbent,3,4.037037037037037,8.584656084656084,9,6,cellular_clearance,40
gp_incumbent,4,3.453703703703704,7.186507936507937,9,6,cellular_clearance,40
gp_only,1,4.759259259259259,14.093915343915345,9,6,cellular_clearance,40
gp_only,2,4.37037037037037,10.667989417989418,9,6,cellular_clearance,40
gp_only,3,4.092592592592592,8.584656084656084,9,6,cellular_clearance,40
gp_only,4,3.546296296296296,7.186507936507937,9,6,cellular_clearance,40
molecular_stats,1,7.425925925925926,14.093915343915345,9,6,cellular_clearance,40
molecular_stats,2,6.777777777777778,10.667989417989418,9,6,cellular_clearance,40
molecular_stats,3,5.944444444444445,8.584656084656084,9,6,cellular_clearance,40
molecular_stats,4,5.009259259259259,7.186507936507937,9,6,cellular_clearance,40
molecule_mlp,1,6.777777777777778,14.093915343915345,9,6,cellular_clearance,40
molecule_mlp,2,6.37037037037037,10.667989417989418,9,6,cellular_clearance,40
molecule_mlp,3,5.277777777777778,8.584656084656084,9,6,cellular_clearance,40
molecule_mlp,4,4.314814814814815,7.186507936507937,9,6,cellular_clearance,40
random,1,14.093915343915345,14.093915343915345,9,6,cellular_clearance,40
random,2,10.667989417989418,10.667989417989418,9,6,cellular_clearance,40
random,3,8.584656084656084,8.584656084656084,9,6,cellular_clearance,40
random,4,7.186507936507937,7.186507936507937,9,6,cellular_clearance,40
set_gp_only,1,7.324074074074074,14.093915343915345,9,6,cellular_clearance,40
set_gp_only,2,6.944444444444445,10.667989417989418,9,6,cellular_clearance,40
set_gp_only,3,6.037037037037037,8.584656084656084,9,6,cellular_clearance,40
set_gp_only,4,5.287037037037037,7.186507936507937,9,6,cellular_clearance,40
set_transformer,1,8.50925925925926,14.093915343915345,9,6,cellular_clearance,40
set_transformer,2,8.157407407407407,10.667989417989418,9,6,cellular_clearance,40
set_transformer,3,7.231481481481483,8.584656084656084,9,6,cellular_clearance,40
set_transformer,4,6.092592592592592,7.186507936507937,9,6,cellular_clearance,40
state_stats,1,5.305555555555555,14.093915343915345,9,6,cellular_clearance,40
state_stats,2,4.694444444444445,10.667989417989418,9,6,cellular_clearance,40
state_stats,3,4.324074074074074,8.584656084656084,9,6,cellular_clearance,40
state_stats,4,3.675925925925926,7.186507936507937,9,6,cellular_clearance,40
compact_set,1,14.142857142857142,26.642857142857142,7,6,permeability,40
compact_set,2,8.119047619047619,17.761904761904763,7,6,permeability,40
compact_set,3,8.071428571428571,13.321428571428571,7,6,permeability,40
compact_set,4,6.321428571428571,10.657142857142857,7,6,permeability,40
cross_attention,1,13.821428571428571,26.642857142857142,7,6,permeability,40
cross_attention,2,11.892857142857142,17.761904761904763,7,6,permeability,40
cross_attention,3,11.630952380952381,13.321428571428571,7,6,permeability,40
cross_attention,4,11.190476190476192,10.657142857142857,7,6,permeability,40
deep_sets,1,11.88095238095238,26.642857142857142,7,6,permeability,40
deep_sets,2,9.666666666666668,17.761904761904763,7,6,permeability,40
deep_sets,3,9.202380952380953,13.321428571428571,7,6,permeability,40
deep_sets,4,8.261904761904763,10.657142857142857,7,6,permeability,40
delta_greedy,1,20.928571428571427,26.642857142857142,7,6,permeability,40
delta_greedy,2,13.321428571428571,17.761904761904763,7,6,permeability,40
delta_greedy,3,13.321428571428571,13.321428571428571,7,6,permeability,40
delta_greedy,4,11.892857142857142,10.657142857142857,7,6,permeability,40
gp_both,1,14.738095238095239,26.642857142857142,7,6,permeability,40
gp_both,2,6.559523809523809,17.761904761904763,7,6,permeability,40
gp_both,3,6.488095238095238,13.321428571428571,7,6,permeability,40
gp_both,4,4.214285714285714,10.657142857142857,7,6,permeability,40
gp_delta,1,13.702380952380953,26.642857142857142,7,6,permeability,40
gp_delta,2,6.178571428571429,17.761904761904763,7,6,permeability,40
gp_delta,3,6.107142857142857,13.321428571428571,7,6,permeability,40
gp_delta,4,4.083333333333334,10.657142857142857,7,6,permeability,40
gp_ei,1,13.5,26.642857142857142,7,6,permeability,40
gp_ei,2,5.571428571428571,17.761904761904763,7,6,permeability,40
gp_ei,3,5.5,13.321428571428571,7,6,permeability,40
gp_ei,4,3.75,10.657142857142857,7,6,permeability,40
gp_greedy,1,14.464285714285714,26.642857142857142,7,6,permeability,40
gp_greedy,2,4.5,17.761904761904763,7,6,permeability,40
gp_greedy,3,4.5,13.321428571428571,7,6,permeability,40
gp_greedy,4,2.7857142857142856,10.657142857142857,7,6,permeability,40
gp_incumbent,1,14.654761904761907,26.642857142857142,7,6,permeability,40
gp_incumbent,2,5.464285714285714,17.761904761904763,7,6,permeability,40
gp_incumbent,3,5.309523809523809,13.321428571428571,7,6,permeability,40
gp_incumbent,4,3.7142857142857144,10.657142857142857,7,6,permeability,40
gp_only,1,14.642857142857142,26.642857142857142,7,6,permeability,40
gp_only,2,5.511904761904762,17.761904761904763,7,6,permeability,40
gp_only,3,5.404761904761905,13.321428571428571,7,6,permeability,40
gp_only,4,3.892857142857143,10.657142857142857,7,6,permeability,40
molecular_stats,1,10.488095238095239,26.642857142857142,7,6,permeability,40
molecular_stats,2,7.440476190476191,17.761904761904763,7,6,permeability,40
molecular_stats,3,6.880952380952381,13.321428571428571,7,6,permeability,40
molecular_stats,4,6.416666666666666,10.657142857142857,7,6,permeability,40
molecule_mlp,1,13.035714285714286,26.642857142857142,7,6,permeability,40
molecule_mlp,2,11.357142857142858,17.761904761904763,7,6,permeability,40
molecule_mlp,3,11.19047619047619,13.321428571428571,7,6,permeability,40
molecule_mlp,4,9.785714285714286,10.657142857142857,7,6,permeability,40
random,1,26.642857142857142,26.642857142857142,7,6,permeability,40
random,2,17.761904761904763,17.761904761904763,7,6,permeability,40
random,3,13.321428571428571,13.321428571428571,7,6,permeability,40
random,4,10.657142857142857,10.657142857142857,7,6,permeability,40
set_gp_only,1,12.547619047619047,26.642857142857142,7,6,permeability,40
set_gp_only,2,9.297619047619047,17.761904761904763,7,6,permeability,40
set_gp_only,3,9.297619047619047,13.321428571428571,7,6,permeability,40
set_gp_only,4,7.857142857142857,10.657142857142857,7,6,permeability,40
set_transformer,1,12.226190476190476,26.642857142857142,7,6,permeability,40
set_transformer,2,9.107142857142858,17.761904761904763,7,6,permeability,40
set_transformer,3,8.773809523809524,13.321428571428571,7,6,permeability,40
set_transformer,4,8.380952380952381,10.657142857142857,7,6,permeability,40
state_stats,1,14.70238095238095,26.642857142857142,7,6,permeability,40
state_stats,2,6.107142857142857,17.761904761904763,7,6,permeability,40
state_stats,3,6.083333333333333,13.321428571428571,7,6,permeability,40
state_stats,4,3.880952380952381,10.657142857142857,7,6,permeability,40
compact_set,1,6.666666666666667,20.0,1,1,efflux,40
compact_set,2,6.666666666666667,13.333333333333334,1,1,efflux,40
compact_set,3,4.0,10.0,1,1,efflux,40
compact_set,4,1.0,5.714285714285714,1,1,efflux,40
cross_attention,1,7.25,20.0,1,1,efflux,40
cross_attention,2,7.25,13.333333333333334,1,1,efflux,40
cross_attention,3,4.166666666666667,10.0,1,1,efflux,40
cross_attention,4,1.25,5.714285714285714,1,1,efflux,40
deep_sets,1,6.666666666666667,20.0,1,1,efflux,40
deep_sets,2,6.666666666666667,13.333333333333334,1,1,efflux,40
deep_sets,3,4.0,10.0,1,1,efflux,40
deep_sets,4,1.25,5.714285714285714,1,1,efflux,40
delta_greedy,1,12.25,20.0,1,1,efflux,40
delta_greedy,2,12.25,13.333333333333334,1,1,efflux,40
delta_greedy,3,4.0,10.0,1,1,efflux,40
delta_greedy,4,2.0,5.714285714285714,1,1,efflux,40
gp_both,1,4.666666666666667,20.0,1,1,efflux,40
gp_both,2,4.666666666666667,13.333333333333334,1,1,efflux,40
gp_both,3,3.9166666666666665,10.0,1,1,efflux,40
gp_both,4,1.0,5.714285714285714,1,1,efflux,40
gp_delta,1,5.0,20.0,1,1,efflux,40
gp_delta,2,5.0,13.333333333333334,1,1,efflux,40
gp_delta,3,4.333333333333333,10.0,1,1,efflux,40
gp_delta,4,1.0,5.714285714285714,1,1,efflux,40
gp_ei,1,5.0,20.0,1,1,efflux,40
gp_ei,2,5.0,13.333333333333334,1,1,efflux,40
gp_ei,3,4.5,10.0,1,1,efflux,40
gp_ei,4,1.0,5.714285714285714,1,1,efflux,40
gp_greedy,1,6.75,20.0,1,1,efflux,40
gp_greedy,2,6.75,13.333333333333334,1,1,efflux,40
gp_greedy,3,4.0,10.0,1,1,efflux,40
gp_greedy,4,1.0,5.714285714285714,1,1,efflux,40
gp_incumbent,1,4.833333333333333,20.0,1,1,efflux,40
gp_incumbent,2,4.833333333333333,13.333333333333334,1,1,efflux,40
gp_incumbent,3,4.5,10.0,1,1,efflux,40
gp_incumbent,4,1.0,5.714285714285714,1,1,efflux,40
gp_only,1,4.75,20.0,1,1,efflux,40
gp_only,2,4.75,13.333333333333334,1,1,efflux,40
gp_only,3,4.416666666666667,10.0,1,1,efflux,40
gp_only,4,1.3333333333333333,5.714285714285714,1,1,efflux,40
molecular_stats,1,6.916666666666667,20.0,1,1,efflux,40
molecular_stats,2,6.916666666666667,13.333333333333334,1,1,efflux,40
molecular_stats,3,4.0,10.0,1,1,efflux,40
molecular_stats,4,1.0,5.714285714285714,1,1,efflux,40
molecule_mlp,1,7.333333333333333,20.0,1,1,efflux,40
molecule_mlp,2,7.333333333333333,13.333333333333334,1,1,efflux,40
molecule_mlp,3,3.0,10.0,1,1,efflux,40
molecule_mlp,4,2.0,5.714285714285714,1,1,efflux,40
random,1,20.0,20.0,1,1,efflux,40
random,2,13.333333333333334,13.333333333333334,1,1,efflux,40
random,3,10.0,10.0,1,1,efflux,40
random,4,5.714285714285714,5.714285714285714,1,1,efflux,40
set_gp_only,1,7.333333333333333,20.0,1,1,efflux,40
set_gp_only,2,7.333333333333333,13.333333333333334,1,1,efflux,40
set_gp_only,3,3.9166666666666665,10.0,1,1,efflux,40
set_gp_only,4,2.0,5.714285714285714,1,1,efflux,40
set_transformer,1,6.75,20.0,1,1,efflux,40
set_transformer,2,6.75,13.333333333333334,1,1,efflux,40
set_transformer,3,4.0,10.0,1,1,efflux,40
set_transformer,4,1.0,5.714285714285714,1,1,efflux,40
state_stats,1,4.333333333333333,20.0,1,1,efflux,40
state_stats,2,4.333333333333333,13.333333333333334,1,1,efflux,40
state_stats,3,3.6666666666666665,10.0,1,1,efflux,40
state_stats,4,1.0,5.714285714285714,1,1,efflux,40
compact_set,1,7.438888888888888,19.794670634920635,30,20,all,45
compact_set,2,4.669444444444443,13.622448412698413,30,20,all,45
compact_set,3,4.458333333333333,11.1513373015873,30,20,all,45
compact_set,4,4.152777777777778,9.535781746031747,30,20,all,45
cross_attention,1,8.080555555555556,19.794670634920635,30,20,all,45
cross_attention,2,6.658333333333333,13.622448412698413,30,20,all,45
cross_attention,3,5.969444444444445,11.1513373015873,30,20,all,45
cross_attention,4,5.316666666666666,9.535781746031747,30,20,all,45
deep_sets,1,8.191666666666666,19.794670634920635,30,20,all,45
deep_sets,2,6.5,13.622448412698413,30,20,all,45
deep_sets,3,6.252777777777778,11.1513373015873,30,20,all,45
deep_sets,4,5.819444444444445,9.535781746031747,30,20,all,45
delta_greedy,1,11.308333333333334,19.794670634920635,30,20,all,45
delta_greedy,2,6.275,13.622448412698413,30,20,all,45
delta_greedy,3,5.733333333333333,11.1513373015873,30,20,all,45
delta_greedy,4,5.15,9.535781746031747,30,20,all,45
gp_both,1,6.891666666666667,19.794670634920635,30,20,all,45
gp_both,2,3.9277777777777776,13.622448412698413,30,20,all,45
gp_both,3,3.65,11.1513373015873,30,20,all,45
gp_both,4,3.277777777777778,9.535781746031747,30,20,all,45
gp_delta,1,6.672222222222222,19.794670634920635,30,20,all,45
gp_delta,2,3.838888888888889,13.622448412698413,30,20,all,45
gp_delta,3,3.513888888888889,11.1513373015873,30,20,all,45
gp_delta,4,3.180555555555556,9.535781746031747,30,20,all,45
gp_ei,1,6.708333333333333,19.794670634920635,30,20,all,45
gp_ei,2,4.275,13.622448412698413,30,20,all,45
gp_ei,3,4.1,11.1513373015873,30,20,all,45
gp_ei,4,3.9916666666666667,9.535781746031747,30,20,all,45
gp_greedy,1,6.425,19.794670634920635,30,20,all,45
gp_greedy,2,3.9166666666666665,13.622448412698413,30,20,all,45
gp_greedy,3,3.7083333333333335,11.1513373015873,30,20,all,45
gp_greedy,4,3.3666666666666667,9.535781746031747,30,20,all,45
gp_incumbent,1,6.925,19.794670634920635,30,20,all,45
gp_incumbent,2,4.555555555555555,13.622448412698413,30,20,all,45
gp_incumbent,3,4.358333333333333,11.1513373015873,30,20,all,45
gp_incumbent,4,4.041666666666667,9.535781746031747,30,20,all,45
gp_only,1,7.019444444444444,19.794670634920635,30,20,all,45
gp_only,2,4.802777777777778,13.622448412698413,30,20,all,45
gp_only,3,4.569444444444445,11.1513373015873,30,20,all,45
gp_only,4,4.266666666666667,9.535781746031747,30,20,all,45
molecular_stats,1,7.186111111111112,19.794670634920635,30,20,all,45
molecular_stats,2,5.236111111111112,13.622448412698413,30,20,all,45
molecular_stats,3,5.002777777777778,11.1513373015873,30,20,all,45
molecular_stats,4,4.666666666666667,9.535781746031747,30,20,all,45
molecule_mlp,1,7.202777777777778,19.794670634920635,30,20,all,45
molecule_mlp,2,5.425,13.622448412698413,30,20,all,45
molecule_mlp,3,5.194444444444445,11.1513373015873,30,20,all,45
molecule_mlp,4,4.75,9.535781746031747,30,20,all,45
random,1,19.794670634920635,19.794670634920635,30,20,all,45
random,2,13.622448412698413,13.622448412698413,30,20,all,45
random,3,11.1513373015873,11.1513373015873,30,20,all,45
random,4,9.535781746031747,9.535781746031747,30,20,all,45
set_gp_only,1,6.811111111111112,19.794670634920635,30,20,all,45
set_gp_only,2,5.930555555555555,13.622448412698413,30,20,all,45
set_gp_only,3,5.688888888888888,11.1513373015873,30,20,all,45
set_gp_only,4,5.336111111111111,9.535781746031747,30,20,all,45
set_transformer,1,8.522222222222222,19.794670634920635,30,20,all,45
set_transformer,2,6.213888888888889,13.622448412698413,30,20,all,45
set_transformer,3,5.913888888888889,11.1513373015873,30,20,all,45
set_transformer,4,5.430555555555555,9.535781746031747,30,20,all,45
state_stats,1,7.26111111111111,19.794670634920635,30,20,all,45
state_stats,2,3.9527777777777775,13.622448412698413,30,20,all,45
state_stats,3,3.6666666666666665,11.1513373015873,30,20,all,45
state_stats,4,3.225,9.535781746031747,30,20,all,45
compact_set,1,5.203703703703704,18.268234126984126,18,11,microsomal_clearance,45
compact_set,2,2.7175925925925926,12.499715608465609,18,11,microsomal_clearance,45
compact_set,3,2.523148148148148,10.64045634920635,18,11,microsomal_clearance,45
compact_set,4,2.513888888888889,9.303419312169313,18,11,microsomal_clearance,45
cross_attention,1,5.25,18.268234126984126,18,11,microsomal_clearance,45
cross_attention,2,3.9722222222222223,12.499715608465609,18,11,microsomal_clearance,45
cross_attention,3,3.138888888888889,10.64045634920635,18,11,microsomal_clearance,45
cross_attention,4,2.8333333333333335,9.303419312169313,18,11,microsomal_clearance,45
deep_sets,1,7.37962962962963,18.268234126984126,18,11,microsomal_clearance,45
deep_sets,2,4.782407407407407,12.499715608465609,18,11,microsomal_clearance,45
deep_sets,3,4.587962962962963,10.64045634920635,18,11,microsomal_clearance,45
deep_sets,4,4.523148148148149,9.303419312169313,18,11,microsomal_clearance,45
delta_greedy,1,9.069444444444445,18.268234126984126,18,11,microsomal_clearance,45
delta_greedy,2,4.277777777777778,12.499715608465609,18,11,microsomal_clearance,45
delta_greedy,3,3.8333333333333335,10.64045634920635,18,11,microsomal_clearance,45
delta_greedy,4,3.0277777777777777,9.303419312169313,18,11,microsomal_clearance,45
gp_both,1,5.087962962962963,18.268234126984126,18,11,microsomal_clearance,45
gp_both,2,2.9212962962962963,12.499715608465609,18,11,microsomal_clearance,45
gp_both,3,2.6435185185185186,10.64045634920635,18,11,microsomal_clearance,45
gp_both,4,2.5972222222222223,9.303419312169313,18,11,microsomal_clearance,45
gp_delta,1,5.263888888888889,18.268234126984126,18,11,microsomal_clearance,45
gp_delta,2,3.0555555555555554,12.499715608465609,18,11,microsomal_clearance,45
gp_delta,3,2.6574074074074074,10.64045634920635,18,11,microsomal_clearance,45
gp_delta,4,2.615740740740741,9.303419312169313,18,11,microsomal_clearance,45
gp_ei,1,5.236111111111111,18.268234126984126,18,11,microsomal_clearance,45
gp_ei,2,3.9583333333333335,12.499715608465609,18,11,microsomal_clearance,45
gp_ei,3,3.7777777777777777,10.64045634920635,18,11,microsomal_clearance,45
gp_ei,4,3.736111111111111,9.303419312169313,18,11,microsomal_clearance,45
gp_greedy,1,4.416666666666667,18.268234126984126,18,11,microsomal_clearance,45
gp_greedy,2,3.2777777777777777,12.499715608465609,18,11,microsomal_clearance,45
gp_greedy,3,3.0972222222222223,10.64045634920635,18,11,microsomal_clearance,45
gp_greedy,4,3.0833333333333335,9.303419312169313,18,11,microsomal_clearance,45
gp_incumbent,1,5.138888888888889,18.268234126984126,18,11,microsomal_clearance,45
gp_incumbent,2,4.236111111111111,12.499715608465609,18,11,microsomal_clearance,45
gp_incumbent,3,4.125,10.64045634920635,18,11,microsomal_clearance,45
gp_incumbent,4,4.069444444444445,9.303419312169313,18,11,microsomal_clearance,45
gp_only,1,5.203703703703704,18.268234126984126,18,11,microsomal_clearance,45
gp_only,2,4.5,12.499715608465609,18,11,microsomal_clearance,45
gp_only,3,4.310185185185185,10.64045634920635,18,11,microsomal_clearance,45
gp_only,4,4.25462962962963,9.303419312169313,18,11,microsomal_clearance,45
molecular_stats,1,6.083333333333333,18.268234126984126,18,11,microsomal_clearance,45
molecular_stats,2,3.6481481481481484,12.499715608465609,18,11,microsomal_clearance,45
molecular_stats,3,3.4675925925925926,10.64045634920635,18,11,microsomal_clearance,45
molecular_stats,4,3.4490740740740744,9.303419312169313,18,11,microsomal_clearance,45
molecule_mlp,1,5.689814814814815,18.268234126984126,18,11,microsomal_clearance,45
molecule_mlp,2,2.9120370370370368,12.499715608465609,18,11,microsomal_clearance,45
molecule_mlp,3,2.6944444444444446,10.64045634920635,18,11,microsomal_clearance,45
molecule_mlp,4,2.6805555555555554,9.303419312169313,18,11,microsomal_clearance,45
random,1,18.268234126984126,18.268234126984126,18,11,microsomal_clearance,45
random,2,12.499715608465609,12.499715608465609,18,11,microsomal_clearance,45
random,3,10.64045634920635,10.64045634920635,18,11,microsomal_clearance,45
random,4,9.303419312169313,9.303419312169313,18,11,microsomal_clearance,45
set_gp_only,1,5.046296296296296,18.268234126984126,18,11,microsomal_clearance,45
set_gp_only,2,4.162037037037037,12.499715608465609,18,11,microsomal_clearance,45
set_gp_only,3,3.9722222222222223,10.64045634920635,18,11,microsomal_clearance,45
set_gp_only,4,3.967592592592593,9.303419312169313,18,11,microsomal_clearance,45
set_transformer,1,6.5740740740740735,18.268234126984126,18,11,microsomal_clearance,45
set_transformer,2,3.685185185185185,12.499715608465609,18,11,microsomal_clearance,45
set_transformer,3,3.4583333333333335,10.64045634920635,18,11,microsomal_clearance,45
set_transformer,4,3.356481481481482,9.303419312169313,18,11,microsomal_clearance,45
state_stats,1,5.907407407407408,18.268234126984126,18,11,microsomal_clearance,45
state_stats,2,3.1759259259259256,12.499715608465609,18,11,microsomal_clearance,45
state_stats,3,2.8564814814814814,10.64045634920635,18,11,microsomal_clearance,45
state_stats,4,2.740740740740741,9.303419312169313,18,11,microsomal_clearance,45
compact_set,1,3.25,45.5,1,1,protein_binding,45
compact_set,2,3.25,30.333333333333332,1,1,protein_binding,45
compact_set,3,2.75,22.75,1,1,protein_binding,45
compact_set,4,2.25,18.2,1,1,protein_binding,45
cross_attention,1,9.5,45.5,1,1,protein_binding,45
cross_attention,2,5.333333333333333,30.333333333333332,1,1,protein_binding,45
cross_attention,3,3.4166666666666665,22.75,1,1,protein_binding,45
cross_attention,4,3.25,18.2,1,1,protein_binding,45
deep_sets,1,1.75,45.5,1,1,protein_binding,45
deep_sets,2,1.75,30.333333333333332,1,1,protein_binding,45
deep_sets,3,1.75,22.75,1,1,protein_binding,45
deep_sets,4,1.5833333333333333,18.2,1,1,protein_binding,45
delta_greedy,1,5.0,45.5,1,1,protein_binding,45
delta_greedy,2,5.0,30.333333333333332,1,1,protein_binding,45
delta_greedy,3,5.0,22.75,1,1,protein_binding,45
delta_greedy,4,3.0,18.2,1,1,protein_binding,45
gp_both,1,4.083333333333333,45.5,1,1,protein_binding,45
gp_both,2,4.083333333333333,30.333333333333332,1,1,protein_binding,45
gp_both,3,3.9166666666666665,22.75,1,1,protein_binding,45
gp_both,4,2.5833333333333335,18.2,1,1,protein_binding,45
gp_delta,1,4.0,45.5,1,1,protein_binding,45
gp_delta,2,4.0,30.333333333333332,1,1,protein_binding,45
gp_delta,3,4.0,22.75,1,1,protein_binding,45
gp_delta,4,2.1666666666666665,18.2,1,1,protein_binding,45
gp_ei,1,4.5,45.5,1,1,protein_binding,45
gp_ei,2,4.5,30.333333333333332,1,1,protein_binding,45
gp_ei,3,3.0,22.75,1,1,protein_binding,45
gp_ei,4,2.0,18.2,1,1,protein_binding,45
gp_greedy,1,2.25,45.5,1,1,protein_binding,45
gp_greedy,2,2.25,30.333333333333332,1,1,protein_binding,45
gp_greedy,3,2.25,22.75,1,1,protein_binding,45
gp_greedy,4,2.25,18.2,1,1,protein_binding,45
gp_incumbent,1,3.6666666666666665,45.5,1,1,protein_binding,45
gp_incumbent,2,3.6666666666666665,30.333333333333332,1,1,protein_binding,45
gp_incumbent,3,3.3333333333333335,22.75,1,1,protein_binding,45
gp_incumbent,4,2.0,18.2,1,1,protein_binding,45
gp_only,1,3.5,45.5,1,1,protein_binding,45
gp_only,2,3.5,30.333333333333332,1,1,protein_binding,45
gp_only,3,3.1666666666666665,22.75,1,1,protein_binding,45
gp_only,4,2.0833333333333335,18.2,1,1,protein_binding,45
molecular_stats,1,2.4166666666666665,45.5,1,1,protein_binding,45
molecular_stats,2,2.4166666666666665,30.333333333333332,1,1,protein_binding,45
molecular_stats,3,1.6666666666666667,22.75,1,1,protein_binding,45
molecular_stats,4,1.5833333333333333,18.2,1,1,protein_binding,45
molecule_mlp,1,1.6666666666666667,45.5,1,1,protein_binding,45
molecule_mlp,2,1.6666666666666667,30.333333333333332,1,1,protein_binding,45
molecule_mlp,3,1.6666666666666667,22.75,1,1,protein_binding,45
molecule_mlp,4,1.5833333333333333,18.2,1,1,protein_binding,45
random,1,45.5,45.5,1,1,protein_binding,45
random,2,30.333333333333332,30.333333333333332,1,1,protein_binding,45
random,3,22.75,22.75,1,1,protein_binding,45
random,4,18.2,18.2,1,1,protein_binding,45
set_gp_only,1,2.6666666666666665,45.5,1,1,protein_binding,45
set_gp_only,2,2.6666666666666665,30.333333333333332,1,1,protein_binding,45
set_gp_only,3,1.4166666666666667,22.75,1,1,protein_binding,45
set_gp_only,4,1.4166666666666667,18.2,1,1,protein_binding,45
set_transformer,1,3.25,45.5,1,1,protein_binding,45
set_transformer,2,2.6666666666666665,30.333333333333332,1,1,protein_binding,45
set_transformer,3,2.0,22.75,1,1,protein_binding,45
set_transformer,4,1.5833333333333333,18.2,1,1,protein_binding,45
state_stats,1,4.083333333333333,45.5,1,1,protein_binding,45
state_stats,2,4.083333333333333,30.333333333333332,1,1,protein_binding,45
state_stats,3,4.083333333333333,22.75,1,1,protein_binding,45
state_stats,4,2.5,18.2,1,1,protein_binding,45
compact_set,1,8.369047619047619,13.358843537414966,7,5,cellular_clearance,45
compact_set,2,7.785714285714286,9.906462585034012,7,5,cellular_clearance,45
compact_set,3,7.452380952380952,8.180272108843537,7,5,cellular_clearance,45
compact_set,4,6.595238095238095,7.144557823129252,7,5,cellular_clearance,45
cross_attention,1,10.154761904761907,13.358843537414966,7,5,cellular_clearance,45
cross_attention,2,9.035714285714286,9.906462585034012,7,5,cellular_clearance,45
cross_attention,3,8.5,8.180272108843537,7,5,cellular_clearance,45
cross_attention,4,6.678571428571429,7.144557823129252,7,5,cellular_clearance,45
deep_sets,1,8.916666666666668,13.358843537414966,7,5,cellular_clearance,45
deep_sets,2,8.5,9.906462585034012,7,5,cellular_clearance,45
deep_sets,3,8.083333333333334,8.180272108843537,7,5,cellular_clearance,45
deep_sets,4,6.75,7.144557823129252,7,5,cellular_clearance,45
delta_greedy,1,8.464285714285714,13.358843537414966,7,5,cellular_clearance,45
delta_greedy,2,5.857142857142857,9.906462585034015,7,5,cellular_clearance,45
delta_greedy,3,4.678571428571429,8.180272108843537,7,5,cellular_clearance,45
delta_greedy,4,4.678571428571429,7.144557823129252,7,5,cellular_clearance,45
gp_both,1,5.880952380952381,13.358843537414966,7,5,cellular_clearance,45
gp_both,2,5.357142857142857,9.906462585034012,7,5,cellular_clearance,45
gp_both,3,4.976190476190476,8.180272108843537,7,5,cellular_clearance,45
gp_both,4,4.178571428571429,7.144557823129252,7,5,cellular_clearance,45
gp_delta,1,5.369047619047619,13.358843537414966,7,5,cellular_clearance,45
gp_delta,2,4.654761904761904,9.906462585034012,7,5,cellular_clearance,45
gp_delta,3,4.357142857142857,8.180272108843537,7,5,cellular_clearance,45
gp_delta,4,3.702380952380952,7.144557823129252,7,5,cellular_clearance,45
gp_ei,1,5.0,13.358843537414966,7,5,cellular_clearance,45
gp_ei,2,4.321428571428571,9.906462585034015,7,5,cellular_clearance,45
gp_ei,3,4.321428571428571,8.180272108843537,7,5,cellular_clearance,45
gp_ei,4,4.321428571428571,7.144557823129252,7,5,cellular_clearance,45
gp_greedy,1,5.785714285714286,13.358843537414966,7,5,cellular_clearance,45
gp_greedy,2,5.357142857142857,9.906462585034015,7,5,cellular_clearance,45
gp_greedy,3,4.928571428571429,8.180272108843537,7,5,cellular_clearance,45
gp_greedy,4,3.9642857142857144,7.144557823129252,7,5,cellular_clearance,45
gp_incumbent,1,5.345238095238096,13.358843537414966,7,5,cellular_clearance,45
gp_incumbent,2,4.80952380952381,9.906462585034012,7,5,cellular_clearance,45
gp_incumbent,3,4.4523809523809526,8.180272108843537,7,5,cellular_clearance,45
gp_incumbent,4,3.75,7.144557823129252,7,5,cellular_clearance,45
gp_only,1,5.392857142857143,13.358843537414966,7,5,cellular_clearance,45
gp_only,2,4.892857142857143,9.906462585034012,7,5,cellular_clearance,45
gp_only,3,4.535714285714286,8.180272108843537,7,5,cellular_clearance,45
gp_only,4,3.833333333333333,7.144557823129252,7,5,cellular_clearance,45
molecular_stats,1,7.952380952380952,13.358843537414966,7,5,cellular_clearance,45
molecular_stats,2,7.523809523809524,9.906462585034012,7,5,cellular_clearance,45
molecular_stats,3,7.095238095238095,8.180272108843537,7,5,cellular_clearance,45
molecular_stats,4,6.1309523809523805,7.144557823129252,7,5,cellular_clearance,45
molecule_mlp,1,7.047619047619048,13.358843537414966,7,5,cellular_clearance,45
molecule_mlp,2,6.6190476190476195,9.906462585034012,7,5,cellular_clearance,45
molecule_mlp,3,6.190476190476191,8.180272108843537,7,5,cellular_clearance,45
molecule_mlp,4,5.238095238095239,7.144557823129252,7,5,cellular_clearance,45
random,1,13.358843537414966,13.358843537414966,7,5,cellular_clearance,45
random,2,9.906462585034015,9.906462585034015,7,5,cellular_clearance,45
random,3,8.180272108843537,8.180272108843537,7,5,cellular_clearance,45
random,4,7.144557823129252,7.144557823129252,7,5,cellular_clearance,45
set_gp_only,1,7.857142857142857,13.358843537414966,7,5,cellular_clearance,45
set_gp_only,2,7.428571428571429,9.906462585034012,7,5,cellular_clearance,45
set_gp_only,3,7.05952380952381,8.180272108843537,7,5,cellular_clearance,45
set_gp_only,4,6.178571428571429,7.144557823129252,7,5,cellular_clearance,45
set_transformer,1,9.571428571428571,13.358843537414966,7,5,cellular_clearance,45
set_transformer,2,9.142857142857142,9.906462585034012,7,5,cellular_clearance,45
set_transformer,3,8.702380952380953,8.180272108843537,7,5,cellular_clearance,45
set_transformer,4,7.297619047619047,7.144557823129252,7,5,cellular_clearance,45
state_stats,1,5.654761904761904,13.358843537414966,7,5,cellular_clearance,45
state_stats,2,4.869047619047619,9.906462585034012,7,5,cellular_clearance,45
state_stats,3,4.488095238095238,8.180272108843537,7,5,cellular_clearance,45
state_stats,4,3.75,7.144557823129252,7,5,cellular_clearance,45
compact_set,1,16.916666666666668,31.5,4,4,permeability,45
compact_set,2,8.354166666666666,21.0,4,4,permeability,45
compact_set,3,8.354166666666666,15.75,4,4,permeability,45
compact_set,4,7.729166666666666,12.6,4,4,permeability,45
cross_attention,1,16.833333333333332,31.5,4,4,permeability,45
cross_attention,2,14.916666666666668,21.0,4,4,permeability,45
cross_attention,3,14.916666666666668,15.75,4,4,permeability,45
cross_attention,4,14.625,12.6,4,4,permeability,45
deep_sets,1,12.1875,31.5,4,4,permeability,45
deep_sets,2,11.916666666666666,21.0,4,4,permeability,45
deep_sets,3,11.666666666666666,15.75,4,4,permeability,45
deep_sets,4,11.083333333333334,12.6,4,4,permeability,45
delta_greedy,1,27.9375,31.5,4,4,permeability,45
delta_greedy,2,16.3125,21.0,4,4,permeability,45
delta_greedy,3,16.3125,15.75,4,4,permeability,45
delta_greedy,4,16.0625,12.6,4,4,permeability,45
gp_both,1,17.479166666666668,31.5,4,4,permeability,45
gp_both,2,5.916666666666666,21.0,4,4,permeability,45
gp_both,3,5.791666666666666,15.75,4,4,permeability,45
gp_both,4,4.9375,12.6,4,4,permeability,45
gp_delta,1,15.958333333333334,31.5,4,4,permeability,45
gp_delta,2,5.895833333333334,21.0,4,4,permeability,45
gp_delta,3,5.770833333333334,15.75,4,4,permeability,45
gp_delta,4,5.0625,12.6,4,4,permeability,45
gp_ei,1,16.875,31.5,4,4,permeability,45
gp_ei,2,5.5625,21.0,4,4,permeability,45
gp_ei,3,5.4375,15.75,4,4,permeability,45
gp_ei,4,5.0625,12.6,4,4,permeability,45
gp_greedy,1,17.625,31.5,4,4,permeability,45
gp_greedy,2,4.6875,21.0,4,4,permeability,45
gp_greedy,3,4.6875,15.75,4,4,permeability,45
gp_greedy,4,3.875,12.6,4,4,permeability,45
gp_incumbent,1,18.541666666666668,31.5,4,4,permeability,45
gp_incumbent,2,5.770833333333334,21.0,4,4,permeability,45
gp_incumbent,3,5.5,15.75,4,4,permeability,45
gp_incumbent,4,4.9375,12.6,4,4,permeability,45
gp_only,1,18.916666666666664,31.5,4,4,permeability,45
gp_only,2,6.333333333333334,21.0,4,4,permeability,45
gp_only,3,6.145833333333334,15.75,4,4,permeability,45
gp_only,4,5.625,12.6,4,4,permeability,45
molecular_stats,1,12.0,31.5,4,4,permeability,45
molecular_stats,2,9.083333333333334,21.0,4,4,permeability,45
molecular_stats,3,9.083333333333334,15.75,4,4,permeability,45
molecular_stats,4,8.354166666666666,12.6,4,4,permeability,45
molecule_mlp,1,15.666666666666666,31.5,4,4,permeability,45
molecule_mlp,2,15.583333333333332,21.0,4,4,permeability,45
molecule_mlp,3,15.583333333333332,15.75,4,4,permeability,45
molecule_mlp,4,14.0,12.6,4,4,permeability,45
random,1,31.5,31.5,4,4,permeability,45
random,2,21.0,21.0,4,4,permeability,45
random,3,15.75,15.75,4,4,permeability,45
random,4,12.6,12.6,4,4,permeability,45
set_gp_only,1,13.958333333333332,31.5,4,4,permeability,45
set_gp_only,2,12.083333333333332,21.0,4,4,permeability,45
set_gp_only,3,12.083333333333332,15.75,4,4,permeability,45
set_gp_only,4,11.0,12.6,4,4,permeability,45
set_transformer,1,16.770833333333332,31.5,4,4,permeability,45
set_transformer,2,13.354166666666666,21.0,4,4,permeability,45
set_transformer,3,13.0625,15.75,4,4,permeability,45
set_transformer,4,12.458333333333332,12.6,4,4,permeability,45
state_stats,1,16.958333333333332,31.5,4,4,permeability,45
state_stats,2,5.8125,21.0,4,4,permeability,45
state_stats,3,5.770833333333334,15.75,4,4,permeability,45
state_stats,4,4.666666666666667,12.6,4,4,permeability,45
compact_set,1,7.7,23.88069642857143,20,14,all,50
compact_set,2,3.8416666666666663,15.789029761904763,20,14,all,50
compact_set,3,3.7416666666666663,12.780696428571428,20,14,all,50
compact_set,4,3.5916666666666663,10.707363095238096,20,14,all,50
cross_attention,1,8.058333333333334,23.88069642857143,20,14,all,50
cross_attention,2,6.408333333333333,15.789029761904763,20,14,all,50
cross_attention,3,5.704166666666667,12.780696428571428,20,14,all,50
cross_attention,4,5.3625,10.707363095238096,20,14,all,50
deep_sets,1,8.545833333333333,23.88069642857143,20,14,all,50
deep_sets,2,6.279166666666667,15.789029761904763,20,14,all,50
deep_sets,3,6.154166666666667,12.780696428571428,20,14,all,50
deep_sets,4,5.975,10.707363095238096,20,14,all,50
delta_greedy,1,13.575,23.88069642857143,20,14,all,50
delta_greedy,2,7.1375,15.789029761904763,20,14,all,50
delta_greedy,3,6.8375,12.780696428571428,20,14,all,50
delta_greedy,4,5.9625,10.707363095238096,20,14,all,50
gp_both,1,7.7,23.88069642857143,20,14,all,50
gp_both,2,3.65,15.789029761904763,20,14,all,50
gp_both,3,3.4333333333333336,12.780696428571428,20,14,all,50
gp_both,4,3.1791666666666667,10.707363095238096,20,14,all,50
gp_delta,1,7.429166666666667,23.88069642857143,20,14,all,50
gp_delta,2,3.6625,15.789029761904763,20,14,all,50
gp_delta,3,3.3458333333333337,12.780696428571428,20,14,all,50
gp_delta,4,3.104166666666667,10.707363095238096,20,14,all,50
gp_ei,1,8.0625,23.88069642857143,20,14,all,50
gp_ei,2,4.825,15.789029761904763,20,14,all,50
gp_ei,3,4.6125,12.780696428571428,20,14,all,50
gp_ei,4,4.4875,10.707363095238096,20,14,all,50
gp_greedy,1,6.875,23.88069642857143,20,14,all,50
gp_greedy,2,3.425,15.789029761904763,20,14,all,50
gp_greedy,3,3.35,12.780696428571428,20,14,all,50
gp_greedy,4,3.1875,10.707363095238096,20,14,all,50
gp_incumbent,1,7.8625,23.88069642857143,20,14,all,50
gp_incumbent,2,4.720833333333333,15.789029761904763,20,14,all,50
gp_incumbent,3,4.575,12.780696428571428,20,14,all,50
gp_incumbent,4,4.395833333333334,10.707363095238096,20,14,all,50
gp_only,1,7.995833333333333,23.88069642857143,20,14,all,50
gp_only,2,5.045833333333333,15.789029761904763,20,14,all,50
gp_only,3,4.8625,12.780696428571428,20,14,all,50
gp_only,4,4.7041666666666675,10.707363095238096,20,14,all,50
molecular_stats,1,7.3583333333333325,23.88069642857143,20,14,all,50
molecular_stats,2,4.745833333333334,15.789029761904763,20,14,all,50
molecular_stats,3,4.633333333333334,12.780696428571428,20,14,all,50
molecular_stats,4,4.483333333333333,10.707363095238096,20,14,all,50
molecule_mlp,1,7.654166666666667,23.88069642857143,20,14,all,50
molecule_mlp,2,5.2875,15.789029761904763,20,14,all,50
molecule_mlp,3,5.2125,12.780696428571428,20,14,all,50
molecule_mlp,4,4.891666666666667,10.707363095238096,20,14,all,50
random,1,23.88069642857143,23.88069642857143,20,14,all,50
random,2,15.789029761904763,15.789029761904763,20,14,all,50
random,3,12.780696428571428,12.780696428571428,20,14,all,50
random,4,10.707363095238096,10.707363095238096,20,14,all,50
set_gp_only,1,6.75,23.88069642857143,20,14,all,50
set_gp_only,2,5.733333333333333,15.789029761904763,20,14,all,50
set_gp_only,3,5.595833333333333,12.780696428571428,20,14,all,50
set_gp_only,4,5.379166666666666,10.707363095238096,20,14,all,50
set_transformer,1,8.833333333333332,23.88069642857143,20,14,all,50
set_transformer,2,5.608333333333333,15.789029761904763,20,14,all,50
set_transformer,3,5.441666666666666,12.780696428571428,20,14,all,50
set_transformer,4,5.216666666666667,10.707363095238096,20,14,all,50
state_stats,1,8.295833333333333,23.88069642857143,20,14,all,50
state_stats,2,3.8125,15.789029761904763,20,14,all,50
state_stats,3,3.5708333333333337,12.780696428571428,20,14,all,50
state_stats,4,3.1708333333333334,10.707363095238096,20,14,all,50
compact_set,1,5.547619047619047,20.043852040816326,14,8,microsomal_clearance,50
compact_set,2,2.5238095238095233,13.174804421768709,14,8,microsomal_clearance,50
compact_set,3,2.452380952380952,11.222423469387754,14,8,microsomal_clearance,50
compact_set,4,2.452380952380952,9.66766156462585,14,8,microsomal_clearance,50
cross_attention,1,5.613095238095238,20.043852040816326,14,8,microsomal_clearance,50
cross_attention,2,4.136904761904762,13.174804421768709,14,8,microsomal_clearance,50
cross_attention,3,3.3035714285714284,11.222423469387754,14,8,microsomal_clearance,50
cross_attention,4,2.9107142857142856,9.66766156462585,14,8,microsomal_clearance,50
deep_sets,1,8.226190476190476,20.043852040816326,14,8,microsomal_clearance,50
deep_sets,2,5.101190476190476,13.174804421768709,14,8,microsomal_clearance,50
deep_sets,3,5.029761904761905,11.222423469387754,14,8,microsomal_clearance,50
deep_sets,4,4.952380952380952,9.66766156462585,14,8,microsomal_clearance,50
delta_greedy,1,10.410714285714286,20.043852040816326,14,8,microsomal_clearance,50
delta_greedy,2,4.535714285714286,13.174804421768709,14,8,microsomal_clearance,50
delta_greedy,3,4.321428571428571,11.222423469387754,14,8,microsomal_clearance,50
delta_greedy,4,3.2857142857142856,9.66766156462585,14,8,microsomal_clearance,50
gp_both,1,5.184523809523809,20.043852040816326,14,8,microsomal_clearance,50
gp_both,2,2.755952380952381,13.174804421768709,14,8,microsomal_clearance,50
gp_both,3,2.5297619047619047,11.222423469387754,14,8,microsomal_clearance,50
gp_both,4,2.505952380952381,9.66766156462585,14,8,microsomal_clearance,50
gp_delta,1,5.321428571428571,20.043852040816326,14,8,microsomal_clearance,50
gp_delta,2,2.851190476190476,13.174804421768709,14,8,microsomal_clearance,50
gp_delta,3,2.458333333333333,11.222423469387754,14,8,microsomal_clearance,50
gp_delta,4,2.4464285714285716,9.66766156462585,14,8,microsomal_clearance,50
gp_ei,1,5.392857142857143,20.043852040816326,14,8,microsomal_clearance,50
gp_ei,2,4.160714285714286,13.174804421768709,14,8,microsomal_clearance,50
gp_ei,3,4.0,11.222423469387754,14,8,microsomal_clearance,50
gp_ei,4,4.0,9.66766156462585,14,8,microsomal_clearance,50
gp_greedy,1,4.25,20.043852040816326,14,8,microsomal_clearance,50
gp_greedy,2,3.0535714285714284,13.174804421768709,14,8,microsomal_clearance,50
gp_greedy,3,2.982142857142857,11.222423469387754,14,8,microsomal_clearance,50
gp_greedy,4,2.982142857142857,9.66766156462585,14,8,microsomal_clearance,50
gp_incumbent,1,5.142857142857143,20.043852040816326,14,8,microsomal_clearance,50
gp_incumbent,2,4.375,13.174804421768709,14,8,microsomal_clearance,50
gp_incumbent,3,4.303571428571429,11.222423469387754,14,8,microsomal_clearance,50
gp_incumbent,4,4.303571428571429,9.66766156462585,14,8,microsomal_clearance,50
gp_only,1,5.238095238095238,20.043852040816326,14,8,microsomal_clearance,50
gp_only,2,4.690476190476191,13.174804421768709,14,8,microsomal_clearance,50
gp_only,3,4.541666666666667,11.222423469387754,14,8,microsomal_clearance,50
gp_only,4,4.541666666666667,9.66766156462585,14,8,microsomal_clearance,50
molecular_stats,1,6.535714285714286,20.043852040816326,14,8,microsomal_clearance,50
molecular_stats,2,3.6726190476190474,13.174804421768709,14,8,microsomal_clearance,50
molecular_stats,3,3.601190476190476,11.222423469387754,14,8,microsomal_clearance,50
molecular_stats,4,3.601190476190476,9.66766156462585,14,8,microsomal_clearance,50
molecule_mlp,1,5.958333333333334,20.043852040816326,14,8,microsomal_clearance,50
molecule_mlp,2,2.636904761904762,13.174804421768709,14,8,microsomal_clearance,50
molecule_mlp,3,2.5654761904761902,11.222423469387754,14,8,microsomal_clearance,50
molecule_mlp,4,2.5654761904761902,9.66766156462585,14,8,microsomal_clearance,50
random,1,20.043852040816326,20.043852040816326,14,8,microsomal_clearance,50
random,2,13.174804421768709,13.174804421768709,14,8,microsomal_clearance,50
random,3,11.222423469387754,11.222423469387754,14,8,microsomal_clearance,50
random,4,9.66766156462585,9.66766156462585,14,8,microsomal_clearance,50
set_gp_only,1,5.089285714285714,20.043852040816326,14,8,microsomal_clearance,50
set_gp_only,2,4.208333333333334,13.174804421768709,14,8,microsomal_clearance,50
set_gp_only,3,4.136904761904762,11.222423469387754,14,8,microsomal_clearance,50
set_gp_only,4,4.136904761904762,9.66766156462585,14,8,microsomal_clearance,50
set_transformer,1,7.220238095238096,20.043852040816326,14,8,microsomal_clearance,50
set_transformer,2,3.666666666666667,13.174804421768709,14,8,microsomal_clearance,50
set_transformer,3,3.5952380952380953,11.222423469387754,14,8,microsomal_clearance,50
set_transformer,4,3.476190476190476,9.66766156462585,14,8,microsomal_clearance,50
state_stats,1,6.19047619047619,20.043852040816326,14,8,microsomal_clearance,50
state_stats,2,3.0357142857142856,13.174804421768709,14,8,microsomal_clearance,50
state_stats,3,2.738095238095238,11.222423469387754,14,8,microsomal_clearance,50
state_stats,4,2.5952380952380953,9.66766156462585,14,8,microsomal_clearance,50
compact_set,1,3.25,45.5,1,1,protein_binding,50
compact_set,2,3.25,30.333333333333332,1,1,protein_binding,50
compact_set,3,2.75,22.75,1,1,protein_binding,50
compact_set,4,2.25,18.2,1,1,protein_binding,50
cross_attention,1,9.5,45.5,1,1,protein_binding,50
cross_attention,2,5.333333333333333,30.333333333333332,1,1,protein_binding,50
cross_attention,3,3.4166666666666665,22.75,1,1,protein_binding,50
cross_attention,4,3.25,18.2,1,1,protein_binding,50
deep_sets,1,1.75,45.5,1,1,protein_binding,50
deep_sets,2,1.75,30.333333333333332,1,1,protein_binding,50
deep_sets,3,1.75,22.75,1,1,protein_binding,50
deep_sets,4,1.5833333333333333,18.2,1,1,protein_binding,50
delta_greedy,1,5.0,45.5,1,1,protein_binding,50
delta_greedy,2,5.0,30.333333333333332,1,1,protein_binding,50
delta_greedy,3,5.0,22.75,1,1,protein_binding,50
delta_greedy,4,3.0,18.2,1,1,protein_binding,50
gp_both,1,4.083333333333333,45.5,1,1,protein_binding,50
gp_both,2,4.083333333333333,30.333333333333332,1,1,protein_binding,50
gp_both,3,3.9166666666666665,22.75,1,1,protein_binding,50
gp_both,4,2.5833333333333335,18.2,1,1,protein_binding,50
gp_delta,1,4.0,45.5,1,1,protein_binding,50
gp_delta,2,4.0,30.333333333333332,1,1,protein_binding,50
gp_delta,3,4.0,22.75,1,1,protein_binding,50
gp_delta,4,2.1666666666666665,18.2,1,1,protein_binding,50
gp_ei,1,4.5,45.5,1,1,protein_binding,50
gp_ei,2,4.5,30.333333333333332,1,1,protein_binding,50
gp_ei,3,3.0,22.75,1,1,protein_binding,50
gp_ei,4,2.0,18.2,1,1,protein_binding,50
gp_greedy,1,2.25,45.5,1,1,protein_binding,50
gp_greedy,2,2.25,30.333333333333332,1,1,protein_binding,50
gp_greedy,3,2.25,22.75,1,1,protein_binding,50
gp_greedy,4,2.25,18.2,1,1,protein_binding,50
gp_incumbent,1,3.6666666666666665,45.5,1,1,protein_binding,50
gp_incumbent,2,3.6666666666666665,30.333333333333332,1,1,protein_binding,50
gp_incumbent,3,3.3333333333333335,22.75,1,1,protein_binding,50
gp_incumbent,4,2.0,18.2,1,1,protein_binding,50
gp_only,1,3.5,45.5,1,1,protein_binding,50
gp_only,2,3.5,30.333333333333332,1,1,protein_binding,50
gp_only,3,3.1666666666666665,22.75,1,1,protein_binding,50
gp_only,4,2.0833333333333335,18.2,1,1,protein_binding,50
molecular_stats,1,2.4166666666666665,45.5,1,1,protein_binding,50
molecular_stats,2,2.4166666666666665,30.333333333333332,1,1,protein_binding,50
molecular_stats,3,1.6666666666666667,22.75,1,1,protein_binding,50
molecular_stats,4,1.5833333333333333,18.2,1,1,protein_binding,50
molecule_mlp,1,1.6666666666666667,45.5,1,1,protein_binding,50
molecule_mlp,2,1.6666666666666667,30.333333333333332,1,1,protein_binding,50
molecule_mlp,3,1.6666666666666667,22.75,1,1,protein_binding,50
molecule_mlp,4,1.5833333333333333,18.2,1,1,protein_binding,50
random,1,45.5,45.5,1,1,protein_binding,50
random,2,30.333333333333332,30.333333333333332,1,1,protein_binding,50
random,3,22.75,22.75,1,1,protein_binding,50
random,4,18.2,18.2,1,1,protein_binding,50
set_gp_only,1,2.6666666666666665,45.5,1,1,protein_binding,50
set_gp_only,2,2.6666666666666665,30.333333333333332,1,1,protein_binding,50
set_gp_only,3,1.4166666666666667,22.75,1,1,protein_binding,50
set_gp_only,4,1.4166666666666667,18.2,1,1,protein_binding,50
set_transformer,1,3.25,45.5,1,1,protein_binding,50
set_transformer,2,2.6666666666666665,30.333333333333332,1,1,protein_binding,50
set_transformer,3,2.0,22.75,1,1,protein_binding,50
set_transformer,4,1.5833333333333333,18.2,1,1,protein_binding,50
state_stats,1,4.083333333333333,45.5,1,1,protein_binding,50
state_stats,2,4.083333333333333,30.333333333333332,1,1,protein_binding,50
state_stats,3,4.083333333333333,22.75,1,1,protein_binding,50
state_stats,4,2.5,18.2,1,1,protein_binding,50
compact_set,1,5.416666666666667,25.5,1,1,cellular_clearance,50
compact_set,2,4.833333333333333,17.0,1,1,cellular_clearance,50
compact_set,3,4.333333333333333,12.75,1,1,cellular_clearance,50
compact_set,4,4.333333333333333,10.2,1,1,cellular_clearance,50
cross_attention,1,5.75,25.5,1,1,cellular_clearance,50
cross_attention,2,5.25,17.0,1,1,cellular_clearance,50
cross_attention,3,4.75,12.75,1,1,cellular_clearance,50
cross_attention,4,4.75,10.2,1,1,cellular_clearance,50
deep_sets,1,5.25,25.5,1,1,cellular_clearance,50
deep_sets,2,4.75,17.0,1,1,cellular_clearance,50
deep_sets,3,4.25,12.75,1,1,cellular_clearance,50
deep_sets,4,4.25,10.2,1,1,cellular_clearance,50
delta_greedy,1,9.0,25.5,1,1,cellular_clearance,50
delta_greedy,2,9.0,17.0,1,1,cellular_clearance,50
delta_greedy,3,6.0,12.75,1,1,cellular_clearance,50
delta_greedy,4,6.0,10.2,1,1,cellular_clearance,50
gp_both,1,7.416666666666667,25.5,1,1,cellular_clearance,50
gp_both,2,6.666666666666667,17.0,1,1,cellular_clearance,50
gp_both,3,6.166666666666667,12.75,1,1,cellular_clearance,50
gp_both,4,6.166666666666667,10.2,1,1,cellular_clearance,50
gp_delta,1,6.25,25.5,1,1,cellular_clearance,50
gp_delta,2,5.75,17.0,1,1,cellular_clearance,50
gp_delta,3,5.416666666666667,12.75,1,1,cellular_clearance,50
gp_delta,4,5.416666666666667,10.2,1,1,cellular_clearance,50
gp_ei,1,13.75,25.5,1,1,cellular_clearance,50
gp_ei,2,11.5,17.0,1,1,cellular_clearance,50
gp_ei,3,11.5,12.75,1,1,cellular_clearance,50
gp_ei,4,11.5,10.2,1,1,cellular_clearance,50
gp_greedy,1,5.25,25.5,1,1,cellular_clearance,50
gp_greedy,2,4.75,17.0,1,1,cellular_clearance,50
gp_greedy,3,4.25,12.75,1,1,cellular_clearance,50
gp_greedy,4,4.25,10.2,1,1,cellular_clearance,50
gp_incumbent,1,7.416666666666667,25.5,1,1,cellular_clearance,50
gp_incumbent,2,6.416666666666667,17.0,1,1,cellular_clearance,50
gp_incumbent,3,5.916666666666667,12.75,1,1,cellular_clearance,50
gp_incumbent,4,5.916666666666667,10.2,1,1,cellular_clearance,50
gp_only,1,7.416666666666667,25.5,1,1,cellular_clearance,50
gp_only,2,6.416666666666667,17.0,1,1,cellular_clearance,50
gp_only,3,5.916666666666667,12.75,1,1,cellular_clearance,50
gp_only,4,5.916666666666667,10.2,1,1,cellular_clearance,50
molecular_stats,1,5.25,25.5,1,1,cellular_clearance,50
molecular_stats,2,4.75,17.0,1,1,cellular_clearance,50
molecular_stats,3,4.25,12.75,1,1,cellular_clearance,50
molecular_stats,4,4.25,10.2,1,1,cellular_clearance,50
molecule_mlp,1,5.333333333333333,25.5,1,1,cellular_clearance,50
molecule_mlp,2,4.833333333333333,17.0,1,1,cellular_clearance,50
molecule_mlp,3,4.333333333333333,12.75,1,1,cellular_clearance,50
molecule_mlp,4,4.333333333333333,10.2,1,1,cellular_clearance,50
random,1,25.5,25.5,1,1,cellular_clearance,50
random,2,17.0,17.0,1,1,cellular_clearance,50
random,3,12.75,12.75,1,1,cellular_clearance,50
random,4,10.2,10.2,1,1,cellular_clearance,50
set_gp_only,1,5.25,25.5,1,1,cellular_clearance,50
set_gp_only,2,4.75,17.0,1,1,cellular_clearance,50
set_gp_only,3,4.25,12.75,1,1,cellular_clearance,50
set_gp_only,4,4.25,10.2,1,1,cellular_clearance,50
set_transformer,1,5.25,25.5,1,1,cellular_clearance,50
set_transformer,2,4.75,17.0,1,1,cellular_clearance,50
set_transformer,3,4.25,12.75,1,1,cellular_clearance,50
set_transformer,4,4.25,10.2,1,1,cellular_clearance,50
state_stats,1,7.333333333333333,25.5,1,1,cellular_clearance,50
state_stats,2,6.416666666666667,17.0,1,1,cellular_clearance,50
state_stats,3,5.916666666666667,12.75,1,1,cellular_clearance,50
state_stats,4,5.916666666666667,10.2,1,1,cellular_clearance,50
compact_set,1,16.916666666666668,31.5,4,4,permeability,50
compact_set,2,8.354166666666666,21.0,4,4,permeability,50
compact_set,3,8.354166666666666,15.75,4,4,permeability,50
compact_set,4,7.729166666666666,12.6,4,4,permeability,50
cross_attention,1,16.833333333333332,31.5,4,4,permeability,50
cross_attention,2,14.916666666666668,21.0,4,4,permeability,50
cross_attention,3,14.916666666666668,15.75,4,4,permeability,50
cross_attention,4,14.625,12.6,4,4,permeability,50
deep_sets,1,12.1875,31.5,4,4,permeability,50
deep_sets,2,11.916666666666666,21.0,4,4,permeability,50
deep_sets,3,11.666666666666666,15.75,4,4,permeability,50
deep_sets,4,11.083333333333334,12.6,4,4,permeability,50
delta_greedy,1,27.9375,31.5,4,4,permeability,50
delta_greedy,2,16.3125,21.0,4,4,permeability,50
delta_greedy,3,16.3125,15.75,4,4,permeability,50
delta_greedy,4,16.0625,12.6,4,4,permeability,50
gp_both,1,17.479166666666668,31.5,4,4,permeability,50
gp_both,2,5.916666666666666,21.0,4,4,permeability,50
gp_both,3,5.791666666666666,15.75,4,4,permeability,50
gp_both,4,4.9375,12.6,4,4,permeability,50
gp_delta,1,15.958333333333334,31.5,4,4,permeability,50
gp_delta,2,5.895833333333334,21.0,4,4,permeability,50
gp_delta,3,5.770833333333334,15.75,4,4,permeability,50
gp_delta,4,5.0625,12.6,4,4,permeability,50
gp_ei,1,16.875,31.5,4,4,permeability,50
gp_ei,2,5.5625,21.0,4,4,permeability,50
gp_ei,3,5.4375,15.75,4,4,permeability,50
gp_ei,4,5.0625,12.6,4,4,permeability,50
gp_greedy,1,17.625,31.5,4,4,permeability,50
gp_greedy,2,4.6875,21.0,4,4,permeability,50
gp_greedy,3,4.6875,15.75,4,4,permeability,50
gp_greedy,4,3.875,12.6,4,4,permeability,50
gp_incumbent,1,18.541666666666668,31.5,4,4,permeability,50
gp_incumbent,2,5.770833333333334,21.0,4,4,permeability,50
gp_incumbent,3,5.5,15.75,4,4,permeability,50
gp_incumbent,4,4.9375,12.6,4,4,permeability,50
gp_only,1,18.916666666666664,31.5,4,4,permeability,50
gp_only,2,6.333333333333334,21.0,4,4,permeability,50
gp_only,3,6.145833333333334,15.75,4,4,permeability,50
gp_only,4,5.625,12.6,4,4,permeability,50
molecular_stats,1,12.0,31.5,4,4,permeability,50
molecular_stats,2,9.083333333333334,21.0,4,4,permeability,50
molecular_stats,3,9.083333333333334,15.75,4,4,permeability,50
molecular_stats,4,8.354166666666666,12.6,4,4,permeability,50
molecule_mlp,1,15.666666666666666,31.5,4,4,permeability,50
molecule_mlp,2,15.583333333333332,21.0,4,4,permeability,50
molecule_mlp,3,15.583333333333332,15.75,4,4,permeability,50
molecule_mlp,4,14.0,12.6,4,4,permeability,50
random,1,31.5,31.5,4,4,permeability,50
random,2,21.0,21.0,4,4,permeability,50
random,3,15.75,15.75,4,4,permeability,50
random,4,12.6,12.6,4,4,permeability,50
set_gp_only,1,13.958333333333332,31.5,4,4,permeability,50
set_gp_only,2,12.083333333333332,21.0,4,4,permeability,50
set_gp_only,3,12.083333333333332,15.75,4,4,permeability,50
set_gp_only,4,11.0,12.6,4,4,permeability,50
set_transformer,1,16.770833333333332,31.5,4,4,permeability,50
set_transformer,2,13.354166666666666,21.0,4,4,permeability,50
set_transformer,3,13.0625,15.75,4,4,permeability,50
set_transformer,4,12.458333333333332,12.6,4,4,permeability,50
state_stats,1,16.958333333333332,31.5,4,4,permeability,50
state_stats,2,5.8125,21.0,4,4,permeability,50
state_stats,3,5.770833333333334,15.75,4,4,permeability,50
state_stats,4,4.666666666666667,12.6,4,4,permeability,50
compact_set,1,7.265151515151516,30.78909090909091,11,9,all,60
compact_set,2,3.2045454545454546,19.258787878787878,11,9,all,60
compact_set,3,3.0681818181818183,15.38,11,9,all,60
compact_set,4,3.022727272727273,12.734545454545456,11,9,all,60
cross_attention,1,8.727272727272727,30.78909090909091,11,9,all,60
cross_attention,2,6.469696969696969,19.258787878787878,11,9,all,60
cross_attention,3,5.234848484848484,15.38,11,9,all,60
cross_attention,4,4.71969696969697,12.734545454545456,11,9,all,60
deep_sets,1,9.022727272727273,30.78909090909091,11,9,all,60
deep_sets,2,4.992424242424242,19.258787878787878,11,9,all,60
deep_sets,3,4.8106060606060606,15.38,11,9,all,60
deep_sets,4,4.696969696969696,12.734545454545456,11,9,all,60
delta_greedy,1,16.65909090909091,30.78909090909091,11,9,all,60
delta_greedy,2,9.181818181818182,19.258787878787878,11,9,all,60
delta_greedy,3,9.090909090909092,15.38,11,9,all,60
delta_greedy,4,7.590909090909091,12.734545454545456,11,9,all,60
gp_both,1,6.856060606060606,30.78909090909091,11,9,all,60
gp_both,2,3.6136363636363638,19.258787878787878,11,9,all,60
gp_both,3,3.265151515151515,15.38,11,9,all,60
gp_both,4,3.1136363636363638,12.734545454545456,11,9,all,60
gp_delta,1,7.060606060606061,30.78909090909091,11,9,all,60
gp_delta,2,3.7803030303030307,19.258787878787878,11,9,all,60
gp_delta,3,3.2348484848484844,15.38,11,9,all,60
gp_delta,4,3.053030303030303,12.734545454545456,11,9,all,60
gp_ei,1,6.2727272727272725,30.78909090909091,11,9,all,60
gp_ei,2,4.568181818181818,19.258787878787878,11,9,all,60
gp_ei,3,4.181818181818182,15.38,11,9,all,60
gp_ei,4,4.090909090909091,12.734545454545456,11,9,all,60
gp_greedy,1,5.0227272727272725,30.78909090909091,11,9,all,60
gp_greedy,2,3.3181818181818183,19.258787878787878,11,9,all,60
gp_greedy,3,3.227272727272727,15.38,11,9,all,60
gp_greedy,4,3.227272727272727,12.734545454545456,11,9,all,60
gp_incumbent,1,6.992424242424243,30.78909090909091,11,9,all,60
gp_incumbent,2,5.840909090909091,19.258787878787878,11,9,all,60
gp_incumbent,3,5.621212121212121,15.38,11,9,all,60
gp_incumbent,4,5.5,12.734545454545456,11,9,all,60
gp_only,1,7.234848484848484,30.78909090909091,11,9,all,60
gp_only,2,6.333333333333334,19.258787878787878,11,9,all,60
gp_only,3,6.045454545454546,15.38,11,9,all,60
gp_only,4,5.946969696969697,12.734545454545456,11,9,all,60
molecular_stats,1,8.575757575757576,30.78909090909091,11,9,all,60
molecular_stats,2,4.174242424242424,19.258787878787878,11,9,all,60
molecular_stats,3,4.015151515151515,15.38,11,9,all,60
molecular_stats,4,4.007575757575758,12.734545454545456,11,9,all,60
molecule_mlp,1,9.106060606060607,30.78909090909091,11,9,all,60
molecule_mlp,2,4.878787878787879,19.258787878787878,11,9,all,60
molecule_mlp,3,4.787878787878788,15.38,11,9,all,60
molecule_mlp,4,4.78030303030303,12.734545454545456,11,9,all,60
random,1,30.78909090909091,30.78909090909091,11,9,all,60
random,2,19.258787878787878,19.258787878787878,11,9,all,60
random,3,15.38,15.38,11,9,all,60
random,4,12.734545454545456,12.734545454545456,11,9,all,60
set_gp_only,1,6.439393939393939,30.78909090909091,11,9,all,60
set_gp_only,2,5.257575757575758,19.258787878787878,11,9,all,60
set_gp_only,3,5.053030303030304,15.38,11,9,all,60
set_gp_only,4,5.053030303030304,12.734545454545456,11,9,all,60
set_transformer,1,9.878787878787877,30.78909090909091,11,9,all,60
set_transformer,2,5.303030303030303,19.258787878787878,11,9,all,60
set_transformer,3,5.045454545454546,15.38,11,9,all,60
set_transformer,4,4.856060606060606,12.734545454545456,11,9,all,60
state_stats,1,8.098484848484848,30.78909090909091,11,9,all,60
state_stats,2,3.901515151515152,19.258787878787878,11,9,all,60
state_stats,3,3.5075757575757573,15.38,11,9,all,60
state_stats,4,3.1818181818181817,12.734545454545456,11,9,all,60
compact_set,1,7.34375,27.335,8,6,microsomal_clearance,60
compact_set,2,2.0520833333333335,16.480833333333333,8,6,microsomal_clearance,60
compact_set,3,1.9270833333333333,13.6475,8,6,microsomal_clearance,60
compact_set,4,1.9270833333333333,11.510000000000002,8,6,microsomal_clearance,60
cross_attention,1,8.21875,27.335,8,6,microsomal_clearance,60
cross_attention,2,5.635416666666666,16.480833333333333,8,6,microsomal_clearance,60
cross_attention,3,4.177083333333333,13.6475,8,6,microsomal_clearance,60
cross_attention,4,3.489583333333333,11.510000000000002,8,6,microsomal_clearance,60
deep_sets,1,10.604166666666666,27.335,8,6,microsomal_clearance,60
deep_sets,2,5.135416666666667,16.480833333333333,8,6,microsomal_clearance,60
deep_sets,3,5.010416666666667,13.6475,8,6,microsomal_clearance,60
deep_sets,4,4.875,11.510000000000002,8,6,microsomal_clearance,60
delta_greedy,1,15.90625,27.335,8,6,microsomal_clearance,60
delta_greedy,2,5.625,16.480833333333333,8,6,microsomal_clearance,60
delta_greedy,3,5.5,13.6475,8,6,microsomal_clearance,60
delta_greedy,4,3.6875,11.51,8,6,microsomal_clearance,60
gp_both,1,7.28125,27.335,8,6,microsomal_clearance,60
gp_both,2,3.03125,16.480833333333333,8,6,microsomal_clearance,60
gp_both,3,2.635416666666667,13.6475,8,6,microsomal_clearance,60
gp_both,4,2.59375,11.510000000000002,8,6,microsomal_clearance,60
gp_delta,1,7.635416666666666,27.335,8,6,microsomal_clearance,60
gp_delta,2,3.3125,16.480833333333333,8,6,microsomal_clearance,60
gp_delta,3,2.625,13.6475,8,6,microsomal_clearance,60
gp_delta,4,2.6041666666666665,11.510000000000002,8,6,microsomal_clearance,60
gp_ei,1,7.0,27.335,8,6,microsomal_clearance,60
gp_ei,2,4.84375,16.480833333333333,8,6,microsomal_clearance,60
gp_ei,3,4.5625,13.6475,8,6,microsomal_clearance,60
gp_ei,4,4.5625,11.51,8,6,microsomal_clearance,60
gp_greedy,1,5.21875,27.335,8,6,microsomal_clearance,60
gp_greedy,2,3.125,16.480833333333333,8,6,microsomal_clearance,60
gp_greedy,3,3.0,13.6475,8,6,microsomal_clearance,60
gp_greedy,4,3.0,11.51,8,6,microsomal_clearance,60
gp_incumbent,1,7.395833333333334,27.335,8,6,microsomal_clearance,60
gp_incumbent,2,6.052083333333334,16.480833333333333,8,6,microsomal_clearance,60
gp_incumbent,3,5.927083333333334,13.6475,8,6,microsomal_clearance,60
gp_incumbent,4,5.927083333333334,11.510000000000002,8,6,microsomal_clearance,60
gp_only,1,7.5,27.335,8,6,microsomal_clearance,60
gp_only,2,6.541666666666667,16.480833333333333,8,6,microsomal_clearance,60
gp_only,3,6.28125,13.6475,8,6,microsomal_clearance,60
gp_only,4,6.28125,11.510000000000002,8,6,microsomal_clearance,60
molecular_stats,1,8.583333333333334,27.335,8,6,microsomal_clearance,60
molecular_stats,2,3.5729166666666665,16.480833333333333,8,6,microsomal_clearance,60
molecular_stats,3,3.4479166666666665,13.6475,8,6,microsomal_clearance,60
molecular_stats,4,3.4479166666666665,11.510000000000002,8,6,microsomal_clearance,60
molecule_mlp,1,8.489583333333334,27.335,8,6,microsomal_clearance,60
molecule_mlp,2,2.677083333333333,16.480833333333333,8,6,microsomal_clearance,60
molecule_mlp,3,2.552083333333333,13.6475,8,6,microsomal_clearance,60
molecule_mlp,4,2.552083333333333,11.510000000000002,8,6,microsomal_clearance,60
random,1,27.335,27.335,8,6,microsomal_clearance,60
random,2,16.480833333333333,16.480833333333333,8,6,microsomal_clearance,60
random,3,13.6475,13.6475,8,6,microsomal_clearance,60
random,4,11.51,11.51,8,6,microsomal_clearance,60
set_gp_only,1,5.729166666666666,27.335,8,6,microsomal_clearance,60
set_gp_only,2,4.1875,16.480833333333333,8,6,microsomal_clearance,60
set_gp_only,3,4.0625,13.6475,8,6,microsomal_clearance,60
set_gp_only,4,4.0625,11.510000000000002,8,6,microsomal_clearance,60
set_transformer,1,9.427083333333334,27.335,8,6,microsomal_clearance,60
set_transformer,2,3.2083333333333335,16.480833333333333,8,6,microsomal_clearance,60
set_transformer,3,3.0833333333333335,13.6475,8,6,microsomal_clearance,60
set_transformer,4,2.875,11.510000000000002,8,6,microsomal_clearance,60
state_stats,1,9.03125,27.335,8,6,microsomal_clearance,60
state_stats,2,3.5104166666666665,16.480833333333333,8,6,microsomal_clearance,60
state_stats,3,2.9895833333333335,13.6475,8,6,microsomal_clearance,60
state_stats,4,2.7395833333333335,11.510000000000002,8,6,microsomal_clearance,60
compact_set,1,3.25,45.5,1,1,protein_binding,60
compact_set,2,3.25,30.333333333333332,1,1,protein_binding,60
compact_set,3,2.75,22.75,1,1,protein_binding,60
compact_set,4,2.25,18.2,1,1,protein_binding,60
cross_attention,1,9.5,45.5,1,1,protein_binding,60
cross_attention,2,5.333333333333333,30.333333333333332,1,1,protein_binding,60
cross_attention,3,3.4166666666666665,22.75,1,1,protein_binding,60
cross_attention,4,3.25,18.2,1,1,protein_binding,60
deep_sets,1,1.75,45.5,1,1,protein_binding,60
deep_sets,2,1.75,30.333333333333332,1,1,protein_binding,60
deep_sets,3,1.75,22.75,1,1,protein_binding,60
deep_sets,4,1.5833333333333333,18.2,1,1,protein_binding,60
delta_greedy,1,5.0,45.5,1,1,protein_binding,60
delta_greedy,2,5.0,30.333333333333332,1,1,protein_binding,60
delta_greedy,3,5.0,22.75,1,1,protein_binding,60
delta_greedy,4,3.0,18.2,1,1,protein_binding,60
gp_both,1,4.083333333333333,45.5,1,1,protein_binding,60
gp_both,2,4.083333333333333,30.333333333333332,1,1,protein_binding,60
gp_both,3,3.9166666666666665,22.75,1,1,protein_binding,60
gp_both,4,2.5833333333333335,18.2,1,1,protein_binding,60
gp_delta,1,4.0,45.5,1,1,protein_binding,60
gp_delta,2,4.0,30.333333333333332,1,1,protein_binding,60
gp_delta,3,4.0,22.75,1,1,protein_binding,60
gp_delta,4,2.1666666666666665,18.2,1,1,protein_binding,60
gp_ei,1,4.5,45.5,1,1,protein_binding,60
gp_ei,2,4.5,30.333333333333332,1,1,protein_binding,60
gp_ei,3,3.0,22.75,1,1,protein_binding,60
gp_ei,4,2.0,18.2,1,1,protein_binding,60
gp_greedy,1,2.25,45.5,1,1,protein_binding,60
gp_greedy,2,2.25,30.333333333333332,1,1,protein_binding,60
gp_greedy,3,2.25,22.75,1,1,protein_binding,60
gp_greedy,4,2.25,18.2,1,1,protein_binding,60
gp_incumbent,1,3.6666666666666665,45.5,1,1,protein_binding,60
gp_incumbent,2,3.6666666666666665,30.333333333333332,1,1,protein_binding,60
gp_incumbent,3,3.3333333333333335,22.75,1,1,protein_binding,60
gp_incumbent,4,2.0,18.2,1,1,protein_binding,60
gp_only,1,3.5,45.5,1,1,protein_binding,60
gp_only,2,3.5,30.333333333333332,1,1,protein_binding,60
gp_only,3,3.1666666666666665,22.75,1,1,protein_binding,60
gp_only,4,2.0833333333333335,18.2,1,1,protein_binding,60
molecular_stats,1,2.4166666666666665,45.5,1,1,protein_binding,60
molecular_stats,2,2.4166666666666665,30.333333333333332,1,1,protein_binding,60
molecular_stats,3,1.6666666666666667,22.75,1,1,protein_binding,60
molecular_stats,4,1.5833333333333333,18.2,1,1,protein_binding,60
molecule_mlp,1,1.6666666666666667,45.5,1,1,protein_binding,60
molecule_mlp,2,1.6666666666666667,30.333333333333332,1,1,protein_binding,60
molecule_mlp,3,1.6666666666666667,22.75,1,1,protein_binding,60
molecule_mlp,4,1.5833333333333333,18.2,1,1,protein_binding,60
random,1,45.5,45.5,1,1,protein_binding,60
random,2,30.333333333333332,30.333333333333332,1,1,protein_binding,60
random,3,22.75,22.75,1,1,protein_binding,60
random,4,18.2,18.2,1,1,protein_binding,60
set_gp_only,1,2.6666666666666665,45.5,1,1,protein_binding,60
set_gp_only,2,2.6666666666666665,30.333333333333332,1,1,protein_binding,60
set_gp_only,3,1.4166666666666667,22.75,1,1,protein_binding,60
set_gp_only,4,1.4166666666666667,18.2,1,1,protein_binding,60
set_transformer,1,3.25,45.5,1,1,protein_binding,60
set_transformer,2,2.6666666666666665,30.333333333333332,1,1,protein_binding,60
set_transformer,3,2.0,22.75,1,1,protein_binding,60
set_transformer,4,1.5833333333333333,18.2,1,1,protein_binding,60
state_stats,1,4.083333333333333,45.5,1,1,protein_binding,60
state_stats,2,4.083333333333333,30.333333333333332,1,1,protein_binding,60
state_stats,3,4.083333333333333,22.75,1,1,protein_binding,60
state_stats,4,2.5,18.2,1,1,protein_binding,60
compact_set,1,8.958333333333334,37.25,2,2,permeability,60
compact_set,2,7.791666666666666,24.833333333333336,2,2,permeability,60
compact_set,3,7.791666666666666,18.625,2,2,permeability,60
compact_set,4,7.791666666666666,14.9,2,2,permeability,60
cross_attention,1,10.375,37.25,2,2,permeability,60
cross_attention,2,10.375,24.833333333333336,2,2,permeability,60
cross_attention,3,10.375,18.625,2,2,permeability,60
cross_attention,4,10.375,14.9,2,2,permeability,60
deep_sets,1,6.333333333333334,37.25,2,2,permeability,60
deep_sets,2,6.041666666666667,24.833333333333336,2,2,permeability,60
deep_sets,3,5.541666666666667,18.625,2,2,permeability,60
deep_sets,4,5.541666666666667,14.9,2,2,permeability,60
delta_greedy,1,25.5,37.25,2,2,permeability,60
delta_greedy,2,25.5,24.833333333333336,2,2,permeability,60
delta_greedy,3,25.5,18.625,2,2,permeability,60
delta_greedy,4,25.5,14.9,2,2,permeability,60
gp_both,1,6.541666666666667,37.25,2,2,permeability,60
gp_both,2,5.708333333333333,24.833333333333336,2,2,permeability,60
gp_both,3,5.458333333333333,18.625,2,2,permeability,60
gp_both,4,5.458333333333333,14.9,2,2,permeability,60
gp_delta,1,6.291666666666667,37.25,2,2,permeability,60
gp_delta,2,5.541666666666667,24.833333333333336,2,2,permeability,60
gp_delta,3,5.291666666666667,18.625,2,2,permeability,60
gp_delta,4,5.291666666666667,14.9,2,2,permeability,60
gp_ei,1,4.25,37.25,2,2,permeability,60
gp_ei,2,3.5,24.833333333333336,2,2,permeability,60
gp_ei,3,3.25,18.625,2,2,permeability,60
gp_ei,4,3.25,14.9,2,2,permeability,60
gp_greedy,1,5.625,37.25,2,2,permeability,60
gp_greedy,2,4.625,24.833333333333336,2,2,permeability,60
gp_greedy,3,4.625,18.625,2,2,permeability,60
gp_greedy,4,4.625,14.9,2,2,permeability,60
gp_incumbent,1,7.041666666666666,37.25,2,2,permeability,60
gp_incumbent,2,6.083333333333334,24.833333333333336,2,2,permeability,60
gp_incumbent,3,5.541666666666667,18.625,2,2,permeability,60
gp_incumbent,4,5.541666666666667,14.9,2,2,permeability,60
gp_only,1,8.041666666666668,37.25,2,2,permeability,60
gp_only,2,6.916666666666667,24.833333333333336,2,2,permeability,60
gp_only,3,6.541666666666667,18.625,2,2,permeability,60
gp_only,4,6.541666666666667,14.9,2,2,permeability,60
molecular_stats,1,11.625,37.25,2,2,permeability,60
molecular_stats,2,7.458333333333334,24.833333333333336,2,2,permeability,60
molecular_stats,3,7.458333333333334,18.625,2,2,permeability,60
molecular_stats,4,7.458333333333334,14.9,2,2,permeability,60
molecule_mlp,1,15.291666666666666,37.25,2,2,permeability,60
molecule_mlp,2,15.291666666666666,24.833333333333336,2,2,permeability,60
molecule_mlp,3,15.291666666666666,18.625,2,2,permeability,60
molecule_mlp,4,15.291666666666666,14.9,2,2,permeability,60
random,1,37.25,37.25,2,2,permeability,60
random,2,24.833333333333336,24.833333333333336,2,2,permeability,60
random,3,18.625,18.625,2,2,permeability,60
random,4,14.9,14.9,2,2,permeability,60
set_gp_only,1,11.166666666666668,37.25,2,2,permeability,60
set_gp_only,2,10.833333333333334,24.833333333333336,2,2,permeability,60
set_gp_only,3,10.833333333333334,18.625,2,2,permeability,60
set_gp_only,4,10.833333333333334,14.9,2,2,permeability,60
set_transformer,1,15.0,37.25,2,2,permeability,60
set_transformer,2,15.0,24.833333333333336,2,2,permeability,60
set_transformer,3,14.416666666666668,18.625,2,2,permeability,60
set_transformer,4,14.416666666666668,14.9,2,2,permeability,60
state_stats,1,6.375,37.25,2,2,permeability,60
state_stats,2,5.375,24.833333333333336,2,2,permeability,60
state_stats,3,5.291666666666667,18.625,2,2,permeability,60
state_stats,4,5.291666666666667,14.9,2,2,permeability,60
compact_set,1,9.571428571428571,34.885714285714286,7,6,all,70
compact_set,2,3.333333333333333,21.14761904761905,7,6,all,70
compact_set,3,3.119047619047619,17.242857142857144,7,6,all,70
compact_set,4,3.0476190476190474,14.400000000000002,7,6,all,70
cross_attention,1,12.357142857142858,34.885714285714286,7,6,all,70
cross_attention,2,8.952380952380953,21.14761904761905,7,6,all,70
cross_attention,3,7.011904761904761,17.242857142857144,7,6,all,70
cross_attention,4,6.202380952380952,14.400000000000002,7,6,all,70
deep_sets,1,12.357142857142858,34.885714285714286,7,6,all,70
deep_sets,2,6.25,21.14761904761905,7,6,all,70
deep_sets,3,5.964285714285714,17.242857142857144,7,6,all,70
deep_sets,4,5.785714285714286,14.400000000000002,7,6,all,70
delta_greedy,1,22.428571428571427,34.885714285714286,7,6,all,70
delta_greedy,2,10.964285714285714,21.14761904761905,7,6,all,70
delta_greedy,3,10.821428571428571,17.242857142857144,7,6,all,70
delta_greedy,4,8.464285714285714,14.4,7,6,all,70
gp_both,1,9.583333333333332,34.885714285714286,7,6,all,70
gp_both,2,4.6309523809523805,21.14761904761905,7,6,all,70
gp_both,3,4.083333333333333,17.242857142857144,7,6,all,70
gp_both,4,3.8452380952380953,14.400000000000002,7,6,all,70
gp_delta,1,9.904761904761903,34.885714285714286,7,6,all,70
gp_delta,2,4.892857142857143,21.14761904761905,7,6,all,70
gp_delta,3,4.035714285714286,17.242857142857144,7,6,all,70
gp_delta,4,3.75,14.400000000000002,7,6,all,70
gp_ei,1,8.571428571428571,34.885714285714286,7,6,all,70
gp_ei,2,6.035714285714286,21.14761904761905,7,6,all,70
gp_ei,3,5.428571428571429,17.242857142857144,7,6,all,70
gp_ei,4,5.285714285714286,14.4,7,6,all,70
gp_greedy,1,6.714285714285714,34.885714285714286,7,6,all,70
gp_greedy,2,4.178571428571429,21.14761904761905,7,6,all,70
gp_greedy,3,4.035714285714286,17.242857142857144,7,6,all,70
gp_greedy,4,4.035714285714286,14.4,7,6,all,70
gp_incumbent,1,9.238095238095239,34.885714285714286,7,6,all,70
gp_incumbent,2,7.607142857142857,21.14761904761905,7,6,all,70
gp_incumbent,3,7.3690476190476195,17.242857142857144,7,6,all,70
gp_incumbent,4,7.178571428571429,14.400000000000002,7,6,all,70
gp_only,1,9.619047619047619,34.885714285714286,7,6,all,70
gp_only,2,8.380952380952381,21.14761904761905,7,6,all,70
gp_only,3,8.035714285714286,17.242857142857144,7,6,all,70
gp_only,4,7.880952380952381,14.400000000000002,7,6,all,70
molecular_stats,1,10.690476190476192,34.885714285714286,7,6,all,70
molecular_stats,2,5.083333333333334,21.14761904761905,7,6,all,70
molecular_stats,3,4.833333333333334,17.242857142857144,7,6,all,70
molecular_stats,4,4.821428571428571,14.400000000000002,7,6,all,70
molecule_mlp,1,12.54761904761905,34.885714285714286,7,6,all,70
molecule_mlp,2,6.047619047619048,21.14761904761905,7,6,all,70
molecule_mlp,3,5.904761904761905,17.242857142857144,7,6,all,70
molecule_mlp,4,5.892857142857143,14.400000000000002,7,6,all,70
random,1,34.885714285714286,34.885714285714286,7,6,all,70
random,2,21.14761904761905,21.14761904761905,7,6,all,70
random,3,17.242857142857144,17.242857142857144,7,6,all,70
random,4,14.4,14.4,7,6,all,70
set_gp_only,1,8.404761904761903,34.885714285714286,7,6,all,70
set_gp_only,2,6.69047619047619,21.14761904761905,7,6,all,70
set_gp_only,3,6.3690476190476195,17.242857142857144,7,6,all,70
set_gp_only,4,6.3690476190476195,14.400000000000002,7,6,all,70
set_transformer,1,13.214285714285714,34.885714285714286,7,6,all,70
set_transformer,2,6.166666666666667,21.14761904761905,7,6,all,70
set_transformer,3,5.928571428571429,17.242857142857144,7,6,all,70
set_transformer,4,5.630952380952381,14.400000000000002,7,6,all,70
state_stats,1,11.547619047619047,34.885714285714286,7,6,all,70
state_stats,2,5.095238095238095,21.14761904761905,7,6,all,70
state_stats,3,4.476190476190476,17.242857142857144,7,6,all,70
state_stats,4,3.9642857142857144,14.400000000000002,7,6,all,70
compact_set,1,10.5,30.839999999999996,5,4,microsomal_clearance,70
compact_set,2,2.2333333333333334,17.606666666666666,5,4,microsomal_clearance,70
compact_set,3,2.033333333333333,15.14,5,4,microsomal_clearance,70
compact_set,4,2.033333333333333,12.960000000000003,5,4,microsomal_clearance,70
cross_attention,1,11.933333333333334,30.839999999999996,5,4,microsomal_clearance,70
cross_attention,2,8.0,17.606666666666666,5,4,microsomal_clearance,70
cross_attention,3,5.666666666666666,15.14,5,4,microsomal_clearance,70
cross_attention,4,4.566666666666666,12.960000000000003,5,4,microsomal_clearance,70
deep_sets,1,15.866666666666665,30.839999999999996,5,4,microsomal_clearance,70
deep_sets,2,7.316666666666667,17.606666666666666,5,4,microsomal_clearance,70
deep_sets,3,7.116666666666667,15.14,5,4,microsomal_clearance,70
deep_sets,4,6.9,12.960000000000003,5,4,microsomal_clearance,70
delta_greedy,1,24.1,30.839999999999996,5,4,microsomal_clearance,70
delta_greedy,2,8.05,17.606666666666666,5,4,microsomal_clearance,70
delta_greedy,3,7.85,15.14,5,4,microsomal_clearance,70
delta_greedy,4,4.95,12.959999999999999,5,4,microsomal_clearance,70
gp_both,1,10.483333333333333,30.839999999999996,5,4,microsomal_clearance,70
gp_both,2,3.883333333333333,17.606666666666666,5,4,microsomal_clearance,70
gp_both,3,3.25,15.14,5,4,microsomal_clearance,70
gp_both,4,3.1833333333333336,12.960000000000003,5,4,microsomal_clearance,70
gp_delta,1,11.05,30.839999999999996,5,4,microsomal_clearance,70
gp_delta,2,4.333333333333334,17.606666666666666,5,4,microsomal_clearance,70
gp_delta,3,3.233333333333333,15.14,5,4,microsomal_clearance,70
gp_delta,4,3.2,12.960000000000003,5,4,microsomal_clearance,70
gp_ei,1,9.9,30.839999999999996,5,4,microsomal_clearance,70
gp_ei,2,6.65,17.606666666666666,5,4,microsomal_clearance,70
gp_ei,3,6.2,15.14,5,4,microsomal_clearance,70
gp_ei,4,6.2,12.959999999999999,5,4,microsomal_clearance,70
gp_greedy,1,7.2,30.839999999999996,5,4,microsomal_clearance,70
gp_greedy,2,4.05,17.606666666666666,5,4,microsomal_clearance,70
gp_greedy,3,3.85,15.14,5,4,microsomal_clearance,70
gp_greedy,4,3.85,12.959999999999999,5,4,microsomal_clearance,70
gp_incumbent,1,10.566666666666666,30.839999999999996,5,4,microsomal_clearance,70
gp_incumbent,2,8.616666666666667,17.606666666666666,5,4,microsomal_clearance,70
gp_incumbent,3,8.416666666666668,15.14,5,4,microsomal_clearance,70
gp_incumbent,4,8.416666666666668,12.960000000000003,5,4,microsomal_clearance,70
gp_only,1,10.75,30.839999999999996,5,4,microsomal_clearance,70
gp_only,2,9.416666666666668,17.606666666666666,5,4,microsomal_clearance,70
gp_only,3,9.0,15.14,5,4,microsomal_clearance,70
gp_only,4,9.0,12.960000000000003,5,4,microsomal_clearance,70
molecular_stats,1,12.583333333333334,30.839999999999996,5,4,microsomal_clearance,70
molecular_stats,2,4.766666666666667,17.606666666666666,5,4,microsomal_clearance,70
molecular_stats,3,4.566666666666666,15.14,5,4,microsomal_clearance,70
molecular_stats,4,4.566666666666666,12.960000000000003,5,4,microsomal_clearance,70
molecule_mlp,1,12.433333333333334,30.839999999999996,5,4,microsomal_clearance,70
molecule_mlp,2,3.333333333333333,17.606666666666666,5,4,microsomal_clearance,70
molecule_mlp,3,3.1333333333333333,15.14,5,4,microsomal_clearance,70
molecule_mlp,4,3.1333333333333333,12.960000000000003,5,4,microsomal_clearance,70
random,1,30.839999999999996,30.839999999999996,5,4,microsomal_clearance,70
random,2,17.606666666666666,17.606666666666666,5,4,microsomal_clearance,70
random,3,15.14,15.14,5,4,microsomal_clearance,70
random,4,12.959999999999999,12.959999999999999,5,4,microsomal_clearance,70
set_gp_only,1,7.95,30.839999999999996,5,4,microsomal_clearance,70
set_gp_only,2,5.683333333333334,17.606666666666666,5,4,microsomal_clearance,70
set_gp_only,3,5.483333333333333,15.14,5,4,microsomal_clearance,70
set_gp_only,4,5.483333333333333,12.960000000000003,5,4,microsomal_clearance,70
set_transformer,1,13.9,30.839999999999996,5,4,microsomal_clearance,70
set_transformer,2,4.15,17.606666666666666,5,4,microsomal_clearance,70
set_transformer,3,3.95,15.14,5,4,microsomal_clearance,70
set_transformer,4,3.616666666666667,12.960000000000003,5,4,microsomal_clearance,70
state_stats,1,13.3,30.839999999999996,5,4,microsomal_clearance,70
state_stats,2,4.666666666666666,17.606666666666666,5,4,microsomal_clearance,70
state_stats,3,3.8333333333333335,15.14,5,4,microsomal_clearance,70
state_stats,4,3.4333333333333336,12.960000000000003,5,4,microsomal_clearance,70
compact_set,1,3.25,45.5,1,1,protein_binding,70
compact_set,2,3.25,30.333333333333332,1,1,protein_binding,70
compact_set,3,2.75,22.75,1,1,protein_binding,70
compact_set,4,2.25,18.2,1,1,protein_binding,70
cross_attention,1,9.5,45.5,1,1,protein_binding,70
cross_attention,2,5.333333333333333,30.333333333333332,1,1,protein_binding,70
cross_attention,3,3.4166666666666665,22.75,1,1,protein_binding,70
cross_attention,4,3.25,18.2,1,1,protein_binding,70
deep_sets,1,1.75,45.5,1,1,protein_binding,70
deep_sets,2,1.75,30.333333333333332,1,1,protein_binding,70
deep_sets,3,1.75,22.75,1,1,protein_binding,70
deep_sets,4,1.5833333333333333,18.2,1,1,protein_binding,70
delta_greedy,1,5.0,45.5,1,1,protein_binding,70
delta_greedy,2,5.0,30.333333333333332,1,1,protein_binding,70
delta_greedy,3,5.0,22.75,1,1,protein_binding,70
delta_greedy,4,3.0,18.2,1,1,protein_binding,70
gp_both,1,4.083333333333333,45.5,1,1,protein_binding,70
gp_both,2,4.083333333333333,30.333333333333332,1,1,protein_binding,70
gp_both,3,3.9166666666666665,22.75,1,1,protein_binding,70
gp_both,4,2.5833333333333335,18.2,1,1,protein_binding,70
gp_delta,1,4.0,45.5,1,1,protein_binding,70
gp_delta,2,4.0,30.333333333333332,1,1,protein_binding,70
gp_delta,3,4.0,22.75,1,1,protein_binding,70
gp_delta,4,2.1666666666666665,18.2,1,1,protein_binding,70
gp_ei,1,4.5,45.5,1,1,protein_binding,70
gp_ei,2,4.5,30.333333333333332,1,1,protein_binding,70
gp_ei,3,3.0,22.75,1,1,protein_binding,70
gp_ei,4,2.0,18.2,1,1,protein_binding,70
gp_greedy,1,2.25,45.5,1,1,protein_binding,70
gp_greedy,2,2.25,30.333333333333332,1,1,protein_binding,70
gp_greedy,3,2.25,22.75,1,1,protein_binding,70
gp_greedy,4,2.25,18.2,1,1,protein_binding,70
gp_incumbent,1,3.6666666666666665,45.5,1,1,protein_binding,70
gp_incumbent,2,3.6666666666666665,30.333333333333332,1,1,protein_binding,70
gp_incumbent,3,3.3333333333333335,22.75,1,1,protein_binding,70
gp_incumbent,4,2.0,18.2,1,1,protein_binding,70
gp_only,1,3.5,45.5,1,1,protein_binding,70
gp_only,2,3.5,30.333333333333332,1,1,protein_binding,70
gp_only,3,3.1666666666666665,22.75,1,1,protein_binding,70
gp_only,4,2.0833333333333335,18.2,1,1,protein_binding,70
molecular_stats,1,2.4166666666666665,45.5,1,1,protein_binding,70
molecular_stats,2,2.4166666666666665,30.333333333333332,1,1,protein_binding,70
molecular_stats,3,1.6666666666666667,22.75,1,1,protein_binding,70
molecular_stats,4,1.5833333333333333,18.2,1,1,protein_binding,70
molecule_mlp,1,1.6666666666666667,45.5,1,1,protein_binding,70
molecule_mlp,2,1.6666666666666667,30.333333333333332,1,1,protein_binding,70
molecule_mlp,3,1.6666666666666667,22.75,1,1,protein_binding,70
molecule_mlp,4,1.5833333333333333,18.2,1,1,protein_binding,70
random,1,45.5,45.5,1,1,protein_binding,70
random,2,30.333333333333332,30.333333333333332,1,1,protein_binding,70
random,3,22.75,22.75,1,1,protein_binding,70
random,4,18.2,18.2,1,1,protein_binding,70
set_gp_only,1,2.6666666666666665,45.5,1,1,protein_binding,70
set_gp_only,2,2.6666666666666665,30.333333333333332,1,1,protein_binding,70
set_gp_only,3,1.4166666666666667,22.75,1,1,protein_binding,70
set_gp_only,4,1.4166666666666667,18.2,1,1,protein_binding,70
set_transformer,1,3.25,45.5,1,1,protein_binding,70
set_transformer,2,2.6666666666666665,30.333333333333332,1,1,protein_binding,70
set_transformer,3,2.0,22.75,1,1,protein_binding,70
set_transformer,4,1.5833333333333333,18.2,1,1,protein_binding,70
state_stats,1,4.083333333333333,45.5,1,1,protein_binding,70
state_stats,2,4.083333333333333,30.333333333333332,1,1,protein_binding,70
state_stats,3,4.083333333333333,22.75,1,1,protein_binding,70
state_stats,4,2.5,18.2,1,1,protein_binding,70
compact_set,1,11.25,44.5,1,1,permeability,70
compact_set,2,8.916666666666666,29.666666666666668,1,1,permeability,70
compact_set,3,8.916666666666666,22.25,1,1,permeability,70
compact_set,4,8.916666666666666,17.8,1,1,permeability,70
cross_attention,1,17.333333333333332,44.5,1,1,permeability,70
cross_attention,2,17.333333333333332,29.666666666666668,1,1,permeability,70
cross_attention,3,17.333333333333332,22.25,1,1,permeability,70
cross_attention,4,17.333333333333332,17.8,1,1,permeability,70
deep_sets,1,5.416666666666667,44.5,1,1,permeability,70
deep_sets,2,5.416666666666667,29.666666666666668,1,1,permeability,70
deep_sets,3,4.416666666666667,22.25,1,1,permeability,70
deep_sets,4,4.416666666666667,17.8,1,1,permeability,70
delta_greedy,1,31.5,44.5,1,1,permeability,70
delta_greedy,2,31.5,29.666666666666668,1,1,permeability,70
delta_greedy,3,31.5,22.25,1,1,permeability,70
delta_greedy,4,31.5,17.8,1,1,permeability,70
gp_both,1,10.583333333333334,44.5,1,1,permeability,70
gp_both,2,8.916666666666666,29.666666666666668,1,1,permeability,70
gp_both,3,8.416666666666666,22.25,1,1,permeability,70
gp_both,4,8.416666666666666,17.8,1,1,permeability,70
gp_delta,1,10.083333333333334,44.5,1,1,permeability,70
gp_delta,2,8.583333333333334,29.666666666666668,1,1,permeability,70
gp_delta,3,8.083333333333334,22.25,1,1,permeability,70
gp_delta,4,8.083333333333334,17.8,1,1,permeability,70
gp_ei,1,6.0,44.5,1,1,permeability,70
gp_ei,2,4.5,29.666666666666668,1,1,permeability,70
gp_ei,3,4.0,22.25,1,1,permeability,70
gp_ei,4,4.0,17.8,1,1,permeability,70
gp_greedy,1,8.75,44.5,1,1,permeability,70
gp_greedy,2,6.75,29.666666666666668,1,1,permeability,70
gp_greedy,3,6.75,22.25,1,1,permeability,70
gp_greedy,4,6.75,17.8,1,1,permeability,70
gp_incumbent,1,8.166666666666666,44.5,1,1,permeability,70
gp_incumbent,2,6.5,29.666666666666668,1,1,permeability,70
gp_incumbent,3,6.166666666666667,22.25,1,1,permeability,70
gp_incumbent,4,6.166666666666667,17.8,1,1,permeability,70
gp_only,1,10.083333333333334,44.5,1,1,permeability,70
gp_only,2,8.083333333333334,29.666666666666668,1,1,permeability,70
gp_only,3,8.083333333333334,22.25,1,1,permeability,70
gp_only,4,8.083333333333334,17.8,1,1,permeability,70
molecular_stats,1,9.5,44.5,1,1,permeability,70
molecular_stats,2,9.333333333333334,29.666666666666668,1,1,permeability,70
molecular_stats,3,9.333333333333334,22.25,1,1,permeability,70
molecular_stats,4,9.333333333333334,17.8,1,1,permeability,70
molecule_mlp,1,24.0,44.5,1,1,permeability,70
molecule_mlp,2,24.0,29.666666666666668,1,1,permeability,70
molecule_mlp,3,24.0,22.25,1,1,permeability,70
molecule_mlp,4,24.0,17.8,1,1,permeability,70
random,1,44.5,44.5,1,1,permeability,70
random,2,29.666666666666668,29.666666666666668,1,1,permeability,70
random,3,22.25,22.25,1,1,permeability,70
random,4,17.8,17.8,1,1,permeability,70
set_gp_only,1,16.416666666666668,44.5,1,1,permeability,70
set_gp_only,2,15.75,29.666666666666668,1,1,permeability,70
set_gp_only,3,15.75,22.25,1,1,permeability,70
set_gp_only,4,15.75,17.8,1,1,permeability,70
set_transformer,1,19.75,44.5,1,1,permeability,70
set_transformer,2,19.75,29.666666666666668,1,1,permeability,70
set_transformer,3,19.75,22.25,1,1,permeability,70
set_transformer,4,19.75,17.8,1,1,permeability,70
state_stats,1,10.25,44.5,1,1,permeability,70
state_stats,2,8.25,29.666666666666668,1,1,permeability,70
state_stats,3,8.083333333333334,22.25,1,1,permeability,70
state_stats,4,8.083333333333334,17.8,1,1,permeability,70
