method,top_k,mean_acquisitions,pools,groups,endpoint,minimum_pool_size
auxiliary_dpo,1,2.5481801801801804,4625,2011,all,3
auxiliary_dpo,2,1.7504864864864864,4625,2011,all,3
auxiliary_dpo,3,1.0914054054054054,4625,2011,all,3
auxiliary_dpo,4,0.7784144144144144,4625,2011,all,3
auxiliary_gp_ei,1,2.506,4625,2011,all,3
auxiliary_gp_ei,2,1.7218378378378378,4625,2011,all,3
auxiliary_gp_ei,3,1.0653513513513513,4625,2011,all,3
auxiliary_gp_ei,4,0.7632972972972973,4625,2011,all,3
auxiliary_ppo,1,2.5427927927927927,4625,2011,all,3
auxiliary_ppo,2,1.7485585585585586,4625,2011,all,3
auxiliary_ppo,3,1.0886126126126126,4625,2011,all,3
auxiliary_ppo,4,0.7737837837837838,4625,2011,all,3
auxiliary_trpo,1,2.5401081081081083,4625,2011,all,3
auxiliary_trpo,2,1.7443603603603604,4625,2011,all,3
auxiliary_trpo,3,1.0868648648648649,4625,2011,all,3
auxiliary_trpo,4,0.7734054054054054,4625,2011,all,3
auxiliary_warm,1,2.54209009009009,4625,2011,all,3
auxiliary_warm,2,1.7453873873873875,4625,2011,all,3
auxiliary_warm,3,1.0872072072072072,4625,2011,all,3
auxiliary_warm,4,0.7747207207207207,4625,2011,all,3
historical_ppo,1,2.5704324324324324,4625,2011,all,3
historical_ppo,2,1.7594414414414414,4625,2011,all,3
historical_ppo,3,1.0961621621621622,4625,2011,all,3
historical_ppo,4,0.779981981981982,4625,2011,all,3
original_dpo,1,2.565891891891892,4625,2011,all,3
original_dpo,2,1.7553693693693693,4625,2011,all,3
original_dpo,3,1.0924684684684685,4625,2011,all,3
original_dpo,4,0.7763243243243243,4625,2011,all,3
original_gp_ei,1,2.5169189189189187,4625,2011,all,3
original_gp_ei,2,1.7263243243243245,4625,2011,all,3
original_gp_ei,3,1.0668648648648649,4625,2011,all,3
original_gp_ei,4,0.7645405405405405,4625,2011,all,3
original_ppo,1,2.570252252252252,4625,2011,all,3
original_ppo,2,1.7595135135135136,4625,2011,all,3
original_ppo,3,1.096018018018018,4625,2011,all,3
original_ppo,4,0.7796576576576576,4625,2011,all,3
original_trpo,1,2.5617297297297297,4625,2011,all,3
original_trpo,2,1.755891891891892,4625,2011,all,3
original_trpo,3,1.0935855855855856,4625,2011,all,3
original_trpo,4,0.7803063063063063,4625,2011,all,3
original_warm,1,2.562828828828829,4625,2011,all,3
original_warm,2,1.7525945945945949,4625,2011,all,3
original_warm,3,1.0892252252252252,4625,2011,all,3
original_warm,4,0.7746846846846847,4625,2011,all,3
random,1,3.464042654092654,4625,2011,all,3
random,2,2.34872823967824,4625,2011,all,3
random,3,1.5045340233840234,4625,2011,all,3
random,4,1.084875025925026,4625,2011,all,3
auxiliary_dpo,1,2.4911968618865172,1827,897,microsomal_clearance,3
auxiliary_dpo,2,1.7802864440795476,1827,897,microsomal_clearance,3
auxiliary_dpo,3,1.1305418719211822,1827,897,microsomal_clearance,3
auxiliary_dpo,4,0.861977741288086,1827,897,microsomal_clearance,3
auxiliary_gp_ei,1,2.4625068418171865,1827,897,microsomal_clearance,3
auxiliary_gp_ei,2,1.7532840722495897,1827,897,microsomal_clearance,3
auxiliary_gp_ei,3,1.091954022988506,1827,897,microsomal_clearance,3
auxiliary_gp_ei,4,0.8345648604269293,1827,897,microsomal_clearance,3
auxiliary_ppo,1,2.4932037949279326,1827,897,microsomal_clearance,3
auxiliary_ppo,2,1.7848932676518885,1827,897,microsomal_clearance,3
auxiliary_ppo,3,1.1302225871191387,1827,897,microsomal_clearance,3
auxiliary_ppo,4,0.8566411238825031,1827,897,microsomal_clearance,3
auxiliary_trpo,1,2.4837164750957856,1827,897,microsomal_clearance,3
auxiliary_trpo,2,1.7748586024448092,1827,897,microsomal_clearance,3
auxiliary_trpo,3,1.1255701514322205,1827,897,microsomal_clearance,3
auxiliary_trpo,4,0.8547254150702426,1827,897,microsomal_clearance,3
auxiliary_warm,1,2.488049625980661,1827,897,microsomal_clearance,3
auxiliary_warm,2,1.7769567597153804,1827,897,microsomal_clearance,3
auxiliary_warm,3,1.1289454479109653,1827,897,microsomal_clearance,3
auxiliary_warm,4,0.8592410144134282,1827,897,microsomal_clearance,3
historical_ppo,1,2.512953840540048,1827,897,microsomal_clearance,3
historical_ppo,2,1.786672140120416,1827,897,microsomal_clearance,3
historical_ppo,3,1.13578726509761,1827,897,microsomal_clearance,3
historical_ppo,4,0.8630268199233716,1827,897,microsomal_clearance,3
original_dpo,1,2.5030560116767013,1827,897,microsomal_clearance,3
original_dpo,2,1.776135741652983,1827,897,microsomal_clearance,3
original_dpo,3,1.128762999452655,1827,897,microsomal_clearance,3
original_dpo,4,0.8545885787265097,1827,897,microsomal_clearance,3
original_gp_ei,1,2.455528188286809,1827,897,microsomal_clearance,3
original_gp_ei,2,1.7364532019704433,1827,897,microsomal_clearance,3
original_gp_ei,3,1.0911330049261083,1827,897,microsomal_clearance,3
original_gp_ei,4,0.8359332238642584,1827,897,microsomal_clearance,3
original_ppo,1,2.5171501550811892,1827,897,microsomal_clearance,3
original_ppo,2,1.7896825396825398,1827,897,microsomal_clearance,3
original_ppo,3,1.136015325670498,1827,897,microsomal_clearance,3
original_ppo,4,0.8598339719029374,1827,897,microsomal_clearance,3
original_trpo,1,2.498494800218938,1827,897,microsomal_clearance,3
original_trpo,2,1.7841178617040687,1827,897,microsomal_clearance,3
original_trpo,3,1.132275132275132,1827,897,microsomal_clearance,3
original_trpo,4,0.8621601897463966,1827,897,microsomal_clearance,3
original_warm,1,2.499407042510491,1827,897,microsomal_clearance,3
original_warm,2,1.7732165663200146,1827,897,microsomal_clearance,3
original_warm,3,1.1257069877759531,1827,897,microsomal_clearance,3
original_warm,4,0.8524904214559387,1827,897,microsomal_clearance,3
random,1,3.5251902131246684,1827,897,microsomal_clearance,3
random,2,2.478664227251392,1827,897,microsomal_clearance,3
random,3,1.6421491033799462,1827,897,microsomal_clearance,3
random,4,1.2363718696059969,1827,897,microsomal_clearance,3
auxiliary_dpo,1,2.463221601489758,537,399,in_vivo_clearance,3
auxiliary_dpo,2,1.647889509621353,537,399,in_vivo_clearance,3
auxiliary_dpo,3,0.8985102420856611,537,399,in_vivo_clearance,3
auxiliary_dpo,4,0.5522967101179391,537,399,in_vivo_clearance,3
auxiliary_gp_ei,1,2.405027932960894,537,399,in_vivo_clearance,3
auxiliary_gp_ei,2,1.6424581005586592,537,399,in_vivo_clearance,3
auxiliary_gp_ei,3,0.8808193668528864,537,399,in_vivo_clearance,3
auxiliary_gp_ei,4,0.5465549348230913,537,399,in_vivo_clearance,3
auxiliary_ppo,1,2.45592799503414,537,399,in_vivo_clearance,3
auxiliary_ppo,2,1.649441340782123,537,399,in_vivo_clearance,3
auxiliary_ppo,3,0.8981998758535071,537,399,in_vivo_clearance,3
auxiliary_ppo,4,0.5507448789571695,537,399,in_vivo_clearance,3
auxiliary_trpo,1,2.4573246430788327,537,399,in_vivo_clearance,3
auxiliary_trpo,2,1.647889509621353,537,399,in_vivo_clearance,3
auxiliary_trpo,3,0.9019242706393544,537,399,in_vivo_clearance,3
auxiliary_trpo,4,0.5471756672873991,537,399,in_vivo_clearance,3
auxiliary_warm,1,2.4716014897579144,537,399,in_vivo_clearance,3
auxiliary_warm,2,1.6516139044072005,537,399,in_vivo_clearance,3
auxiliary_warm,3,0.8999068901303539,537,399,in_vivo_clearance,3
auxiliary_warm,4,0.5515207945375543,537,399,in_vivo_clearance,3
historical_ppo,1,2.4514276846679084,537,399,in_vivo_clearance,3
historical_ppo,2,1.6424581005586592,537,399,in_vivo_clearance,3
historical_ppo,3,0.8943202979515829,537,399,in_vivo_clearance,3
historical_ppo,4,0.5450031036623215,537,399,in_vivo_clearance,3
original_dpo,1,2.467566728739913,537,399,in_vivo_clearance,3
original_dpo,2,1.6502172563625075,537,399,in_vivo_clearance,3
original_dpo,3,0.898665425201738,537,399,in_vivo_clearance,3
original_dpo,4,0.5516759776536313,537,399,in_vivo_clearance,3
original_gp_ei,1,2.413873370577281,537,399,in_vivo_clearance,3
original_gp_ei,2,1.6405959031657356,537,399,in_vivo_clearance,3
original_gp_ei,3,0.8836126629422719,537,399,in_vivo_clearance,3
original_gp_ei,4,0.547486033519553,537,399,in_vivo_clearance,3
original_ppo,1,2.4546865301055245,537,399,in_vivo_clearance,3
original_ppo,2,1.6415270018621977,537,399,in_vivo_clearance,3
original_ppo,3,0.893699565487275,537,399,in_vivo_clearance,3
original_ppo,4,0.5459342023587834,537,399,in_vivo_clearance,3
original_trpo,1,2.454220980757294,537,399,in_vivo_clearance,3
original_trpo,2,1.6402855369335816,537,399,in_vivo_clearance,3
original_trpo,3,0.8980446927374302,537,399,in_vivo_clearance,3
original_trpo,4,0.547951582867784,537,399,in_vivo_clearance,3
original_warm,1,2.4616697703289883,537,399,in_vivo_clearance,3
original_warm,2,1.6405959031657356,537,399,in_vivo_clearance,3
original_warm,3,0.8924581005586593,537,399,in_vivo_clearance,3
original_warm,4,0.5457790192427063,537,399,in_vivo_clearance,3
random,1,2.7454996896337676,537,399,in_vivo_clearance,3
random,2,1.808659217877095,537,399,in_vivo_clearance,3
random,3,0.9932029795158288,537,399,in_vivo_clearance,3
random,4,0.617364990689013,537,399,in_vivo_clearance,3
auxiliary_dpo,1,2.1360795454545456,880,355,protein_binding,3
auxiliary_dpo,2,1.434943181818182,880,355,protein_binding,3
auxiliary_dpo,3,0.7716856060606061,880,355,protein_binding,3
auxiliary_dpo,4,0.4870265151515151,880,355,protein_binding,3
auxiliary_gp_ei,1,2.099715909090909,880,355,protein_binding,3
auxiliary_gp_ei,2,1.400284090909091,880,355,protein_binding,3
auxiliary_gp_ei,3,0.7553977272727272,880,355,protein_binding,3
auxiliary_gp_ei,4,0.4769886363636363,880,355,protein_binding,3
auxiliary_ppo,1,2.1259469696969697,880,355,protein_binding,3
auxiliary_ppo,2,1.4262310606060604,880,355,protein_binding,3
auxiliary_ppo,3,0.7678977272727273,880,355,protein_binding,3
auxiliary_ppo,4,0.4833333333333333,880,355,protein_binding,3
auxiliary_trpo,1,2.128503787878788,880,355,protein_binding,3
auxiliary_trpo,2,1.431155303030303,880,355,protein_binding,3
auxiliary_trpo,3,0.7707386363636364,880,355,protein_binding,3
auxiliary_trpo,4,0.4858901515151514,880,355,protein_binding,3
auxiliary_warm,1,2.127935606060606,880,355,protein_binding,3
auxiliary_warm,2,1.435132575757576,880,355,protein_binding,3
auxiliary_warm,3,0.7737689393939393,880,355,protein_binding,3
auxiliary_warm,4,0.4881628787878788,880,355,protein_binding,3
historical_ppo,1,2.153598484848485,880,355,protein_binding,3
historical_ppo,2,1.4393939393939394,880,355,protein_binding,3
historical_ppo,3,0.7691287878787879,880,355,protein_binding,3
historical_ppo,4,0.4871212121212121,880,355,protein_binding,3
original_dpo,1,2.1393939393939396,880,355,protein_binding,3
original_dpo,2,1.431534090909091,880,355,protein_binding,3
original_dpo,3,0.7652462121212121,880,355,protein_binding,3
original_dpo,4,0.4849431818181818,880,355,protein_binding,3
original_gp_ei,1,2.10625,880,355,protein_binding,3
original_gp_ei,2,1.4139204545454545,880,355,protein_binding,3
original_gp_ei,3,0.7542613636363636,880,355,protein_binding,3
original_gp_ei,4,0.4758522727272727,880,355,protein_binding,3
original_ppo,1,2.140340909090909,880,355,protein_binding,3
original_ppo,2,1.428598484848485,880,355,protein_binding,3
original_ppo,3,0.7620265151515152,880,355,protein_binding,3
original_ppo,4,0.4856060606060606,880,355,protein_binding,3
original_trpo,1,2.130871212121212,880,355,protein_binding,3
original_trpo,2,1.4271780303030304,880,355,protein_binding,3
original_trpo,3,0.7660037878787879,880,355,protein_binding,3
original_trpo,4,0.4875946969696969,880,355,protein_binding,3
original_warm,1,2.1389204545454548,880,355,protein_binding,3
original_warm,2,1.431439393939394,880,355,protein_binding,3
original_warm,3,0.7632575757575757,880,355,protein_binding,3
original_warm,4,0.4852272727272727,880,355,protein_binding,3
random,1,2.9808996212121213,880,355,protein_binding,3
random,2,1.921278409090909,880,355,protein_binding,3
random,3,1.097623106060606,880,355,protein_binding,3
random,4,0.7207440476190476,880,355,protein_binding,3
auxiliary_dpo,1,2.7272582697201018,524,222,cellular_clearance,3
auxiliary_dpo,2,1.8638676844783717,524,222,cellular_clearance,3
auxiliary_dpo,3,1.25,524,222,cellular_clearance,3
auxiliary_dpo,4,0.9012404580152672,524,222,cellular_clearance,3
auxiliary_gp_ei,1,2.6727099236641223,524,222,cellular_clearance,3
auxiliary_gp_ei,2,1.838740458015267,524,222,cellular_clearance,3
auxiliary_gp_ei,3,1.2471374045801529,524,222,cellular_clearance,3
auxiliary_gp_ei,4,0.9222328244274808,524,222,cellular_clearance,3
auxiliary_ppo,1,2.7138994910941476,524,222,cellular_clearance,3
auxiliary_ppo,2,1.8584605597964376,524,222,cellular_clearance,3
auxiliary_ppo,3,1.251113231552163,524,222,cellular_clearance,3
auxiliary_ppo,4,0.8998091603053435,524,222,cellular_clearance,3
auxiliary_trpo,1,2.712150127226463,524,222,cellular_clearance,3
auxiliary_trpo,2,1.84382951653944,524,222,cellular_clearance,3
auxiliary_trpo,3,1.2415712468193385,524,222,cellular_clearance,3
auxiliary_trpo,4,0.9029898218829516,524,222,cellular_clearance,3
auxiliary_warm,1,2.717239185750636,524,222,cellular_clearance,3
auxiliary_warm,2,1.8575063613231553,524,222,cellular_clearance,3
auxiliary_warm,3,1.2455470737913483,524,222,cellular_clearance,3
auxiliary_warm,4,0.8985368956743002,524,222,cellular_clearance,3
historical_ppo,1,2.760655216284987,524,222,cellular_clearance,3
historical_ppo,2,1.8875636132315523,524,222,cellular_clearance,3
historical_ppo,3,1.26176844783715,524,222,cellular_clearance,3
historical_ppo,4,0.9122137404580152,524,222,cellular_clearance,3
original_dpo,1,2.751590330788804,524,222,cellular_clearance,3
original_dpo,2,1.8915394402035624,524,222,cellular_clearance,3
original_dpo,3,1.2649491094147582,524,222,cellular_clearance,3
original_dpo,4,0.9153944020356236,524,222,cellular_clearance,3
original_gp_ei,1,2.726145038167939,524,222,cellular_clearance,3
original_gp_ei,2,1.8745229007633588,524,222,cellular_clearance,3
original_gp_ei,3,1.2447519083969465,524,222,cellular_clearance,3
original_gp_ei,4,0.916030534351145,524,222,cellular_clearance,3
original_ppo,1,2.752226463104326,524,222,cellular_clearance,3
original_ppo,2,1.8872455470737912,524,222,cellular_clearance,3
original_ppo,3,1.2670165394402035,524,222,cellular_clearance,3
original_ppo,4,0.9147582697201018,524,222,cellular_clearance,3
original_trpo,1,2.7638358778625953,524,222,cellular_clearance,3
original_trpo,2,1.8829516539440203,524,222,cellular_clearance,3
original_trpo,3,1.2603371501272265,524,222,cellular_clearance,3
original_trpo,4,0.9114185750636132,524,222,cellular_clearance,3
original_warm,1,2.7584287531806617,524,222,cellular_clearance,3
original_warm,2,1.896469465648855,524,222,cellular_clearance,3
original_warm,3,1.2674936386768447,524,222,cellular_clearance,3
original_warm,4,0.9171437659033078,524,222,cellular_clearance,3
random,1,3.5780211624677274,524,222,cellular_clearance,3
random,2,2.4859092031801953,524,222,cellular_clearance,3
random,3,1.6545160734092033,524,222,cellular_clearance,3
random,4,1.222275524517891,524,222,cellular_clearance,3
auxiliary_dpo,1,3.15390826873385,516,376,permeability,3
auxiliary_dpo,2,2.0419896640826876,516,376,permeability,3
auxiliary_dpo,3,1.377906976744186,516,376,permeability,3
auxiliary_dpo,4,0.9710917312661498,516,376,permeability,3
auxiliary_gp_ei,1,3.04796511627907,516,376,permeability,3
auxiliary_gp_ei,2,2.000968992248062,516,376,permeability,3
auxiliary_gp_ei,3,1.3347868217054264,516,376,permeability,3
auxiliary_gp_ei,4,0.9447674418604652,516,376,permeability,3
auxiliary_ppo,1,3.133882428940568,516,376,permeability,3
auxiliary_ppo,2,2.0298772609819125,516,376,permeability,3
auxiliary_ppo,3,1.3615956072351425,516,376,permeability,3
auxiliary_ppo,4,0.9589793281653748,516,376,permeability,3
auxiliary_trpo,1,3.114341085271318,516,376,permeability,3
auxiliary_trpo,2,2.01954134366925,516,376,permeability,3
auxiliary_trpo,3,1.3540051679586562,516,376,permeability,3
auxiliary_trpo,4,0.954780361757106,516,376,permeability,3
auxiliary_warm,1,3.11999354005168,516,376,permeability,3
auxiliary_warm,2,2.0151808785529712,516,376,permeability,3
auxiliary_warm,3,1.352874677002584,516,376,permeability,3
auxiliary_warm,4,0.9551033591731266,516,376,permeability,3
historical_ppo,1,3.174257105943153,516,376,permeability,3
historical_ppo,2,2.055717054263566,516,376,permeability,3
historical_ppo,3,1.373546511627907,516,376,permeability,3
historical_ppo,4,0.9691537467700256,516,376,permeability,3
original_dpo,1,3.186046511627907,516,376,permeability,3
original_dpo,2,2.063630490956072,516,376,permeability,3
original_dpo,3,1.3845284237726097,516,376,permeability,3
original_dpo,4,0.9717377260981912,516,376,permeability,3
original_gp_ei,1,3.0794573643410854,516,376,permeability,3
original_gp_ei,2,2.0281007751937983,516,376,permeability,3
original_gp_ei,3,1.3430232558139534,516,376,permeability,3
original_gp_ei,4,0.945251937984496,516,376,permeability,3
original_ppo,1,3.175387596899225,516,376,permeability,3
original_ppo,2,2.06734496124031,516,376,permeability,3
original_ppo,3,1.3806524547803616,516,376,permeability,3
original_ppo,4,0.9794896640826872,516,376,permeability,3
original_trpo,1,3.179909560723514,516,376,permeability,3
original_trpo,2,2.057332041343669,516,376,permeability,3
original_trpo,3,1.3775839793281657,516,376,permeability,3
original_trpo,4,0.9675387596899224,516,376,permeability,3
original_warm,1,3.175064599483204,516,376,permeability,3
original_warm,2,2.0544250645994833,516,376,permeability,3
original_warm,3,1.3719315245478036,516,376,permeability,3
original_warm,4,0.9654392764857882,516,376,permeability,3
random,1,4.265503875968992,516,376,permeability,3
random,2,2.8010981912144706,516,376,permeability,3
random,3,1.851986434108527,516,376,permeability,3
random,4,1.340889165743817,516,376,permeability,3
auxiliary_dpo,1,2.858993157380254,341,251,efflux,3
auxiliary_dpo,2,1.951368523949169,341,251,efflux,3
auxiliary_dpo,3,1.3333333333333337,341,251,efflux,3
auxiliary_dpo,4,0.958455522971652,341,251,efflux,3
auxiliary_gp_ei,1,2.8702346041055717,341,251,efflux,3
auxiliary_gp_ei,2,1.906158357771261,341,251,efflux,3
auxiliary_gp_ei,3,1.3262463343108504,341,251,efflux,3
auxiliary_gp_ei,4,0.9428152492668622,341,251,efflux,3
auxiliary_ppo,1,2.863636363636364,341,251,efflux,3
auxiliary_ppo,2,1.9472140762463344,341,251,efflux,3
auxiliary_ppo,3,1.3304007820136854,341,251,efflux,3
auxiliary_ppo,4,0.9567448680351908,341,251,efflux,3
auxiliary_trpo,1,2.9015151515151514,341,251,efflux,3
auxiliary_trpo,2,1.9718963831867056,341,251,efflux,3
auxiliary_trpo,3,1.344574780058651,341,251,efflux,3
auxiliary_trpo,4,0.9623655913978496,341,251,efflux,3
auxiliary_warm,1,2.8677908113391983,341,251,efflux,3
auxiliary_warm,2,1.9440371456500487,341,251,efflux,3
auxiliary_warm,3,1.3220918866080156,341,251,efflux,3
auxiliary_warm,4,0.9496578690127075,341,251,efflux,3
historical_ppo,1,2.935483870967742,341,251,efflux,3
historical_ppo,2,1.9784946236559136,341,251,efflux,3
historical_ppo,3,1.371456500488759,341,251,efflux,3
historical_ppo,4,0.9714076246334312,341,251,efflux,3
original_dpo,1,2.9342619745845555,341,251,efflux,3
original_dpo,2,1.9696969696969695,341,251,efflux,3
original_dpo,3,1.3406647116324537,341,251,efflux,3
original_dpo,4,0.9533235581622678,341,251,efflux,3
original_gp_ei,1,2.8951612903225805,341,251,efflux,3
original_gp_ei,2,1.9288856304985336,341,251,efflux,3
original_gp_ei,3,1.3409090909090908,341,251,efflux,3
original_gp_ei,4,0.9626099706744868,341,251,efflux,3
original_ppo,1,2.9508797653958942,341,251,efflux,3
original_ppo,2,1.9755620723362657,341,251,efflux,3
original_ppo,3,1.3687683284457477,341,251,efflux,3
original_ppo,4,0.967008797653959,341,251,efflux,3
original_trpo,1,2.9357282502443796,341,251,efflux,3
original_trpo,2,1.983626588465298,341,251,efflux,3
original_trpo,3,1.3536168132942326,341,251,efflux,3
original_trpo,4,0.9782502443792764,341,251,efflux,3
original_warm,1,2.9288856304985336,341,251,efflux,3
original_warm,2,1.9694525904203324,341,251,efflux,3
original_warm,3,1.343108504398827,341,251,efflux,3
original_warm,4,0.95772238514174,341,251,efflux,3
random,1,4.126881720430108,341,251,efflux,3
random,2,2.710822510822511,341,251,efflux,3
random,3,1.866315807848066,341,251,efflux,3
random,4,1.3505708001675742,341,251,efflux,3
auxiliary_dpo,1,3.4534852725576433,2501,1209,all,5
auxiliary_dpo,2,2.3438624550179927,2501,1209,all,5
auxiliary_dpo,3,1.8706517393042783,2501,1209,all,5
auxiliary_dpo,4,1.4394908703185392,2501,1209,all,5
auxiliary_gp_ei,1,3.3814474210315875,2501,1209,all,5
auxiliary_gp_ei,2,2.2938824470211916,2501,1209,all,5
auxiliary_gp_ei,3,1.822471011595362,2501,1209,all,5
auxiliary_gp_ei,4,1.4115353858456616,2501,1209,all,5
auxiliary_ppo,1,3.4412235105957616,2501,1209,all,5
auxiliary_ppo,2,2.340263894442223,2501,1209,all,5
auxiliary_ppo,3,1.865487138477942,2501,1209,all,5
auxiliary_ppo,4,1.4309276289484207,2501,1209,all,5
auxiliary_trpo,1,3.4424563507930164,2501,1209,all,5
auxiliary_trpo,2,2.3340663734506197,2501,1209,all,5
auxiliary_trpo,3,1.8622550979608157,2501,1209,all,5
auxiliary_trpo,4,1.4302279088364651,2501,1209,all,5
auxiliary_warm,1,3.444755431160869,2501,1209,all,5
auxiliary_warm,2,2.336365453818473,2501,1209,all,5
auxiliary_warm,3,1.8628881780621085,2501,1209,all,5
auxiliary_warm,4,1.4326602692256432,2501,1209,all,5
historical_ppo,1,3.489770758363321,2501,1209,all,5
historical_ppo,2,2.3613554578168734,2501,1209,all,5
historical_ppo,3,1.8794482207117151,2501,1209,all,5
historical_ppo,4,1.4423897107823536,2501,1209,all,5
original_dpo,1,3.4841396774623488,2501,1209,all,5
original_dpo,2,2.355691056910569,2501,1209,all,5
original_dpo,3,1.8726176196188191,2501,1209,all,5
original_dpo,4,1.43562574970012,2501,1209,all,5
original_gp_ei,1,3.4019392243102757,2501,1209,all,5
original_gp_ei,2,2.299980007996801,2501,1209,all,5
original_gp_ei,3,1.825269892043183,2501,1209,all,5
original_gp_ei,4,1.4138344662135145,2501,1209,all,5
original_ppo,1,3.491503398640544,2501,1209,all,5
original_ppo,2,2.3633213381314144,2501,1209,all,5
original_ppo,3,1.8791816606690657,2501,1209,all,5
original_ppo,4,1.441789950686392,2501,1209,all,5
original_trpo,1,3.481207516993203,2501,1209,all,5
original_trpo,2,2.3560908969745435,2501,1209,all,5
original_trpo,3,1.8746834599493536,2501,1209,all,5
original_trpo,4,1.4429894708783153,2501,1209,all,5
original_warm,1,3.477475676396108,2501,1209,all,5
original_warm,2,2.349826735972278,2501,1209,all,5
original_warm,3,1.866620018659203,2501,1209,all,5
original_warm,4,1.4325936292149806,2501,1209,all,5
random,1,5.01723868126557,2501,1209,all,5
random,2,3.4235778122798317,2501,1209,all,5
random,3,2.6346340896245937,2501,1209,all,5
random,4,2.0062163114367233,2501,1209,all,5
auxiliary_dpo,1,3.3795656465942745,1013,531,microsomal_clearance,5
auxiliary_dpo,2,2.368542283645936,1013,531,microsomal_clearance,5
auxiliary_dpo,3,1.910908193484699,1013,531,microsomal_clearance,5
auxiliary_dpo,4,1.554623231326094,1013,531,microsomal_clearance,5
auxiliary_gp_ei,1,3.3255182625863773,1013,531,microsomal_clearance,5
auxiliary_gp_ei,2,2.321076011846002,1013,531,microsomal_clearance,5
auxiliary_gp_ei,3,1.8413129318854888,1013,531,microsomal_clearance,5
auxiliary_gp_ei,4,1.505182625863771,1013,531,microsomal_clearance,5
auxiliary_ppo,1,3.3770154656136886,1013,531,microsomal_clearance,5
auxiliary_ppo,2,2.377262257321487,1013,531,microsomal_clearance,5
auxiliary_ppo,3,1.9103323461665025,1013,531,microsomal_clearance,5
auxiliary_ppo,4,1.544998354721948,1013,531,microsomal_clearance,5
auxiliary_trpo,1,3.365004935834156,1013,531,microsomal_clearance,5
auxiliary_trpo,2,2.361220796314577,1013,531,microsomal_clearance,5
auxiliary_trpo,3,1.9019414281013491,1013,531,microsomal_clearance,5
auxiliary_trpo,4,1.5415432708127672,1013,531,microsomal_clearance,5
auxiliary_warm,1,3.375205659756499,1013,531,microsomal_clearance,5
auxiliary_warm,2,2.3654162553471534,1013,531,microsomal_clearance,5
auxiliary_warm,3,1.908028956893715,1013,531,microsomal_clearance,5
auxiliary_warm,4,1.5496873971701215,1013,531,microsomal_clearance,5
historical_ppo,1,3.4020236920039486,1013,531,microsomal_clearance,5
historical_ppo,2,2.3807996051332676,1013,531,microsomal_clearance,5
historical_ppo,3,1.9203685422836456,1013,531,microsomal_clearance,5
historical_ppo,4,1.5565153010858834,1013,531,microsomal_clearance,5
original_dpo,1,3.390259953932215,1013,531,microsomal_clearance,5
original_dpo,2,2.3639355051003617,1013,531,microsomal_clearance,5
original_dpo,3,1.907699901283317,1013,531,microsomal_clearance,5
original_dpo,4,1.5412964791049686,1013,531,microsomal_clearance,5
original_gp_ei,1,3.317127344521224,1013,531,microsomal_clearance,5
original_gp_ei,2,2.293435340572557,1013,531,microsomal_clearance,5
original_gp_ei,3,1.8398321816386969,1013,531,microsomal_clearance,5
original_gp_ei,4,1.5076505429417573,1013,531,microsomal_clearance,5
original_ppo,1,3.4123889437314907,1013,531,microsomal_clearance,5
original_ppo,2,2.3874629812438304,1013,531,microsomal_clearance,5
original_ppo,3,1.9207798617966436,1013,531,microsomal_clearance,5
original_ppo,4,1.550756827903916,1013,531,microsomal_clearance,5
original_trpo,1,3.384666008555446,1013,531,microsomal_clearance,5
original_trpo,2,2.37676867390589,1013,531,microsomal_clearance,5
original_trpo,3,1.9140342217834816,1013,531,microsomal_clearance,5
original_trpo,4,1.5549522869364922,1013,531,microsomal_clearance,5
original_warm,1,3.3804705495228693,1013,531,microsomal_clearance,5
original_warm,2,2.3571898650872,1013,531,microsomal_clearance,5
original_warm,3,1.902188219809148,1013,531,microsomal_clearance,5
original_warm,4,1.53751233958539,1013,531,microsomal_clearance,5
random,1,5.089278564704281,1013,531,microsomal_clearance,5
random,2,3.6025201150262847,1013,531,microsomal_clearance,5
random,3,2.833619360192657,1013,531,microsomal_clearance,5
random,4,2.2298631843733028,1013,531,microsomal_clearance,5
auxiliary_dpo,1,3.581513828238719,229,179,in_vivo_clearance,5
auxiliary_dpo,2,2.388646288209607,229,179,in_vivo_clearance,5
auxiliary_dpo,3,1.841703056768559,229,179,in_vivo_clearance,5
auxiliary_dpo,4,1.2951237263464337,229,179,in_vivo_clearance,5
auxiliary_gp_ei,1,3.482532751091703,229,179,in_vivo_clearance,5
auxiliary_gp_ei,2,2.37882096069869,229,179,in_vivo_clearance,5
auxiliary_gp_ei,3,1.8002183406113537,229,179,in_vivo_clearance,5
auxiliary_gp_ei,4,1.281659388646288,229,179,in_vivo_clearance,5
auxiliary_ppo,1,3.5673216885007277,229,179,in_vivo_clearance,5
auxiliary_ppo,2,2.3951965065502185,229,179,in_vivo_clearance,5
auxiliary_ppo,3,1.8409752547307132,229,179,in_vivo_clearance,5
auxiliary_ppo,4,1.2914847161572052,229,179,in_vivo_clearance,5
auxiliary_trpo,1,3.6033478893740902,229,179,in_vivo_clearance,5
auxiliary_trpo,2,2.393013100436681,229,179,in_vivo_clearance,5
auxiliary_trpo,3,1.8497088791848617,229,179,in_vivo_clearance,5
auxiliary_trpo,4,1.2831149927219796,229,179,in_vivo_clearance,5
auxiliary_warm,1,3.599344978165939,229,179,in_vivo_clearance,5
auxiliary_warm,2,2.4017467248908297,229,179,in_vivo_clearance,5
auxiliary_warm,3,1.8449781659388649,229,179,in_vivo_clearance,5
auxiliary_warm,4,1.2933042212518195,229,179,in_vivo_clearance,5
historical_ppo,1,3.5476710334788937,229,179,in_vivo_clearance,5
historical_ppo,2,2.3704512372634645,229,179,in_vivo_clearance,5
historical_ppo,3,1.831877729257642,229,179,in_vivo_clearance,5
historical_ppo,4,1.2780203784570598,229,179,in_vivo_clearance,5
original_dpo,1,3.584425036390102,229,179,in_vivo_clearance,5
original_dpo,2,2.388282387190684,229,179,in_vivo_clearance,5
original_dpo,3,1.8420669577874815,229,179,in_vivo_clearance,5
original_dpo,4,1.2936681222707425,229,179,in_vivo_clearance,5
original_gp_ei,1,3.502183406113537,229,179,in_vivo_clearance,5
original_gp_ei,2,2.366812227074236,229,179,in_vivo_clearance,5
original_gp_ei,3,1.806768558951965,229,179,in_vivo_clearance,5
original_gp_ei,4,1.2838427947598254,229,179,in_vivo_clearance,5
original_ppo,1,3.554949053857351,229,179,in_vivo_clearance,5
original_ppo,2,2.3686317321688497,229,179,in_vivo_clearance,5
original_ppo,3,1.8304221251819504,229,179,in_vivo_clearance,5
original_ppo,4,1.280203784570597,229,179,in_vivo_clearance,5
original_trpo,1,3.5789665211062593,229,179,in_vivo_clearance,5
original_trpo,2,2.371542940320233,229,179,in_vivo_clearance,5
original_trpo,3,1.8406113537117903,229,179,in_vivo_clearance,5
original_trpo,4,1.284934497816594,229,179,in_vivo_clearance,5
original_warm,1,3.566593886462882,229,179,in_vivo_clearance,5
original_warm,2,2.364992721979622,229,179,in_vivo_clearance,5
original_warm,3,1.8275109170305677,229,179,in_vivo_clearance,5
original_warm,4,1.2798398835516738,229,179,in_vivo_clearance,5
random,1,4.164483260553129,229,179,in_vivo_clearance,5
random,2,2.749636098981077,229,179,in_vivo_clearance,5
random,3,2.063755458515284,229,179,in_vivo_clearance,5
random,4,1.447707423580786,229,179,in_vivo_clearance,5
auxiliary_dpo,1,2.8609765940274414,413,183,protein_binding,5
auxiliary_dpo,2,1.91000807102502,413,183,protein_binding,5
auxiliary_dpo,3,1.4663034705407587,413,183,protein_binding,5
auxiliary_dpo,4,1.03773204196933,413,183,protein_binding,5
auxiliary_gp_ei,1,2.773002421307506,413,183,protein_binding,5
auxiliary_gp_ei,2,1.8407990314769975,413,183,protein_binding,5
auxiliary_gp_ei,3,1.431598062953995,413,183,protein_binding,5
auxiliary_gp_ei,4,1.0163438256658597,413,183,protein_binding,5
auxiliary_ppo,1,2.833938660209846,413,183,protein_binding,5
auxiliary_ppo,2,1.8916464891041165,413,183,protein_binding,5
auxiliary_ppo,3,1.458232445520581,413,183,protein_binding,5
auxiliary_ppo,4,1.0298627925746568,413,183,protein_binding,5
auxiliary_trpo,1,2.829499596448749,413,183,protein_binding,5
auxiliary_trpo,2,1.899313962873285,413,183,protein_binding,5
auxiliary_trpo,3,1.4642857142857142,413,183,protein_binding,5
auxiliary_trpo,4,1.0353107344632768,413,183,protein_binding,5
auxiliary_warm,1,2.8498789346246975,413,183,protein_binding,5
auxiliary_warm,2,1.91000807102502,413,183,protein_binding,5
auxiliary_warm,3,1.4707425343018563,413,183,protein_binding,5
auxiliary_warm,4,1.0401533494753834,413,183,protein_binding,5
historical_ppo,1,2.901129943502825,413,183,protein_binding,5
historical_ppo,2,1.9233252623083132,413,183,protein_binding,5
historical_ppo,3,1.460855528652139,413,183,protein_binding,5
historical_ppo,4,1.0379338175948345,413,183,protein_binding,5
original_dpo,1,2.87590799031477,413,183,protein_binding,5
original_dpo,2,1.9083938660209845,413,183,protein_binding,5
original_dpo,3,1.4525827280064567,413,183,protein_binding,5
original_dpo,4,1.0332929782082323,413,183,protein_binding,5
original_gp_ei,1,2.790556900726392,413,183,protein_binding,5
original_gp_ei,2,1.8644067796610169,413,183,protein_binding,5
original_gp_ei,3,1.429176755447942,413,183,protein_binding,5
original_gp_ei,4,1.0139225181598064,413,183,protein_binding,5
original_ppo,1,2.8710653753026634,413,183,protein_binding,5
original_ppo,2,1.9013317191283292,413,183,protein_binding,5
original_ppo,3,1.445722356739306,413,183,protein_binding,5
original_ppo,4,1.0347054075867634,413,183,protein_binding,5
original_trpo,1,2.862994350282486,413,183,protein_binding,5
original_trpo,2,1.9011299435028248,413,183,protein_binding,5
original_trpo,3,1.4541969330104925,413,183,protein_binding,5
original_trpo,4,1.0389426957223566,413,183,protein_binding,5
original_warm,1,2.878329297820823,413,183,protein_binding,5
original_warm,2,1.9069814366424536,413,183,protein_binding,5
original_warm,3,1.4483454398708635,413,183,protein_binding,5
original_warm,4,1.0338983050847457,413,183,protein_binding,5
random,1,4.46817998385795,413,183,protein_binding,5
random,2,2.904499596448749,413,183,protein_binding,5
random,3,2.160794995964487,413,183,protein_binding,5
random,4,1.5357258157500289,413,183,protein_binding,5
auxiliary_dpo,1,3.673076923076923,299,155,cellular_clearance,5
auxiliary_dpo,2,2.4679487179487176,299,155,cellular_clearance,5
auxiliary_dpo,3,2.0585284280936453,299,155,cellular_clearance,5
auxiliary_dpo,4,1.5794314381270902,299,155,cellular_clearance,5
auxiliary_gp_ei,1,3.576923076923077,299,155,cellular_clearance,5
auxiliary_gp_ei,2,2.419732441471572,299,155,cellular_clearance,5
auxiliary_gp_ei,3,2.0535117056856187,299,155,cellular_clearance,5
auxiliary_gp_ei,4,1.6162207357859533,299,155,cellular_clearance,5
auxiliary_ppo,1,3.649386845039019,299,155,cellular_clearance,5
auxiliary_ppo,2,2.4565217391304346,299,155,cellular_clearance,5
auxiliary_ppo,3,2.060479375696767,299,155,cellular_clearance,5
auxiliary_ppo,4,1.5769230769230769,299,155,cellular_clearance,5
auxiliary_trpo,1,3.658305462653289,299,155,cellular_clearance,5
auxiliary_trpo,2,2.435897435897436,299,155,cellular_clearance,5
auxiliary_trpo,3,2.0437569676700114,299,155,cellular_clearance,5
auxiliary_trpo,4,1.5824972129319956,299,155,cellular_clearance,5
auxiliary_warm,1,3.6596989966555182,299,155,cellular_clearance,5
auxiliary_warm,2,2.4573578595317724,299,155,cellular_clearance,5
auxiliary_warm,3,2.050724637681159,299,155,cellular_clearance,5
auxiliary_warm,4,1.5746934225195095,299,155,cellular_clearance,5
historical_ppo,1,3.733277591973244,299,155,cellular_clearance,5
historical_ppo,2,2.5066889632107023,299,155,cellular_clearance,5
historical_ppo,3,2.079152731326644,299,155,cellular_clearance,5
historical_ppo,4,1.5986622073578596,299,155,cellular_clearance,5
original_dpo,1,3.716555183946488,299,155,cellular_clearance,5
original_dpo,2,2.5186733556298777,299,155,cellular_clearance,5
original_dpo,3,2.0847268673355632,299,155,cellular_clearance,5
original_dpo,4,1.604236343366778,299,155,cellular_clearance,5
original_gp_ei,1,3.654682274247491,299,155,cellular_clearance,5
original_gp_ei,2,2.4740802675585285,299,155,cellular_clearance,5
original_gp_ei,3,2.04933110367893,299,155,cellular_clearance,5
original_gp_ei,4,1.605351170568562,299,155,cellular_clearance,5
original_ppo,1,3.7249163879598663,299,155,cellular_clearance,5
original_ppo,2,2.511426978818283,299,155,cellular_clearance,5
original_ppo,3,2.08835005574136,299,155,cellular_clearance,5
original_ppo,4,1.6031215161649943,299,155,cellular_clearance,5
original_trpo,1,3.734392419175028,299,155,cellular_clearance,5
original_trpo,2,2.4983277591973243,299,155,cellular_clearance,5
original_trpo,3,2.0766443701226307,299,155,cellular_clearance,5
original_trpo,4,1.5972686733556298,299,155,cellular_clearance,5
original_warm,1,3.729654403567447,299,155,cellular_clearance,5
original_warm,2,2.527870680044593,299,155,cellular_clearance,5
original_warm,3,2.089186176142698,299,155,cellular_clearance,5
original_warm,4,1.6073021181716831,299,155,cellular_clearance,5
random,1,5.049218804235527,299,155,cellular_clearance,5
random,2,3.5338341888509115,299,155,cellular_clearance,5
random,3,2.767446228984691,299,155,cellular_clearance,5
random,4,2.1420480764126246,299,155,cellular_clearance,5
auxiliary_dpo,1,4.140543364681296,319,253,permeability,5
auxiliary_dpo,2,2.6603970741901777,319,253,permeability,5
auxiliary_dpo,3,2.097962382445141,319,253,permeability,5
auxiliary_dpo,4,1.5707941483803551,319,253,permeability,5
auxiliary_gp_ei,1,3.9976489028213167,319,253,permeability,5
auxiliary_gp_ei,2,2.5948275862068964,319,253,permeability,5
auxiliary_gp_ei,3,2.0282131661442007,319,253,permeability,5
auxiliary_gp_ei,4,1.5282131661442009,319,253,permeability,5
auxiliary_ppo,1,4.114420062695925,319,253,permeability,5
auxiliary_ppo,2,2.639237199582027,319,253,permeability,5
auxiliary_ppo,3,2.0715778474399165,319,253,permeability,5
auxiliary_ppo,4,1.551201671891327,319,253,permeability,5
auxiliary_trpo,1,4.093521421107628,319,253,permeability,5
auxiliary_trpo,2,2.624869383490074,319,253,permeability,5
auxiliary_trpo,3,2.059299895506792,319,253,permeability,5
auxiliary_trpo,4,1.5444096133751306,319,253,permeability,5
auxiliary_warm,1,4.089602925809822,319,253,permeability,5
auxiliary_warm,2,2.617032392894462,319,253,permeability,5
auxiliary_warm,3,2.057471264367816,319,253,permeability,5
auxiliary_warm,4,1.544932079414838,319,253,permeability,5
historical_ppo,1,4.187565308254963,319,253,permeability,5
historical_ppo,2,2.6854754440961335,319,253,permeability,5
historical_ppo,3,2.090909090909091,319,253,permeability,5
historical_ppo,4,1.5676593521421107,319,253,permeability,5
original_dpo,1,4.206112852664577,319,253,permeability,5
original_dpo,2,2.6980146290491116,319,253,permeability,5
original_dpo,3,2.108672936259143,319,253,permeability,5
original_dpo,4,1.5718390804597702,319,253,permeability,5
original_gp_ei,1,4.047805642633229,319,253,permeability,5
original_gp_ei,2,2.6316614420062696,319,253,permeability,5
original_gp_ei,3,2.04153605015674,319,253,permeability,5
original_gp_ei,4,1.5289968652037618,319,253,permeability,5
original_ppo,1,4.200104493207942,319,253,permeability,5
original_ppo,2,2.7071577847439916,319,253,permeability,5
original_ppo,3,2.102403343782654,319,253,permeability,5
original_ppo,4,1.5843782654127485,319,253,permeability,5
original_trpo,1,4.195924764890282,319,253,permeability,5
original_trpo,2,2.688087774294671,319,253,permeability,5
original_trpo,3,2.097439916405434,319,253,permeability,5
original_trpo,4,1.5650470219435737,319,253,permeability,5
original_warm,1,4.184169278996865,319,253,permeability,5
original_warm,2,2.68312434691745,319,253,permeability,5
original_warm,3,2.088296760710554,319,253,permeability,5
original_warm,4,1.5616509926854756,319,253,permeability,5
random,1,5.846917450365726,319,253,permeability,5
random,2,3.849634273772205,319,253,permeability,5
random,3,2.864811912225705,319,253,permeability,5
random,4,2.1689617853410956,319,253,permeability,5
auxiliary_dpo,1,3.47733918128655,228,185,efflux,5
auxiliary_dpo,2,2.369517543859649,228,185,efflux,5
auxiliary_dpo,3,1.888888888888889,228,185,efflux,5
auxiliary_dpo,4,1.4334795321637426,228,185,efflux,5
auxiliary_gp_ei,1,3.512061403508772,228,185,efflux,5
auxiliary_gp_ei,2,2.3223684210526314,228,185,efflux,5
auxiliary_gp_ei,3,1.8782894736842104,228,185,efflux,5
auxiliary_gp_ei,4,1.4100877192982455,228,185,efflux,5
auxiliary_ppo,1,3.485014619883041,228,185,efflux,5
auxiliary_ppo,2,2.3625730994152043,228,185,efflux,5
auxiliary_ppo,3,1.884502923976608,228,185,efflux,5
auxiliary_ppo,4,1.430921052631579,228,185,efflux,5
auxiliary_trpo,1,3.541301169590643,228,185,efflux,5
auxiliary_trpo,2,2.401315789473684,228,185,efflux,5
auxiliary_trpo,3,1.905701754385965,228,185,efflux,5
auxiliary_trpo,4,1.439327485380117,228,185,efflux,5
auxiliary_warm,1,3.491959064327485,228,185,efflux,5
auxiliary_warm,2,2.3625730994152043,228,185,efflux,5
auxiliary_warm,3,1.8720760233918128,228,185,efflux,5
auxiliary_warm,4,1.4203216374269003,228,185,efflux,5
historical_ppo,1,3.5921052631578947,228,185,efflux,5
historical_ppo,2,2.415204678362573,228,185,efflux,5
historical_ppo,3,1.945906432748538,228,185,efflux,5
historical_ppo,4,1.4528508771929824,228,185,efflux,5
original_dpo,1,3.5873538011695905,228,185,efflux,5
original_dpo,2,2.4038742690058483,228,185,efflux,5
original_dpo,3,1.899853801169591,228,185,efflux,5
original_dpo,4,1.4258040935672514,228,185,efflux,5
original_gp_ei,1,3.550438596491228,228,185,efflux,5
original_gp_ei,2,2.3585526315789473,228,185,efflux,5
original_gp_ei,3,1.900219298245614,228,185,efflux,5
original_gp_ei,4,1.4396929824561404,228,185,efflux,5
original_ppo,1,3.605628654970761,228,185,efflux,5
original_ppo,2,2.412280701754386,228,185,efflux,5
original_ppo,3,1.9418859649122808,228,185,efflux,5
original_ppo,4,1.4462719298245614,228,185,efflux,5
original_trpo,1,3.599780701754386,228,185,efflux,5
original_trpo,2,2.421783625730994,228,185,efflux,5
original_trpo,3,1.9192251461988303,228,185,efflux,5
original_trpo,4,1.4630847953216373,228,185,efflux,5
original_warm,1,3.584795321637427,228,185,efflux,5
original_warm,2,2.4042397660818713,228,185,efflux,5
original_warm,3,1.9035087719298245,228,185,efflux,5
original_warm,4,1.4323830409356724,228,185,efflux,5
random,1,5.34546783625731,228,185,efflux,5
random,2,3.50500208855472,228,185,efflux,5
random,3,2.6860249582289057,228,185,efflux,5
random,4,2.0199326441102756,228,185,efflux,5
auxiliary_dpo,1,4.697290930506478,1132,630,all,10
auxiliary_dpo,2,3.193610129564193,1132,630,all,10
auxiliary_dpo,3,2.5586719670200235,1132,630,all,10
auxiliary_dpo,4,2.1378828032979977,1132,630,all,10
auxiliary_gp_ei,1,4.601590106007067,1132,630,all,10
auxiliary_gp_ei,2,3.0960689045936394,1132,630,all,10
auxiliary_gp_ei,3,2.4664310954063606,1132,630,all,10
auxiliary_gp_ei,4,2.0823763250883394,1132,630,all,10
auxiliary_ppo,1,4.687868080094229,1132,630,all,10
auxiliary_ppo,2,3.18801531213192,1132,630,all,10
auxiliary_ppo,3,2.544758539458186,1132,630,all,10
auxiliary_ppo,4,2.1194787985865724,1132,630,all,10
auxiliary_trpo,1,4.699057714958775,1132,630,all,10
auxiliary_trpo,2,3.1853651354534747,1132,630,all,10
auxiliary_trpo,3,2.5464517078916376,1132,630,all,10
auxiliary_trpo,4,2.1228651354534747,1132,630,all,10
auxiliary_warm,1,4.69331566548881,1132,630,all,10
auxiliary_warm,2,3.178371613663133,1132,630,all,10
auxiliary_warm,3,2.5416666666666665,1132,630,all,10
auxiliary_warm,4,2.121834511189635,1132,630,all,10
historical_ppo,1,4.756478209658422,1132,630,all,10
historical_ppo,2,3.224087161366313,1132,630,all,10
historical_ppo,3,2.5792108362779738,1132,630,all,10
historical_ppo,4,2.14656949352179,1132,630,all,10
original_dpo,1,4.749042991755006,1132,630,all,10
original_dpo,2,3.217314487632509,1132,630,all,10
original_dpo,3,2.5680212014134276,1132,630,all,10
original_dpo,4,2.135085394581861,1132,630,all,10
original_gp_ei,1,4.621466431095406,1132,630,all,10
original_gp_ei,2,3.091872791519435,1132,630,all,10
original_gp_ei,3,2.4644434628975267,1132,630,all,10
original_gp_ei,4,2.0885600706713783,1132,630,all,10
original_ppo,1,4.7582449941107186,1132,630,all,10
original_ppo,2,3.226663722025913,1132,630,all,10
original_ppo,3,2.5761925795053005,1132,630,all,10
original_ppo,4,2.144361012956419,1132,630,all,10
original_trpo,1,4.739399293286219,1132,630,all,10
original_trpo,2,3.2100265017667846,1132,630,all,10
original_trpo,3,2.565223792697291,1132,630,all,10
original_trpo,4,2.1460541813898706,1132,630,all,10
original_warm,1,4.732258539458186,1132,630,all,10
original_warm,2,3.2039163722025914,1132,630,all,10
original_warm,3,2.5552856301531213,1132,630,all,10
original_warm,4,2.128901648998822,1132,630,all,10
random,1,7.447269593586952,1132,630,all,10
random,2,5.115544770265398,1132,630,all,10
random,3,3.987388188674629,1132,630,all,10
random,4,3.272980266404516,1132,630,all,10
auxiliary_dpo,1,4.364774114774114,546,318,microsomal_clearance,10
auxiliary_dpo,2,3.0792124542124544,546,318,microsomal_clearance,10
auxiliary_dpo,3,2.4639804639804637,546,318,microsomal_clearance,10
auxiliary_dpo,4,2.147893772893773,546,318,microsomal_clearance,10
auxiliary_gp_ei,1,4.316849816849817,546,318,microsomal_clearance,10
auxiliary_gp_ei,2,3.0288461538461537,546,318,microsomal_clearance,10
auxiliary_gp_ei,3,2.368131868131868,546,318,microsomal_clearance,10
auxiliary_gp_ei,4,2.06456043956044,546,318,microsomal_clearance,10
auxiliary_ppo,1,4.37973137973138,546,318,microsomal_clearance,10
auxiliary_ppo,2,3.1016483516483517,546,318,microsomal_clearance,10
auxiliary_ppo,3,2.463827838827839,546,318,microsomal_clearance,10
auxiliary_ppo,4,2.133241758241758,546,318,microsomal_clearance,10
auxiliary_trpo,1,4.365842490842491,546,318,microsomal_clearance,10
auxiliary_trpo,2,3.0839438339438336,546,318,microsomal_clearance,10
auxiliary_trpo,3,2.45528083028083,546,318,microsomal_clearance,10
auxiliary_trpo,4,2.1277472527472527,546,318,microsomal_clearance,10
auxiliary_warm,1,4.375763125763125,546,318,microsomal_clearance,10
auxiliary_warm,2,3.0753968253968256,546,318,microsomal_clearance,10
auxiliary_warm,3,2.458791208791209,546,318,microsomal_clearance,10
auxiliary_warm,4,2.138125763125763,546,318,microsomal_clearance,10
historical_ppo,1,4.395909645909645,546,318,microsomal_clearance,10
historical_ppo,2,3.107142857142857,546,318,microsomal_clearance,10
historical_ppo,3,2.4932844932844933,546,318,microsomal_clearance,10
historical_ppo,4,2.1616300366300365,546,318,microsomal_clearance,10
original_dpo,1,4.377899877899878,546,318,microsomal_clearance,10
original_dpo,2,3.078449328449328,546,318,microsomal_clearance,10
original_dpo,3,2.4690170940170937,546,318,microsomal_clearance,10
original_dpo,4,2.1356837606837606,546,318,microsomal_clearance,10
original_gp_ei,1,4.278388278388278,546,318,microsomal_clearance,10
original_gp_ei,2,2.9674908424908426,546,318,microsomal_clearance,10
original_gp_ei,3,2.358058608058608,546,318,microsomal_clearance,10
original_gp_ei,4,2.0741758241758244,546,318,microsomal_clearance,10
original_ppo,1,4.40995115995116,546,318,microsomal_clearance,10
original_ppo,2,3.1163003663003663,546,318,microsomal_clearance,10
original_ppo,3,2.489010989010989,546,318,microsomal_clearance,10
original_ppo,4,2.1506410256410255,546,318,microsomal_clearance,10
original_trpo,1,4.362179487179487,546,318,microsomal_clearance,10
original_trpo,2,3.0935592185592182,546,318,microsomal_clearance,10
original_trpo,3,2.4792429792429793,546,318,microsomal_clearance,10
original_trpo,4,2.15491452991453,546,318,microsomal_clearance,10
original_warm,1,4.358363858363858,546,318,microsomal_clearance,10
original_warm,2,3.065934065934066,546,318,microsomal_clearance,10
original_warm,3,2.460927960927961,546,318,microsomal_clearance,10
original_warm,4,2.129120879120879,546,318,microsomal_clearance,10
random,1,6.992546804199735,546,318,microsomal_clearance,10
random,2,4.971906432666506,546,318,microsomal_clearance,10
random,3,3.961442822202895,546,318,microsomal_clearance,10
random,4,3.2969953140740684,546,318,microsomal_clearance,10
auxiliary_dpo,1,5.713636363636364,55,45,in_vivo_clearance,10
auxiliary_dpo,2,3.6969696969696977,55,45,in_vivo_clearance,10
auxiliary_dpo,3,2.940909090909091,55,45,in_vivo_clearance,10
auxiliary_dpo,4,2.3348484848484845,55,45,in_vivo_clearance,10
auxiliary_gp_ei,1,5.586363636363636,55,45,in_vivo_clearance,10
auxiliary_gp_ei,2,3.686363636363637,55,45,in_vivo_clearance,10
auxiliary_gp_ei,3,2.772727272727273,55,45,in_vivo_clearance,10
auxiliary_gp_ei,4,2.3045454545454547,55,45,in_vivo_clearance,10
auxiliary_ppo,1,5.6893939393939394,55,45,in_vivo_clearance,10
auxiliary_ppo,2,3.6924242424242424,55,45,in_vivo_clearance,10
auxiliary_ppo,3,2.9136363636363636,55,45,in_vivo_clearance,10
auxiliary_ppo,4,2.3181818181818183,55,45,in_vivo_clearance,10
auxiliary_trpo,1,5.862121212121212,55,45,in_vivo_clearance,10
auxiliary_trpo,2,3.7409090909090903,55,45,in_vivo_clearance,10
auxiliary_trpo,3,2.9833333333333334,55,45,in_vivo_clearance,10
auxiliary_trpo,4,2.3545454545454545,55,45,in_vivo_clearance,10
auxiliary_warm,1,5.751515151515151,55,45,in_vivo_clearance,10
auxiliary_warm,2,3.7151515151515153,55,45,in_vivo_clearance,10
auxiliary_warm,3,2.940909090909091,55,45,in_vivo_clearance,10
auxiliary_warm,4,2.3257575757575757,55,45,in_vivo_clearance,10
historical_ppo,1,5.6878787878787875,55,45,in_vivo_clearance,10
historical_ppo,2,3.674242424242424,55,45,in_vivo_clearance,10
historical_ppo,3,2.9060606060606062,55,45,in_vivo_clearance,10
historical_ppo,4,2.2954545454545454,55,45,in_vivo_clearance,10
original_dpo,1,5.803030303030304,55,45,in_vivo_clearance,10
original_dpo,2,3.771212121212121,55,45,in_vivo_clearance,10
original_dpo,3,2.9727272727272727,55,45,in_vivo_clearance,10
original_dpo,4,2.36969696969697,55,45,in_vivo_clearance,10
original_gp_ei,1,5.627272727272727,55,45,in_vivo_clearance,10
original_gp_ei,2,3.640909090909091,55,45,in_vivo_clearance,10
original_gp_ei,3,2.7409090909090907,55,45,in_vivo_clearance,10
original_gp_ei,4,2.290909090909091,55,45,in_vivo_clearance,10
original_ppo,1,5.696969696969696,55,45,in_vivo_clearance,10
original_ppo,2,3.665151515151515,55,45,in_vivo_clearance,10
original_ppo,3,2.8833333333333333,55,45,in_vivo_clearance,10
original_ppo,4,2.303030303030303,55,45,in_vivo_clearance,10
original_trpo,1,5.7681818181818185,55,45,in_vivo_clearance,10
original_trpo,2,3.678787878787879,55,45,in_vivo_clearance,10
original_trpo,3,2.922727272727273,55,45,in_vivo_clearance,10
original_trpo,4,2.3212121212121213,55,45,in_vivo_clearance,10
original_warm,1,5.759090909090909,55,45,in_vivo_clearance,10
original_warm,2,3.662121212121212,55,45,in_vivo_clearance,10
original_warm,3,2.8848484848484848,55,45,in_vivo_clearance,10
original_warm,4,2.306060606060606,55,45,in_vivo_clearance,10
random,1,7.472727272727273,55,45,in_vivo_clearance,10
random,2,4.924242424242424,55,45,in_vivo_clearance,10
random,3,3.71,55,45,in_vivo_clearance,10
random,4,2.952121212121212,55,45,in_vivo_clearance,10
auxiliary_dpo,1,4.673015873015873,105,61,protein_binding,10
auxiliary_dpo,2,2.9825396825396826,105,61,protein_binding,10
auxiliary_dpo,3,2.223015873015873,105,61,protein_binding,10
auxiliary_dpo,4,1.711111111111111,105,61,protein_binding,10
auxiliary_gp_ei,1,4.419047619047619,105,61,protein_binding,10
auxiliary_gp_ei,2,2.695238095238095,105,61,protein_binding,10
auxiliary_gp_ei,3,2.045238095238095,105,61,protein_binding,10
auxiliary_gp_ei,4,1.6095238095238096,105,61,protein_binding,10
auxiliary_ppo,1,4.615873015873016,105,61,protein_binding,10
auxiliary_ppo,2,2.933333333333333,105,61,protein_binding,10
auxiliary_ppo,3,2.1865079365079367,105,61,protein_binding,10
auxiliary_ppo,4,1.676984126984127,105,61,protein_binding,10
auxiliary_trpo,1,4.596825396825397,105,61,protein_binding,10
auxiliary_trpo,2,2.942857142857143,105,61,protein_binding,10
auxiliary_trpo,3,2.2,105,61,protein_binding,10
auxiliary_trpo,4,1.700793650793651,105,61,protein_binding,10
auxiliary_warm,1,4.634126984126984,105,61,protein_binding,10
auxiliary_warm,2,2.973809523809524,105,61,protein_binding,10
auxiliary_warm,3,2.234920634920635,105,61,protein_binding,10
auxiliary_warm,4,1.7174603174603176,105,61,protein_binding,10
historical_ppo,1,4.761904761904762,105,61,protein_binding,10
historical_ppo,2,2.9825396825396826,105,61,protein_binding,10
historical_ppo,3,2.153968253968254,105,61,protein_binding,10
historical_ppo,4,1.688095238095238,105,61,protein_binding,10
original_dpo,1,4.703968253968254,105,61,protein_binding,10
original_dpo,2,2.954761904761905,105,61,protein_binding,10
original_dpo,3,2.1468253968253967,105,61,protein_binding,10
original_dpo,4,1.6873015873015873,105,61,protein_binding,10
original_gp_ei,1,4.461904761904762,105,61,protein_binding,10
original_gp_ei,2,2.7404761904761905,105,61,protein_binding,10
original_gp_ei,3,2.0285714285714285,105,61,protein_binding,10
original_gp_ei,4,1.5928571428571427,105,61,protein_binding,10
original_ppo,1,4.697619047619048,105,61,protein_binding,10
original_ppo,2,2.9285714285714284,105,61,protein_binding,10
original_ppo,3,2.1174603174603175,105,61,protein_binding,10
original_ppo,4,1.6833333333333331,105,61,protein_binding,10
original_trpo,1,4.631746031746031,105,61,protein_binding,10
original_trpo,2,2.914285714285714,105,61,protein_binding,10
original_trpo,3,2.138888888888889,105,61,protein_binding,10
original_trpo,4,1.7031746031746031,105,61,protein_binding,10
original_warm,1,4.7063492063492065,105,61,protein_binding,10
original_warm,2,2.933333333333333,105,61,protein_binding,10
original_warm,3,2.123809523809524,105,61,protein_binding,10
original_warm,4,1.6912698412698413,105,61,protein_binding,10
random,1,8.474603174603175,105,61,protein_binding,10
random,2,5.398412698412699,105,61,protein_binding,10
random,3,4.090793650793651,105,61,protein_binding,10
random,4,3.314727891156463,105,61,protein_binding,10
auxiliary_dpo,1,4.760485651214128,151,92,cellular_clearance,10
auxiliary_dpo,2,3.219646799116998,151,92,cellular_clearance,10
auxiliary_dpo,3,2.743377483443709,151,92,cellular_clearance,10
auxiliary_dpo,4,2.2268211920529803,151,92,cellular_clearance,10
auxiliary_gp_ei,1,4.605960264900662,151,92,cellular_clearance,10
auxiliary_gp_ei,2,3.109271523178808,151,92,cellular_clearance,10
auxiliary_gp_ei,3,2.7334437086092715,151,92,cellular_clearance,10
auxiliary_gp_ei,4,2.316225165562914,151,92,cellular_clearance,10
auxiliary_ppo,1,4.720198675496689,151,92,cellular_clearance,10
auxiliary_ppo,2,3.1915011037527594,151,92,cellular_clearance,10
auxiliary_ppo,3,2.7400662251655628,151,92,cellular_clearance,10
auxiliary_ppo,4,2.217439293598234,151,92,cellular_clearance,10
auxiliary_trpo,1,4.73841059602649,151,92,cellular_clearance,10
auxiliary_trpo,2,3.1661147902869757,151,92,cellular_clearance,10
auxiliary_trpo,3,2.7201986754966887,151,92,cellular_clearance,10
auxiliary_trpo,4,2.2323399558498895,151,92,cellular_clearance,10
auxiliary_warm,1,4.736754966887418,151,92,cellular_clearance,10
auxiliary_warm,2,3.193708609271523,151,92,cellular_clearance,10
auxiliary_warm,3,2.7229580573951435,151,92,cellular_clearance,10
auxiliary_warm,4,2.2130242825607067,151,92,cellular_clearance,10
historical_ppo,1,4.829470198675497,151,92,cellular_clearance,10
historical_ppo,2,3.242273730684327,151,92,cellular_clearance,10
historical_ppo,3,2.7676600441501105,151,92,cellular_clearance,10
historical_ppo,4,2.2599337748344372,151,92,cellular_clearance,10
original_dpo,1,4.80187637969095,151,92,cellular_clearance,10
original_dpo,2,3.268763796909492,151,92,cellular_clearance,10
original_dpo,3,2.783112582781457,151,92,cellular_clearance,10
original_dpo,4,2.2792494481236205,151,92,cellular_clearance,10
original_gp_ei,1,4.7218543046357615,151,92,cellular_clearance,10
original_gp_ei,2,3.1903973509933774,151,92,cellular_clearance,10
original_gp_ei,3,2.730132450331126,151,92,cellular_clearance,10
original_gp_ei,4,2.302980132450331,151,92,cellular_clearance,10
original_ppo,1,4.807395143487859,151,92,cellular_clearance,10
original_ppo,2,3.2522075055187636,151,92,cellular_clearance,10
original_ppo,3,2.7693156732891833,151,92,cellular_clearance,10
original_ppo,4,2.2660044150110377,151,92,cellular_clearance,10
original_trpo,1,4.830022075055188,151,92,cellular_clearance,10
original_trpo,2,3.2334437086092715,151,92,cellular_clearance,10
original_trpo,3,2.768763796909492,151,92,cellular_clearance,10
original_trpo,4,2.2676600441501105,151,92,cellular_clearance,10
original_warm,1,4.816777041942605,151,92,cellular_clearance,10
original_warm,2,3.301876379690949,151,92,cellular_clearance,10
original_warm,3,2.802980132450331,151,92,cellular_clearance,10
original_warm,4,2.2864238410596025,151,92,cellular_clearance,10
random,1,7.170940120402041,151,92,cellular_clearance,10
random,2,5.059461091704469,151,92,cellular_clearance,10
random,3,4.000189568525662,151,92,cellular_clearance,10
random,4,3.288702655879808,151,92,cellular_clearance,10
auxiliary_dpo,1,5.801075268817204,155,129,permeability,10
auxiliary_dpo,2,3.655376344086022,155,129,permeability,10
auxiliary_dpo,3,2.925268817204301,155,129,permeability,10
auxiliary_dpo,4,2.35752688172043,155,129,permeability,10
auxiliary_gp_ei,1,5.587096774193548,155,129,permeability,10
auxiliary_gp_ei,2,3.535483870967742,155,129,permeability,10
auxiliary_gp_ei,3,2.793548387096774,155,129,permeability,10
auxiliary_gp_ei,4,2.2806451612903227,155,129,permeability,10
auxiliary_ppo,1,5.7505376344086025,155,129,permeability,10
auxiliary_ppo,2,3.6032258064516127,155,129,permeability,10
auxiliary_ppo,3,2.867741935483871,155,129,permeability,10
auxiliary_ppo,4,2.3166666666666664,155,129,permeability,10
auxiliary_trpo,1,5.727956989247312,155,129,permeability,10
auxiliary_trpo,2,3.590860215053764,155,129,permeability,10
auxiliary_trpo,3,2.8629032258064515,155,129,permeability,10
auxiliary_trpo,4,2.3053763440860213,155,129,permeability,10
auxiliary_warm,1,5.726344086021506,155,129,permeability,10
auxiliary_warm,2,3.582258064516129,155,129,permeability,10
auxiliary_warm,3,2.853763440860215,155,129,permeability,10
auxiliary_warm,4,2.3096774193548386,155,129,permeability,10
historical_ppo,1,5.8392473118279575,155,129,permeability,10
historical_ppo,2,3.6973118279569896,155,129,permeability,10
historical_ppo,3,2.9080645161290324,155,129,permeability,10
historical_ppo,4,2.332795698924731,155,129,permeability,10
original_dpo,1,5.876344086021506,155,129,permeability,10
original_dpo,2,3.715591397849462,155,129,permeability,10
original_dpo,3,2.932258064516129,155,129,permeability,10
original_dpo,4,2.3333333333333335,155,129,permeability,10
original_gp_ei,1,5.656451612903226,155,129,permeability,10
original_gp_ei,2,3.579032258064516,155,129,permeability,10
original_gp_ei,3,2.803225806451613,155,129,permeability,10
original_gp_ei,4,2.2661290322580645,155,129,permeability,10
original_ppo,1,5.837634408602151,155,129,permeability,10
original_ppo,2,3.71989247311828,155,129,permeability,10
original_ppo,3,2.9311827956989247,155,129,permeability,10
original_ppo,4,2.3586021505376342,155,129,permeability,10
original_trpo,1,5.854838709677419,155,129,permeability,10
original_trpo,2,3.688172043010753,155,129,permeability,10
original_trpo,3,2.911290322580645,155,129,permeability,10
original_trpo,4,2.328494623655914,155,129,permeability,10
original_warm,1,5.841935483870968,155,129,permeability,10
original_warm,2,3.695698924731183,155,129,permeability,10
original_warm,3,2.9048387096774193,155,129,permeability,10
original_warm,4,2.3236559139784947,155,129,permeability,10
random,1,8.648387096774194,155,129,permeability,10
random,2,5.752903225806452,155,129,permeability,10
random,3,4.283870967741936,155,129,permeability,10
random,4,3.453701996927803,155,129,permeability,10
auxiliary_dpo,1,4.260416666666667,120,100,efflux,10
auxiliary_dpo,2,3.038888888888889,120,100,efflux,10
auxiliary_dpo,3,2.402083333333333,120,100,efflux,10
auxiliary_dpo,4,1.9798611111111113,120,100,efflux,10
auxiliary_gp_ei,1,4.327083333333333,120,100,efflux,10
auxiliary_gp_ei,2,2.8979166666666667,120,100,efflux,10
auxiliary_gp_ei,3,2.3833333333333333,120,100,efflux,10
auxiliary_gp_ei,4,1.925,120,100,efflux,10
auxiliary_ppo,1,4.280555555555555,120,100,efflux,10
auxiliary_ppo,2,3.031944444444444,120,100,efflux,10
auxiliary_ppo,3,2.3944444444444444,120,100,efflux,10
auxiliary_ppo,4,1.975,120,100,efflux,10
auxiliary_trpo,1,4.393055555555555,120,100,efflux,10
auxiliary_trpo,2,3.104861111111111,120,100,efflux,10
auxiliary_trpo,3,2.436805555555556,120,100,efflux,10
auxiliary_trpo,4,1.9902777777777776,120,100,efflux,10
auxiliary_warm,1,4.315972222222222,120,100,efflux,10
auxiliary_warm,2,3.038888888888889,120,100,efflux,10
auxiliary_warm,3,2.372916666666667,120,100,efflux,10
auxiliary_warm,4,1.9506944444444445,120,100,efflux,10
historical_ppo,1,4.475,120,100,efflux,10
historical_ppo,2,3.127083333333333,120,100,efflux,10
historical_ppo,3,2.530555555555556,120,100,efflux,10
historical_ppo,4,2.0277777777777777,120,100,efflux,10
original_dpo,1,4.471527777777778,120,100,efflux,10
original_dpo,2,3.1166666666666667,120,100,efflux,10
original_dpo,3,2.4604166666666667,120,100,efflux,10
original_dpo,4,1.9791666666666667,120,100,efflux,10
original_gp_ei,1,4.397916666666666,120,100,efflux,10
original_gp_ei,2,2.9604166666666667,120,100,efflux,10
original_gp_ei,3,2.43125,120,100,efflux,10
original_gp_ei,4,1.9958333333333331,120,100,efflux,10
original_ppo,1,4.509722222222222,120,100,efflux,10
original_ppo,2,3.1194444444444445,120,100,efflux,10
original_ppo,3,2.531944444444444,120,100,efflux,10
original_ppo,4,2.0166666666666666,120,100,efflux,10
original_trpo,1,4.523611111111111,120,100,efflux,10
original_trpo,2,3.1368055555555556,120,100,efflux,10
original_trpo,3,2.4625,120,100,efflux,10
original_trpo,4,2.0243055555555554,120,100,efflux,10
original_warm,1,4.445833333333334,120,100,efflux,10
original_warm,2,3.1,120,100,efflux,10
original_warm,3,2.4479166666666665,120,100,efflux,10
original_warm,4,1.9798611111111113,120,100,efflux,10
random,1,7.401944444444444,120,100,efflux,10
random,2,4.856587301587301,120,100,efflux,10
random,3,3.743030753968254,120,100,efflux,10
random,4,3.0210267857142856,120,100,efflux,10
auxiliary_dpo,1,5.635919540229885,580,334,all,15
auxiliary_dpo,2,3.8216954022988503,580,334,all,15
auxiliary_dpo,3,3.0682471264367814,580,334,all,15
auxiliary_dpo,4,2.5399425287356325,580,334,all,15
auxiliary_gp_ei,1,5.524568965517242,580,334,all,15
auxiliary_gp_ei,2,3.661637931034482,580,334,all,15
auxiliary_gp_ei,3,2.906896551724138,580,334,all,15
auxiliary_gp_ei,4,2.411206896551724,580,334,all,15
auxiliary_ppo,1,5.610919540229886,580,334,all,15
auxiliary_ppo,2,3.807902298850575,580,334,all,15
auxiliary_ppo,3,3.0397988505747127,580,334,all,15
auxiliary_ppo,4,2.501436781609195,580,334,all,15
auxiliary_trpo,1,5.633045977011494,580,334,all,15
auxiliary_trpo,2,3.796264367816092,580,334,all,15
auxiliary_trpo,3,3.0375,580,334,all,15
auxiliary_trpo,4,2.501436781609195,580,334,all,15
auxiliary_warm,1,5.631609195402299,580,334,all,15
auxiliary_warm,2,3.798706896551724,580,334,all,15
auxiliary_warm,3,3.0356321839080462,580,334,all,15
auxiliary_warm,4,2.50301724137931,580,334,all,15
historical_ppo,1,5.694971264367816,580,334,all,15
historical_ppo,2,3.8382183908045975,580,334,all,15
historical_ppo,3,3.0795977011494253,580,334,all,15
historical_ppo,4,2.5389367816091952,580,334,all,15
original_dpo,1,5.686494252873563,580,334,all,15
original_dpo,2,3.832614942528735,580,334,all,15
original_dpo,3,3.059051724137931,580,334,all,15
original_dpo,4,2.51882183908046,580,334,all,15
original_gp_ei,1,5.569827586206896,580,334,all,15
original_gp_ei,2,3.6594827586206895,580,334,all,15
original_gp_ei,3,2.911206896551724,580,334,all,15
original_gp_ei,4,2.4232758620689654,580,334,all,15
original_ppo,1,5.714367816091954,580,334,all,15
original_ppo,2,3.8527298850574714,580,334,all,15
original_ppo,3,3.0791666666666666,580,334,all,15
original_ppo,4,2.542528735632184,580,334,all,15
original_trpo,1,5.7011494252873565,580,334,all,15
original_trpo,2,3.827586206896552,580,334,all,15
original_trpo,3,3.0593390804597704,580,334,all,15
original_trpo,4,2.5385057471264365,580,334,all,15
original_warm,1,5.663793103448276,580,334,all,15
original_warm,2,3.818247126436782,580,334,all,15
original_warm,3,3.0405172413793102,580,334,all,15
original_warm,4,2.509626436781609,580,334,all,15
random,1,9.58819341617833,580,334,all,15
random,2,6.597777775784242,580,334,all,15
random,3,5.173911744784589,580,334,all,15
random,4,4.277729057739833,580,334,all,15
auxiliary_dpo,1,5.011789924973205,311,183,microsomal_clearance,15
auxiliary_dpo,2,3.589764201500536,311,183,microsomal_clearance,15
auxiliary_dpo,3,2.822347266881029,311,183,microsomal_clearance,15
auxiliary_dpo,4,2.473204715969989,311,183,microsomal_clearance,15
auxiliary_gp_ei,1,4.987942122186495,311,183,microsomal_clearance,15
auxiliary_gp_ei,2,3.4935691318327975,311,183,microsomal_clearance,15
auxiliary_gp_ei,3,2.659967845659164,311,183,microsomal_clearance,15
auxiliary_gp_ei,4,2.322347266881029,311,183,microsomal_clearance,15
auxiliary_ppo,1,5.003751339764202,311,183,microsomal_clearance,15
auxiliary_ppo,2,3.5940514469453375,311,183,microsomal_clearance,15
auxiliary_ppo,3,2.797427652733119,311,183,microsomal_clearance,15
auxiliary_ppo,4,2.430600214362272,311,183,microsomal_clearance,15
auxiliary_trpo,1,4.994105037513398,311,183,microsomal_clearance,15
auxiliary_trpo,2,3.581725616291533,311,183,microsomal_clearance,15
auxiliary_trpo,3,2.7934083601286175,311,183,microsomal_clearance,15
auxiliary_trpo,4,2.4212218649517685,311,183,microsomal_clearance,15
auxiliary_warm,1,5.008574490889604,311,183,microsomal_clearance,15
auxiliary_warm,2,3.568863879957128,311,183,microsomal_clearance,15
auxiliary_warm,3,2.7987674169346195,311,183,microsomal_clearance,15
auxiliary_warm,4,2.4383708467309755,311,183,microsomal_clearance,15
historical_ppo,1,5.028135048231511,311,183,microsomal_clearance,15
historical_ppo,2,3.612540192926045,311,183,microsomal_clearance,15
historical_ppo,3,2.844855305466238,311,183,microsomal_clearance,15
historical_ppo,4,2.47508038585209,311,183,microsomal_clearance,15
original_dpo,1,5.005359056806002,311,183,microsomal_clearance,15
original_dpo,2,3.5643086816720255,311,183,microsomal_clearance,15
original_dpo,3,2.8068060021436225,311,183,microsomal_clearance,15
original_dpo,4,2.436763129689175,311,183,microsomal_clearance,15
original_gp_ei,1,4.934083601286174,311,183,microsomal_clearance,15
original_gp_ei,2,3.401929260450161,311,183,microsomal_clearance,15
original_gp_ei,3,2.643086816720257,311,183,microsomal_clearance,15
original_gp_ei,4,2.331993569131833,311,183,microsomal_clearance,15
original_ppo,1,5.048231511254019,311,183,microsomal_clearance,15
original_ppo,2,3.620310825294749,311,183,microsomal_clearance,15
original_ppo,3,2.841907824222937,311,183,microsomal_clearance,15
original_ppo,4,2.467309753483387,311,183,microsomal_clearance,15
original_trpo,1,5.008306538049303,311,183,microsomal_clearance,15
original_trpo,2,3.604233654876742,311,183,microsomal_clearance,15
original_trpo,3,2.8386923901393355,311,183,microsomal_clearance,15
original_trpo,4,2.4710610932475885,311,183,microsomal_clearance,15
original_warm,1,4.977224008574491,311,183,microsomal_clearance,15
original_warm,2,3.548499464094319,311,183,microsomal_clearance,15
original_warm,3,2.7939442658092175,311,183,microsomal_clearance,15
original_warm,4,2.42497320471597,311,183,microsomal_clearance,15
random,1,8.625414832428499,311,183,microsomal_clearance,15
random,2,6.140931215830734,311,183,microsomal_clearance,15
random,3,4.91886326948626,311,183,microsomal_clearance,15
random,4,4.1369454730990105,311,183,microsomal_clearance,15
auxiliary_dpo,1,6.879166666666667,20,16,in_vivo_clearance,15
auxiliary_dpo,2,5.008333333333333,20,16,in_vivo_clearance,15
auxiliary_dpo,3,4.104166666666666,20,16,in_vivo_clearance,15
auxiliary_dpo,4,3.1666666666666665,20,16,in_vivo_clearance,15
auxiliary_gp_ei,1,6.925,20,16,in_vivo_clearance,15
auxiliary_gp_ei,2,4.9,20,16,in_vivo_clearance,15
auxiliary_gp_ei,3,3.825,20,16,in_vivo_clearance,15
auxiliary_gp_ei,4,3.0125,20,16,in_vivo_clearance,15
auxiliary_ppo,1,6.875,20,16,in_vivo_clearance,15
auxiliary_ppo,2,5.054166666666667,20,16,in_vivo_clearance,15
auxiliary_ppo,3,4.129166666666666,20,16,in_vivo_clearance,15
auxiliary_ppo,4,3.191666666666667,20,16,in_vivo_clearance,15
auxiliary_trpo,1,7.1625,20,16,in_vivo_clearance,15
auxiliary_trpo,2,4.858333333333333,20,16,in_vivo_clearance,15
auxiliary_trpo,3,4.041666666666666,20,16,in_vivo_clearance,15
auxiliary_trpo,4,3.020833333333333,20,16,in_vivo_clearance,15
auxiliary_warm,1,6.9958333333333345,20,16,in_vivo_clearance,15
auxiliary_warm,2,5.041666666666666,20,16,in_vivo_clearance,15
auxiliary_warm,3,4.120833333333334,20,16,in_vivo_clearance,15
auxiliary_warm,4,3.175,20,16,in_vivo_clearance,15
historical_ppo,1,6.929166666666667,20,16,in_vivo_clearance,15
historical_ppo,2,4.779166666666667,20,16,in_vivo_clearance,15
historical_ppo,3,4.070833333333334,20,16,in_vivo_clearance,15
historical_ppo,4,3.1333333333333333,20,16,in_vivo_clearance,15
original_dpo,1,7.129166666666667,20,16,in_vivo_clearance,15
original_dpo,2,5.054166666666666,20,16,in_vivo_clearance,15
original_dpo,3,4.104166666666666,20,16,in_vivo_clearance,15
original_dpo,4,3.2041666666666666,20,16,in_vivo_clearance,15
original_gp_ei,1,7.075,20,16,in_vivo_clearance,15
original_gp_ei,2,4.9,20,16,in_vivo_clearance,15
original_gp_ei,3,3.8,20,16,in_vivo_clearance,15
original_gp_ei,4,3.0125,20,16,in_vivo_clearance,15
original_ppo,1,6.875,20,16,in_vivo_clearance,15
original_ppo,2,4.783333333333333,20,16,in_vivo_clearance,15
original_ppo,3,3.9791666666666665,20,16,in_vivo_clearance,15
original_ppo,4,3.1083333333333334,20,16,in_vivo_clearance,15
original_trpo,1,7.0875,20,16,in_vivo_clearance,15
original_trpo,2,4.754166666666666,20,16,in_vivo_clearance,15
original_trpo,3,3.9625,20,16,in_vivo_clearance,15
original_trpo,4,3.029166666666667,20,16,in_vivo_clearance,15
original_warm,1,7.0166666666666675,20,16,in_vivo_clearance,15
original_warm,2,4.770833333333334,20,16,in_vivo_clearance,15
original_warm,3,3.9583333333333335,20,16,in_vivo_clearance,15
original_warm,4,3.1,20,16,in_vivo_clearance,15
random,1,10.65,20,16,in_vivo_clearance,15
random,2,6.904166666666667,20,16,in_vivo_clearance,15
random,3,5.275,20,16,in_vivo_clearance,15
random,4,4.145952380952381,20,16,in_vivo_clearance,15
auxiliary_dpo,1,5.982954545454546,44,29,protein_binding,15
auxiliary_dpo,2,3.452651515151515,44,29,protein_binding,15
auxiliary_dpo,3,2.647727272727273,44,29,protein_binding,15
auxiliary_dpo,4,1.9583333333333337,44,29,protein_binding,15
auxiliary_gp_ei,1,5.488636363636363,44,29,protein_binding,15
auxiliary_gp_ei,2,2.977272727272727,44,29,protein_binding,15
auxiliary_gp_ei,3,2.261363636363636,44,29,protein_binding,15
auxiliary_gp_ei,4,1.6590909090909092,44,29,protein_binding,15
auxiliary_ppo,1,5.871212121212121,44,29,protein_binding,15
auxiliary_ppo,2,3.373106060606061,44,29,protein_binding,15
auxiliary_ppo,3,2.5700757575757573,44,29,protein_binding,15
auxiliary_ppo,4,1.8825757575757576,44,29,protein_binding,15
auxiliary_trpo,1,5.806818181818182,44,29,protein_binding,15
auxiliary_trpo,2,3.356060606060606,44,29,protein_binding,15
auxiliary_trpo,3,2.609848484848485,44,29,protein_binding,15
auxiliary_trpo,4,1.9393939393939397,44,29,protein_binding,15
auxiliary_warm,1,5.931818181818182,44,29,protein_binding,15
auxiliary_warm,2,3.488636363636364,44,29,protein_binding,15
auxiliary_warm,3,2.6818181818181817,44,29,protein_binding,15
auxiliary_warm,4,1.9848484848484849,44,29,protein_binding,15
historical_ppo,1,5.890151515151516,44,29,protein_binding,15
historical_ppo,2,3.25,44,29,protein_binding,15
historical_ppo,3,2.397727272727273,44,29,protein_binding,15
historical_ppo,4,1.8106060606060608,44,29,protein_binding,15
original_dpo,1,5.75,44,29,protein_binding,15
original_dpo,2,3.208333333333333,44,29,protein_binding,15
original_dpo,3,2.373106060606061,44,29,protein_binding,15
original_dpo,4,1.818181818181818,44,29,protein_binding,15
original_gp_ei,1,5.488636363636363,44,29,protein_binding,15
original_gp_ei,2,3.011363636363636,44,29,protein_binding,15
original_gp_ei,3,2.238636363636364,44,29,protein_binding,15
original_gp_ei,4,1.6363636363636365,44,29,protein_binding,15
original_ppo,1,5.767045454545454,44,29,protein_binding,15
original_ppo,2,3.159090909090909,44,29,protein_binding,15
original_ppo,3,2.327651515151515,44,29,protein_binding,15
original_ppo,4,1.803030303030303,44,29,protein_binding,15
original_trpo,1,5.691287878787879,44,29,protein_binding,15
original_trpo,2,3.1003787878787876,44,29,protein_binding,15
original_trpo,3,2.2954545454545454,44,29,protein_binding,15
original_trpo,4,1.8352272727272727,44,29,protein_binding,15
original_warm,1,5.791666666666667,44,29,protein_binding,15
original_warm,2,3.195075757575758,44,29,protein_binding,15
original_warm,3,2.3333333333333335,44,29,protein_binding,15
original_warm,4,1.8257575757575757,44,29,protein_binding,15
random,1,12.204545454545457,44,29,protein_binding,15
random,2,7.598484848484848,44,29,protein_binding,15
random,3,5.828409090909091,44,29,protein_binding,15
random,4,4.726515151515152,44,29,protein_binding,15
auxiliary_dpo,1,6.018987341772152,79,53,cellular_clearance,15
auxiliary_dpo,2,3.891350210970464,79,53,cellular_clearance,15
auxiliary_dpo,3,3.4293248945147683,79,53,cellular_clearance,15
auxiliary_dpo,4,2.74789029535865,79,53,cellular_clearance,15
auxiliary_gp_ei,1,5.832278481012659,79,53,cellular_clearance,15
auxiliary_gp_ei,2,3.740506329113924,79,53,cellular_clearance,15
auxiliary_gp_ei,3,3.4240506329113924,79,53,cellular_clearance,15
auxiliary_gp_ei,4,2.867088607594937,79,53,cellular_clearance,15
auxiliary_ppo,1,6.012658227848101,79,53,cellular_clearance,15
auxiliary_ppo,2,3.8871308016877633,79,53,cellular_clearance,15
auxiliary_ppo,3,3.435654008438819,79,53,cellular_clearance,15
auxiliary_ppo,4,2.7373417721518987,79,53,cellular_clearance,15
auxiliary_trpo,1,6.046413502109705,79,53,cellular_clearance,15
auxiliary_trpo,2,3.830168776371308,79,53,cellular_clearance,15
auxiliary_trpo,3,3.397679324894515,79,53,cellular_clearance,15
auxiliary_trpo,4,2.7637130801687766,79,53,cellular_clearance,15
auxiliary_warm,1,6.017932489451477,79,53,cellular_clearance,15
auxiliary_warm,2,3.868143459915612,79,53,cellular_clearance,15
auxiliary_warm,3,3.411392405063291,79,53,cellular_clearance,15
auxiliary_warm,4,2.7257383966244726,79,53,cellular_clearance,15
historical_ppo,1,6.236286919831224,79,53,cellular_clearance,15
historical_ppo,2,3.945147679324895,79,53,cellular_clearance,15
historical_ppo,3,3.479957805907173,79,53,cellular_clearance,15
historical_ppo,4,2.838607594936709,79,53,cellular_clearance,15
original_dpo,1,6.177215189873418,79,53,cellular_clearance,15
original_dpo,2,4.0094936708860756,79,53,cellular_clearance,15
original_dpo,3,3.5221518987341773,79,53,cellular_clearance,15
original_dpo,4,2.869198312236287,79,53,cellular_clearance,15
original_gp_ei,1,6.072784810126582,79,53,cellular_clearance,15
original_gp_ei,2,3.886075949367088,79,53,cellular_clearance,15
original_gp_ei,3,3.4556962025316458,79,53,cellular_clearance,15
original_gp_ei,4,2.892405063291139,79,53,cellular_clearance,15
original_ppo,1,6.204641350210971,79,53,cellular_clearance,15
original_ppo,2,3.9377637130801686,79,53,cellular_clearance,15
original_ppo,3,3.4388185654008443,79,53,cellular_clearance,15
original_ppo,4,2.8090717299578056,79,53,cellular_clearance,15
original_trpo,1,6.2331223628691985,79,53,cellular_clearance,15
original_trpo,2,3.931434599156118,79,53,cellular_clearance,15
original_trpo,3,3.4736286919831225,79,53,cellular_clearance,15
original_trpo,4,2.8470464135021096,79,53,cellular_clearance,15
original_warm,1,6.208860759493671,79,53,cellular_clearance,15
original_warm,2,4.067510548523207,79,53,cellular_clearance,15
original_warm,3,3.5527426160337554,79,53,cellular_clearance,15
original_warm,4,2.881856540084388,79,53,cellular_clearance,15
random,1,9.453352343858672,79,53,cellular_clearance,15
random,2,6.636896647656141,79,53,cellular_clearance,15
random,3,5.262213103352344,79,53,cellular_clearance,15
random,4,4.367065424027449,79,53,cellular_clearance,15
auxiliary_dpo,1,7.645833333333333,72,62,permeability,15
auxiliary_dpo,2,4.710648148148149,72,62,permeability,15
auxiliary_dpo,3,3.7395833333333335,72,62,permeability,15
auxiliary_dpo,4,2.951388888888889,72,62,permeability,15
auxiliary_gp_ei,1,7.270833333333333,72,62,permeability,15
auxiliary_gp_ei,2,4.548611111111111,72,62,permeability,15
auxiliary_gp_ei,3,3.548611111111111,72,62,permeability,15
auxiliary_gp_ei,4,2.8125,72,62,permeability,15
auxiliary_ppo,1,7.556712962962964,72,62,permeability,15
auxiliary_ppo,2,4.642361111111111,72,62,permeability,15
auxiliary_ppo,3,3.675925925925926,72,62,permeability,15
auxiliary_ppo,4,2.8946759259259256,72,62,permeability,15
auxiliary_trpo,1,7.594907407407408,72,62,permeability,15
auxiliary_trpo,2,4.641203703703704,72,62,permeability,15
auxiliary_trpo,3,3.6909722222222223,72,62,permeability,15
auxiliary_trpo,4,2.9108796296296298,72,62,permeability,15
auxiliary_warm,1,7.545138888888889,72,62,permeability,15
auxiliary_warm,2,4.600694444444445,72,62,permeability,15
auxiliary_warm,3,3.625,72,62,permeability,15
auxiliary_warm,4,2.8599537037037037,72,62,permeability,15
historical_ppo,1,7.645833333333333,72,62,permeability,15
historical_ppo,2,4.74537037037037,72,62,permeability,15
historical_ppo,3,3.706018518518518,72,62,permeability,15
historical_ppo,4,2.905092592592593,72,62,permeability,15
original_dpo,1,7.703703703703703,72,62,permeability,15
original_dpo,2,4.775462962962963,72,62,permeability,15
original_dpo,3,3.752314814814815,72,62,permeability,15
original_dpo,4,2.923611111111111,72,62,permeability,15
original_gp_ei,1,7.392361111111111,72,62,permeability,15
original_gp_ei,2,4.597222222222222,72,62,permeability,15
original_gp_ei,3,3.5625,72,62,permeability,15
original_gp_ei,4,2.7708333333333335,72,62,permeability,15
original_ppo,1,7.773148148148148,72,62,permeability,15
original_ppo,2,4.875,72,62,permeability,15
original_ppo,3,3.818287037037037,72,62,permeability,15
original_ppo,4,3.021990740740741,72,62,permeability,15
original_trpo,1,7.768518518518519,72,62,permeability,15
original_trpo,2,4.7696759259259265,72,62,permeability,15
original_trpo,3,3.732638888888889,72,62,permeability,15
original_trpo,4,2.920138888888889,72,62,permeability,15
original_warm,1,7.672453703703703,72,62,permeability,15
original_warm,2,4.751157407407407,72,62,permeability,15
original_warm,3,3.703703703703704,72,62,permeability,15
original_warm,4,2.905092592592593,72,62,permeability,15
random,1,11.921296296296298,72,62,permeability,15
random,2,8.00462962962963,72,62,permeability,15
random,3,5.921527777777778,72,62,permeability,15
random,4,4.809259259259259,72,62,permeability,15
auxiliary_dpo,1,5.246913580246913,54,49,efflux,15
auxiliary_dpo,2,3.7314814814814814,54,49,efflux,15
auxiliary_dpo,3,3.0200617283950617,54,49,efflux,15
auxiliary_dpo,4,2.313271604938272,54,49,efflux,15
auxiliary_gp_ei,1,5.347222222222222,54,49,efflux,15
auxiliary_gp_ei,2,3.4305555555555554,54,49,efflux,15
auxiliary_gp_ei,3,2.9027777777777777,54,49,efflux,15
auxiliary_gp_ei,4,2.111111111111111,54,49,efflux,15
auxiliary_ppo,1,5.24537037037037,54,49,efflux,15
auxiliary_ppo,2,3.703703703703704,54,49,efflux,15
auxiliary_ppo,3,2.9876543209876547,54,49,efflux,15
auxiliary_ppo,4,2.2885802469135803,54,49,efflux,15
auxiliary_trpo,1,5.3842592592592595,54,49,efflux,15
auxiliary_trpo,2,3.820987654320988,54,49,efflux,15
auxiliary_trpo,3,3.021604938271605,54,49,efflux,15
auxiliary_trpo,4,2.299382716049383,54,49,efflux,15
auxiliary_warm,1,5.353395061728395,54,49,efflux,15
auxiliary_warm,2,3.743827160493827,54,49,efflux,15
auxiliary_warm,3,2.9506172839506175,54,49,efflux,15
auxiliary_warm,4,2.2469135802469133,54,49,efflux,15
historical_ppo,1,5.526234567901235,54,49,efflux,15
historical_ppo,2,3.9027777777777777,54,49,efflux,15
historical_ppo,3,3.199074074074074,54,49,efflux,15
historical_ppo,4,2.353395061728395,54,49,efflux,15
original_dpo,1,5.6157407407407405,54,49,efflux,15
original_dpo,2,3.91820987654321,54,49,efflux,15
original_dpo,3,3.08179012345679,54,49,efflux,15
original_dpo,4,2.256172839506173,54,49,efflux,15
original_gp_ei,1,5.574074074074074,54,49,efflux,15
original_gp_ei,2,3.6296296296296298,54,49,efflux,15
original_gp_ei,3,3.009259259259259,54,49,efflux,15
original_gp_ei,4,2.2222222222222223,54,49,efflux,15
original_ppo,1,5.6157407407407405,54,49,efflux,15
original_ppo,2,3.9243827160493825,54,49,efflux,15
original_ppo,3,3.212962962962963,54,49,efflux,15
original_ppo,4,2.339506172839506,54,49,efflux,15
original_trpo,1,5.651234567901235,54,49,efflux,15
original_trpo,2,3.9552469135802473,54,49,efflux,15
original_trpo,3,3.114197530864198,54,49,efflux,15
original_trpo,4,2.3580246913580245,54,49,efflux,15
original_warm,1,5.537037037037037,54,49,efflux,15
original_warm,2,3.91820987654321,54,49,efflux,15
original_warm,3,3.0632716049382713,54,49,efflux,15
original_warm,4,2.263888888888889,54,49,efflux,15
random,1,9.694444444444445,54,49,efflux,15
random,2,6.366975308641975,54,49,efflux,15
random,3,4.9460648148148145,54,49,efflux,15
random,4,3.932264109347442,54,49,efflux,15
auxiliary_dpo,1,6.221884498480243,329,197,all,20
auxiliary_dpo,2,4.2178318135764945,329,197,all,20
auxiliary_dpo,3,3.3399189463019248,329,197,all,20
auxiliary_dpo,4,2.8267477203647418,329,197,all,20
auxiliary_gp_ei,1,6.088905775075988,329,197,all,20
auxiliary_gp_ei,2,4.037234042553192,329,197,all,20
auxiliary_gp_ei,3,3.167933130699088,329,197,all,20
auxiliary_gp_ei,4,2.693768996960486,329,197,all,20
auxiliary_ppo,1,6.201114488348531,329,197,all,20
auxiliary_ppo,2,4.209979736575481,329,197,all,20
auxiliary_ppo,3,3.312563323201621,329,197,all,20
auxiliary_ppo,4,2.7892603850050657,329,197,all,20
auxiliary_trpo,1,6.203140830800405,329,197,all,20
auxiliary_trpo,2,4.1907294832826745,329,197,all,20
auxiliary_trpo,3,3.304457953394124,329,197,all,20
auxiliary_trpo,4,2.786980749746707,329,197,all,20
auxiliary_warm,1,6.223910840932118,329,197,all,20
auxiliary_warm,2,4.1861702127659575,329,197,all,20
auxiliary_warm,3,3.304711246200608,329,197,all,20
auxiliary_warm,4,2.786727456940223,329,197,all,20
historical_ppo,1,6.327760891590679,329,197,all,20
historical_ppo,2,4.253799392097265,329,197,all,20
historical_ppo,3,3.380952380952381,329,197,all,20
historical_ppo,4,2.8806990881458967,329,197,all,20
original_dpo,1,6.296859169199594,329,197,all,20
original_dpo,2,4.241894630192502,329,197,all,20
original_dpo,3,3.344478216818642,329,197,all,20
original_dpo,4,2.842451874366768,329,197,all,20
original_gp_ei,1,6.137537993920972,329,197,all,20
original_gp_ei,2,4.019756838905775,329,197,all,20
original_gp_ei,3,3.169452887537994,329,197,all,20
original_gp_ei,4,2.7332826747720365,329,197,all,20
original_ppo,1,6.357396149949342,329,197,all,20
original_ppo,2,4.2803951367781155,329,197,all,20
original_ppo,3,3.385511651469098,329,197,all,20
original_ppo,4,2.8905775075987843,329,197,all,20
original_trpo,1,6.305977710233029,329,197,all,20
original_trpo,2,4.229483282674772,329,197,all,20
original_trpo,3,3.3297872340425534,329,197,all,20
original_trpo,4,2.86322188449848,329,197,all,20
original_warm,1,6.272036474164134,329,197,all,20
original_warm,2,4.218338399189463,329,197,all,20
original_warm,3,3.3338399189463015,329,197,all,20
original_warm,4,2.846757852077001,329,197,all,20
random,1,11.614420336361825,329,197,all,20
random,2,7.988293183372972,329,197,all,20
random,3,6.245526995659974,329,197,all,20
random,4,5.20233138681087,329,197,all,20
auxiliary_dpo,1,5.578651685393258,178,108,microsomal_clearance,20
auxiliary_dpo,2,3.9321161048689137,178,108,microsomal_clearance,20
auxiliary_dpo,3,3.029026217228464,178,108,microsomal_clearance,20
auxiliary_dpo,4,2.743445692883895,178,108,microsomal_clearance,20
auxiliary_gp_ei,1,5.587078651685394,178,108,microsomal_clearance,20
auxiliary_gp_ei,2,3.830056179775281,178,108,microsomal_clearance,20
auxiliary_gp_ei,3,2.841292134831461,178,108,microsomal_clearance,20
auxiliary_gp_ei,4,2.577247191011236,178,108,microsomal_clearance,20
auxiliary_ppo,1,5.594569288389513,178,108,microsomal_clearance,20
auxiliary_ppo,2,3.947565543071161,178,108,microsomal_clearance,20
auxiliary_ppo,3,3.0037453183520597,178,108,microsomal_clearance,20
auxiliary_ppo,4,2.700374531835206,178,108,microsomal_clearance,20
auxiliary_trpo,1,5.570224719101123,178,108,microsomal_clearance,20
auxiliary_trpo,2,3.916198501872659,178,108,microsomal_clearance,20
auxiliary_trpo,3,2.9920411985018727,178,108,microsomal_clearance,20
auxiliary_trpo,4,2.6816479400749063,178,108,microsomal_clearance,20
auxiliary_warm,1,5.575842696629214,178,108,microsomal_clearance,20
auxiliary_warm,2,3.889513108614232,178,108,microsomal_clearance,20
auxiliary_warm,3,2.997191011235955,178,108,microsomal_clearance,20
auxiliary_warm,4,2.7008426966292136,178,108,microsomal_clearance,20
historical_ppo,1,5.625936329588015,178,108,microsomal_clearance,20
historical_ppo,2,4.008895131086143,178,108,microsomal_clearance,20
historical_ppo,3,3.11750936329588,178,108,microsomal_clearance,20
historical_ppo,4,2.8441011235955056,178,108,microsomal_clearance,20
original_dpo,1,5.581460674157303,178,108,microsomal_clearance,20
original_dpo,2,3.935861423220974,178,108,microsomal_clearance,20
original_dpo,3,3.044943820224719,178,108,microsomal_clearance,20
original_dpo,4,2.772940074906367,178,108,microsomal_clearance,20
original_gp_ei,1,5.477528089887641,178,108,microsomal_clearance,20
original_gp_ei,2,3.72752808988764,178,108,microsomal_clearance,20
original_gp_ei,3,2.8441011235955056,178,108,microsomal_clearance,20
original_gp_ei,4,2.643258426966292,178,108,microsomal_clearance,20
original_ppo,1,5.672752808988764,178,108,microsomal_clearance,20
original_ppo,2,4.026217228464419,178,108,microsomal_clearance,20
original_ppo,3,3.1025280898876404,178,108,microsomal_clearance,20
original_ppo,4,2.817883895131086,178,108,microsomal_clearance,20
original_trpo,1,5.594569288389513,178,108,microsomal_clearance,20
original_trpo,2,3.985486891385768,178,108,microsomal_clearance,20
original_trpo,3,3.080056179775281,178,108,microsomal_clearance,20
original_trpo,4,2.8057116104868913,178,108,microsomal_clearance,20
original_warm,1,5.543539325842697,178,108,microsomal_clearance,20
original_warm,2,3.9101123595505616,178,108,microsomal_clearance,20
original_warm,3,3.0444756554307113,178,108,microsomal_clearance,20
original_warm,4,2.7668539325842696,178,108,microsomal_clearance,20
random,1,10.330305003724948,178,108,microsomal_clearance,20
random,2,7.281639273387869,178,108,microsomal_clearance,20
random,3,5.8346866005925,178,108,microsomal_clearance,20
random,4,4.937164272733093,178,108,microsomal_clearance,20
auxiliary_dpo,1,9.694444444444445,9,7,in_vivo_clearance,20
auxiliary_dpo,2,6.944444444444445,9,7,in_vivo_clearance,20
auxiliary_dpo,3,5.314814814814815,9,7,in_vivo_clearance,20
auxiliary_dpo,4,4.981481481481482,9,7,in_vivo_clearance,20
auxiliary_gp_ei,1,9.805555555555555,9,7,in_vivo_clearance,20
auxiliary_gp_ei,2,6.916666666666667,9,7,in_vivo_clearance,20
auxiliary_gp_ei,3,5.027777777777778,9,7,in_vivo_clearance,20
auxiliary_gp_ei,4,4.75,9,7,in_vivo_clearance,20
auxiliary_ppo,1,9.601851851851851,9,7,in_vivo_clearance,20
auxiliary_ppo,2,7.0092592592592595,9,7,in_vivo_clearance,20
auxiliary_ppo,3,5.314814814814815,9,7,in_vivo_clearance,20
auxiliary_ppo,4,5.0092592592592595,9,7,in_vivo_clearance,20
auxiliary_trpo,1,9.50925925925926,9,7,in_vivo_clearance,20
auxiliary_trpo,2,6.277777777777778,9,7,in_vivo_clearance,20
auxiliary_trpo,3,4.777777777777778,9,7,in_vivo_clearance,20
auxiliary_trpo,4,4.444444444444445,9,7,in_vivo_clearance,20
auxiliary_warm,1,9.925925925925927,9,7,in_vivo_clearance,20
auxiliary_warm,2,6.9907407407407405,9,7,in_vivo_clearance,20
auxiliary_warm,3,5.361111111111111,9,7,in_vivo_clearance,20
auxiliary_warm,4,5.027777777777778,9,7,in_vivo_clearance,20
historical_ppo,1,9.833333333333334,9,7,in_vivo_clearance,20
historical_ppo,2,6.2592592592592595,9,7,in_vivo_clearance,20
historical_ppo,3,5.12037037037037,9,7,in_vivo_clearance,20
historical_ppo,4,4.87037037037037,9,7,in_vivo_clearance,20
original_dpo,1,10.064814814814817,9,7,in_vivo_clearance,20
original_dpo,2,6.768518518518518,9,7,in_vivo_clearance,20
original_dpo,3,5.175925925925926,9,7,in_vivo_clearance,20
original_dpo,4,4.953703703703704,9,7,in_vivo_clearance,20
original_gp_ei,1,10.0,9,7,in_vivo_clearance,20
original_gp_ei,2,6.916666666666667,9,7,in_vivo_clearance,20
original_gp_ei,3,5.055555555555555,9,7,in_vivo_clearance,20
original_gp_ei,4,4.75,9,7,in_vivo_clearance,20
original_ppo,1,9.75,9,7,in_vivo_clearance,20
original_ppo,2,6.37962962962963,9,7,in_vivo_clearance,20
original_ppo,3,5.055555555555555,9,7,in_vivo_clearance,20
original_ppo,4,4.842592592592593,9,7,in_vivo_clearance,20
original_trpo,1,9.601851851851851,9,7,in_vivo_clearance,20
original_trpo,2,6.046296296296296,9,7,in_vivo_clearance,20
original_trpo,3,4.657407407407407,9,7,in_vivo_clearance,20
original_trpo,4,4.444444444444445,9,7,in_vivo_clearance,20
original_warm,1,9.944444444444445,9,7,in_vivo_clearance,20
original_warm,2,6.351851851851852,9,7,in_vivo_clearance,20
original_warm,3,5.018518518518519,9,7,in_vivo_clearance,20
original_warm,4,4.805555555555555,9,7,in_vivo_clearance,20
random,1,13.38888888888889,9,7,in_vivo_clearance,20
random,2,8.62962962962963,9,7,in_vivo_clearance,20
random,3,6.583333333333333,9,7,in_vivo_clearance,20
random,4,5.203703703703703,9,7,in_vivo_clearance,20
auxiliary_dpo,1,6.092948717948717,26,17,protein_binding,20
auxiliary_dpo,2,4.205128205128205,26,17,protein_binding,20
auxiliary_dpo,3,3.044871794871795,26,17,protein_binding,20
auxiliary_dpo,4,2.080128205128205,26,17,protein_binding,20
auxiliary_gp_ei,1,5.125,26,17,protein_binding,20
auxiliary_gp_ei,2,3.4134615384615383,26,17,protein_binding,20
auxiliary_gp_ei,3,2.375,26,17,protein_binding,20
auxiliary_gp_ei,4,1.5769230769230769,26,17,protein_binding,20
auxiliary_ppo,1,5.887820512820513,26,17,protein_binding,20
auxiliary_ppo,2,4.153846153846154,26,17,protein_binding,20
auxiliary_ppo,3,3.0064102564102564,26,17,protein_binding,20
auxiliary_ppo,4,2.0448717948717947,26,17,protein_binding,20
auxiliary_trpo,1,5.7243589743589745,26,17,protein_binding,20
auxiliary_trpo,2,4.121794871794872,26,17,protein_binding,20
auxiliary_trpo,3,3.0641025641025643,26,17,protein_binding,20
auxiliary_trpo,4,2.102564102564102,26,17,protein_binding,20
auxiliary_warm,1,6.0256410256410255,26,17,protein_binding,20
auxiliary_warm,2,4.2660256410256405,26,17,protein_binding,20
auxiliary_warm,3,3.099358974358974,26,17,protein_binding,20
auxiliary_warm,4,2.121794871794872,26,17,protein_binding,20
historical_ppo,1,5.96474358974359,26,17,protein_binding,20
historical_ppo,2,3.923076923076923,26,17,protein_binding,20
historical_ppo,3,2.705128205128205,26,17,protein_binding,20
historical_ppo,4,1.926282051282051,26,17,protein_binding,20
original_dpo,1,5.701923076923077,26,17,protein_binding,20
original_dpo,2,3.8461538461538463,26,17,protein_binding,20
original_dpo,3,2.6602564102564106,26,17,protein_binding,20
original_dpo,4,1.926282051282051,26,17,protein_binding,20
original_gp_ei,1,5.153846153846154,26,17,protein_binding,20
original_gp_ei,2,3.4134615384615383,26,17,protein_binding,20
original_gp_ei,3,2.3173076923076925,26,17,protein_binding,20
original_gp_ei,4,1.5865384615384617,26,17,protein_binding,20
original_ppo,1,5.689102564102564,26,17,protein_binding,20
original_ppo,2,3.7628205128205128,26,17,protein_binding,20
original_ppo,3,2.5705128205128203,26,17,protein_binding,20
original_ppo,4,1.887820512820513,26,17,protein_binding,20
original_trpo,1,5.663461538461538,26,17,protein_binding,20
original_trpo,2,3.727564102564102,26,17,protein_binding,20
original_trpo,3,2.5865384615384617,26,17,protein_binding,20
original_trpo,4,2.0064102564102564,26,17,protein_binding,20
original_warm,1,5.842948717948719,26,17,protein_binding,20
original_warm,2,3.855769230769231,26,17,protein_binding,20
original_warm,3,2.621794871794872,26,17,protein_binding,20
original_warm,4,1.967948717948718,26,17,protein_binding,20
random,1,15.0,26,17,protein_binding,20
random,2,9.666666666666668,26,17,protein_binding,20
random,3,7.3961538461538465,26,17,protein_binding,20
random,4,6.0,26,17,protein_binding,20
auxiliary_dpo,1,5.86,50,33,cellular_clearance,20
auxiliary_dpo,2,3.878333333333333,50,33,cellular_clearance,20
auxiliary_dpo,3,3.42,50,33,cellular_clearance,20
auxiliary_dpo,4,2.706666666666667,50,33,cellular_clearance,20
auxiliary_gp_ei,1,5.945,50,33,cellular_clearance,20
auxiliary_gp_ei,2,3.855,50,33,cellular_clearance,20
auxiliary_gp_ei,3,3.56,50,33,cellular_clearance,20
auxiliary_gp_ei,4,2.96,50,33,cellular_clearance,20
auxiliary_ppo,1,5.865,50,33,cellular_clearance,20
auxiliary_ppo,2,3.89,50,33,cellular_clearance,20
auxiliary_ppo,3,3.431666666666666,50,33,cellular_clearance,20
auxiliary_ppo,4,2.716666666666667,50,33,cellular_clearance,20
auxiliary_trpo,1,5.898333333333333,50,33,cellular_clearance,20
auxiliary_trpo,2,3.85,50,33,cellular_clearance,20
auxiliary_trpo,3,3.3866666666666667,50,33,cellular_clearance,20
auxiliary_trpo,4,2.746666666666667,50,33,cellular_clearance,20
auxiliary_warm,1,5.886666666666667,50,33,cellular_clearance,20
auxiliary_warm,2,3.895,50,33,cellular_clearance,20
auxiliary_warm,3,3.4266666666666667,50,33,cellular_clearance,20
auxiliary_warm,4,2.705,50,33,cellular_clearance,20
historical_ppo,1,6.166666666666666,50,33,cellular_clearance,20
historical_ppo,2,3.976666666666667,50,33,cellular_clearance,20
historical_ppo,3,3.463333333333333,50,33,cellular_clearance,20
historical_ppo,4,2.79,50,33,cellular_clearance,20
original_dpo,1,6.115,50,33,cellular_clearance,20
original_dpo,2,4.058333333333334,50,33,cellular_clearance,20
original_dpo,3,3.5316666666666667,50,33,cellular_clearance,20
original_dpo,4,2.831666666666667,50,33,cellular_clearance,20
original_gp_ei,1,6.26,50,33,cellular_clearance,20
original_gp_ei,2,3.945,50,33,cellular_clearance,20
original_gp_ei,3,3.465,50,33,cellular_clearance,20
original_gp_ei,4,2.925,50,33,cellular_clearance,20
original_ppo,1,6.193333333333333,50,33,cellular_clearance,20
original_ppo,2,3.985,50,33,cellular_clearance,20
original_ppo,3,3.45,50,33,cellular_clearance,20
original_ppo,4,2.783333333333333,50,33,cellular_clearance,20
original_trpo,1,6.19,50,33,cellular_clearance,20
original_trpo,2,3.963333333333333,50,33,cellular_clearance,20
original_trpo,3,3.455,50,33,cellular_clearance,20
original_trpo,4,2.8,50,33,cellular_clearance,20
original_warm,1,6.165,50,33,cellular_clearance,20
original_warm,2,4.126666666666667,50,33,cellular_clearance,20
original_warm,3,3.586666666666667,50,33,cellular_clearance,20
original_warm,4,2.8633333333333333,50,33,cellular_clearance,20
random,1,11.313666666666668,50,33,cellular_clearance,20
random,2,7.922000000000001,50,33,cellular_clearance,20
random,3,6.2410000000000005,50,33,cellular_clearance,20
random,4,5.217666666666666,50,33,cellular_clearance,20
auxiliary_dpo,1,9.129166666666666,40,34,permeability,20
auxiliary_dpo,2,5.45,40,34,permeability,20
auxiliary_dpo,3,4.541666666666666,40,34,permeability,20
auxiliary_dpo,4,3.5520833333333335,40,34,permeability,20
auxiliary_gp_ei,1,8.25625,40,34,permeability,20
auxiliary_gp_ei,2,5.15,40,34,permeability,20
auxiliary_gp_ei,3,4.30625,40,34,permeability,20
auxiliary_gp_ei,4,3.35625,40,34,permeability,20
auxiliary_ppo,1,9.004166666666666,40,34,permeability,20
auxiliary_ppo,2,5.320833333333334,40,34,permeability,20
auxiliary_ppo,3,4.4625,40,34,permeability,20
auxiliary_ppo,4,3.4645833333333336,40,34,permeability,20
auxiliary_trpo,1,9.004166666666666,40,34,permeability,20
auxiliary_trpo,2,5.3375,40,34,permeability,20
auxiliary_trpo,3,4.491666666666666,40,34,permeability,20
auxiliary_trpo,4,3.5166666666666666,40,34,permeability,20
auxiliary_warm,1,8.927083333333332,40,34,permeability,20
auxiliary_warm,2,5.23125,40,34,permeability,20
auxiliary_warm,3,4.379166666666666,40,34,permeability,20
auxiliary_warm,4,3.4270833333333335,40,34,permeability,20
historical_ppo,1,9.11875,40,34,permeability,20
historical_ppo,2,5.502083333333333,40,34,permeability,20
historical_ppo,3,4.539583333333334,40,34,permeability,20
historical_ppo,4,3.5291666666666663,40,34,permeability,20
original_dpo,1,9.164583333333333,40,34,permeability,20
original_dpo,2,5.547916666666667,40,34,permeability,20
original_dpo,3,4.5875,40,34,permeability,20
original_dpo,4,3.51875,40,34,permeability,20
original_gp_ei,1,8.48125,40,34,permeability,20
original_gp_ei,2,5.24375,40,34,permeability,20
original_gp_ei,3,4.35,40,34,permeability,20
original_gp_ei,4,3.34375,40,34,permeability,20
original_ppo,1,9.289583333333336,40,34,permeability,20
original_ppo,2,5.725,40,34,permeability,20
original_ppo,3,4.7375,40,34,permeability,20
original_ppo,4,3.7270833333333337,40,34,permeability,20
original_trpo,1,9.175,40,34,permeability,20
original_trpo,2,5.50625,40,34,permeability,20
original_trpo,3,4.539583333333334,40,34,permeability,20
original_trpo,4,3.5354166666666664,40,34,permeability,20
original_warm,1,9.108333333333333,40,34,permeability,20
original_warm,2,5.48125,40,34,permeability,20
original_warm,3,4.508333333333334,40,34,permeability,20
original_warm,4,3.53125,40,34,permeability,20
random,1,14.9125,40,34,permeability,20
random,2,10.066666666666666,40,34,permeability,20
random,3,7.3725,40,34,permeability,20
random,4,6.04,40,34,permeability,20
auxiliary_dpo,1,5.7756410256410255,26,25,efflux,20
auxiliary_dpo,2,4.0,26,25,efflux,20
auxiliary_dpo,3,3.076923076923077,26,25,efflux,20
auxiliary_dpo,4,2.5128205128205128,26,25,efflux,20
auxiliary_gp_ei,1,6.144230769230769,26,25,efflux,20
auxiliary_gp_ei,2,3.7211538461538463,26,25,efflux,20
auxiliary_gp_ei,3,3.048076923076923,26,25,efflux,20
auxiliary_gp_ei,4,2.3653846153846154,26,25,efflux,20
auxiliary_ppo,1,5.823717948717948,26,25,efflux,20
auxiliary_ppo,2,4.0,26,25,efflux,20
auxiliary_ppo,3,3.0416666666666665,26,25,efflux,20
auxiliary_ppo,4,2.474358974358974,26,25,efflux,20
auxiliary_trpo,1,6.147435897435898,26,25,efflux,20
auxiliary_trpo,2,4.3076923076923075,26,25,efflux,20
auxiliary_trpo,3,3.1891025641025643,26,25,efflux,20
auxiliary_trpo,4,2.573717948717949,26,25,efflux,20
auxiliary_warm,1,6.0673076923076925,26,25,efflux,20
auxiliary_warm,2,4.118589743589744,26,25,efflux,20
auxiliary_warm,3,3.0160256410256414,26,25,efflux,20
auxiliary_warm,4,2.435897435897436,26,25,efflux,20
historical_ppo,1,6.298076923076923,26,25,efflux,20
historical_ppo,2,4.17948717948718,26,25,efflux,20
historical_ppo,3,3.3173076923076925,26,25,efflux,20
historical_ppo,4,2.573717948717949,26,25,efflux,20
original_dpo,1,6.423076923076923,26,25,efflux,20
original_dpo,2,4.201923076923077,26,25,efflux,20
original_dpo,3,3.173076923076923,26,25,efflux,20
original_dpo,4,2.4839743589743586,26,25,efflux,20
original_gp_ei,1,6.461538461538462,26,25,efflux,20
original_gp_ei,2,3.8846153846153846,26,25,efflux,20
original_gp_ei,3,3.2115384615384617,26,25,efflux,20
original_gp_ei,4,2.4903846153846154,26,25,efflux,20
original_ppo,1,6.342948717948717,26,25,efflux,20
original_ppo,2,4.157051282051282,26,25,efflux,20
original_ppo,3,3.355769230769231,26,25,efflux,20
original_ppo,4,2.6346153846153846,26,25,efflux,20
original_trpo,1,6.487179487179487,26,25,efflux,20
original_trpo,2,4.32051282051282,26,25,efflux,20
original_trpo,3,3.2211538461538463,26,25,efflux,20
original_trpo,4,2.6538461538461537,26,25,efflux,20
original_warm,1,6.259615384615385,26,25,efflux,20
original_warm,2,4.185897435897436,26,25,efflux,20
original_warm,3,3.150641025641026,26,25,efflux,20
original_warm,4,2.5096153846153846,26,25,efflux,20
random,1,11.91025641025641,26,25,efflux,20
random,2,7.855769230769231,26,25,efflux,20
random,3,6.065544871794872,26,25,efflux,20
random,4,4.901350732600733,26,25,efflux,20
auxiliary_dpo,1,6.428048780487805,205,129,all,25
auxiliary_dpo,2,4.386991869918699,205,129,all,25
auxiliary_dpo,3,3.417886178861788,205,129,all,25
auxiliary_dpo,4,2.8865853658536587,205,129,all,25
auxiliary_gp_ei,1,6.273170731707317,205,129,all,25
auxiliary_gp_ei,2,4.264634146341463,205,129,all,25
auxiliary_gp_ei,3,3.2756097560975608,205,129,all,25
auxiliary_gp_ei,4,2.7780487804878047,205,129,all,25
auxiliary_ppo,1,6.354471544715447,205,129,all,25
auxiliary_ppo,2,4.360569105691057,205,129,all,25
auxiliary_ppo,3,3.3601626016260164,205,129,all,25
auxiliary_ppo,4,2.825609756097561,205,129,all,25
auxiliary_trpo,1,6.4020325203252035,205,129,all,25
auxiliary_trpo,2,4.378861788617886,205,129,all,25
auxiliary_trpo,3,3.3837398373983736,205,129,all,25
auxiliary_trpo,4,2.8495934959349594,205,129,all,25
auxiliary_warm,1,6.402439024390244,205,129,all,25
auxiliary_warm,2,4.3548780487804875,205,129,all,25
auxiliary_warm,3,3.368292682926829,205,129,all,25
auxiliary_warm,4,2.825609756097561,205,129,all,25
historical_ppo,1,6.613821138211382,205,129,all,25
historical_ppo,2,4.453658536585366,205,129,all,25
historical_ppo,3,3.4918699186991873,205,129,all,25
historical_ppo,4,2.973170731707317,205,129,all,25
original_dpo,1,6.581707317073171,205,129,all,25
original_dpo,2,4.452845528455285,205,129,all,25
original_dpo,3,3.4451219512195124,205,129,all,25
original_dpo,4,2.9146341463414633,205,129,all,25
original_gp_ei,1,6.413414634146341,205,129,all,25
original_gp_ei,2,4.259756097560976,205,129,all,25
original_gp_ei,3,3.2939024390243903,205,129,all,25
original_gp_ei,4,2.8317073170731706,205,129,all,25
original_ppo,1,6.668292682926829,205,129,all,25
original_ppo,2,4.5024390243902435,205,129,all,25
original_ppo,3,3.4939024390243905,205,129,all,25
original_ppo,4,2.9743902439024392,205,129,all,25
original_trpo,1,6.634959349593497,205,129,all,25
original_trpo,2,4.470325203252032,205,129,all,25
original_trpo,3,3.459756097560976,205,129,all,25
original_trpo,4,2.9654471544715446,205,129,all,25
original_warm,1,6.556910569105692,205,129,all,25
original_warm,2,4.442682926829268,205,129,all,25
original_warm,3,3.447967479674797,205,129,all,25
original_warm,4,2.919512195121951,205,129,all,25
random,1,13.16303011803012,205,129,all,25
random,2,9.151160199330931,205,129,all,25
random,3,7.176184220025683,205,129,all,25
random,4,5.978974356718259,205,129,all,25
auxiliary_dpo,1,5.462053571428571,112,71,microsomal_clearance,25
auxiliary_dpo,2,4.090773809523809,112,71,microsomal_clearance,25
auxiliary_dpo,3,3.164434523809524,112,71,microsomal_clearance,25
auxiliary_dpo,4,2.849702380952381,112,71,microsomal_clearance,25
auxiliary_gp_ei,1,5.450892857142857,112,71,microsomal_clearance,25
auxiliary_gp_ei,2,4.004464285714286,112,71,microsomal_clearance,25
auxiliary_gp_ei,3,2.9285714285714284,112,71,microsomal_clearance,25
auxiliary_gp_ei,4,2.625,112,71,microsomal_clearance,25
auxiliary_ppo,1,5.438244047619048,112,71,microsomal_clearance,25
auxiliary_ppo,2,4.101190476190476,112,71,microsomal_clearance,25
auxiliary_ppo,3,3.1078869047619047,112,71,microsomal_clearance,25
auxiliary_ppo,4,2.7857142857142856,112,71,microsomal_clearance,25
auxiliary_trpo,1,5.435267857142857,112,71,microsomal_clearance,25
auxiliary_trpo,2,4.0632440476190474,112,71,microsomal_clearance,25
auxiliary_trpo,3,3.094494047619047,112,71,microsomal_clearance,25
auxiliary_trpo,4,2.758184523809524,112,71,microsomal_clearance,25
auxiliary_warm,1,5.423363095238095,112,71,microsomal_clearance,25
auxiliary_warm,2,4.046875,112,71,microsomal_clearance,25
auxiliary_warm,3,3.108630952380953,112,71,microsomal_clearance,25
auxiliary_warm,4,2.781994047619047,112,71,microsomal_clearance,25
historical_ppo,1,5.604910714285714,112,71,microsomal_clearance,25
historical_ppo,2,4.194940476190476,112,71,microsomal_clearance,25
historical_ppo,3,3.255208333333333,112,71,microsomal_clearance,25
historical_ppo,4,2.990327380952381,112,71,microsomal_clearance,25
original_dpo,1,5.549107142857143,112,71,microsomal_clearance,25
original_dpo,2,4.113839285714286,112,71,microsomal_clearance,25
original_dpo,3,3.1577380952380953,112,71,microsomal_clearance,25
original_dpo,4,2.888392857142857,112,71,microsomal_clearance,25
original_gp_ei,1,5.453125,112,71,microsomal_clearance,25
original_gp_ei,2,3.890625,112,71,microsomal_clearance,25
original_gp_ei,3,2.919642857142857,112,71,microsomal_clearance,25
original_gp_ei,4,2.705357142857143,112,71,microsomal_clearance,25
original_ppo,1,5.682291666666666,112,71,microsomal_clearance,25
original_ppo,2,4.241815476190476,112,71,microsomal_clearance,25
original_ppo,3,3.2328869047619047,112,71,microsomal_clearance,25
original_ppo,4,2.959077380952381,112,71,microsomal_clearance,25
original_trpo,1,5.616815476190476,112,71,microsomal_clearance,25
original_trpo,2,4.193452380952381,112,71,microsomal_clearance,25
original_trpo,3,3.2157738095238098,112,71,microsomal_clearance,25
original_trpo,4,2.956845238095238,112,71,microsomal_clearance,25
original_warm,1,5.484375,112,71,microsomal_clearance,25
original_warm,2,4.074404761904762,112,71,microsomal_clearance,25
original_warm,3,3.15625,112,71,microsomal_clearance,25
original_warm,4,2.884672619047619,112,71,microsomal_clearance,25
random,1,11.36373072198965,112,71,microsomal_clearance,25
random,2,8.172361674370602,112,71,microsomal_clearance,25
random,3,6.627055938439867,112,71,microsomal_clearance,25
random,4,5.62652938166331,112,71,microsomal_clearance,25
auxiliary_dpo,1,10.566666666666666,5,3,in_vivo_clearance,25
auxiliary_dpo,2,8.1,5,3,in_vivo_clearance,25
auxiliary_dpo,3,5.166666666666666,5,3,in_vivo_clearance,25
auxiliary_dpo,4,4.566666666666666,5,3,in_vivo_clearance,25
auxiliary_gp_ei,1,10.4,5,3,in_vivo_clearance,25
auxiliary_gp_ei,2,8.8,5,3,in_vivo_clearance,25
auxiliary_gp_ei,3,5.65,5,3,in_vivo_clearance,25
auxiliary_gp_ei,4,5.15,5,3,in_vivo_clearance,25
auxiliary_ppo,1,10.316666666666666,5,3,in_vivo_clearance,25
auxiliary_ppo,2,8.133333333333333,5,3,in_vivo_clearance,25
auxiliary_ppo,3,5.083333333333334,5,3,in_vivo_clearance,25
auxiliary_ppo,4,4.533333333333333,5,3,in_vivo_clearance,25
auxiliary_trpo,1,10.533333333333337,5,3,in_vivo_clearance,25
auxiliary_trpo,2,7.933333333333333,5,3,in_vivo_clearance,25
auxiliary_trpo,3,5.283333333333333,5,3,in_vivo_clearance,25
auxiliary_trpo,4,4.683333333333333,5,3,in_vivo_clearance,25
auxiliary_warm,1,10.566666666666666,5,3,in_vivo_clearance,25
auxiliary_warm,2,8.1,5,3,in_vivo_clearance,25
auxiliary_warm,3,5.166666666666666,5,3,in_vivo_clearance,25
auxiliary_warm,4,4.566666666666666,5,3,in_vivo_clearance,25
historical_ppo,1,10.766666666666666,5,3,in_vivo_clearance,25
historical_ppo,2,6.95,5,3,in_vivo_clearance,25
historical_ppo,3,4.9,5,3,in_vivo_clearance,25
historical_ppo,4,4.45,5,3,in_vivo_clearance,25
original_dpo,1,10.5,5,3,in_vivo_clearance,25
original_dpo,2,7.1833333333333345,5,3,in_vivo_clearance,25
original_dpo,3,4.816666666666667,5,3,in_vivo_clearance,25
original_dpo,4,4.416666666666667,5,3,in_vivo_clearance,25
original_gp_ei,1,10.75,5,3,in_vivo_clearance,25
original_gp_ei,2,8.8,5,3,in_vivo_clearance,25
original_gp_ei,3,5.75,5,3,in_vivo_clearance,25
original_gp_ei,4,5.2,5,3,in_vivo_clearance,25
original_ppo,1,10.6,5,3,in_vivo_clearance,25
original_ppo,2,7.133333333333335,5,3,in_vivo_clearance,25
original_ppo,3,4.75,5,3,in_vivo_clearance,25
original_ppo,4,4.366666666666666,5,3,in_vivo_clearance,25
original_trpo,1,10.6,5,3,in_vivo_clearance,25
original_trpo,2,7.083333333333334,5,3,in_vivo_clearance,25
original_trpo,3,4.683333333333334,5,3,in_vivo_clearance,25
original_trpo,4,4.3,5,3,in_vivo_clearance,25
original_warm,1,10.6,5,3,in_vivo_clearance,25
original_warm,2,7.083333333333334,5,3,in_vivo_clearance,25
original_warm,3,4.683333333333334,5,3,in_vivo_clearance,25
original_warm,4,4.3,5,3,in_vivo_clearance,25
random,1,15.4,5,3,in_vivo_clearance,25
random,2,10.266666666666666,5,3,in_vivo_clearance,25
random,3,7.7,5,3,in_vivo_clearance,25
random,4,5.886666666666667,5,3,in_vivo_clearance,25
auxiliary_dpo,1,5.7,15,11,protein_binding,25
auxiliary_dpo,2,3.0388888888888888,15,11,protein_binding,25
auxiliary_dpo,3,2.2888888888888888,15,11,protein_binding,25
auxiliary_dpo,4,2.1777777777777776,15,11,protein_binding,25
auxiliary_gp_ei,1,5.033333333333333,15,11,protein_binding,25
auxiliary_gp_ei,2,2.6166666666666667,15,11,protein_binding,25
auxiliary_gp_ei,3,1.75,15,11,protein_binding,25
auxiliary_gp_ei,4,1.6833333333333331,15,11,protein_binding,25
auxiliary_ppo,1,5.288888888888889,15,11,protein_binding,25
auxiliary_ppo,2,2.944444444444444,15,11,protein_binding,25
auxiliary_ppo,3,2.211111111111111,15,11,protein_binding,25
auxiliary_ppo,4,2.1166666666666667,15,11,protein_binding,25
auxiliary_trpo,1,5.088888888888889,15,11,protein_binding,25
auxiliary_trpo,2,3.077777777777778,15,11,protein_binding,25
auxiliary_trpo,3,2.3666666666666667,15,11,protein_binding,25
auxiliary_trpo,4,2.183333333333333,15,11,protein_binding,25
auxiliary_warm,1,5.544444444444445,15,11,protein_binding,25
auxiliary_warm,2,3.1333333333333333,15,11,protein_binding,25
auxiliary_warm,3,2.4,15,11,protein_binding,25
auxiliary_warm,4,2.25,15,11,protein_binding,25
historical_ppo,1,5.98888888888889,15,11,protein_binding,25
historical_ppo,2,3.1777777777777776,15,11,protein_binding,25
historical_ppo,3,2.338888888888889,15,11,protein_binding,25
historical_ppo,4,2.138888888888889,15,11,protein_binding,25
original_dpo,1,5.583333333333333,15,11,protein_binding,25
original_dpo,2,3.1166666666666667,15,11,protein_binding,25
original_dpo,3,2.2944444444444443,15,11,protein_binding,25
original_dpo,4,2.1277777777777778,15,11,protein_binding,25
original_gp_ei,1,5.1,15,11,protein_binding,25
original_gp_ei,2,2.6333333333333333,15,11,protein_binding,25
original_gp_ei,3,1.8,15,11,protein_binding,25
original_gp_ei,4,1.7333333333333334,15,11,protein_binding,25
original_ppo,1,5.688888888888888,15,11,protein_binding,25
original_ppo,2,3.0833333333333335,15,11,protein_binding,25
original_ppo,3,2.2333333333333334,15,11,protein_binding,25
original_ppo,4,2.0833333333333335,15,11,protein_binding,25
original_trpo,1,5.722222222222223,15,11,protein_binding,25
original_trpo,2,3.0833333333333335,15,11,protein_binding,25
original_trpo,3,2.411111111111111,15,11,protein_binding,25
original_trpo,4,2.2333333333333334,15,11,protein_binding,25
original_warm,1,5.905555555555556,15,11,protein_binding,25
original_warm,2,3.188888888888889,15,11,protein_binding,25
original_warm,3,2.327777777777778,15,11,protein_binding,25
original_warm,4,2.177777777777778,15,11,protein_binding,25
random,1,18.266666666666666,15,11,protein_binding,25
random,2,11.822222222222225,15,11,protein_binding,25
random,3,9.023333333333332,15,11,protein_binding,25
random,4,7.306666666666667,15,11,protein_binding,25
auxiliary_dpo,1,6.354838709677419,31,24,cellular_clearance,25
auxiliary_dpo,2,4.752688172043011,31,24,cellular_clearance,25
auxiliary_dpo,3,4.088709677419355,31,24,cellular_clearance,25
auxiliary_dpo,4,2.9946236559139785,31,24,cellular_clearance,25
auxiliary_gp_ei,1,6.435483870967742,31,24,cellular_clearance,25
auxiliary_gp_ei,2,4.741935483870968,31,24,cellular_clearance,25
auxiliary_gp_ei,3,4.338709677419355,31,24,cellular_clearance,25
auxiliary_gp_ei,4,3.443548387096774,31,24,cellular_clearance,25
auxiliary_ppo,1,6.35752688172043,31,24,cellular_clearance,25
auxiliary_ppo,2,4.774193548387097,31,24,cellular_clearance,25
auxiliary_ppo,3,4.104838709677419,31,24,cellular_clearance,25
auxiliary_ppo,4,3.013440860215054,31,24,cellular_clearance,25
auxiliary_trpo,1,6.384408602150537,31,24,cellular_clearance,25
auxiliary_trpo,2,4.744623655913979,31,24,cellular_clearance,25
auxiliary_trpo,3,4.086021505376344,31,24,cellular_clearance,25
auxiliary_trpo,4,3.1182795698924735,31,24,cellular_clearance,25
auxiliary_warm,1,6.379032258064516,31,24,cellular_clearance,25
auxiliary_warm,2,4.766129032258065,31,24,cellular_clearance,25
auxiliary_warm,3,4.10752688172043,31,24,cellular_clearance,25
auxiliary_warm,4,3.0,31,24,cellular_clearance,25
historical_ppo,1,6.626344086021505,31,24,cellular_clearance,25
historical_ppo,2,4.849462365591398,31,24,cellular_clearance,25
historical_ppo,3,4.115591397849463,31,24,cellular_clearance,25
historical_ppo,4,3.102150537634409,31,24,cellular_clearance,25
original_dpo,1,6.639784946236559,31,24,cellular_clearance,25
original_dpo,2,4.991935483870968,31,24,cellular_clearance,25
original_dpo,3,4.236559139784947,31,24,cellular_clearance,25
original_dpo,4,3.172043010752688,31,24,cellular_clearance,25
original_gp_ei,1,6.798387096774194,31,24,cellular_clearance,25
original_gp_ei,2,4.879032258064516,31,24,cellular_clearance,25
original_gp_ei,3,4.185483870967742,31,24,cellular_clearance,25
original_gp_ei,4,3.3629032258064515,31,24,cellular_clearance,25
original_ppo,1,6.723118279569892,31,24,cellular_clearance,25
original_ppo,2,4.879032258064516,31,24,cellular_clearance,25
original_ppo,3,4.088709677419355,31,24,cellular_clearance,25
original_ppo,4,3.0806451612903225,31,24,cellular_clearance,25
original_trpo,1,6.674731182795699,31,24,cellular_clearance,25
original_trpo,2,4.862903225806452,31,24,cellular_clearance,25
original_trpo,3,4.163978494623656,31,24,cellular_clearance,25
original_trpo,4,3.1774193548387095,31,24,cellular_clearance,25
original_warm,1,6.67741935483871,31,24,cellular_clearance,25
original_warm,2,5.053763440860215,31,24,cellular_clearance,25
original_warm,3,4.276881720430108,31,24,cellular_clearance,25
original_warm,4,3.174731182795699,31,24,cellular_clearance,25
random,1,13.376881720430108,31,24,cellular_clearance,25
random,2,9.465591397849462,31,24,cellular_clearance,25
random,3,7.318817204301075,31,24,cellular_clearance,25
random,4,6.169354838709677,31,24,cellular_clearance,25
auxiliary_dpo,1,10.635416666666666,24,21,permeability,25
auxiliary_dpo,2,5.420138888888889,24,21,permeability,25
auxiliary_dpo,3,4.260416666666667,24,21,permeability,25
auxiliary_dpo,4,3.361111111111111,24,21,permeability,25
auxiliary_gp_ei,1,9.25,24,21,permeability,25
auxiliary_gp_ei,2,5.09375,24,21,permeability,25
auxiliary_gp_ei,3,4.03125,24,21,permeability,25
auxiliary_gp_ei,4,3.1666666666666665,24,21,permeability,25
auxiliary_ppo,1,10.368055555555555,24,21,permeability,25
auxiliary_ppo,2,5.159722222222222,24,21,permeability,25
auxiliary_ppo,3,4.083333333333333,24,21,permeability,25
auxiliary_ppo,4,3.1701388888888893,24,21,permeability,25
auxiliary_trpo,1,10.510416666666666,24,21,permeability,25
auxiliary_trpo,2,5.215277777777778,24,21,permeability,25
auxiliary_trpo,3,4.163194444444445,24,21,permeability,25
auxiliary_trpo,4,3.2395833333333335,24,21,permeability,25
auxiliary_warm,1,10.322916666666666,24,21,permeability,25
auxiliary_warm,2,5.107638888888888,24,21,permeability,25
auxiliary_warm,3,4.024305555555555,24,21,permeability,25
auxiliary_warm,4,3.1388888888888893,24,21,permeability,25
historical_ppo,1,10.53472222222222,24,21,permeability,25
historical_ppo,2,5.451388888888889,24,21,permeability,25
historical_ppo,3,4.302083333333333,24,21,permeability,25
historical_ppo,4,3.2881944444444446,24,21,permeability,25
original_dpo,1,10.54861111111111,24,21,permeability,25
original_dpo,2,5.482638888888889,24,21,permeability,25
original_dpo,3,4.309027777777778,24,21,permeability,25
original_dpo,4,3.253472222222222,24,21,permeability,25
original_gp_ei,1,9.541666666666666,24,21,permeability,25
original_gp_ei,2,5.239583333333333,24,21,permeability,25
original_gp_ei,3,4.21875,24,21,permeability,25
original_gp_ei,4,3.21875,24,21,permeability,25
original_ppo,1,10.666666666666666,24,21,permeability,25
original_ppo,2,5.635416666666667,24,21,permeability,25
original_ppo,3,4.506944444444445,24,21,permeability,25
original_ppo,4,3.5104166666666665,24,21,permeability,25
original_trpo,1,10.60763888888889,24,21,permeability,25
original_trpo,2,5.482638888888889,24,21,permeability,25
original_trpo,3,4.295138888888888,24,21,permeability,25
original_trpo,4,3.295138888888889,24,21,permeability,25
original_warm,1,10.57986111111111,24,21,permeability,25
original_warm,2,5.520833333333333,24,21,permeability,25
original_warm,3,4.329861111111112,24,21,permeability,25
original_warm,4,3.305555555555556,24,21,permeability,25
random,1,17.84722222222222,24,21,permeability,25
random,2,12.013888888888893,24,21,permeability,25
random,3,8.893749999999999,24,21,permeability,25
random,4,7.208333333333333,24,21,permeability,25
auxiliary_dpo,1,6.412037037037037,18,18,efflux,25
auxiliary_dpo,2,4.314814814814815,18,18,efflux,25
auxiliary_dpo,3,3.1712962962962963,18,18,efflux,25
auxiliary_dpo,4,2.4212962962962963,18,18,efflux,25
auxiliary_gp_ei,1,7.027777777777778,18,18,efflux,25
auxiliary_gp_ei,2,4.069444444444445,18,18,efflux,25
auxiliary_gp_ei,3,3.2083333333333335,18,18,efflux,25
auxiliary_gp_ei,4,2.3194444444444446,18,18,efflux,25
auxiliary_ppo,1,6.486111111111111,18,18,efflux,25
auxiliary_ppo,2,4.328703703703704,18,18,efflux,25
auxiliary_ppo,3,3.1620370370370368,18,18,efflux,25
auxiliary_ppo,4,2.407407407407407,18,18,efflux,25
auxiliary_trpo,1,6.916666666666667,18,18,efflux,25
auxiliary_trpo,2,4.694444444444445,18,18,efflux,25
auxiliary_trpo,3,3.2546296296296298,18,18,efflux,25
auxiliary_trpo,4,2.4814814814814814,18,18,efflux,25
auxiliary_warm,1,6.865740740740741,18,18,efflux,25
auxiliary_warm,2,4.537037037037037,18,18,efflux,25
auxiliary_warm,3,3.143518518518518,18,18,efflux,25
auxiliary_warm,4,2.375,18,18,efflux,25
historical_ppo,1,7.0092592592592595,18,18,efflux,25
historical_ppo,2,4.421296296296296,18,18,efflux,25
historical_ppo,3,3.3796296296296298,18,18,efflux,25
historical_ppo,4,2.509259259259259,18,18,efflux,25
original_dpo,1,7.361111111111111,18,18,efflux,25
original_dpo,2,4.6157407407407405,18,18,efflux,25
original_dpo,3,3.2962962962962963,18,18,efflux,25
original_dpo,4,2.4212962962962963,18,18,efflux,25
original_gp_ei,1,7.444444444444445,18,18,efflux,25
original_gp_ei,2,4.277777777777778,18,18,efflux,25
original_gp_ei,3,3.4166666666666665,18,18,efflux,25
original_gp_ei,4,2.4444444444444446,18,18,efflux,25
original_ppo,1,7.101851851851851,18,18,efflux,25
original_ppo,2,4.416666666666667,18,18,efflux,25
original_ppo,3,3.4444444444444446,18,18,efflux,25
original_ppo,4,2.5277777777777777,18,18,efflux,25
original_trpo,1,7.263888888888889,18,18,efflux,25
original_trpo,2,4.597222222222222,18,18,efflux,25
original_trpo,3,3.185185185185185,18,18,efflux,25
original_trpo,4,2.4537037037037037,18,18,efflux,25
original_warm,1,7.078703703703704,18,18,efflux,25
original_warm,2,4.555555555555555,18,18,efflux,25
original_warm,3,3.25,18,18,efflux,25
original_warm,4,2.4166666666666665,18,18,efflux,25
random,1,12.87037037037037,18,18,efflux,25
random,2,8.347222222222221,18,18,efflux,25
random,3,6.3724537037037035,18,18,efflux,25
random,4,5.124173280423281,18,18,efflux,25
auxiliary_dpo,1,6.20625,120,76,all,30
auxiliary_dpo,2,4.465972222222222,120,76,all,30
auxiliary_dpo,3,3.3895833333333334,120,76,all,30
auxiliary_dpo,4,2.8659722222222226,120,76,all,30
auxiliary_gp_ei,1,6.3,120,76,all,30
auxiliary_gp_ei,2,4.4875,120,76,all,30
auxiliary_gp_ei,3,3.43125,120,76,all,30
auxiliary_gp_ei,4,2.93125,120,76,all,30
auxiliary_ppo,1,6.109027777777778,120,76,all,30
auxiliary_ppo,2,4.464583333333334,120,76,all,30
auxiliary_ppo,3,3.376388888888889,120,76,all,30
auxiliary_ppo,4,2.850694444444444,120,76,all,30
auxiliary_trpo,1,6.074305555555555,120,76,all,30
auxiliary_trpo,2,4.40625,120,76,all,30
auxiliary_trpo,3,3.372916666666667,120,76,all,30
auxiliary_trpo,4,2.8569444444444443,120,76,all,30
auxiliary_warm,1,6.101388888888889,120,76,all,30
auxiliary_warm,2,4.425,120,76,all,30
auxiliary_warm,3,3.3555555555555556,120,76,all,30
auxiliary_warm,4,2.825,120,76,all,30
historical_ppo,1,6.472222222222222,120,76,all,30
historical_ppo,2,4.648611111111111,120,76,all,30
historical_ppo,3,3.548611111111111,120,76,all,30
historical_ppo,4,3.0347222222222223,120,76,all,30
original_dpo,1,6.429861111111111,120,76,all,30
original_dpo,2,4.620833333333334,120,76,all,30
original_dpo,3,3.469444444444444,120,76,all,30
original_dpo,4,2.9479166666666665,120,76,all,30
original_gp_ei,1,6.464583333333334,120,76,all,30
original_gp_ei,2,4.458333333333333,120,76,all,30
original_gp_ei,3,3.41875,120,76,all,30
original_gp_ei,4,2.972916666666667,120,76,all,30
original_ppo,1,6.479166666666667,120,76,all,30
original_ppo,2,4.658333333333333,120,76,all,30
original_ppo,3,3.493055555555556,120,76,all,30
original_ppo,4,2.9715277777777778,120,76,all,30
original_trpo,1,6.457638888888889,120,76,all,30
original_trpo,2,4.631944444444445,120,76,all,30
original_trpo,3,3.5215277777777776,120,76,all,30
original_trpo,4,3.029166666666667,120,76,all,30
original_warm,1,6.413888888888889,120,76,all,30
original_warm,2,4.602777777777778,120,76,all,30
original_warm,3,3.475,120,76,all,30
original_warm,4,2.9409722222222223,120,76,all,30
random,1,14.717696623592456,120,76,all,30
random,2,10.34477995692579,120,76,all,30
random,3,8.215966825612659,120,76,all,30
random,4,6.855316642462475,120,76,all,30
auxiliary_dpo,1,5.183098591549296,71,45,microsomal_clearance,30
auxiliary_dpo,2,3.9683098591549295,71,45,microsomal_clearance,30
auxiliary_dpo,3,2.7828638497652585,71,45,microsomal_clearance,30
auxiliary_dpo,4,2.501173708920188,71,45,microsomal_clearance,30
auxiliary_gp_ei,1,5.637323943661972,71,45,microsomal_clearance,30
auxiliary_gp_ei,2,4.073943661971831,71,45,microsomal_clearance,30
auxiliary_gp_ei,3,2.823943661971831,71,45,microsomal_clearance,30
auxiliary_gp_ei,4,2.507042253521127,71,45,microsomal_clearance,30
auxiliary_ppo,1,5.149061032863849,71,45,microsomal_clearance,30
auxiliary_ppo,2,3.987089201877934,71,45,microsomal_clearance,30
auxiliary_ppo,3,2.7699530516431925,71,45,microsomal_clearance,30
auxiliary_ppo,4,2.488262910798122,71,45,microsomal_clearance,30
auxiliary_trpo,1,5.166666666666666,71,45,microsomal_clearance,30
auxiliary_trpo,2,3.957746478873239,71,45,microsomal_clearance,30
auxiliary_trpo,3,2.7805164319248825,71,45,microsomal_clearance,30
auxiliary_trpo,4,2.4636150234741785,71,45,microsomal_clearance,30
auxiliary_warm,1,5.112676056338028,71,45,microsomal_clearance,30
auxiliary_warm,2,3.934272300469483,71,45,microsomal_clearance,30
auxiliary_warm,3,2.7453051643192485,71,45,microsomal_clearance,30
auxiliary_warm,4,2.4507042253521125,71,45,microsomal_clearance,30
historical_ppo,1,5.5481220657277,71,45,microsomal_clearance,30
historical_ppo,2,4.268779342723004,71,45,microsomal_clearance,30
historical_ppo,3,3.0023474178403755,71,45,microsomal_clearance,30
historical_ppo,4,2.757042253521127,71,45,microsomal_clearance,30
original_dpo,1,5.505868544600939,71,45,microsomal_clearance,30
original_dpo,2,4.143192488262911,71,45,microsomal_clearance,30
original_dpo,3,2.8732394366197185,71,45,microsomal_clearance,30
original_dpo,4,2.619718309859155,71,45,microsomal_clearance,30
original_gp_ei,1,5.693661971830986,71,45,microsomal_clearance,30
original_gp_ei,2,3.9859154929577465,71,45,microsomal_clearance,30
original_gp_ei,3,2.788732394366197,71,45,microsomal_clearance,30
original_gp_ei,4,2.6232394366197185,71,45,microsomal_clearance,30
original_ppo,1,5.643192488262911,71,45,microsomal_clearance,30
original_ppo,2,4.303990610328638,71,45,microsomal_clearance,30
original_ppo,3,2.937793427230047,71,45,microsomal_clearance,30
original_ppo,4,2.693661971830986,71,45,microsomal_clearance,30
original_trpo,1,5.539906103286385,71,45,microsomal_clearance,30
original_trpo,2,4.26056338028169,71,45,microsomal_clearance,30
original_trpo,3,2.9507042253521125,71,45,microsomal_clearance,30
original_trpo,4,2.7194835680751175,71,45,microsomal_clearance,30
original_warm,1,5.396713615023474,71,45,microsomal_clearance,30
original_warm,2,4.104460093896714,71,45,microsomal_clearance,30
original_warm,3,2.8755868544600935,71,45,microsomal_clearance,30
original_warm,4,2.6173708920187795,71,45,microsomal_clearance,30
random,1,12.813712603254857,71,45,microsomal_clearance,30
random,2,9.32310227461636,71,45,microsomal_clearance,30
random,3,7.542009658312475,71,45,microsomal_clearance,30
random,4,6.439066357481851,71,45,microsomal_clearance,30
auxiliary_dpo,1,17.625,2,2,in_vivo_clearance,30
auxiliary_dpo,2,13.458333333333332,2,2,in_vivo_clearance,30
auxiliary_dpo,3,8.375,2,2,in_vivo_clearance,30
auxiliary_dpo,4,7.25,2,2,in_vivo_clearance,30
auxiliary_gp_ei,1,13.625,2,2,in_vivo_clearance,30
auxiliary_gp_ei,2,12.0,2,2,in_vivo_clearance,30
auxiliary_gp_ei,3,7.875,2,2,in_vivo_clearance,30
auxiliary_gp_ei,4,7.0,2,2,in_vivo_clearance,30
auxiliary_ppo,1,16.958333333333332,2,2,in_vivo_clearance,30
auxiliary_ppo,2,13.5,2,2,in_vivo_clearance,30
auxiliary_ppo,3,8.125,2,2,in_vivo_clearance,30
auxiliary_ppo,4,7.125,2,2,in_vivo_clearance,30
auxiliary_trpo,1,17.291666666666668,2,2,in_vivo_clearance,30
auxiliary_trpo,2,12.791666666666666,2,2,in_vivo_clearance,30
auxiliary_trpo,3,8.5,2,2,in_vivo_clearance,30
auxiliary_trpo,4,7.375,2,2,in_vivo_clearance,30
auxiliary_warm,1,17.625,2,2,in_vivo_clearance,30
auxiliary_warm,2,13.458333333333332,2,2,in_vivo_clearance,30
auxiliary_warm,3,8.375,2,2,in_vivo_clearance,30
auxiliary_warm,4,7.25,2,2,in_vivo_clearance,30
historical_ppo,1,17.958333333333332,2,2,in_vivo_clearance,30
historical_ppo,2,10.375,2,2,in_vivo_clearance,30
historical_ppo,3,7.583333333333334,2,2,in_vivo_clearance,30
historical_ppo,4,6.833333333333334,2,2,in_vivo_clearance,30
original_dpo,1,17.833333333333332,2,2,in_vivo_clearance,30
original_dpo,2,11.416666666666668,2,2,in_vivo_clearance,30
original_dpo,3,7.416666666666667,2,2,in_vivo_clearance,30
original_dpo,4,6.75,2,2,in_vivo_clearance,30
original_gp_ei,1,14.5,2,2,in_vivo_clearance,30
original_gp_ei,2,12.0,2,2,in_vivo_clearance,30
original_gp_ei,3,7.875,2,2,in_vivo_clearance,30
original_gp_ei,4,7.0,2,2,in_vivo_clearance,30
original_ppo,1,17.833333333333332,2,2,in_vivo_clearance,30
original_ppo,2,11.041666666666668,2,2,in_vivo_clearance,30
original_ppo,3,7.333333333333334,2,2,in_vivo_clearance,30
original_ppo,4,6.75,2,2,in_vivo_clearance,30
original_trpo,1,17.833333333333332,2,2,in_vivo_clearance,30
original_trpo,2,10.916666666666668,2,2,in_vivo_clearance,30
original_trpo,3,7.166666666666667,2,2,in_vivo_clearance,30
original_trpo,4,6.583333333333333,2,2,in_vivo_clearance,30
original_warm,1,17.833333333333332,2,2,in_vivo_clearance,30
original_warm,2,10.916666666666668,2,2,in_vivo_clearance,30
original_warm,3,7.166666666666667,2,2,in_vivo_clearance,30
original_warm,4,6.583333333333333,2,2,in_vivo_clearance,30
random,1,18.5,2,2,in_vivo_clearance,30
random,2,12.333333333333332,2,2,in_vivo_clearance,30
random,3,9.25,2,2,in_vivo_clearance,30
random,4,6.716666666666667,2,2,in_vivo_clearance,30
auxiliary_dpo,1,5.916666666666667,9,7,protein_binding,30
auxiliary_dpo,2,3.75,9,7,protein_binding,30
auxiliary_dpo,3,2.518518518518518,9,7,protein_binding,30
auxiliary_dpo,4,2.518518518518518,9,7,protein_binding,30
auxiliary_gp_ei,1,4.944444444444445,9,7,protein_binding,30
auxiliary_gp_ei,2,3.388888888888889,9,7,protein_binding,30
auxiliary_gp_ei,3,1.9444444444444444,9,7,protein_binding,30
auxiliary_gp_ei,4,1.8333333333333333,9,7,protein_binding,30
auxiliary_ppo,1,5.314814814814815,9,7,protein_binding,30
auxiliary_ppo,2,3.7222222222222223,9,7,protein_binding,30
auxiliary_ppo,3,2.518518518518518,9,7,protein_binding,30
auxiliary_ppo,4,2.518518518518518,9,7,protein_binding,30
auxiliary_trpo,1,4.712962962962964,9,7,protein_binding,30
auxiliary_trpo,2,3.648148148148149,9,7,protein_binding,30
auxiliary_trpo,3,2.481481481481482,9,7,protein_binding,30
auxiliary_trpo,4,2.481481481481482,9,7,protein_binding,30
auxiliary_warm,1,5.462962962962963,9,7,protein_binding,30
auxiliary_warm,2,3.7222222222222223,9,7,protein_binding,30
auxiliary_warm,3,2.518518518518518,9,7,protein_binding,30
auxiliary_warm,4,2.518518518518518,9,7,protein_binding,30
historical_ppo,1,5.805555555555555,9,7,protein_binding,30
historical_ppo,2,3.8703703703703702,9,7,protein_binding,30
historical_ppo,3,2.5,9,7,protein_binding,30
historical_ppo,4,2.3796296296296298,9,7,protein_binding,30
original_dpo,1,5.083333333333333,9,7,protein_binding,30
original_dpo,2,3.75,9,7,protein_binding,30
original_dpo,3,2.407407407407407,9,7,protein_binding,30
original_dpo,4,2.324074074074074,9,7,protein_binding,30
original_gp_ei,1,4.833333333333333,9,7,protein_binding,30
original_gp_ei,2,3.4444444444444446,9,7,protein_binding,30
original_gp_ei,3,2.0555555555555554,9,7,protein_binding,30
original_gp_ei,4,1.9444444444444444,9,7,protein_binding,30
original_ppo,1,5.37962962962963,9,7,protein_binding,30
original_ppo,2,3.768518518518518,9,7,protein_binding,30
original_ppo,3,2.3796296296296298,9,7,protein_binding,30
original_ppo,4,2.2962962962962963,9,7,protein_binding,30
original_trpo,1,5.324074074074074,9,7,protein_binding,30
original_trpo,2,3.648148148148149,9,7,protein_binding,30
original_trpo,3,2.5555555555555554,9,7,protein_binding,30
original_trpo,4,2.4722222222222223,9,7,protein_binding,30
original_warm,1,5.611111111111111,9,7,protein_binding,30
original_warm,2,3.814814814814815,9,7,protein_binding,30
original_warm,3,2.407407407407407,9,7,protein_binding,30
original_warm,4,2.3240740740740744,9,7,protein_binding,30
random,1,21.333333333333332,9,7,protein_binding,30
random,2,13.87962962962963,9,7,protein_binding,30
random,3,10.483333333333333,9,7,protein_binding,30
random,4,8.533333333333333,9,7,protein_binding,30
auxiliary_dpo,1,6.445833333333333,20,15,cellular_clearance,30
auxiliary_dpo,2,5.6,20,15,cellular_clearance,30
auxiliary_dpo,3,5.066666666666666,20,15,cellular_clearance,30
auxiliary_dpo,4,3.7875,20,15,cellular_clearance,30
auxiliary_gp_ei,1,6.5875,20,15,cellular_clearance,30
auxiliary_gp_ei,2,5.65,20,15,cellular_clearance,30
auxiliary_gp_ei,3,5.35,20,15,cellular_clearance,30
auxiliary_gp_ei,4,4.45,20,15,cellular_clearance,30
auxiliary_ppo,1,6.441666666666667,20,15,cellular_clearance,30
auxiliary_ppo,2,5.6125,20,15,cellular_clearance,30
auxiliary_ppo,3,5.079166666666667,20,15,cellular_clearance,30
auxiliary_ppo,4,3.8,20,15,cellular_clearance,30
auxiliary_trpo,1,6.408333333333333,20,15,cellular_clearance,30
auxiliary_trpo,2,5.541666666666666,20,15,cellular_clearance,30
auxiliary_trpo,3,5.041666666666666,20,15,cellular_clearance,30
auxiliary_trpo,4,3.9583333333333335,20,15,cellular_clearance,30
auxiliary_warm,1,6.4833333333333325,20,15,cellular_clearance,30
auxiliary_warm,2,5.629166666666666,20,15,cellular_clearance,30
auxiliary_warm,3,5.095833333333333,20,15,cellular_clearance,30
auxiliary_warm,4,3.7958333333333334,20,15,cellular_clearance,30
historical_ppo,1,6.75,20,15,cellular_clearance,30
historical_ppo,2,5.675,20,15,cellular_clearance,30
historical_ppo,3,5.1,20,15,cellular_clearance,30
historical_ppo,4,3.9083333333333337,20,15,cellular_clearance,30
original_dpo,1,7.0125,20,15,cellular_clearance,30
original_dpo,2,5.904166666666667,20,15,cellular_clearance,30
original_dpo,3,5.2,20,15,cellular_clearance,30
original_dpo,4,3.9958333333333336,20,15,cellular_clearance,30
original_gp_ei,1,7.0125,20,15,cellular_clearance,30
original_gp_ei,2,5.725,20,15,cellular_clearance,30
original_gp_ei,3,5.125,20,15,cellular_clearance,30
original_gp_ei,4,4.225,20,15,cellular_clearance,30
original_ppo,1,6.7,20,15,cellular_clearance,30
original_ppo,2,5.591666666666667,20,15,cellular_clearance,30
original_ppo,3,5.079166666666667,20,15,cellular_clearance,30
original_ppo,4,3.8583333333333334,20,15,cellular_clearance,30
original_trpo,1,6.816666666666667,20,15,cellular_clearance,30
original_trpo,2,5.7125,20,15,cellular_clearance,30
original_trpo,3,5.2041666666666675,20,15,cellular_clearance,30
original_trpo,4,4.0375,20,15,cellular_clearance,30
original_warm,1,7.0625,20,15,cellular_clearance,30
original_warm,2,5.991666666666666,20,15,cellular_clearance,30
original_warm,3,5.254166666666667,20,15,cellular_clearance,30
original_warm,4,3.9916666666666663,20,15,cellular_clearance,30
random,1,13.5675,20,15,cellular_clearance,30
random,2,9.755,20,15,cellular_clearance,30
random,3,7.791666666666667,20,15,cellular_clearance,30
random,4,6.657500000000001,20,15,cellular_clearance,30
auxiliary_dpo,1,10.67948717948718,13,12,permeability,30
auxiliary_dpo,2,4.858974358974359,13,12,permeability,30
auxiliary_dpo,3,4.243589743589744,13,12,permeability,30
auxiliary_dpo,4,3.3910256410256414,13,12,permeability,30
auxiliary_gp_ei,1,10.115384615384617,13,12,permeability,30
auxiliary_gp_ei,2,5.173076923076923,13,12,permeability,30
auxiliary_gp_ei,3,4.480769230769231,13,12,permeability,30
auxiliary_gp_ei,4,3.480769230769231,13,12,permeability,30
auxiliary_ppo,1,10.544871794871796,13,12,permeability,30
auxiliary_ppo,2,4.788461538461538,13,12,permeability,30
auxiliary_ppo,3,4.2243589743589745,13,12,permeability,30
auxiliary_ppo,4,3.3205128205128207,13,12,permeability,30
auxiliary_trpo,1,10.538461538461538,13,12,permeability,30
auxiliary_trpo,2,4.698717948717949,13,12,permeability,30
auxiliary_trpo,3,4.173076923076923,13,12,permeability,30
auxiliary_trpo,4,3.2435897435897436,13,12,permeability,30
auxiliary_warm,1,10.397435897435896,13,12,permeability,30
auxiliary_warm,2,4.673076923076923,13,12,permeability,30
auxiliary_warm,3,4.102564102564103,13,12,permeability,30
auxiliary_warm,4,3.2884615384615383,13,12,permeability,30
historical_ppo,1,10.461538461538462,13,12,permeability,30
historical_ppo,2,5.147435897435898,13,12,permeability,30
historical_ppo,3,4.551282051282052,13,12,permeability,30
historical_ppo,4,3.4294871794871797,13,12,permeability,30
original_dpo,1,10.333333333333334,13,12,permeability,30
original_dpo,2,5.064102564102564,13,12,permeability,30
original_dpo,3,4.467948717948718,13,12,permeability,30
original_dpo,4,3.3397435897435903,13,12,permeability,30
original_gp_ei,1,10.51923076923077,13,12,permeability,30
original_gp_ei,2,5.211538461538462,13,12,permeability,30
original_gp_ei,3,4.8076923076923075,13,12,permeability,30
original_gp_ei,4,3.4615384615384617,13,12,permeability,30
original_ppo,1,10.346153846153848,13,12,permeability,30
original_ppo,2,5.102564102564102,13,12,permeability,30
original_ppo,3,4.538461538461538,13,12,permeability,30
original_ppo,4,3.3653846153846154,13,12,permeability,30
original_trpo,1,10.564102564102566,13,12,permeability,30
original_trpo,2,5.012820512820513,13,12,permeability,30
original_trpo,3,4.416666666666666,13,12,permeability,30
original_trpo,4,3.3205128205128203,13,12,permeability,30
original_warm,1,10.391025641025642,13,12,permeability,30
original_warm,2,5.070512820512821,13,12,permeability,30
original_warm,3,4.467948717948718,13,12,permeability,30
original_warm,4,3.326923076923077,13,12,permeability,30
random,1,21.73076923076923,13,12,permeability,30
random,2,14.487179487179487,13,12,permeability,30
random,3,10.865384615384617,13,12,permeability,30
random,4,8.692307692307692,13,12,permeability,30
auxiliary_dpo,1,4.1,5,5,efflux,30
auxiliary_dpo,2,3.6666666666666665,5,5,efflux,30
auxiliary_dpo,3,2.65,5,5,efflux,30
auxiliary_dpo,4,1.8666666666666665,5,5,efflux,30
auxiliary_gp_ei,1,4.15,5,5,efflux,30
auxiliary_gp_ei,2,2.9,5,5,efflux,30
auxiliary_gp_ei,3,2.55,5,5,efflux,30
auxiliary_gp_ei,4,1.8,5,5,efflux,30
auxiliary_ppo,1,3.9666666666666672,5,5,efflux,30
auxiliary_ppo,2,3.5333333333333328,5,5,efflux,30
auxiliary_ppo,3,2.6166666666666663,5,5,efflux,30
auxiliary_ppo,4,1.8666666666666665,5,5,efflux,30
auxiliary_trpo,1,3.9833333333333334,5,5,efflux,30
auxiliary_trpo,2,3.4833333333333334,5,5,efflux,30
auxiliary_trpo,3,2.5833333333333335,5,5,efflux,30
auxiliary_trpo,4,1.9,5,5,efflux,30
auxiliary_warm,1,3.9833333333333334,5,5,efflux,30
auxiliary_warm,2,3.5833333333333335,5,5,efflux,30
auxiliary_warm,3,2.6166666666666663,5,5,efflux,30
auxiliary_warm,4,1.8333333333333333,5,5,efflux,30
historical_ppo,1,4.716666666666667,5,5,efflux,30
historical_ppo,2,3.75,5,5,efflux,30
historical_ppo,3,2.7666666666666666,5,5,efflux,30
historical_ppo,4,2.1166666666666663,5,5,efflux,30
original_dpo,1,4.933333333333334,5,5,efflux,30
original_dpo,2,3.9666666666666672,5,5,efflux,30
original_dpo,3,2.75,5,5,efflux,30
original_dpo,4,2.0,5,5,efflux,30
original_gp_ei,1,4.4,5,5,efflux,30
original_gp_ei,2,2.95,5,5,efflux,30
original_gp_ei,3,2.6,5,5,efflux,30
original_gp_ei,4,1.9,5,5,efflux,30
original_ppo,1,4.85,5,5,efflux,30
original_ppo,2,3.85,5,5,efflux,30
original_ppo,3,2.7833333333333337,5,5,efflux,30
original_ppo,4,2.05,5,5,efflux,30
original_trpo,1,4.866666666666666,5,5,efflux,30
original_trpo,2,3.85,5,5,efflux,30
original_trpo,3,2.85,5,5,efflux,30
original_trpo,4,2.216666666666667,5,5,efflux,30
original_warm,1,4.8,5,5,efflux,30
original_warm,2,3.8,5,5,efflux,30
original_warm,3,2.7333333333333334,5,5,efflux,30
original_warm,4,1.9833333333333332,5,5,efflux,30
random,1,14.7,5,5,efflux,30
random,2,9.283333333333337,5,5,efflux,30
random,3,8.1,5,5,efflux,30
random,4,5.816190476190476,5,5,efflux,30
auxiliary_dpo,1,6.722222222222222,75,50,all,35
auxiliary_dpo,2,4.533333333333333,75,50,all,35
auxiliary_dpo,3,3.5122222222222224,75,50,all,35
auxiliary_dpo,4,3.078888888888889,75,50,all,35
auxiliary_gp_ei,1,6.75,75,50,all,35
auxiliary_gp_ei,2,4.696666666666666,75,50,all,35
auxiliary_gp_ei,3,3.5733333333333333,75,50,all,35
auxiliary_gp_ei,4,3.1666666666666665,75,50,all,35
auxiliary_ppo,1,6.5811111111111105,75,50,all,35
auxiliary_ppo,2,4.558888888888889,75,50,all,35
auxiliary_ppo,3,3.4722222222222223,75,50,all,35
auxiliary_ppo,4,3.027777777777778,75,50,all,35
auxiliary_trpo,1,6.492222222222223,75,50,all,35
auxiliary_trpo,2,4.437777777777778,75,50,all,35
auxiliary_trpo,3,3.4622222222222225,75,50,all,35
auxiliary_trpo,4,3.0477777777777777,75,50,all,35
auxiliary_warm,1,6.593333333333334,75,50,all,35
auxiliary_warm,2,4.495555555555556,75,50,all,35
auxiliary_warm,3,3.453333333333333,75,50,all,35
auxiliary_warm,4,3.0155555555555553,75,50,all,35
historical_ppo,1,7.062222222222221,75,50,all,35
historical_ppo,2,4.933333333333334,75,50,all,35
historical_ppo,3,3.8177777777777777,75,50,all,35
historical_ppo,4,3.338888888888889,75,50,all,35
original_dpo,1,6.993333333333333,75,50,all,35
original_dpo,2,4.8822222222222225,75,50,all,35
original_dpo,3,3.6711111111111103,75,50,all,35
original_dpo,4,3.217777777777778,75,50,all,35
original_gp_ei,1,7.1866666666666665,75,50,all,35
original_gp_ei,2,4.8533333333333335,75,50,all,35
original_gp_ei,3,3.69,75,50,all,35
original_gp_ei,4,3.283333333333333,75,50,all,35
original_ppo,1,7.041111111111111,75,50,all,35
original_ppo,2,4.961111111111111,75,50,all,35
original_ppo,3,3.7277777777777774,75,50,all,35
original_ppo,4,3.263333333333333,75,50,all,35
original_trpo,1,7.068888888888888,75,50,all,35
original_trpo,2,4.9188888888888895,75,50,all,35
original_trpo,3,3.785555555555556,75,50,all,35
original_trpo,4,3.3311111111111114,75,50,all,35
original_warm,1,6.945555555555555,75,50,all,35
original_warm,2,4.822222222222223,75,50,all,35
original_warm,3,3.681111111111111,75,50,all,35
original_warm,4,3.216666666666667,75,50,all,35
random,1,16.983818871252208,75,50,all,35
random,2,11.863818871252205,75,50,all,35
random,3,9.396384527817862,75,50,all,35
random,4,7.9070194484527825,75,50,all,35
auxiliary_dpo,1,5.451086956521739,46,31,microsomal_clearance,35
auxiliary_dpo,2,3.994565217391304,46,31,microsomal_clearance,35
auxiliary_dpo,3,2.8405797101449273,46,31,microsomal_clearance,35
auxiliary_dpo,4,2.6920289855072466,46,31,microsomal_clearance,35
auxiliary_gp_ei,1,5.967391304347826,46,31,microsomal_clearance,35
auxiliary_gp_ei,2,4.358695652173913,46,31,microsomal_clearance,35
auxiliary_gp_ei,3,2.9456521739130435,46,31,microsomal_clearance,35
auxiliary_gp_ei,4,2.7717391304347827,46,31,microsomal_clearance,35
auxiliary_ppo,1,5.3768115942028984,46,31,microsomal_clearance,35
auxiliary_ppo,2,4.074275362318841,46,31,microsomal_clearance,35
auxiliary_ppo,3,2.8043478260869565,46,31,microsomal_clearance,35
auxiliary_ppo,4,2.6340579710144927,46,31,microsomal_clearance,35
auxiliary_trpo,1,5.371376811594203,46,31,microsomal_clearance,35
auxiliary_trpo,2,3.9909420289855073,46,31,microsomal_clearance,35
auxiliary_trpo,3,2.8260869565217392,46,31,microsomal_clearance,35
auxiliary_trpo,4,2.6557971014492754,46,31,microsomal_clearance,35
auxiliary_warm,1,5.3731884057971016,46,31,microsomal_clearance,35
auxiliary_warm,2,3.9927536231884058,46,31,microsomal_clearance,35
auxiliary_warm,3,2.7898550724637685,46,31,microsomal_clearance,35
auxiliary_warm,4,2.6177536231884058,46,31,microsomal_clearance,35
historical_ppo,1,6.050724637681159,46,31,microsomal_clearance,35
historical_ppo,2,4.547101449275362,46,31,microsomal_clearance,35
historical_ppo,3,3.215579710144928,46,31,microsomal_clearance,35
historical_ppo,4,3.0851449275362315,46,31,microsomal_clearance,35
original_dpo,1,5.954710144927537,46,31,microsomal_clearance,35
original_dpo,2,4.356884057971015,46,31,microsomal_clearance,35
original_dpo,3,2.98731884057971,46,31,microsomal_clearance,35
original_dpo,4,2.894927536231884,46,31,microsomal_clearance,35
original_gp_ei,1,6.2771739130434785,46,31,microsomal_clearance,35
original_gp_ei,2,4.440217391304348,46,31,microsomal_clearance,35
original_gp_ei,3,3.0706521739130435,46,31,microsomal_clearance,35
original_gp_ei,4,2.9619565217391304,46,31,microsomal_clearance,35
original_ppo,1,6.157608695652174,46,31,microsomal_clearance,35
original_ppo,2,4.61231884057971,46,31,microsomal_clearance,35
original_ppo,3,3.106884057971014,46,31,microsomal_clearance,35
original_ppo,4,3.01268115942029,46,31,microsomal_clearance,35
original_trpo,1,6.012681159420289,46,31,microsomal_clearance,35
original_trpo,2,4.521739130434782,46,31,microsomal_clearance,35
original_trpo,3,3.1630434782608696,46,31,microsomal_clearance,35
original_trpo,4,3.0525362318840576,46,31,microsomal_clearance,35
original_warm,1,5.797101449275362,46,31,microsomal_clearance,35
original_warm,2,4.239130434782608,46,31,microsomal_clearance,35
original_warm,3,2.981884057971014,46,31,microsomal_clearance,35
original_warm,4,2.898550724637681,46,31,microsomal_clearance,35
random,1,15.078431389463995,46,31,microsomal_clearance,35
random,2,10.730605302507476,46,31,microsomal_clearance,35
random,3,8.72428119183554,46,31,microsomal_clearance,35
random,4,7.5695710469080035,46,31,microsomal_clearance,35
auxiliary_dpo,1,10.75,1,1,in_vivo_clearance,35
auxiliary_dpo,2,8.666666666666666,1,1,in_vivo_clearance,35
auxiliary_dpo,3,3.25,1,1,in_vivo_clearance,35
auxiliary_dpo,4,3.0,1,1,in_vivo_clearance,35
auxiliary_gp_ei,1,9.0,1,1,in_vivo_clearance,35
auxiliary_gp_ei,2,9.0,1,1,in_vivo_clearance,35
auxiliary_gp_ei,3,2.0,1,1,in_vivo_clearance,35
auxiliary_gp_ei,4,2.0,1,1,in_vivo_clearance,35
auxiliary_ppo,1,9.416666666666666,1,1,in_vivo_clearance,35
auxiliary_ppo,2,8.75,1,1,in_vivo_clearance,35
auxiliary_ppo,3,2.75,1,1,in_vivo_clearance,35
auxiliary_ppo,4,2.75,1,1,in_vivo_clearance,35
auxiliary_trpo,1,10.083333333333334,1,1,in_vivo_clearance,35
auxiliary_trpo,2,7.333333333333333,1,1,in_vivo_clearance,35
auxiliary_trpo,3,3.5,1,1,in_vivo_clearance,35
auxiliary_trpo,4,3.25,1,1,in_vivo_clearance,35
auxiliary_warm,1,10.75,1,1,in_vivo_clearance,35
auxiliary_warm,2,8.666666666666666,1,1,in_vivo_clearance,35
auxiliary_warm,3,3.25,1,1,in_vivo_clearance,35
auxiliary_warm,4,3.0,1,1,in_vivo_clearance,35
historical_ppo,1,11.666666666666666,1,1,in_vivo_clearance,35
historical_ppo,2,8.333333333333334,1,1,in_vivo_clearance,35
historical_ppo,3,4.666666666666667,1,1,in_vivo_clearance,35
historical_ppo,4,4.166666666666667,1,1,in_vivo_clearance,35
original_dpo,1,11.416666666666666,1,1,in_vivo_clearance,35
original_dpo,2,9.333333333333334,1,1,in_vivo_clearance,35
original_dpo,3,3.8333333333333335,1,1,in_vivo_clearance,35
original_dpo,4,3.6666666666666665,1,1,in_vivo_clearance,35
original_gp_ei,1,10.5,1,1,in_vivo_clearance,35
original_gp_ei,2,9.5,1,1,in_vivo_clearance,35
original_gp_ei,3,2.0,1,1,in_vivo_clearance,35
original_gp_ei,4,2.0,1,1,in_vivo_clearance,35
original_ppo,1,11.416666666666666,1,1,in_vivo_clearance,35
original_ppo,2,9.583333333333334,1,1,in_vivo_clearance,35
original_ppo,3,4.166666666666667,1,1,in_vivo_clearance,35
original_ppo,4,4.0,1,1,in_vivo_clearance,35
original_trpo,1,11.416666666666666,1,1,in_vivo_clearance,35
original_trpo,2,9.333333333333334,1,1,in_vivo_clearance,35
original_trpo,3,3.8333333333333335,1,1,in_vivo_clearance,35
original_trpo,4,3.6666666666666665,1,1,in_vivo_clearance,35
original_warm,1,11.416666666666666,1,1,in_vivo_clearance,35
original_warm,2,9.333333333333334,1,1,in_vivo_clearance,35
original_warm,3,3.8333333333333335,1,1,in_vivo_clearance,35
original_warm,4,3.6666666666666665,1,1,in_vivo_clearance,35
random,1,20.5,1,1,in_vivo_clearance,35
random,2,13.666666666666666,1,1,in_vivo_clearance,35
random,3,10.25,1,1,in_vivo_clearance,35
random,4,6.833333333333333,1,1,in_vivo_clearance,35
auxiliary_dpo,1,6.666666666666667,6,5,protein_binding,35
auxiliary_dpo,2,3.694444444444444,6,5,protein_binding,35
auxiliary_dpo,3,3.0277777777777772,6,5,protein_binding,35
auxiliary_dpo,4,3.0277777777777772,6,5,protein_binding,35
auxiliary_gp_ei,1,4.708333333333333,6,5,protein_binding,35
auxiliary_gp_ei,2,2.375,6,5,protein_binding,35
auxiliary_gp_ei,3,1.75,6,5,protein_binding,35
auxiliary_gp_ei,4,1.5833333333333333,6,5,protein_binding,35
auxiliary_ppo,1,6.083333333333333,6,5,protein_binding,35
auxiliary_ppo,2,3.694444444444444,6,5,protein_binding,35
auxiliary_ppo,3,3.0277777777777772,6,5,protein_binding,35
auxiliary_ppo,4,3.0277777777777772,6,5,protein_binding,35
auxiliary_trpo,1,5.152777777777778,6,5,protein_binding,35
auxiliary_trpo,2,3.555555555555556,6,5,protein_binding,35
auxiliary_trpo,3,2.861111111111111,6,5,protein_binding,35
auxiliary_trpo,4,2.861111111111111,6,5,protein_binding,35
auxiliary_warm,1,6.3055555555555545,6,5,protein_binding,35
auxiliary_warm,2,3.694444444444444,6,5,protein_binding,35
auxiliary_warm,3,3.0277777777777772,6,5,protein_binding,35
auxiliary_warm,4,3.0277777777777772,6,5,protein_binding,35
historical_ppo,1,5.916666666666667,6,5,protein_binding,35
historical_ppo,2,3.486111111111111,6,5,protein_binding,35
historical_ppo,3,2.9583333333333335,6,5,protein_binding,35
historical_ppo,4,2.777777777777778,6,5,protein_binding,35
original_dpo,1,5.055555555555555,6,5,protein_binding,35
original_dpo,2,3.3055555555555554,6,5,protein_binding,35
original_dpo,3,2.7777777777777772,6,5,protein_binding,35
original_dpo,4,2.6527777777777777,6,5,protein_binding,35
original_gp_ei,1,4.541666666666667,6,5,protein_binding,35
original_gp_ei,2,2.4583333333333335,6,5,protein_binding,35
original_gp_ei,3,1.8333333333333333,6,5,protein_binding,35
original_gp_ei,4,1.6666666666666667,6,5,protein_binding,35
original_ppo,1,5.333333333333333,6,5,protein_binding,35
original_ppo,2,3.3055555555555554,6,5,protein_binding,35
original_ppo,3,2.763888888888889,6,5,protein_binding,35
original_ppo,4,2.638888888888889,6,5,protein_binding,35
original_trpo,1,6.097222222222221,6,5,protein_binding,35
original_trpo,2,3.5833333333333335,6,5,protein_binding,35
original_trpo,3,3.0555555555555554,6,5,protein_binding,35
original_trpo,4,2.9305555555555554,6,5,protein_binding,35
original_warm,1,5.597222222222222,6,5,protein_binding,35
original_warm,2,3.375,6,5,protein_binding,35
original_warm,3,2.8472222222222228,6,5,protein_binding,35
original_warm,4,2.7222222222222228,6,5,protein_binding,35
random,1,23.583333333333332,6,5,protein_binding,35
random,2,15.208333333333334,6,5,protein_binding,35
random,3,11.791666666666666,6,5,protein_binding,35
random,4,9.433333333333332,6,5,protein_binding,35
auxiliary_dpo,1,6.0256410256410255,13,9,cellular_clearance,35
auxiliary_dpo,2,5.538461538461538,13,9,cellular_clearance,35
auxiliary_dpo,3,4.717948717948717,13,9,cellular_clearance,35
auxiliary_dpo,4,3.628205128205128,13,9,cellular_clearance,35
auxiliary_gp_ei,1,6.269230769230769,13,9,cellular_clearance,35
auxiliary_gp_ei,2,5.730769230769231,13,9,cellular_clearance,35
auxiliary_gp_ei,3,5.269230769230769,13,9,cellular_clearance,35
auxiliary_gp_ei,4,4.576923076923077,13,9,cellular_clearance,35
auxiliary_ppo,1,6.0,13,9,cellular_clearance,35
auxiliary_ppo,2,5.512820512820513,13,9,cellular_clearance,35
auxiliary_ppo,3,4.6923076923076925,13,9,cellular_clearance,35
auxiliary_ppo,4,3.621794871794872,13,9,cellular_clearance,35
auxiliary_trpo,1,5.935897435897436,13,9,cellular_clearance,35
auxiliary_trpo,2,5.391025641025641,13,9,cellular_clearance,35
auxiliary_trpo,3,4.6410256410256405,13,9,cellular_clearance,35
auxiliary_trpo,4,3.769230769230769,13,9,cellular_clearance,35
auxiliary_warm,1,6.012820512820513,13,9,cellular_clearance,35
auxiliary_warm,2,5.538461538461538,13,9,cellular_clearance,35
auxiliary_warm,3,4.717948717948717,13,9,cellular_clearance,35
auxiliary_warm,4,3.628205128205128,13,9,cellular_clearance,35
historical_ppo,1,6.653846153846154,13,9,cellular_clearance,35
historical_ppo,2,5.987179487179488,13,9,cellular_clearance,35
historical_ppo,3,5.102564102564103,13,9,cellular_clearance,35
historical_ppo,4,3.974358974358974,13,9,cellular_clearance,35
original_dpo,1,7.032051282051283,13,9,cellular_clearance,35
original_dpo,2,6.346153846153846,13,9,cellular_clearance,35
original_dpo,3,5.262820512820513,13,9,cellular_clearance,35
original_dpo,4,4.1089743589743595,13,9,cellular_clearance,35
original_gp_ei,1,7.115384615384615,13,9,cellular_clearance,35
original_gp_ei,2,6.115384615384615,13,9,cellular_clearance,35
original_gp_ei,3,5.1923076923076925,13,9,cellular_clearance,35
original_gp_ei,4,4.519230769230769,13,9,cellular_clearance,35
original_ppo,1,6.493589743589744,13,9,cellular_clearance,35
original_ppo,2,5.884615384615385,13,9,cellular_clearance,35
original_ppo,3,5.096153846153846,13,9,cellular_clearance,35
original_ppo,4,3.916666666666667,13,9,cellular_clearance,35
original_trpo,1,6.705128205128204,13,9,cellular_clearance,35
original_trpo,2,5.993589743589744,13,9,cellular_clearance,35
original_trpo,3,5.211538461538462,13,9,cellular_clearance,35
original_trpo,4,4.096153846153846,13,9,cellular_clearance,35
original_warm,1,7.108974358974359,13,9,cellular_clearance,35
original_warm,2,6.480769230769231,13,9,cellular_clearance,35
original_warm,3,5.346153846153846,13,9,cellular_clearance,35
original_warm,4,4.102564102564102,13,9,cellular_clearance,35
random,1,14.898351648351648,13,9,cellular_clearance,35
random,2,10.891941391941392,13,9,cellular_clearance,35
random,3,8.473992673992674,13,9,cellular_clearance,35
random,4,7.2214285714285715,13,9,cellular_clearance,35
auxiliary_dpo,1,14.833333333333334,8,7,permeability,35
auxiliary_dpo,2,5.96875,8,7,permeability,35
auxiliary_dpo,3,5.677083333333333,8,7,permeability,35
auxiliary_dpo,4,4.71875,8,7,permeability,35
auxiliary_gp_ei,1,13.46875,8,7,permeability,35
auxiliary_gp_ei,2,6.09375,8,7,permeability,35
auxiliary_gp_ei,3,5.84375,8,7,permeability,35
auxiliary_gp_ei,4,4.75,8,7,permeability,35
auxiliary_ppo,1,14.635416666666666,8,7,permeability,35
auxiliary_ppo,2,5.833333333333333,8,7,permeability,35
auxiliary_ppo,3,5.614583333333333,8,7,permeability,35
auxiliary_ppo,4,4.614583333333334,8,7,permeability,35
auxiliary_trpo,1,14.583333333333332,8,7,permeability,35
auxiliary_trpo,2,5.6875,8,7,permeability,35
auxiliary_trpo,3,5.520833333333333,8,7,permeability,35
auxiliary_trpo,4,4.479166666666667,8,7,permeability,35
auxiliary_warm,1,14.395833333333334,8,7,permeability,35
auxiliary_warm,2,5.65625,8,7,permeability,35
auxiliary_warm,3,5.416666666666666,8,7,permeability,35
auxiliary_warm,4,4.552083333333334,8,7,permeability,35
historical_ppo,1,14.114583333333334,8,7,permeability,35
historical_ppo,2,6.125,8,7,permeability,35
historical_ppo,3,5.65625,8,7,permeability,35
historical_ppo,4,4.333333333333334,8,7,permeability,35
original_dpo,1,14.010416666666666,8,7,permeability,35
original_dpo,2,6.09375,8,7,permeability,35
original_dpo,3,5.604166666666667,8,7,permeability,35
original_dpo,4,4.270833333333333,8,7,permeability,35
original_gp_ei,1,14.375,8,7,permeability,35
original_gp_ei,2,6.375,8,7,permeability,35
original_gp_ei,3,6.3125,8,7,permeability,35
original_gp_ei,4,4.78125,8,7,permeability,35
original_ppo,1,13.989583333333334,8,7,permeability,35
original_ppo,2,6.114583333333333,8,7,permeability,35
original_ppo,3,5.677083333333334,8,7,permeability,35
original_ppo,4,4.28125,8,7,permeability,35
original_trpo,1,14.197916666666666,8,7,permeability,35
original_trpo,2,5.916666666666667,8,7,permeability,35
original_trpo,3,5.520833333333333,8,7,permeability,35
original_trpo,4,4.166666666666667,8,7,permeability,35
original_warm,1,13.979166666666666,8,7,permeability,35
original_warm,2,5.979166666666667,8,7,permeability,35
original_warm,3,5.541666666666667,8,7,permeability,35
original_warm,4,4.197916666666667,8,7,permeability,35
random,1,25.5625,8,7,permeability,35
random,2,17.041666666666668,8,7,permeability,35
random,3,12.78125,8,7,permeability,35
random,4,10.225,8,7,permeability,35
auxiliary_dpo,1,5.666666666666667,1,1,efflux,35
auxiliary_dpo,2,5.666666666666667,1,1,efflux,35
auxiliary_dpo,3,4.583333333333333,1,1,efflux,35
auxiliary_dpo,4,1.0,1,1,efflux,35
auxiliary_gp_ei,1,5.25,1,1,efflux,35
auxiliary_gp_ei,2,5.25,1,1,efflux,35
auxiliary_gp_ei,3,4.75,1,1,efflux,35
auxiliary_gp_ei,4,1.0,1,1,efflux,35
auxiliary_ppo,1,5.25,1,1,efflux,35
auxiliary_ppo,2,5.25,1,1,efflux,35
auxiliary_ppo,3,4.583333333333333,1,1,efflux,35
auxiliary_ppo,4,1.0,1,1,efflux,35
auxiliary_trpo,1,5.0,1,1,efflux,35
auxiliary_trpo,2,5.0,1,1,efflux,35
auxiliary_trpo,3,4.5,1,1,efflux,35
auxiliary_trpo,4,1.1666666666666667,1,1,efflux,35
auxiliary_warm,1,5.416666666666667,1,1,efflux,35
auxiliary_warm,2,5.416666666666667,1,1,efflux,35
auxiliary_warm,3,4.583333333333333,1,1,efflux,35
auxiliary_warm,4,1.0,1,1,efflux,35
historical_ppo,1,4.75,1,1,efflux,35
historical_ppo,2,4.75,1,1,efflux,35
historical_ppo,3,4.416666666666667,1,1,efflux,35
historical_ppo,4,1.3333333333333333,1,1,efflux,35
original_dpo,1,5.333333333333333,1,1,efflux,35
original_dpo,2,5.333333333333333,1,1,efflux,35
original_dpo,3,4.166666666666667,1,1,efflux,35
original_dpo,4,1.0,1,1,efflux,35
original_gp_ei,1,5.0,1,1,efflux,35
original_gp_ei,2,5.0,1,1,efflux,35
original_gp_ei,3,4.5,1,1,efflux,35
original_gp_ei,4,1.0,1,1,efflux,35
original_ppo,1,5.083333333333333,1,1,efflux,35
original_ppo,2,5.083333333333333,1,1,efflux,35
original_ppo,3,4.25,1,1,efflux,35
original_ppo,4,1.1666666666666667,1,1,efflux,35
original_trpo,1,4.833333333333333,1,1,efflux,35
original_trpo,2,4.833333333333333,1,1,efflux,35
original_trpo,3,4.333333333333333,1,1,efflux,35
original_trpo,4,1.5833333333333333,1,1,efflux,35
original_warm,1,5.0,1,1,efflux,35
original_warm,2,5.0,1,1,efflux,35
original_warm,3,4.166666666666667,1,1,efflux,35
original_warm,4,1.0,1,1,efflux,35
random,1,20.0,1,1,efflux,35
random,2,13.333333333333334,1,1,efflux,35
random,3,10.0,1,1,efflux,35
random,4,5.714285714285714,1,1,efflux,35
auxiliary_dpo,1,6.112179487179487,52,34,all,40
auxiliary_dpo,2,4.251602564102564,52,34,all,40
auxiliary_dpo,3,3.217948717948718,52,34,all,40
auxiliary_dpo,4,2.892628205128205,52,34,all,40
auxiliary_gp_ei,1,6.456730769230769,52,34,all,40
auxiliary_gp_ei,2,4.673076923076923,52,34,all,40
auxiliary_gp_ei,3,3.389423076923077,52,34,all,40
auxiliary_gp_ei,4,3.110576923076923,52,34,all,40
auxiliary_ppo,1,6.174679487179487,52,34,all,40
auxiliary_ppo,2,4.328525641025641,52,34,all,40
auxiliary_ppo,3,3.1746794871794872,52,34,all,40
auxiliary_ppo,4,2.8461538461538463,52,34,all,40
auxiliary_trpo,1,6.121794871794871,52,34,all,40
auxiliary_trpo,2,4.219551282051282,52,34,all,40
auxiliary_trpo,3,3.1971153846153846,52,34,all,40
auxiliary_trpo,4,2.8846153846153846,52,34,all,40
auxiliary_warm,1,6.113782051282052,52,34,all,40
auxiliary_warm,2,4.25801282051282,52,34,all,40
auxiliary_warm,3,3.1538461538461537,52,34,all,40
auxiliary_warm,4,2.842948717948718,52,34,all,40
historical_ppo,1,7.022435897435898,52,34,all,40
historical_ppo,2,4.857371794871795,52,34,all,40
historical_ppo,3,3.772435897435898,52,34,all,40
historical_ppo,4,3.3653846153846154,52,34,all,40
original_dpo,1,6.897435897435898,52,34,all,40
original_dpo,2,4.719551282051283,52,34,all,40
original_dpo,3,3.605769230769231,52,34,all,40
original_dpo,4,3.1891025641025643,52,34,all,40
original_gp_ei,1,6.961538461538462,52,34,all,40
original_gp_ei,2,4.725961538461538,52,34,all,40
original_gp_ei,3,3.605769230769231,52,34,all,40
original_gp_ei,4,3.2548076923076925,52,34,all,40
original_ppo,1,7.080128205128205,52,34,all,40
original_ppo,2,4.935897435897436,52,34,all,40
original_ppo,3,3.709935897435898,52,34,all,40
original_ppo,4,3.2836538461538463,52,34,all,40
original_trpo,1,6.929487179487179,52,34,all,40
original_trpo,2,4.826923076923077,52,34,all,40
original_trpo,3,3.724358974358974,52,34,all,40
original_trpo,4,3.3205128205128203,52,34,all,40
original_warm,1,6.774038461538462,52,34,all,40
original_warm,2,4.6201923076923075,52,34,all,40
original_warm,3,3.6121794871794872,52,34,all,40
original_warm,4,3.1826923076923075,52,34,all,40
random,1,17.93884132071632,52,34,all,40
random,2,12.442046448921449,52,34,all,40
random,3,9.900875120250122,52,34,all,40
random,4,8.323906255781255,52,34,all,40
auxiliary_dpo,1,5.080729166666667,32,21,microsomal_clearance,40
auxiliary_dpo,2,4.049479166666667,32,21,microsomal_clearance,40
auxiliary_dpo,3,2.7239583333333335,32,21,microsomal_clearance,40
auxiliary_dpo,4,2.7083333333333335,32,21,microsomal_clearance,40
auxiliary_gp_ei,1,5.8359375,32,21,microsomal_clearance,40
auxiliary_gp_ei,2,4.5703125,32,21,microsomal_clearance,40
auxiliary_gp_ei,3,2.828125,32,21,microsomal_clearance,40
auxiliary_gp_ei,4,2.8046875,32,21,microsomal_clearance,40
auxiliary_ppo,1,5.291666666666667,32,21,microsomal_clearance,40
auxiliary_ppo,2,4.213541666666667,32,21,microsomal_clearance,40
auxiliary_ppo,3,2.6796875,32,21,microsomal_clearance,40
auxiliary_ppo,4,2.6614583333333335,32,21,microsomal_clearance,40
auxiliary_trpo,1,5.234375,32,21,microsomal_clearance,40
auxiliary_trpo,2,4.138020833333333,32,21,microsomal_clearance,40
auxiliary_trpo,3,2.734375,32,21,microsomal_clearance,40
auxiliary_trpo,4,2.7161458333333335,32,21,microsomal_clearance,40
auxiliary_warm,1,5.2109375,32,21,microsomal_clearance,40
auxiliary_warm,2,4.145833333333333,32,21,microsomal_clearance,40
auxiliary_warm,3,2.6848958333333335,32,21,microsomal_clearance,40
auxiliary_warm,4,2.6692708333333335,32,21,microsomal_clearance,40
historical_ppo,1,6.200520833333333,32,21,microsomal_clearance,40
historical_ppo,2,4.893229166666667,32,21,microsomal_clearance,40
historical_ppo,3,3.3671875,32,21,microsomal_clearance,40
historical_ppo,4,3.3359375,32,21,microsomal_clearance,40
original_dpo,1,6.0,32,21,microsomal_clearance,40
original_dpo,2,4.622395833333333,32,21,microsomal_clearance,40
original_dpo,3,3.1328125,32,21,microsomal_clearance,40
original_dpo,4,3.0911458333333335,32,21,microsomal_clearance,40
original_gp_ei,1,6.4375,32,21,microsomal_clearance,40
original_gp_ei,2,4.71875,32,21,microsomal_clearance,40
original_gp_ei,3,3.2265625,32,21,microsomal_clearance,40
original_gp_ei,4,3.1796875,32,21,microsomal_clearance,40
original_ppo,1,6.3203125,32,21,microsomal_clearance,40
original_ppo,2,4.96875,32,21,microsomal_clearance,40
original_ppo,3,3.2708333333333335,32,21,microsomal_clearance,40
original_ppo,4,3.2369791666666665,32,21,microsomal_clearance,40
original_trpo,1,6.080729166666667,32,21,microsomal_clearance,40
original_trpo,2,4.856770833333333,32,21,microsomal_clearance,40
original_trpo,3,3.3411458333333335,32,21,microsomal_clearance,40
original_trpo,4,3.3098958333333335,32,21,microsomal_clearance,40
original_warm,1,5.786458333333333,32,21,microsomal_clearance,40
original_warm,2,4.4453125,32,21,microsomal_clearance,40
original_warm,3,3.125,32,21,microsomal_clearance,40
original_warm,4,3.1015625,32,21,microsomal_clearance,40
random,1,16.04607845568783,32,21,microsomal_clearance,40
random,2,11.12420345568783,32,21,microsomal_clearance,40
random,3,9.104175046596922,32,21,microsomal_clearance,40
random,4,7.963029213263589,32,21,microsomal_clearance,40
auxiliary_dpo,1,10.75,1,1,in_vivo_clearance,40
auxiliary_dpo,2,8.666666666666666,1,1,in_vivo_clearance,40
auxiliary_dpo,3,3.25,1,1,in_vivo_clearance,40
auxiliary_dpo,4,3.0,1,1,in_vivo_clearance,40
auxiliary_gp_ei,1,9.0,1,1,in_vivo_clearance,40
auxiliary_gp_ei,2,9.0,1,1,in_vivo_clearance,40
auxiliary_gp_ei,3,2.0,1,1,in_vivo_clearance,40
auxiliary_gp_ei,4,2.0,1,1,in_vivo_clearance,40
auxiliary_ppo,1,9.416666666666666,1,1,in_vivo_clearance,40
auxiliary_ppo,2,8.75,1,1,in_vivo_clearance,40
auxiliary_ppo,3,2.75,1,1,in_vivo_clearance,40
auxiliary_ppo,4,2.75,1,1,in_vivo_clearance,40
auxiliary_trpo,1,10.083333333333334,1,1,in_vivo_clearance,40
auxiliary_trpo,2,7.333333333333333,1,1,in_vivo_clearance,40
auxiliary_trpo,3,3.5,1,1,in_vivo_clearance,40
auxiliary_trpo,4,3.25,1,1,in_vivo_clearance,40
auxiliary_warm,1,10.75,1,1,in_vivo_clearance,40
auxiliary_warm,2,8.666666666666666,1,1,in_vivo_clearance,40
auxiliary_warm,3,3.25,1,1,in_vivo_clearance,40
auxiliary_warm,4,3.0,1,1,in_vivo_clearance,40
historical_ppo,1,11.666666666666666,1,1,in_vivo_clearance,40
historical_ppo,2,8.333333333333334,1,1,in_vivo_clearance,40
historical_ppo,3,4.666666666666667,1,1,in_vivo_clearance,40
historical_ppo,4,4.166666666666667,1,1,in_vivo_clearance,40
original_dpo,1,11.416666666666666,1,1,in_vivo_clearance,40
original_dpo,2,9.333333333333334,1,1,in_vivo_clearance,40
original_dpo,3,3.8333333333333335,1,1,in_vivo_clearance,40
original_dpo,4,3.6666666666666665,1,1,in_vivo_clearance,40
original_gp_ei,1,10.5,1,1,in_vivo_clearance,40
original_gp_ei,2,9.5,1,1,in_vivo_clearance,40
original_gp_ei,3,2.0,1,1,in_vivo_clearance,40
original_gp_ei,4,2.0,1,1,in_vivo_clearance,40
original_ppo,1,11.416666666666666,1,1,in_vivo_clearance,40
original_ppo,2,9.583333333333334,1,1,in_vivo_clearance,40
original_ppo,3,4.166666666666667,1,1,in_vivo_clearance,40
original_ppo,4,4.0,1,1,in_vivo_clearance,40
original_trpo,1,11.416666666666666,1,1,in_vivo_clearance,40
original_trpo,2,9.333333333333334,1,1,in_vivo_clearance,40
original_trpo,3,3.8333333333333335,1,1,in_vivo_clearance,40
original_trpo,4,3.6666666666666665,1,1,in_vivo_clearance,40
original_warm,1,11.416666666666666,1,1,in_vivo_clearance,40
original_warm,2,9.333333333333334,1,1,in_vivo_clearance,40
original_warm,3,3.8333333333333335,1,1,in_vivo_clearance,40
original_warm,4,3.6666666666666665,1,1,in_vivo_clearance,40
random,1,20.5,1,1,in_vivo_clearance,40
random,2,13.666666666666666,1,1,in_vivo_clearance,40
random,3,10.25,1,1,in_vivo_clearance,40
random,4,6.833333333333333,1,1,in_vivo_clearance,40
auxiliary_dpo,1,1.625,2,2,protein_binding,40
auxiliary_dpo,2,1.625,2,2,protein_binding,40
auxiliary_dpo,3,1.625,2,2,protein_binding,40
auxiliary_dpo,4,1.625,2,2,protein_binding,40
auxiliary_gp_ei,1,2.75,2,2,protein_binding,40
auxiliary_gp_ei,2,2.75,2,2,protein_binding,40
auxiliary_gp_ei,3,2.0,2,2,protein_binding,40
auxiliary_gp_ei,4,1.5,2,2,protein_binding,40
auxiliary_ppo,1,1.625,2,2,protein_binding,40
auxiliary_ppo,2,1.625,2,2,protein_binding,40
auxiliary_ppo,3,1.625,2,2,protein_binding,40
auxiliary_ppo,4,1.625,2,2,protein_binding,40
auxiliary_trpo,1,1.6666666666666667,2,2,protein_binding,40
auxiliary_trpo,2,1.6666666666666667,2,2,protein_binding,40
auxiliary_trpo,3,1.6666666666666667,2,2,protein_binding,40
auxiliary_trpo,4,1.6666666666666667,2,2,protein_binding,40
auxiliary_warm,1,1.625,2,2,protein_binding,40
auxiliary_warm,2,1.625,2,2,protein_binding,40
auxiliary_warm,3,1.625,2,2,protein_binding,40
auxiliary_warm,4,1.625,2,2,protein_binding,40
historical_ppo,1,2.5,2,2,protein_binding,40
historical_ppo,2,2.5,2,2,protein_binding,40
historical_ppo,3,2.333333333333333,2,2,protein_binding,40
historical_ppo,4,1.7916666666666667,2,2,protein_binding,40
original_dpo,1,2.083333333333333,2,2,protein_binding,40
original_dpo,2,2.083333333333333,2,2,protein_binding,40
original_dpo,3,2.0,2,2,protein_binding,40
original_dpo,4,1.625,2,2,protein_binding,40
original_gp_ei,1,2.75,2,2,protein_binding,40
original_gp_ei,2,2.75,2,2,protein_binding,40
original_gp_ei,3,2.0,2,2,protein_binding,40
original_gp_ei,4,1.5,2,2,protein_binding,40
original_ppo,1,2.041666666666667,2,2,protein_binding,40
original_ppo,2,2.041666666666667,2,2,protein_binding,40
original_ppo,3,1.9583333333333333,2,2,protein_binding,40
original_ppo,4,1.5833333333333333,2,2,protein_binding,40
original_trpo,1,2.083333333333333,2,2,protein_binding,40
original_trpo,2,2.083333333333333,2,2,protein_binding,40
original_trpo,3,2.0,2,2,protein_binding,40
original_trpo,4,1.625,2,2,protein_binding,40
original_warm,1,2.083333333333333,2,2,protein_binding,40
original_warm,2,2.083333333333333,2,2,protein_binding,40
original_warm,3,2.0,2,2,protein_binding,40
original_warm,4,1.625,2,2,protein_binding,40
random,1,32.75,2,2,protein_binding,40
random,2,21.833333333333332,2,2,protein_binding,40
random,3,16.375,2,2,protein_binding,40
random,4,13.1,2,2,protein_binding,40
auxiliary_dpo,1,4.203703703703703,9,6,cellular_clearance,40
auxiliary_dpo,2,3.907407407407407,9,6,cellular_clearance,40
auxiliary_dpo,3,3.6296296296296298,9,6,cellular_clearance,40
auxiliary_dpo,4,3.0833333333333335,9,6,cellular_clearance,40
auxiliary_gp_ei,1,4.722222222222222,9,6,cellular_clearance,40
auxiliary_gp_ei,2,4.5,9,6,cellular_clearance,40
auxiliary_gp_ei,3,4.5,9,6,cellular_clearance,40
auxiliary_gp_ei,4,4.472222222222222,9,6,cellular_clearance,40
auxiliary_ppo,1,4.203703703703703,9,6,cellular_clearance,40
auxiliary_ppo,2,3.9259259259259256,9,6,cellular_clearance,40
auxiliary_ppo,3,3.648148148148147,9,6,cellular_clearance,40
auxiliary_ppo,4,3.1018518518518516,9,6,cellular_clearance,40
auxiliary_trpo,1,4.111111111111111,9,6,cellular_clearance,40
auxiliary_trpo,2,3.87037037037037,9,6,cellular_clearance,40
auxiliary_trpo,3,3.5833333333333335,9,6,cellular_clearance,40
auxiliary_trpo,4,3.1666666666666665,9,6,cellular_clearance,40
auxiliary_warm,1,4.185185185185185,9,6,cellular_clearance,40
auxiliary_warm,2,3.907407407407407,9,6,cellular_clearance,40
auxiliary_warm,3,3.6296296296296298,9,6,cellular_clearance,40
auxiliary_warm,4,3.0833333333333335,9,6,cellular_clearance,40
historical_ppo,1,4.759259259259259,9,6,cellular_clearance,40
historical_ppo,2,4.37037037037037,9,6,cellular_clearance,40
historical_ppo,3,4.092592592592592,9,6,cellular_clearance,40
historical_ppo,4,3.546296296296296,9,6,cellular_clearance,40
original_dpo,1,4.898148148148149,9,6,cellular_clearance,40
original_dpo,2,4.481481481481482,9,6,cellular_clearance,40
original_dpo,3,4.203703703703703,9,6,cellular_clearance,40
original_dpo,4,3.5833333333333335,9,6,cellular_clearance,40
original_gp_ei,1,4.5,9,6,cellular_clearance,40
original_gp_ei,2,3.9722222222222223,9,6,cellular_clearance,40
original_gp_ei,3,3.9166666666666665,9,6,cellular_clearance,40
original_gp_ei,4,3.9166666666666665,9,6,cellular_clearance,40
original_ppo,1,4.87037037037037,9,6,cellular_clearance,40
original_ppo,2,4.490740740740741,9,6,cellular_clearance,40
original_ppo,3,4.212962962962964,9,6,cellular_clearance,40
original_ppo,4,3.5555555555555554,9,6,cellular_clearance,40
original_trpo,1,4.87037037037037,9,6,cellular_clearance,40
original_trpo,2,4.472222222222222,9,6,cellular_clearance,40
original_trpo,3,4.25,9,6,cellular_clearance,40
original_trpo,4,3.638888888888889,9,6,cellular_clearance,40
original_warm,1,5.0092592592592595,9,6,cellular_clearance,40
original_warm,2,4.6759259259259265,9,6,cellular_clearance,40
original_warm,3,4.3240740740740735,9,6,cellular_clearance,40
original_warm,4,3.574074074074074,9,6,cellular_clearance,40
random,1,14.093915343915343,9,6,cellular_clearance,40
random,2,10.667989417989418,9,6,cellular_clearance,40
random,3,8.584656084656084,9,6,cellular_clearance,40
random,4,7.186507936507937,9,6,cellular_clearance,40
auxiliary_dpo,1,13.964285714285714,7,6,permeability,40
auxiliary_dpo,2,5.535714285714286,7,6,permeability,40
auxiliary_dpo,3,5.202380952380952,7,6,permeability,40
auxiliary_dpo,4,4.107142857142857,7,6,permeability,40
auxiliary_gp_ei,1,12.392857142857142,7,6,permeability,40
auxiliary_gp_ei,2,5.214285714285714,7,6,permeability,40
auxiliary_gp_ei,3,4.928571428571429,7,6,permeability,40
auxiliary_gp_ei,4,3.678571428571429,7,6,permeability,40
auxiliary_ppo,1,13.714285714285714,7,6,permeability,40
auxiliary_ppo,2,5.380952380952381,7,6,permeability,40
auxiliary_ppo,3,5.130952380952381,7,6,permeability,40
auxiliary_ppo,4,3.988095238095238,7,6,permeability,40
auxiliary_trpo,1,13.63095238095238,7,6,permeability,40
auxiliary_trpo,2,5.214285714285714,7,6,permeability,40
auxiliary_trpo,3,5.023809523809524,7,6,permeability,40
auxiliary_trpo,4,3.8333333333333335,7,6,permeability,40
auxiliary_warm,1,13.44047619047619,7,6,permeability,40
auxiliary_warm,2,5.178571428571429,7,6,permeability,40
auxiliary_warm,3,4.904761904761905,7,6,permeability,40
auxiliary_warm,4,3.916666666666667,7,6,permeability,40
historical_ppo,1,14.642857142857142,7,6,permeability,40
historical_ppo,2,5.511904761904762,7,6,permeability,40
historical_ppo,3,5.404761904761905,7,6,permeability,40
historical_ppo,4,3.892857142857143,7,6,permeability,40
original_dpo,1,14.523809523809524,7,6,permeability,40
original_dpo,2,5.476190476190476,7,6,permeability,40
original_dpo,3,5.345238095238095,7,6,permeability,40
original_dpo,4,3.821428571428571,7,6,permeability,40
original_gp_ei,1,13.5,7,6,permeability,40
original_gp_ei,2,5.571428571428571,7,6,permeability,40
original_gp_ei,3,5.5,7,6,permeability,40
original_gp_ei,4,3.75,7,6,permeability,40
original_ppo,1,14.5,7,6,permeability,40
original_ppo,2,5.5,7,6,permeability,40
original_ppo,3,5.428571428571429,7,6,permeability,40
original_ppo,4,3.8333333333333335,7,6,permeability,40
original_trpo,1,14.5,7,6,permeability,40
original_trpo,2,5.285714285714286,7,6,permeability,40
original_trpo,3,5.190476190476191,7,6,permeability,40
original_trpo,4,3.642857142857143,7,6,permeability,40
original_warm,1,14.48809523809524,7,6,permeability,40
original_warm,2,5.345238095238095,7,6,permeability,40
original_warm,3,5.273809523809524,7,6,permeability,40
original_warm,4,3.738095238095238,7,6,permeability,40
random,1,26.642857142857142,7,6,permeability,40
random,2,17.761904761904763,7,6,permeability,40
random,3,13.321428571428571,7,6,permeability,40
random,4,10.657142857142857,7,6,permeability,40
auxiliary_dpo,1,5.666666666666667,1,1,efflux,40
auxiliary_dpo,2,5.666666666666667,1,1,efflux,40
auxiliary_dpo,3,4.583333333333333,1,1,efflux,40
auxiliary_dpo,4,1.0,1,1,efflux,40
auxiliary_gp_ei,1,5.25,1,1,efflux,40
auxiliary_gp_ei,2,5.25,1,1,efflux,40
auxiliary_gp_ei,3,4.75,1,1,efflux,40
auxiliary_gp_ei,4,1.0,1,1,efflux,40
auxiliary_ppo,1,5.25,1,1,efflux,40
auxiliary_ppo,2,5.25,1,1,efflux,40
auxiliary_ppo,3,4.583333333333333,1,1,efflux,40
auxiliary_ppo,4,1.0,1,1,efflux,40
auxiliary_trpo,1,5.0,1,1,efflux,40
auxiliary_trpo,2,5.0,1,1,efflux,40
auxiliary_trpo,3,4.5,1,1,efflux,40
auxiliary_trpo,4,1.1666666666666667,1,1,efflux,40
auxiliary_warm,1,5.416666666666667,1,1,efflux,40
auxiliary_warm,2,5.416666666666667,1,1,efflux,40
auxiliary_warm,3,4.583333333333333,1,1,efflux,40
auxiliary_warm,4,1.0,1,1,efflux,40
historical_ppo,1,4.75,1,1,efflux,40
historical_ppo,2,4.75,1,1,efflux,40
historical_ppo,3,4.416666666666667,1,1,efflux,40
historical_ppo,4,1.3333333333333333,1,1,efflux,40
original_dpo,1,5.333333333333333,1,1,efflux,40
original_dpo,2,5.333333333333333,1,1,efflux,40
original_dpo,3,4.166666666666667,1,1,efflux,40
original_dpo,4,1.0,1,1,efflux,40
original_gp_ei,1,5.0,1,1,efflux,40
original_gp_ei,2,5.0,1,1,efflux,40
original_gp_ei,3,4.5,1,1,efflux,40
original_gp_ei,4,1.0,1,1,efflux,40
original_ppo,1,5.083333333333333,1,1,efflux,40
original_ppo,2,5.083333333333333,1,1,efflux,40
original_ppo,3,4.25,1,1,efflux,40
original_ppo,4,1.1666666666666667,1,1,efflux,40
original_trpo,1,4.833333333333333,1,1,efflux,40
original_trpo,2,4.833333333333333,1,1,efflux,40
original_trpo,3,4.333333333333333,1,1,efflux,40
original_trpo,4,1.5833333333333333,1,1,efflux,40
original_warm,1,5.0,1,1,efflux,40
original_warm,2,5.0,1,1,efflux,40
original_warm,3,4.166666666666667,1,1,efflux,40
original_warm,4,1.0,1,1,efflux,40
random,1,20.0,1,1,efflux,40
random,2,13.333333333333334,1,1,efflux,40
random,3,10.0,1,1,efflux,40
random,4,5.714285714285714,1,1,efflux,40
auxiliary_dpo,1,5.966666666666667,30,20,all,45
auxiliary_dpo,2,3.938888888888889,30,20,all,45
auxiliary_dpo,3,3.675,30,20,all,45
auxiliary_dpo,4,3.438888888888889,30,20,all,45
auxiliary_gp_ei,1,5.908333333333333,30,20,all,45
auxiliary_gp_ei,2,4.075,30,20,all,45
auxiliary_gp_ei,3,3.8916666666666666,30,20,all,45
auxiliary_gp_ei,4,3.75,30,20,all,45
auxiliary_ppo,1,5.944444444444444,30,20,all,45
auxiliary_ppo,2,3.8833333333333337,30,20,all,45
auxiliary_ppo,3,3.619444444444445,30,20,all,45
auxiliary_ppo,4,3.3805555555555555,30,20,all,45
auxiliary_trpo,1,5.808333333333334,30,20,all,45
auxiliary_trpo,2,3.783333333333333,30,20,all,45
auxiliary_trpo,3,3.594444444444444,30,20,all,45
auxiliary_trpo,4,3.408333333333333,30,20,all,45
auxiliary_warm,1,5.922222222222222,30,20,all,45
auxiliary_warm,2,3.8777777777777778,30,20,all,45
auxiliary_warm,3,3.6277777777777778,30,20,all,45
auxiliary_warm,4,3.3916666666666666,30,20,all,45
historical_ppo,1,7.019444444444444,30,20,all,45
historical_ppo,2,4.802777777777778,30,20,all,45
historical_ppo,3,4.569444444444445,30,20,all,45
historical_ppo,4,4.266666666666667,30,20,all,45
original_dpo,1,6.894444444444445,30,20,all,45
original_dpo,2,4.591666666666667,30,20,all,45
original_dpo,3,4.35,30,20,all,45
original_dpo,4,4.013888888888889,30,20,all,45
original_gp_ei,1,6.708333333333333,30,20,all,45
original_gp_ei,2,4.275,30,20,all,45
original_gp_ei,3,4.1,30,20,all,45
original_gp_ei,4,3.9916666666666663,30,20,all,45
original_ppo,1,6.975,30,20,all,45
original_ppo,2,4.733333333333333,30,20,all,45
original_ppo,3,4.497222222222222,30,20,all,45
original_ppo,4,4.158333333333333,30,20,all,45
original_trpo,1,7.044444444444445,30,20,all,45
original_trpo,2,4.872222222222222,30,20,all,45
original_trpo,3,4.555555555555555,30,20,all,45
original_trpo,4,4.236111111111111,30,20,all,45
original_warm,1,6.802777777777778,30,20,all,45
original_warm,2,4.569444444444445,30,20,all,45
original_warm,3,4.358333333333333,30,20,all,45
original_warm,4,4.008333333333334,30,20,all,45
random,1,19.794670634920635,30,20,all,45
random,2,13.622448412698413,30,20,all,45
random,3,11.1513373015873,30,20,all,45
random,4,9.535781746031748,30,20,all,45
auxiliary_dpo,1,3.592592592592593,18,11,microsomal_clearance,45
auxiliary_dpo,2,3.185185185185185,18,11,microsomal_clearance,45
auxiliary_dpo,3,2.9953703703703702,18,11,microsomal_clearance,45
auxiliary_dpo,4,2.967592592592593,18,11,microsomal_clearance,45
auxiliary_gp_ei,1,3.875,18,11,microsomal_clearance,45
auxiliary_gp_ei,2,3.3472222222222223,18,11,microsomal_clearance,45
auxiliary_gp_ei,3,3.1527777777777777,18,11,microsomal_clearance,45
auxiliary_gp_ei,4,3.111111111111111,18,11,microsomal_clearance,45
auxiliary_ppo,1,3.675925925925926,18,11,microsomal_clearance,45
auxiliary_ppo,2,3.2314814814814814,18,11,microsomal_clearance,45
auxiliary_ppo,3,3.0,18,11,microsomal_clearance,45
auxiliary_ppo,4,2.967592592592593,18,11,microsomal_clearance,45
auxiliary_trpo,1,3.712962962962963,18,11,microsomal_clearance,45
auxiliary_trpo,2,3.263888888888889,18,11,microsomal_clearance,45
auxiliary_trpo,3,3.0972222222222223,18,11,microsomal_clearance,45
auxiliary_trpo,4,3.064814814814815,18,11,microsomal_clearance,45
auxiliary_warm,1,3.611111111111111,18,11,microsomal_clearance,45
auxiliary_warm,2,3.1990740740740744,18,11,microsomal_clearance,45
auxiliary_warm,3,2.9953703703703702,18,11,microsomal_clearance,45
auxiliary_warm,4,2.967592592592593,18,11,microsomal_clearance,45
historical_ppo,1,5.203703703703704,18,11,microsomal_clearance,45
historical_ppo,2,4.5,18,11,microsomal_clearance,45
historical_ppo,3,4.310185185185185,18,11,microsomal_clearance,45
historical_ppo,4,4.25462962962963,18,11,microsomal_clearance,45
original_dpo,1,4.976851851851851,18,11,microsomal_clearance,45
original_dpo,2,4.1157407407407405,18,11,microsomal_clearance,45
original_dpo,3,3.9027777777777777,18,11,microsomal_clearance,45
original_dpo,4,3.828703703703704,18,11,microsomal_clearance,45
original_gp_ei,1,5.236111111111111,18,11,microsomal_clearance,45
original_gp_ei,2,3.9583333333333335,18,11,microsomal_clearance,45
original_gp_ei,3,3.7777777777777777,18,11,microsomal_clearance,45
original_gp_ei,4,3.736111111111111,18,11,microsomal_clearance,45
original_ppo,1,5.162037037037037,18,11,microsomal_clearance,45
original_ppo,2,4.388888888888889,18,11,microsomal_clearance,45
original_ppo,3,4.162037037037037,18,11,microsomal_clearance,45
original_ppo,4,4.101851851851851,18,11,microsomal_clearance,45
original_trpo,1,5.25,18,11,microsomal_clearance,45
original_trpo,2,4.657407407407407,18,11,microsomal_clearance,45
original_trpo,3,4.287037037037037,18,11,microsomal_clearance,45
original_trpo,4,4.231481481481482,18,11,microsomal_clearance,45
original_warm,1,4.8009259259259265,18,11,microsomal_clearance,45
original_warm,2,4.046296296296296,18,11,microsomal_clearance,45
original_warm,3,3.898148148148149,18,11,microsomal_clearance,45
original_warm,4,3.856481481481482,18,11,microsomal_clearance,45
random,1,18.26823412698413,18,11,microsomal_clearance,45
random,2,12.499715608465609,18,11,microsomal_clearance,45
random,3,10.64045634920635,18,11,microsomal_clearance,45
random,4,9.303419312169313,18,11,microsomal_clearance,45
auxiliary_dpo,1,2.25,1,1,protein_binding,45
auxiliary_dpo,2,2.25,1,1,protein_binding,45
auxiliary_dpo,3,2.25,1,1,protein_binding,45
auxiliary_dpo,4,2.25,1,1,protein_binding,45
auxiliary_gp_ei,1,4.5,1,1,protein_binding,45
auxiliary_gp_ei,2,4.5,1,1,protein_binding,45
auxiliary_gp_ei,3,3.0,1,1,protein_binding,45
auxiliary_gp_ei,4,2.0,1,1,protein_binding,45
auxiliary_ppo,1,2.25,1,1,protein_binding,45
auxiliary_ppo,2,2.25,1,1,protein_binding,45
auxiliary_ppo,3,2.25,1,1,protein_binding,45
auxiliary_ppo,4,2.25,1,1,protein_binding,45
auxiliary_trpo,1,2.3333333333333335,1,1,protein_binding,45
auxiliary_trpo,2,2.3333333333333335,1,1,protein_binding,45
auxiliary_trpo,3,2.3333333333333335,1,1,protein_binding,45
auxiliary_trpo,4,2.3333333333333335,1,1,protein_binding,45
auxiliary_warm,1,2.25,1,1,protein_binding,45
auxiliary_warm,2,2.25,1,1,protein_binding,45
auxiliary_warm,3,2.25,1,1,protein_binding,45
auxiliary_warm,4,2.25,1,1,protein_binding,45
historical_ppo,1,3.5,1,1,protein_binding,45
historical_ppo,2,3.5,1,1,protein_binding,45
historical_ppo,3,3.1666666666666665,1,1,protein_binding,45
historical_ppo,4,2.0833333333333335,1,1,protein_binding,45
original_dpo,1,3.1666666666666665,1,1,protein_binding,45
original_dpo,2,3.1666666666666665,1,1,protein_binding,45
original_dpo,3,3.0,1,1,protein_binding,45
original_dpo,4,2.25,1,1,protein_binding,45
original_gp_ei,1,4.5,1,1,protein_binding,45
original_gp_ei,2,4.5,1,1,protein_binding,45
original_gp_ei,3,3.0,1,1,protein_binding,45
original_gp_ei,4,2.0,1,1,protein_binding,45
original_ppo,1,3.0833333333333335,1,1,protein_binding,45
original_ppo,2,3.0833333333333335,1,1,protein_binding,45
original_ppo,3,2.9166666666666665,1,1,protein_binding,45
original_ppo,4,2.1666666666666665,1,1,protein_binding,45
original_trpo,1,3.1666666666666665,1,1,protein_binding,45
original_trpo,2,3.1666666666666665,1,1,protein_binding,45
original_trpo,3,3.0,1,1,protein_binding,45
original_trpo,4,2.25,1,1,protein_binding,45
original_warm,1,3.1666666666666665,1,1,protein_binding,45
original_warm,2,3.1666666666666665,1,1,protein_binding,45
original_warm,3,3.0,1,1,protein_binding,45
original_warm,4,2.25,1,1,protein_binding,45
random,1,45.5,1,1,protein_binding,45
random,2,30.333333333333332,1,1,protein_binding,45
random,3,22.75,1,1,protein_binding,45
random,4,18.2,1,1,protein_binding,45
auxiliary_dpo,1,4.702380952380952,7,5,cellular_clearance,45
auxiliary_dpo,2,4.321428571428571,7,5,cellular_clearance,45
auxiliary_dpo,3,3.9642857142857144,7,5,cellular_clearance,45
auxiliary_dpo,4,3.2857142857142856,7,5,cellular_clearance,45
auxiliary_gp_ei,1,5.392857142857143,7,5,cellular_clearance,45
auxiliary_gp_ei,2,5.107142857142857,7,5,cellular_clearance,45
auxiliary_gp_ei,3,5.107142857142857,7,5,cellular_clearance,45
auxiliary_gp_ei,4,5.071428571428571,7,5,cellular_clearance,45
auxiliary_ppo,1,4.702380952380952,7,5,cellular_clearance,45
auxiliary_ppo,2,4.345238095238095,7,5,cellular_clearance,45
auxiliary_ppo,3,3.9880952380952377,7,5,cellular_clearance,45
auxiliary_ppo,4,3.3095238095238093,7,5,cellular_clearance,45
auxiliary_trpo,1,4.404761904761905,7,5,cellular_clearance,45
auxiliary_trpo,2,4.095238095238096,7,5,cellular_clearance,45
auxiliary_trpo,3,3.833333333333333,7,5,cellular_clearance,45
auxiliary_trpo,4,3.380952380952381,7,5,cellular_clearance,45
auxiliary_warm,1,4.678571428571429,7,5,cellular_clearance,45
auxiliary_warm,2,4.321428571428571,7,5,cellular_clearance,45
auxiliary_warm,3,3.9642857142857144,7,5,cellular_clearance,45
auxiliary_warm,4,3.2857142857142856,7,5,cellular_clearance,45
historical_ppo,1,5.392857142857143,7,5,cellular_clearance,45
historical_ppo,2,4.892857142857143,7,5,cellular_clearance,45
historical_ppo,3,4.535714285714286,7,5,cellular_clearance,45
historical_ppo,4,3.833333333333333,7,5,cellular_clearance,45
original_dpo,1,5.55952380952381,7,5,cellular_clearance,45
original_dpo,2,5.023809523809525,7,5,cellular_clearance,45
original_dpo,3,4.69047619047619,7,5,cellular_clearance,45
original_dpo,4,3.892857142857143,7,5,cellular_clearance,45
original_gp_ei,1,5.0,7,5,cellular_clearance,45
original_gp_ei,2,4.321428571428571,7,5,cellular_clearance,45
original_gp_ei,3,4.321428571428571,7,5,cellular_clearance,45
original_gp_ei,4,4.321428571428571,7,5,cellular_clearance,45
original_ppo,1,5.523809523809525,7,5,cellular_clearance,45
original_ppo,2,5.035714285714286,7,5,cellular_clearance,45
original_ppo,3,4.702380952380953,7,5,cellular_clearance,45
original_ppo,4,3.857142857142857,7,5,cellular_clearance,45
original_trpo,1,5.571428571428571,7,5,cellular_clearance,45
original_trpo,2,5.059523809523809,7,5,cellular_clearance,45
original_trpo,3,4.773809523809525,7,5,cellular_clearance,45
original_trpo,4,3.988095238095238,7,5,cellular_clearance,45
original_warm,1,5.702380952380953,7,5,cellular_clearance,45
original_warm,2,5.273809523809525,7,5,cellular_clearance,45
original_warm,3,4.845238095238096,7,5,cellular_clearance,45
original_warm,4,3.880952380952381,7,5,cellular_clearance,45
random,1,13.358843537414966,7,5,cellular_clearance,45
random,2,9.906462585034015,7,5,cellular_clearance,45
random,3,8.180272108843537,7,5,cellular_clearance,45
random,4,7.144557823129252,7,5,cellular_clearance,45
auxiliary_dpo,1,19.791666666666664,4,4,permeability,45
auxiliary_dpo,2,7.083333333333333,4,4,permeability,45
auxiliary_dpo,3,6.583333333333333,4,4,permeability,45
auxiliary_dpo,4,6.125,4,4,permeability,45
auxiliary_gp_ei,1,16.3125,4,4,permeability,45
auxiliary_gp_ei,2,5.4375,4,4,permeability,45
auxiliary_gp_ei,3,5.3125,4,4,permeability,45
auxiliary_gp_ei,4,4.75,4,4,permeability,45
auxiliary_ppo,1,19.25,4,4,permeability,45
auxiliary_ppo,2,6.416666666666667,4,4,permeability,45
auxiliary_ppo,3,6.104166666666667,4,4,permeability,45
auxiliary_ppo,4,5.645833333333334,4,4,permeability,45
auxiliary_trpo,1,18.5625,4,4,permeability,45
auxiliary_trpo,2,5.9375,4,4,permeability,45
auxiliary_trpo,3,5.729166666666667,4,4,permeability,45
auxiliary_trpo,4,5.270833333333334,4,4,permeability,45
auxiliary_warm,1,19.416666666666664,4,4,permeability,45
auxiliary_warm,2,6.5625,4,4,permeability,45
auxiliary_warm,3,6.229166666666667,4,4,permeability,45
auxiliary_warm,4,5.770833333333334,4,4,permeability,45
historical_ppo,1,18.916666666666664,4,4,permeability,45
historical_ppo,2,6.333333333333334,4,4,permeability,45
historical_ppo,3,6.145833333333334,4,4,permeability,45
historical_ppo,4,5.625,4,4,permeability,45
original_dpo,1,18.791666666666668,4,4,permeability,45
original_dpo,2,6.333333333333334,4,4,permeability,45
original_dpo,3,6.104166666666667,4,4,permeability,45
original_dpo,4,5.5,4,4,permeability,45
original_gp_ei,1,16.875,4,4,permeability,45
original_gp_ei,2,5.5625,4,4,permeability,45
original_gp_ei,3,5.4375,4,4,permeability,45
original_gp_ei,4,5.0625,4,4,permeability,45
original_ppo,1,18.645833333333336,4,4,permeability,45
original_ppo,2,6.166666666666667,4,4,permeability,45
original_ppo,3,6.041666666666667,4,4,permeability,45
original_ppo,4,5.4375,4,4,permeability,45
original_trpo,1,18.666666666666668,4,4,permeability,45
original_trpo,2,5.9375,4,4,permeability,45
original_trpo,3,5.770833333333334,4,4,permeability,45
original_trpo,4,5.1875,4,4,permeability,45
original_warm,1,18.645833333333332,4,4,permeability,45
original_warm,2,6.041666666666667,4,4,permeability,45
original_warm,3,5.916666666666667,4,4,permeability,45
original_warm,4,5.354166666666667,4,4,permeability,45
random,1,31.5,4,4,permeability,45
random,2,21.0,4,4,permeability,45
random,3,15.75,4,4,permeability,45
random,4,12.6,4,4,permeability,45
auxiliary_dpo,1,6.654166666666667,20,14,all,50
auxiliary_dpo,2,3.875,20,14,all,50
auxiliary_dpo,3,3.7,20,14,all,50
auxiliary_dpo,4,3.6083333333333334,20,14,all,50
auxiliary_gp_ei,1,6.725,20,14,all,50
auxiliary_gp_ei,2,4.225,20,14,all,50
auxiliary_gp_ei,3,4.025,20,14,all,50
auxiliary_gp_ei,4,3.85,20,14,all,50
auxiliary_ppo,1,6.6083333333333325,20,14,all,50
auxiliary_ppo,2,3.7875,20,14,all,50
auxiliary_ppo,3,3.5958333333333337,20,14,all,50
auxiliary_ppo,4,3.5041666666666664,20,14,all,50
auxiliary_trpo,1,6.5166666666666675,20,14,all,50
auxiliary_trpo,2,3.7291666666666665,20,14,all,50
auxiliary_trpo,3,3.6125,20,14,all,50
auxiliary_trpo,4,3.5208333333333335,20,14,all,50
auxiliary_warm,1,6.616666666666667,20,14,all,50
auxiliary_warm,2,3.7916666666666665,20,14,all,50
auxiliary_warm,3,3.65,20,14,all,50
auxiliary_warm,4,3.5583333333333336,20,14,all,50
historical_ppo,1,7.995833333333333,20,14,all,50
historical_ppo,2,5.045833333333333,20,14,all,50
historical_ppo,3,4.8625,20,14,all,50
historical_ppo,4,4.7041666666666675,20,14,all,50
original_dpo,1,7.691666666666667,20,14,all,50
original_dpo,2,4.666666666666667,20,14,all,50
original_dpo,3,4.4541666666666675,20,14,all,50
original_dpo,4,4.275,20,14,all,50
original_gp_ei,1,8.0625,20,14,all,50
original_gp_ei,2,4.825,20,14,all,50
original_gp_ei,3,4.6125,20,14,all,50
original_gp_ei,4,4.4875,20,14,all,50
original_ppo,1,7.858333333333334,20,14,all,50
original_ppo,2,4.908333333333333,20,14,all,50
original_ppo,3,4.7041666666666675,20,14,all,50
original_ppo,4,4.545833333333333,20,14,all,50
original_trpo,1,7.9625,20,14,all,50
original_trpo,2,5.091666666666667,20,14,all,50
original_trpo,3,4.766666666666667,20,14,all,50
original_trpo,4,4.6125,20,14,all,50
original_warm,1,7.475,20,14,all,50
original_warm,2,4.475,20,14,all,50
original_warm,3,4.366666666666666,20,14,all,50
original_warm,4,4.216666666666667,20,14,all,50
random,1,23.88069642857143,20,14,all,50
random,2,15.789029761904764,20,14,all,50
random,3,12.780696428571428,20,14,all,50
random,4,10.707363095238096,20,14,all,50
auxiliary_dpo,1,3.2797619047619047,14,8,microsomal_clearance,50
auxiliary_dpo,2,3.011904761904762,14,8,microsomal_clearance,50
auxiliary_dpo,3,2.9404761904761902,14,8,microsomal_clearance,50
auxiliary_dpo,4,2.9404761904761902,14,8,microsomal_clearance,50
auxiliary_gp_ei,1,3.5535714285714284,14,8,microsomal_clearance,50
auxiliary_gp_ei,2,3.1964285714285716,14,8,microsomal_clearance,50
auxiliary_gp_ei,3,3.0535714285714284,14,8,microsomal_clearance,50
auxiliary_gp_ei,4,3.0535714285714284,14,8,microsomal_clearance,50
auxiliary_ppo,1,3.369047619047619,14,8,microsomal_clearance,50
auxiliary_ppo,2,3.077380952380952,14,8,microsomal_clearance,50
auxiliary_ppo,3,2.9285714285714284,14,8,microsomal_clearance,50
auxiliary_ppo,4,2.9285714285714284,14,8,microsomal_clearance,50
auxiliary_trpo,1,3.416666666666667,14,8,microsomal_clearance,50
auxiliary_trpo,2,3.125,14,8,microsomal_clearance,50
auxiliary_trpo,3,3.0535714285714284,14,8,microsomal_clearance,50
auxiliary_trpo,4,3.0535714285714284,14,8,microsomal_clearance,50
auxiliary_warm,1,3.333333333333333,14,8,microsomal_clearance,50
auxiliary_warm,2,3.041666666666667,14,8,microsomal_clearance,50
auxiliary_warm,3,2.9702380952380953,14,8,microsomal_clearance,50
auxiliary_warm,4,2.9702380952380953,14,8,microsomal_clearance,50
historical_ppo,1,5.238095238095238,14,8,microsomal_clearance,50
historical_ppo,2,4.690476190476191,14,8,microsomal_clearance,50
historical_ppo,3,4.541666666666667,14,8,microsomal_clearance,50
historical_ppo,4,4.541666666666667,14,8,microsomal_clearance,50
original_dpo,1,4.946428571428571,14,8,microsomal_clearance,50
original_dpo,2,4.232142857142857,14,8,microsomal_clearance,50
original_dpo,3,4.029761904761905,14,8,microsomal_clearance,50
original_dpo,4,4.0,14,8,microsomal_clearance,50
original_gp_ei,1,5.392857142857143,14,8,microsomal_clearance,50
original_gp_ei,2,4.160714285714286,14,8,microsomal_clearance,50
original_gp_ei,3,4.0,14,8,microsomal_clearance,50
original_gp_ei,4,4.0,14,8,microsomal_clearance,50
original_ppo,1,5.202380952380952,14,8,microsomal_clearance,50
original_ppo,2,4.601190476190476,14,8,microsomal_clearance,50
original_ppo,3,4.380952380952381,14,8,microsomal_clearance,50
original_ppo,4,4.380952380952381,14,8,microsomal_clearance,50
original_trpo,1,5.279761904761905,14,8,microsomal_clearance,50
original_trpo,2,4.886904761904762,14,8,microsomal_clearance,50
original_trpo,3,4.5059523809523805,14,8,microsomal_clearance,50
original_trpo,4,4.5059523809523805,14,8,microsomal_clearance,50
original_warm,1,4.75,14,8,microsomal_clearance,50
original_warm,2,4.101190476190476,14,8,microsomal_clearance,50
original_warm,3,4.029761904761904,14,8,microsomal_clearance,50
original_warm,4,4.029761904761904,14,8,microsomal_clearance,50
random,1,20.04385204081633,14,8,microsomal_clearance,50
random,2,13.174804421768709,14,8,microsomal_clearance,50
random,3,11.222423469387754,14,8,microsomal_clearance,50
random,4,9.66766156462585,14,8,microsomal_clearance,50
auxiliary_dpo,1,2.25,1,1,protein_binding,50
auxiliary_dpo,2,2.25,1,1,protein_binding,50
auxiliary_dpo,3,2.25,1,1,protein_binding,50
auxiliary_dpo,4,2.25,1,1,protein_binding,50
auxiliary_gp_ei,1,4.5,1,1,protein_binding,50
auxiliary_gp_ei,2,4.5,1,1,protein_binding,50
auxiliary_gp_ei,3,3.0,1,1,protein_binding,50
auxiliary_gp_ei,4,2.0,1,1,protein_binding,50
auxiliary_ppo,1,2.25,1,1,protein_binding,50
auxiliary_ppo,2,2.25,1,1,protein_binding,50
auxiliary_ppo,3,2.25,1,1,protein_binding,50
auxiliary_ppo,4,2.25,1,1,protein_binding,50
auxiliary_trpo,1,2.3333333333333335,1,1,protein_binding,50
auxiliary_trpo,2,2.3333333333333335,1,1,protein_binding,50
auxiliary_trpo,3,2.3333333333333335,1,1,protein_binding,50
auxiliary_trpo,4,2.3333333333333335,1,1,protein_binding,50
auxiliary_warm,1,2.25,1,1,protein_binding,50
auxiliary_warm,2,2.25,1,1,protein_binding,50
auxiliary_warm,3,2.25,1,1,protein_binding,50
auxiliary_warm,4,2.25,1,1,protein_binding,50
historical_ppo,1,3.5,1,1,protein_binding,50
historical_ppo,2,3.5,1,1,protein_binding,50
historical_ppo,3,3.1666666666666665,1,1,protein_binding,50
historical_ppo,4,2.0833333333333335,1,1,protein_binding,50
original_dpo,1,3.1666666666666665,1,1,protein_binding,50
original_dpo,2,3.1666666666666665,1,1,protein_binding,50
original_dpo,3,3.0,1,1,protein_binding,50
original_dpo,4,2.25,1,1,protein_binding,50
original_gp_ei,1,4.5,1,1,protein_binding,50
original_gp_ei,2,4.5,1,1,protein_binding,50
original_gp_ei,3,3.0,1,1,protein_binding,50
original_gp_ei,4,2.0,1,1,protein_binding,50
original_ppo,1,3.0833333333333335,1,1,protein_binding,50
original_ppo,2,3.0833333333333335,1,1,protein_binding,50
original_ppo,3,2.9166666666666665,1,1,protein_binding,50
original_ppo,4,2.1666666666666665,1,1,protein_binding,50
original_trpo,1,3.1666666666666665,1,1,protein_binding,50
original_trpo,2,3.1666666666666665,1,1,protein_binding,50
original_trpo,3,3.0,1,1,protein_binding,50
original_trpo,4,2.25,1,1,protein_binding,50
original_warm,1,3.1666666666666665,1,1,protein_binding,50
original_warm,2,3.1666666666666665,1,1,protein_binding,50
original_warm,3,3.0,1,1,protein_binding,50
original_warm,4,2.25,1,1,protein_binding,50
random,1,45.5,1,1,protein_binding,50
random,2,30.333333333333332,1,1,protein_binding,50
random,3,22.75,1,1,protein_binding,50
random,4,18.2,1,1,protein_binding,50
auxiliary_dpo,1,5.75,1,1,cellular_clearance,50
auxiliary_dpo,2,4.75,1,1,cellular_clearance,50
auxiliary_dpo,3,4.25,1,1,cellular_clearance,50
auxiliary_dpo,4,4.25,1,1,cellular_clearance,50
auxiliary_gp_ei,1,15.0,1,1,cellular_clearance,50
auxiliary_gp_ei,2,13.5,1,1,cellular_clearance,50
auxiliary_gp_ei,3,13.5,1,1,cellular_clearance,50
auxiliary_gp_ei,4,13.25,1,1,cellular_clearance,50
auxiliary_ppo,1,5.75,1,1,cellular_clearance,50
auxiliary_ppo,2,4.75,1,1,cellular_clearance,50
auxiliary_ppo,3,4.25,1,1,cellular_clearance,50
auxiliary_ppo,4,4.25,1,1,cellular_clearance,50
auxiliary_trpo,1,5.916666666666667,1,1,cellular_clearance,50
auxiliary_trpo,2,4.75,1,1,cellular_clearance,50
auxiliary_trpo,3,4.25,1,1,cellular_clearance,50
auxiliary_trpo,4,4.25,1,1,cellular_clearance,50
auxiliary_warm,1,5.75,1,1,cellular_clearance,50
auxiliary_warm,2,4.75,1,1,cellular_clearance,50
auxiliary_warm,3,4.25,1,1,cellular_clearance,50
auxiliary_warm,4,4.25,1,1,cellular_clearance,50
historical_ppo,1,7.416666666666667,1,1,cellular_clearance,50
historical_ppo,2,6.416666666666667,1,1,cellular_clearance,50
historical_ppo,3,5.916666666666667,1,1,cellular_clearance,50
historical_ppo,4,5.916666666666667,1,1,cellular_clearance,50
original_dpo,1,6.25,1,1,cellular_clearance,50
original_dpo,2,5.583333333333333,1,1,cellular_clearance,50
original_dpo,3,5.25,1,1,cellular_clearance,50
original_dpo,4,5.25,1,1,cellular_clearance,50
original_gp_ei,1,13.75,1,1,cellular_clearance,50
original_gp_ei,2,11.5,1,1,cellular_clearance,50
original_gp_ei,3,11.5,1,1,cellular_clearance,50
original_gp_ei,4,11.5,1,1,cellular_clearance,50
original_ppo,1,6.666666666666667,1,1,cellular_clearance,50
original_ppo,2,6.0,1,1,cellular_clearance,50
original_ppo,3,5.666666666666667,1,1,cellular_clearance,50
original_ppo,4,5.666666666666667,1,1,cellular_clearance,50
original_trpo,1,7.5,1,1,cellular_clearance,50
original_trpo,2,6.5,1,1,cellular_clearance,50
original_trpo,3,6.166666666666667,1,1,cellular_clearance,50
original_trpo,4,6.166666666666667,1,1,cellular_clearance,50
original_warm,1,5.25,1,1,cellular_clearance,50
original_warm,2,4.75,1,1,cellular_clearance,50
original_warm,3,4.25,1,1,cellular_clearance,50
original_warm,4,4.25,1,1,cellular_clearance,50
random,1,25.5,1,1,cellular_clearance,50
random,2,17.0,1,1,cellular_clearance,50
random,3,12.75,1,1,cellular_clearance,50
random,4,10.2,1,1,cellular_clearance,50
auxiliary_dpo,1,19.791666666666664,4,4,permeability,50
auxiliary_dpo,2,7.083333333333333,4,4,permeability,50
auxiliary_dpo,3,6.583333333333333,4,4,permeability,50
auxiliary_dpo,4,6.125,4,4,permeability,50
auxiliary_gp_ei,1,16.3125,4,4,permeability,50
auxiliary_gp_ei,2,5.4375,4,4,permeability,50
auxiliary_gp_ei,3,5.3125,4,4,permeability,50
auxiliary_gp_ei,4,4.75,4,4,permeability,50
auxiliary_ppo,1,19.25,4,4,permeability,50
auxiliary_ppo,2,6.416666666666667,4,4,permeability,50
auxiliary_ppo,3,6.104166666666667,4,4,permeability,50
auxiliary_ppo,4,5.645833333333334,4,4,permeability,50
auxiliary_trpo,1,18.5625,4,4,permeability,50
auxiliary_trpo,2,5.9375,4,4,permeability,50
auxiliary_trpo,3,5.729166666666667,4,4,permeability,50
auxiliary_trpo,4,5.270833333333334,4,4,permeability,50
auxiliary_warm,1,19.416666666666664,4,4,permeability,50
auxiliary_warm,2,6.5625,4,4,permeability,50
auxiliary_warm,3,6.229166666666667,4,4,permeability,50
auxiliary_warm,4,5.770833333333334,4,4,permeability,50
historical_ppo,1,18.916666666666664,4,4,permeability,50
historical_ppo,2,6.333333333333334,4,4,permeability,50
historical_ppo,3,6.145833333333334,4,4,permeability,50
historical_ppo,4,5.625,4,4,permeability,50
original_dpo,1,18.791666666666668,4,4,permeability,50
original_dpo,2,6.333333333333334,4,4,permeability,50
original_dpo,3,6.104166666666667,4,4,permeability,50
original_dpo,4,5.5,4,4,permeability,50
original_gp_ei,1,16.875,4,4,permeability,50
original_gp_ei,2,5.5625,4,4,permeability,50
original_gp_ei,3,5.4375,4,4,permeability,50
original_gp_ei,4,5.0625,4,4,permeability,50
original_ppo,1,18.645833333333336,4,4,permeability,50
original_ppo,2,6.166666666666667,4,4,permeability,50
original_ppo,3,6.041666666666667,4,4,permeability,50
original_ppo,4,5.4375,4,4,permeability,50
original_trpo,1,18.666666666666668,4,4,permeability,50
original_trpo,2,5.9375,4,4,permeability,50
original_trpo,3,5.770833333333334,4,4,permeability,50
original_trpo,4,5.1875,4,4,permeability,50
original_warm,1,18.645833333333332,4,4,permeability,50
original_warm,2,6.041666666666667,4,4,permeability,50
original_warm,3,5.916666666666667,4,4,permeability,50
original_warm,4,5.354166666666667,4,4,permeability,50
random,1,31.5,4,4,permeability,50
random,2,21.0,4,4,permeability,50
random,3,15.75,4,4,permeability,50
random,4,12.6,4,4,permeability,50
auxiliary_dpo,1,4.742424242424242,11,9,all,60
auxiliary_dpo,2,4.212121212121212,11,9,all,60
auxiliary_dpo,3,3.939393939393939,11,9,all,60
auxiliary_dpo,4,3.939393939393939,11,9,all,60
auxiliary_gp_ei,1,4.0227272727272725,11,9,all,60
auxiliary_gp_ei,2,3.386363636363636,11,9,all,60
auxiliary_gp_ei,3,3.022727272727273,11,9,all,60
auxiliary_gp_ei,4,2.9318181818181817,11,9,all,60
auxiliary_ppo,1,4.840909090909091,11,9,all,60
auxiliary_ppo,2,4.257575757575758,11,9,all,60
auxiliary_ppo,3,3.9545454545454546,11,9,all,60
auxiliary_ppo,4,3.9545454545454546,11,9,all,60
auxiliary_trpo,1,4.53030303030303,11,9,all,60
auxiliary_trpo,2,3.9545454545454546,11,9,all,60
auxiliary_trpo,3,3.787878787878787,11,9,all,60
auxiliary_trpo,4,3.787878787878787,11,9,all,60
auxiliary_warm,1,4.628787878787879,11,9,all,60
auxiliary_warm,2,4.045454545454546,11,9,all,60
auxiliary_warm,3,3.833333333333333,11,9,all,60
auxiliary_warm,4,3.833333333333333,11,9,all,60
historical_ppo,1,7.234848484848484,11,9,all,60
historical_ppo,2,6.333333333333334,11,9,all,60
historical_ppo,3,6.045454545454546,11,9,all,60
historical_ppo,4,5.946969696969697,11,9,all,60
original_dpo,1,6.825757575757575,11,9,all,60
original_dpo,2,5.7272727272727275,11,9,all,60
original_dpo,3,5.371212121212121,11,9,all,60
original_dpo,4,5.265151515151515,11,9,all,60
original_gp_ei,1,6.2727272727272725,11,9,all,60
original_gp_ei,2,4.568181818181818,11,9,all,60
original_gp_ei,3,4.181818181818182,11,9,all,60
original_gp_ei,4,4.090909090909091,11,9,all,60
original_ppo,1,6.992424242424243,11,9,all,60
original_ppo,2,6.03030303030303,11,9,all,60
original_ppo,3,5.6893939393939394,11,9,all,60
original_ppo,4,5.621212121212121,11,9,all,60
original_trpo,1,7.083333333333334,11,9,all,60
original_trpo,2,6.378787878787879,11,9,all,60
original_trpo,3,5.818181818181818,11,9,all,60
original_trpo,4,5.75,11,9,all,60
original_warm,1,6.439393939393939,11,9,all,60
original_warm,2,5.416666666666667,11,9,all,60
original_warm,3,5.265151515151515,11,9,all,60
original_warm,4,5.196969696969696,11,9,all,60
random,1,30.78909090909091,11,9,all,60
random,2,19.25878787878788,11,9,all,60
random,3,15.38,11,9,all,60
random,4,12.734545454545456,11,9,all,60
auxiliary_dpo,1,3.6666666666666665,8,6,microsomal_clearance,60
auxiliary_dpo,2,3.1979166666666665,8,6,microsomal_clearance,60
auxiliary_dpo,3,3.072916666666667,8,6,microsomal_clearance,60
auxiliary_dpo,4,3.072916666666667,8,6,microsomal_clearance,60
auxiliary_gp_ei,1,3.90625,8,6,microsomal_clearance,60
auxiliary_gp_ei,2,3.28125,8,6,microsomal_clearance,60
auxiliary_gp_ei,3,3.03125,8,6,microsomal_clearance,60
auxiliary_gp_ei,4,3.03125,8,6,microsomal_clearance,60
auxiliary_ppo,1,4.104166666666666,8,6,microsomal_clearance,60
auxiliary_ppo,2,3.59375,8,6,microsomal_clearance,60
auxiliary_ppo,3,3.333333333333333,8,6,microsomal_clearance,60
auxiliary_ppo,4,3.333333333333333,8,6,microsomal_clearance,60
auxiliary_trpo,1,3.9166666666666665,8,6,microsomal_clearance,60
auxiliary_trpo,2,3.40625,8,6,microsomal_clearance,60
auxiliary_trpo,3,3.28125,8,6,microsomal_clearance,60
auxiliary_trpo,4,3.28125,8,6,microsomal_clearance,60
auxiliary_warm,1,3.7395833333333335,8,6,microsomal_clearance,60
auxiliary_warm,2,3.2291666666666665,8,6,microsomal_clearance,60
auxiliary_warm,3,3.1041666666666665,8,6,microsomal_clearance,60
auxiliary_warm,4,3.1041666666666665,8,6,microsomal_clearance,60
historical_ppo,1,7.5,8,6,microsomal_clearance,60
historical_ppo,2,6.541666666666667,8,6,microsomal_clearance,60
historical_ppo,3,6.28125,8,6,microsomal_clearance,60
historical_ppo,4,6.28125,8,6,microsomal_clearance,60
original_dpo,1,7.0,8,6,microsomal_clearance,60
original_dpo,2,5.75,8,6,microsomal_clearance,60
original_dpo,3,5.395833333333334,8,6,microsomal_clearance,60
original_dpo,4,5.34375,8,6,microsomal_clearance,60
original_gp_ei,1,7.0,8,6,microsomal_clearance,60
original_gp_ei,2,4.84375,8,6,microsomal_clearance,60
original_gp_ei,3,4.5625,8,6,microsomal_clearance,60
original_gp_ei,4,4.5625,8,6,microsomal_clearance,60
original_ppo,1,7.354166666666667,8,6,microsomal_clearance,60
original_ppo,2,6.302083333333333,8,6,microsomal_clearance,60
original_ppo,3,5.916666666666666,8,6,microsomal_clearance,60
original_ppo,4,5.916666666666666,8,6,microsomal_clearance,60
original_trpo,1,7.447916666666667,8,6,microsomal_clearance,60
original_trpo,2,6.760416666666666,8,6,microsomal_clearance,60
original_trpo,3,6.09375,8,6,microsomal_clearance,60
original_trpo,4,6.09375,8,6,microsomal_clearance,60
original_warm,1,6.604166666666666,8,6,microsomal_clearance,60
original_warm,2,5.46875,8,6,microsomal_clearance,60
original_warm,3,5.34375,8,6,microsomal_clearance,60
original_warm,4,5.34375,8,6,microsomal_clearance,60
random,1,27.335,8,6,microsomal_clearance,60
random,2,16.480833333333333,8,6,microsomal_clearance,60
random,3,13.6475,8,6,microsomal_clearance,60
random,4,11.51,8,6,microsomal_clearance,60
auxiliary_dpo,1,2.25,1,1,protein_binding,60
auxiliary_dpo,2,2.25,1,1,protein_binding,60
auxiliary_dpo,3,2.25,1,1,protein_binding,60
auxiliary_dpo,4,2.25,1,1,protein_binding,60
auxiliary_gp_ei,1,4.5,1,1,protein_binding,60
auxiliary_gp_ei,2,4.5,1,1,protein_binding,60
auxiliary_gp_ei,3,3.0,1,1,protein_binding,60
auxiliary_gp_ei,4,2.0,1,1,protein_binding,60
auxiliary_ppo,1,2.25,1,1,protein_binding,60
auxiliary_ppo,2,2.25,1,1,protein_binding,60
auxiliary_ppo,3,2.25,1,1,protein_binding,60
auxiliary_ppo,4,2.25,1,1,protein_binding,60
auxiliary_trpo,1,2.3333333333333335,1,1,protein_binding,60
auxiliary_trpo,2,2.3333333333333335,1,1,protein_binding,60
auxiliary_trpo,3,2.3333333333333335,1,1,protein_binding,60
auxiliary_trpo,4,2.3333333333333335,1,1,protein_binding,60
auxiliary_warm,1,2.25,1,1,protein_binding,60
auxiliary_warm,2,2.25,1,1,protein_binding,60
auxiliary_warm,3,2.25,1,1,protein_binding,60
auxiliary_warm,4,2.25,1,1,protein_binding,60
historical_ppo,1,3.5,1,1,protein_binding,60
historical_ppo,2,3.5,1,1,protein_binding,60
historical_ppo,3,3.1666666666666665,1,1,protein_binding,60
historical_ppo,4,2.0833333333333335,1,1,protein_binding,60
original_dpo,1,3.1666666666666665,1,1,protein_binding,60
original_dpo,2,3.1666666666666665,1,1,protein_binding,60
original_dpo,3,3.0,1,1,protein_binding,60
original_dpo,4,2.25,1,1,protein_binding,60
original_gp_ei,1,4.5,1,1,protein_binding,60
original_gp_ei,2,4.5,1,1,protein_binding,60
original_gp_ei,3,3.0,1,1,protein_binding,60
original_gp_ei,4,2.0,1,1,protein_binding,60
original_ppo,1,3.0833333333333335,1,1,protein_binding,60
original_ppo,2,3.0833333333333335,1,1,protein_binding,60
original_ppo,3,2.9166666666666665,1,1,protein_binding,60
original_ppo,4,2.1666666666666665,1,1,protein_binding,60
original_trpo,1,3.1666666666666665,1,1,protein_binding,60
original_trpo,2,3.1666666666666665,1,1,protein_binding,60
original_trpo,3,3.0,1,1,protein_binding,60
original_trpo,4,2.25,1,1,protein_binding,60
original_warm,1,3.1666666666666665,1,1,protein_binding,60
original_warm,2,3.1666666666666665,1,1,protein_binding,60
original_warm,3,3.0,1,1,protein_binding,60
original_warm,4,2.25,1,1,protein_binding,60
random,1,45.5,1,1,protein_binding,60
random,2,30.333333333333332,1,1,protein_binding,60
random,3,22.75,1,1,protein_binding,60
random,4,18.2,1,1,protein_binding,60
auxiliary_dpo,1,10.291666666666666,2,2,permeability,60
auxiliary_dpo,2,9.25,2,2,permeability,60
auxiliary_dpo,3,8.25,2,2,permeability,60
auxiliary_dpo,4,8.25,2,2,permeability,60
auxiliary_gp_ei,1,4.25,2,2,permeability,60
auxiliary_gp_ei,2,3.25,2,2,permeability,60
auxiliary_gp_ei,3,3.0,2,2,permeability,60
auxiliary_gp_ei,4,3.0,2,2,permeability,60
auxiliary_ppo,1,9.083333333333334,2,2,permeability,60
auxiliary_ppo,2,7.916666666666667,2,2,permeability,60
auxiliary_ppo,3,7.291666666666667,2,2,permeability,60
auxiliary_ppo,4,7.291666666666667,2,2,permeability,60
auxiliary_trpo,1,8.083333333333332,2,2,permeability,60
auxiliary_trpo,2,6.958333333333334,2,2,permeability,60
auxiliary_trpo,3,6.541666666666667,2,2,permeability,60
auxiliary_trpo,4,6.541666666666667,2,2,permeability,60
auxiliary_warm,1,9.375,2,2,permeability,60
auxiliary_warm,2,8.208333333333334,2,2,permeability,60
auxiliary_warm,3,7.541666666666667,2,2,permeability,60
auxiliary_warm,4,7.541666666666667,2,2,permeability,60
historical_ppo,1,8.041666666666668,2,2,permeability,60
historical_ppo,2,6.916666666666667,2,2,permeability,60
historical_ppo,3,6.541666666666667,2,2,permeability,60
historical_ppo,4,6.541666666666667,2,2,permeability,60
original_dpo,1,7.958333333333333,2,2,permeability,60
original_dpo,2,6.916666666666667,2,2,permeability,60
original_dpo,3,6.458333333333334,2,2,permeability,60
original_dpo,4,6.458333333333334,2,2,permeability,60
original_gp_ei,1,4.25,2,2,permeability,60
original_gp_ei,2,3.5,2,2,permeability,60
original_gp_ei,3,3.25,2,2,permeability,60
original_gp_ei,4,3.25,2,2,permeability,60
original_ppo,1,7.5,2,2,permeability,60
original_ppo,2,6.416666666666667,2,2,permeability,60
original_ppo,3,6.166666666666667,2,2,permeability,60
original_ppo,4,6.166666666666667,2,2,permeability,60
original_trpo,1,7.583333333333333,2,2,permeability,60
original_trpo,2,6.458333333333334,2,2,permeability,60
original_trpo,3,6.125,2,2,permeability,60
original_trpo,4,6.125,2,2,permeability,60
original_warm,1,7.416666666666666,2,2,permeability,60
original_warm,2,6.333333333333334,2,2,permeability,60
original_warm,3,6.083333333333334,2,2,permeability,60
original_warm,4,6.083333333333334,2,2,permeability,60
random,1,37.25,2,2,permeability,60
random,2,24.833333333333336,2,2,permeability,60
random,3,18.625,2,2,permeability,60
random,4,14.9,2,2,permeability,60
auxiliary_dpo,1,5.202380952380952,7,6,all,70
auxiliary_dpo,2,4.571428571428571,7,6,all,70
auxiliary_dpo,3,4.3809523809523805,7,6,all,70
auxiliary_dpo,4,4.3809523809523805,7,6,all,70
auxiliary_gp_ei,1,5.178571428571429,7,6,all,70
auxiliary_gp_ei,2,4.321428571428571,7,6,all,70
auxiliary_gp_ei,3,3.75,7,6,all,70
auxiliary_gp_ei,4,3.607142857142857,7,6,all,70
auxiliary_ppo,1,5.607142857142857,7,6,all,70
auxiliary_ppo,2,4.8809523809523805,7,6,all,70
auxiliary_ppo,3,4.583333333333334,7,6,all,70
auxiliary_ppo,4,4.583333333333334,7,6,all,70
auxiliary_trpo,1,5.3809523809523805,7,6,all,70
auxiliary_trpo,2,4.654761904761905,7,6,all,70
auxiliary_trpo,3,4.511904761904762,7,6,all,70
auxiliary_trpo,4,4.511904761904762,7,6,all,70
auxiliary_warm,1,5.202380952380952,7,6,all,70
auxiliary_warm,2,4.476190476190476,7,6,all,70
auxiliary_warm,3,4.333333333333334,7,6,all,70
auxiliary_warm,4,4.333333333333334,7,6,all,70
historical_ppo,1,9.61904761904762,7,6,all,70
historical_ppo,2,8.380952380952381,7,6,all,70
historical_ppo,3,8.035714285714286,7,6,all,70
historical_ppo,4,7.880952380952381,7,6,all,70
original_dpo,1,8.976190476190476,7,6,all,70
original_dpo,2,7.428571428571429,7,6,all,70
original_dpo,3,6.976190476190476,7,6,all,70
original_dpo,4,6.809523809523809,7,6,all,70
original_gp_ei,1,8.571428571428571,7,6,all,70
original_gp_ei,2,6.035714285714286,7,6,all,70
original_gp_ei,3,5.428571428571429,7,6,all,70
original_gp_ei,4,5.285714285714286,7,6,all,70
original_ppo,1,9.38095238095238,7,6,all,70
original_ppo,2,8.035714285714286,7,6,all,70
original_ppo,3,7.571428571428571,7,6,all,70
original_ppo,4,7.464285714285714,7,6,all,70
original_trpo,1,9.48809523809524,7,6,all,70
original_trpo,2,8.559523809523808,7,6,all,70
original_trpo,3,7.773809523809524,7,6,all,70
original_trpo,4,7.666666666666666,7,6,all,70
original_warm,1,8.523809523809524,7,6,all,70
original_warm,2,7.083333333333334,7,6,all,70
original_warm,3,6.916666666666666,7,6,all,70
original_warm,4,6.809523809523809,7,6,all,70
random,1,34.885714285714286,7,6,all,70
random,2,21.14761904761905,7,6,all,70
random,3,17.242857142857144,7,6,all,70
random,4,14.4,7,6,all,70
auxiliary_dpo,1,4.7,5,4,microsomal_clearance,70
auxiliary_dpo,2,4.15,5,4,microsomal_clearance,70
auxiliary_dpo,3,3.95,5,4,microsomal_clearance,70
auxiliary_dpo,4,3.95,5,4,microsomal_clearance,70
auxiliary_gp_ei,1,5.05,5,4,microsomal_clearance,70
auxiliary_gp_ei,2,4.25,5,4,microsomal_clearance,70
auxiliary_gp_ei,3,3.85,5,4,microsomal_clearance,70
auxiliary_gp_ei,4,3.85,5,4,microsomal_clearance,70
auxiliary_ppo,1,5.383333333333333,5,4,microsomal_clearance,70
auxiliary_ppo,2,4.766666666666667,5,4,microsomal_clearance,70
auxiliary_ppo,3,4.35,5,4,microsomal_clearance,70
auxiliary_ppo,4,4.35,5,4,microsomal_clearance,70
auxiliary_trpo,1,5.083333333333333,5,4,microsomal_clearance,70
auxiliary_trpo,2,4.466666666666667,5,4,microsomal_clearance,70
auxiliary_trpo,3,4.266666666666667,5,4,microsomal_clearance,70
auxiliary_trpo,4,4.266666666666667,5,4,microsomal_clearance,70
auxiliary_warm,1,4.816666666666666,5,4,microsomal_clearance,70
auxiliary_warm,2,4.2,5,4,microsomal_clearance,70
auxiliary_warm,3,4.0,5,4,microsomal_clearance,70
auxiliary_warm,4,4.0,5,4,microsomal_clearance,70
historical_ppo,1,10.75,5,4,microsomal_clearance,70
historical_ppo,2,9.416666666666668,5,4,microsomal_clearance,70
historical_ppo,3,9.0,5,4,microsomal_clearance,70
historical_ppo,4,9.0,5,4,microsomal_clearance,70
original_dpo,1,9.95,5,4,microsomal_clearance,70
original_dpo,2,8.15,5,4,microsomal_clearance,70
original_dpo,3,7.583333333333334,5,4,microsomal_clearance,70
original_dpo,4,7.5,5,4,microsomal_clearance,70
original_gp_ei,1,9.9,5,4,microsomal_clearance,70
original_gp_ei,2,6.65,5,4,microsomal_clearance,70
original_gp_ei,3,6.2,5,4,microsomal_clearance,70
original_gp_ei,4,6.2,5,4,microsomal_clearance,70
original_ppo,1,10.5,5,4,microsomal_clearance,70
original_ppo,2,9.016666666666667,5,4,microsomal_clearance,70
original_ppo,3,8.4,5,4,microsomal_clearance,70
original_ppo,4,8.4,5,4,microsomal_clearance,70
original_trpo,1,10.666666666666668,5,4,microsomal_clearance,70
original_trpo,2,9.766666666666666,5,4,microsomal_clearance,70
original_trpo,3,8.7,5,4,microsomal_clearance,70
original_trpo,4,8.7,5,4,microsomal_clearance,70
original_warm,1,9.316666666666666,5,4,microsomal_clearance,70
original_warm,2,7.7,5,4,microsomal_clearance,70
original_warm,3,7.5,5,4,microsomal_clearance,70
original_warm,4,7.5,5,4,microsomal_clearance,70
random,1,30.839999999999996,5,4,microsomal_clearance,70
random,2,17.606666666666666,5,4,microsomal_clearance,70
random,3,15.14,5,4,microsomal_clearance,70
random,4,12.96,5,4,microsomal_clearance,70
auxiliary_dpo,1,2.25,1,1,protein_binding,70
auxiliary_dpo,2,2.25,1,1,protein_binding,70
auxiliary_dpo,3,2.25,1,1,protein_binding,70
auxiliary_dpo,4,2.25,1,1,protein_binding,70
auxiliary_gp_ei,1,4.5,1,1,protein_binding,70
auxiliary_gp_ei,2,4.5,1,1,protein_binding,70
auxiliary_gp_ei,3,3.0,1,1,protein_binding,70
auxiliary_gp_ei,4,2.0,1,1,protein_binding,70
auxiliary_ppo,1,2.25,1,1,protein_binding,70
auxiliary_ppo,2,2.25,1,1,protein_binding,70
auxiliary_ppo,3,2.25,1,1,protein_binding,70
auxiliary_ppo,4,2.25,1,1,protein_binding,70
auxiliary_trpo,1,2.3333333333333335,1,1,protein_binding,70
auxiliary_trpo,2,2.3333333333333335,1,1,protein_binding,70
auxiliary_trpo,3,2.3333333333333335,1,1,protein_binding,70
auxiliary_trpo,4,2.3333333333333335,1,1,protein_binding,70
auxiliary_warm,1,2.25,1,1,protein_binding,70
auxiliary_warm,2,2.25,1,1,protein_binding,70
auxiliary_warm,3,2.25,1,1,protein_binding,70
auxiliary_warm,4,2.25,1,1,protein_binding,70
historical_ppo,1,3.5,1,1,protein_binding,70
historical_ppo,2,3.5,1,1,protein_binding,70
historical_ppo,3,3.1666666666666665,1,1,protein_binding,70
historical_ppo,4,2.0833333333333335,1,1,protein_binding,70
original_dpo,1,3.1666666666666665,1,1,protein_binding,70
original_dpo,2,3.1666666666666665,1,1,protein_binding,70
original_dpo,3,3.0,1,1,protein_binding,70
original_dpo,4,2.25,1,1,protein_binding,70
original_gp_ei,1,4.5,1,1,protein_binding,70
original_gp_ei,2,4.5,1,1,protein_binding,70
original_gp_ei,3,3.0,1,1,protein_binding,70
original_gp_ei,4,2.0,1,1,protein_binding,70
original_ppo,1,3.0833333333333335,1,1,protein_binding,70
original_ppo,2,3.0833333333333335,1,1,protein_binding,70
original_ppo,3,2.9166666666666665,1,1,protein_binding,70
original_ppo,4,2.1666666666666665,1,1,protein_binding,70
original_trpo,1,3.1666666666666665,1,1,protein_binding,70
original_trpo,2,3.1666666666666665,1,1,protein_binding,70
original_trpo,3,3.0,1,1,protein_binding,70
original_trpo,4,2.25,1,1,protein_binding,70
original_warm,1,3.1666666666666665,1,1,protein_binding,70
original_warm,2,3.1666666666666665,1,1,protein_binding,70
original_warm,3,3.0,1,1,protein_binding,70
original_warm,4,2.25,1,1,protein_binding,70
random,1,45.5,1,1,protein_binding,70
random,2,30.333333333333332,1,1,protein_binding,70
random,3,22.75,1,1,protein_binding,70
random,4,18.2,1,1,protein_binding,70
auxiliary_dpo,1,10.666666666666666,1,1,permeability,70
auxiliary_dpo,2,9.0,1,1,permeability,70
auxiliary_dpo,3,8.666666666666666,1,1,permeability,70
auxiliary_dpo,4,8.666666666666666,1,1,permeability,70
auxiliary_gp_ei,1,6.5,1,1,permeability,70
auxiliary_gp_ei,2,4.5,1,1,permeability,70
auxiliary_gp_ei,3,4.0,1,1,permeability,70
auxiliary_gp_ei,4,4.0,1,1,permeability,70
auxiliary_ppo,1,10.083333333333334,1,1,permeability,70
auxiliary_ppo,2,8.083333333333334,1,1,permeability,70
auxiliary_ppo,3,8.083333333333334,1,1,permeability,70
auxiliary_ppo,4,8.083333333333334,1,1,permeability,70
auxiliary_trpo,1,9.916666666666666,1,1,permeability,70
auxiliary_trpo,2,7.916666666666667,1,1,permeability,70
auxiliary_trpo,3,7.916666666666667,1,1,permeability,70
auxiliary_trpo,4,7.916666666666667,1,1,permeability,70
auxiliary_warm,1,10.083333333333334,1,1,permeability,70
auxiliary_warm,2,8.083333333333334,1,1,permeability,70
auxiliary_warm,3,8.083333333333334,1,1,permeability,70
auxiliary_warm,4,8.083333333333334,1,1,permeability,70
historical_ppo,1,10.083333333333334,1,1,permeability,70
historical_ppo,2,8.083333333333334,1,1,permeability,70
historical_ppo,3,8.083333333333334,1,1,permeability,70
historical_ppo,4,8.083333333333334,1,1,permeability,70
original_dpo,1,9.916666666666666,1,1,permeability,70
original_dpo,2,8.083333333333334,1,1,permeability,70
original_dpo,3,7.916666666666667,1,1,permeability,70
original_dpo,4,7.916666666666667,1,1,permeability,70
original_gp_ei,1,6.0,1,1,permeability,70
original_gp_ei,2,4.5,1,1,permeability,70
original_gp_ei,3,4.0,1,1,permeability,70
original_gp_ei,4,4.0,1,1,permeability,70
original_ppo,1,10.083333333333334,1,1,permeability,70
original_ppo,2,8.083333333333334,1,1,permeability,70
original_ppo,3,8.083333333333334,1,1,permeability,70
original_ppo,4,8.083333333333334,1,1,permeability,70
original_trpo,1,9.916666666666666,1,1,permeability,70
original_trpo,2,7.916666666666667,1,1,permeability,70
original_trpo,3,7.916666666666667,1,1,permeability,70
original_trpo,4,7.916666666666667,1,1,permeability,70
original_warm,1,9.916666666666666,1,1,permeability,70
original_warm,2,7.916666666666667,1,1,permeability,70
original_warm,3,7.916666666666667,1,1,permeability,70
original_warm,4,7.916666666666667,1,1,permeability,70
random,1,44.5,1,1,permeability,70
random,2,29.666666666666668,1,1,permeability,70
random,3,22.25,1,1,permeability,70
random,4,17.8,1,1,permeability,70
