method,baseline,cutoff,measurements,metric,endpoint,improvement,lower,upper
unchanged,gp,3,1,r2,cellular_clearance,0.08630801347874525,0.03658572381074703,0.15612434689499102
unchanged,gp,3,1,r2,efflux,0.044448997167163246,0.0010813480206447925,0.09003663433615897
unchanged,gp,3,1,r2,in_vivo_clearance,0.05961150046148191,0.019448560328455888,0.1017932595084436
unchanged,gp,3,1,r2,microsomal_clearance,-0.046895511916977606,-0.06964122869741743,-0.020325886111146687
unchanged,gp,3,1,r2,permeability,0.006129496470247871,-0.027841814517790216,0.03980337595211127
unchanged,gp,3,1,r2,protein_binding,0.023463615992229563,-0.008758138865640563,0.05027846414024228
unchanged,gp,3,1,r2,macro,0.028844351942148377,0.013303110685560974,0.04621678710143305
unchanged,gp,3,1,rho,cellular_clearance,0.05264772360894944,0.002901422400435528,0.11926350365741027
unchanged,gp,3,1,rho,efflux,0.011873647872155222,-0.035166040718589184,0.062184382471013044
unchanged,gp,3,1,rho,in_vivo_clearance,0.03078116755797006,-0.03198097913527245,0.0873651676514096
unchanged,gp,3,1,rho,microsomal_clearance,0.029429670842665782,0.01094210303457785,0.04652584798988285
unchanged,gp,3,1,rho,permeability,0.015500779455055813,-0.021427400145626264,0.05594576090517924
unchanged,gp,3,1,rho,protein_binding,0.04029771909458457,0.004014633484020373,0.10368327920907251
unchanged,gp,3,1,rho,macro,0.030088451405230147,0.009626351695887284,0.056105609455352805
unchanged,gp,3,1,nll,cellular_clearance,0.26745145428371575,0.07898881442339542,0.43205698788923536
unchanged,gp,3,1,nll,efflux,0.0488589714194717,0.01684119392081487,0.08220111198647594
unchanged,gp,3,1,nll,in_vivo_clearance,0.036714924293150174,0.006288631576486922,0.07162109653310524
unchanged,gp,3,1,nll,microsomal_clearance,-0.02593106398446714,-0.04273953609648535,-0.0071182728123314635
unchanged,gp,3,1,nll,permeability,0.0468520668909832,0.016663609076631197,0.08201194700250934
unchanged,gp,3,1,nll,protein_binding,0.26535262447093294,0.17536136648466005,0.44298431457184806
unchanged,gp,3,1,nll,macro,0.10654982956229776,0.07423615795944773,0.14688717965766168
unchanged,gp,3,2,r2,cellular_clearance,-0.0016833875998919314,-0.06586829624861298,0.09589045502210672
unchanged,gp,3,2,r2,efflux,0.01469689330751067,-0.012526080384650395,0.04523687278085164
unchanged,gp,3,2,r2,in_vivo_clearance,-0.004859533499679784,-0.04566322711135416,0.03706221334923294
unchanged,gp,3,2,r2,microsomal_clearance,-0.012777511334649503,-0.023858898467491323,-0.0011331667482237452
unchanged,gp,3,2,r2,permeability,-0.009049147099074626,-0.030534015466028085,0.010910489778280533
unchanged,gp,3,2,r2,protein_binding,0.0718224980672655,0.019548289691443392,0.14638966358768568
unchanged,gp,3,2,r2,macro,0.009691635306913388,-0.006498520634928853,0.03372765802969644
unchanged,gp,3,2,rho,cellular_clearance,0.046199659877347705,0.006753195004492653,0.09544818177052675
unchanged,gp,3,2,rho,efflux,0.0038700985952805104,-0.030796989788571857,0.04178876011518542
unchanged,gp,3,2,rho,in_vivo_clearance,0.010981917498413653,-0.04780245714239448,0.06009925122113711
unchanged,gp,3,2,rho,microsomal_clearance,0.020809950892595325,0.005318283049455338,0.03563156580064626
unchanged,gp,3,2,rho,permeability,0.00477582102459527,-0.026760992596963608,0.036715488871304845
unchanged,gp,3,2,rho,protein_binding,0.023023391133281328,-0.011801636289645326,0.08180567381053828
unchanged,gp,3,2,rho,macro,0.018276806503585628,0.004144366555433976,0.035938909331442524
unchanged,gp,3,2,nll,cellular_clearance,0.2372609207335418,0.051119242332690364,0.37141978157465394
unchanged,gp,3,2,nll,efflux,0.03802902422205914,-0.011882406517728998,0.0858097559528157
unchanged,gp,3,2,nll,in_vivo_clearance,-0.0006542182077787852,-0.05799369585813365,0.05844384942764077
unchanged,gp,3,2,nll,microsomal_clearance,-0.009376088185956657,-0.031160191423349103,0.012905265088996334
unchanged,gp,3,2,nll,permeability,0.03434522577947352,0.00011233323356085735,0.07212551367447512
unchanged,gp,3,2,nll,protein_binding,0.3444727044607151,0.20758299155407778,0.6271977928105573
unchanged,gp,3,2,nll,macro,0.10734626146700903,0.07108821634197608,0.1512020969668594
unchanged,gp,3,3,r2,cellular_clearance,0.014722667130639387,-0.016059443221910726,0.045137821355756495
unchanged,gp,3,3,r2,efflux,0.014669372088261664,-0.010911605618948758,0.04390954735018358
unchanged,gp,3,3,r2,in_vivo_clearance,0.013487298065976323,-0.015937047094982067,0.0453596657995546
unchanged,gp,3,3,r2,microsomal_clearance,-0.0006919771720300385,-0.009957666242189142,0.00962431563350642
unchanged,gp,3,3,r2,permeability,-0.011496050871574818,-0.03099931719186083,0.00927749775142812
unchanged,gp,3,3,r2,protein_binding,0.04616254182000798,0.007967592265480128,0.09658831723326677
unchanged,gp,3,3,r2,macro,0.012808975176880082,0.0027151588803955404,0.025491235511639156
unchanged,gp,3,3,rho,cellular_clearance,0.02522801703986917,-0.01549307648889127,0.07162091557453343
unchanged,gp,3,3,rho,efflux,0.03474419971259473,2.201322311821196e-05,0.0715306433356251
unchanged,gp,3,3,rho,in_vivo_clearance,0.010142523103526657,-0.06401053853695178,0.08098963280899545
unchanged,gp,3,3,rho,microsomal_clearance,0.015412831902142508,0.0011516058407398848,0.029274947994000624
unchanged,gp,3,3,rho,permeability,-0.002819937209288279,-0.03261523425274462,0.028987068005696774
unchanged,gp,3,3,rho,protein_binding,0.026156839928066517,-0.008636629932934714,0.08162370624576465
unchanged,gp,3,3,rho,macro,0.018144079079485214,0.002342597679294569,0.03792777658848665
unchanged,gp,3,3,nll,cellular_clearance,0.03804609489998478,-0.0012136091184180248,0.07392758890530034
unchanged,gp,3,3,nll,efflux,0.015419413476935661,-0.03210810212480219,0.0580489259320378
unchanged,gp,3,3,nll,in_vivo_clearance,0.07303748725084021,-0.0021219260669222617,0.17964951493385325
unchanged,gp,3,3,nll,microsomal_clearance,0.0005647024575005478,-0.021951937256165684,0.029791068272391488
unchanged,gp,3,3,nll,permeability,0.03014533192505594,-0.00474885997546451,0.06549618617221648
unchanged,gp,3,3,nll,protein_binding,0.2404198142476779,0.13902471011792575,0.3811692596770184
unchanged,gp,3,3,nll,macro,0.06627214070966583,0.04139267669312881,0.09742066038086532
unchanged,gp,3,5,r2,cellular_clearance,0.009325881853699744,-0.012642342010212087,0.03086615147153162
unchanged,gp,3,5,r2,efflux,0.0061378594152504354,-0.012359652102173178,0.026881207691631034
unchanged,gp,3,5,r2,in_vivo_clearance,-0.002696574952395862,-0.028482317926300262,0.023469758104862983
unchanged,gp,3,5,r2,microsomal_clearance,-0.0022062268604297053,-0.009422061827048335,0.0055447286500113985
unchanged,gp,3,5,r2,permeability,-0.016576675107844312,-0.03087111949554405,-0.0014689713623903353
unchanged,gp,3,5,r2,protein_binding,0.03808626520250476,0.0049014081380192335,0.084484221360229
unchanged,gp,3,5,r2,macro,0.005345088258464176,-0.003143180646925896,0.016339003254276948
unchanged,gp,3,5,rho,cellular_clearance,0.028161009527325753,-0.008346194564181154,0.06832058069658267
unchanged,gp,3,5,rho,efflux,0.02106058401294606,-0.010337395070433159,0.054632271577443776
unchanged,gp,3,5,rho,in_vivo_clearance,0.011246404699271628,-0.053317874229814356,0.07487801524816261
unchanged,gp,3,5,rho,microsomal_clearance,0.0011365571912966075,-0.012033076846694917,0.013613689109770687
unchanged,gp,3,5,rho,permeability,-0.002606883109029799,-0.03162852858387231,0.027559963314498247
unchanged,gp,3,5,rho,protein_binding,0.022473025357005103,-0.016428226868497764,0.08319172478597878
unchanged,gp,3,5,rho,macro,0.013578449613135894,-0.0018553389952698518,0.03293179295693093
unchanged,gp,3,5,nll,cellular_clearance,0.035215129940627345,-0.00041256358009720846,0.06924077316299011
unchanged,gp,3,5,nll,efflux,0.017318158881131578,-0.026422236881005097,0.05847228244266972
unchanged,gp,3,5,nll,in_vivo_clearance,0.0593994388970879,-0.022867379618427747,0.178437502270368
unchanged,gp,3,5,nll,microsomal_clearance,-0.003933024447141426,-0.02283056142243692,0.019584947488215095
unchanged,gp,3,5,nll,permeability,0.023152895986451608,-0.012558324444177591,0.059284262999214424
unchanged,gp,3,5,nll,protein_binding,0.2677692677107728,0.1385429335500293,0.4593220397151808
unchanged,gp,3,5,nll,macro,0.06648697782815498,0.03786464869679104,0.10575585390935453
unchanged,gp,3,10,r2,cellular_clearance,0.025984111550889713,0.004793106642467263,0.0455762254748825
unchanged,gp,3,10,r2,efflux,-8.31294011365471e-05,-0.02315531758059713,0.021464370504742352
unchanged,gp,3,10,r2,in_vivo_clearance,-0.028182362679538508,-0.06427045126639686,0.004745511638322779
unchanged,gp,3,10,r2,microsomal_clearance,-0.004264929737874883,-0.014388172191357292,0.006515584380595414
unchanged,gp,3,10,r2,permeability,-0.019077792510487208,-0.03558704121619937,-0.003008613820597336
unchanged,gp,3,10,r2,protein_binding,-0.017486589457668077,-0.06282777995864872,0.06910345236716574
unchanged,gp,3,10,r2,macro,-0.007185115372635918,-0.017217828056279003,0.009349697669790777
unchanged,gp,3,10,rho,cellular_clearance,0.0036116359433915565,-0.03617795827650833,0.04090419105425187
unchanged,gp,3,10,rho,efflux,0.014800277393725185,-0.0314304499827518,0.05964413220291597
unchanged,gp,3,10,rho,in_vivo_clearance,-0.02797402184456587,-0.11548012570308692,0.04682602771900974
unchanged,gp,3,10,rho,microsomal_clearance,-0.004125419065134936,-0.016426744124495796,0.007149402709920881
unchanged,gp,3,10,rho,permeability,-0.04933043297173249,-0.091010472102234,-0.005944705801705518
unchanged,gp,3,10,rho,protein_binding,0.03698604610663924,-0.012055889602634116,0.0970776466403433
unchanged,gp,3,10,rho,macro,-0.004338652406279551,-0.024834984882483698,0.016420980996565995
unchanged,gp,3,10,nll,cellular_clearance,0.05363828429943693,0.006174320482584483,0.09981925362678272
unchanged,gp,3,10,nll,efflux,0.0030412818171931225,-0.07080525630813245,0.08021759788195287
unchanged,gp,3,10,nll,in_vivo_clearance,0.007762835724412648,-0.07729331512137325,0.12903879130355042
unchanged,gp,3,10,nll,microsomal_clearance,-0.00034259934743723015,-0.024058201734715106,0.03229439543147758
unchanged,gp,3,10,nll,permeability,-0.0037561443695435116,-0.059412879506755875,0.05903243720467001
unchanged,gp,3,10,nll,protein_binding,0.16772826436249774,0.017356159629538837,0.2860021686958728
unchanged,gp,3,10,nll,macro,0.03801198708109329,0.004409110908903011,0.06867790857411704
mean_only,unchanged,3,1,r2,cellular_clearance,-0.0025105766039316846,-0.01108098807605061,0.006024597719654472
mean_only,unchanged,3,1,r2,efflux,0.0018608479092191393,-0.004459670257645018,0.007768085238288088
mean_only,unchanged,3,1,r2,in_vivo_clearance,0.0049032670739715956,-0.008134029611515846,0.01871921651870578
mean_only,unchanged,3,1,r2,microsomal_clearance,0.018518059159853092,0.014268042112261606,0.022909300427279372
mean_only,unchanged,3,1,r2,permeability,-0.0008593972677133683,-0.007844025950002918,0.004760607277271349
mean_only,unchanged,3,1,r2,protein_binding,-0.001065820536524666,-0.004937780307534044,0.004944369124987075
mean_only,unchanged,3,1,r2,macro,0.003474396622479018,0.0008282844885637931,0.0071589645735975795
mean_only,unchanged,3,1,rho,cellular_clearance,0.005484410680270012,-0.004778265576775337,0.016211189622969805
mean_only,unchanged,3,1,rho,efflux,-0.0045795794511050494,-0.013032593558958732,0.003041805824988212
mean_only,unchanged,3,1,rho,in_vivo_clearance,-0.020940396332844897,-0.037305776587931334,-0.0025419005025900353
mean_only,unchanged,3,1,rho,microsomal_clearance,-0.003348920772020512,-0.009270638572008657,0.002458195151329566
mean_only,unchanged,3,1,rho,permeability,0.0004407608936738977,-0.007733867380454989,0.008361938950665159
mean_only,unchanged,3,1,rho,protein_binding,0.002115220742751801,-0.004252859200942364,0.010354089719955252
mean_only,unchanged,3,1,rho,macro,-0.003471417373212458,-0.0072523956969393595,0.000676539973404615
mean_only,unchanged,3,1,nll,cellular_clearance,0.003283489999072286,-0.001053902411655154,0.008949855832965863
mean_only,unchanged,3,1,nll,efflux,0.008346673524311088,0.003567791818379982,0.013725331972215685
mean_only,unchanged,3,1,nll,in_vivo_clearance,0.0078176633835801,0.0013864816095182464,0.015391690094027414
mean_only,unchanged,3,1,nll,microsomal_clearance,0.014809249118719415,0.011915409179036994,0.01775744308798432
mean_only,unchanged,3,1,nll,permeability,-0.00018898823445947377,-0.004479778818950196,0.0035630779427436657
mean_only,unchanged,3,1,nll,protein_binding,0.00956880530808566,0.004660406356043555,0.014378023832673139
mean_only,unchanged,3,1,nll,macro,0.007272815516551513,0.005459229163146185,0.009690536844170577
mean_only,unchanged,3,2,r2,cellular_clearance,-0.057991068914956756,-0.09092513345438377,-0.012609204940639282
mean_only,unchanged,3,2,r2,efflux,-0.07516843911282817,-0.0993115975461825,-0.05109767856789621
mean_only,unchanged,3,2,r2,in_vivo_clearance,-0.12225648389499734,-0.21504595292794068,-0.06126909040347871
mean_only,unchanged,3,2,r2,microsomal_clearance,-0.049299569311938,-0.05870026317635462,-0.040437446958923894
mean_only,unchanged,3,2,r2,permeability,-0.07478297498691788,-0.088608308525572,-0.060871387204316375
mean_only,unchanged,3,2,r2,protein_binding,-0.06650229650661797,-0.0930224371474898,-0.05030347872898582
mean_only,unchanged,3,2,r2,macro,-0.07433347212137602,-0.09133852421943145,-0.05963881663336299
mean_only,unchanged,3,2,rho,cellular_clearance,0.001508724737955726,-0.01063084498905187,0.016295003501501797
mean_only,unchanged,3,2,rho,efflux,0.0004574889400665261,-0.011345186189633866,0.011582979019183112
mean_only,unchanged,3,2,rho,in_vivo_clearance,-0.007254293277924761,-0.02401908849499056,0.008416862407588733
mean_only,unchanged,3,2,rho,microsomal_clearance,-0.0016039786372554923,-0.00713826374015871,0.0036060258110646912
mean_only,unchanged,3,2,rho,permeability,0.005273684399940128,-0.005399550852916359,0.01622885468036635
mean_only,unchanged,3,2,rho,protein_binding,0.010286239418157303,0.0026395928229097916,0.020758175700025215
mean_only,unchanged,3,2,rho,macro,0.0014446442634899047,-0.003128021018329989,0.006274106124084204
mean_only,unchanged,3,2,nll,cellular_clearance,-0.06791732846962532,-0.08981136268692283,-0.03591592616230856
mean_only,unchanged,3,2,nll,efflux,-0.047072034738471456,-0.06267605010719367,-0.029056221383663792
mean_only,unchanged,3,2,nll,in_vivo_clearance,-0.04167239814432411,-0.05574741335835913,-0.023142909490794065
mean_only,unchanged,3,2,nll,microsomal_clearance,-0.038879903497457326,-0.0456090222551239,-0.03257053257412413
mean_only,unchanged,3,2,nll,permeability,-0.0571176869366588,-0.06637095057349848,-0.04747127690602959
mean_only,unchanged,3,2,nll,protein_binding,-0.07150268915250493,-0.09575093920241837,-0.05765725127316199
mean_only,unchanged,3,2,nll,macro,-0.05402700682317365,-0.05975325482868705,-0.046618351085951706
mean_only,unchanged,3,3,r2,cellular_clearance,-0.04471237438070441,-0.0656422689730362,-0.021258668509298313
mean_only,unchanged,3,3,r2,efflux,-0.038874637718761054,-0.055757555188674486,-0.022897154953919224
mean_only,unchanged,3,3,r2,in_vivo_clearance,-0.018736125569739834,-0.05450057022595911,0.008349046559616222
mean_only,unchanged,3,3,r2,microsomal_clearance,-0.024923579356706145,-0.032617472982468365,-0.017949854288838624
mean_only,unchanged,3,3,r2,permeability,-0.029100427604375916,-0.04447970517591051,-0.014137692213496991
mean_only,unchanged,3,3,r2,protein_binding,-0.025920874279649384,-0.07173620260566864,0.004399276465249884
mean_only,unchanged,3,3,r2,macro,-0.03037800315165613,-0.04025041265687398,-0.02221050940842242
mean_only,unchanged,3,3,rho,cellular_clearance,-0.0019765930754813074,-0.019216014928024057,0.015245664174318994
mean_only,unchanged,3,3,rho,efflux,-0.0034565136610842273,-0.022902282363744843,0.01483845869966423
mean_only,unchanged,3,3,rho,in_vivo_clearance,-0.003134417959621971,-0.03539263157697664,0.029429694836329613
mean_only,unchanged,3,3,rho,microsomal_clearance,-0.006602542941417684,-0.01497745350784006,0.0013843951870468212
mean_only,unchanged,3,3,rho,permeability,0.004186217436773907,-0.01253540106871856,0.0200331413206007
mean_only,unchanged,3,3,rho,protein_binding,0.01185356619170766,-0.0009382136094748627,0.028066059237344055
mean_only,unchanged,3,3,rho,macro,0.00014495266514606293,-0.007895670564257613,0.007776932131427272
mean_only,unchanged,3,3,nll,cellular_clearance,-0.046156138092901526,-0.06421214364400787,-0.0277725418412152
mean_only,unchanged,3,3,nll,efflux,-0.03451474512803256,-0.05138558234392996,-0.01870362268737102
mean_only,unchanged,3,3,nll,in_vivo_clearance,-0.016970476346493606,-0.03912167075729113,0.006788786924881469
mean_only,unchanged,3,3,nll,microsomal_clearance,-0.023101291750053782,-0.030309973095223076,-0.016198878563638584
mean_only,unchanged,3,3,nll,permeability,-0.0440424555283966,-0.059185264361627785,-0.03003166276201841
mean_only,unchanged,3,3,nll,protein_binding,-0.04648323441920669,-0.06769812038112953,-0.031683394207829896
mean_only,unchanged,3,3,nll,macro,-0.03521139021084746,-0.042175434267500776,-0.02864188600432576
mean_only,unchanged,3,5,r2,cellular_clearance,-0.022590505103850196,-0.04167523118686009,-0.0055132970774246035
mean_only,unchanged,3,5,r2,efflux,-0.0216580792226388,-0.03308086652574043,-0.01075097284969993
mean_only,unchanged,3,5,r2,in_vivo_clearance,0.003913371561427236,-0.025022869665719653,0.02663784751952306
mean_only,unchanged,3,5,r2,microsomal_clearance,-0.01416008590742125,-0.02017039745729574,-0.008346995083693748
mean_only,unchanged,3,5,r2,permeability,-0.020313423368652175,-0.03199608722948432,-0.009326964361740134
mean_only,unchanged,3,5,r2,protein_binding,0.0002061785139165247,-0.019419986759800077,0.012302329824159589
mean_only,unchanged,3,5,r2,macro,-0.012433757254536444,-0.020392253512177345,-0.006146605962213488
mean_only,unchanged,3,5,rho,cellular_clearance,-0.009407596324700344,-0.0323412631027252,0.01595036824061518
mean_only,unchanged,3,5,rho,efflux,-0.00022794394422587718,-0.020204888330933805,0.02037412061583233
mean_only,unchanged,3,5,rho,in_vivo_clearance,-0.006712612704861726,-0.041462623033025274,0.032576710787754634
mean_only,unchanged,3,5,rho,microsomal_clearance,-0.00665715791232048,-0.015818551499851247,0.0015647774872177254
mean_only,unchanged,3,5,rho,permeability,-0.006336938464807143,-0.024662063875172693,0.011338796228483165
mean_only,unchanged,3,5,rho,protein_binding,0.008438984258563922,-0.010918649707463377,0.024194653342817316
mean_only,unchanged,3,5,rho,macro,-0.0034838775153919407,-0.01245778001232636,0.006678614343142749
mean_only,unchanged,3,5,nll,cellular_clearance,-0.044658659600947025,-0.07348600102326347,-0.02462136828567911
mean_only,unchanged,3,5,nll,efflux,-0.026850583394016588,-0.04489570414728242,-0.009813086842909819
mean_only,unchanged,3,5,nll,in_vivo_clearance,-0.0024863873650945575,-0.026074061535254066,0.021997264021334974
mean_only,unchanged,3,5,nll,microsomal_clearance,-0.018573741146491417,-0.025350501760590657,-0.01230428130962554
mean_only,unchanged,3,5,nll,permeability,-0.04622951592254155,-0.06470755641401965,-0.029283723451581527
mean_only,unchanged,3,5,nll,protein_binding,-0.033902588673975456,-0.05023346030629028,-0.019154578049139583
mean_only,unchanged,3,5,nll,macro,-0.028783579350511096,-0.03747379102107169,-0.021680806295674232
mean_only,unchanged,3,10,r2,cellular_clearance,-0.017025930009887422,-0.0335607726590118,-0.0012577943769693436
mean_only,unchanged,3,10,r2,efflux,-0.019140815251205173,-0.032446507334788925,-0.005378260415026715
mean_only,unchanged,3,10,r2,in_vivo_clearance,-0.0002009139532879291,-0.027600273029372444,0.026371589733015025
mean_only,unchanged,3,10,r2,microsomal_clearance,-0.010458776372655623,-0.014917486735303985,-0.00599560798009577
mean_only,unchanged,3,10,r2,permeability,-0.006112535505771846,-0.02726888197837461,0.013550445014502388
mean_only,unchanged,3,10,r2,protein_binding,0.017099486243193598,-0.021513405699881888,0.03733248510916539
mean_only,unchanged,3,10,r2,macro,-0.005973247474935733,-0.015929541807876663,0.0005136029447917188
mean_only,unchanged,3,10,rho,cellular_clearance,-0.02841633776446434,-0.06706670686975019,0.0014249776725415286
mean_only,unchanged,3,10,rho,efflux,-0.016932875842407887,-0.044670640521366024,0.010001530288078956
mean_only,unchanged,3,10,rho,in_vivo_clearance,-0.0016039121896028546,-0.052631352058917044,0.049560164367206914
mean_only,unchanged,3,10,rho,microsomal_clearance,-0.01606180769359178,-0.02719773183386383,-0.0054830848627441505
mean_only,unchanged,3,10,rho,permeability,-0.00033512390736076914,-0.01803771332566423,0.01710165652676827
mean_only,unchanged,3,10,rho,protein_binding,0.012751927435623873,-0.010258112454216326,0.041201776318941556
mean_only,unchanged,3,10,rho,macro,-0.008433021660300624,-0.02051229585556275,0.003820470090190393
mean_only,unchanged,3,10,nll,cellular_clearance,-0.04221376597618308,-0.06496639320503138,-0.022337250329006603
mean_only,unchanged,3,10,nll,efflux,-0.04715101280178345,-0.07785560437770377,-0.019014506723184617
mean_only,unchanged,3,10,nll,in_vivo_clearance,-0.01525782033871122,-0.04666156288758523,0.019878174805335453
mean_only,unchanged,3,10,nll,microsomal_clearance,-0.02059901830089977,-0.028122256919768492,-0.01364029578734523
mean_only,unchanged,3,10,nll,permeability,-0.04014679840420943,-0.06370724606454316,-0.01809565879874483
mean_only,unchanged,3,10,nll,protein_binding,-0.04578984653638622,-0.06809579553408153,-0.02164709801156454
mean_only,unchanged,3,10,nll,macro,-0.03519304372636219,-0.0445382843165713,-0.02521641674305642
kernel_only,unchanged,3,1,r2,cellular_clearance,0.0020615610747995875,-0.00045268127428530267,0.008181095235979924
kernel_only,unchanged,3,1,r2,efflux,-0.00013082271999372347,-0.0014735661870470154,0.001264309429877487
kernel_only,unchanged,3,1,r2,in_vivo_clearance,0.0013446692973639548,-0.0020263878862105075,0.004410909690716365
kernel_only,unchanged,3,1,r2,microsomal_clearance,-0.00017038942991591538,-0.0007913622741380778,0.0004727960469154473
kernel_only,unchanged,3,1,r2,permeability,-0.0007333695078019878,-0.001273812088655508,-0.00023972318216042488
kernel_only,unchanged,3,1,r2,protein_binding,-0.003132195814922842,-0.0045274449909561655,-0.001802371209306481
kernel_only,unchanged,3,1,r2,macro,-0.00012675785007848768,-0.0009839177150241952,0.0006863918780411573
kernel_only,unchanged,3,1,rho,cellular_clearance,0.0014867057707881551,-0.0030412900548686325,0.004990428058917904
kernel_only,unchanged,3,1,rho,efflux,-0.0016441158521884125,-0.00407772829049029,0.000834189292822092
kernel_only,unchanged,3,1,rho,in_vivo_clearance,-0.001372245474673776,-0.008669998338867248,0.008724674911064868
kernel_only,unchanged,3,1,rho,microsomal_clearance,0.00020847575714421938,-0.0009114421030463878,0.001457642691205753
kernel_only,unchanged,3,1,rho,permeability,0.0007948940403782836,-0.0005014060895313191,0.0022528898432912846
kernel_only,unchanged,3,1,rho,protein_binding,0.0010801040754624194,-0.001294799628645825,0.00444104124913503
kernel_only,unchanged,3,1,rho,macro,9.23030528184815e-05,-0.0013959066071405116,0.002044535590927368
kernel_only,unchanged,3,1,nll,cellular_clearance,6.17382231842799e-05,-0.0021165571571062332,0.0018070084225427162
kernel_only,unchanged,3,1,nll,efflux,0.0021990317605605774,-0.00076189729757585,0.005072402150674827
kernel_only,unchanged,3,1,nll,in_vivo_clearance,0.0009578480977993997,-0.0008999625055086095,0.002529104408241055
kernel_only,unchanged,3,1,nll,microsomal_clearance,0.0004172521461534594,-0.0009868518543926764,0.001730645562245956
kernel_only,unchanged,3,1,nll,permeability,-0.0021888009368153257,-0.00385729606653876,-0.0005593876880572383
kernel_only,unchanged,3,1,nll,protein_binding,0.0021285160121226215,-0.005451790631364984,0.007453554970476927
kernel_only,unchanged,3,1,nll,macro,0.0005959308838341687,-0.0013535357449192503,0.0020265279403557913
kernel_only,unchanged,3,2,r2,cellular_clearance,0.0654789068008213,0.008238268448858438,0.12797732481456367
kernel_only,unchanged,3,2,r2,efflux,0.009199757274769658,0.0018919715841514324,0.016495741376484914
kernel_only,unchanged,3,2,r2,in_vivo_clearance,0.02063059107977038,0.00817349330832867,0.037715241082219936
kernel_only,unchanged,3,2,r2,microsomal_clearance,0.0021769716339192597,-0.000584453221017078,0.005184868716384169
kernel_only,unchanged,3,2,r2,permeability,0.001342088800731608,-0.004887926091431427,0.006553655698756106
kernel_only,unchanged,3,2,r2,protein_binding,-0.0290802394637062,-0.08211631348004826,0.0013990110186273125
kernel_only,unchanged,3,2,r2,macro,0.011624679354384335,-0.0026988622865422402,0.022504758656134775
kernel_only,unchanged,3,2,rho,cellular_clearance,-0.0009410090033729711,-0.0076129670640421926,0.007136001198880514
kernel_only,unchanged,3,2,rho,efflux,-0.005072489159715457,-0.012055179646871453,0.002237814618603558
kernel_only,unchanged,3,2,rho,in_vivo_clearance,-0.0002193504936309915,-0.011021912688538136,0.012431498901923264
kernel_only,unchanged,3,2,rho,microsomal_clearance,0.0023163900670554864,-0.0005354909712240531,0.004898808821584069
kernel_only,unchanged,3,2,rho,permeability,0.006208719225689245,-0.00019661657890753296,0.013193814657361039
kernel_only,unchanged,3,2,rho,protein_binding,0.00357757488188963,-0.0029980553389595543,0.007869453056798559
kernel_only,unchanged,3,2,rho,macro,0.0009783059196524903,-0.0018691630945365833,0.004177173153759092
kernel_only,unchanged,3,2,nll,cellular_clearance,-0.008217467057976382,-0.016120316242860675,0.003366101125267727
kernel_only,unchanged,3,2,nll,efflux,-0.00020114087264527775,-0.008516259987063114,0.009260268339136244
kernel_only,unchanged,3,2,nll,in_vivo_clearance,-0.0028246688016759533,-0.020314271105665603,0.011012643638130057
kernel_only,unchanged,3,2,nll,microsomal_clearance,-0.008096159967237775,-0.013406995718230072,-0.003420729776546388
kernel_only,unchanged,3,2,nll,permeability,-0.00979067376430969,-0.016808607972802713,-0.0037606220348704853
kernel_only,unchanged,3,2,nll,protein_binding,-0.023236438381134934,-0.052426441623541466,-0.007804229964135957
kernel_only,unchanged,3,2,nll,macro,-0.008727758140830003,-0.01452423645784657,-0.005112847134704185
kernel_only,unchanged,3,3,r2,cellular_clearance,0.007893187727758547,0.0020978575877699935,0.014551366827726639
kernel_only,unchanged,3,3,r2,efflux,0.005345732514383308,-0.00026586858475127463,0.010687795499523834
kernel_only,unchanged,3,3,r2,in_vivo_clearance,0.015920971376148237,0.0015612271662064365,0.029890181518779268
kernel_only,unchanged,3,3,r2,microsomal_clearance,0.004226203896409778,0.0015378890343337016,0.006964297004520117
kernel_only,unchanged,3,3,r2,permeability,0.00416608830901582,-0.002895615154044093,0.011438664221293424
kernel_only,unchanged,3,3,r2,protein_binding,-0.004380293714972192,-0.03395725561395912,0.016160501969732347
kernel_only,unchanged,3,3,r2,macro,0.005528648351457249,-0.0006688984812777958,0.01040969436137645
kernel_only,unchanged,3,3,rho,cellular_clearance,-0.0019634774753025624,-0.011920367422874802,0.00869185246154956
kernel_only,unchanged,3,3,rho,efflux,-0.007351802761177364,-0.01658898169500753,0.0009844148286620611
kernel_only,unchanged,3,3,rho,in_vivo_clearance,0.0005560381426697676,-0.020205684096497645,0.020851794937202187
kernel_only,unchanged,3,3,rho,microsomal_clearance,0.005464143845886604,0.0015148189462163778,0.009311234591969034
kernel_only,unchanged,3,3,rho,permeability,0.008251923674924508,-0.000614004873698856,0.01686177968194026
kernel_only,unchanged,3,3,rho,protein_binding,0.009383600015561043,-0.0016715542232186283,0.017213915424806533
kernel_only,unchanged,3,3,rho,macro,0.0023900709070936665,-0.0026674491361396726,0.006816400975695351
kernel_only,unchanged,3,3,nll,cellular_clearance,0.0028850436109397236,-0.003861884747751263,0.011015069729592574
kernel_only,unchanged,3,3,nll,efflux,-0.002242520513212411,-0.011990667145854872,0.008133094781311407
kernel_only,unchanged,3,3,nll,in_vivo_clearance,0.008504369693326538,-0.0021758653350121933,0.017321710338253023
kernel_only,unchanged,3,3,nll,microsomal_clearance,-0.00031928768612552366,-0.004318053371214654,0.0029641804309042674
kernel_only,unchanged,3,3,nll,permeability,-0.010504987021131729,-0.018848085673835054,-0.0032306633325771728
kernel_only,unchanged,3,3,nll,protein_binding,-0.017990166949562125,-0.0394052094397607,-0.005080418252186918
kernel_only,unchanged,3,3,nll,macro,-0.0032779248109609214,-0.007457867737991233,0.0001770942826978373
kernel_only,unchanged,3,5,r2,cellular_clearance,0.00837555796886998,0.002758471209530507,0.014373817215499183
kernel_only,unchanged,3,5,r2,efflux,0.0049369548872495355,0.0009307144173790482,0.00904945113209805
kernel_only,unchanged,3,5,r2,in_vivo_clearance,0.017285242805285095,0.0034599996566847735,0.029451627427846665
kernel_only,unchanged,3,5,r2,microsomal_clearance,0.0055234361116123,0.0034605976139754206,0.00763843738677312
kernel_only,unchanged,3,5,r2,permeability,0.008005613267804084,0.003494061343007811,0.012612767955694907
kernel_only,unchanged,3,5,r2,protein_binding,0.007116675144072415,-0.005456501308820178,0.017646652649564987
kernel_only,unchanged,3,5,r2,macro,0.00854058003081557,0.004315935404693248,0.012241273616751116
kernel_only,unchanged,3,5,rho,cellular_clearance,-0.00189681062768915,-0.012180460824566999,0.007955965695248453
kernel_only,unchanged,3,5,rho,efflux,0.0018227307642583004,-0.008762919359460244,0.013631147028733326
kernel_only,unchanged,3,5,rho,in_vivo_clearance,0.008926966138893658,-0.013509039924887735,0.033064086538559447
kernel_only,unchanged,3,5,rho,microsomal_clearance,0.0030627801977327835,-0.0014386789774041072,0.007254053198796
kernel_only,unchanged,3,5,rho,permeability,0.012262882731027073,0.00165522652625954,0.022563554722953273
kernel_only,unchanged,3,5,rho,protein_binding,-0.00038770915157494755,-0.014672394697880368,0.00844361166499474
kernel_only,unchanged,3,5,rho,macro,0.00396514000877462,-0.0011852563951882287,0.008900952194772665
kernel_only,unchanged,3,5,nll,cellular_clearance,0.003365788146186233,-0.003367604423784805,0.010406354393342985
kernel_only,unchanged,3,5,nll,efflux,-0.001335080944286422,-0.00828323455434705,0.006552345006458154
kernel_only,unchanged,3,5,nll,in_vivo_clearance,0.014174152721392637,0.0010690989529388306,0.024327725061929335
kernel_only,unchanged,3,5,nll,microsomal_clearance,0.0031503455635383277,-0.000489068470631392,0.006282584728660173
kernel_only,unchanged,3,5,nll,permeability,-0.0025181827800155087,-0.010066844138764169,0.003915934555478883
kernel_only,unchanged,3,5,nll,protein_binding,-0.006441352238789428,-0.01634281735910287,0.002054699063849232
kernel_only,unchanged,3,5,nll,macro,0.0017326117446709735,-0.0014744897129428593,0.004691293636231265
kernel_only,unchanged,3,10,r2,cellular_clearance,0.011764819478954821,0.005769922721184974,0.017614990428700315
kernel_only,unchanged,3,10,r2,efflux,0.005187397804168095,0.001125363138278561,0.009451206697463055
kernel_only,unchanged,3,10,r2,in_vivo_clearance,0.0212176339656452,0.009183778824074488,0.03603155886298252
kernel_only,unchanged,3,10,r2,microsomal_clearance,0.00821093272764609,0.0055835617282073285,0.010999000590219039
kernel_only,unchanged,3,10,r2,permeability,0.01807721786174781,0.010443053947972656,0.026037373794520008
kernel_only,unchanged,3,10,r2,protein_binding,0.03009429954398182,0.002509255104846981,0.048189203058781986
kernel_only,unchanged,3,10,r2,macro,0.015758716897023975,0.009323361858021585,0.020247736957182925
kernel_only,unchanged,3,10,rho,cellular_clearance,0.0029831172423487894,-0.011496331643216414,0.015105545155394261
kernel_only,unchanged,3,10,rho,efflux,0.01328312202736183,0.0036123162260167335,0.023858578957525776
kernel_only,unchanged,3,10,rho,in_vivo_clearance,0.028577935621142393,0.01123351460385423,0.05869702210419231
kernel_only,unchanged,3,10,rho,microsomal_clearance,0.007774274086136006,0.002497775218014927,0.0130792919027354
kernel_only,unchanged,3,10,rho,permeability,0.018636331934895785,0.006309464384753731,0.031294024117641914
kernel_only,unchanged,3,10,rho,protein_binding,0.012701131138160375,-0.0018863972569091387,0.03180187606854984
kernel_only,unchanged,3,10,rho,macro,0.013992652008340864,0.008680427478397404,0.020694887288745998
kernel_only,unchanged,3,10,nll,cellular_clearance,0.008426057349308853,0.0013370030609114885,0.015185883622200807
kernel_only,unchanged,3,10,nll,efflux,-0.0006852111311531422,-0.00944643220645111,0.00744612508863617
kernel_only,unchanged,3,10,nll,in_vivo_clearance,0.013432626777682513,-0.003373486546056789,0.0270771119546801
kernel_only,unchanged,3,10,nll,microsomal_clearance,0.006550155103202898,0.0027490535620775794,0.010056631245931504
kernel_only,unchanged,3,10,nll,permeability,0.014146548256608597,0.0036810762899539473,0.024436832101873966
kernel_only,unchanged,3,10,nll,protein_binding,6.267605294412288e-05,-0.01042231261792687,0.014025494441473822
kernel_only,unchanged,3,10,nll,macro,0.006988808734765641,0.0032134643301123854,0.010902936148836133
mean_and_kernel,unchanged,3,1,r2,cellular_clearance,-3.33406989703951e-05,-0.0028834020722028515,0.0029190329589742973
mean_and_kernel,unchanged,3,1,r2,efflux,0.00044074731728704805,-0.0010359969444625739,0.0018815417776146832
mean_and_kernel,unchanged,3,1,r2,in_vivo_clearance,0.004545364863932447,0.00106914732819104,0.007232293291755087
mean_and_kernel,unchanged,3,1,r2,microsomal_clearance,0.0017104899585651855,0.00045492554936898705,0.002891647877023936
mean_and_kernel,unchanged,3,1,r2,permeability,-0.0007607260524168395,-0.0019975889628779356,0.0005461268697396561
mean_and_kernel,unchanged,3,1,r2,protein_binding,-0.0016118308340022467,-0.002888901783207128,0.00022286282394460265
mean_and_kernel,unchanged,3,1,r2,macro,0.0007151174257325332,-8.768006097789354e-05,0.0014231063880833263
mean_and_kernel,unchanged,3,1,rho,cellular_clearance,0.002739837012092177,-0.001774940033948702,0.0061602477826991995
mean_and_kernel,unchanged,3,1,rho,efflux,-0.002418688419647152,-0.006246212771831153,0.0009580585504110697
mean_and_kernel,unchanged,3,1,rho,in_vivo_clearance,0.0021402023602521037,-0.00850741555881683,0.015013187178732292
mean_and_kernel,unchanged,3,1,rho,microsomal_clearance,0.000835575931771569,-0.0015833743058228601,0.0035696326739222298
mean_and_kernel,unchanged,3,1,rho,permeability,0.0010680041226286878,-0.0011422465150584705,0.0033047046836756646
mean_and_kernel,unchanged,3,1,rho,protein_binding,0.0006200556063767489,-0.0007394899609670877,0.002919537544414837
mean_and_kernel,unchanged,3,1,rho,macro,0.000830831102245689,-0.001171162021306206,0.003184141918352063
mean_and_kernel,unchanged,3,1,nll,cellular_clearance,0.0005292890318994252,-0.0016513844726829218,0.0022643889907847776
mean_and_kernel,unchanged,3,1,nll,efflux,0.0023908814681229337,-0.0008402105152204007,0.005586179296205893
mean_and_kernel,unchanged,3,1,nll,in_vivo_clearance,0.002227778377388358,0.00011680013236200241,0.003908304947589746
mean_and_kernel,unchanged,3,1,nll,microsomal_clearance,0.002667559980045719,0.0005473199535364954,0.00477987746958833
mean_and_kernel,unchanged,3,1,nll,permeability,-0.0022305494646691314,-0.003989625340897674,-0.0003661486346660403
mean_and_kernel,unchanged,3,1,nll,protein_binding,0.005384096809205122,-0.00047545675629844794,0.009427599800659594
mean_and_kernel,unchanged,3,1,nll,macro,0.0018281760336654046,0.00010537891067119708,0.0030075783264862832
mean_and_kernel,unchanged,3,2,r2,cellular_clearance,0.06537850942611376,0.00941432665263016,0.12553214787274217
mean_and_kernel,unchanged,3,2,r2,efflux,0.010679845684522748,0.002753453928633352,0.01899011837840232
mean_and_kernel,unchanged,3,2,r2,in_vivo_clearance,0.023732466387289288,0.011252139900243511,0.04054247993569409
mean_and_kernel,unchanged,3,2,r2,microsomal_clearance,0.0016870584404904516,-0.001272007986956904,0.0049092684560168845
mean_and_kernel,unchanged,3,2,r2,permeability,0.0011730277528356097,-0.005231387503801303,0.006565182314793353
mean_and_kernel,unchanged,3,2,r2,protein_binding,-0.033033223510665226,-0.08592086421293911,-0.0031652834909400938
mean_and_kernel,unchanged,3,2,r2,macro,0.011602947363431107,-0.0025000939566211743,0.0220422755823561
mean_and_kernel,unchanged,3,2,rho,cellular_clearance,0.004525646061463019,-0.006378949092253888,0.019192977232648813
mean_and_kernel,unchanged,3,2,rho,efflux,-0.003202015189109026,-0.012223926135517676,0.0050663581895112565
mean_and_kernel,unchanged,3,2,rho,in_vivo_clearance,0.008955662772384791,-0.007403028853375979,0.02781326247137257
mean_and_kernel,unchanged,3,2,rho,microsomal_clearance,0.004271502788001973,-0.0008907756840481429,0.00918009146469244
mean_and_kernel,unchanged,3,2,rho,permeability,0.003202074358725708,-0.006190964738365489,0.013447916463481719
mean_and_kernel,unchanged,3,2,rho,protein_binding,0.010235610626335262,0.0012544349584511835,0.015805159012928338
mean_and_kernel,unchanged,3,2,rho,macro,0.004664746902966955,0.0004862476430865408,0.009490021880057478
mean_and_kernel,unchanged,3,2,nll,cellular_clearance,-0.007800772355894798,-0.015695087366381196,0.004724894952771809
mean_and_kernel,unchanged,3,2,nll,efflux,0.0017754164095247495,-0.007127287847349939,0.012338429084840298
mean_and_kernel,unchanged,3,2,nll,in_vivo_clearance,-0.0011258437011827246,-0.017988789964566914,0.012491916169876069
mean_and_kernel,unchanged,3,2,nll,microsomal_clearance,-0.010496739945026033,-0.016463744881221126,-0.00525512130964429
mean_and_kernel,unchanged,3,2,nll,permeability,-0.011355397438788883,-0.019117539885541168,-0.004655300866823808
mean_and_kernel,unchanged,3,2,nll,protein_binding,-0.02818596843989297,-0.058463432380589916,-0.012077352535426494
mean_and_kernel,unchanged,3,2,nll,macro,-0.009531550911876777,-0.015123022961846573,-0.005897925697546695
mean_and_kernel,unchanged,3,3,r2,cellular_clearance,0.009622111751954276,0.0031795342903539665,0.01719756961939044
mean_and_kernel,unchanged,3,3,r2,efflux,0.006976232872364451,0.0007095393619181643,0.012709493938981091
mean_and_kernel,unchanged,3,3,r2,in_vivo_clearance,0.01752624494523312,0.002930147358353638,0.03203037765589329
mean_and_kernel,unchanged,3,3,r2,microsomal_clearance,0.005456985579584924,0.0026630115137782815,0.008373345037521981
mean_and_kernel,unchanged,3,3,r2,permeability,0.005639833309682773,-0.001664664322672725,0.0133462676118084
mean_and_kernel,unchanged,3,3,r2,protein_binding,-0.002668773841076994,-0.031864136328008705,0.016966748254821355
mean_and_kernel,unchanged,3,3,r2,macro,0.007092105769623758,0.0008641153667300909,0.011923919207510469
mean_and_kernel,unchanged,3,3,rho,cellular_clearance,0.010761806352296404,-0.0007695411216122654,0.022304766065588795
mean_and_kernel,unchanged,3,3,rho,efflux,-0.0039244024444827046,-0.017630692233342297,0.008706206411374156
mean_and_kernel,unchanged,3,3,rho,in_vivo_clearance,0.008007116731078855,-0.014860837418970587,0.02998161867769074
mean_and_kernel,unchanged,3,3,rho,microsomal_clearance,0.0024080418242159777,-0.002835621330125688,0.00813058531737063
mean_and_kernel,unchanged,3,3,rho,permeability,0.008480721838358374,-0.0043999653482580505,0.020189049661058688
mean_and_kernel,unchanged,3,3,rho,protein_binding,0.018771789251218602,0.0039453244285462,0.030202395813223502
mean_and_kernel,unchanged,3,3,rho,macro,0.007417512258780919,0.001345381377289429,0.012741796562622856
mean_and_kernel,unchanged,3,3,nll,cellular_clearance,0.00043802256156608214,-0.007612946495468563,0.009153874136993565
mean_and_kernel,unchanged,3,3,nll,efflux,0.0002853523517249406,-0.008615360937387712,0.009928444844165737
mean_and_kernel,unchanged,3,3,nll,in_vivo_clearance,0.00842221563851449,-0.0038360230734699316,0.018174736743556692
mean_and_kernel,unchanged,3,3,nll,microsomal_clearance,0.0004350017491311358,-0.0039295297179749635,0.004106278637839337
mean_and_kernel,unchanged,3,3,nll,permeability,-0.010002806487448761,-0.018098060403137,-0.002674048681707438
mean_and_kernel,unchanged,3,3,nll,protein_binding,-0.016071248918037438,-0.036556296459313076,-0.003197493206114694
mean_and_kernel,unchanged,3,3,nll,macro,-0.0027489105174249248,-0.007184219835157788,0.0008241147448393549
mean_and_kernel,unchanged,3,5,r2,cellular_clearance,0.008632758045128848,0.0009512666950968881,0.01619950032219141
mean_and_kernel,unchanged,3,5,r2,efflux,0.006977561756556795,0.002116573385762647,0.011843303278378682
mean_and_kernel,unchanged,3,5,r2,in_vivo_clearance,0.020416780658741755,0.005314802691547364,0.033933216192481186
mean_and_kernel,unchanged,3,5,r2,microsomal_clearance,0.007369364838387613,0.005201536764351747,0.009617607495078105
mean_and_kernel,unchanged,3,5,r2,permeability,0.008590802767175075,0.0035487893989669425,0.013698865879233467
mean_and_kernel,unchanged,3,5,r2,protein_binding,0.00962798491191884,-0.0022720604854415843,0.01974188345678531
mean_and_kernel,unchanged,3,5,r2,macro,0.010269208829651487,0.0056913811255612,0.014186492517695248
mean_and_kernel,unchanged,3,5,rho,cellular_clearance,0.009505803883902287,-0.0038291403848654793,0.02260995131920641
mean_and_kernel,unchanged,3,5,rho,efflux,0.005954317777729537,-0.006197923033661275,0.01865208878318189
mean_and_kernel,unchanged,3,5,rho,in_vivo_clearance,0.0012249586216750612,-0.027437540588590773,0.03198564826355041
mean_and_kernel,unchanged,3,5,rho,microsomal_clearance,0.005358315562465022,-0.00014130121222930052,0.010977515570065087
mean_and_kernel,unchanged,3,5,rho,permeability,0.0005961721162829142,-0.011806792720526779,0.012262546898550681
mean_and_kernel,unchanged,3,5,rho,protein_binding,0.007245905010417035,-0.008237581769579463,0.018771352654782615
mean_and_kernel,unchanged,3,5,rho,macro,0.004980912162078642,-0.001741838612229535,0.011363523687967775
mean_and_kernel,unchanged,3,5,nll,cellular_clearance,0.0007669181385499367,-0.009223787672293968,0.009699074213111456
mean_and_kernel,unchanged,3,5,nll,efflux,0.00040221469781757935,-0.006937149935058774,0.008511165044992297
mean_and_kernel,unchanged,3,5,nll,in_vivo_clearance,0.01633776038224346,0.0014681443789703527,0.02772713088269639
mean_and_kernel,unchanged,3,5,nll,microsomal_clearance,0.004640535932532992,0.0010059470072048445,0.007740512090185832
mean_and_kernel,unchanged,3,5,nll,permeability,-0.0026275907075521453,-0.010922919584049048,0.00446640622150711
mean_and_kernel,unchanged,3,5,nll,protein_binding,-0.0026251793738886306,-0.012300748611036577,0.007081563900891754
mean_and_kernel,unchanged,3,5,nll,macro,0.002815776511617199,-0.0008479337821525766,0.006124829007536405
mean_and_kernel,unchanged,3,10,r2,cellular_clearance,0.011872433770929362,0.004254354335933928,0.018923125618492683
mean_and_kernel,unchanged,3,10,r2,efflux,0.005281441349309631,0.0014129760994657727,0.009572904657201814
mean_and_kernel,unchanged,3,10,r2,in_vivo_clearance,0.023788271046632517,0.009987837723822926,0.03879448531416385
mean_and_kernel,unchanged,3,10,r2,microsomal_clearance,0.009315676701259948,0.006644862164425969,0.012076438410469435
mean_and_kernel,unchanged,3,10,r2,permeability,0.01930987744400985,0.010858852452675467,0.027614595502524913
mean_and_kernel,unchanged,3,10,r2,protein_binding,0.033338359968396424,0.004049366552817783,0.052428853748044305
mean_and_kernel,unchanged,3,10,r2,macro,0.017151010046756288,0.010259525423757349,0.021786842739404382
mean_and_kernel,unchanged,3,10,rho,cellular_clearance,0.002275930316914809,-0.022718690746687902,0.021867971629635708
mean_and_kernel,unchanged,3,10,rho,efflux,0.011465167626738555,-0.0005999988286163339,0.024719503893314062
mean_and_kernel,unchanged,3,10,rho,in_vivo_clearance,0.03109092500060797,0.005651004147006297,0.06650466460961564
mean_and_kernel,unchanged,3,10,rho,microsomal_clearance,0.008766974418600944,0.0029682596826351277,0.015094222064830774
mean_and_kernel,unchanged,3,10,rho,permeability,0.014883323613968165,0.00042095879520048156,0.02950345791870317
mean_and_kernel,unchanged,3,10,rho,protein_binding,0.02154705474209605,0.0070385507039415485,0.03794138139558612
mean_and_kernel,unchanged,3,10,rho,macro,0.015004895953154414,0.00805499541392004,0.022609306781869704
mean_and_kernel,unchanged,3,10,nll,cellular_clearance,0.005838968927354891,-0.003062473260135233,0.013779179788072481
mean_and_kernel,unchanged,3,10,nll,efflux,-0.0015098188889249504,-0.010980426442549766,0.006934520741394106
mean_and_kernel,unchanged,3,10,nll,in_vivo_clearance,0.015431269845679507,-0.001062465320170728,0.028640383630096775
mean_and_kernel,unchanged,3,10,nll,microsomal_clearance,0.007280683217369684,0.003835578776354398,0.010351903613416051
mean_and_kernel,unchanged,3,10,nll,permeability,0.015214989186528478,0.004482598182227584,0.025301515477669092
mean_and_kernel,unchanged,3,10,nll,protein_binding,0.0022086821369380334,-0.008253605845462942,0.015536762140167916
mean_and_kernel,unchanged,3,10,nll,macro,0.007410795737490941,0.003363229009001167,0.011398034199386054
kernel_only,gp,3,1,r2,cellular_clearance,0.08836957455354484,0.03949448730711313,0.16017220133249022
kernel_only,gp,3,1,r2,efflux,0.044318174447169525,0.0008911751519562564,0.08990734848820292
kernel_only,gp,3,1,r2,in_vivo_clearance,0.06095616975884587,0.01981569677696653,0.10199438311556966
kernel_only,gp,3,1,r2,microsomal_clearance,-0.047065901346893514,-0.06981086350894614,-0.020512851781459125
kernel_only,gp,3,1,r2,permeability,0.005396126962445888,-0.028766359955163943,0.039050980635273506
kernel_only,gp,3,1,r2,protein_binding,0.020331420177306724,-0.011808884885509081,0.046729510694415055
kernel_only,gp,3,1,r2,macro,0.028717594092069892,0.013059707003489173,0.046160377952128316
kernel_only,gp,3,1,rho,cellular_clearance,0.05413442937973759,0.005605396956309904,0.11944597119717076
kernel_only,gp,3,1,rho,efflux,0.010229532019966812,-0.03695306633300717,0.06091094078035317
kernel_only,gp,3,1,rho,in_vivo_clearance,0.029408922083296284,-0.033051257342221356,0.08703375082069104
kernel_only,gp,3,1,rho,microsomal_clearance,0.029638146599809997,0.01124387682923872,0.046882433884987425
kernel_only,gp,3,1,rho,permeability,0.0162956734954341,-0.02099419825502183,0.056491464791429864
kernel_only,gp,3,1,rho,protein_binding,0.04137782317004699,0.004699529329121796,0.10518079084862257
kernel_only,gp,3,1,rho,macro,0.03018075445804863,0.00936857077336392,0.05642399980656208
kernel_only,gp,3,1,nll,cellular_clearance,0.26751319250690003,0.07866518630913785,0.43213109526417287
kernel_only,gp,3,1,nll,efflux,0.051058003180032285,0.01880337157561571,0.08488266404764669
kernel_only,gp,3,1,nll,in_vivo_clearance,0.03767277239094958,0.007454405139987128,0.07207737139039683
kernel_only,gp,3,1,nll,microsomal_clearance,-0.025513811838313683,-0.04259667855368259,-0.006587168216361338
kernel_only,gp,3,1,nll,permeability,0.04466326595416787,0.015048128235128487,0.07924968465122222
kernel_only,gp,3,1,nll,protein_binding,0.26748114048305555,0.17999122368664308,0.4401348062790783
kernel_only,gp,3,1,nll,macro,0.10714576044613193,0.07394780259733313,0.1466822394020645
kernel_only,gp,3,2,r2,cellular_clearance,0.06379551920092938,0.039708096679470326,0.11535336487887332
kernel_only,gp,3,2,r2,efflux,0.023896650582280323,-0.003702357031958398,0.05358661829104489
kernel_only,gp,3,2,r2,in_vivo_clearance,0.015771057580090602,-0.0145296359029487,0.0538350159534699
kernel_only,gp,3,2,r2,microsomal_clearance,-0.010600539700730244,-0.021487685910685964,0.0007239754330471518
kernel_only,gp,3,2,r2,permeability,-0.007707058298343019,-0.031358106022693746,0.01320453928548725
kernel_only,gp,3,2,r2,protein_binding,0.0427422586035593,0.006750115461964467,0.07411307390210341
kernel_only,gp,3,2,r2,macro,0.021316314661297724,0.011117206409520656,0.03529804896661367
kernel_only,gp,3,2,rho,cellular_clearance,0.045258650873974744,0.004916464812265489,0.09531996189180739
kernel_only,gp,3,2,rho,efflux,-0.0012023905644349428,-0.0362671270361538,0.037443014984813505
kernel_only,gp,3,2,rho,in_vivo_clearance,0.010762567004782656,-0.04701266912587098,0.06048652542447068
kernel_only,gp,3,2,rho,microsomal_clearance,0.023126340959650805,0.007491152163965608,0.03809581108866166
kernel_only,gp,3,2,rho,permeability,0.010984540250284513,-0.021480381900718572,0.04325780570248936
kernel_only,gp,3,2,rho,protein_binding,0.02660096601517095,-0.0070820093849206164,0.08433434807561624
kernel_only,gp,3,2,rho,macro,0.019255112423238123,0.004395874820410843,0.03778711554255821
kernel_only,gp,3,2,nll,cellular_clearance,0.2290434536755654,0.050512516179432296,0.35661812233428697
kernel_only,gp,3,2,nll,efflux,0.03782788334941386,-0.011135787427118685,0.08441683893616793
kernel_only,gp,3,2,nll,in_vivo_clearance,-0.0034788870094547447,-0.0750732888133693,0.06467105570216002
kernel_only,gp,3,2,nll,microsomal_clearance,-0.01747224815319444,-0.038843696494793994,0.0033119290426627777
kernel_only,gp,3,2,nll,permeability,0.02455455201516384,-0.011393529122264084,0.0626908192774661
kernel_only,gp,3,2,nll,protein_binding,0.32123626607958017,0.19538678439591461,0.580509334913775
kernel_only,gp,3,2,nll,macro,0.09861850332617901,0.06170424342366058,0.14022920787254303
kernel_only,gp,3,3,r2,cellular_clearance,0.02261585485839793,-0.009072982610621111,0.05313098646669394
kernel_only,gp,3,3,r2,efflux,0.02001510460264497,-0.005014081831209999,0.04924341271532391
kernel_only,gp,3,3,r2,in_vivo_clearance,0.029408269442124563,0.005133332935261441,0.055653874003586234
kernel_only,gp,3,3,r2,microsomal_clearance,0.0035342267243797395,-0.005583326530314417,0.013368221010128358
kernel_only,gp,3,3,r2,permeability,-0.007329962562558992,-0.025702726787197046,0.011996659205951336
kernel_only,gp,3,3,r2,protein_binding,0.04178224810503578,0.01286591799371385,0.08074038412220803
kernel_only,gp,3,3,r2,macro,0.018337623528337333,0.008480775283037277,0.029058191823327067
kernel_only,gp,3,3,rho,cellular_clearance,0.02326453956456661,-0.018767806679380522,0.07054593643884158
kernel_only,gp,3,3,rho,efflux,0.027392396951417368,-0.007285717582853918,0.06306049659951693
kernel_only,gp,3,3,rho,in_vivo_clearance,0.01069856124619643,-0.06304598679399562,0.08289385659725433
kernel_only,gp,3,3,rho,microsomal_clearance,0.020876975748029113,0.006225550568132599,0.03490100933141604
kernel_only,gp,3,3,rho,permeability,0.005431986465636229,-0.023626175663585332,0.03571078811058078
kernel_only,gp,3,3,rho,protein_binding,0.03554043994362756,0.002226574278108788,0.08908498418463602
kernel_only,gp,3,3,rho,macro,0.020534149986578886,0.005097701004389244,0.0398922716214106
kernel_only,gp,3,3,nll,cellular_clearance,0.0409311385109245,0.001980837001201487,0.07730833698471812
kernel_only,gp,3,3,nll,efflux,0.013176892963723253,-0.03099450637943573,0.05249424488062716
kernel_only,gp,3,3,nll,in_vivo_clearance,0.08154185694416674,0.008815628824656148,0.1834162181948124
kernel_only,gp,3,3,nll,microsomal_clearance,0.00024541477137502685,-0.020916835901791733,0.027380147013943767
kernel_only,gp,3,3,nll,permeability,0.01964034490392421,-0.016913270842223577,0.05629587948100171
kernel_only,gp,3,3,nll,protein_binding,0.22242964729811576,0.12494198907493191,0.3486327630764551
kernel_only,gp,3,3,nll,macro,0.06299421589870491,0.03902615595668604,0.09211223599846295
kernel_only,gp,3,5,r2,cellular_clearance,0.017701439822569724,-0.004447796873082531,0.0393865573565656
kernel_only,gp,3,5,r2,efflux,0.011074814302499968,-0.007393028571565455,0.03136901555597226
kernel_only,gp,3,5,r2,in_vivo_clearance,0.014588667852889228,-0.008280955713488252,0.037281828280610364
kernel_only,gp,3,5,r2,microsomal_clearance,0.003317209251182594,-0.0038663390406647262,0.010930588041835306
kernel_only,gp,3,5,r2,permeability,-0.008571061840040223,-0.02313073104151269,0.0063603469041760355
kernel_only,gp,3,5,r2,protein_binding,0.04520294034657717,0.020282712960597304,0.08196494783399132
kernel_only,gp,3,5,r2,macro,0.013885668289279743,0.006294053357204129,0.023026573852292603
kernel_only,gp,3,5,rho,cellular_clearance,0.026264198899636614,-0.009509944222528544,0.06477030909179365
kernel_only,gp,3,5,rho,efflux,0.022883314777204365,-0.009395592729091204,0.057780208483339125
kernel_only,gp,3,5,rho,in_vivo_clearance,0.020173370838165287,-0.04223299366909151,0.08543761124931522
kernel_only,gp,3,5,rho,microsomal_clearance,0.004199337389029393,-0.009597822710440332,0.016972573744382272
kernel_only,gp,3,5,rho,permeability,0.009655999621997273,-0.019671023801385253,0.03976692576983356
kernel_only,gp,3,5,rho,protein_binding,0.022085316205430153,-0.013569779906536983,0.07744529803286584
kernel_only,gp,3,5,rho,macro,0.01754358962191051,0.001576177811322592,0.03672068313816334
kernel_only,gp,3,5,nll,cellular_clearance,0.03858091808681358,0.0031823515712698686,0.07325378785885227
kernel_only,gp,3,5,nll,efflux,0.015983077936845155,-0.02635357755371059,0.055115118324356914
kernel_only,gp,3,5,nll,in_vivo_clearance,0.07357359161848054,-0.008088749246812224,0.18816727151288817
kernel_only,gp,3,5,nll,microsomal_clearance,-0.0007826788836031006,-0.018612429471334263,0.02091935405253169
kernel_only,gp,3,5,nll,permeability,0.020634713206436103,-0.01567582434282324,0.05688454410676313
kernel_only,gp,3,5,nll,protein_binding,0.26132791547198336,0.13743259402631905,0.44463609119999825
kernel_only,gp,3,5,nll,macro,0.06821958957282594,0.04030498352271855,0.10580179351954906
kernel_only,gp,3,10,r2,cellular_clearance,0.03774893102984454,0.0172372116699935,0.05635541181777123
kernel_only,gp,3,10,r2,efflux,0.005104268403031549,-0.016382827839331496,0.026111827429352114
kernel_only,gp,3,10,r2,in_vivo_clearance,-0.006964728713893306,-0.03295969137021148,0.020416557214713384
kernel_only,gp,3,10,r2,microsomal_clearance,0.003946002989771207,-0.004889568548117805,0.014037052052001904
kernel_only,gp,3,10,r2,permeability,-0.001000574648739396,-0.01779178460862534,0.015314857223982193
kernel_only,gp,3,10,r2,protein_binding,0.012607710086313737,-0.016036257052016778,0.07370841086329837
kernel_only,gp,3,10,r2,macro,0.008573601524388056,0.0005720107565412348,0.020604826882260827
kernel_only,gp,3,10,rho,cellular_clearance,0.006594753185740342,-0.03552667834814243,0.04364573973096867
kernel_only,gp,3,10,rho,efflux,0.02808339942108701,-0.01460970308306171,0.06995335419931344
kernel_only,gp,3,10,rho,in_vivo_clearance,0.0006039137765765201,-0.08888525019076443,0.08098575270997688
kernel_only,gp,3,10,rho,microsomal_clearance,0.003648855021001067,-0.009012266155105588,0.015312723233858487
kernel_only,gp,3,10,rho,permeability,-0.030694101036836705,-0.06884924950959341,0.010325467445852375
kernel_only,gp,3,10,rho,protein_binding,0.0496871772447996,-0.0074600369629959674,0.12126838689344502
kernel_only,gp,3,10,rho,macro,0.009653999602061307,-0.011386331564830082,0.03238576749651547
kernel_only,gp,3,10,nll,cellular_clearance,0.06206434164874579,0.013829297444714783,0.1078876298912774
kernel_only,gp,3,10,nll,efflux,0.0023560706860399783,-0.06878552749189024,0.07711421440430123
kernel_only,gp,3,10,nll,in_vivo_clearance,0.02119546250209517,-0.06395532652438819,0.14438097530428531
kernel_only,gp,3,10,nll,microsomal_clearance,0.006207555755765672,-0.017903097867787605,0.03819707933800858
kernel_only,gp,3,10,nll,permeability,0.010390403887065084,-0.04322276024056237,0.07113306135563349
kernel_only,gp,3,10,nll,protein_binding,0.16779094041544182,0.027369894192528495,0.2775795113697315
kernel_only,gp,3,10,nll,macro,0.04500079581585892,0.011790945936570605,0.07487453611761734
mean_and_kernel,gp,3,1,r2,cellular_clearance,0.08627467277977487,0.03727630337453724,0.1562496406943535
mean_and_kernel,gp,3,1,r2,efflux,0.044889744484450295,0.001571667787854281,0.09037930410269637
mean_and_kernel,gp,3,1,r2,in_vivo_clearance,0.06415686532541436,0.02342124220904637,0.10575505261294325
mean_and_kernel,gp,3,1,r2,microsomal_clearance,-0.04518502195841241,-0.06797449858337457,-0.01856345123192694
mean_and_kernel,gp,3,1,r2,permeability,0.005368770417831031,-0.028201036239257703,0.03862054429312353
mean_and_kernel,gp,3,1,r2,protein_binding,0.02185178515822732,-0.009555650011823402,0.048465020082547196
mean_and_kernel,gp,3,1,r2,macro,0.029559469367880915,0.013863557860338566,0.04671458344960868
mean_and_kernel,gp,3,1,rho,cellular_clearance,0.05538756062104162,0.006751003598964757,0.12090015869730074
mean_and_kernel,gp,3,1,rho,efflux,0.009454959452508072,-0.037898641361183295,0.060599174229079435
mean_and_kernel,gp,3,1,rho,in_vivo_clearance,0.032921369918222164,-0.030213254199096123,0.09073260887041829
mean_and_kernel,gp,3,1,rho,microsomal_clearance,0.030265246774437343,0.012410669334904652,0.04741405024598577
mean_and_kernel,gp,3,1,rho,permeability,0.01656878357768451,-0.020899481804565894,0.05684846823445321
mean_and_kernel,gp,3,1,rho,protein_binding,0.04091777470096132,0.004143883643802419,0.10480035178573381
mean_and_kernel,gp,3,1,rho,macro,0.030919282507475842,0.010093694592287747,0.05756068127619885
mean_and_kernel,gp,3,1,nll,cellular_clearance,0.2679807433156151,0.07975476132377597,0.4325772741016899
mean_and_kernel,gp,3,1,nll,efflux,0.051249852887594635,0.018896205328397257,0.08507776650010002
mean_and_kernel,gp,3,1,nll,in_vivo_clearance,0.038942702670538544,0.008651337045297348,0.07319685580312067
mean_and_kernel,gp,3,1,nll,microsomal_clearance,-0.02326350400442142,-0.04031529125286729,-0.004585567347900996
mean_and_kernel,gp,3,1,nll,permeability,0.04462151742631406,0.015013338622824236,0.07947646739879796
mean_and_kernel,gp,3,1,nll,protein_binding,0.27073672128013804,0.18285803602467227,0.4438260426986635
mean_and_kernel,gp,3,1,nll,macro,0.10837800559596317,0.07561276627511392,0.14795138908568756
mean_and_kernel,gp,3,2,r2,cellular_clearance,0.06369512182622182,0.03982983218630874,0.11639260071835372
mean_and_kernel,gp,3,2,r2,efflux,0.025376738992033417,-0.002408768463520449,0.05514338611338
mean_and_kernel,gp,3,2,r2,in_vivo_clearance,0.01887293288760951,-0.011709943985076385,0.056711047598819564
mean_and_kernel,gp,3,2,r2,microsomal_clearance,-0.011090452894159048,-0.022163825379164205,0.0006066053445536487
mean_and_kernel,gp,3,2,r2,permeability,-0.007876119346239016,-0.03146091336605738,0.013350305554008443
mean_and_kernel,gp,3,2,r2,protein_binding,0.03878927455660027,0.002958779487564773,0.07033814001658963
mean_and_kernel,gp,3,2,r2,macro,0.021294582670344495,0.011103254527355149,0.0352951352533626
mean_and_kernel,gp,3,2,rho,cellular_clearance,0.05072530593881072,0.008784406947996226,0.10468776893129553
mean_and_kernel,gp,3,2,rho,efflux,0.0006680834061714869,-0.03393312759725848,0.038430809295284675
mean_and_kernel,gp,3,2,rho,in_vivo_clearance,0.019937580270798443,-0.038731973686787116,0.06879370260079457
mean_and_kernel,gp,3,2,rho,microsomal_clearance,0.025081453680597297,0.008823863768481734,0.04028817044798508
mean_and_kernel,gp,3,2,rho,permeability,0.007977895383320978,-0.024865252830156667,0.04045274321883859
mean_and_kernel,gp,3,2,rho,protein_binding,0.03325900175961659,-0.0001657381176120845,0.0907912602569984
mean_and_kernel,gp,3,2,rho,macro,0.022941553406552583,0.007652482985581882,0.04230451204740098
mean_and_kernel,gp,3,2,nll,cellular_clearance,0.22946014837764697,0.05120063432408068,0.35727343708110865
mean_and_kernel,gp,3,2,nll,efflux,0.039804440631583886,-0.008751722511581279,0.08608114518950112
mean_and_kernel,gp,3,2,nll,in_vivo_clearance,-0.0017800619089615101,-0.07292760410288426,0.06679804341358235
mean_and_kernel,gp,3,2,nll,microsomal_clearance,-0.019872828130982696,-0.041746921644994106,0.001304994091772295
mean_and_kernel,gp,3,2,nll,permeability,0.022989828340684637,-0.0134973032179878,0.061360038649070484
mean_and_kernel,gp,3,2,nll,protein_binding,0.3162867360208222,0.1909194788387175,0.5744856005392431
mean_and_kernel,gp,3,2,nll,macro,0.09781471055513224,0.06097819215753458,0.13962961771112428
mean_and_kernel,gp,3,3,r2,cellular_clearance,0.02434477888259366,-0.007186020097557133,0.05506059521271399
mean_and_kernel,gp,3,3,r2,efflux,0.02164560496062611,-0.0037999178405528967,0.05057574695234856
mean_and_kernel,gp,3,3,r2,in_vivo_clearance,0.03101354301120945,0.006496770990403354,0.05742571001037495
mean_and_kernel,gp,3,3,r2,microsomal_clearance,0.0047650084075548825,-0.004382972408191315,0.014722070701907264
mean_and_kernel,gp,3,3,r2,permeability,-0.005856217561892044,-0.024251268589747396,0.013466683389717486
mean_and_kernel,gp,3,3,r2,protein_binding,0.04349376797893098,0.013492420581295895,0.08479906381921676
mean_and_kernel,gp,3,3,r2,macro,0.01990108094650384,0.009829681242449671,0.030967738426718492
mean_and_kernel,gp,3,3,rho,cellular_clearance,0.035989823392165575,-0.006063821545755856,0.08218185704367145
mean_and_kernel,gp,3,3,rho,efflux,0.030819797268112025,-0.002098263757492949,0.06670534390609931
mean_and_kernel,gp,3,3,rho,in_vivo_clearance,0.018149639834605515,-0.05384568130143808,0.08641189786624509
mean_and_kernel,gp,3,3,rho,microsomal_clearance,0.017820873726358485,0.00343505690321711,0.031887134737012365
mean_and_kernel,gp,3,3,rho,permeability,0.005660784629070097,-0.024872573437914547,0.037741776132637586
mean_and_kernel,gp,3,3,rho,protein_binding,0.04492862917928511,0.011658720347293696,0.0967216907821081
mean_and_kernel,gp,3,3,rho,macro,0.025561591338266135,0.009681041242911088,0.04492954622196314
mean_and_kernel,gp,3,3,nll,cellular_clearance,0.038484117461550865,-0.0016328367340564995,0.07574855307533183
mean_and_kernel,gp,3,3,nll,efflux,0.015704765828660604,-0.02995573728556663,0.056317640932865724
mean_and_kernel,gp,3,3,nll,in_vivo_clearance,0.0814597028893547,0.008344786585948153,0.1826834924731891
mean_and_kernel,gp,3,3,nll,microsomal_clearance,0.0009997042066316893,-0.020427716464931495,0.0286780468082542
mean_and_kernel,gp,3,3,nll,permeability,0.02014252543760718,-0.01670109064272254,0.05676476062490455
mean_and_kernel,gp,3,3,nll,protein_binding,0.2243485653296405,0.12778993704338568,0.3507118997825923
mean_and_kernel,gp,3,3,nll,macro,0.06352323019224093,0.039444787279814125,0.09301407330872982
mean_and_kernel,gp,3,5,r2,cellular_clearance,0.017958639898828593,-0.005186110695694936,0.04082706565274362
mean_and_kernel,gp,3,5,r2,efflux,0.013115421171807232,-0.005717813822603351,0.03353381274958325
mean_and_kernel,gp,3,5,r2,in_vivo_clearance,0.01772020570634589,-0.004424050335579269,0.03943099360564719
mean_and_kernel,gp,3,5,r2,microsomal_clearance,0.0051631379779579056,-0.0021755437678721077,0.012899307636590715
mean_and_kernel,gp,3,5,r2,permeability,-0.007985872340669232,-0.02257086368273267,0.006939621315366529
mean_and_kernel,gp,3,5,r2,protein_binding,0.0477142501144236,0.02233095418152836,0.08508850507153808
mean_and_kernel,gp,3,5,r2,macro,0.015614297088115667,0.007947172174385267,0.02489688449301029
mean_and_kernel,gp,3,5,rho,cellular_clearance,0.03766681341122805,0.0005991940953908802,0.0795687233888383
mean_and_kernel,gp,3,5,rho,efflux,0.027014901790675602,-0.004586724610727569,0.060801204311837394
mean_and_kernel,gp,3,5,rho,in_vivo_clearance,0.01247136332094669,-0.049054322414338304,0.07204367706122589
mean_and_kernel,gp,3,5,rho,microsomal_clearance,0.006494872753761631,-0.006782591815676055,0.019260473234023457
mean_and_kernel,gp,3,5,rho,permeability,-0.0020107109927468814,-0.030455463077713477,0.02764302014303171
mean_and_kernel,gp,3,5,rho,protein_binding,0.02971893036742214,-0.006694529759434269,0.08515316706158785
mean_and_kernel,gp,3,5,rho,macro,0.01855936177521454,0.0029513353696782405,0.03734548072472662
mean_and_kernel,gp,3,5,nll,cellular_clearance,0.03598204807917728,-0.00013022550689438948,0.07073590253415812
mean_and_kernel,gp,3,5,nll,efflux,0.017720373578949157,-0.024750845821491122,0.057840271058743994
mean_and_kernel,gp,3,5,nll,in_vivo_clearance,0.07573719927933135,-0.0049811479550766645,0.1884705734150527
mean_and_kernel,gp,3,5,nll,microsomal_clearance,0.0007075114853915623,-0.017498357151759104,0.02271237513312385
mean_and_kernel,gp,3,5,nll,permeability,0.02052530527889946,-0.01593785219869062,0.05622124959255078
mean_and_kernel,gp,3,5,nll,protein_binding,0.2651440883368842,0.14077200343537136,0.4494907737585652
mean_and_kernel,gp,3,5,nll,macro,0.06930275433977216,0.04120751795161542,0.10710794647960631
mean_and_kernel,gp,3,10,r2,cellular_clearance,0.037856545321819084,0.016781484042622287,0.05695652355764143
mean_and_kernel,gp,3,10,r2,efflux,0.005198311948173083,-0.01662658600516175,0.02681777812853276
mean_and_kernel,gp,3,10,r2,in_vivo_clearance,-0.004394091632905992,-0.03070911701871412,0.02341480981972074
mean_and_kernel,gp,3,10,r2,microsomal_clearance,0.005050746963385066,-0.004011151245025722,0.01538667748221512
mean_and_kernel,gp,3,10,r2,permeability,0.0002320849335226403,-0.0173313371429177,0.016936924982369077
mean_and_kernel,gp,3,10,r2,protein_binding,0.01585177051072835,-0.012057041822176724,0.07593233745866755
mean_and_kernel,gp,3,10,r2,macro,0.009965894674120372,0.0017767940876337374,0.021886100449775816
mean_and_kernel,gp,3,10,rho,cellular_clearance,0.005887566260306367,-0.041095541879334826,0.04700766119934529
mean_and_kernel,gp,3,10,rho,efflux,0.026265445020463747,-0.017669251680094755,0.06959906602131267
mean_and_kernel,gp,3,10,rho,in_vivo_clearance,0.0031169031560421044,-0.0960019650835868,0.08641243496702777
mean_and_kernel,gp,3,10,rho,microsomal_clearance,0.0046415553534660085,-0.007705101122645208,0.01641449811820363
mean_and_kernel,gp,3,10,rho,permeability,-0.03444710935776433,-0.07211181698984342,0.005492123201633397
mean_and_kernel,gp,3,10,rho,protein_binding,0.05853310084873529,0.006045557675260406,0.12395403844708593
mean_and_kernel,gp,3,10,rho,macro,0.010666243546874864,-0.01158011838905611,0.032841663106477854
mean_and_kernel,gp,3,10,nll,cellular_clearance,0.05947725322679183,0.012973592229949522,0.10329439196745815
mean_and_kernel,gp,3,10,nll,efflux,0.001531462928268174,-0.06971963791470968,0.07683680577538031
mean_and_kernel,gp,3,10,nll,in_vivo_clearance,0.023194105570092168,-0.06247769122093189,0.14642128532241896
mean_and_kernel,gp,3,10,nll,microsomal_clearance,0.006938083869932458,-0.01681109979053832,0.03908149325161496
mean_and_kernel,gp,3,10,nll,permeability,0.011458844816984963,-0.04206302992519736,0.07222645536170115
mean_and_kernel,gp,3,10,nll,protein_binding,0.16993694649943575,0.0300519045122498,0.2804546122781364
mean_and_kernel,gp,3,10,nll,macro,0.04542278281858422,0.012310066276554623,0.07527003853413937
mean_and_kernel,mean_only,3,1,r2,cellular_clearance,0.00247723590496129,-0.005124888582926481,0.010467518018604802
mean_and_kernel,mean_only,3,1,r2,efflux,-0.001420100591932092,-0.007489102562934588,0.004988062145992058
mean_and_kernel,mean_only,3,1,r2,in_vivo_clearance,-0.000357902210039148,-0.01555864137821565,0.014420430511668742
mean_and_kernel,mean_only,3,1,r2,microsomal_clearance,-0.016807569201287908,-0.021234092041583573,-0.012561118229310976
mean_and_kernel,mean_only,3,1,r2,permeability,9.867121529652855e-05,-0.005737661596283579,0.00728212437957639
mean_and_kernel,mean_only,3,1,r2,protein_binding,-0.0005460102974775805,-0.005442071702332186,0.002813873679740089
mean_and_kernel,mean_only,3,1,r2,macro,-0.002759279196746485,-0.006361140738253231,-3.0052726136327834e-05
mean_and_kernel,mean_only,3,1,rho,cellular_clearance,-0.0027445736681778357,-0.013442681302762953,0.0062371681071172
mean_and_kernel,mean_only,3,1,rho,efflux,0.002160891031457898,-0.005262659567987512,0.010132541850452334
mean_and_kernel,mean_only,3,1,rho,in_vivo_clearance,0.023080598693097,0.007135884283843117,0.03940376407651279
mean_and_kernel,mean_only,3,1,rho,microsomal_clearance,0.004184496703792081,-0.0015339968572414607,0.010410540848251756
mean_and_kernel,mean_only,3,1,rho,permeability,0.0006272432289547892,-0.00750779587308212,0.009249752192499846
mean_and_kernel,mean_only,3,1,rho,protein_binding,-0.0014951651363750526,-0.00962900518250158,0.005239696691804357
mean_and_kernel,mean_only,3,1,rho,macro,0.004302248475458147,0.0004192019752092451,0.008215420423911188
mean_and_kernel,mean_only,3,1,nll,cellular_clearance,-0.002754200967172861,-0.008595445900317482,0.0013686876185914898
mean_and_kernel,mean_only,3,1,nll,efflux,-0.005955792056188153,-0.010509255312325055,-0.0018528012147630342
mean_and_kernel,mean_only,3,1,nll,in_vivo_clearance,-0.005589885006191744,-0.013677416373115116,0.0015014607074326505
mean_and_kernel,mean_only,3,1,nll,microsomal_clearance,-0.012141689138673695,-0.01570777730504074,-0.008968194169947943
mean_and_kernel,mean_only,3,1,nll,permeability,-0.002041561230209658,-0.006074543004080774,0.002607821725329557
mean_and_kernel,mean_only,3,1,nll,protein_binding,-0.004184708498880541,-0.013226079074933042,0.0007887179381196146
mean_and_kernel,mean_only,3,1,nll,macro,-0.005444639482886108,-0.008826092051121942,-0.0029905467385327963
mean_and_kernel,mean_only,3,2,r2,cellular_clearance,0.12336957834107051,0.08301270123412026,0.14329866414794395
mean_and_kernel,mean_only,3,2,r2,efflux,0.08584828479735092,0.06408033198882769,0.10749251461345591
mean_and_kernel,mean_only,3,2,r2,in_vivo_clearance,0.1459889502822866,0.08375259182576358,0.2532212002791215
mean_and_kernel,mean_only,3,2,r2,microsomal_clearance,0.05098662775242844,0.042625651142313085,0.0595272132850459
mean_and_kernel,mean_only,3,2,r2,permeability,0.0759560027397535,0.062292987298252,0.08863553615339878
mean_and_kernel,mean_only,3,2,r2,protein_binding,0.033469072995952746,-0.003692526786626029,0.06513145273820135
mean_and_kernel,mean_only,3,2,r2,macro,0.08593641948480713,0.0684193631387432,0.10432943118870124
mean_and_kernel,mean_only,3,2,rho,cellular_clearance,0.0030169213235072927,-0.005830776993755663,0.014334262576376175
mean_and_kernel,mean_only,3,2,rho,efflux,-0.003659504129175552,-0.013301499230574068,0.0056992565557678785
mean_and_kernel,mean_only,3,2,rho,in_vivo_clearance,0.01620995605030955,0.0006864176120460967,0.034245230439360404
mean_and_kernel,mean_only,3,2,rho,microsomal_clearance,0.0058754814252574665,-5.539939918242285e-06,0.011405473061117126
mean_and_kernel,mean_only,3,2,rho,permeability,-0.0020716100412144205,-0.010817520794236096,0.006899329941708715
mean_and_kernel,mean_only,3,2,rho,protein_binding,-5.062879182204078e-05,-0.011894077993032022,0.0067670603542978915
mean_and_kernel,mean_only,3,2,rho,macro,0.003220102639477049,-0.0008354752342012535,0.007445474610042468
mean_and_kernel,mean_only,3,2,nll,cellular_clearance,0.060116556113730533,0.03108425683665194,0.07751897845557655
mean_and_kernel,mean_only,3,2,nll,efflux,0.04884745114799619,0.03665454641192903,0.06003643561164219
mean_and_kernel,mean_only,3,2,nll,in_vivo_clearance,0.04054655444314138,0.023532108590725343,0.052494281159889765
mean_and_kernel,mean_only,3,2,nll,microsomal_clearance,0.028383163552431295,0.01963898995321281,0.036982031175337035
mean_and_kernel,mean_only,3,2,nll,permeability,0.04576228949786991,0.03530233204869265,0.05484219769956918
mean_and_kernel,mean_only,3,2,nll,protein_binding,0.04331672071261197,0.025249683627138822,0.056721738798517246
mean_and_kernel,mean_only,3,2,nll,macro,0.04449545591129687,0.035765519566557824,0.05075200471732068
mean_and_kernel,mean_only,3,3,r2,cellular_clearance,0.05433448613265869,0.03507939323399946,0.07252842564425928
mean_and_kernel,mean_only,3,3,r2,efflux,0.04585087059112552,0.03249829679125574,0.05978136120808098
mean_and_kernel,mean_only,3,3,r2,in_vivo_clearance,0.036262370514972934,0.013067752232736948,0.06477859787430243
mean_and_kernel,mean_only,3,3,r2,microsomal_clearance,0.03038056493629107,0.0247422935942774,0.03653663157315964
mean_and_kernel,mean_only,3,3,r2,permeability,0.03474026091405869,0.02528636826673781,0.04540523282334749
mean_and_kernel,mean_only,3,3,r2,protein_binding,0.02325210043857239,-0.0009774074811768128,0.048209406683820254
mean_and_kernel,mean_only,3,3,r2,macro,0.03747010892127988,0.030284872838418367,0.0441718151150719
mean_and_kernel,mean_only,3,3,rho,cellular_clearance,0.012738399427777708,-0.001573412170364104,0.02751088124623786
mean_and_kernel,mean_only,3,3,rho,efflux,-0.000467888783398478,-0.01534591276924891,0.016302858656055973
mean_and_kernel,mean_only,3,3,rho,in_vivo_clearance,0.011141534690700824,-0.015601936499342406,0.03638649943930141
mean_and_kernel,mean_only,3,3,rho,microsomal_clearance,0.009010584765633663,0.001830289178054865,0.017054257200714643
mean_and_kernel,mean_only,3,3,rho,permeability,0.0042945044015844655,-0.008669606223665534,0.0177344074906667
mean_and_kernel,mean_only,3,3,rho,protein_binding,0.006918223059510941,-0.009073619138425167,0.01706887402628988
mean_and_kernel,mean_only,3,3,rho,macro,0.007272559593634854,0.0005620993107293885,0.013471589767320992
mean_and_kernel,mean_only,3,3,nll,cellular_clearance,0.04659416065446761,0.03425878885050883,0.05873764577790149
mean_and_kernel,mean_only,3,3,nll,efflux,0.0348000974797575,0.02249588267728517,0.04834107714784866
mean_and_kernel,mean_only,3,3,nll,in_vivo_clearance,0.025392691985008094,0.004912251806991311,0.04273706669086205
mean_and_kernel,mean_only,3,3,nll,microsomal_clearance,0.02353629349918492,0.016154902394651494,0.030587606890420022
mean_and_kernel,mean_only,3,3,nll,permeability,0.03403964904094783,0.023176383150164123,0.04588208481054322
mean_and_kernel,mean_only,3,3,nll,protein_binding,0.030411985501169254,0.016764343490846174,0.04321258967959758
mean_and_kernel,mean_only,3,3,nll,macro,0.03246247969342254,0.026925706745918872,0.037489836262027385
mean_and_kernel,mean_only,3,5,r2,cellular_clearance,0.03122326314897905,0.0192228360871814,0.043868818974448866
mean_and_kernel,mean_only,3,5,r2,efflux,0.028635640979195586,0.01943128764110374,0.03812613815927577
mean_and_kernel,mean_only,3,5,r2,in_vivo_clearance,0.01650340909731452,-0.003135891390948177,0.037167264026216396
mean_and_kernel,mean_only,3,5,r2,microsomal_clearance,0.021529450745808868,0.0169099145524081,0.026519378901875865
mean_and_kernel,mean_only,3,5,r2,permeability,0.02890422613582725,0.020915150595203966,0.03754896797862956
mean_and_kernel,mean_only,3,5,r2,protein_binding,0.009421806398002315,-0.0054325195422326176,0.023331200024885798
mean_and_kernel,mean_only,3,5,r2,macro,0.02270296608418793,0.017645883463789546,0.027895197984030142
mean_and_kernel,mean_only,3,5,rho,cellular_clearance,0.01891340020860263,-0.0016921415912285159,0.036855869587542625
mean_and_kernel,mean_only,3,5,rho,efflux,0.006182261721955409,-0.011041223402437884,0.02401911919880418
mean_and_kernel,mean_only,3,5,rho,in_vivo_clearance,0.007937571326536788,-0.02642233781662072,0.03749507254013154
mean_and_kernel,mean_only,3,5,rho,microsomal_clearance,0.012015473474785503,0.004062065990568686,0.020491666070221938
mean_and_kernel,mean_only,3,5,rho,permeability,0.006933110581090054,-0.00982733446460815,0.023989488257123416
mean_and_kernel,mean_only,3,5,rho,protein_binding,-0.0011930792481468875,-0.016726084299516233,0.01300706554428626
mean_and_kernel,mean_only,3,5,rho,macro,0.008464789677470583,-0.0004218288434138532,0.015924305000811212
mean_and_kernel,mean_only,3,5,nll,cellular_clearance,0.04542557773949695,0.0306298261094044,0.0665284120303336
mean_and_kernel,mean_only,3,5,nll,efflux,0.027252798091834167,0.009529256010948724,0.04406472688347883
mean_and_kernel,mean_only,3,5,nll,in_vivo_clearance,0.018824147747338014,-0.004876043493029716,0.038146858851609
mean_and_kernel,mean_only,3,5,nll,microsomal_clearance,0.023214277079024407,0.017371817088496777,0.02887308976832264
mean_and_kernel,mean_only,3,5,nll,permeability,0.04360192521498941,0.03046701429271502,0.058226490215309006
mean_and_kernel,mean_only,3,5,nll,protein_binding,0.03127740930008683,0.017690069670092453,0.04632155513046787
mean_and_kernel,mean_only,3,5,nll,macro,0.031599355862128295,0.025809257987353656,0.03836624619445711
mean_and_kernel,mean_only,3,10,r2,cellular_clearance,0.028898363780816783,0.015230490291714253,0.042200273447061
mean_and_kernel,mean_only,3,10,r2,efflux,0.024422256600514797,0.010716813098726156,0.038367388208975506
mean_and_kernel,mean_only,3,10,r2,in_vivo_clearance,0.023989184999920442,0.008035779714800744,0.044818033352381055
mean_and_kernel,mean_only,3,10,r2,microsomal_clearance,0.019774453073915572,0.015139680926520979,0.02431793291427401
mean_and_kernel,mean_only,3,10,r2,permeability,0.02542241294978169,0.010366162491205148,0.04220003928003735
mean_and_kernel,mean_only,3,10,r2,protein_binding,0.016238873725202822,0.008527186041903877,0.028052567714935164
mean_and_kernel,mean_only,3,10,r2,macro,0.023124257521692015,0.018315816214329803,0.02830859813991352
mean_and_kernel,mean_only,3,10,rho,cellular_clearance,0.030692268081379145,0.01127191571883445,0.052689862171429444
mean_and_kernel,mean_only,3,10,rho,efflux,0.028398043469146445,0.00452283606208821,0.05322763693345913
mean_and_kernel,mean_only,3,10,rho,in_vivo_clearance,0.03269483719021083,-0.013752650777321468,0.07868568100966508
mean_and_kernel,mean_only,3,10,rho,microsomal_clearance,0.02482878211219272,0.014560514329865545,0.03636580672806065
mean_and_kernel,mean_only,3,10,rho,permeability,0.015218447521328933,-0.0032585964462761405,0.034586815844186686
mean_and_kernel,mean_only,3,10,rho,protein_binding,0.008795127306472176,-0.015830121588322428,0.02978784043360503
mean_and_kernel,mean_only,3,10,rho,macro,0.02343791761345504,0.012821014910331356,0.03368834482202173
mean_and_kernel,mean_only,3,10,nll,cellular_clearance,0.04805273490353797,0.03218472026314929,0.06627909587818182
mean_and_kernel,mean_only,3,10,nll,efflux,0.045641193912858494,0.018220306637030517,0.07572300766647298
mean_and_kernel,mean_only,3,10,nll,in_vivo_clearance,0.030689090184390734,-0.010292930856986285,0.06537685360022878
mean_and_kernel,mean_only,3,10,nll,microsomal_clearance,0.02787970151826945,0.020914382067030238,0.0350039608421493
mean_and_kernel,mean_only,3,10,nll,permeability,0.055361787590737906,0.03349587691587839,0.07947471132365995
mean_and_kernel,mean_only,3,10,nll,protein_binding,0.047998528673324256,0.03134080139598857,0.0662770799335165
mean_and_kernel,mean_only,3,10,nll,macro,0.042603839463853134,0.033110778483590134,0.05106026538456689
mean_and_kernel,kernel_only,3,1,r2,cellular_clearance,-0.0020949017737699827,-0.010218127830829385,0.002219468709034268
mean_and_kernel,kernel_only,3,1,r2,efflux,0.0005715700372807715,-0.0001713001820316573,0.0013784471003162801
mean_and_kernel,kernel_only,3,1,r2,in_vivo_clearance,0.0032006955665684917,0.00142486986904139,0.0056271355713175585
mean_and_kernel,kernel_only,3,1,r2,microsomal_clearance,0.0018808793884811013,0.0007567129096909819,0.0029070262204752076
mean_and_kernel,kernel_only,3,1,r2,permeability,-2.7356544614851745e-05,-0.0012457479066168085,0.0012180852032760115
mean_and_kernel,kernel_only,3,1,r2,protein_binding,0.001520364980920595,0.0004571919493300789,0.003339830594181443
mean_and_kernel,kernel_only,3,1,r2,macro,0.0008418752758110208,-0.0003695059547399966,0.001967069685207772
mean_and_kernel,kernel_only,3,1,rho,cellular_clearance,0.0012531312413040212,-0.0030338913890988026,0.005594396577479263
mean_and_kernel,kernel_only,3,1,rho,efflux,-0.0007745725674587398,-0.004039226362032843,0.001560646547202627
mean_and_kernel,kernel_only,3,1,rho,in_vivo_clearance,0.0035124478349258807,-0.0036967709832179782,0.010884862522244769
mean_and_kernel,kernel_only,3,1,rho,microsomal_clearance,0.0006271001746273497,-0.0015260434787075995,0.003036427780598733
mean_and_kernel,kernel_only,3,1,rho,permeability,0.0002731100822504041,-0.0017326798900382063,0.002204441417988136
mean_and_kernel,kernel_only,3,1,rho,protein_binding,-0.00046004846908567033,-0.002753933507117507,0.0017147270277055764
mean_and_kernel,kernel_only,3,1,rho,macro,0.0007385280494272076,-0.0008415206432408516,0.002379322027395964
mean_and_kernel,kernel_only,3,1,nll,cellular_clearance,0.0004675508087151453,-0.0018716726608626136,0.0027717850746990175
mean_and_kernel,kernel_only,3,1,nll,efflux,0.00019184970756235618,-0.0006075810606963215,0.001078725531087456
mean_and_kernel,kernel_only,3,1,nll,in_vivo_clearance,0.0012699302795889584,0.0002941505318836589,0.0025222694719958336
mean_and_kernel,kernel_only,3,1,nll,microsomal_clearance,0.002250307833892259,0.0010964960279880498,0.0033466445856093516
mean_and_kernel,kernel_only,3,1,nll,permeability,-4.174852785380528e-05,-0.000752240885327509,0.0007074757598073144
mean_and_kernel,kernel_only,3,1,nll,protein_binding,0.0032555807970825004,0.0017602464377997964,0.005832949978404546
mean_and_kernel,kernel_only,3,1,nll,macro,0.0012322451498312356,0.0006583466841279319,0.0020569371366077715
mean_and_kernel,kernel_only,3,2,r2,cellular_clearance,-0.0001003973747075561,-0.00427917447077291,0.004786897771591137
mean_and_kernel,kernel_only,3,2,r2,efflux,0.0014800884097530911,-0.0007687571101336118,0.004031008793021185
mean_and_kernel,kernel_only,3,2,r2,in_vivo_clearance,0.003101875307518906,0.0005488721981563369,0.005251838764437999
mean_and_kernel,kernel_only,3,2,r2,microsomal_clearance,-0.0004899131934288076,-0.002092500402657284,0.0011478764976370851
mean_and_kernel,kernel_only,3,2,r2,permeability,-0.00016906104789599799,-0.002359198750873049,0.0018140289851274743
mean_and_kernel,kernel_only,3,2,r2,protein_binding,-0.00395298404695903,-0.006532797754532687,-0.0011819034319522498
mean_and_kernel,kernel_only,3,2,r2,macro,-2.1731990953232326e-05,-0.0011718315347022,0.001201413363598885
mean_and_kernel,kernel_only,3,2,rho,cellular_clearance,0.00546665506483599,-0.0032503391626253304,0.017374154487738148
mean_and_kernel,kernel_only,3,2,rho,efflux,0.0018704739706064306,-0.005578525463929471,0.00864850679533505
mean_and_kernel,kernel_only,3,2,rho,in_vivo_clearance,0.00917501326601578,-0.006762517114254189,0.025005693073868417
mean_and_kernel,kernel_only,3,2,rho,microsomal_clearance,0.0019551127209464867,-0.002612508342236239,0.0062381719782567124
mean_and_kernel,kernel_only,3,2,rho,permeability,-0.0030066448669635367,-0.01010851894638072,0.003987526272742621
mean_and_kernel,kernel_only,3,2,rho,protein_binding,0.006658035744445632,-1.7082142013352883e-05,0.011675474797236992
mean_and_kernel,kernel_only,3,2,rho,macro,0.0036864409833144633,0.00018012335276713915,0.007540629078502338
mean_and_kernel,kernel_only,3,2,nll,cellular_clearance,0.0004166947020815839,-0.0026345694149228034,0.005274188576947982
mean_and_kernel,kernel_only,3,2,nll,efflux,0.0019765572821700272,-0.00014154288258602833,0.004218686051913793
mean_and_kernel,kernel_only,3,2,nll,in_vivo_clearance,0.0016988251004932274,-0.00013316847676135465,0.0037925747227223945
mean_and_kernel,kernel_only,3,2,nll,microsomal_clearance,-0.002400579977788259,-0.0042575842275753605,-0.0005615735473678375
mean_and_kernel,kernel_only,3,2,nll,permeability,-0.0015647236744791948,-0.004161272960731225,0.0006584332142442421
mean_and_kernel,kernel_only,3,2,nll,protein_binding,-0.004949530058758039,-0.008742990501012361,-0.002528563033749348
mean_and_kernel,kernel_only,3,2,nll,macro,-0.0008037927710467758,-0.0018064763992485737,0.0002334003767975897
mean_and_kernel,kernel_only,3,3,r2,cellular_clearance,0.001728924024195727,-0.0024820355785282406,0.007150411869003548
mean_and_kernel,kernel_only,3,3,r2,efflux,0.0016305003579811421,-0.0003445392343807946,0.003523462192354322
mean_and_kernel,kernel_only,3,3,r2,in_vivo_clearance,0.0016052735690848835,-0.001806037887271154,0.005365342230169921
mean_and_kernel,kernel_only,3,3,r2,microsomal_clearance,0.0012307816831751439,0.00017256080001863997,0.0024174712064068786
mean_and_kernel,kernel_only,3,3,r2,permeability,0.0014737450006669511,-0.0002384692057982282,0.0031665222915336698
mean_and_kernel,kernel_only,3,3,r2,protein_binding,0.0017115198738951991,-0.0004921681824040159,0.004956306913628318
mean_and_kernel,kernel_only,3,3,r2,macro,0.0015634574181665076,0.0005065603002105579,0.0028617387478419476
mean_and_kernel,kernel_only,3,3,rho,cellular_clearance,0.012725283827598967,0.003067130198616953,0.021752629225924348
mean_and_kernel,kernel_only,3,3,rho,efflux,0.00342740031669466,-0.008995428909284087,0.016062491876929545
mean_and_kernel,kernel_only,3,3,rho,in_vivo_clearance,0.007451078588409086,-0.016172433224715742,0.031314196480533296
mean_and_kernel,kernel_only,3,3,rho,microsomal_clearance,-0.0030561020216706264,-0.007663715883834271,0.0020651087693162816
mean_and_kernel,kernel_only,3,3,rho,permeability,0.00022879816343386483,-0.009780665925777317,0.00993450857266076
mean_and_kernel,kernel_only,3,3,rho,protein_binding,0.00938818923565756,0.0014966846432789642,0.017404193140992195
mean_and_kernel,kernel_only,3,3,rho,macro,0.005027441351687252,-9.51387884668143e-05,0.010072595577807672
mean_and_kernel,kernel_only,3,3,nll,cellular_clearance,-0.002447021049373642,-0.006977465169383066,0.0015325844148286148
mean_and_kernel,kernel_only,3,3,nll,efflux,0.00252787286493735,-0.000538203733528882,0.005584425460299363
mean_and_kernel,kernel_only,3,3,nll,in_vivo_clearance,-8.215405481204871e-05,-0.0035014454410346356,0.0029694374246584413
mean_and_kernel,kernel_only,3,3,nll,microsomal_clearance,0.0007542894352566596,-0.0009203959517823702,0.0025660316569463115
mean_and_kernel,kernel_only,3,3,nll,permeability,0.0005021805336829663,-0.0015188471583729318,0.002597778595964696
mean_and_kernel,kernel_only,3,3,nll,protein_binding,0.0019189180315246886,-0.0013845849272949126,0.006214361052137749
mean_and_kernel,kernel_only,3,3,nll,macro,0.0005290142935359956,-0.00073426386232864,0.0017542556237780046
mean_and_kernel,kernel_only,3,5,r2,cellular_clearance,0.00025720007625886865,-0.0035847946563165437,0.003995267342052942
mean_and_kernel,kernel_only,3,5,r2,efflux,0.002040606869307259,0.00021515492310003666,0.0038117630590838764
mean_and_kernel,kernel_only,3,5,r2,in_vivo_clearance,0.003131537853456661,0.0005049756047379113,0.00614135002877337
mean_and_kernel,kernel_only,3,5,r2,microsomal_clearance,0.0018459287267753128,0.0010623324228637933,0.002689306327157847
mean_and_kernel,kernel_only,3,5,r2,permeability,0.0005851894993709912,-0.0007003227944601358,0.0019186739414129665
mean_and_kernel,kernel_only,3,5,r2,protein_binding,0.0025113097678464264,0.0013162945814092532,0.004146092831930193
mean_and_kernel,kernel_only,3,5,r2,macro,0.0017286287988359198,0.0008496177075876514,0.0026036206329455138
mean_and_kernel,kernel_only,3,5,rho,cellular_clearance,0.011402614511591441,0.002485590591773607,0.021060127430564964
mean_and_kernel,kernel_only,3,5,rho,efflux,0.004131587013471235,-0.0038133730464415,0.011992766250827555
mean_and_kernel,kernel_only,3,5,rho,in_vivo_clearance,-0.007702007517218597,-0.029434911052844598,0.011709203189274353
mean_and_kernel,kernel_only,3,5,rho,microsomal_clearance,0.0022955353647322384,-0.0019119914664704966,0.0070154650971946345
mean_and_kernel,kernel_only,3,5,rho,permeability,-0.011666710614744159,-0.020776822256886325,-0.003392635243658801
mean_and_kernel,kernel_only,3,5,rho,protein_binding,0.007633614161991982,-0.0012078511850677463,0.018808193175120686
mean_and_kernel,kernel_only,3,5,rho,macro,0.0010157721533040236,-0.003617493711950355,0.0054437618037523235
mean_and_kernel,kernel_only,3,5,nll,cellular_clearance,-0.002598870007636297,-0.007244393730478367,0.0010076863238269202
mean_and_kernel,kernel_only,3,5,nll,efflux,0.0017372956421040006,-0.0007959626696306853,0.0041313343646010295
mean_and_kernel,kernel_only,3,5,nll,in_vivo_clearance,0.0021636076608508173,-0.0011098174231322017,0.0050498776962081505
mean_and_kernel,kernel_only,3,5,nll,microsomal_clearance,0.0014901903689946636,0.00014677007102783973,0.002982772633767929
mean_and_kernel,kernel_only,3,5,nll,permeability,-0.00010940792753663747,-0.002346190820189748,0.00198688989660468
mean_and_kernel,kernel_only,3,5,nll,protein_binding,0.0038161728649007977,0.000850015573202577,0.008197057513793151
mean_and_kernel,kernel_only,3,5,nll,macro,0.001083164766946224,-0.00012096251238510709,0.002190021411638275
mean_and_kernel,kernel_only,3,10,r2,cellular_clearance,0.00010761429197453796,-0.0027112891074968486,0.002336047354274206
mean_and_kernel,kernel_only,3,10,r2,efflux,9.404354514153671e-05,-0.001734980581005197,0.002242100581025782
mean_and_kernel,kernel_only,3,10,r2,in_vivo_clearance,0.0025706370809873143,-0.0008086699032901609,0.005990841480226183
mean_and_kernel,kernel_only,3,10,r2,microsomal_clearance,0.0011047439736138571,0.00034412480975366496,0.0019803811687138053
mean_and_kernel,kernel_only,3,10,r2,permeability,0.0012326595822620362,-0.0010125583410939853,0.0031184362127407465
mean_and_kernel,kernel_only,3,10,r2,protein_binding,0.003244060424414609,-0.00015937373882844824,0.005008330430461294
mean_and_kernel,kernel_only,3,10,r2,macro,0.0013922931497323153,0.00027990319967255894,0.002265888397911255
mean_and_kernel,kernel_only,3,10,rho,cellular_clearance,-0.0007071869254339808,-0.01594885446846604,0.012111075464572225
mean_and_kernel,kernel_only,3,10,rho,efflux,-0.0018179544006232742,-0.009589783176466872,0.005853121849164991
mean_and_kernel,kernel_only,3,10,rho,in_vivo_clearance,0.002512989379465583,-0.01285208561952624,0.020602950260841423
mean_and_kernel,kernel_only,3,10,rho,microsomal_clearance,0.0009927003324649403,-0.0032734634341042,0.0057817402449380955
mean_and_kernel,kernel_only,3,10,rho,permeability,-0.003753008320927619,-0.010267516427510785,0.002620511466613768
mean_and_kernel,kernel_only,3,10,rho,protein_binding,0.008845923603935678,-0.0022821276974870214,0.017858582144004424
mean_and_kernel,kernel_only,3,10,rho,macro,0.0010122439448135546,-0.003618147415577477,0.005115724551906458
mean_and_kernel,kernel_only,3,10,nll,cellular_clearance,-0.0025870884219539618,-0.007383327670955671,0.0013099265178297985
mean_and_kernel,kernel_only,3,10,nll,efflux,-0.0008246077577718088,-0.0037824158642680364,0.0020475921705753863
mean_and_kernel,kernel_only,3,10,nll,in_vivo_clearance,0.0019986430679969957,-0.0007745728813915803,0.004860110483873485
mean_and_kernel,kernel_only,3,10,nll,microsomal_clearance,0.000730528114166786,-0.0009986267644125596,0.0026569418236304177
mean_and_kernel,kernel_only,3,10,nll,permeability,0.0010684409299198821,-0.0026192473634985666,0.004957291814061033
mean_and_kernel,kernel_only,3,10,nll,protein_binding,0.0021460060839939097,-0.0023040431190617197,0.005443218504592958
mean_and_kernel,kernel_only,3,10,nll,macro,0.0004219870027253005,-0.0010280086254281892,0.0016286638165713913
unchanged,gp,15,1,r2,cellular_clearance,0.07016277978475352,-0.007932668699533232,0.1444847926088499
unchanged,gp,15,1,r2,efflux,-0.03610817747854914,-0.09552103208280383,0.032326039733053695
unchanged,gp,15,1,r2,in_vivo_clearance,0.09574378488201468,-0.06803996555970794,0.2963886936612058
unchanged,gp,15,1,r2,microsomal_clearance,-1.9534703109293782e-05,-0.024669698912755222,0.02683938697832206
unchanged,gp,15,1,r2,permeability,-0.004296775698861726,-0.055008720837669084,0.06253890010798742
unchanged,gp,15,1,r2,protein_binding,0.08663943169247679,-0.0013223615443669781,0.25844915920455597
unchanged,gp,15,1,r2,macro,0.03535358474645414,-0.0005698712582599123,0.07612982647499968
unchanged,gp,15,1,rho,cellular_clearance,0.07106148573609809,0.008409009145826634,0.14876029455362583
unchanged,gp,15,1,rho,efflux,0.027327380281079675,-0.037493089167824914,0.0922192931335963
unchanged,gp,15,1,rho,in_vivo_clearance,0.06621111426502466,-0.08535134688640633,0.19753627589359482
unchanged,gp,15,1,rho,microsomal_clearance,0.026909885341643316,0.00528652979326799,0.04853041478423597
unchanged,gp,15,1,rho,permeability,-0.0038681714485089094,-0.06046208654098708,0.05298065254725995
unchanged,gp,15,1,rho,protein_binding,0.07757757446079544,0.017626628813843748,0.15117063573229605
unchanged,gp,15,1,rho,macro,0.04420321143935538,0.012363522702463745,0.07559051982337354
unchanged,gp,15,1,nll,cellular_clearance,0.049681212171264554,-0.004789000818990661,0.10401537398114852
unchanged,gp,15,1,nll,efflux,-0.02081215530556391,-0.07440237567331359,0.03119216066050523
unchanged,gp,15,1,nll,in_vivo_clearance,0.13661618137488452,0.008823656324460725,0.27524314192672333
unchanged,gp,15,1,nll,microsomal_clearance,-0.005624498468669211,-0.021795737927644887,0.011449780513373243
unchanged,gp,15,1,nll,permeability,0.014368734461214457,-0.026707266994497776,0.060608707496349654
unchanged,gp,15,1,nll,protein_binding,0.10709717614387472,-0.011199602099733743,0.2058491524084562
unchanged,gp,15,1,nll,macro,0.04688777506283418,0.012200104824501035,0.07917712038918516
unchanged,gp,15,2,r2,cellular_clearance,0.059250958217288624,0.014755353552972302,0.10434958625757354
unchanged,gp,15,2,r2,efflux,-0.02379027111668586,-0.0656026870523863,0.022091784676065797
unchanged,gp,15,2,r2,in_vivo_clearance,0.014555856706494256,-0.05824510497659094,0.09931575489685567
unchanged,gp,15,2,r2,microsomal_clearance,0.0065623352283667785,-0.008254982682111153,0.023256192015370648
unchanged,gp,15,2,r2,permeability,-0.011657633192819287,-0.041391972065118424,0.029655442339532278
unchanged,gp,15,2,r2,protein_binding,0.019275160517031893,-0.03669855106369306,0.15727751569570805
unchanged,gp,15,2,r2,macro,0.010699401059946068,-0.004729168881765728,0.03553010304206394
unchanged,gp,15,2,rho,cellular_clearance,0.049669204705378146,-0.003155411945416799,0.10954529222011981
unchanged,gp,15,2,rho,efflux,-0.007100938633084304,-0.06225023867457958,0.04903799871443488
unchanged,gp,15,2,rho,in_vivo_clearance,0.016503288894891756,-0.08862512617981572,0.1116244274572956
unchanged,gp,15,2,rho,microsomal_clearance,0.023474371832177647,0.004228382781885997,0.04127367046835014
unchanged,gp,15,2,rho,permeability,-0.020993904510719908,-0.06584145176107238,0.028083501100953038
unchanged,gp,15,2,rho,protein_binding,0.0835900649879918,0.025315331627851326,0.15814922749445862
unchanged,gp,15,2,rho,macro,0.02419034787943919,0.0013238054278874446,0.04747201897222033
unchanged,gp,15,2,nll,cellular_clearance,0.0487530426579494,-0.0007985515241370623,0.0997221119345921
unchanged,gp,15,2,nll,efflux,-0.021668110362187507,-0.10170896566620159,0.05634465496647575
unchanged,gp,15,2,nll,in_vivo_clearance,0.062751551639707,-0.011782814559454124,0.14392031727269727
unchanged,gp,15,2,nll,microsomal_clearance,0.009926754236930818,-0.01914107317225978,0.050163707083092285
unchanged,gp,15,2,nll,permeability,0.007678477657306264,-0.03435534197638571,0.0535333554455001
unchanged,gp,15,2,nll,protein_binding,0.12886346026331996,-0.007202369244654928,0.23246578831034706
unchanged,gp,15,2,nll,macro,0.03938419601550432,0.004666045366138242,0.07070269799564084
unchanged,gp,15,3,r2,cellular_clearance,0.05107342800696058,0.013946202389296605,0.08748115640489088
unchanged,gp,15,3,r2,efflux,-0.008062569711305454,-0.03534200674919243,0.022324412793798366
unchanged,gp,15,3,r2,in_vivo_clearance,0.01242827263128799,-0.04961541493963768,0.07233375695985128
unchanged,gp,15,3,r2,microsomal_clearance,0.0040469900253195384,-0.008423216942392737,0.01810016603503102
unchanged,gp,15,3,r2,permeability,-0.015536334200944425,-0.03864274077059765,0.013925185390587512
unchanged,gp,15,3,r2,protein_binding,-0.004770378043536055,-0.056885527256615026,0.12118543822007037
unchanged,gp,15,3,r2,macro,0.006529901451297029,-0.007288636203810294,0.029121395169107833
unchanged,gp,15,3,rho,cellular_clearance,0.03145514258922871,-0.017223153051084603,0.08421499895287735
unchanged,gp,15,3,rho,efflux,-0.0006754595924306905,-0.04989977946810913,0.0500015761129754
unchanged,gp,15,3,rho,in_vivo_clearance,0.03393834255635737,-0.0399183046715334,0.10552006419090658
unchanged,gp,15,3,rho,microsomal_clearance,0.013686311163321169,-0.005453032921762085,0.031314187121857795
unchanged,gp,15,3,rho,permeability,-0.03554799689186943,-0.08432368834143336,0.01683906440576535
unchanged,gp,15,3,rho,protein_binding,0.0792564081253879,0.026803273303444414,0.145473790626254
unchanged,gp,15,3,rho,macro,0.020352124658332502,0.0022514878390098784,0.03934239970186703
unchanged,gp,15,3,nll,cellular_clearance,0.06690743272125468,0.015330082878963834,0.11551612743650626
unchanged,gp,15,3,nll,efflux,-0.006188703164252788,-0.07780823934610931,0.0641959126866131
unchanged,gp,15,3,nll,in_vivo_clearance,0.05401258096693686,-0.018271635086361936,0.14480276502950584
unchanged,gp,15,3,nll,microsomal_clearance,0.010831953878251529,-0.018675017229179698,0.05368986811229716
unchanged,gp,15,3,nll,permeability,0.02281676693242911,-0.01885140726811252,0.07250471643212571
unchanged,gp,15,3,nll,protein_binding,0.14594144375990412,0.0020552207362402666,0.25273287189486215
unchanged,gp,15,3,nll,macro,0.04905357918242059,0.015938104630165567,0.0779985717929799
unchanged,gp,15,5,r2,cellular_clearance,0.03277797759043615,0.006903528407651638,0.058107505503407035
unchanged,gp,15,5,r2,efflux,-0.0032899323197648467,-0.024385146232222994,0.01948944961060067
unchanged,gp,15,5,r2,in_vivo_clearance,-0.02428507088157489,-0.0732178416850088,0.021349254335955727
unchanged,gp,15,5,r2,microsomal_clearance,0.0006195712556918946,-0.009022153796579432,0.012085756432286472
unchanged,gp,15,5,r2,permeability,-0.018428044072119818,-0.03600690036771634,0.0016406390129978295
unchanged,gp,15,5,r2,protein_binding,-0.0049406974663914255,-0.054498642512294526,0.10109203631353841
unchanged,gp,15,5,r2,macro,-0.0029243659822871556,-0.01401030089529774,0.016101590424253947
unchanged,gp,15,5,rho,cellular_clearance,0.019088876736551515,-0.01709739030977019,0.05786665821052085
unchanged,gp,15,5,rho,efflux,-0.000643008333389405,-0.05183148494021422,0.05031225302742998
unchanged,gp,15,5,rho,in_vivo_clearance,-0.013925354741513749,-0.10449807010332332,0.05994037683761555
unchanged,gp,15,5,rho,microsomal_clearance,0.003084774281627485,-0.011952561546431172,0.01635083078668615
unchanged,gp,15,5,rho,permeability,-0.038196377218183544,-0.07810385473270187,0.00418946476395314
unchanged,gp,15,5,rho,protein_binding,0.057825471565240254,0.0012462525702199852,0.12680985454673924
unchanged,gp,15,5,rho,macro,0.004539063715055427,-0.014320026264213324,0.024131153932577584
unchanged,gp,15,5,nll,cellular_clearance,0.054660599016500444,0.011383937299304323,0.09869047992596593
unchanged,gp,15,5,nll,efflux,0.004795422463463476,-0.06539974551639974,0.0737850726105012
unchanged,gp,15,5,nll,in_vivo_clearance,0.02140036187702562,-0.049556366478088004,0.11227487709414675
unchanged,gp,15,5,nll,microsomal_clearance,0.005105479965825824,-0.021896766233481316,0.043721726763827
unchanged,gp,15,5,nll,permeability,0.009675703943333298,-0.03754644206932274,0.06675478645991031
unchanged,gp,15,5,nll,protein_binding,0.1590917672640633,0.014974676672290676,0.26819707935788806
unchanged,gp,15,5,nll,macro,0.04245488908836866,0.010564592776580449,0.07100738792574093
unchanged,gp,15,10,r2,cellular_clearance,0.025984111550889713,0.0051419230391894655,0.0453057514693064
unchanged,gp,15,10,r2,efflux,-8.31294011365471e-05,-0.021893429466661018,0.021258623769963913
unchanged,gp,15,10,r2,in_vivo_clearance,-0.028182362679538508,-0.06432691621184457,0.004864869096332083
unchanged,gp,15,10,r2,microsomal_clearance,-0.004264929737874883,-0.014036206257600568,0.006114741043905565
unchanged,gp,15,10,r2,permeability,-0.019077792510487208,-0.03603431104147708,-0.002993461357337401
unchanged,gp,15,10,r2,protein_binding,-0.017486589457668077,-0.06287991676407334,0.06751987927868319
unchanged,gp,15,10,r2,macro,-0.007185115372635918,-0.016926158845876723,0.009634979902371827
unchanged,gp,15,10,rho,cellular_clearance,0.0036116359433915565,-0.03674079018885784,0.04205166961710554
unchanged,gp,15,10,rho,efflux,0.014800277393725185,-0.032992408822601044,0.06188523046451055
unchanged,gp,15,10,rho,in_vivo_clearance,-0.02797402184456587,-0.11576144293881954,0.04853829484323367
unchanged,gp,15,10,rho,microsomal_clearance,-0.004125419065134936,-0.016422909496310166,0.007241383707114925
unchanged,gp,15,10,rho,permeability,-0.04933043297173249,-0.09139909449915744,-0.006010312370008883
unchanged,gp,15,10,rho,protein_binding,0.03698604610663924,-0.011721248685154225,0.09590667990830637
unchanged,gp,15,10,rho,macro,-0.004338652406279551,-0.024908701705146544,0.01699678406991851
unchanged,gp,15,10,nll,cellular_clearance,0.05363828429943693,0.00739997218673425,0.10308150317797082
unchanged,gp,15,10,nll,efflux,0.0030412818171931225,-0.06687833140027438,0.07575599269636056
unchanged,gp,15,10,nll,in_vivo_clearance,0.007762835724412648,-0.07954111805713437,0.13028713512477966
unchanged,gp,15,10,nll,microsomal_clearance,-0.00034259934743723015,-0.024099619578864875,0.0320649344806071
unchanged,gp,15,10,nll,permeability,-0.0037561443695435116,-0.05860317889120806,0.06282911578351484
unchanged,gp,15,10,nll,protein_binding,0.16772826436249774,0.0161017649448859,0.2848954017794313
unchanged,gp,15,10,nll,macro,0.03801198708109329,0.004183532155863358,0.06811566666381541
mean_only,unchanged,15,1,r2,cellular_clearance,0.006132999214759206,-0.007479223674416537,0.01929359677514873
mean_only,unchanged,15,1,r2,efflux,0.0009883008941574045,-0.007065866357398368,0.010318533871752512
mean_only,unchanged,15,1,r2,in_vivo_clearance,-0.006023364640932542,-0.033050994752689924,0.01616333204437096
mean_only,unchanged,15,1,r2,microsomal_clearance,0.009892582542757789,0.004172580881390699,0.01594177983998198
mean_only,unchanged,15,1,r2,permeability,0.003406072047123373,-0.005029979902174428,0.010994899266566377
mean_only,unchanged,15,1,r2,protein_binding,-0.002559486076218502,-0.01093103407005526,0.007421121562301292
mean_only,unchanged,15,1,r2,macro,0.001972850663607788,-0.00340748701139318,0.0073522797819399405
mean_only,unchanged,15,1,rho,cellular_clearance,-0.0023729775040317903,-0.01277606053797752,0.008313975724661497
mean_only,unchanged,15,1,rho,efflux,-0.0022396115793122144,-0.014134224246727198,0.009374024792986874
mean_only,unchanged,15,1,rho,in_vivo_clearance,-0.023116901814937592,-0.07518138362626947,0.015107173354675272
mean_only,unchanged,15,1,rho,microsomal_clearance,-0.0015353005619957586,-0.008015284561078832,0.004641941894241228
mean_only,unchanged,15,1,rho,permeability,-0.005990262329578395,-0.014297989395160509,0.002938688506128677
mean_only,unchanged,15,1,rho,protein_binding,-0.001329481466249991,-0.015478088494922446,0.009320368900393618
mean_only,unchanged,15,1,rho,macro,-0.006097422542684291,-0.015429777149925277,0.0016567762077503946
mean_only,unchanged,15,1,nll,cellular_clearance,0.0046409932765502475,-0.0031121360799920847,0.012927063449080414
mean_only,unchanged,15,1,nll,efflux,0.007393333032685388,-0.00020345286629207493,0.015402280346732796
mean_only,unchanged,15,1,nll,in_vivo_clearance,0.0027824353292715486,-0.010419393722410426,0.015700766512654268
mean_only,unchanged,15,1,nll,microsomal_clearance,0.011144269256444534,0.007283055223114392,0.015522417266206222
mean_only,unchanged,15,1,nll,permeability,0.006885992359484819,-0.0007047978849614427,0.014005976802143874
mean_only,unchanged,15,1,nll,protein_binding,0.004382452486213662,-0.0055337013954274384,0.013564766084225832
mean_only,unchanged,15,1,nll,macro,0.0062049126234417,0.0029532511912939525,0.009773965572863653
mean_only,unchanged,15,2,r2,cellular_clearance,-0.11584136725245675,-0.16962723976933977,-0.06584136127262742
mean_only,unchanged,15,2,r2,efflux,-0.09808438788361307,-0.13681564402309704,-0.06030885672656894
mean_only,unchanged,15,2,r2,in_vivo_clearance,-0.10157719370614247,-0.18155728350705103,-0.03461751847889431
mean_only,unchanged,15,2,r2,microsomal_clearance,-0.06436968537755428,-0.08176997691656608,-0.04969159602235711
mean_only,unchanged,15,2,r2,permeability,-0.06205801224942325,-0.09493160586253757,-0.02837784148647968
mean_only,unchanged,15,2,r2,protein_binding,-0.03360691404473149,-0.10352491179613896,0.0019343540265898687
mean_only,unchanged,15,2,r2,macro,-0.07925626008565355,-0.09961197909678154,-0.06501284459985339
mean_only,unchanged,15,2,rho,cellular_clearance,-0.0057465614826205744,-0.02080412676315822,0.00903256423083916
mean_only,unchanged,15,2,rho,efflux,0.0024312503359935904,-0.014003643352634687,0.018069399170267064
mean_only,unchanged,15,2,rho,in_vivo_clearance,0.0069383419677615035,-0.03349579092150815,0.04629537024754372
mean_only,unchanged,15,2,rho,microsomal_clearance,-0.0019736922914602925,-0.009032479018082002,0.005464028759938662
mean_only,unchanged,15,2,rho,permeability,-0.0008773633796307803,-0.016625596896491273,0.014416547553122414
mean_only,unchanged,15,2,rho,protein_binding,0.015680787576870494,0.0017079433779276718,0.030498897136144672
mean_only,unchanged,15,2,rho,macro,0.0027421271211523234,-0.005361533449683813,0.010916837526306672
mean_only,unchanged,15,2,nll,cellular_clearance,-0.08275802353527859,-0.1110758414651854,-0.05111526404896345
mean_only,unchanged,15,2,nll,efflux,-0.07272713665885917,-0.10744810088642938,-0.04063719745929992
mean_only,unchanged,15,2,nll,in_vivo_clearance,-0.05710432077237437,-0.08965393857960437,-0.015287687936612717
mean_only,unchanged,15,2,nll,microsomal_clearance,-0.03967785331268712,-0.049927685935009736,-0.03012484172853624
mean_only,unchanged,15,2,nll,permeability,-0.05435489189756564,-0.07685780566846458,-0.02931814876840022
mean_only,unchanged,15,2,nll,protein_binding,-0.08376840476710377,-0.12844997161042784,-0.05230008804654157
mean_only,unchanged,15,2,nll,macro,-0.06506510515731145,-0.07665189011720157,-0.05228545597679167
mean_only,unchanged,15,3,r2,cellular_clearance,-0.04564434414892204,-0.07611247702460977,-0.016080092368584518
mean_only,unchanged,15,3,r2,efflux,-0.04624899481354664,-0.06890523799203861,-0.02471849193876554
mean_only,unchanged,15,3,r2,in_vivo_clearance,-0.049180279797132506,-0.08743052690945309,-0.01957132924832151
mean_only,unchanged,15,3,r2,microsomal_clearance,-0.02317379493426738,-0.032434453009691,-0.014730175993063616
mean_only,unchanged,15,3,r2,permeability,-0.013789208056190364,-0.035608896904244756,0.0033593541821361613
mean_only,unchanged,15,3,r2,protein_binding,0.00943483864104773,-0.03605963998928585,0.03404690901867852
mean_only,unchanged,15,3,r2,macro,-0.0281002971848352,-0.03905789988553265,-0.02149328583216987
mean_only,unchanged,15,3,rho,cellular_clearance,-0.009171134803383519,-0.03699637276708253,0.01221087880603594
mean_only,unchanged,15,3,rho,efflux,-0.006793411186447847,-0.03390892997839057,0.017127907863792244
mean_only,unchanged,15,3,rho,in_vivo_clearance,0.02366557180881502,-0.023825803919121435,0.07214853928939965
mean_only,unchanged,15,3,rho,microsomal_clearance,-0.0071331810356380495,-0.016253775203992547,0.0023459730939556257
mean_only,unchanged,15,3,rho,permeability,0.005400097028662758,-0.014186999805852942,0.021901218812041497
mean_only,unchanged,15,3,rho,protein_binding,0.008254646780816,-0.008155499261265964,0.02640513932857929
mean_only,unchanged,15,3,rho,macro,0.002370431432137394,-0.00929823905518337,0.013595007220026427
mean_only,unchanged,15,3,nll,cellular_clearance,-0.045917352368887505,-0.06606652783528516,-0.023982251701827596
mean_only,unchanged,15,3,nll,efflux,-0.04444303600180439,-0.07365131760130061,-0.018396642146865153
mean_only,unchanged,15,3,nll,in_vivo_clearance,-0.03762633790851795,-0.06457483975292114,-0.006406269710302969
mean_only,unchanged,15,3,nll,microsomal_clearance,-0.01950209967587565,-0.029414815090274146,-0.009327307166616151
mean_only,unchanged,15,3,nll,permeability,-0.02759308157972147,-0.04484464827880439,-0.012004519418686842
mean_only,unchanged,15,3,nll,protein_binding,-0.03897109555927208,-0.06134921253824104,-0.019771017539980267
mean_only,unchanged,15,3,nll,macro,-0.03567550051567984,-0.04371724439784369,-0.027194084914589706
mean_only,unchanged,15,5,r2,cellular_clearance,-0.019424637218434914,-0.03812136673454003,-0.00028934210205078633
mean_only,unchanged,15,5,r2,efflux,-0.029808288493951087,-0.04604285355126944,-0.01415837866423065
mean_only,unchanged,15,5,r2,in_vivo_clearance,0.004298684579532512,-0.03355805915087223,0.03474062745894682
mean_only,unchanged,15,5,r2,microsomal_clearance,-0.0099666250221466,-0.015369027059228024,-0.004645951142635199
mean_only,unchanged,15,5,r2,permeability,-0.007327663124960006,-0.025433595923286884,0.010725826085379567
mean_only,unchanged,15,5,r2,protein_binding,0.02251850374855249,-0.01564214403351589,0.04314473076308276
mean_only,unchanged,15,5,r2,macro,-0.006618337588567935,-0.016324049252279902,-0.0006675086034129016
mean_only,unchanged,15,5,rho,cellular_clearance,-0.01552395182834803,-0.047539709180837164,0.01001785275964806
mean_only,unchanged,15,5,rho,efflux,-0.0012611411787845537,-0.03341472798497677,0.028301439497475395
mean_only,unchanged,15,5,rho,in_vivo_clearance,0.03394804455339911,-0.02235442482994173,0.09256535372207873
mean_only,unchanged,15,5,rho,microsomal_clearance,-0.004079796666269837,-0.016194273291257288,0.006294150909113121
mean_only,unchanged,15,5,rho,permeability,0.007992047299113535,-0.010590722442514886,0.026698847963913433
mean_only,unchanged,15,5,rho,protein_binding,0.010790476863357164,-0.009849170207172507,0.03028459905903773
mean_only,unchanged,15,5,rho,macro,0.0053109465070778974,-0.0077983255561979185,0.018328490975053388
mean_only,unchanged,15,5,nll,cellular_clearance,-0.039052321302181656,-0.057124095993830476,-0.0223592352553465
mean_only,unchanged,15,5,nll,efflux,-0.045032542218880645,-0.06422695489700683,-0.02612977150915614
mean_only,unchanged,15,5,nll,in_vivo_clearance,-0.00357005746510857,-0.03309457510556271,0.02688516890883982
mean_only,unchanged,15,5,nll,microsomal_clearance,-0.012801287010770959,-0.021626542043946373,-0.004790317871476758
mean_only,unchanged,15,5,nll,permeability,-0.02678978993155516,-0.04525203742111072,-0.008828997410554734
mean_only,unchanged,15,5,nll,protein_binding,-0.026550238142574355,-0.0460405834241521,-0.004933696943807125
mean_only,unchanged,15,5,nll,macro,-0.025632706011845224,-0.032968467803320446,-0.01732782163023936
mean_only,unchanged,15,10,r2,cellular_clearance,-0.017025930009887422,-0.03337353349636884,-0.0018614203503955942
mean_only,unchanged,15,10,r2,efflux,-0.019140815251205173,-0.0322089951944879,-0.0052078573540669465
mean_only,unchanged,15,10,r2,in_vivo_clearance,-0.0002009139532879291,-0.027205220885757827,0.02610151732627045
mean_only,unchanged,15,10,r2,microsomal_clearance,-0.010458776372655623,-0.014789305248561561,-0.005872567279261377
mean_only,unchanged,15,10,r2,permeability,-0.006112535505771846,-0.02736482888089874,0.014159967447306689
mean_only,unchanged,15,10,r2,protein_binding,0.017099486243193598,-0.020681659795704094,0.03708219293140987
mean_only,unchanged,15,10,r2,macro,-0.005973247474935733,-0.01569149068335286,0.0004432314825636369
mean_only,unchanged,15,10,rho,cellular_clearance,-0.02841633776446434,-0.06872572692084958,-0.00016260496814288048
mean_only,unchanged,15,10,rho,efflux,-0.016932875842407887,-0.045089247862904754,0.009040031152070303
mean_only,unchanged,15,10,rho,in_vivo_clearance,-0.0016039121896028546,-0.05303889674183571,0.04956084900878758
mean_only,unchanged,15,10,rho,microsomal_clearance,-0.01606180769359178,-0.028084757965072066,-0.005213326463934512
mean_only,unchanged,15,10,rho,permeability,-0.00033512390736076914,-0.018376664523341697,0.0180232026747599
mean_only,unchanged,15,10,rho,protein_binding,0.012751927435623873,-0.010280435540713367,0.041216450015602174
mean_only,unchanged,15,10,rho,macro,-0.008433021660300624,-0.020019985918115844,0.003643063083932087
mean_only,unchanged,15,10,nll,cellular_clearance,-0.04221376597618308,-0.06476122044526635,-0.02350524825271482
mean_only,unchanged,15,10,nll,efflux,-0.04715101280178345,-0.07697339632292419,-0.01900911833835551
mean_only,unchanged,15,10,nll,in_vivo_clearance,-0.01525782033871122,-0.0475451873749389,0.020531045359354877
mean_only,unchanged,15,10,nll,microsomal_clearance,-0.02059901830089977,-0.027761400855589723,-0.01356550704493054
mean_only,unchanged,15,10,nll,permeability,-0.04014679840420943,-0.06442357711733712,-0.01789382118232971
mean_only,unchanged,15,10,nll,protein_binding,-0.04578984653638622,-0.06794455960942435,-0.022373623635670806
mean_only,unchanged,15,10,nll,macro,-0.03519304372636219,-0.04471294581385601,-0.025167605439429707
kernel_only,unchanged,15,1,r2,cellular_clearance,-0.001817555825927659,-0.006200298580003805,0.0018073475157061754
kernel_only,unchanged,15,1,r2,efflux,-0.00025131320428472425,-0.001652038788381363,0.0011820668495673662
kernel_only,unchanged,15,1,r2,in_vivo_clearance,0.00023907247766233176,-0.003916062734692318,0.004439350479457925
kernel_only,unchanged,15,1,r2,microsomal_clearance,0.00027397183208351594,-0.00039112196340839497,0.0010760570161698433
kernel_only,unchanged,15,1,r2,permeability,-0.0010441532673005928,-0.0019226906472626008,-0.0002960732834403457
kernel_only,unchanged,15,1,r2,protein_binding,-0.004661339013534909,-0.010120878796217002,-0.0018714924421496524
kernel_only,unchanged,15,1,r2,macro,-0.0012102195002170063,-0.002555182173409171,-0.00014554259811560294
kernel_only,unchanged,15,1,rho,cellular_clearance,0.000654691467179525,-0.0037093644861564876,0.005088767436119911
kernel_only,unchanged,15,1,rho,efflux,0.002026996044097129,-0.0021432632671136748,0.006919304684547349
kernel_only,unchanged,15,1,rho,in_vivo_clearance,-0.004551956206560144,-0.016753259687684475,0.005483871160014969
kernel_only,unchanged,15,1,rho,microsomal_clearance,0.0011866538878230802,-0.00030904551819615296,0.002936060568694
kernel_only,unchanged,15,1,rho,permeability,4.9599984453786235e-05,-0.002290687636440167,0.0022728852950262297
kernel_only,unchanged,15,1,rho,protein_binding,-0.0020572627640583277,-0.005607591645969516,0.0008491317880532068
kernel_only,unchanged,15,1,rho,macro,-0.0004485462645108253,-0.003106121156396561,0.0018400448757684438
kernel_only,unchanged,15,1,nll,cellular_clearance,-0.0005252416606408927,-0.002817419851254381,0.0016980492168744018
kernel_only,unchanged,15,1,nll,efflux,0.0027869676500374024,-0.0019621678645361375,0.007835520101675401
kernel_only,unchanged,15,1,nll,in_vivo_clearance,0.0006153032346861681,-0.0021522358381181744,0.003804114474176431
kernel_only,unchanged,15,1,nll,microsomal_clearance,-0.0004937902702265198,-0.002343550354686949,0.0013392127170459335
kernel_only,unchanged,15,1,nll,permeability,-0.0007275387015736358,-0.0038382590540040895,0.0023009545694735335
kernel_only,unchanged,15,1,nll,protein_binding,-0.003688172947084673,-0.012349041858550559,0.003437373555129482
kernel_only,unchanged,15,1,nll,macro,-0.0003387454491336919,-0.002307358582124893,0.0011872263255146484
kernel_only,unchanged,15,2,r2,cellular_clearance,0.010980647710411757,-0.0035808739885373293,0.02701895155863985
kernel_only,unchanged,15,2,r2,efflux,0.0008607683258889422,-0.0085556900787175,0.009510902285327087
kernel_only,unchanged,15,2,r2,in_vivo_clearance,0.019272709666506946,-0.0023688719983660797,0.03822730977520396
kernel_only,unchanged,15,2,r2,microsomal_clearance,-0.0007729025196063543,-0.005954911559670228,0.0043753027556435965
kernel_only,unchanged,15,2,r2,permeability,0.0028213064435747034,-0.010196485284635083,0.014705448202669653
kernel_only,unchanged,15,2,r2,protein_binding,0.013479249593106115,-0.013139448234221788,0.029341234686749276
kernel_only,unchanged,15,2,r2,macro,0.007773629869980351,0.00030371877741414686,0.012838421417236385
kernel_only,unchanged,15,2,rho,cellular_clearance,-0.00421009327791914,-0.01240954772450769,0.003874338186476646
kernel_only,unchanged,15,2,rho,efflux,0.008917844861193933,-0.0018586157650282713,0.020074780341903017
kernel_only,unchanged,15,2,rho,in_vivo_clearance,-0.002152581065893191,-0.029333332891265565,0.02116410470515895
kernel_only,unchanged,15,2,rho,microsomal_clearance,-0.0001385231713925435,-0.0032881864947182536,0.003305500031739946
kernel_only,unchanged,15,2,rho,permeability,0.001717180396533673,-0.005351623024880185,0.008996181332683028
kernel_only,unchanged,15,2,rho,protein_binding,0.0013776255263523612,-0.007489150438797218,0.008557365373397846
kernel_only,unchanged,15,2,rho,macro,0.0009185755448125156,-0.00440823938519484,0.005804906271776891
kernel_only,unchanged,15,2,nll,cellular_clearance,-0.000606805432909609,-0.012135329096742864,0.012966512508305777
kernel_only,unchanged,15,2,nll,efflux,-0.00522800049548652,-0.017422673900090255,0.006561266507931702
kernel_only,unchanged,15,2,nll,in_vivo_clearance,0.009569196321802493,-0.011712234925008032,0.03156180200904225
kernel_only,unchanged,15,2,nll,microsomal_clearance,-0.006401319441181918,-0.011363490702005256,-0.0014702365294781696
kernel_only,unchanged,15,2,nll,permeability,-0.011081712038240158,-0.02410376437033134,0.000684163756386781
kernel_only,unchanged,15,2,nll,protein_binding,-0.010960373073893644,-0.024379980559773543,0.0010635910451846644
kernel_only,unchanged,15,2,nll,macro,-0.00411816902665156,-0.009487594189354787,0.0015516630506827397
kernel_only,unchanged,15,3,r2,cellular_clearance,0.010749637199826563,-0.0001870687027382974,0.022228010769444598
kernel_only,unchanged,15,3,r2,efflux,0.0024461885585644713,-0.004681922184438544,0.009903825159387822
kernel_only,unchanged,15,3,r2,in_vivo_clearance,0.00909275254467179,-0.005810370606702827,0.02438153679906171
kernel_only,unchanged,15,3,r2,microsomal_clearance,0.0031637644990601603,0.0007930917488635142,0.005782573103488614
kernel_only,unchanged,15,3,r2,permeability,0.009120878693651465,0.000254117758271445,0.017398180266647956
kernel_only,unchanged,15,3,r2,protein_binding,0.031121908649712204,-0.005166424685457928,0.05291599578171881
kernel_only,unchanged,15,3,r2,macro,0.01094918835758111,0.003517513611110387,0.015552881859932888
kernel_only,unchanged,15,3,rho,cellular_clearance,-0.002648945455453423,-0.01345938772995094,0.007987346825533424
kernel_only,unchanged,15,3,rho,efflux,-0.005415723528023113,-0.01720376716503364,0.006167977659574837
kernel_only,unchanged,15,3,rho,in_vivo_clearance,0.014655869156122225,-0.01750274903378026,0.04771765845273015
kernel_only,unchanged,15,3,rho,microsomal_clearance,0.003543582990387588,-0.00028913092711824195,0.007017319073652528
kernel_only,unchanged,15,3,rho,permeability,0.00551116610359815,-0.004043332743035117,0.014275424962205926
kernel_only,unchanged,15,3,rho,protein_binding,0.009646796587515966,-0.0020846799907407627,0.020283344478448154
kernel_only,unchanged,15,3,rho,macro,0.004215457642357898,-0.003069900526705615,0.010826564749980915
kernel_only,unchanged,15,3,nll,cellular_clearance,0.0056598254796905835,-0.004285365065588566,0.017195049076587716
kernel_only,unchanged,15,3,nll,efflux,0.0022239767988116435,-0.00846717513887751,0.012793873279094101
kernel_only,unchanged,15,3,nll,in_vivo_clearance,0.003394532079325148,-0.008570218343378193,0.012875770150184821
kernel_only,unchanged,15,3,nll,microsomal_clearance,0.0006031460112908094,-0.0034121388330816474,0.004419896506396029
kernel_only,unchanged,15,3,nll,permeability,-0.005162427887765226,-0.013730242507802625,0.0028806199039472847
kernel_only,unchanged,15,3,nll,protein_binding,-0.0044128635266974066,-0.014652739029930346,0.008134478668218599
kernel_only,unchanged,15,3,nll,macro,0.00038436482577592523,-0.003003597294092259,0.0043430527804248446
kernel_only,unchanged,15,5,r2,cellular_clearance,0.011827713741339526,0.003950715122641678,0.021090046868732865
kernel_only,unchanged,15,5,r2,efflux,-0.001137060007478261,-0.007929817768898532,0.005551351762200698
kernel_only,unchanged,15,5,r2,in_vivo_clearance,0.023924783074111538,0.009527758307728243,0.037901720591045254
kernel_only,unchanged,15,5,r2,microsomal_clearance,0.00540676889195342,0.00324939206075539,0.007506396315002607
kernel_only,unchanged,15,5,r2,permeability,0.01016956410145637,0.0030452164445837065,0.018366212054468114
kernel_only,unchanged,15,5,r2,protein_binding,0.030225893528485023,0.0003732990339309787,0.048925434746507214
kernel_only,unchanged,15,5,r2,macro,0.013402943888311267,0.0071213872205768795,0.017270971105649246
kernel_only,unchanged,15,5,rho,cellular_clearance,-0.0003799109936946062,-0.01417112630655724,0.011873367011054677
kernel_only,unchanged,15,5,rho,efflux,-0.000706227151332075,-0.015269168391587448,0.01521428390048111
kernel_only,unchanged,15,5,rho,in_vivo_clearance,0.04597402121871712,0.009164415247039908,0.08790856510544053
kernel_only,unchanged,15,5,rho,microsomal_clearance,0.0011939225068596973,-0.0046641148068747315,0.006503624963921584
kernel_only,unchanged,15,5,rho,permeability,0.005394284799695011,-0.0054969516107475766,0.015229815653851246
kernel_only,unchanged,15,5,rho,protein_binding,0.007319042763926781,-0.0015688516369029221,0.015596213390058261
kernel_only,unchanged,15,5,rho,macro,0.009799188857361989,0.0020677977982479587,0.01828064711065744
kernel_only,unchanged,15,5,nll,cellular_clearance,0.004589282413910177,-0.002807650723997572,0.013059978625779048
kernel_only,unchanged,15,5,nll,efflux,-0.006472240876902889,-0.013785249076268767,0.0010352545279606975
kernel_only,unchanged,15,5,nll,in_vivo_clearance,0.014854929004328679,0.002342760350664582,0.0265643248149969
kernel_only,unchanged,15,5,nll,microsomal_clearance,0.004216193563067014,0.00018225652326756174,0.007714084477049253
kernel_only,unchanged,15,5,nll,permeability,0.0007830235730775232,-0.007170187620260106,0.00921006868450537
kernel_only,unchanged,15,5,nll,protein_binding,-0.0018269893789766131,-0.012048785291290194,0.011359411551013828
kernel_only,unchanged,15,5,nll,macro,0.0026906997164173156,-0.0009524320636974652,0.006867991816702789
kernel_only,unchanged,15,10,r2,cellular_clearance,0.011764819478954821,0.0059262590422229375,0.01757000849175215
kernel_only,unchanged,15,10,r2,efflux,0.005187397804168095,0.0009926013028051443,0.009479830962595399
kernel_only,unchanged,15,10,r2,in_vivo_clearance,0.0212176339656452,0.00966577910167117,0.036100880209651486
kernel_only,unchanged,15,10,r2,microsomal_clearance,0.00821093272764609,0.0055943764668687475,0.010840429637870084
kernel_only,unchanged,15,10,r2,permeability,0.01807721786174781,0.01062921552918883,0.0262405454217396
kernel_only,unchanged,15,10,r2,protein_binding,0.03009429954398182,0.002401412273000796,0.04800446996654012
kernel_only,unchanged,15,10,r2,macro,0.015758716897023975,0.009379500563017057,0.019838983470884832
kernel_only,unchanged,15,10,rho,cellular_clearance,0.0029831172423487894,-0.011018990640265907,0.014904456446225248
kernel_only,unchanged,15,10,rho,efflux,0.01328312202736183,0.0037102850638505627,0.023845744539202532
kernel_only,unchanged,15,10,rho,in_vivo_clearance,0.028577935621142393,0.011314670617599063,0.05713434835582625
kernel_only,unchanged,15,10,rho,microsomal_clearance,0.007774274086136006,0.0022865126837599537,0.013188118125515649
kernel_only,unchanged,15,10,rho,permeability,0.018636331934895785,0.005541061055423591,0.031459511269815256
kernel_only,unchanged,15,10,rho,protein_binding,0.012701131138160375,-0.001567758695047815,0.031624544971978585
kernel_only,unchanged,15,10,rho,macro,0.013992652008340864,0.009012252818656398,0.020210462373542588
kernel_only,unchanged,15,10,nll,cellular_clearance,0.008426057349308853,0.001449537834142425,0.015121558057718011
kernel_only,unchanged,15,10,nll,efflux,-0.0006852111311531422,-0.00940782003094912,0.007219084139414357
kernel_only,unchanged,15,10,nll,in_vivo_clearance,0.013432626777682513,-0.0025066038393189603,0.02763106368926497
kernel_only,unchanged,15,10,nll,microsomal_clearance,0.006550155103202898,0.0027448458969828384,0.009986666514554024
kernel_only,unchanged,15,10,nll,permeability,0.014146548256608597,0.0040995327457612665,0.024678388369801577
kernel_only,unchanged,15,10,nll,protein_binding,6.267605294412288e-05,-0.010323379127375604,0.014129508603197566
kernel_only,unchanged,15,10,nll,macro,0.006988808734765641,0.0033867762036816954,0.011023134140438314
mean_and_kernel,unchanged,15,1,r2,cellular_clearance,-0.0007649786375830221,-0.005397856408808083,0.004150109656286869
mean_and_kernel,unchanged,15,1,r2,efflux,0.00019166823429444038,-0.0019514068553335116,0.002453539625630653
mean_and_kernel,unchanged,15,1,r2,in_vivo_clearance,0.006423996872149502,-0.004201796026667741,0.016850045642841968
mean_and_kernel,unchanged,15,1,r2,microsomal_clearance,-0.00200970424992521,-0.004156093495091258,0.00018276761682508775
mean_and_kernel,unchanged,15,1,r2,permeability,-0.0005458150468580618,-0.0027026608954717007,0.0018055242856547292
mean_and_kernel,unchanged,15,1,r2,protein_binding,-0.0031317720808216546,-0.007330155889628403,-0.0011267938125316267
mean_and_kernel,unchanged,15,1,r2,macro,2.723251520933238e-05,-0.002131168948195701,0.0021828180473307864
mean_and_kernel,unchanged,15,1,rho,cellular_clearance,0.0027811156892323763,-0.002498268634198117,0.007746108128094524
mean_and_kernel,unchanged,15,1,rho,efflux,0.004064033070096263,-0.0005204965607505109,0.009382365633234396
mean_and_kernel,unchanged,15,1,rho,in_vivo_clearance,-0.0018344284966588132,-0.022355996924726416,0.013442697531676689
mean_and_kernel,unchanged,15,1,rho,microsomal_clearance,-0.0003962048404278091,-0.0031677756339222687,0.002313890344206726
mean_and_kernel,unchanged,15,1,rho,permeability,-0.0013320726342499246,-0.00541513421149006,0.0028577485231605893
mean_and_kernel,unchanged,15,1,rho,protein_binding,-0.0018299904397942796,-0.004623427570604373,0.0012010386988520487
mean_and_kernel,unchanged,15,1,rho,macro,0.00024207539136630215,-0.003501360406427489,0.003200422113305457
mean_and_kernel,unchanged,15,1,nll,cellular_clearance,0.0022221265812236678,-0.0015254253017101106,0.006346974763384075
mean_and_kernel,unchanged,15,1,nll,efflux,0.003000150423141004,-0.002345291595684924,0.008653962769379903
mean_and_kernel,unchanged,15,1,nll,in_vivo_clearance,0.0020949844330550222,-0.003473313145294524,0.007868270422768813
mean_and_kernel,unchanged,15,1,nll,microsomal_clearance,-0.0005915901623140309,-0.0034662181066851113,0.003045170415948562
mean_and_kernel,unchanged,15,1,nll,permeability,1.5861161124855858e-05,-0.003369529394156056,0.003598070542773444
mean_and_kernel,unchanged,15,1,nll,protein_binding,-0.00013354065344687885,-0.007273296889249338,0.005241850468183684
mean_and_kernel,unchanged,15,1,nll,macro,0.0011013319637972734,-0.000990560630687314,0.0028828251789637044
mean_and_kernel,unchanged,15,2,r2,cellular_clearance,0.010315486965037705,-0.003918460525220914,0.025536322843595617
mean_and_kernel,unchanged,15,2,r2,efflux,0.0035579441321477285,-0.007196644848770145,0.013318680005646849
mean_and_kernel,unchanged,15,2,r2,in_vivo_clearance,0.016671509290319547,-0.011192047120731493,0.040116490362738094
mean_and_kernel,unchanged,15,2,r2,microsomal_clearance,-0.001286997691854616,-0.006712297983235161,0.004480929778628693
mean_and_kernel,unchanged,15,2,r2,permeability,0.0057265533233805035,-0.007302721406049539,0.018060733539866355
mean_and_kernel,unchanged,15,2,r2,protein_binding,0.01463711359713558,-0.01140205137185458,0.02779979875329966
mean_and_kernel,unchanged,15,2,r2,macro,0.008270268269361074,0.00034787879975825266,0.01371740960283033
mean_and_kernel,unchanged,15,2,rho,cellular_clearance,0.0015584833999343097,-0.009886161723125618,0.015528677037469527
mean_and_kernel,unchanged,15,2,rho,efflux,0.0050023271529762835,-0.009079633956156024,0.018690943790996374
mean_and_kernel,unchanged,15,2,rho,in_vivo_clearance,0.009551957026123981,-0.028308003585578667,0.04041862447109642
mean_and_kernel,unchanged,15,2,rho,microsomal_clearance,0.000527393867184275,-0.0052237738097622635,0.006683937465451889
mean_and_kernel,unchanged,15,2,rho,permeability,0.007849940719703841,-0.004696337634284651,0.019760999709367746
mean_and_kernel,unchanged,15,2,rho,protein_binding,0.015675169805234132,0.0037109390126616178,0.024436847078080134
mean_and_kernel,unchanged,15,2,rho,macro,0.006694211995192804,-0.0010856138200451267,0.01326509667612818
mean_and_kernel,unchanged,15,2,nll,cellular_clearance,-0.003098634928962464,-0.014147375946654661,0.009572315568984887
mean_and_kernel,unchanged,15,2,nll,efflux,-0.00262768422400793,-0.015518543685850986,0.009918065101373634
mean_and_kernel,unchanged,15,2,nll,in_vivo_clearance,0.0012807540017784156,-0.03899913794306622,0.03173138680035654
mean_and_kernel,unchanged,15,2,nll,microsomal_clearance,-0.008502217865778388,-0.014833401366338622,-0.0021172542098559883
mean_and_kernel,unchanged,15,2,nll,permeability,-0.00892937613937395,-0.022215445985360842,0.003274866164727295
mean_and_kernel,unchanged,15,2,nll,protein_binding,-0.010467893361271371,-0.026387627924914614,0.0017011719955499684
mean_and_kernel,unchanged,15,2,nll,macro,-0.005390842086269281,-0.013323439016348899,0.0014907162453042702
mean_and_kernel,unchanged,15,3,r2,cellular_clearance,0.01187652942273406,0.0005897303178529837,0.022910283483146075
mean_and_kernel,unchanged,15,3,r2,efflux,0.005643510618919625,-0.0026229101423024728,0.014188204258643202
mean_and_kernel,unchanged,15,3,r2,in_vivo_clearance,0.012533899137844796,-0.004109442957292997,0.027651148465929365
mean_and_kernel,unchanged,15,3,r2,microsomal_clearance,0.004781784744456998,0.0018649556444133711,0.008177771828631763
mean_and_kernel,unchanged,15,3,r2,permeability,0.012471239164469143,0.0034314946897866768,0.02088212213287994
mean_and_kernel,unchanged,15,3,r2,protein_binding,0.0342508107932553,0.0010446107702536409,0.055087135364812856
mean_and_kernel,unchanged,15,3,r2,macro,0.013592962313613321,0.005911003190479616,0.018283844234150953
mean_and_kernel,unchanged,15,3,rho,cellular_clearance,0.005229283505494938,-0.009785533669464943,0.01931192509791736
mean_and_kernel,unchanged,15,3,rho,efflux,0.0012737317217720956,-0.012741514296745344,0.015085103710549861
mean_and_kernel,unchanged,15,3,rho,in_vivo_clearance,0.03362989027053119,-0.001099995525607016,0.06314519233070316
mean_and_kernel,unchanged,15,3,rho,microsomal_clearance,0.0015566160410600046,-0.003923864417324145,0.007600065493385347
mean_and_kernel,unchanged,15,3,rho,permeability,0.013402201825131963,-0.0025399919255038013,0.028751785623222767
mean_and_kernel,unchanged,15,3,rho,protein_binding,0.01604929630729286,0.004079127519970082,0.026818359317503083
mean_and_kernel,unchanged,15,3,rho,macro,0.011856836611880509,0.0033409944864190165,0.018560363098947468
mean_and_kernel,unchanged,15,3,nll,cellular_clearance,0.0032076997783757476,-0.006309197443641555,0.014284837270187166
mean_and_kernel,unchanged,15,3,nll,efflux,0.0054154696235104195,-0.006603025004160001,0.016924749428508683
mean_and_kernel,unchanged,15,3,nll,in_vivo_clearance,0.0032388245978858836,-0.01469515027306664,0.016016154125658433
mean_and_kernel,unchanged,15,3,nll,microsomal_clearance,0.0013678084126622948,-0.0038425215411705977,0.0063820002570014935
mean_and_kernel,unchanged,15,3,nll,permeability,-0.0026434654500319286,-0.012339470161526719,0.006075156133115384
mean_and_kernel,unchanged,15,3,nll,protein_binding,-0.0015888175821198946,-0.011758228403732463,0.01102784183170739
mean_and_kernel,unchanged,15,3,nll,macro,0.0014995865633804202,-0.002796381377380672,0.00582153938116974
mean_and_kernel,unchanged,15,5,r2,cellular_clearance,0.013625484600034873,0.004421325898282684,0.02346386913051411
mean_and_kernel,unchanged,15,5,r2,efflux,0.001385409016475729,-0.005991025264694288,0.008344218926964032
mean_and_kernel,unchanged,15,5,r2,in_vivo_clearance,0.030267143109755115,0.011500554226936502,0.04764186037582014
mean_and_kernel,unchanged,15,5,r2,microsomal_clearance,0.007213173818524176,0.004849621338435624,0.009550419139496941
mean_and_kernel,unchanged,15,5,r2,permeability,0.011786066721180525,0.0031799968475112765,0.02104653919788413
mean_and_kernel,unchanged,15,5,r2,protein_binding,0.03394001475664345,0.0037395853665460554,0.052620622053539116
mean_and_kernel,unchanged,15,5,r2,macro,0.016369548670435646,0.009128431962073622,0.020935528649895393
mean_and_kernel,unchanged,15,5,rho,cellular_clearance,0.011647519236477314,-0.010977857972016369,0.029530148197991678
mean_and_kernel,unchanged,15,5,rho,efflux,0.004443134795184501,-0.01033807444138381,0.020047314516080484
mean_and_kernel,unchanged,15,5,rho,in_vivo_clearance,0.05929546240717173,0.025549664877709894,0.09282313287465108
mean_and_kernel,unchanged,15,5,rho,microsomal_clearance,0.0016456456143934355,-0.004149396551828825,0.007060084707275557
mean_and_kernel,unchanged,15,5,rho,permeability,0.009202328789979215,-0.003859369178463726,0.021406571562917913
mean_and_kernel,unchanged,15,5,rho,protein_binding,0.017888519760559912,0.0058245132408065265,0.028685894456045583
mean_and_kernel,unchanged,15,5,rho,macro,0.01735376843396102,0.009901596314079901,0.02482797340566299
mean_and_kernel,unchanged,15,5,nll,cellular_clearance,0.003813660848327578,-0.005313334799066435,0.013685848980746474
mean_and_kernel,unchanged,15,5,nll,efflux,-0.005000582265194248,-0.014505160191922595,0.004139677708819921
mean_and_kernel,unchanged,15,5,nll,in_vivo_clearance,0.019158423586330554,0.003566873693915597,0.0327259764097912
mean_and_kernel,unchanged,15,5,nll,microsomal_clearance,0.005428423204390088,0.0009780829920746266,0.009229059665767293
mean_and_kernel,unchanged,15,5,nll,permeability,0.0025418691770376506,-0.006438893985443868,0.011393192569551267
mean_and_kernel,unchanged,15,5,nll,protein_binding,0.0025604053863971616,-0.0071014058701695856,0.015055580923633507
mean_and_kernel,unchanged,15,5,nll,macro,0.004750366656214798,0.0006631137601488314,0.00916373358804948
mean_and_kernel,unchanged,15,10,r2,cellular_clearance,0.011872433770929362,0.00465041016661179,0.018740432645431352
mean_and_kernel,unchanged,15,10,r2,efflux,0.005281441349309631,0.001338822045707329,0.009809568900016379
mean_and_kernel,unchanged,15,10,r2,in_vivo_clearance,0.023788271046632517,0.010793468733210914,0.03861999873463215
mean_and_kernel,unchanged,15,10,r2,microsomal_clearance,0.009315676701259948,0.006593485332300873,0.012029309906853405
mean_and_kernel,unchanged,15,10,r2,permeability,0.01930987744400985,0.011019669206690706,0.027930836522078725
mean_and_kernel,unchanged,15,10,r2,protein_binding,0.033338359968396424,0.004001107336014101,0.05219774205869623
mean_and_kernel,unchanged,15,10,r2,macro,0.017151010046756288,0.01039708272389153,0.021484213106019875
mean_and_kernel,unchanged,15,10,rho,cellular_clearance,0.002275930316914809,-0.023635557055804925,0.021333050190542362
mean_and_kernel,unchanged,15,10,rho,efflux,0.011465167626738555,-0.00013909980730560778,0.024782686701758257
mean_and_kernel,unchanged,15,10,rho,in_vivo_clearance,0.03109092500060797,0.00598177410046691,0.06630386835686622
mean_and_kernel,unchanged,15,10,rho,microsomal_clearance,0.008766974418600944,0.003046051351682492,0.015086794756982764
mean_and_kernel,unchanged,15,10,rho,permeability,0.014883323613968165,-0.0002721297468990065,0.029287342137416385
mean_and_kernel,unchanged,15,10,rho,protein_binding,0.02154705474209605,0.007044377769221872,0.03761498872993077
mean_and_kernel,unchanged,15,10,rho,macro,0.015004895953154414,0.008062729556032232,0.022216728941838827
mean_and_kernel,unchanged,15,10,nll,cellular_clearance,0.005838968927354891,-0.003090361508096464,0.013661653715401496
mean_and_kernel,unchanged,15,10,nll,efflux,-0.0015098188889249504,-0.010696804868516676,0.0070986582292293975
mean_and_kernel,unchanged,15,10,nll,in_vivo_clearance,0.015431269845679507,0.00020348186784385357,0.02952516930267405
mean_and_kernel,unchanged,15,10,nll,microsomal_clearance,0.007280683217369684,0.003987517362971696,0.010349273664455337
mean_and_kernel,unchanged,15,10,nll,permeability,0.015214989186528478,0.004606029120339676,0.025371399311518536
mean_and_kernel,unchanged,15,10,nll,protein_binding,0.0022086821369380334,-0.00779043673072739,0.015594472413230656
mean_and_kernel,unchanged,15,10,nll,macro,0.007410795737490941,0.0035529522544045,0.011375197929257288
kernel_only,gp,15,1,r2,cellular_clearance,0.06834522395882583,-0.009825242560079099,0.14245012146724245
kernel_only,gp,15,1,r2,efflux,-0.036359490682833874,-0.09611462924855238,0.031979102467515674
kernel_only,gp,15,1,r2,in_vivo_clearance,0.09598285735967699,-0.0682555767388147,0.29721502334382616
kernel_only,gp,15,1,r2,microsomal_clearance,0.00025443712897422116,-0.02450890973063429,0.027454877534587845
kernel_only,gp,15,1,r2,permeability,-0.005340928966162316,-0.05597737780074092,0.06199088732277725
kernel_only,gp,15,1,r2,protein_binding,0.08197809267894188,-0.00678404496732397,0.2512235198036605
kernel_only,gp,15,1,r2,macro,0.03414336524623712,-0.001943176467700698,0.07476851952278764
kernel_only,gp,15,1,rho,cellular_clearance,0.07171617720327762,0.007069838760935675,0.14938181526456235
kernel_only,gp,15,1,rho,efflux,0.02935437632517681,-0.03555863247080285,0.09476332068974576
kernel_only,gp,15,1,rho,in_vivo_clearance,0.0616591580584645,-0.09294121407301666,0.19454587393075873
kernel_only,gp,15,1,rho,microsomal_clearance,0.028096539229466404,0.006385941018002786,0.04982701703315738
kernel_only,gp,15,1,rho,permeability,-0.0038185714640551205,-0.06030889964646794,0.05312799253908496
kernel_only,gp,15,1,rho,protein_binding,0.0755203116967371,0.014587168539629174,0.1495599543148762
kernel_only,gp,15,1,rho,macro,0.043754665174844554,0.011506119076999588,0.07466757132473359
kernel_only,gp,15,1,nll,cellular_clearance,0.04915597051062366,-0.004917902001186224,0.10301856670550785
kernel_only,gp,15,1,nll,efflux,-0.018025187655526506,-0.06921375735689236,0.03080677132385853
kernel_only,gp,15,1,nll,in_vivo_clearance,0.1372314846095707,0.00903614651909224,0.27646695808216754
kernel_only,gp,15,1,nll,microsomal_clearance,-0.006118288738895732,-0.022629118338340894,0.011332568472769419
kernel_only,gp,15,1,nll,permeability,0.013641195759640823,-0.025433064828965114,0.05810329255754937
kernel_only,gp,15,1,nll,protein_binding,0.10340900319679007,-0.017964830576662275,0.20112706856021026
kernel_only,gp,15,1,nll,macro,0.0465490296137005,0.01193532912877055,0.07873310594962475
kernel_only,gp,15,2,r2,cellular_clearance,0.07023160592770039,0.02744591349997261,0.11286950581335632
kernel_only,gp,15,2,r2,efflux,-0.022929502790796925,-0.06334556461388416,0.022532662209582298
kernel_only,gp,15,2,r2,in_vivo_clearance,0.03382856637300121,-0.04344146618578993,0.11918000497252908
kernel_only,gp,15,2,r2,microsomal_clearance,0.005789432708760425,-0.00939264266216458,0.02274699460963779
kernel_only,gp,15,2,r2,permeability,-0.008836326749244585,-0.03913023105599086,0.032156347761627305
kernel_only,gp,15,2,r2,protein_binding,0.032754410110138014,-0.011977690665353058,0.14961214296913156
kernel_only,gp,15,2,r2,macro,0.01847303092992642,0.0016717181332849753,0.04105235427411152
kernel_only,gp,15,2,rho,cellular_clearance,0.045459111427459016,-0.008259100629785457,0.10649418533025012
kernel_only,gp,15,2,rho,efflux,0.0018169062281096268,-0.055679085488479295,0.059363822286395876
kernel_only,gp,15,2,rho,in_vivo_clearance,0.01435070782899856,-0.09576086599091513,0.11597861440069655
kernel_only,gp,15,2,rho,microsomal_clearance,0.023335848660785103,0.004977293431117772,0.04071419383476768
kernel_only,gp,15,2,rho,permeability,-0.019276724114186232,-0.06490885865376422,0.029883654838568745
kernel_only,gp,15,2,rho,protein_binding,0.08496769051434416,0.029305600201742374,0.1573239268709181
kernel_only,gp,15,2,rho,macro,0.02510892342425171,0.002103558891291642,0.04863815941559784
kernel_only,gp,15,2,nll,cellular_clearance,0.048146237225039766,-0.00034247720680801027,0.0989578316543086
kernel_only,gp,15,2,nll,efflux,-0.026896110857674023,-0.10578041768531389,0.04891423089624991
kernel_only,gp,15,2,nll,in_vivo_clearance,0.07232074796150949,-0.003021748480968046,0.15241554102881422
kernel_only,gp,15,2,nll,microsomal_clearance,0.0035254347957489,-0.024734716290881736,0.04220961891699768
kernel_only,gp,15,2,nll,permeability,-0.0034032343809338953,-0.044856458354117536,0.04348474400562255
kernel_only,gp,15,2,nll,protein_binding,0.11790308718942631,-0.02152624545329798,0.22225602775606754
kernel_only,gp,15,2,nll,macro,0.035266026988852756,0.0008386343702799376,0.06647818605350787
kernel_only,gp,15,3,r2,cellular_clearance,0.06182306520678715,0.028499295380508886,0.09383806877188805
kernel_only,gp,15,3,r2,efflux,-0.005616381152740985,-0.03308643968241897,0.0265890191205139
kernel_only,gp,15,3,r2,in_vivo_clearance,0.02152102517595978,-0.03476728997577826,0.07748636982450863
kernel_only,gp,15,3,r2,microsomal_clearance,0.007210754524379698,-0.005339775944386337,0.021269630514477667
kernel_only,gp,15,3,r2,permeability,-0.006415455507292966,-0.029191404212640947,0.022084976584850567
kernel_only,gp,15,3,r2,protein_binding,0.02635153060617615,-0.009562123025248519,0.12191527977710802
kernel_only,gp,15,3,r2,macro,0.017479089808878138,0.004073044379646613,0.035673596506854935
kernel_only,gp,15,3,rho,cellular_clearance,0.028806197133775288,-0.019719711874348584,0.08132543609197458
kernel_only,gp,15,3,rho,efflux,-0.006091183120453801,-0.05583620428086511,0.04541634412110244
kernel_only,gp,15,3,rho,in_vivo_clearance,0.048594211712479594,-0.042296272816136446,0.13567194490143175
kernel_only,gp,15,3,rho,microsomal_clearance,0.01722989415370876,-0.0031242939170845986,0.035996873204562026
kernel_only,gp,15,3,rho,permeability,-0.03003683078827128,-0.07684421199902489,0.020364237424856036
kernel_only,gp,15,3,rho,protein_binding,0.08890320471290385,0.03670141687545587,0.153835841590288
kernel_only,gp,15,3,rho,macro,0.024567582300690404,0.004876968749282336,0.044584365524043885
kernel_only,gp,15,3,nll,cellular_clearance,0.07256725820094528,0.024356908868417133,0.11908413174142979
kernel_only,gp,15,3,nll,efflux,-0.0039647263654411435,-0.07583989119119018,0.0670087998686899
kernel_only,gp,15,3,nll,in_vivo_clearance,0.057407113046262004,-0.013789834637771912,0.1457273680639789
kernel_only,gp,15,3,nll,microsomal_clearance,0.011435099889542336,-0.016824107183731275,0.052068101773783765
kernel_only,gp,15,3,nll,permeability,0.01765433904466389,-0.024070591017429595,0.06729155214454278
kernel_only,gp,15,3,nll,protein_binding,0.14152858023320672,0.0016933721537160363,0.24570562212131142
kernel_only,gp,15,3,nll,macro,0.04943794400819651,0.01693652331059628,0.0783623098742163
kernel_only,gp,15,5,r2,cellular_clearance,0.04460569133177567,0.020851370005962738,0.06743622511574524
kernel_only,gp,15,5,r2,efflux,-0.004426992327243108,-0.02634487153350787,0.018599058498427336
kernel_only,gp,15,5,r2,in_vivo_clearance,-0.0003602878074633487,-0.04167160533711993,0.038033583631839014
kernel_only,gp,15,5,r2,microsomal_clearance,0.006026340147645314,-0.003032328271401541,0.01691391871896554
kernel_only,gp,15,5,r2,permeability,-0.008258479970663446,-0.02713065403115513,0.012083892273676481
kernel_only,gp,15,5,r2,protein_binding,0.025285196062093607,-0.00771458333573305,0.10458317498680461
kernel_only,gp,15,5,r2,macro,0.010478577906024118,0.00028029274846062184,0.02567697169314288
kernel_only,gp,15,5,rho,cellular_clearance,0.01870896574285691,-0.01864348218553481,0.05680051576939057
kernel_only,gp,15,5,rho,efflux,-0.001349235484721477,-0.04964070324097884,0.048783547875302036
kernel_only,gp,15,5,rho,in_vivo_clearance,0.03204866647720337,-0.058000112192084397,0.10880792456156062
kernel_only,gp,15,5,rho,microsomal_clearance,0.004278696788487181,-0.012510638375133014,0.01925749475822297
kernel_only,gp,15,5,rho,permeability,-0.032802092418488527,-0.07237409803445598,0.007414032733222476
kernel_only,gp,15,5,rho,protein_binding,0.06514451432916704,0.00945676000040457,0.13298061435563366
kernel_only,gp,15,5,rho,macro,0.014338252572417417,-0.004964778131512762,0.035041608100331516
kernel_only,gp,15,5,nll,cellular_clearance,0.0592498814304106,0.016206577358017036,0.10376051194365249
kernel_only,gp,15,5,nll,efflux,-0.001676818413439414,-0.07250058226172836,0.0672662608685254
kernel_only,gp,15,5,nll,in_vivo_clearance,0.0362552908813543,-0.03583527546435431,0.12848956243383775
kernel_only,gp,15,5,nll,microsomal_clearance,0.00932167352889284,-0.016260515228553932,0.04532183081656926
kernel_only,gp,15,5,nll,permeability,0.010458727516410818,-0.03614645409814081,0.06760327512107661
kernel_only,gp,15,5,nll,protein_binding,0.15726477788508672,0.02209019471276359,0.2592336436541067
kernel_only,gp,15,5,nll,macro,0.045145588804785974,0.014472584578947815,0.07269465584669482
kernel_only,gp,15,10,r2,cellular_clearance,0.03774893102984454,0.017275012898930155,0.055904488760740736
kernel_only,gp,15,10,r2,efflux,0.005104268403031549,-0.01549925800713588,0.02606646990357233
kernel_only,gp,15,10,r2,in_vivo_clearance,-0.006964728713893306,-0.033420044053649775,0.020441578927097234
kernel_only,gp,15,10,r2,microsomal_clearance,0.003946002989771207,-0.0045989803522226876,0.013542994804119054
kernel_only,gp,15,10,r2,permeability,-0.001000574648739396,-0.017635345757381227,0.015463213479309615
kernel_only,gp,15,10,r2,protein_binding,0.012607710086313737,-0.015603093090493231,0.07226266982429165
kernel_only,gp,15,10,r2,macro,0.008573601524388056,0.0010115841651866552,0.020849654621613714
kernel_only,gp,15,10,rho,cellular_clearance,0.006594753185740342,-0.036054030888419374,0.04526909513752658
kernel_only,gp,15,10,rho,efflux,0.02808339942108701,-0.015559293491072143,0.07237992456996233
kernel_only,gp,15,10,rho,in_vivo_clearance,0.0006039137765765201,-0.08980624616353047,0.07968397834752163
kernel_only,gp,15,10,rho,microsomal_clearance,0.003648855021001067,-0.009318131162712124,0.01536643841970726
kernel_only,gp,15,10,rho,permeability,-0.030694101036836705,-0.07026401566635866,0.009608306911841741
kernel_only,gp,15,10,rho,protein_binding,0.0496871772447996,-0.007241869130795506,0.12117815549759549
kernel_only,gp,15,10,rho,macro,0.009653999602061307,-0.011488530932645711,0.032579044685040484
kernel_only,gp,15,10,nll,cellular_clearance,0.06206434164874579,0.015502488927217404,0.11001914573725013
kernel_only,gp,15,10,nll,efflux,0.0023560706860399783,-0.06572608892780221,0.07410200946592892
kernel_only,gp,15,10,nll,in_vivo_clearance,0.02119546250209517,-0.06536204307883108,0.14459596201062658
kernel_only,gp,15,10,nll,microsomal_clearance,0.006207555755765672,-0.01768387232375152,0.03836605955905833
kernel_only,gp,15,10,nll,permeability,0.010390403887065084,-0.04305727270127662,0.0757548397390276
kernel_only,gp,15,10,nll,protein_binding,0.16779094041544182,0.026482829573313615,0.27590164995285804
kernel_only,gp,15,10,nll,macro,0.04500079581585892,0.011974041979585383,0.0748677392683976
mean_and_kernel,gp,15,1,r2,cellular_clearance,0.0693978011471705,-0.006210838492248001,0.1429859322167469
mean_and_kernel,gp,15,1,r2,efflux,-0.035916509244254706,-0.09555445835314591,0.03170420740107033
mean_and_kernel,gp,15,1,r2,in_vivo_clearance,0.10216778175416416,-0.06436589068212355,0.3022057927123634
mean_and_kernel,gp,15,1,r2,microsomal_clearance,-0.0020292389530345042,-0.027090077240541362,0.02538098466941216
mean_and_kernel,gp,15,1,r2,permeability,-0.0048425907457197844,-0.056020711860395145,0.06327232434618102
mean_and_kernel,gp,15,1,r2,protein_binding,0.08350765961165514,-0.004864680737060111,0.2545138639037792
mean_and_kernel,gp,15,1,r2,macro,0.03538081726166347,-0.0008292991095065722,0.07559274021359061
mean_and_kernel,gp,15,1,rho,cellular_clearance,0.07384260142533049,0.010428601248801446,0.15009288240970037
mean_and_kernel,gp,15,1,rho,efflux,0.03139141335117595,-0.033709167938333374,0.09718400739173456
mean_and_kernel,gp,15,1,rho,in_vivo_clearance,0.06437668576836583,-0.09585425139653184,0.20004318207000876
mean_and_kernel,gp,15,1,rho,microsomal_clearance,0.026513680501215515,0.0049205839316012545,0.04806012589452585
mean_and_kernel,gp,15,1,rho,permeability,-0.00520024408275883,-0.062043428523257685,0.05220301017880919
mean_and_kernel,gp,15,1,rho,protein_binding,0.07574758402100115,0.015940748356154243,0.14985287399205915
mean_and_kernel,gp,15,1,rho,macro,0.044445286830721686,0.011443880810474,0.07571752325610782
mean_and_kernel,gp,15,1,nll,cellular_clearance,0.051903338752488246,-0.0005288750006926463,0.10488865144534781
mean_and_kernel,gp,15,1,nll,efflux,-0.017812004882422905,-0.0679695548777539,0.03036859121424566
mean_and_kernel,gp,15,1,nll,in_vivo_clearance,0.13871116580793957,0.011635051324199314,0.2756145871254716
mean_and_kernel,gp,15,1,nll,microsomal_clearance,-0.006216088630983242,-0.022498360802009426,0.011256367713941574
mean_and_kernel,gp,15,1,nll,permeability,0.014384595622339316,-0.0247487175663268,0.059063893693311505
mean_and_kernel,gp,15,1,nll,protein_binding,0.10696363549042785,-0.013494080286510304,0.20483130134668578
mean_and_kernel,gp,15,1,nll,macro,0.04798910702663148,0.0135541073810919,0.0797704350313609
mean_and_kernel,gp,15,2,r2,cellular_clearance,0.06956644518232634,0.028252194649353767,0.11126116307012954
mean_and_kernel,gp,15,2,r2,efflux,-0.020232326984538133,-0.06111957001055336,0.024738511853716633
mean_and_kernel,gp,15,2,r2,in_vivo_clearance,0.031227365996813805,-0.051696728487242626,0.11825984216367752
mean_and_kernel,gp,15,2,r2,microsomal_clearance,0.005275337536512161,-0.01053495319470944,0.02261708775840185
mean_and_kernel,gp,15,2,r2,permeability,-0.005931079869438785,-0.03640239172950412,0.03597334713904336
mean_and_kernel,gp,15,2,r2,protein_binding,0.03391227411416748,-0.012084509988919578,0.15218742739154414
mean_and_kernel,gp,15,2,r2,macro,0.018969669329307146,0.0016477262616686947,0.04211153238184576
mean_and_kernel,gp,15,2,rho,cellular_clearance,0.05122768810531245,-0.002152881552471431,0.11241405271238197
mean_and_kernel,gp,15,2,rho,efflux,-0.002098611480108021,-0.0595029439058687,0.05503396791043631
mean_and_kernel,gp,15,2,rho,in_vivo_clearance,0.02605524592101574,-0.09129550015553833,0.1265158362791407
mean_and_kernel,gp,15,2,rho,microsomal_clearance,0.024001765699361927,0.005031395469584373,0.041604866796867944
mean_and_kernel,gp,15,2,rho,permeability,-0.013143963791016074,-0.057102828071924766,0.03383982880041
mean_and_kernel,gp,15,2,rho,protein_binding,0.09926523479322592,0.04424858301223533,0.17001335158325298
mean_and_kernel,gp,15,2,rho,macro,0.030884559874631994,0.006479977459324588,0.05424751482809256
mean_and_kernel,gp,15,2,nll,cellular_clearance,0.04565440772898693,-0.0013294190550788515,0.09556602948973793
mean_and_kernel,gp,15,2,nll,efflux,-0.02429579458619544,-0.10275074832612041,0.05018160115776166
mean_and_kernel,gp,15,2,nll,in_vivo_clearance,0.06403230564148542,-0.007847231293357787,0.13843393240430465
mean_and_kernel,gp,15,2,nll,microsomal_clearance,0.0014245363711524297,-0.02750663374071301,0.03930575397633416
mean_and_kernel,gp,15,2,nll,permeability,-0.0012508984820676886,-0.04364212011564437,0.04609746604510646
mean_and_kernel,gp,15,2,nll,protein_binding,0.11839556690204858,-0.021392668752924674,0.22424889469092435
mean_and_kernel,gp,15,2,nll,macro,0.03399335392923503,0.0003458640567271619,0.06463562596569372
mean_and_kernel,gp,15,3,r2,cellular_clearance,0.06294995742969466,0.029114109790088362,0.09530463888438505
mean_and_kernel,gp,15,3,r2,efflux,-0.0024190590923858298,-0.030596960144156363,0.029944935598029666
mean_and_kernel,gp,15,3,r2,in_vivo_clearance,0.02496217176913279,-0.03194219755448057,0.0802324793913145
mean_and_kernel,gp,15,3,r2,microsomal_clearance,0.008828774769776537,-0.003772486191291121,0.023409069484401763
mean_and_kernel,gp,15,3,r2,permeability,-0.003065095036475287,-0.02678903010391534,0.0261425973690905
mean_and_kernel,gp,15,3,r2,protein_binding,0.029480432749719242,-0.0073315827927762575,0.12662626947839095
mean_and_kernel,gp,15,3,r2,macro,0.02012286376491035,0.006517618766143088,0.038532185145586914
mean_and_kernel,gp,15,3,rho,cellular_clearance,0.036684426094723645,-0.015237117359978592,0.09120693988807875
mean_and_kernel,gp,15,3,rho,efflux,0.0005982721293414059,-0.051284132767095474,0.05340482675058899
mean_and_kernel,gp,15,3,rho,in_vivo_clearance,0.06756823282688858,-0.025000001096166655,0.14708995846264497
mean_and_kernel,gp,15,3,rho,microsomal_clearance,0.01524292720438117,-0.0038477112261773804,0.03210292369532873
mean_and_kernel,gp,15,3,rho,permeability,-0.022145795066737466,-0.06733399759173792,0.02606935402061812
mean_and_kernel,gp,15,3,rho,protein_binding,0.09530570443268077,0.04421337428863979,0.16009917264628012
mean_and_kernel,gp,15,3,rho,macro,0.03220896127021302,0.012103188484027801,0.05185337440755286
mean_and_kernel,gp,15,3,nll,cellular_clearance,0.07011513249963043,0.023139235098329002,0.11490363869980384
mean_and_kernel,gp,15,3,nll,efflux,-0.0007732335407423714,-0.07275597827185482,0.07014053219204162
mean_and_kernel,gp,15,3,nll,in_vivo_clearance,0.057251405564822735,-0.010735929578685383,0.13841552143910515
mean_and_kernel,gp,15,3,nll,microsomal_clearance,0.01219976229091382,-0.01597979908257332,0.05191802825984863
mean_and_kernel,gp,15,3,nll,permeability,0.020173301482397186,-0.021875454083451654,0.07005922685885993
mean_and_kernel,gp,15,3,nll,protein_binding,0.14435262617778422,0.0032041384736650313,0.24951172498511384
mean_and_kernel,gp,15,3,nll,macro,0.05055316574580101,0.017990471881926654,0.07923380301673771
mean_and_kernel,gp,15,5,r2,cellular_clearance,0.04640346219047104,0.02270177796276878,0.0687351935055994
mean_and_kernel,gp,15,5,r2,efflux,-0.0019045233032891178,-0.024968696153849317,0.021920305431046682
mean_and_kernel,gp,15,5,r2,in_vivo_clearance,0.00598207222818023,-0.033389905074427205,0.04368745230095374
mean_and_kernel,gp,15,5,r2,microsomal_clearance,0.007832745074216073,-0.0015766992999013596,0.01928782320025772
mean_and_kernel,gp,15,5,r2,permeability,-0.006641977350939291,-0.02700199636231583,0.014387860614080221
mean_and_kernel,gp,15,5,r2,protein_binding,0.028999317290252027,-0.004508181189943826,0.10808375480064655
mean_and_kernel,gp,15,5,r2,macro,0.013445182688148495,0.002844819669265147,0.028636090118439008
mean_and_kernel,gp,15,5,rho,cellular_clearance,0.03073639597302882,-0.011784559468463731,0.07190890543627447
mean_and_kernel,gp,15,5,rho,efflux,0.0038001264617950996,-0.045681033889189926,0.054490023586337304
mean_and_kernel,gp,15,5,rho,in_vivo_clearance,0.045370107665658,-0.048660462399146405,0.11840919470614326
mean_and_kernel,gp,15,5,rho,microsomal_clearance,0.004730419896020921,-0.011226232334519052,0.018779465561987656
mean_and_kernel,gp,15,5,rho,permeability,-0.028994048428204324,-0.06777619163310197,0.010006394561263737
mean_and_kernel,gp,15,5,rho,protein_binding,0.07571399132580017,0.021365675820614834,0.14166537105842145
mean_and_kernel,gp,15,5,rho,macro,0.02189283214901645,0.00182038692542421,0.04248455472006367
mean_and_kernel,gp,15,5,nll,cellular_clearance,0.058474259864828015,0.017585829320918216,0.0999721976430703
mean_and_kernel,gp,15,5,nll,efflux,-0.00020515980173077439,-0.07163693826404562,0.06814563124982535
mean_and_kernel,gp,15,5,nll,in_vivo_clearance,0.040558785463356166,-0.030299940533090264,0.13061972072229627
mean_and_kernel,gp,15,5,nll,microsomal_clearance,0.010533903170215913,-0.014763959468399984,0.046439268753771946
mean_and_kernel,gp,15,5,nll,permeability,0.012217573120370941,-0.03472628363756539,0.06848937223542725
mean_and_kernel,gp,15,5,nll,protein_binding,0.16165217265046047,0.025147846747966232,0.2641767079870879
mean_and_kernel,gp,15,5,nll,macro,0.04720525574458345,0.016943634975291035,0.07469063838796643
mean_and_kernel,gp,15,10,r2,cellular_clearance,0.037856545321819084,0.01695866354740153,0.056462039636910114
mean_and_kernel,gp,15,10,r2,efflux,0.005198311948173083,-0.016073827880719097,0.026772554953500404
mean_and_kernel,gp,15,10,r2,in_vivo_clearance,-0.004394091632905992,-0.03112191965270832,0.023336048392974536
mean_and_kernel,gp,15,10,r2,microsomal_clearance,0.005050746963385066,-0.003783879574117202,0.014918724520943779
mean_and_kernel,gp,15,10,r2,permeability,0.0002320849335226403,-0.01730309288373956,0.017024735708571923
mean_and_kernel,gp,15,10,r2,protein_binding,0.01585177051072835,-0.011737285273666746,0.07416000480880913
mean_and_kernel,gp,15,10,r2,macro,0.009965894674120372,0.0022761745685992998,0.02228010012816062
mean_and_kernel,gp,15,10,rho,cellular_clearance,0.005887566260306367,-0.04270682417126154,0.04799679268290902
mean_and_kernel,gp,15,10,rho,efflux,0.026265445020463747,-0.018430123814189462,0.07146565769972163
mean_and_kernel,gp,15,10,rho,in_vivo_clearance,0.0031169031560421044,-0.09468397484812886,0.0878535939013924
mean_and_kernel,gp,15,10,rho,microsomal_clearance,0.0046415553534660085,-0.007940952400077137,0.01672085790902058
mean_and_kernel,gp,15,10,rho,permeability,-0.03444710935776433,-0.07235560822714636,0.004718542425309398
mean_and_kernel,gp,15,10,rho,protein_binding,0.05853310084873529,0.005744457735270613,0.12304213981486288
mean_and_kernel,gp,15,10,rho,macro,0.010666243546874864,-0.011428428387451516,0.03302134619411424
mean_and_kernel,gp,15,10,nll,cellular_clearance,0.05947725322679183,0.014457831203834356,0.10448095486687843
mean_and_kernel,gp,15,10,nll,efflux,0.001531462928268174,-0.06714899745056231,0.07278010675833793
mean_and_kernel,gp,15,10,nll,in_vivo_clearance,0.023194105570092168,-0.06383942660583547,0.14657258755231622
mean_and_kernel,gp,15,10,nll,microsomal_clearance,0.006938083869932458,-0.016503120091110893,0.03924402511458775
mean_and_kernel,gp,15,10,nll,permeability,0.011458844816984963,-0.04174796433826346,0.07593400250925819
mean_and_kernel,gp,15,10,nll,protein_binding,0.16993694649943575,0.027801530286812554,0.2787484382157138
mean_and_kernel,gp,15,10,nll,macro,0.04542278281858422,0.012407763343904026,0.07505964310886176
mean_and_kernel,mean_only,15,1,r2,cellular_clearance,-0.0068979778523422285,-0.01682932116336823,0.003697238963778485
mean_and_kernel,mean_only,15,1,r2,efflux,-0.0007966326598629642,-0.010888983091666653,0.008439428961432703
mean_and_kernel,mean_only,15,1,r2,in_vivo_clearance,0.012447361513082044,-0.010550143401283458,0.038419303591183264
mean_and_kernel,mean_only,15,1,r2,microsomal_clearance,-0.011902286792682997,-0.01762266830536571,-0.0061333407246811685
mean_and_kernel,mean_only,15,1,r2,permeability,-0.003951887093981435,-0.011884876707129921,0.005194625193854083
mean_and_kernel,mean_only,15,1,r2,protein_binding,-0.000572286004603152,-0.010905746949191303,0.006887370238131893
mean_and_kernel,mean_only,15,1,r2,macro,-0.0019456181483984553,-0.007221135973814646,0.0032112621835659176
mean_and_kernel,mean_only,15,1,rho,cellular_clearance,0.005154093193264168,-0.0035492961810121007,0.013797726292999468
mean_and_kernel,mean_only,15,1,rho,efflux,0.006303644649408479,-0.004985688633435427,0.01724024838237041
mean_and_kernel,mean_only,15,1,rho,in_vivo_clearance,0.02128247331827877,-0.023010979107625423,0.07722348559083354
mean_and_kernel,mean_only,15,1,rho,microsomal_clearance,0.0011390957215679494,-0.005407514217185879,0.0077536779428662
mean_and_kernel,mean_only,15,1,rho,permeability,0.004658189695328471,-0.005085559489152857,0.014073272962332599
mean_and_kernel,mean_only,15,1,rho,protein_binding,-0.0005005089735442887,-0.011294628425872056,0.014028884194387144
mean_and_kernel,mean_only,15,1,rho,macro,0.006339497934050591,-0.0023175977599390885,0.016161393179785676
mean_and_kernel,mean_only,15,1,nll,cellular_clearance,-0.0024188666953265797,-0.009198529972213886,0.004157267064205815
mean_and_kernel,mean_only,15,1,nll,efflux,-0.0043931826095443835,-0.011720926766129415,0.0027483814657601378
mean_and_kernel,mean_only,15,1,nll,in_vivo_clearance,-0.0006874508962165266,-0.014746570891155518,0.01187444614804598
mean_and_kernel,mean_only,15,1,nll,microsomal_clearance,-0.011735859418758564,-0.016111925264267735,-0.007717042540121829
mean_and_kernel,mean_only,15,1,nll,permeability,-0.006870131198359964,-0.014890239250094008,0.0018537643188392121
mean_and_kernel,mean_only,15,1,nll,protein_binding,-0.00451599313966054,-0.01645592178109406,0.005322135793696567
mean_and_kernel,mean_only,15,1,nll,macro,-0.005103580659644427,-0.009088868723938475,-0.0017042859250802603
mean_and_kernel,mean_only,15,2,r2,cellular_clearance,0.12615685421749448,0.08520007236713044,0.17236241755276313
mean_and_kernel,mean_only,15,2,r2,efflux,0.10164233201576083,0.06932839794252771,0.13472385648049315
mean_and_kernel,mean_only,15,2,r2,in_vivo_clearance,0.11824870299646198,0.05544745025584561,0.18709490798517656
mean_and_kernel,mean_only,15,2,r2,microsomal_clearance,0.06308268768569966,0.04958152735351484,0.07953787262871959
mean_and_kernel,mean_only,15,2,r2,permeability,0.06778456557280377,0.038631355294602536,0.09752845703504498
mean_and_kernel,mean_only,15,2,r2,protein_binding,0.04824402764186707,0.02520780883796043,0.09667975742403469
mean_and_kernel,mean_only,15,2,r2,macro,0.08752652835501464,0.07398141819455083,0.10543272270872972
mean_and_kernel,mean_only,15,2,rho,cellular_clearance,0.007305044882554887,-0.0012426100934023097,0.018014077028625904
mean_and_kernel,mean_only,15,2,rho,efflux,0.002571076816982692,-0.013329015331411797,0.01920618405055141
mean_and_kernel,mean_only,15,2,rho,in_vivo_clearance,0.0026136150583624756,-0.02647499890288427,0.029700405028286487
mean_and_kernel,mean_only,15,2,rho,microsomal_clearance,0.0025010861586445667,-0.003868302218155017,0.009173675052169443
mean_and_kernel,mean_only,15,2,rho,permeability,0.008727304099334622,-0.0033325374472353946,0.02068210068488768
mean_and_kernel,mean_only,15,2,rho,protein_binding,-5.61777163636282e-06,-0.01586297560979924,0.012425691689192558
mean_and_kernel,mean_only,15,2,rho,macro,0.00395208487404048,-0.002530328478204097,0.009720618953030684
mean_and_kernel,mean_only,15,2,nll,cellular_clearance,0.0796593886063161,0.0577517660293813,0.10006722864907042
mean_and_kernel,mean_only,15,2,nll,efflux,0.07009945243485122,0.04585533047999414,0.09666563176833176
mean_and_kernel,mean_only,15,2,nll,in_vivo_clearance,0.05838507477415279,0.011110296190206525,0.09289269780674031
mean_and_kernel,mean_only,15,2,nll,microsomal_clearance,0.031175635446908725,0.01850857011649211,0.04385074473730993
mean_and_kernel,mean_only,15,2,nll,permeability,0.04542551575819169,0.017756321159623712,0.06932804384941538
mean_and_kernel,mean_only,15,2,nll,protein_binding,0.07330051140583241,0.048696480795195486,0.10649470454928839
mean_and_kernel,mean_only,15,2,nll,macro,0.059674263071042156,0.048183136193666126,0.06980552527720299
mean_and_kernel,mean_only,15,3,r2,cellular_clearance,0.05752087357165612,0.03578552248101383,0.07949018056528019
mean_and_kernel,mean_only,15,3,r2,efflux,0.05189250543246627,0.03400403233234204,0.07146764055419952
mean_and_kernel,mean_only,15,3,r2,in_vivo_clearance,0.06171417893497731,0.030850563016191733,0.10044240423021614
mean_and_kernel,mean_only,15,3,r2,microsomal_clearance,0.027955579678724377,0.020550554300945326,0.036282082831517785
mean_and_kernel,mean_only,15,3,r2,permeability,0.026260447220659507,0.013960233051227419,0.0429589937046228
mean_and_kernel,mean_only,15,3,r2,protein_binding,0.02481597215220758,0.016598470150540896,0.03975654609038333
mean_and_kernel,mean_only,15,3,r2,macro,0.041693259498448536,0.034107597835460274,0.05072391794340754
mean_and_kernel,mean_only,15,3,rho,cellular_clearance,0.014400418308878461,-0.002322374036274669,0.03418183541911031
mean_and_kernel,mean_only,15,3,rho,efflux,0.008067142908219947,-0.009472176671379659,0.027809943817928416
mean_and_kernel,mean_only,15,3,rho,in_vivo_clearance,0.009964318461716169,-0.025005445655106623,0.04119756592571537
mean_and_kernel,mean_only,15,3,rho,microsomal_clearance,0.008689797076698052,0.0009160217288363788,0.016884598481544204
mean_and_kernel,mean_only,15,3,rho,permeability,0.008002104796469204,-0.006809512382288552,0.023429856046696007
mean_and_kernel,mean_only,15,3,rho,protein_binding,0.007794649526476862,-0.011628809085736673,0.024233498175769447
mean_and_kernel,mean_only,15,3,rho,macro,0.009486405179743114,0.00020066469251705404,0.01762699715605192
mean_and_kernel,mean_only,15,3,nll,cellular_clearance,0.04912505214726326,0.034991967470015636,0.06273583920115515
mean_and_kernel,mean_only,15,3,nll,efflux,0.04985850562531481,0.031132490809338886,0.0715787032362159
mean_and_kernel,mean_only,15,3,nll,in_vivo_clearance,0.04086516250640383,0.004380246710593708,0.07216544581531442
mean_and_kernel,mean_only,15,3,nll,microsomal_clearance,0.020869908088537947,0.008581631000817326,0.03247618966725919
mean_and_kernel,mean_only,15,3,nll,permeability,0.024949616129689538,0.00935342867120723,0.04097517643236624
mean_and_kernel,mean_only,15,3,nll,protein_binding,0.03738227797715219,0.023388027172034358,0.05547753013736953
mean_and_kernel,mean_only,15,3,nll,macro,0.03717508707906026,0.02928109351194437,0.044494071810410186
mean_and_kernel,mean_only,15,5,r2,cellular_clearance,0.03305012181846979,0.021124982006104562,0.045985348418136285
mean_and_kernel,mean_only,15,5,r2,efflux,0.031193697510426815,0.01716418349593499,0.04525891301718431
mean_and_kernel,mean_only,15,5,r2,in_vivo_clearance,0.02596845853022261,0.00257135605795836,0.05984420900264812
mean_and_kernel,mean_only,15,5,r2,microsomal_clearance,0.017179798840670776,0.01294884121249673,0.021352666703811345
mean_and_kernel,mean_only,15,5,r2,permeability,0.01911372984614053,0.008214146056573654,0.03120027834124323
mean_and_kernel,mean_only,15,5,r2,protein_binding,0.011421511008090964,0.0062083625336770915,0.021876811121445856
mean_and_kernel,mean_only,15,5,r2,macro,0.02298788625900358,0.017811043137942587,0.029680177517663633
mean_and_kernel,mean_only,15,5,rho,cellular_clearance,0.027171471064825342,0.009687730376093719,0.04577505236915219
mean_and_kernel,mean_only,15,5,rho,efflux,0.005704275973969051,-0.018633356260435375,0.03391112485977232
mean_and_kernel,mean_only,15,5,rho,in_vivo_clearance,0.02534741785377263,-0.03287702323276212,0.07907142002617601
mean_and_kernel,mean_only,15,5,rho,microsomal_clearance,0.005725442280663273,-0.002915617500178389,0.015524868186323457
mean_and_kernel,mean_only,15,5,rho,permeability,0.001210281490865679,-0.016797829414969843,0.017797238155888996
mean_and_kernel,mean_only,15,5,rho,protein_binding,0.007098042897202748,-0.00794013386044432,0.022307217131074402
mean_and_kernel,mean_only,15,5,rho,macro,0.01204282192688312,0.00043377778893820854,0.02364171405447024
mean_and_kernel,mean_only,15,5,nll,cellular_clearance,0.04286598215050923,0.030837358461430556,0.05677912981703272
mean_and_kernel,mean_only,15,5,nll,efflux,0.04003195995368639,0.023400249134613492,0.05663681436356182
mean_and_kernel,mean_only,15,5,nll,in_vivo_clearance,0.022728481051439126,-0.01107416308305684,0.053336106643431073
mean_and_kernel,mean_only,15,5,nll,microsomal_clearance,0.01822971021516105,0.010447066553092127,0.026622972577638203
mean_and_kernel,mean_only,15,5,nll,permeability,0.02933165910859281,0.011716198795974226,0.046728992804202056
mean_and_kernel,mean_only,15,5,nll,protein_binding,0.029110643528971514,0.014059037966939681,0.04464667489930069
mean_and_kernel,mean_only,15,5,nll,macro,0.030383072668060025,0.023490631592493653,0.03670150981431319
mean_and_kernel,mean_only,15,10,r2,cellular_clearance,0.028898363780816783,0.016331873030516152,0.041874987166337745
mean_and_kernel,mean_only,15,10,r2,efflux,0.024422256600514797,0.010483364538792391,0.03779179551523385
mean_and_kernel,mean_only,15,10,r2,in_vivo_clearance,0.023989184999920442,0.008372478984200455,0.044804166667260045
mean_and_kernel,mean_only,15,10,r2,microsomal_clearance,0.019774453073915572,0.015151514567892451,0.02420785265756874
mean_and_kernel,mean_only,15,10,r2,permeability,0.02542241294978169,0.010498836280805826,0.04258379051670412
mean_and_kernel,mean_only,15,10,r2,protein_binding,0.016238873725202822,0.008267564907789196,0.027784912582248206
mean_and_kernel,mean_only,15,10,r2,macro,0.023124257521692015,0.018462125054707672,0.028317338578327
mean_and_kernel,mean_only,15,10,rho,cellular_clearance,0.030692268081379145,0.012150856462093833,0.05317935765226726
mean_and_kernel,mean_only,15,10,rho,efflux,0.028398043469146445,0.005677356467928209,0.05380229571773461
mean_and_kernel,mean_only,15,10,rho,in_vivo_clearance,0.03269483719021083,-0.01401203390992446,0.07893697628913664
mean_and_kernel,mean_only,15,10,rho,microsomal_clearance,0.02482878211219272,0.014387301358613139,0.03666004465578347
mean_and_kernel,mean_only,15,10,rho,permeability,0.015218447521328933,-0.00421250825230826,0.03456161548849196
mean_and_kernel,mean_only,15,10,rho,protein_binding,0.008795127306472176,-0.016443712978727303,0.0298720047831699
mean_and_kernel,mean_only,15,10,rho,macro,0.02343791761345504,0.01273543859531613,0.03334106542121308
mean_and_kernel,mean_only,15,10,nll,cellular_clearance,0.04805273490353797,0.032353327702432925,0.06620975084031847
mean_and_kernel,mean_only,15,10,nll,efflux,0.045641193912858494,0.01855933720356308,0.0758118922556761
mean_and_kernel,mean_only,15,10,nll,in_vivo_clearance,0.030689090184390734,-0.009525092988384378,0.06620380324285495
mean_and_kernel,mean_only,15,10,nll,microsomal_clearance,0.02787970151826945,0.02087588720924837,0.034751055188191535
mean_and_kernel,mean_only,15,10,nll,permeability,0.055361787590737906,0.0329700604863371,0.07927689591470827
mean_and_kernel,mean_only,15,10,nll,protein_binding,0.047998528673324256,0.03173745843777452,0.06572429605101064
mean_and_kernel,mean_only,15,10,nll,macro,0.042603839463853134,0.033172481089656744,0.051277255379163715
mean_and_kernel,kernel_only,15,1,r2,cellular_clearance,0.0010525771883446368,-0.0041557563563860535,0.006593274256405245
mean_and_kernel,kernel_only,15,1,r2,efflux,0.0004429814385791647,-0.0010892443399679148,0.0021635158964461837
mean_and_kernel,kernel_only,15,1,r2,in_vivo_clearance,0.006184924394487171,-0.0025073614835482935,0.015684108184070213
mean_and_kernel,kernel_only,15,1,r2,microsomal_clearance,-0.002283676082008726,-0.004200296863648002,-0.00031359398473384625
mean_and_kernel,kernel_only,15,1,r2,permeability,0.0004983382204425311,-0.0016217330468614674,0.00267402394132636
mean_and_kernel,kernel_only,15,1,r2,protein_binding,0.001529566932713255,-0.0006977038951185817,0.004941295577881423
mean_and_kernel,kernel_only,15,1,r2,macro,0.0012374520154263388,-0.0006703723644081418,0.003425177435919069
mean_and_kernel,kernel_only,15,1,rho,cellular_clearance,0.002126424222052852,-0.0024212870561358952,0.006574864537648659
mean_and_kernel,kernel_only,15,1,rho,efflux,0.002037037025999134,-0.0004446969920430676,0.0047502974568466895
mean_and_kernel,kernel_only,15,1,rho,in_vivo_clearance,0.0027175277099013304,-0.010004556025291447,0.013669495649325347
mean_and_kernel,kernel_only,15,1,rho,microsomal_clearance,-0.001582858728250889,-0.004340938666611321,0.0010201165333891798
mean_and_kernel,kernel_only,15,1,rho,permeability,-0.001381672618703711,-0.004885851953553272,0.0021439094797310793
mean_and_kernel,kernel_only,15,1,rho,protein_binding,0.00022727232426404803,-0.0026324562983129894,0.0036363629514182113
mean_and_kernel,kernel_only,15,1,rho,macro,0.0006906216558771272,-0.0018038144568827436,0.003087735307490637
mean_and_kernel,kernel_only,15,1,nll,cellular_clearance,0.0027473682418645605,-0.001243925500281201,0.006909161864353939
mean_and_kernel,kernel_only,15,1,nll,efflux,0.00021318277310360175,-0.0013285138319727213,0.0016320450240168661
mean_and_kernel,kernel_only,15,1,nll,in_vivo_clearance,0.001479681198368854,-0.002799314080177228,0.00676069964107697
mean_and_kernel,kernel_only,15,1,nll,microsomal_clearance,-9.77998920875111e-05,-0.0018944305723243408,0.0022735112870099126
mean_and_kernel,kernel_only,15,1,nll,permeability,0.0007433998626984917,-0.0007840172395193155,0.0022411525465215894
mean_and_kernel,kernel_only,15,1,nll,protein_binding,0.003554632293637794,0.0007524842330496706,0.007410324310059848
mean_and_kernel,kernel_only,15,1,nll,macro,0.0014400774129309651,8.76541087188798e-05,0.0030044269522862587
mean_and_kernel,kernel_only,15,2,r2,cellular_clearance,-0.0006651607453740504,-0.005539079141585251,0.004188958800004122
mean_and_kernel,kernel_only,15,2,r2,efflux,0.002697175806258786,-0.0005859629613000312,0.005980714518512354
mean_and_kernel,kernel_only,15,2,r2,in_vivo_clearance,-0.0026012003761874,-0.020735630954679063,0.014510405151738074
mean_and_kernel,kernel_only,15,2,r2,microsomal_clearance,-0.0005140951722482609,-0.002940127132655617,0.002015715454773148
mean_and_kernel,kernel_only,15,2,r2,permeability,0.002905246879805801,-0.0015388879877182937,0.007499721773467443
mean_and_kernel,kernel_only,15,2,r2,protein_binding,0.001157864004029461,-0.006154632384587428,0.013194426526111906
mean_and_kernel,kernel_only,15,2,r2,macro,0.0004966383993807228,-0.0030352446018449045,0.004338596395809258
mean_and_kernel,kernel_only,15,2,rho,cellular_clearance,0.0057685766778534505,-0.003769279540799698,0.01662531570776214
mean_and_kernel,kernel_only,15,2,rho,efflux,-0.003915517708217651,-0.01579754145730753,0.008501245952397603
mean_and_kernel,kernel_only,15,2,rho,in_vivo_clearance,0.011704538092017174,-0.015740950398945373,0.03952435095975923
mean_and_kernel,kernel_only,15,2,rho,microsomal_clearance,0.0006659170385768187,-0.004118393601287296,0.005531759153643487
mean_and_kernel,kernel_only,15,2,rho,permeability,0.006132760323170167,-0.004494104597118347,0.016167341178393295
mean_and_kernel,kernel_only,15,2,rho,protein_binding,0.014297544278881769,0.0054521944021274,0.021101831316018078
mean_and_kernel,kernel_only,15,2,rho,macro,0.005775636450380288,-0.0003482707111754601,0.011603300655234832
mean_and_kernel,kernel_only,15,2,nll,cellular_clearance,-0.002491829496052855,-0.008670955427338945,0.0028286822949016295
mean_and_kernel,kernel_only,15,2,nll,efflux,0.0026003162714785923,-0.0012776070542381394,0.0065902151323017286
mean_and_kernel,kernel_only,15,2,nll,in_vivo_clearance,-0.008288442320024077,-0.03205017265646825,0.005595188153570681
mean_and_kernel,kernel_only,15,2,nll,microsomal_clearance,-0.0021008984245964694,-0.005166716848298191,0.001185984827991325
mean_and_kernel,kernel_only,15,2,nll,permeability,0.0021523358988662106,-0.0018850634914500195,0.006739930304464442
mean_and_kernel,kernel_only,15,2,nll,protein_binding,0.0004924797126222732,-0.01055857972315265,0.009705618939397056
mean_and_kernel,kernel_only,15,2,nll,macro,-0.001272673059617721,-0.005850992531619188,0.0020006749295478853
mean_and_kernel,kernel_only,15,3,r2,cellular_clearance,0.0011268922229074976,-0.0030339643425861705,0.004340783469335622
mean_and_kernel,kernel_only,15,3,r2,efflux,0.0031973220603551534,0.00022691006550842985,0.006129622531526405
mean_and_kernel,kernel_only,15,3,r2,in_vivo_clearance,0.003441146593173006,-0.0053665316319005864,0.012516281164269475
mean_and_kernel,kernel_only,15,3,r2,microsomal_clearance,0.0016180202453968371,1.0670725425463095e-05,0.003526116638800913
mean_and_kernel,kernel_only,15,3,r2,permeability,0.003350360470817677,0.0005267006179709433,0.006054487024820637
mean_and_kernel,kernel_only,15,3,r2,protein_binding,0.0031289021435430956,-0.0010801808291863735,0.009282613338286264
mean_and_kernel,kernel_only,15,3,r2,macro,0.0026437739560322116,0.0006104383058601903,0.004587087131743205
mean_and_kernel,kernel_only,15,3,rho,cellular_clearance,0.007878228960948362,-0.00343264742936952,0.017981354972217457
mean_and_kernel,kernel_only,15,3,rho,efflux,0.00668945524979521,-0.004284870829053064,0.017706369206176253
mean_and_kernel,kernel_only,15,3,rho,in_vivo_clearance,0.01897402111440897,-0.009442673814756894,0.04662464840365853
mean_and_kernel,kernel_only,15,3,rho,microsomal_clearance,-0.0019869669493275837,-0.007098212411621345,0.003375603415742535
mean_and_kernel,kernel_only,15,3,rho,permeability,0.007891035721533815,-0.003429241421322048,0.020284186376786917
mean_and_kernel,kernel_only,15,3,rho,protein_binding,0.006402499719776894,-0.0010040861865993438,0.013886261102877778
mean_and_kernel,kernel_only,15,3,rho,macro,0.007641378969522612,0.0012804955307932657,0.013566429393852
mean_and_kernel,kernel_only,15,3,nll,cellular_clearance,-0.0024521257013148355,-0.008683736548302103,0.0020748728654378947
mean_and_kernel,kernel_only,15,3,nll,efflux,0.0031914928246987747,-0.0010735562351014063,0.007396133012280182
mean_and_kernel,kernel_only,15,3,nll,in_vivo_clearance,-0.0001557074814392642,-0.011408496726768727,0.007249938452858557
mean_and_kernel,kernel_only,15,3,nll,microsomal_clearance,0.0007646624013714856,-0.0014753680813592233,0.0033102149638569375
mean_and_kernel,kernel_only,15,3,nll,permeability,0.0025189624377332967,-0.0005752831389824453,0.0053952067286711465
mean_and_kernel,kernel_only,15,3,nll,protein_binding,0.0028240459445775115,-0.004574781964770129,0.00911923897242034
mean_and_kernel,kernel_only,15,3,nll,macro,0.0011152217376044946,-0.0016571600870505549,0.0031986952449774993
mean_and_kernel,kernel_only,15,5,r2,cellular_clearance,0.0017977708586953448,-0.0018298279450855424,0.004827941493440212
mean_and_kernel,kernel_only,15,5,r2,efflux,0.0025224690239539897,-0.0007927738095996783,0.005697153676369869
mean_and_kernel,kernel_only,15,5,r2,in_vivo_clearance,0.006342360035643578,0.0006081377843002422,0.012982725090845365
mean_and_kernel,kernel_only,15,5,r2,microsomal_clearance,0.001806404926570758,0.000690107618497612,0.0030850849286476125
mean_and_kernel,kernel_only,15,5,r2,permeability,0.0016165026197241539,-0.0012345745772069493,0.004273165824824901
mean_and_kernel,kernel_only,15,5,r2,protein_binding,0.00371412122815842,0.00032299024309430694,0.0070148802163040955
mean_and_kernel,kernel_only,15,5,r2,macro,0.0029666047821243747,0.0012492940975973507,0.004496566295695414
mean_and_kernel,kernel_only,15,5,rho,cellular_clearance,0.012027430230171924,-0.0008781581627783241,0.023258319773326343
mean_and_kernel,kernel_only,15,5,rho,efflux,0.005149361946516577,-0.00407389105902985,0.013784722857642925
mean_and_kernel,kernel_only,15,5,rho,in_vivo_clearance,0.013321441188454608,-0.02380693640475248,0.04789481483510729
mean_and_kernel,kernel_only,15,5,rho,microsomal_clearance,0.0004517231075337386,-0.0036005724468505308,0.005021418603353913
mean_and_kernel,kernel_only,15,5,rho,permeability,0.003808043990284205,-0.003420497932467081,0.010442566554993394
mean_and_kernel,kernel_only,15,5,rho,protein_binding,0.010569476996633131,0.00037947868814736433,0.02124284016439803
mean_and_kernel,kernel_only,15,5,rho,macro,0.007554579576599031,2.842264410399471e-05,0.014279738928601468
mean_and_kernel,kernel_only,15,5,nll,cellular_clearance,-0.0007756215655825994,-0.0063676855468426455,0.0037152285769959732
mean_and_kernel,kernel_only,15,5,nll,efflux,0.0014716586117086412,-0.0027329089473232255,0.005352624836411518
mean_and_kernel,kernel_only,15,5,nll,in_vivo_clearance,0.004303494582001875,-0.00019971950824894174,0.00873988813691177
mean_and_kernel,kernel_only,15,5,nll,microsomal_clearance,0.0012122296413230743,-0.0004736420594685491,0.0031032801118890865
mean_and_kernel,kernel_only,15,5,nll,permeability,0.001758845603960127,-0.002475340482123962,0.006325765367826081
mean_and_kernel,kernel_only,15,5,nll,protein_binding,0.004387394765373774,-0.0010637285669993055,0.010254301532305568
mean_and_kernel,kernel_only,15,5,nll,macro,0.0020596669397974824,3.7897175748495225e-05,0.0037351262264544503
mean_and_kernel,kernel_only,15,10,r2,cellular_clearance,0.00010761429197453796,-0.00265983599874015,0.002445159824667063
mean_and_kernel,kernel_only,15,10,r2,efflux,9.404354514153671e-05,-0.0018084125009846098,0.0023049812597596125
mean_and_kernel,kernel_only,15,10,r2,in_vivo_clearance,0.0025706370809873143,-0.0007042246465174662,0.006128998658252357
mean_and_kernel,kernel_only,15,10,r2,microsomal_clearance,0.0011047439736138571,0.00030246702667023596,0.0019970599575827083
mean_and_kernel,kernel_only,15,10,r2,permeability,0.0012326595822620362,-0.001073111663435665,0.00318747379786532
mean_and_kernel,kernel_only,15,10,r2,protein_binding,0.003244060424414609,-8.886033102249328e-05,0.005046018351336231
mean_and_kernel,kernel_only,15,10,r2,macro,0.0013922931497323153,0.00034192680476312945,0.002281294865662857
mean_and_kernel,kernel_only,15,10,rho,cellular_clearance,-0.0007071869254339808,-0.01681267594016246,0.011856163640231225
mean_and_kernel,kernel_only,15,10,rho,efflux,-0.0018179544006232742,-0.009360710955362582,0.005566789811786837
mean_and_kernel,kernel_only,15,10,rho,in_vivo_clearance,0.002512989379465583,-0.013078907739514338,0.02045470760237764
mean_and_kernel,kernel_only,15,10,rho,microsomal_clearance,0.0009927003324649403,-0.0032485907920237994,0.00585547034066374
mean_and_kernel,kernel_only,15,10,rho,permeability,-0.003753008320927619,-0.010460683793987376,0.0024664002562560026
mean_and_kernel,kernel_only,15,10,rho,protein_binding,0.008845923603935678,-0.0023773102784847215,0.017745226935104965
mean_and_kernel,kernel_only,15,10,rho,macro,0.0010122439448135546,-0.0036737358395198955,0.005034035556960259
mean_and_kernel,kernel_only,15,10,nll,cellular_clearance,-0.0025870884219539618,-0.007560451379998031,0.0013354653677710047
mean_and_kernel,kernel_only,15,10,nll,efflux,-0.0008246077577718088,-0.00375197826167086,0.0021110777855114873
mean_and_kernel,kernel_only,15,10,nll,in_vivo_clearance,0.0019986430679969957,-0.0007000304259876254,0.005018232436855028
mean_and_kernel,kernel_only,15,10,nll,microsomal_clearance,0.000730528114166786,-0.0009949582179558088,0.002606944553911771
mean_and_kernel,kernel_only,15,10,nll,permeability,0.0010684409299198821,-0.002743559703817532,0.005052995312942289
mean_and_kernel,kernel_only,15,10,nll,protein_binding,0.0021460060839939097,-0.0020095328315864946,0.00538899342881625
mean_and_kernel,kernel_only,15,10,nll,macro,0.0004219870027253005,-0.001031893138853616,0.0016576499366260248
