endpoint,method,k,calibration,cutoff,measurements,pools,groups,ranking_pools,r2,rho,rmse,mae,nll,mean_sd,coverage_50,coverage_80,coverage_95,endpoints
cellular_clearance,gp,0,calibrated,3,1.0,524,222.0,299,-0.11160423831316102,0.17752345034206626,0.77012347697989,0.5086228192572553,1.206625724484796,0.6554096887334613,0.563676844783715,0.820178117048346,0.9347328244274811,
cellular_clearance,gp,0,raw,3,1.0,524,222.0,299,-0.11160423831316102,0.17752345034206626,0.77012347697989,0.5086228192572553,1.2789118003774838,0.544990607040529,0.49507633587786254,0.7519211195928754,0.8971628498727734,
cellular_clearance,gp,1,calibrated,3,2.0,524,222.0,299,0.24664342993056076,0.2027621417179844,0.6339945958764392,0.42912449253441615,1.0223048019099135,0.5518306426442307,0.5583333333333335,0.816055979643766,0.9318320610687022,
cellular_clearance,gp,1,raw,3,2.0,524,222.0,299,0.24664342993056076,0.2027621417179844,0.6339945958764392,0.42912449253441615,1.1062074823619692,0.4589047862157111,0.4908905852417303,0.7532951653944021,0.8976972010178117,
cellular_clearance,gp,2,calibrated,3,3.0,186,105.0,186,0.4096488078481617,0.25910062912570536,0.48863518229255204,0.3656518086931237,0.6891808636753171,0.5219051174258673,0.5835125448028674,0.8435125448028673,0.9507885304659499,
cellular_clearance,gp,2,raw,3,3.0,186,105.0,186,0.4096488078481617,0.25910062912570536,0.48863518229255204,0.3656518086931237,0.698424174348682,0.43177161420545274,0.5121505376344087,0.778853046594982,0.9135483870967743,
cellular_clearance,gp,4,calibrated,3,5.0,186,105.0,186,0.5056972167399214,0.29575176736186376,0.4471219998507073,0.3325618384571539,0.6003835690076154,0.4763228493223908,0.5907168458781362,0.8438709677419355,0.951899641577061,
cellular_clearance,gp,4,raw,3,5.0,186,105.0,186,0.5056972167399214,0.29575176736186376,0.4471219998507073,0.3325618384571539,0.6081545330688312,0.39418715084539085,0.51752688172043,0.7794265232974911,0.9157706093189963,
cellular_clearance,gp,9,calibrated,3,10.0,79,53.0,79,0.5187542025465186,0.37720300522100525,0.43068797654592605,0.3165060709209382,0.5639404395135159,0.43228190868715693,0.571139240506329,0.831898734177215,0.9425316455696202,
cellular_clearance,gp,9,raw,3,10.0,79,53.0,79,0.5187542025465186,0.37720300522100525,0.43068797654592605,0.3165060709209382,0.5998429549300835,0.3594435127777389,0.5010126582278481,0.770379746835443,0.9075949367088608,
cellular_clearance,kernel_only,0,calibrated,3,1.0,524,222.0,299,-0.02323466375961658,0.23165787972180385,0.7388782591635588,0.4808318265203983,0.939112531977896,0.6593934770182496,0.5012595419847328,0.7839058524173028,0.9466539440203563,
cellular_clearance,kernel_only,0,raw,3,1.0,524,222.0,299,-0.02323466375961658,0.23165787972180385,0.7388782591635588,0.4808318265203983,0.9420835441914744,0.6216299715736744,0.48173027989821887,0.7604580152671756,0.9381679389312978,
cellular_clearance,kernel_only,1,calibrated,3,2.0,524,222.0,299,0.31043894913149006,0.2480207925919591,0.6065570115484686,0.4080355244358343,0.7932613482343481,0.5536724176758346,0.4759669211195929,0.7687531806615777,0.9347964376590332,
cellular_clearance,kernel_only,1,raw,3,2.0,524,222.0,299,0.31043894913149006,0.2480207925919591,0.6065570115484686,0.4080355244358343,0.7997313124470765,0.5217821003229336,0.45678117048346056,0.7443002544529261,0.9236895674300255,
cellular_clearance,kernel_only,2,calibrated,3,3.0,186,105.0,186,0.4322646627065596,0.28236516869027206,0.47918418317015415,0.35167022392540953,0.6482497251643925,0.5259948570518937,0.5062724014336917,0.8008243727598565,0.9461290322580647,
cellular_clearance,kernel_only,2,raw,3,3.0,186,105.0,186,0.4322646627065596,0.28236516869027206,0.47918418317015415,0.35167022392540953,0.6466769683637851,0.4967755272439731,0.4851612903225806,0.776810035842294,0.9375985663082437,
cellular_clearance,kernel_only,4,calibrated,3,5.0,186,105.0,186,0.5233986565624913,0.32201596626150036,0.4390430859422926,0.32195384834442403,0.5618026509208018,0.504950426966486,0.5170250896057348,0.8102150537634409,0.9564874551971326,
cellular_clearance,kernel_only,4,raw,3,5.0,186,105.0,186,0.5233986565624913,0.32201596626150036,0.4390430859422926,0.32195384834442403,0.5585339177010819,0.476963893296898,0.4969892473118279,0.7887455197132616,0.9479569892473118,
cellular_clearance,kernel_only,9,calibrated,3,10.0,79,53.0,79,0.5565031335763632,0.3837977584067456,0.4134514797434376,0.3050436060639876,0.5018760978647698,0.4648471336726901,0.5078481012658229,0.8091139240506329,0.9551898734177217,
cellular_clearance,kernel_only,9,raw,3,10.0,79,53.0,79,0.5565031335763632,0.3837977584067456,0.4134514797434376,0.3050436060639876,0.5017785832638052,0.437892624607569,0.48430379746835434,0.7840506329113923,0.9481012658227848,
cellular_clearance,mean_and_kernel,0,calibrated,3,1.0,524,222.0,299,-0.025329565533386278,0.23291101096310787,0.7396342372326652,0.4814485792861555,0.9386449811691807,0.658282840465013,0.503117048346056,0.7843638676844784,0.9463613231552163,
cellular_clearance,mean_and_kernel,0,raw,3,1.0,524,222.0,299,-0.025329565533386278,0.23291101096310787,0.7396342372326652,0.4814485792861555,0.9419938452642472,0.6189963490400301,0.48248091603053433,0.7587404580152672,0.9366921119592875,
cellular_clearance,mean_and_kernel,1,calibrated,3,2.0,524,222.0,299,0.3103385517567825,0.2534874476567951,0.6066011660979994,0.40767106110407825,0.7928446535322664,0.5531871957948038,0.4767175572519084,0.7664503816793893,0.9342366412213741,
cellular_clearance,mean_and_kernel,1,raw,3,2.0,524,222.0,299,0.3103385517567825,0.2534874476567951,0.6066011660979994,0.40767106110407825,0.7996790089194535,0.5199739762435431,0.45491094147582695,0.7445547073791349,0.9248600508905852,
cellular_clearance,mean_and_kernel,2,calibrated,3,3.0,186,105.0,186,0.4339935867307554,0.29509045251787097,0.478453997209236,0.351433071095937,0.6506967462137662,0.5240431843158592,0.5038709677419355,0.7980645161290323,0.945448028673835,
cellular_clearance,mean_and_kernel,2,raw,3,3.0,186,105.0,186,0.4339935867307554,0.29509045251787097,0.478453997209236,0.351433071095937,0.6499277557676858,0.4936260870131112,0.4848387096774193,0.7722222222222221,0.936594982078853,
cellular_clearance,mean_and_kernel,4,calibrated,3,5.0,186,105.0,186,0.5236558566387501,0.3334185807730918,0.4389246041591856,0.32264212458097374,0.5644015209284382,0.5036818360769619,0.513405017921147,0.8079928315412186,0.9557706093189965,
cellular_clearance,mean_and_kernel,4,raw,3,5.0,186,105.0,186,0.5236558566387501,0.3334185807730918,0.4389246041591856,0.32264212458097374,0.5616400437929299,0.47453108370945013,0.49168458781362007,0.7855913978494624,0.9478494623655914,
cellular_clearance,mean_and_kernel,9,calibrated,3,10.0,79,53.0,79,0.5566107478683378,0.3830905714813116,0.41340131480313796,0.3057108354719379,0.504463186286724,0.46318321502661397,0.5032911392405064,0.8058227848101265,0.9551898734177214,
cellular_clearance,mean_and_kernel,9,raw,3,10.0,79,53.0,79,0.5566107478683378,0.3830905714813116,0.41340131480313796,0.3057108354719379,0.5049654540548549,0.435153949592687,0.4777215189873417,0.7789873417721518,0.9475949367088607,
cellular_clearance,mean_only,0,calibrated,3,1.0,524,222.0,299,-0.027806801438347684,0.23565558463128572,0.7405271906740016,0.48088137380975254,0.935890780202008,0.6472838719829954,0.49653944020356233,0.7781933842239186,0.9434478371501273,
cellular_clearance,mean_only,0,raw,3,1.0,524,222.0,299,-0.027806801438347684,0.23565558463128572,0.7405271906740016,0.48088137380975254,0.9405540699983288,0.5968611761275442,0.4697582697201017,0.7500636132315522,0.9295419847328243,
cellular_clearance,mean_only,1,calibrated,3,2.0,524,222.0,299,0.18696897341571206,0.2504705263332878,0.6586259311603985,0.44011839642984796,0.852961209645997,0.6043147431420157,0.47772264631043254,0.7649745547073792,0.9376208651399491,
cellular_clearance,mean_only,1,raw,3,2.0,524,222.0,299,0.18696897341571206,0.2504705263332878,0.6586259311603985,0.44011839642984796,0.8586227024549293,0.5565988490332402,0.4490839694656488,0.7393129770992366,0.9250381679389313,
cellular_clearance,mean_only,2,calibrated,3,3.0,186,105.0,186,0.3796591005980966,0.28235205309009326,0.5008927190515614,0.368373609739339,0.6972909068682339,0.5552275501549457,0.5121863799283153,0.7974551971326164,0.9459139784946237,
cellular_clearance,mean_only,2,raw,3,3.0,186,105.0,186,0.3796591005980966,0.28235205309009326,0.5008927190515614,0.368373609739339,0.6937948504564349,0.5075594690046857,0.4784229390681003,0.7685663082437275,0.9326523297491037,
cellular_clearance,mean_only,4,calibrated,3,5.0,186,105.0,186,0.49243259348977086,0.3145051805644892,0.45308154648085297,0.33720417446560325,0.609827098667935,0.5284486190627552,0.5151612903225806,0.8078853046594981,0.9607168458781362,
cellular_clearance,mean_only,4,raw,3,5.0,186,105.0,186,0.49243259348977086,0.3145051805644892,0.45308154648085297,0.33720417446560325,0.603708873384098,0.4830692898522141,0.48720430107526885,0.7762007168458781,0.947921146953405,
cellular_clearance,mean_only,9,calibrated,3,10.0,79,53.0,79,0.527712384087521,0.3523983033999325,0.4266606117651787,0.3203259019346177,0.5525159211902619,0.4827543450005445,0.4868354430379747,0.79873417721519,0.9597468354430378,
cellular_clearance,mean_only,9,raw,3,10.0,79,53.0,79,0.527712384087521,0.3523983033999325,0.4266606117651787,0.3203259019346177,0.5513735804328678,0.44090408074704907,0.4506329113924052,0.7698734177215191,0.949113924050633,
cellular_clearance,unchanged,0,calibrated,3,1.0,524,222.0,299,-0.02529622483441596,0.23017117395101572,0.7396222117709254,0.4812379472467037,0.9391742702010802,0.6506635847073475,0.49530534351145034,0.7782951653944021,0.9452544529262088,
cellular_clearance,unchanged,0,raw,3,1.0,524,222.0,299,-0.02529622483441596,0.23017117395101572,0.7396222117709254,0.4812379472467037,0.9426758427711956,0.6132591354422289,0.4759287531806616,0.7548473282442748,0.9356743002544529,
cellular_clearance,unchanged,1,calibrated,3,2.0,524,222.0,299,0.2449600423306687,0.24896180159533207,0.6347025362773909,0.4126789396110941,0.7850438811763716,0.5720368455596856,0.4841984732824427,0.7801908396946565,0.9409541984732824,
cellular_clearance,unchanged,1,raw,3,2.0,524,222.0,299,0.2449600423306687,0.24896180159533207,0.6347025362773909,0.4126789396110941,0.7888324265767706,0.5389758010058836,0.4630407124681934,0.7554198473282443,0.9303944020356235,
cellular_clearance,unchanged,2,calibrated,3,3.0,186,105.0,186,0.424371474978801,0.2843286461655746,0.4825037185501657,0.3541893276566886,0.6511347687753322,0.5360579585708597,0.5076702508960573,0.8026523297491038,0.9491397849462366,
cellular_clearance,unchanged,2,raw,3,3.0,186,105.0,186,0.424371474978801,0.2843286461655746,0.4825037185501657,0.3541893276566886,0.648457883832101,0.5046923634164223,0.48634408602150536,0.78078853046595,0.9420071684587815,
cellular_clearance,unchanged,4,calibrated,3,5.0,186,105.0,186,0.5150230985936213,0.3239127768891895,0.44288404843564333,0.32472409169747085,0.565168439066988,0.5125030413622498,0.522437275985663,0.8135125448028674,0.9570609318996417,
cellular_clearance,unchanged,4,raw,3,5.0,186,105.0,186,0.5150230985936213,0.3239127768891895,0.44288404843564333,0.32472409169747085,0.5611063823427914,0.48258190963857917,0.4998924731182795,0.7943010752688172,0.9489247311827957,
cellular_clearance,unchanged,9,calibrated,3,10.0,79,53.0,79,0.5447383140974085,0.3808146411643969,0.41889948260838783,0.30819510239589065,0.5103021552140788,0.46972237517562093,0.5068354430379747,0.8086075949367088,0.9541772151898733,
cellular_clearance,unchanged,9,raw,3,10.0,79,53.0,79,0.5447383140974085,0.3808146411643969,0.41889948260838783,0.30819510239589065,0.5092016243830226,0.4416751134546497,0.48405063291139244,0.7837974683544304,0.9465822784810126,
efflux,gp,0,calibrated,3,1.0,341,251.0,228,0.024589178263294986,0.23311721297902704,0.7038731568992215,0.5186240410598092,1.0539733846815829,0.6764068026527515,0.5649462365591398,0.8052394916911046,0.9327272727272727,
efflux,gp,0,raw,3,1.0,341,251.0,228,0.024589178263294986,0.23311721297902704,0.7038731568992215,0.5186240410598092,1.1379179078809827,0.5482892910289858,0.47980449657869,0.73386119257087,0.8804301075268818,
efflux,gp,1,calibrated,3,2.0,341,251.0,228,0.30065194954743213,0.26534457645928566,0.5960014312020365,0.4348338784356551,0.8822542326208701,0.5726591805634494,0.5694428152492669,0.8171652003910068,0.9346627565982405,
efflux,gp,1,raw,3,2.0,341,251.0,228,0.30065194954743213,0.26534457645928566,0.5960014312020365,0.4348338784356551,0.9626323569919125,0.4641671241477554,0.4856500488758553,0.741661779081134,0.8839687194525905,
efflux,gp,2,calibrated,3,3.0,139,114.0,139,0.4435816455365632,0.29781641701368883,0.5458032644844991,0.4064765852319894,0.7804422576538516,0.5364111562941573,0.5594724220623503,0.8214868105515588,0.9402877697841726,
efflux,gp,2,raw,3,3.0,139,114.0,139,0.4435816455365632,0.29781641701368883,0.5458032644844991,0.4064765852319894,0.84877256032558,0.4360200011844544,0.48014388489208637,0.7370263788968824,0.8822062350119904,
efflux,gp,4,calibrated,3,5.0,139,114.0,139,0.5420167383707926,0.3431099680541969,0.4951767076668947,0.36560168328598963,0.6836100050230777,0.49126449703312614,0.568441247002398,0.8253717026378897,0.9427338129496402,
efflux,gp,4,raw,3,5.0,139,114.0,139,0.5420167383707926,0.3431099680541969,0.4951767076668947,0.36560168328598963,0.7491442368890084,0.3992253401039315,0.48705035971223026,0.751462829736211,0.8926139088729018,
efflux,gp,9,calibrated,3,10.0,54,49.0,54,0.5993104491677339,0.38390593285913815,0.47498495917532957,0.3468997023282228,0.6263551730479897,0.4513843686492354,0.5574074074074075,0.8122222222222222,0.9344444444444444,
efflux,gp,9,raw,3,10.0,54,49.0,54,0.5993104491677339,0.38390593285913815,0.47498495917532957,0.3468997023282228,0.6883455942305228,0.36345892049648143,0.4777777777777778,0.7251851851851853,0.8777777777777777,
efflux,kernel_only,0,calibrated,3,1.0,341,251.0,228,0.06890735271046455,0.2433467449989938,0.6876969004271876,0.49785749495137777,1.0029153815015504,0.7510685652535216,0.5406256109481916,0.7862561094819159,0.9492668621700882,
efflux,kernel_only,0,raw,3,1.0,341,251.0,228,0.06890735271046455,0.2433467449989938,0.6876969004271876,0.49785749495137777,1.0025749388519654,0.6569645078988602,0.490830889540567,0.7494037145650048,0.9283479960899317,
efflux,kernel_only,1,calibrated,3,2.0,341,251.0,228,0.3245486001297123,0.2641421858948507,0.5857302738505182,0.4197886974393743,0.8444263492714562,0.6071586476675692,0.5142717497556207,0.7731769305962856,0.9256500488758552,
efflux,kernel_only,1,raw,3,2.0,341,251.0,228,0.3245486001297123,0.2641421858948507,0.5857302738505182,0.4197886974393743,0.847696838571393,0.5292450952789184,0.46130987292277614,0.7340175953079179,0.9042619745845553,
efflux,kernel_only,2,calibrated,3,3.0,139,114.0,139,0.4635967501392082,0.32520881396510615,0.5358967278996174,0.3931190780448398,0.7672653646901284,0.5845591302498353,0.492326139088729,0.7702158273381295,0.9352038369304557,
efflux,kernel_only,2,raw,3,3.0,139,114.0,139,0.4635967501392082,0.32520881396510615,0.5358967278996174,0.3931190780448398,0.7808645762932332,0.5106222360983169,0.44565947242206233,0.7221582733812949,0.9123741007194244,
efflux,kernel_only,4,calibrated,3,5.0,139,114.0,139,0.5530915526732925,0.36599328283140126,0.4891529611568736,0.35643270300643193,0.6676269270862326,0.5561570610674165,0.5103117505995203,0.7835011990407674,0.9449400479616307,
efflux,kernel_only,4,raw,3,5.0,139,114.0,139,0.5530915526732925,0.36599328283140126,0.4891529611568736,0.35643270300643193,0.6763801473165505,0.48595647265299335,0.46033573141486805,0.7379856115107913,0.9218225419664268,
efflux,kernel_only,9,calibrated,3,10.0,54,49.0,54,0.6044147175707655,0.4119893322802251,0.4719499144858345,0.34466116391950186,0.6239991023619497,0.5044933217984658,0.4711111111111111,0.7762962962962965,0.9422222222222224,
efflux,kernel_only,9,raw,3,10.0,54,49.0,54,0.6044147175707655,0.4119893322802251,0.4719499144858345,0.34466116391950186,0.6432010477706547,0.43906156983640465,0.4262962962962963,0.7199999999999998,0.9170370370370371,
efflux,mean_and_kernel,0,calibrated,3,1.0,341,251.0,228,0.06947892274774525,0.24257217243153512,0.687485789703833,0.4978245383923653,1.002723531793988,0.7518824678152539,0.5410361681329423,0.7865493646138807,0.9492473118279572,
efflux,mean_and_kernel,0,raw,3,1.0,341,251.0,228,0.06947892274774525,0.24257217243153512,0.687485789703833,0.4978245383923653,1.0026460293916202,0.6559870502571207,0.48952101661779074,0.7484261974584554,0.927956989247312,
efflux,mean_and_kernel,1,calibrated,3,2.0,341,251.0,228,0.3260286885394654,0.26601265986545714,0.5850881787796769,0.41924057966029,0.8424497919892864,0.607231804444177,0.5133528836754644,0.7748582600195504,0.9256695992179862,
efflux,mean_and_kernel,1,raw,3,2.0,341,251.0,228,0.3260286885394654,0.26601265986545714,0.5850881787796769,0.41924057966029,0.846299244055897,0.528022863117073,0.4596285434995112,0.7328445747800587,0.9038123167155426,
efflux,mean_and_kernel,2,calibrated,3,3.0,139,114.0,139,0.46522725049718927,0.32863621428180084,0.535081627671141,0.3927033518326225,0.7647374918251911,0.5847392393616463,0.4917026378896882,0.7703117505995204,0.9359232613908873,
efflux,mean_and_kernel,2,raw,3,3.0,139,114.0,139,0.46522725049718927,0.32863621428180084,0.535081627671141,0.3927033518326225,0.7784347992073727,0.5094815193892098,0.44657074340527575,0.7215827338129496,0.9129976019184652,
efflux,mean_and_kernel,4,calibrated,3,5.0,139,114.0,139,0.5551321595425998,0.37012486984487253,0.4880349347131895,0.35559130458004895,0.6658896314441286,0.5565436339378357,0.5145323741007194,0.7867625899280577,0.9451798561151079,
efflux,mean_and_kernel,4,raw,3,5.0,139,114.0,139,0.5551321595425998,0.37012486984487253,0.4880349347131895,0.35559130458004895,0.6742713561975604,0.4850794752138696,0.4614388489208633,0.7388009592326139,0.9206714628297363,
efflux,mean_and_kernel,9,calibrated,3,10.0,54,49.0,54,0.604508761115907,0.4101713778796019,0.47189381219481796,0.3445740371225056,0.6248237101197214,0.5049317555074339,0.47222222222222215,0.7737037037037037,0.942962962962963,
efflux,mean_and_kernel,9,raw,3,10.0,54,49.0,54,0.604508761115907,0.4101713778796019,0.47189381219481796,0.3445740371225056,0.6441378486285873,0.43848437536645807,0.4262962962962963,0.7233333333333332,0.9166666666666665,
efflux,mean_only,0,calibrated,3,1.0,341,251.0,228,0.07089902333967757,0.24041128140007717,0.6869609914073483,0.49593563789816775,0.9967677397377999,0.7529681541190236,0.5462561094819158,0.7905571847507331,0.9513000977517108,
efflux,mean_only,0,raw,3,1.0,341,251.0,228,0.07089902333967757,0.24041128140007717,0.6869609914073483,0.49593563789816775,0.9987633251421729,0.6474916211542613,0.49061583577712614,0.7452785923753665,0.9259628543499511,
efflux,mean_only,1,calibrated,3,2.0,341,251.0,228,0.24018040374211458,0.26967216399463273,0.6212349252992655,0.44731284683933503,0.8912972431372823,0.6487738933946614,0.5021505376344085,0.7767155425219942,0.9327077223851415,
efflux,mean_only,1,raw,3,2.0,341,251.0,228,0.24018040374211458,0.26967216399463273,0.6212349252992655,0.44731284683933503,0.8984566726593733,0.5550295388832586,0.44592375366568915,0.7219745845552297,0.9095601173020527,
efflux,mean_only,2,calibrated,3,3.0,139,114.0,139,0.4193763799060638,0.3291041030651993,0.5575486321839107,0.4090796490006452,0.7995375893049486,0.6117615569481175,0.49131894484412464,0.7729496402877698,0.9346762589928058,
efflux,mean_only,2,raw,3,3.0,139,114.0,139,0.4193763799060638,0.3291041030651993,0.5575486321839107,0.4090796490006452,0.8156980097163773,0.525066869361795,0.4459952038369304,0.7235971223021582,0.9097841726618704,
efflux,mean_only,4,calibrated,3,5.0,139,114.0,139,0.5264965185634041,0.3639426081229171,0.5034971230484994,0.36870266547931324,0.6931424295359627,0.5735892280743277,0.5081534772182253,0.7881055155875298,0.9439808153477216,
efflux,mean_only,4,raw,3,5.0,139,114.0,139,0.5264965185634041,0.3639426081229171,0.5034971230484994,0.36870266547931324,0.70755044284018,0.49281162766243913,0.4494484412470024,0.7352997601918465,0.9180815347721824,
efflux,mean_only,9,calibrated,3,10.0,54,49.0,54,0.5800865045153922,0.3817733344104554,0.48624569046494986,0.3612947649867446,0.67046490403258,0.5175971042226862,0.4511111111111111,0.7666666666666666,0.9348148148148148,
efflux,mean_only,9,raw,3,10.0,54,49.0,54,0.5800865045153922,0.3817733344104554,0.48624569046494986,0.3612947649867446,0.7021022467059437,0.44159009355085876,0.4003703703703704,0.7011111111111111,0.9074074074074074,
efflux,unchanged,0,calibrated,3,1.0,341,251.0,228,0.0690381754304582,0.24499086085118224,0.6876485864706229,0.49806229939911867,1.005114413262111,0.7277216347641259,0.5274486803519062,0.776793743890518,0.9428739002932551,
efflux,unchanged,0,raw,3,1.0,341,251.0,228,0.0690381754304582,0.24499086085118224,0.6876485864706229,0.49806229939911867,1.0030850148545927,0.6501635935497657,0.4839882697947215,0.7462365591397848,0.9268035190615834,
efflux,unchanged,1,calibrated,3,2.0,341,251.0,228,0.3153488428549427,0.2692146750545662,0.5897056538175817,0.4216451542019636,0.8442252083988111,0.614991579729907,0.5185532746823069,0.7757771260997066,0.9267253176930595,
efflux,unchanged,1,raw,3,2.0,341,251.0,228,0.3153488428549427,0.2692146750545662,0.5897056538175817,0.4216451542019636,0.841238257422886,0.5480546821742697,0.47880742913000973,0.7462170087976538,0.9128445747800585,
efflux,unchanged,2,calibrated,3,3.0,139,114.0,139,0.4582510176248249,0.33256061672628356,0.5385604500538227,0.3936803369610001,0.7650228441769161,0.590809975019176,0.5037410071942445,0.7776498800959233,0.9369784172661871,
efflux,unchanged,2,raw,3,3.0,139,114.0,139,0.4582510176248249,0.33256061672628356,0.5385604500538227,0.3936803369610001,0.7711527117028215,0.5272047246846078,0.4637889688249401,0.7406235011990409,0.9173141486810551,
efflux,unchanged,4,calibrated,3,5.0,139,114.0,139,0.5481545977860429,0.364170552067143,0.49184735341740204,0.357328311621571,0.6662918461419461,0.5624057594463407,0.5194244604316546,0.7904556354916067,0.9448920863309352,
efflux,unchanged,4,raw,3,5.0,139,114.0,139,0.5481545977860429,0.364170552067143,0.49184735341740204,0.357328311621571,0.6681858476716851,0.5018232847260627,0.4752517985611511,0.7563069544364508,0.9297841726618705,
efflux,unchanged,9,calibrated,3,10.0,54,49.0,54,0.5992273197665974,0.39870621025286335,0.47503422820090935,0.3453052545532032,0.6233138912307966,0.5088456660729866,0.4855555555555555,0.7792592592592593,0.9403703703703704,
efflux,unchanged,9,raw,3,10.0,54,49.0,54,0.5992273197665974,0.39870621025286335,0.47503422820090935,0.3453052545532032,0.6349737641261579,0.4532522986994849,0.4444444444444444,0.7411111111111112,0.9203703703703704,
in_vivo_clearance,gp,0,calibrated,3,1.0,537,399.0,229,-0.11866854906669966,0.019182757608509363,0.5854554515665517,0.4310187954076148,0.8928680036436769,0.5383647997504358,0.5322656734947238,0.8066542520173804,0.9236374922408442,
in_vivo_clearance,gp,0,raw,3,1.0,537,399.0,229,-0.11866854906669966,0.019182757608509363,0.5854554515665517,0.4310187954076148,0.9517632349467827,0.4521521505752311,0.47018001241464924,0.7359031657355679,0.8817380509000621,
in_vivo_clearance,gp,1,calibrated,3,2.0,537,399.0,229,0.2200154841809523,0.07373445579210047,0.48886183188860555,0.35560243768970146,0.6972247558640051,0.45363386326698985,0.5498075729360645,0.815828677839851,0.930155183116077,
in_vivo_clearance,gp,1,raw,3,2.0,537,399.0,229,0.2200154841809523,0.07373445579210047,0.48886183188860555,0.35560243768970146,0.7439934565113583,0.3809560273936415,0.4768094351334574,0.7404345127250155,0.8944506517690874,
in_vivo_clearance,gp,2,calibrated,3,3.0,84,67.0,84,0.3278173733209667,0.10463355957042603,0.49078591592052223,0.3537700038202225,0.7529118174386011,0.4220161786817368,0.5194444444444443,0.7829365079365079,0.9162698412698413,
in_vivo_clearance,gp,2,raw,3,3.0,84,67.0,84,0.3278173733209667,0.10463355957042603,0.49078591592052223,0.3537700038202225,0.8499382517606139,0.3502306510720934,0.46365079365079365,0.7181746031746032,0.8730158730158729,
in_vivo_clearance,gp,4,calibrated,3,5.0,84,67.0,84,0.44735151704453335,0.1750832603446075,0.4450132486046555,0.3225795952153821,0.6541661341514401,0.3869384243753221,0.5347619047619048,0.7881746031746031,0.9184920634920634,
in_vivo_clearance,gp,4,raw,3,5.0,84,67.0,84,0.44735151704453335,0.1750832603446075,0.4450132486046555,0.3225795952153821,0.7457907878674084,0.32143621963167945,0.46071428571428574,0.7135714285714285,0.8728571428571428,
in_vivo_clearance,gp,9,calibrated,3,10.0,20,16.0,20,0.537993536272455,0.285305327810347,0.3810979158037731,0.2903971232771873,0.5146449997414191,0.34178290307521825,0.4979999999999999,0.776,0.9109999999999999,
in_vivo_clearance,gp,9,raw,3,10.0,20,16.0,20,0.537993536272455,0.285305327810347,0.3810979158037731,0.2903971232771873,0.5415400645967314,0.28645139777660367,0.43499999999999994,0.696,0.8720000000000001,
in_vivo_clearance,kernel_only,0,calibrated,3,1.0,537,399.0,229,-0.05771237930785422,0.048591679691805646,0.5692813206384991,0.4190214288133774,0.8551952312527275,0.5300906088746606,0.52032278088144,0.7932712600869025,0.9241589075108628,
in_vivo_clearance,kernel_only,0,raw,3,1.0,537,399.0,229,-0.05771237930785422,0.048591679691805646,0.5692813206384991,0.4190214288133774,0.8507812102667619,0.5157647193506739,0.5109000620732465,0.7887399130974551,0.91747982619491,
in_vivo_clearance,kernel_only,1,calibrated,3,2.0,537,399.0,229,0.23578654176104274,0.08449702279688315,0.4838942717518207,0.35013028314082767,0.70070364287346,0.4566654134029782,0.5376039726877716,0.8024332712600869,0.9282805710738671,
in_vivo_clearance,kernel_only,1,raw,3,2.0,537,399.0,229,0.23578654176104274,0.08449702279688315,0.4838942717518207,0.35013028314082767,0.6996184531349249,0.445422531676396,0.5273246430788331,0.7953072625698324,0.9221725636250775,
in_vivo_clearance,kernel_only,2,calibrated,3,3.0,84,67.0,84,0.3572256427630913,0.11533212081662245,0.479929804172163,0.34748841476434517,0.6713699604944344,0.4578289770086607,0.5447619047619048,0.8045238095238096,0.9299206349206349,
in_vivo_clearance,kernel_only,2,raw,3,3.0,84,67.0,84,0.3572256427630913,0.11533212081662245,0.479929804172163,0.34748841476434517,0.671453822753122,0.4422727983196576,0.5314285714285715,0.7984920634920636,0.9221428571428573,
in_vivo_clearance,kernel_only,4,calibrated,3,5.0,84,67.0,84,0.4619401848974226,0.19525663118277276,0.43910029471405565,0.3195998627118884,0.5805925425329596,0.44368789990742996,0.5625396825396825,0.8181746031746031,0.9447619047619048,
in_vivo_clearance,kernel_only,4,raw,3,5.0,84,67.0,84,0.4619401848974226,0.19525663118277276,0.43910029471405565,0.3195998627118884,0.5735809483561897,0.42855172660615715,0.5448412698412697,0.8043650793650795,0.9390476190476188,
in_vivo_clearance,kernel_only,9,calibrated,3,10.0,20,16.0,20,0.5310288075585619,0.2859092415869236,0.38395968868633806,0.2939778189063072,0.493449537239324,0.4340212745666504,0.566,0.8310000000000001,0.951,
in_vivo_clearance,kernel_only,9,raw,3,10.0,20,16.0,20,0.5310288075585619,0.2859092415869236,0.38395968868633806,0.2939778189063072,0.46236027855342937,0.4215153175592422,0.5579999999999999,0.819,0.9470000000000003,
in_vivo_clearance,mean_and_kernel,0,calibrated,3,1.0,537,399.0,229,-0.054511683741285344,0.05210412752673153,0.568419329815164,0.417949019513127,0.8539253009731386,0.5308604921627164,0.5226567349472376,0.7962880198634389,0.9249658597144631,
in_vivo_clearance,mean_and_kernel,0,raw,3,1.0,537,399.0,229,-0.054511683741285344,0.05210412752673153,0.568419329815164,0.417949019513127,0.8473195596574364,0.5170481948124408,0.513693358162632,0.7884419615145872,0.9184605834885166,
in_vivo_clearance,mean_and_kernel,1,calibrated,3,2.0,537,399.0,229,0.23888841706856168,0.09367203606289895,0.482911231043832,0.34959991662930123,0.6990048177729666,0.45575423431814566,0.5401365611421477,0.8018249534450651,0.927957790192427,
in_vivo_clearance,mean_and_kernel,1,raw,3,2.0,537,399.0,229,0.23888841706856168,0.09367203606289895,0.482911231043832,0.34959991662930123,0.6965703599455821,0.4451559563189245,0.5289137181874611,0.795034140285537,0.9227312228429547,
in_vivo_clearance,mean_and_kernel,2,calibrated,3,3.0,84,67.0,84,0.35883091633217623,0.12278319940503153,0.47933013786928913,0.34656278381745015,0.6714521145492464,0.4574863533746629,0.5431746031746032,0.8057142857142858,0.9287301587301587,
in_vivo_clearance,mean_and_kernel,2,raw,3,3.0,84,67.0,84,0.35883091633217623,0.12278319940503153,0.47933013786928913,0.34656278381745015,0.6694671026041696,0.442644926465693,0.5323015873015873,0.7988888888888889,0.9233333333333332,
in_vivo_clearance,mean_and_kernel,4,calibrated,3,5.0,84,67.0,84,0.4650717227508795,0.1875546236655542,0.43782063608756494,0.3181708698861656,0.5784289348721088,0.44362511006612626,0.5648412698412697,0.8187301587301589,0.9449206349206352,
in_vivo_clearance,mean_and_kernel,4,raw,3,5.0,84,67.0,84,0.4650717227508795,0.1875546236655542,0.43782063608756494,0.3181708698861656,0.5695310571901543,0.4291625224645176,0.5493650793650793,0.8096825396825397,0.939047619047619,
in_vivo_clearance,mean_and_kernel,9,calibrated,3,10.0,20,16.0,20,0.5335994446395491,0.28842223096638914,0.3829059168097642,0.29272295010089877,0.491450894171327,0.434143458366394,0.5639999999999998,0.8300000000000001,0.952,
in_vivo_clearance,mean_and_kernel,9,raw,3,10.0,20,16.0,20,0.5335994446395491,0.28842223096638914,0.3829059168097642,0.29272295010089877,0.45995693885296,0.42226308715343475,0.5559999999999998,0.821,0.9520000000000002,
in_vivo_clearance,mean_only,0,calibrated,3,1.0,537,399.0,229,-0.05415378153124606,0.029023528833634522,0.5683228606141859,0.41639516504750246,0.8483354159669467,0.5358449805933523,0.5282309124767225,0.8058472998137802,0.9278833022967101,
in_vivo_clearance,mean_only,0,raw,3,1.0,537,399.0,229,-0.05415378153124606,0.029023528833634522,0.5683228606141859,0.41639516504750246,0.847917857771298,0.5036841479870638,0.5082929857231533,0.7837492240844196,0.9178150217256362,
in_vivo_clearance,mean_only,1,calibrated,3,2.0,537,399.0,229,0.09289946678627514,0.07746208001258939,0.5271944764076544,0.37537308568122185,0.7395513722161081,0.4858403334008619,0.5422222222222222,0.8066914959652389,0.9263563004345128,
in_vivo_clearance,mean_only,1,raw,3,2.0,537,399.0,229,0.09289946678627514,0.07746208001258939,0.5271944764076544,0.37537308568122185,0.7464885140732046,0.4579430322279699,0.5139664804469274,0.7850900062073247,0.9185971446306641,
in_vivo_clearance,mean_only,2,calibrated,3,3.0,84,67.0,84,0.3225685458172034,0.11164166471433071,0.49269837333338357,0.3601551965742357,0.6968448065342546,0.48616433542872234,0.5479365079365079,0.8083333333333332,0.9384126984126985,
in_vivo_clearance,mean_only,2,raw,3,3.0,84,67.0,84,0.3225685458172034,0.11164166471433071,0.49269837333338357,0.3601551965742357,0.7029681837409509,0.4543843906077128,0.5238095238095238,0.7888095238095238,0.9219047619047619,
in_vivo_clearance,mean_only,4,calibrated,3,5.0,84,67.0,84,0.44856831365356487,0.17961705233901737,0.44452307355252907,0.3262611145260078,0.597253082619447,0.4660987983194609,0.5674603174603174,0.8274603174603173,0.9459523809523811,
in_vivo_clearance,mean_only,4,raw,3,5.0,84,67.0,84,0.44856831365356487,0.17961705233901737,0.44452307355252907,0.3262611145260078,0.5921634376953526,0.43549301997063655,0.5412698412698412,0.8073809523809524,0.935079365079365,
in_vivo_clearance,mean_only,9,calibrated,3,10.0,20,16.0,20,0.5096102596396286,0.2557273937761783,0.39262977904598034,0.30392265951633446,0.5221399843557177,0.45383589661121365,0.557,0.835,0.9460000000000001,
in_vivo_clearance,mean_only,9,raw,3,10.0,20,16.0,20,0.5096102596396286,0.2557273937761783,0.39262977904598034,0.30392265951633446,0.495229263275964,0.42651674616336815,0.5389999999999999,0.8089999999999999,0.9450000000000001,
in_vivo_clearance,unchanged,0,calibrated,3,1.0,537,399.0,229,-0.05905704860521799,0.04996392516647942,0.5696430692525457,0.41918182804099496,0.8561530793505269,0.5284823813966015,0.520943513345748,0.7939664804469274,0.9235009310986964,
in_vivo_clearance,unchanged,0,raw,3,1.0,537,399.0,229,-0.05905704860521799,0.04996392516647942,0.5696430692525457,0.41918182804099496,0.8514388604260004,0.5134636156230443,0.5083550589695841,0.7869397889509621,0.91764121663563,
in_vivo_clearance,unchanged,1,calibrated,3,2.0,537,399.0,229,0.21515595068127247,0.08471637329051414,0.49038234392932917,0.35444566048057385,0.697878974071784,0.46432852633172567,0.5451024208566109,0.8067411545623837,0.9306393544382371,
in_vivo_clearance,unchanged,1,raw,3,2.0,537,399.0,229,0.21515595068127247,0.08471637329051414,0.49038234392932917,0.35444566048057385,0.695280066539396,0.45222409026767807,0.5330105524518933,0.7965114835505898,0.9244444444444445,
in_vivo_clearance,unchanged,2,calibrated,3,3.0,84,67.0,84,0.3413046713869431,0.11477608267395269,0.4858371733025134,0.3523094498756386,0.679874330187761,0.4657254121842838,0.5502380952380952,0.8049999999999999,0.9309523809523809,
in_vivo_clearance,unchanged,2,raw,3,3.0,84,67.0,84,0.3413046713869431,0.11477608267395269,0.4858371733025134,0.3523094498756386,0.6767046964928638,0.44961892029595746,0.5353174603174603,0.7922222222222224,0.9241269841269842,
in_vivo_clearance,unchanged,4,calibrated,3,5.0,84,67.0,84,0.44465494209213774,0.1863296650438791,0.44609761900711464,0.3257615565721477,0.5947666952543523,0.450693636158156,0.5598412698412696,0.8193650793650794,0.9436507936507936,
in_vivo_clearance,unchanged,4,raw,3,5.0,84,67.0,84,0.44465494209213774,0.1863296650438791,0.44609761900711464,0.3257615565721477,0.585088029760991,0.4349959521586933,0.5469047619047618,0.805952380952381,0.9377777777777777,
in_vivo_clearance,unchanged,9,calibrated,3,10.0,20,16.0,20,0.5098111735929165,0.25733130596578124,0.3925493400848069,0.30129222452640525,0.5068821640170066,0.44137886905670154,0.5780000000000001,0.8310000000000001,0.9470000000000001,
in_vivo_clearance,unchanged,9,raw,3,10.0,20,16.0,20,0.5098111735929165,0.25733130596578124,0.3925493400848069,0.30129222452640525,0.47696726651370414,0.4284686949253082,0.57,0.82,0.9460000000000003,
microsomal_clearance,gp,0,calibrated,3,1.0,1827,897.0,1013,0.1534973583710727,0.26705855786397376,0.6288329494259962,0.4679466602404177,0.9662220919847075,0.6164097523198817,0.5561466885604817,0.8154205436964057,0.9314176245210728,
microsomal_clearance,gp,0,raw,3,1.0,1827,897.0,1013,0.1534973583710727,0.26705855786397376,0.6288329494259962,0.4679466602404177,0.9670641490179833,0.5640129855757451,0.5224411603721949,0.7852618135376755,0.9156978653530378,
microsomal_clearance,gp,1,calibrated,3,2.0,1827,897.0,1013,0.3953577045004443,0.289217475268623,0.5314597666390635,0.3936051224754081,0.7936390723767158,0.5223698022205275,0.5614267469439883,0.8189089582193031,0.9355081189563949,
microsomal_clearance,gp,1,raw,3,2.0,1827,897.0,1013,0.3953577045004443,0.289217475268623,0.5314597666390635,0.3936051224754081,0.793081460235917,0.4779651500655229,0.5244553913519431,0.7930049261083745,0.9199014778325122,
microsomal_clearance,gp,2,calibrated,3,3.0,674,378.0,674,0.4539630246067794,0.3142926011091167,0.47766710163813114,0.35103307789355576,0.6735949330521538,0.4758280927019468,0.5746785361028685,0.8270227497527202,0.94,
microsomal_clearance,gp,2,raw,3,3.0,674,378.0,674,0.4539630246067794,0.3142926011091167,0.47766710163813114,0.35103307789355576,0.6732975971713947,0.4355023350506933,0.5416716122650841,0.7984569732937686,0.9257072205736895,
microsomal_clearance,gp,4,calibrated,3,5.0,674,378.0,674,0.544251783101892,0.3573900306925208,0.4363920136865185,0.3201380267775775,0.5820999612193362,0.43736830017981726,0.5778437190900099,0.8302967359050445,0.9397428288822949,
microsomal_clearance,gp,4,raw,3,5.0,674,378.0,674,0.544251783101892,0.3573900306925208,0.4363920136865185,0.3201380267775775,0.5804902018154456,0.40034789812435145,0.5432838773491592,0.802917903066271,0.9266765578635013,
microsomal_clearance,gp,9,calibrated,3,10.0,311,183.0,311,0.6034904939249175,0.4240443334968314,0.4062996412521668,0.29738270135410727,0.519064400014878,0.40257337472063165,0.5729903536977492,0.8268167202572346,0.9368488745980706,
microsomal_clearance,gp,9,raw,3,10.0,311,183.0,311,0.6034904939249175,0.4240443334968314,0.4062996412521668,0.29738270135410727,0.5117034882639931,0.3685891329820516,0.5380707395498392,0.7992926045016079,0.9241800643086817,
microsomal_clearance,kernel_only,0,calibrated,3,1.0,1827,897.0,1013,0.10643145702417911,0.2966967044637838,0.6460781691891087,0.48527119660094614,0.9917359038230213,0.6517608441183806,0.543951833607006,0.8051742382776865,0.9386900200693304,
microsomal_clearance,kernel_only,0,raw,3,1.0,1827,897.0,1013,0.10643145702417911,0.2966967044637838,0.6460781691891087,0.48527119660094614,0.9799670067998784,0.6085365007272104,0.5208064221857325,0.7850903119868637,0.9270571063674513,
microsomal_clearance,kernel_only,1,calibrated,3,2.0,1827,897.0,1013,0.384757164799714,0.31234381622827384,0.5360982792370713,0.3973504260519108,0.8111113205299102,0.5053458100912388,0.5250574712643677,0.7861448640758987,0.9234117861704069,
microsomal_clearance,kernel_only,1,raw,3,2.0,1827,897.0,1013,0.384757164799714,0.31234381622827384,0.5360982792370713,0.3973504260519108,0.814896631972922,0.4729250250452518,0.4970662287903667,0.7650574712643678,0.9111767925561031,
microsomal_clearance,kernel_only,2,calibrated,3,3.0,674,378.0,674,0.45749725133115915,0.3351695768571458,0.47611874092002104,0.34972273524043646,0.6733495182807788,0.4741856862252355,0.553837784371909,0.8110979228486648,0.9344708209693372,
microsomal_clearance,kernel_only,2,raw,3,3.0,674,378.0,674,0.45749725133115915,0.3351695768571458,0.47611874092002104,0.34972273524043646,0.6720912403891032,0.44333391188455035,0.5262710187932741,0.7896834817012859,0.9235410484668646,
microsomal_clearance,kernel_only,4,calibrated,3,5.0,674,378.0,674,0.5475689923530747,0.3615893680815501,0.43480095163343685,0.3186062095317949,0.5828826401029393,0.44812601711228855,0.5694263105835806,0.8221760633036597,0.9401879327398616,
microsomal_clearance,kernel_only,4,raw,3,5.0,674,378.0,674,0.5475689923530747,0.3615893680815501,0.43480095163343685,0.3186062095317949,0.5767812136278387,0.4188191912294495,0.5432542037586547,0.802047477744807,0.929891196834817,
microsomal_clearance,kernel_only,9,calibrated,3,10.0,311,183.0,311,0.6074364969146888,0.42769318851783245,0.4042728696405718,0.2954116689440138,0.5128568442591123,0.41739160303900863,0.5709967845659163,0.8228295819935693,0.9415434083601286,
microsomal_clearance,kernel_only,9,raw,3,10.0,311,183.0,311,0.6074364969146888,0.42769318851783245,0.4042728696405718,0.2954116689440138,0.4980652138603524,0.3902808870993243,0.5441157556270096,0.8050803858520901,0.9332475884244371,
microsomal_clearance,mean_and_kernel,0,calibrated,3,1.0,1827,897.0,1013,0.10831233641266047,0.2973238046384111,0.6453978435086415,0.48501071333040485,0.989485595989129,0.6514049690605146,0.5436526181353768,0.8056814449917898,0.9390585659551178,
microsomal_clearance,mean_and_kernel,0,raw,3,1.0,1827,897.0,1013,0.10831233641266047,0.2973238046384111,0.6453978435086415,0.48501071333040485,0.9781755911052714,0.6068173172497398,0.519222769567597,0.7861047254150704,0.9270826491516146,
microsomal_clearance,mean_and_kernel,1,calibrated,3,2.0,1827,897.0,1013,0.3842672516062853,0.31429892894922035,0.5363116822552572,0.397893383106834,0.8135119005076985,0.5060473932088498,0.524783798576902,0.7864842182083562,0.9233862433862434,
microsomal_clearance,mean_and_kernel,1,raw,3,2.0,1827,897.0,1013,0.3842672516062853,0.31429892894922035,0.5363116822552572,0.397893383106834,0.8176862207840611,0.47247407005153375,0.4974092318919905,0.7637620872103631,0.9115015508118958,
microsomal_clearance,mean_and_kernel,2,calibrated,3,3.0,674,378.0,674,0.4587280330143344,0.3321134748354752,0.4755783464525119,0.34941377524437583,0.6725952288455223,0.47443061761815997,0.5518595450049456,0.8105736894164193,0.9350148367952523,
microsomal_clearance,mean_and_kernel,2,raw,3,3.0,674,378.0,674,0.4587280330143344,0.3321134748354752,0.4755783464525119,0.34941377524437583,0.6712245332686709,0.44245811230586857,0.527457962413452,0.7890306627101878,0.9226904055390702,
microsomal_clearance,mean_and_kernel,4,calibrated,3,5.0,674,378.0,674,0.54941492107985,0.36388490344628244,0.4339130461891122,0.31802290203755407,0.5813924497339445,0.44853977730672745,0.5695746785361029,0.8236795252225518,0.9396043521266073,
microsomal_clearance,mean_and_kernel,4,raw,3,5.0,674,378.0,674,0.54941492107985,0.36388490344628244,0.4339130461891122,0.31802290203755407,0.5749565748418004,0.41816916873853593,0.5433926805143422,0.8016023738872403,0.9293076162215629,
microsomal_clearance,mean_and_kernel,9,calibrated,3,10.0,311,183.0,311,0.6085412408883025,0.4286858888502974,0.40370362075269767,0.29483523416413754,0.5121263161449455,0.41730066641350644,0.572347266881029,0.8234726688102895,0.9421221864951769,
microsomal_clearance,mean_and_kernel,9,raw,3,10.0,311,183.0,311,0.6085412408883025,0.4286858888502974,0.40370362075269767,0.29483523416413754,0.49691101423162265,0.38926207351531245,0.5444372990353697,0.8037942122186494,0.9323472668810291,
microsomal_clearance,mean_only,0,calibrated,3,1.0,1827,897.0,1013,0.12511990561394815,0.29313930793461906,0.6392863014422856,0.48032921138701257,0.9773439068504555,0.6268726774387346,0.5370443349753694,0.7970187921912059,0.9339937967524174,
microsomal_clearance,mean_only,0,raw,3,1.0,1827,897.0,1013,0.12511990561394815,0.29313930793461906,0.6392863014422856,0.48032921138701257,0.976718244106846,0.5727127945094709,0.5030468892537858,0.7675679620507206,0.9153840540047437,
microsomal_clearance,mean_only,1,calibrated,3,2.0,1827,897.0,1013,0.3332806238538569,0.30842344752396283,0.5580751301167831,0.4171050987528792,0.8418950640601297,0.5581443128655305,0.5347235905856595,0.8054771027184819,0.9355008210180624,
microsomal_clearance,mean_only,1,raw,3,2.0,1827,897.0,1013,0.3332806238538569,0.30842344752396283,0.5580751301167831,0.4171050987528792,0.8464362676832377,0.5109757873951529,0.5008100711548987,0.7749534756431309,0.9182740375843825,
microsomal_clearance,mean_only,2,calibrated,3,3.0,674,378.0,674,0.42834746807804325,0.32310289006984155,0.48874279786419594,0.3600309068974546,0.6961315223447071,0.50747707368771,0.5637784371909002,0.8233728981206727,0.9409495548961425,
microsomal_clearance,mean_only,2,raw,3,3.0,674,378.0,674,0.42834746807804325,0.32310289006984155,0.48874279786419594,0.3600309068974546,0.6944558809992682,0.46400764089132984,0.5274480712166172,0.7949258160237388,0.9270227497527201,
microsomal_clearance,mean_only,4,calibrated,3,5.0,674,378.0,674,0.527885470334041,0.3518694299714969,0.44415851064368134,0.3275253673787685,0.604606726812969,0.4709455982289847,0.5702077151335312,0.8312265084075173,0.9441740850642929,
microsomal_clearance,mean_only,4,raw,3,5.0,674,378.0,674,0.527885470334041,0.3518694299714969,0.44415851064368134,0.3275253673787685,0.5984221302070614,0.43041831329008,0.535192878338279,0.8036498516320473,0.9310187932739862,
microsomal_clearance,mean_only,9,calibrated,3,10.0,311,183.0,311,0.588766787814387,0.4038571067381047,0.41377450522150633,0.30603384961077634,0.5400060176632149,0.43274490276716915,0.5632154340836013,0.8237942122186495,0.9429581993569132,
microsomal_clearance,mean_only,9,raw,3,10.0,311,183.0,311,0.588766787814387,0.4038571067381047,0.41377450522150633,0.30603384961077634,0.5284057436963598,0.3956344317546612,0.5280385852090033,0.7958199356913184,0.9286173633440516,
microsomal_clearance,unchanged,0,calibrated,3,1.0,1827,897.0,1013,0.1066018464540951,0.2964882287066396,0.6460165677931339,0.48521150937394336,0.9921531559691747,0.6395192799670834,0.5369640576537128,0.7984272942893633,0.9345739828498449,
microsomal_clearance,unchanged,0,raw,3,1.0,1827,897.0,1013,0.1066018464540951,0.2964882287066396,0.6460165677931339,0.48521150937394336,0.9806532988122724,0.6025229383786215,0.5172012406495164,0.7816456850939609,0.9249297573435505,
microsomal_clearance,unchanged,1,calibrated,3,2.0,1827,897.0,1013,0.3825801931657947,0.31002742616121837,0.5370459052097607,0.39788402007497836,0.8030151605626725,0.5224855781113159,0.5360700602079912,0.7980040138660829,0.9309067688378034,
microsomal_clearance,unchanged,1,raw,3,2.0,1827,897.0,1013,0.3825801931657947,0.31002742616121837,0.5370459052097607,0.39788402007497836,0.801614331955075,0.4936955461012601,0.5137712096332786,0.7789381499726327,0.9215179711731435,
microsomal_clearance,unchanged,2,calibrated,3,3.0,674,378.0,674,0.45327104743474944,0.3297054330112592,0.477969672793596,0.3509681364218129,0.6730302305946533,0.48652067116589737,0.5584668644906033,0.8197527200791296,0.9383580613254203,
microsomal_clearance,unchanged,2,raw,3,3.0,674,378.0,674,0.45327104743474944,0.3297054330112592,0.477969672793596,0.3509681364218129,0.6679722848584327,0.45917166806646903,0.5374183976261128,0.8009000989119682,0.9288724035608308,
microsomal_clearance,unchanged,4,calibrated,3,5.0,674,378.0,674,0.5420455562414623,0.3585265878838174,0.4374470012659243,0.32057063880106607,0.5860329856664777,0.4578997230854044,0.5737685459940653,0.8277448071216617,0.9428486646884273,
microsomal_clearance,unchanged,4,raw,3,5.0,674,378.0,674,0.5420455562414623,0.3585265878838174,0.4374470012659243,0.32057063880106607,0.5779537131819905,0.4320149005544173,0.5525717111770524,0.8109000989119682,0.9349159248269042,
microsomal_clearance,unchanged,9,calibrated,3,10.0,311,183.0,311,0.5992255641870425,0.4199189144316965,0.4084789138843415,0.2990714181226549,0.5194069993623153,0.4249228700794208,0.567781350482315,0.8250803858520901,0.9429581993569132,
microsomal_clearance,unchanged,9,raw,3,10.0,311,183.0,311,0.5992255641870425,0.4199189144316965,0.4084789138843415,0.2990714181226549,0.5040679340309775,0.40119265941178295,0.5461736334405145,0.8101607717041802,0.9371704180064307,
permeability,gp,0,calibrated,3,1.0,516,376.0,319,0.07960609687309084,0.24797309668681936,0.7137539756871083,0.5225509560244875,1.0869563759393805,0.7680511338088556,0.6162790697674418,0.841266149870801,0.9448191214470284,
permeability,gp,0,raw,3,1.0,516,376.0,319,0.07960609687309084,0.24797309668681936,0.7137539756871083,0.5225509560244875,1.101445170944816,0.5936418205722973,0.5145736434108527,0.7700129198966408,0.8973772609819122,
permeability,gp,1,calibrated,3,2.0,516,376.0,319,0.3615733682827551,0.276981072835285,0.5944525184553592,0.4341977177892519,0.8987915506169126,0.6459138977789449,0.6123514211886305,0.8442248062015504,0.9516149870801034,
permeability,gp,1,raw,3,2.0,516,376.0,319,0.3615733682827551,0.276981072835285,0.5944525184553592,0.4341977177892519,0.9054491128545595,0.4993158027348746,0.5153359173126615,0.7674160206718347,0.8992248062015504,
permeability,gp,2,calibrated,3,3.0,200,163.0,200,0.498139045338733,0.3266729307340251,0.5489176533557274,0.4086276081373294,0.8387771345437167,0.6102806388099988,0.6053000000000001,0.8494333333333333,0.9518333333333334,
permeability,gp,2,raw,3,3.0,200,163.0,200,0.498139045338733,0.3266729307340251,0.5489176533557274,0.4086276081373294,0.8322240738614346,0.4708228081862132,0.5106333333333333,0.7664333333333333,0.9046333333333334,
permeability,gp,4,calibrated,3,5.0,200,163.0,200,0.5878689103781636,0.3640472454329331,0.4974313841599682,0.36734005699915184,0.7362382153737648,0.558745731095473,0.6082,0.8587333333333333,0.9554333333333332,
permeability,gp,4,raw,3,5.0,200,163.0,200,0.5878689103781636,0.3640472454329331,0.4974313841599682,0.36734005699915184,0.7214982513406065,0.43102672017017996,0.5121,0.7776333333333334,0.914,
permeability,gp,9,calibrated,3,10.0,72,62.0,72,0.6422822037932772,0.4615166380794512,0.4830804583136138,0.3482494218771656,0.6677091010486584,0.5063151755266719,0.6038888888888889,0.8516666666666667,0.9516666666666668,
permeability,gp,9,raw,3,10.0,72,62.0,72,0.6422822037932772,0.4615166380794512,0.4830804583136138,0.3482494218771656,0.6866574221212486,0.3913609741793738,0.5077777777777778,0.7708333333333334,0.9058333333333333,
permeability,kernel_only,0,calibrated,3,1.0,516,376.0,319,0.0850022238355368,0.2642687701822534,0.7116585854056079,0.5173295294341584,1.0422931099852126,0.826950936184989,0.5574677002583979,0.8193669250645995,0.9594315245478036,
permeability,kernel_only,0,raw,3,1.0,516,376.0,319,0.0850022238355368,0.2642687701822534,0.7116585854056079,0.5173295294341584,1.0415566660401627,0.6868656181083939,0.4862403100775194,0.7594961240310077,0.9246899224806201,
permeability,kernel_only,1,calibrated,3,2.0,516,376.0,319,0.35386630998441204,0.2879656130855695,0.5980298568412717,0.4295476704491639,0.8742369986017487,0.6197204690905966,0.505813953488372,0.7797286821705427,0.9294444444444444,
permeability,kernel_only,1,raw,3,2.0,516,376.0,319,0.35386630998441204,0.2879656130855695,0.5980298568412717,0.4295476704491639,0.9025831859808544,0.5145523610953674,0.4390826873385013,0.7131136950904393,0.8913049095607235,
permeability,kernel_only,2,calibrated,3,3.0,200,163.0,200,0.49080908277617397,0.3321049171996613,0.5529117483254408,0.40800478422977027,0.8191367896397924,0.5971138393263022,0.4956333333333333,0.7692,0.9403666666666666,
permeability,kernel_only,2,raw,3,3.0,200,163.0,200,0.49080908277617397,0.3321049171996613,0.5529117483254408,0.40800478422977027,0.8488752006854783,0.496842078713576,0.43053333333333327,0.7029333333333332,0.9010666666666667,
permeability,kernel_only,4,calibrated,3,5.0,200,163.0,200,0.5792978485381233,0.37370324505493047,0.5025772901637853,0.37005550888230404,0.7156035021673287,0.5626735363225142,0.5013,0.7899333333333334,0.9462333333333334,
permeability,kernel_only,4,raw,3,5.0,200,163.0,200,0.5792978485381233,0.37370324505493047,0.5025772901637853,0.37005550888230404,0.7371464065209808,0.4680528396705786,0.4355,0.7181333333333333,0.9138333333333334,
permeability,kernel_only,9,calibrated,3,10.0,72,62.0,72,0.6412816291445376,0.43082253704261453,0.48375560019353797,0.3551970717683434,0.6573186971615934,0.5507076276342074,0.5091666666666667,0.7916666666666666,0.9591666666666667,
permeability,kernel_only,9,raw,3,10.0,72,62.0,72,0.6412816291445376,0.43082253704261453,0.48375560019353797,0.3551970717683434,0.6716067470599651,0.4576316523551941,0.44277777777777777,0.723611111111111,0.9247222222222222,
permeability,mean_and_kernel,0,calibrated,3,1.0,516,376.0,319,0.08497486729092163,0.2645418802645038,0.7116692238873805,0.5174328832996128,1.0423348585130665,0.8286161583477212,0.5584108527131783,0.8196770025839794,0.9601033591731266,
permeability,mean_and_kernel,0,raw,3,1.0,516,376.0,319,0.08497486729092163,0.2645418802645038,0.7116692238873805,0.5174328832996128,1.0411865756235137,0.6886218321789297,0.4885529715762274,0.7615374677002583,0.9255813953488372,
permeability,mean_and_kernel,1,calibrated,3,2.0,516,376.0,319,0.3536972489365162,0.28495896821860595,0.5981080890579593,0.43010946280335,0.8758017222762279,0.6187044173517585,0.5050516795865634,0.7788888888888889,0.9297286821705426,
permeability,mean_and_kernel,1,raw,3,2.0,516,376.0,319,0.3536972489365162,0.28495896821860595,0.5981080890579593,0.43010946280335,0.9045349699229681,0.514056058618642,0.4359302325581395,0.7124289405684755,0.8899612403100776,
permeability,mean_and_kernel,2,calibrated,3,3.0,200,163.0,200,0.49228282777684096,0.3323337153630952,0.552111025693361,0.4073603012017905,0.8186346091061095,0.5962425486803055,0.4933333333333333,0.7677333333333334,0.9395666666666668,
permeability,mean_and_kernel,2,raw,3,3.0,200,163.0,200,0.49228282777684096,0.3323337153630952,0.552111025693361,0.4073603012017905,0.8488279655438988,0.4964064486126105,0.43046666666666666,0.7018666666666666,0.9025,
permeability,mean_and_kernel,4,calibrated,3,5.0,200,163.0,200,0.5798830380374942,0.3620365344401863,0.5022276303200687,0.36964288126875955,0.7157129100948653,0.5621548380513985,0.49816666666666665,0.7862,0.9463333333333332,
permeability,mean_and_kernel,4,raw,3,5.0,200,163.0,200,0.5798830380374942,0.3620365344401863,0.5022276303200687,0.36964288126875955,0.7376823564189482,0.4678974266131719,0.43876666666666664,0.7175999999999999,0.9129666666666667,
permeability,mean_and_kernel,9,calibrated,3,10.0,72,62.0,72,0.6425142887267997,0.4270695287216869,0.48292372318871307,0.354215744510293,0.6562502562316735,0.5512442322240935,0.5047222222222223,0.7930555555555556,0.9591666666666667,
permeability,mean_and_kernel,9,raw,3,10.0,72,62.0,72,0.6425142887267997,0.4270695287216869,0.48292372318871307,0.354215744510293,0.6700095386049024,0.45835988283157353,0.4430555555555556,0.7227777777777777,0.9255555555555556,
permeability,mean_only,0,calibrated,3,1.0,516,376.0,319,0.08487619607562513,0.263914637035549,0.7117075940762062,0.5178736910624646,1.040293297282857,0.8159089077731898,0.5503100775193799,0.8155297157622741,0.9568992248062015,
permeability,mean_only,0,raw,3,1.0,516,376.0,319,0.08487619607562513,0.263914637035549,0.7117075940762062,0.5178736910624646,1.047530779298054,0.6574951926162539,0.4728811369509044,0.7455684754521964,0.9135400516795865,
permeability,mean_only,1,calibrated,3,2.0,516,376.0,319,0.27774124619676266,0.28703057825982037,0.632278014531415,0.4590322124541169,0.9215640117740979,0.6813820832530734,0.5108268733850129,0.7907493540051679,0.9376227390180878,
permeability,mean_only,1,raw,3,2.0,516,376.0,319,0.27774124619676266,0.28703057825982037,0.632278014531415,0.4590322124541169,0.9537055331076553,0.549157617499123,0.4366149870801033,0.7124935400516795,0.8962790697674419,
permeability,mean_only,2,calibrated,3,3.0,200,163.0,200,0.45754256686278216,0.32803921096151073,0.5706874553393951,0.42180077966190876,0.8526742581470573,0.6421948638975621,0.5059666666666667,0.7883666666666668,0.9472666666666667,
permeability,mean_only,2,raw,3,3.0,200,163.0,200,0.45754256686278216,0.32803921096151073,0.5706874553393951,0.42180077966190876,0.8858204605777428,0.5182495251476764,0.4322666666666667,0.7068333333333334,0.9021333333333333,
permeability,mean_only,4,calibrated,3,5.0,200,163.0,200,0.550978811901667,0.3551034238590962,0.5192170091519065,0.38498487457136304,0.7593148353098548,0.5967095673759779,0.5038333333333334,0.7976666666666665,0.9495,
permeability,mean_only,4,raw,3,5.0,200,163.0,200,0.550978811901667,0.3551034238590962,0.5192170091519065,0.38498487457136304,0.7886982143073947,0.4814682275523742,0.42789999999999995,0.7123666666666666,0.9094333333333333,
permeability,mean_only,9,calibrated,3,10.0,72,62.0,72,0.6170918757770181,0.41185108120035785,0.49980027052966675,0.37320937943127414,0.7116120438224114,0.5782268124156528,0.48749999999999993,0.7869444444444444,0.9608333333333334,
permeability,mean_only,9,raw,3,10.0,72,62.0,72,0.6170918757770181,0.41185108120035785,0.49980027052966675,0.37320937943127414,0.7398315922259209,0.4662398655050331,0.41861111111111104,0.701111111111111,0.9166666666666666,
permeability,unchanged,0,calibrated,3,1.0,516,376.0,319,0.0857355933433388,0.2634738761418752,0.711373331528869,0.5170871449671253,1.0401043090483975,0.805984969003564,0.5487209302325581,0.8110852713178294,0.9550387596899225,
permeability,unchanged,0,raw,3,1.0,516,376.0,319,0.0857355933433388,0.2634738761418752,0.711373331528869,0.5170871449671253,1.0412270924139186,0.6854712826941518,0.4857622739018088,0.7590568475452196,0.9240051679586563,
permeability,unchanged,1,calibrated,3,2.0,516,376.0,319,0.35252422118368043,0.2817568938598803,0.5986506206566934,0.4291309110641008,0.864446324837439,0.6325199542833776,0.5185788113695091,0.7896770025839792,0.9337209302325582,
permeability,unchanged,1,raw,3,2.0,516,376.0,319,0.35252422118368043,0.2817568938598803,0.5986506206566934,0.4291309110641008,0.8814416042584696,0.5377056482004949,0.45245478036175707,0.7327390180878552,0.9031395348837209,
permeability,unchanged,2,calibrated,3,3.0,200,163.0,200,0.4866429944671582,0.3238529935247368,0.5551690418369972,0.4080457129441201,0.8086318026186606,0.6104060785452525,0.5035,0.7840666666666667,0.9449000000000001,
permeability,unchanged,2,raw,3,3.0,200,163.0,200,0.4866429944671582,0.3238529935247368,0.5551690418369972,0.4080457129441201,0.8258628412889502,0.5201412013192972,0.44410000000000005,0.7289333333333334,0.9170333333333334,
permeability,unchanged,4,calibrated,3,5.0,200,163.0,200,0.5712922352703191,0.36144036232390336,0.5073365702233823,0.37311172007247806,0.713085319387313,0.5756046055436134,0.5054666666666666,0.8007333333333334,0.9515,
permeability,unchanged,4,raw,3,5.0,200,163.0,200,0.5712922352703191,0.36144036232390336,0.5073365702233823,0.37311172007247806,0.7250925648063231,0.49034507522980375,0.44353333333333333,0.7408000000000001,0.9218000000000001,
permeability,unchanged,9,calibrated,3,10.0,72,62.0,72,0.6232044112827899,0.4121862051077187,0.4957949527048558,0.3628575717078315,0.6714652454182019,0.5646901079018911,0.5016666666666666,0.7972222222222223,0.9599999999999999,
permeability,unchanged,9,raw,3,10.0,72,62.0,72,0.6232044112827899,0.4121862051077187,0.4957949527048558,0.3628575717078315,0.6784902813959643,0.48041194629338047,0.44722222222222224,0.7394444444444443,0.9330555555555556,
protein_binding,gp,0,calibrated,3,1.0,880,355.0,413,0.11631267517057253,0.3495739544278743,1.0089535515747574,0.6317112381288326,1.4622197125999246,1.0167863513276434,0.6679393939393939,0.8859621212121211,0.9585454545454545,
protein_binding,gp,0,raw,3,1.0,880,355.0,413,0.11631267517057253,0.3495739544278743,1.0089535515747574,0.6317112381288326,1.4960279127523557,0.7172250872568198,0.5331742424242424,0.8061212121212121,0.9185530303030303,
protein_binding,gp,1,calibrated,3,2.0,880,355.0,413,0.32560168720978644,0.3633022295536523,0.8814143119814871,0.538497917113367,1.3503054793726517,0.8536885366904915,0.6672499999999999,0.8814772727272728,0.9562424242424242,
protein_binding,gp,1,raw,3,2.0,880,355.0,413,0.32560168720978644,0.3633022295536523,0.8814143119814871,0.538497917113367,1.4081770726998577,0.601956600206368,0.5354090909090908,0.7937878787878787,0.9161666666666667,
protein_binding,gp,2,calibrated,3,3.0,177,93.0,177,0.4344817931335826,0.3678346541930438,0.7578876784427343,0.4821080646839294,1.1324373884935963,0.7830707607655426,0.6702824858757062,0.8899435028248587,0.9562711864406779,
protein_binding,gp,2,raw,3,3.0,177,93.0,177,0.4344817931335826,0.3678346541930438,0.7578876784427343,0.4821080646839294,1.1699245799698197,0.5594280452153554,0.5383050847457627,0.8070809792843692,0.9206403013182675,
protein_binding,gp,4,calibrated,3,5.0,177,93.0,177,0.4925369311726897,0.3962569227498438,0.7179327605375603,0.44722081981444983,1.0886131365424474,0.716551980961065,0.6645951035781544,0.8858757062146891,0.9530696798493409,
protein_binding,gp,4,raw,3,5.0,177,93.0,177,0.4925369311726897,0.3962569227498438,0.7179327605375603,0.44722081981444983,1.1466887459437176,0.5116878562301341,0.5405649717514125,0.8034651600753294,0.9183427495291903,
protein_binding,gp,9,calibrated,3,10.0,44,29.0,44,0.5403987613135762,0.4862538002572501,0.6302661594079512,0.3787654664570635,0.8149079561566359,0.6371957307512109,0.6954545454545454,0.8927272727272726,0.9645454545454547,
protein_binding,gp,9,raw,3,10.0,44,29.0,44,0.5403987613135762,0.4862538002572501,0.6302661594079512,0.3787654664570635,0.8937275303361933,0.46284162223339087,0.5631818181818182,0.8363636363636364,0.9313636363636365,
protein_binding,kernel_only,0,calibrated,3,1.0,880,355.0,413,0.13664409534787936,0.39095177759792127,0.9972792715738777,0.6291127977009058,1.194738572116869,0.7746310066427246,0.46553030303030296,0.760128787878788,0.9286590909090909,
protein_binding,kernel_only,0,raw,3,1.0,880,355.0,413,0.13664409534787936,0.39095177759792127,0.9972792715738777,0.6291127977009058,1.205201700924078,0.7262059181278403,0.4411818181818182,0.7409393939393939,0.9174242424242425,
protein_binding,kernel_only,1,calibrated,3,2.0,880,355.0,413,0.36834394581334573,0.3899031955688233,0.8530258497849048,0.52714188743854,1.0290692132930717,0.6875660865609392,0.4755984848484848,0.76625,0.9265151515151514,
protein_binding,kernel_only,1,raw,3,2.0,880,355.0,413,0.36834394581334573,0.3899031955688233,0.8530258497849048,0.52714188743854,1.0353325615154332,0.6425130069585461,0.45299242424242425,0.7416136363636364,0.915340909090909,
protein_binding,kernel_only,2,calibrated,3,3.0,177,93.0,177,0.4762640412386183,0.40337509413667133,0.7293529553518078,0.4692827281535457,0.9100077411954808,0.6364362900248131,0.47879472693032016,0.7788700564971752,0.9364595103578154,
protein_binding,kernel_only,2,raw,3,3.0,177,93.0,177,0.4762640412386183,0.40337509413667133,0.7293529553518078,0.4692827281535457,0.9103272750958853,0.5996533373812049,0.4609039548022599,0.7572128060263652,0.9264030131826744,
protein_binding,kernel_only,4,calibrated,3,5.0,177,93.0,177,0.5377398715192669,0.41834223895527384,0.6852116977238415,0.4320231509601553,0.8272852210704641,0.5983073378058252,0.48677966101694903,0.7783427495291901,0.9369868173258005,
protein_binding,kernel_only,4,raw,3,5.0,177,93.0,177,0.5377398715192669,0.41834223895527384,0.6852116977238415,0.4320231509601553,0.8268982318162292,0.5637502518122255,0.46681732580037666,0.7639548022598869,0.9298681732580037,
protein_binding,kernel_only,9,calibrated,3,10.0,44,29.0,44,0.5530064713998899,0.5359409775020499,0.6215613652559856,0.3627406490661881,0.647117015741194,0.5142659835381941,0.5177272727272727,0.7913636363636362,0.9395454545454546,
protein_binding,kernel_only,9,raw,3,10.0,44,29.0,44,0.5530064713998899,0.5359409775020499,0.6215613652559856,0.3627406490661881,0.6467431373111631,0.4883357748660174,0.505,0.7790909090909092,0.9345454545454545,
protein_binding,mean_and_kernel,0,calibrated,3,1.0,880,355.0,413,0.1381644603287998,0.3904917291288356,0.9964007830047861,0.6278919814379998,1.1914829913197866,0.7728274690635277,0.4649015151515152,0.762159090909091,0.9287196969696969,
protein_binding,mean_and_kernel,0,raw,3,1.0,880,355.0,413,0.1381644603287998,0.3904917291288356,0.9964007830047861,0.6278919814379998,1.2029789051011466,0.7216963077128835,0.44162121212121214,0.7394621212121212,0.9168863636363637,
protein_binding,mean_and_kernel,1,calibrated,3,2.0,880,355.0,413,0.36439096176638675,0.39656123131326887,0.8556908590089405,0.5294223839826423,1.0340187433518297,0.6906916197560954,0.4750681818181818,0.7642878787878787,0.9243863636363637,
protein_binding,mean_and_kernel,1,raw,3,2.0,880,355.0,413,0.36439096176638675,0.39656123131326887,0.8556908590089405,0.5294223839826423,1.0408625996973535,0.642583866621283,0.4503333333333333,0.7410227272727273,0.9148939393939394,
protein_binding,mean_and_kernel,2,calibrated,3,3.0,177,93.0,177,0.4779755611125136,0.4127632833723289,0.7281602516998067,0.46815702691702293,0.908088823163956,0.6385169763102595,0.48320150659133704,0.7772881355932204,0.9372504708097927,
protein_binding,mean_and_kernel,2,raw,3,3.0,177,93.0,177,0.4779755611125136,0.4127632833723289,0.7281602516998067,0.46815702691702293,0.9082286367065503,0.5990461185400544,0.45924670433145004,0.7563088512241055,0.9275329566854992,
protein_binding,mean_and_kernel,4,calibrated,3,5.0,177,93.0,177,0.5402511812871134,0.4259758531172658,0.6833478961518549,0.43037666062626245,0.8234690482055632,0.6003951565581751,0.4882109227871939,0.7832391713747645,0.9364971751412429,
protein_binding,mean_and_kernel,4,raw,3,5.0,177,93.0,177,0.5402511812871134,0.4259758531172658,0.6833478961518549,0.43037666062626245,0.8229080579531627,0.563309507450815,0.467758945386064,0.7667419962335216,0.9310734463276836,
protein_binding,mean_and_kernel,9,calibrated,3,10.0,44,29.0,44,0.5562505318243045,0.5447869011059855,0.619301763815339,0.36105823804031717,0.6449710096572002,0.516090428829193,0.5231818181818183,0.7940909090909091,0.940909090909091,
protein_binding,mean_and_kernel,9,raw,3,10.0,44,29.0,44,0.5562505318243045,0.5447869011059855,0.619301763815339,0.36105823804031717,0.6439675115002945,0.48803348086097015,0.5022727272727273,0.7777272727272728,0.9363636363636364,
protein_binding,mean_only,0,calibrated,3,1.0,880,355.0,413,0.1387104706262775,0.39198689426521066,0.996085101381523,0.6283970834709295,1.187298282820906,0.7560945289098855,0.456280303030303,0.7537121212121213,0.927340909090909,
protein_binding,mean_only,0,raw,3,1.0,880,355.0,413,0.1387104706262775,0.39198689426521066,0.996085101381523,0.6283970834709295,1.1971560349488388,0.7117119309726088,0.4319469696969697,0.7349924242424242,0.9154772727272726,
protein_binding,mean_only,1,calibrated,3,2.0,880,355.0,413,0.33092188877043405,0.396611860105091,0.8779307721920351,0.5562235873345581,1.0773354640644415,0.7321535710042174,0.46855303030303036,0.7533863636363637,0.9258939393939394,
protein_binding,mean_only,1,raw,3,2.0,880,355.0,413,0.33092188877043405,0.396611860105091,0.8779307721920351,0.5562235873345581,1.0831355848206767,0.6880855225311083,0.4470454545454545,0.7327575757575758,0.9195681818181819,
protein_binding,mean_only,2,calibrated,3,3.0,177,93.0,177,0.4547234606739412,0.405845060312818,0.7442004990028842,0.48468820796258705,0.9385008086651253,0.6672553991104025,0.4775894538606403,0.777325800376648,0.9397363465160075,
protein_binding,mean_only,2,raw,3,3.0,177,93.0,177,0.4547234606739412,0.405845060312818,0.7442004990028842,0.48468820796258705,0.938592979616023,0.6318472952290444,0.46030131826741993,0.7583427495291901,0.9314124293785312,
protein_binding,mean_only,4,calibrated,3,5.0,177,93.0,177,0.530829374889111,0.42716893236541276,0.6903144385905102,0.44365653912310543,0.85474645750565,0.6195718180863871,0.48527306967984934,0.7825235404896421,0.9395480225988702,
protein_binding,mean_only,4,raw,3,5.0,177,93.0,177,0.530829374889111,0.42716893236541276,0.6903144385905102,0.44365653912310543,0.8552359120036451,0.5864467540366501,0.4631261770244821,0.7636911487758946,0.9312241054613937,
protein_binding,mean_only,9,calibrated,3,10.0,44,29.0,44,0.5400116580991017,0.5359917737995133,0.6305315271704839,0.3788438747958703,0.6929695383305243,0.5205535144155675,0.48000000000000004,0.7890909090909091,0.9340909090909091,
protein_binding,mean_only,9,raw,3,10.0,44,29.0,44,0.5400116580991017,0.5359917737995133,0.6305315271704839,0.3788438747958703,0.6942841695760168,0.4956986753507094,0.46181818181818185,0.7745454545454545,0.9295454545454546,
protein_binding,unchanged,0,calibrated,3,1.0,880,355.0,413,0.1397762911628021,0.3898716735224589,0.9954685975440276,0.6267424090177555,1.1968670881289918,0.7436884159603805,0.4522424242424242,0.7501818181818182,0.9218560606060606,
protein_binding,unchanged,0,raw,3,1.0,880,355.0,413,0.1397762911628021,0.3898716735224589,0.9954685975440276,0.6267424090177555,1.2010058374099655,0.7343921211673454,0.4488787878787879,0.7472727272727273,0.9189545454545456,
protein_binding,unchanged,1,calibrated,3,2.0,880,355.0,413,0.3974241852770518,0.3863256206869337,0.8331586524204331,0.519900663064559,1.0058327749119367,0.6820966108382651,0.4720757575757576,0.759090909090909,0.9282272727272727,
protein_binding,unchanged,1,raw,3,2.0,880,355.0,413,0.3974241852770518,0.3863256206869337,0.8331586524204331,0.519900663064559,1.0082686498403566,0.6726784014774092,0.4715757575757576,0.7557121212121212,0.9262878787878789,
protein_binding,unchanged,2,calibrated,3,3.0,177,93.0,177,0.4806443349535905,0.39399149412111034,0.7262965601183586,0.4659704438239167,0.8920175742459185,0.6303468282433777,0.47499058380414305,0.7728813559322034,0.935517890772128,
protein_binding,unchanged,2,raw,3,3.0,177,93.0,177,0.4806443349535905,0.39399149412111034,0.7262965601183586,0.4659704438239167,0.8917186565533595,0.6250543475510262,0.4748022598870056,0.7723163841807908,0.9351789077212807,
protein_binding,unchanged,4,calibrated,3,5.0,177,93.0,177,0.5306231963751944,0.4187299481068488,0.6904661023608731,0.4326661758629952,0.8208438688316746,0.5900970982225601,0.47999999999999987,0.7745762711864407,0.9355555555555554,
protein_binding,unchanged,4,raw,3,5.0,177,93.0,177,0.5306231963751944,0.4187299481068488,0.6904661023608731,0.4326661758629952,0.8200789294111999,0.585104294469801,0.47977401129943503,0.7747645951035781,0.9353672316384181,
protein_binding,unchanged,9,calibrated,3,10.0,44,29.0,44,0.5229121718559081,0.5232398463638894,0.6421441973134171,0.36748782182281664,0.647179691794138,0.5045504087751561,0.49636363636363645,0.7931818181818181,0.9354545454545455,
protein_binding,unchanged,9,raw,3,10.0,44,29.0,44,0.5229121718559081,0.5232398463638894,0.6421441973134171,0.36748782182281664,0.6468733593724697,0.5019443844665181,0.49090909090909096,0.7909090909090909,0.9381818181818182,
cellular_clearance,gp,0,calibrated,15,1.0,79,53.0,79,-0.02461733990548365,0.18037871050960705,0.6284346510484378,0.48160383895228176,0.9586465528877264,0.6694112328638006,0.5632911392405063,0.8334177215189874,0.9468354430379746,
cellular_clearance,gp,0,raw,15,1.0,79,53.0,79,-0.02461733990548365,0.18037871050960705,0.6284346510484378,0.48160383895228176,0.978762624596306,0.556156143448021,0.48886075949367075,0.7612658227848103,0.9098734177215191,
cellular_clearance,gp,1,calibrated,15,2.0,79,53.0,79,0.25788480925539714,0.22465261264068126,0.5348289822503711,0.40971801891357085,0.7896923624112882,0.5659599594828447,0.5569620253164558,0.8326582278481011,0.9478481012658229,
cellular_clearance,gp,1,raw,15,2.0,79,53.0,79,0.25788480925539714,0.22465261264068126,0.5348289822503711,0.40971801891357085,0.8116201468184286,0.4705026679099361,0.48556962025316447,0.7678481012658227,0.9134177215189873,
cellular_clearance,gp,2,calibrated,15,3.0,79,53.0,79,0.3560396724747755,0.26172127941814566,0.4982058572516204,0.37792603722478774,0.7238558035267094,0.5223363204847409,0.5582278481012658,0.8374683544303795,0.9478481012658228,
cellular_clearance,gp,2,raw,15,3.0,79,53.0,79,0.3560396724747755,0.26172127941814566,0.4982058572516204,0.37792603722478774,0.7478901329602226,0.43442474842071527,0.48556962025316464,0.7683544303797469,0.9091139240506328,
cellular_clearance,gp,4,calibrated,15,5.0,79,53.0,79,0.43831577738113303,0.30460772072929665,0.4652917854349034,0.3501872442455231,0.6462436807603239,0.4789627213719526,0.5688607594936709,0.8387341772151897,0.9458227848101266,
cellular_clearance,gp,4,raw,15,5.0,79,53.0,79,0.43831577738113303,0.30460772072929665,0.4652917854349034,0.3501872442455231,0.6755312033227537,0.3984099870693834,0.48810126582278457,0.7701265822784812,0.9113924050632913,
cellular_clearance,gp,9,calibrated,15,10.0,79,53.0,79,0.5187542025465186,0.37720300522100525,0.43068797654592605,0.3165060709209382,0.5639404395135159,0.43228190868715693,0.571139240506329,0.831898734177215,0.9425316455696202,
cellular_clearance,gp,9,raw,15,10.0,79,53.0,79,0.5187542025465186,0.37720300522100525,0.43068797654592605,0.3165060709209382,0.5998429549300835,0.3594435127777389,0.5010126582278481,0.770379746835443,0.9075949367088608,
cellular_clearance,kernel_only,0,calibrated,15,1.0,79,53.0,79,0.04372788405334238,0.2520948877128847,0.6071136801133837,0.45711757873809783,0.9094905823771031,0.651320822450179,0.4868354430379746,0.7721518987341772,0.949113924050633,
cellular_clearance,kernel_only,0,raw,15,1.0,79,53.0,79,0.04372788405334238,0.2520948877128847,0.6071136801133837,0.45711757873809783,0.9121683760400194,0.6137363308894485,0.4653164556962024,0.7529113924050632,0.9379746835443039,
cellular_clearance,kernel_only,1,calibrated,15,2.0,79,53.0,79,0.3281164151830971,0.2701117240681403,0.5088927786674151,0.3862405164860472,0.7415461251862484,0.5314384895336779,0.4549367088607595,0.7665822784810126,0.9417721518987341,
cellular_clearance,kernel_only,1,raw,15,2.0,79,53.0,79,0.3281164151830971,0.2701117240681403,0.5088927786674151,0.3862405164860472,0.7485889113152331,0.5005358877061289,0.43189873417721525,0.7440506329113924,0.9313924050632911,
cellular_clearance,kernel_only,2,calibrated,15,3.0,79,53.0,79,0.41786273768156246,0.290527476551921,0.4736875523131315,0.35355555177866654,0.6512885453257641,0.5109220255175723,0.4860759493670886,0.790126582278481,0.9478481012658229,
cellular_clearance,kernel_only,2,raw,15,3.0,79,53.0,79,0.41786273768156246,0.290527476551921,0.4736875523131315,0.35355555177866654,0.6545536364276082,0.4812322778641423,0.4637974683544303,0.7660759493670887,0.9362025316455695,
cellular_clearance,kernel_only,4,calibrated,15,5.0,79,53.0,79,0.48292146871290875,0.32331668647215356,0.4464342707890572,0.3325289754777014,0.5869937993299134,0.4900179463700404,0.4848101265822783,0.7936708860759493,0.9524050632911392,
cellular_clearance,kernel_only,4,raw,15,5.0,79,53.0,79,0.48292146871290875,0.32331668647215356,0.4464342707890572,0.3325289754777014,0.5894153104695711,0.4615800678277318,0.46253164556962023,0.771392405063291,0.9445569620253165,
cellular_clearance,kernel_only,9,calibrated,15,10.0,79,53.0,79,0.5565031335763632,0.3837977584067456,0.4134514797434376,0.3050436060639876,0.5018760978647698,0.4648471336726901,0.5078481012658229,0.8091139240506329,0.9551898734177217,
cellular_clearance,kernel_only,9,raw,15,10.0,79,53.0,79,0.5565031335763632,0.3837977584067456,0.4134514797434376,0.3050436060639876,0.5017785832638052,0.437892624607569,0.48430379746835434,0.7840506329113923,0.9481012658227848,
cellular_clearance,mean_and_kernel,0,calibrated,15,1.0,79,53.0,79,0.04478046124168711,0.2542213119349375,0.6067794604157662,0.4564369496533388,0.9067432141352385,0.649074059981334,0.4860759493670885,0.7713924050632911,0.948860759493671,
cellular_clearance,mean_and_kernel,0,raw,15,1.0,79,53.0,79,0.04478046124168711,0.2542213119349375,0.6067794604157662,0.4564369496533388,0.9102427377159152,0.610008482329453,0.4648101265822784,0.7516455696202532,0.9362025316455695,
cellular_clearance,mean_and_kernel,1,calibrated,15,2.0,79,53.0,79,0.3274512544377236,0.27588030074599373,0.5091446167625352,0.38671493855835515,0.7440379546823012,0.5284549362749993,0.449367088607595,0.7622784810126583,0.941012658227848,
cellular_clearance,mean_and_kernel,1,raw,15,2.0,79,53.0,79,0.3274512544377236,0.27588030074599373,0.5091446167625352,0.38671493855835515,0.7523842443974049,0.496344398577002,0.4270886075949367,0.7351898734177216,0.9286075949367089,
cellular_clearance,mean_and_kernel,2,calibrated,15,3.0,79,53.0,79,0.41898962990447,0.2984057055128694,0.47322885173543766,0.3538750654119479,0.6537406710270789,0.5083303567729418,0.4774683544303798,0.7840506329113924,0.9483544303797469,
cellular_clearance,mean_and_kernel,2,raw,15,3.0,79,53.0,79,0.41898962990447,0.2984057055128694,0.47322885173543766,0.3538750654119479,0.6578413109546773,0.47747450049919415,0.4592405063291138,0.7569620253164556,0.9372151898734178,
cellular_clearance,mean_and_kernel,4,calibrated,15,5.0,79,53.0,79,0.4847192395716041,0.33534411670232556,0.44565751707150486,0.33270806382351276,0.5877694208954959,0.4878616233415241,0.4843037974683545,0.7926582278481012,0.9524050632911394,
cellular_clearance,mean_and_kernel,4,raw,15,5.0,79,53.0,79,0.4847192395716041,0.33534411670232556,0.44565751707150486,0.33270806382351276,0.5908184296546302,0.4582962228980245,0.4597468354430379,0.7660759493670884,0.9443037974683546,
cellular_clearance,mean_and_kernel,9,calibrated,15,10.0,79,53.0,79,0.5566107478683378,0.3830905714813116,0.41340131480313796,0.3057108354719379,0.504463186286724,0.46318321502661397,0.5032911392405064,0.8058227848101265,0.9551898734177214,
cellular_clearance,mean_and_kernel,9,raw,15,10.0,79,53.0,79,0.5566107478683378,0.3830905714813116,0.41340131480313796,0.3057108354719379,0.5049654540548549,0.435153949592687,0.4777215189873417,0.7789873417721518,0.9475949367088607,
cellular_clearance,mean_only,0,calibrated,15,1.0,79,53.0,79,0.05167843909402936,0.2490672187416734,0.6045846063259226,0.4545272474009779,0.9043243474399117,0.6373177837420114,0.48379746835443055,0.7675949367088608,0.9443037974683546,
cellular_clearance,mean_only,0,raw,15,1.0,79,53.0,79,0.05167843909402936,0.2490672187416734,0.6045846063259226,0.4545272474009779,0.9120548107048183,0.5835607463498659,0.45341772151898724,0.7367088607594938,0.9275949367088606,
cellular_clearance,mean_only,1,calibrated,15,2.0,79,53.0,79,0.20129440022022915,0.2685752558634388,0.554846227396775,0.4195546374668048,0.8236973432886172,0.5686351823806762,0.4437974683544304,0.7478481012658228,0.9402531645569621,
cellular_clearance,mean_only,1,raw,15,2.0,79,53.0,79,0.20129440022022915,0.2685752558634388,0.554846227396775,0.4195546374668048,0.8353598742033834,0.5196689479260505,0.41291139240506325,0.7101265822784808,0.9268354430379747,
cellular_clearance,mean_only,2,calibrated,15,3.0,79,53.0,79,0.36146875633281395,0.28400528720399093,0.4961012816180601,0.37132693577039094,0.7028657231743421,0.5372689853137054,0.479746835443038,0.7830379746835442,0.9460759493670887,
cellular_clearance,mean_only,2,raw,15,3.0,79,53.0,79,0.36146875633281395,0.28400528720399093,0.4961012816180601,0.37132693577039094,0.7069177683099167,0.49081893984275526,0.44835443037974687,0.7508860759493672,0.9321518987341773,
cellular_clearance,mean_only,4,calibrated,15,5.0,79,53.0,79,0.45166911775313434,0.30817264563750024,0.4597276511013915,0.3470006916040107,0.6306354030460051,0.5106593052344985,0.4749367088607596,0.789873417721519,0.9551898734177217,
cellular_clearance,mean_only,4,raw,15,5.0,79,53.0,79,0.45166911775313434,0.30817264563750024,0.4597276511013915,0.3470006916040107,0.6329289353201508,0.4664769474464126,0.4470886075949366,0.7574683544303797,0.9453164556962025,
cellular_clearance,mean_only,9,calibrated,15,10.0,79,53.0,79,0.527712384087521,0.3523983033999325,0.4266606117651787,0.3203259019346177,0.5525159211902619,0.4827543450005445,0.4868354430379747,0.79873417721519,0.9597468354430378,
cellular_clearance,mean_only,9,raw,15,10.0,79,53.0,79,0.527712384087521,0.3523983033999325,0.4266606117651787,0.3203259019346177,0.5513735804328678,0.44090408074704907,0.4506329113924052,0.7698734177215191,0.949113924050633,
cellular_clearance,unchanged,0,calibrated,15,1.0,79,53.0,79,0.04554543987927007,0.2514401962457052,0.6065364449227031,0.4566233410771135,0.9089653407164621,0.6418371355080906,0.4840506329113923,0.7678481012658228,0.9478481012658229,
cellular_clearance,unchanged,0,raw,15,1.0,79,53.0,79,0.04554543987927007,0.2514401962457052,0.6065364449227031,0.4566233410771135,0.9129200338734872,0.6037852055513407,0.46227848101265817,0.7486075949367089,0.9349367088607595,
cellular_clearance,unchanged,1,calibrated,15,2.0,79,53.0,79,0.3171357674726858,0.2743218173460594,0.5130343635800383,0.3882101053678536,0.7409393197533386,0.5432590037357958,0.4622784810126583,0.7749367088607595,0.9463291139240505,
cellular_clearance,unchanged,1,raw,15,2.0,79,53.0,79,0.3171357674726858,0.2743218173460594,0.5130343635800383,0.3882101053678536,0.7455616823639961,0.510731695301925,0.43797468354430374,0.7486075949367089,0.9374683544303796,
cellular_clearance,unchanged,2,calibrated,15,3.0,79,53.0,79,0.4071131004817359,0.29317642200737437,0.47804105911301437,0.3562986564183537,0.6569483708054549,0.519513058783133,0.48683544303797477,0.7893670886075949,0.9486075949367089,
cellular_clearance,unchanged,2,raw,15,3.0,79,53.0,79,0.4071131004817359,0.29317642200737437,0.47804105911301437,0.3562986564183537,0.6586700645279246,0.48841521344607386,0.46405063291139237,0.7653164556962025,0.9415189873417723,
cellular_clearance,unchanged,4,calibrated,15,5.0,79,53.0,79,0.47109375497156936,0.3236965974658483,0.45151129623232433,0.33561963907525505,0.5915830817438235,0.4965305338630194,0.4929113924050634,0.7972151898734177,0.9529113924050633,
cellular_clearance,unchanged,4,raw,15,5.0,79,53.0,79,0.47109375497156936,0.3236965974658483,0.45151129623232433,0.33561963907525505,0.5929194276719572,0.4668647538559346,0.47063291139240504,0.7739240506329114,0.9443037974683546,
cellular_clearance,unchanged,9,calibrated,15,10.0,79,53.0,79,0.5447383140974085,0.3808146411643969,0.41889948260838783,0.30819510239589065,0.5103021552140788,0.46972237517562093,0.5068354430379747,0.8086075949367088,0.9541772151898733,
cellular_clearance,unchanged,9,raw,15,10.0,79,53.0,79,0.5447383140974085,0.3808146411643969,0.41889948260838783,0.30819510239589065,0.5092016243830226,0.4416751134546497,0.48405063291139244,0.7837974683544304,0.9465822784810126,
efflux,gp,0,calibrated,15,1.0,54,49.0,54,0.158230090815633,0.21908876382642323,0.6884502269737103,0.5231276738533266,1.0181243546555754,0.6995624077761614,0.544074074074074,0.8207407407407409,0.9455555555555555,
efflux,gp,0,raw,15,1.0,54,49.0,54,0.158230090815633,0.21908876382642323,0.6884502269737103,0.5231276738533266,1.066828507267124,0.5640732246416585,0.4625925925925926,0.7385185185185185,0.89,
efflux,gp,1,calibrated,15,2.0,54,49.0,54,0.3700115575346129,0.25685422152832704,0.5955827902571199,0.4489782640337943,0.8631715339297434,0.5930426374188175,0.5422222222222223,0.8188888888888888,0.9429629629629629,
efflux,gp,1,raw,15,2.0,54,49.0,54,0.3700115575346129,0.25685422152832704,0.5955827902571199,0.4489782640337943,0.9178189193479652,0.47831717579453076,0.4618518518518519,0.7340740740740741,0.8796296296296297,
efflux,gp,2,calibrated,15,3.0,54,49.0,54,0.4590002465704469,0.28404507216204095,0.5519177768329838,0.4152832648268451,0.7862302762484207,0.5448567923793086,0.5444444444444445,0.8244444444444445,0.9444444444444444,
efflux,gp,2,raw,15,3.0,54,49.0,54,0.4590002465704469,0.28404507216204095,0.5519177768329838,0.4152832648268451,0.8378092280314858,0.4392660557340693,0.46,0.7274074074074074,0.8844444444444444,
efflux,gp,4,calibrated,15,5.0,54,49.0,54,0.5315599001373854,0.32879629106847225,0.513573825264913,0.383645203853095,0.7138328694130425,0.5014595009662487,0.544074074074074,0.8122222222222221,0.9414814814814816,
efflux,gp,4,raw,15,5.0,54,49.0,54,0.5315599001373854,0.32879629106847225,0.513573825264913,0.383645203853095,0.76945130839991,0.4040121171651063,0.46296296296296297,0.7244444444444446,0.885925925925926,
efflux,gp,9,calibrated,15,10.0,54,49.0,54,0.5993104491677339,0.38390593285913815,0.47498495917532957,0.3468997023282228,0.6263551730479897,0.4513843686492354,0.5574074074074075,0.8122222222222222,0.9344444444444444,
efflux,gp,9,raw,15,10.0,54,49.0,54,0.5993104491677339,0.38390593285913815,0.47498495917532957,0.3468997023282228,0.6883455942305228,0.36345892049648143,0.4777777777777778,0.7251851851851853,0.8777777777777777,
efflux,kernel_only,0,calibrated,15,1.0,54,49.0,54,0.12187060013279893,0.2484431401516001,0.7031615386675126,0.5229466772189846,1.0361495423111018,0.748223769488158,0.4985185185185185,0.7737037037037039,0.9537037037037037,
efflux,kernel_only,0,raw,15,1.0,54,49.0,54,0.12187060013279893,0.2484431401516001,0.7031615386675126,0.5229466772189846,1.0551366014202086,0.6513299003353826,0.45074074074074066,0.7181481481481483,0.9222222222222223,
efflux,kernel_only,1,calibrated,15,2.0,54,49.0,54,0.34708205474381615,0.25867112775643664,0.6063245478799341,0.4483836076877734,0.8900676447874174,0.591774624939318,0.45,0.7318518518518519,0.9274074074074072,
efflux,kernel_only,1,raw,15,2.0,54,49.0,54,0.34708205474381615,0.25867112775643664,0.6063245478799341,0.4483836076877734,0.9261554240677773,0.514722070340757,0.40629629629629627,0.674074074074074,0.8892592592592592,
efflux,kernel_only,2,calibrated,15,3.0,54,49.0,54,0.4533838654177059,0.2779538890415872,0.5547752430232153,0.4090964985556073,0.7901950026138619,0.5674440190085658,0.4666666666666667,0.7529629629629631,0.9325925925925925,
efflux,kernel_only,2,raw,15,3.0,54,49.0,54,0.4533838654177059,0.2779538890415872,0.5547752430232153,0.4090964985556073,0.8158551387118751,0.4934290266920019,0.41999999999999993,0.6996296296296298,0.9059259259259259,
efflux,kernel_only,4,calibrated,15,5.0,54,49.0,54,0.5271329078101422,0.32744705558375076,0.515994882924768,0.3796928794626837,0.7155096878264818,0.5386867967358341,0.47037037037037027,0.7562962962962964,0.9422222222222223,
efflux,kernel_only,4,raw,15,5.0,54,49.0,54,0.5271329078101422,0.32744705558375076,0.515994882924768,0.3796928794626837,0.7414162758432649,0.4685802412474597,0.4281481481481481,0.7014814814814815,0.9111111111111113,
efflux,kernel_only,9,calibrated,15,10.0,54,49.0,54,0.6044147175707655,0.4119893322802251,0.4719499144858345,0.34466116391950186,0.6239991023619497,0.5044933217984658,0.4711111111111111,0.7762962962962965,0.9422222222222224,
efflux,kernel_only,9,raw,15,10.0,54,49.0,54,0.6044147175707655,0.4119893322802251,0.4719499144858345,0.34466116391950186,0.6432010477706547,0.43906156983640465,0.4262962962962963,0.7199999999999998,0.9170370370370371,
efflux,mean_and_kernel,0,calibrated,15,1.0,54,49.0,54,0.12231358157137828,0.2504801771775992,0.7029841577466691,0.522728706256107,1.0359363595379985,0.7488414897742094,0.49925925925925935,0.7737037037037039,0.952962962962963,
efflux,mean_and_kernel,0,raw,15,1.0,54,49.0,54,0.12231358157137828,0.2504801771775992,0.7029841577466691,0.522728706256107,1.0552328685726207,0.6503661364979213,0.451111111111111,0.7162962962962964,0.9203703703703704,
efflux,mean_and_kernel,1,calibrated,15,2.0,54,49.0,54,0.34977923055007487,0.25475561004821895,0.6050709016024809,0.4478851887307785,0.8874673285159389,0.5914928057017149,0.45037037037037037,0.7325925925925925,0.9262962962962964,
efflux,mean_and_kernel,1,raw,15,2.0,54,49.0,54,0.34977923055007487,0.25475561004821895,0.6050709016024809,0.4478851887307785,0.9242836244381584,0.5133426259182118,0.40740740740740733,0.6722222222222223,0.8888888888888887,
efflux,mean_and_kernel,2,calibrated,15,3.0,54,49.0,54,0.4565811874780611,0.2846433442913824,0.5531503398325962,0.408130225379158,0.787003509789163,0.5672281714721963,0.47000000000000014,0.7544444444444444,0.9344444444444443,
efflux,mean_and_kernel,2,raw,15,3.0,54,49.0,54,0.4565811874780611,0.2846433442913824,0.5531503398325962,0.408130225379158,0.8125114675836573,0.49213844118294886,0.4192592592592592,0.6981481481481482,0.9044444444444445,
efflux,mean_and_kernel,4,calibrated,15,5.0,54,49.0,54,0.5296553768340964,0.3325964175302673,0.5146167773548441,0.3785061819189124,0.7140380292147732,0.5388294001861854,0.47444444444444445,0.7585185185185185,0.9403703703703703,
efflux,mean_and_kernel,4,raw,15,5.0,54,49.0,54,0.5296553768340964,0.3325964175302673,0.5146167773548441,0.3785061819189124,0.739882704818453,0.4676740377920645,0.4266666666666667,0.7011111111111111,0.9118518518518519,
efflux,mean_and_kernel,9,calibrated,15,10.0,54,49.0,54,0.604508761115907,0.4101713778796019,0.47189381219481796,0.3445740371225056,0.6248237101197214,0.5049317555074339,0.47222222222222215,0.7737037037037037,0.942962962962963,
efflux,mean_and_kernel,9,raw,15,10.0,54,49.0,54,0.604508761115907,0.4101713778796019,0.47189381219481796,0.3445740371225056,0.6441378486285873,0.43848437536645807,0.4262962962962963,0.7233333333333332,0.9166666666666665,
efflux,mean_only,0,calibrated,15,1.0,54,49.0,54,0.12311021423124124,0.2441765325281907,0.7026650533028543,0.5219086148783013,1.031543176928454,0.748390568892161,0.49703703703703705,0.7774074074074074,0.9529629629629629,
efflux,mean_only,0,raw,15,1.0,54,49.0,54,0.12311021423124124,0.2441765325281907,0.7026650533028543,0.5219086148783013,1.053907186268743,0.6400517399222763,0.4518518518518518,0.7155555555555557,0.9151851851851851,
efflux,mean_only,1,calibrated,15,2.0,54,49.0,54,0.24813689853431398,0.2521845332312363,0.6506467052043079,0.48099812645603107,0.95756678095079,0.6382257466404526,0.4555555555555556,0.7251851851851853,0.9244444444444443,
efflux,mean_only,1,raw,15,2.0,54,49.0,54,0.24813689853431398,0.2521845332312363,0.6506467052043079,0.48099812645603107,0.9930068822429052,0.5432332748836941,0.39555555555555555,0.6659259259259259,0.8918518518518518,
efflux,mean_only,2,calibrated,15,3.0,54,49.0,54,0.40468868204559494,0.27657620138316247,0.5789591455452705,0.426956412880509,0.836862015414478,0.6011207781456136,0.46962962962962956,0.7581481481481481,0.9299999999999999,
efflux,mean_only,2,raw,15,3.0,54,49.0,54,0.40468868204559494,0.27657620138316247,0.5789591455452705,0.426956412880509,0.8603432219069012,0.5117810411144186,0.41037037037037033,0.6977777777777779,0.9011111111111112,
efflux,mean_only,4,calibrated,15,5.0,54,49.0,54,0.4984616793236696,0.3268921415562983,0.5314077816681774,0.39313754402928885,0.7540699891684596,0.5588438057016445,0.4666666666666667,0.7570370370370371,0.9366666666666666,
efflux,mean_only,4,raw,15,5.0,54,49.0,54,0.4984616793236696,0.3268921415562983,0.5314077816681774,0.39313754402928885,0.7847586656480535,0.4763029470708634,0.4099999999999999,0.6988888888888889,0.9051851851851852,
efflux,mean_only,9,calibrated,15,10.0,54,49.0,54,0.5800865045153922,0.3817733344104554,0.48624569046494986,0.3612947649867446,0.67046490403258,0.5175971042226862,0.4511111111111111,0.7666666666666666,0.9348148148148148,
efflux,mean_only,9,raw,15,10.0,54,49.0,54,0.5800865045153922,0.3817733344104554,0.48624569046494986,0.3612947649867446,0.7021022467059437,0.44159009355085876,0.4003703703703704,0.7011111111111111,0.9074074074074074,
efflux,unchanged,0,calibrated,15,1.0,54,49.0,54,0.12212191333708389,0.24641614410750293,0.7030609120259574,0.5228433432181676,1.0389365099611394,0.7249467813527142,0.4844444444444445,0.7614814814814816,0.942962962962963,
efflux,unchanged,0,raw,15,1.0,54,49.0,54,0.12212191333708389,0.24641614410750293,0.7030609120259574,0.5228433432181676,1.055046826576041,0.6453372814920214,0.44518518518518513,0.7148148148148148,0.9192592592592592,
efflux,unchanged,1,calibrated,15,2.0,54,49.0,54,0.34622128641792715,0.2497532828952427,0.6067240874169939,0.44644571627455737,0.8848396442919311,0.6001121737338878,0.4566666666666667,0.7414814814814813,0.9255555555555554,
efflux,unchanged,1,raw,15,2.0,54,49.0,54,0.34622128641792715,0.2497532828952427,0.6067240874169939,0.44644571627455737,0.9107223834069959,0.5341992815335591,0.4192592592592592,0.6974074074074075,0.8996296296296296,
efflux,unchanged,2,calibrated,15,3.0,54,49.0,54,0.45093767685914143,0.2833696125696102,0.5560152082062159,0.4087570651593031,0.7924189794126735,0.5737680935418163,0.48000000000000004,0.7585185185185187,0.9303703703703704,
efflux,unchanged,2,raw,15,3.0,54,49.0,54,0.45093767685914143,0.2833696125696102,0.5560152082062159,0.4087570651593031,0.8094266175304258,0.510677144968951,0.44074074074074077,0.7144444444444444,0.9081481481481481,
efflux,unchanged,4,calibrated,15,5.0,54,49.0,54,0.5282699678176206,0.32815328273508276,0.5153741268116635,0.37669346919766183,0.7090374469495789,0.5439914100699954,0.4888888888888889,0.7655555555555557,0.9359259259259259,
efflux,unchanged,4,raw,15,5.0,54,49.0,54,0.5282699678176206,0.32815328273508276,0.5153741268116635,0.37669346919766183,0.7239977455054493,0.4842310078276529,0.43999999999999995,0.7251851851851852,0.9155555555555553,
efflux,unchanged,9,calibrated,15,10.0,54,49.0,54,0.5992273197665974,0.39870621025286335,0.47503422820090935,0.3453052545532032,0.6233138912307966,0.5088456660729866,0.4855555555555555,0.7792592592592593,0.9403703703703704,
efflux,unchanged,9,raw,15,10.0,54,49.0,54,0.5992273197665974,0.39870621025286335,0.47503422820090935,0.3453052545532032,0.6349737641261579,0.4532522986994849,0.4444444444444444,0.7411111111111112,0.9203703703703704,
in_vivo_clearance,gp,0,calibrated,15,1.0,20,16.0,20,-0.1716517139731777,-0.024655870236456403,0.6068925606996354,0.4697344606518746,1.0677259425483243,0.5240995588302612,0.483,0.7369999999999999,0.8779999999999999,
in_vivo_clearance,gp,0,raw,15,1.0,20,16.0,20,-0.1716517139731777,-0.024655870236456403,0.6068925606996354,0.4697344606518746,1.0805540824910427,0.4383378386497497,0.41600000000000004,0.6639999999999999,0.8379999999999999,
in_vivo_clearance,gp,1,calibrated,15,2.0,20,16.0,20,0.19989874007104158,0.0427694821730256,0.5015162679125753,0.39069691324234007,0.8196579474511747,0.4466308674812317,0.479,0.75,0.9030000000000001,
in_vivo_clearance,gp,1,raw,15,2.0,20,16.0,20,0.19989874007104158,0.0427694821730256,0.5015162679125753,0.39069691324234007,0.8528233277623463,0.3736597526073455,0.41400000000000003,0.6890000000000001,0.851,
in_vivo_clearance,gp,2,calibrated,15,3.0,20,16.0,20,0.3237776444072067,0.1024513319134712,0.4610598556440913,0.35540218645334243,0.7115734557970317,0.41312324273586276,0.485,0.755,0.9000000000000001,
in_vivo_clearance,gp,2,raw,15,3.0,20,16.0,20,0.3237776444072067,0.1024513319134712,0.4610598556440913,0.35540218645334243,0.7430667341296202,0.3455722980499268,0.42399999999999993,0.698,0.8649999999999999,
in_vivo_clearance,gp,4,calibrated,15,5.0,20,16.0,20,0.43478221784868853,0.18601956620812415,0.42152220379925753,0.32468254452943796,0.61649935758453,0.379131285905838,0.496,0.767,0.901,
in_vivo_clearance,gp,4,raw,15,5.0,20,16.0,20,0.43478221784868853,0.18601956620812415,0.42152220379925753,0.32468254452943796,0.642401079246244,0.31734326732158663,0.425,0.6970000000000001,0.8660000000000002,
in_vivo_clearance,gp,9,calibrated,15,10.0,20,16.0,20,0.537993536272455,0.285305327810347,0.3810979158037731,0.2903971232771873,0.5146449997414191,0.34178290307521825,0.4979999999999999,0.776,0.9109999999999999,
in_vivo_clearance,gp,9,raw,15,10.0,20,16.0,20,0.537993536272455,0.285305327810347,0.3810979158037731,0.2903971232771873,0.5415400645967314,0.28645139777660367,0.43499999999999994,0.696,0.8720000000000001,
in_vivo_clearance,kernel_only,0,calibrated,15,1.0,20,16.0,20,-0.07566885661350065,0.037003287822008124,0.5815028469040296,0.44187455970048906,0.9304944579387536,0.5343616747856141,0.5039999999999999,0.761,0.9020000000000001,
in_vivo_clearance,kernel_only,0,raw,15,1.0,20,16.0,20,-0.07566885661350065,0.037003287822008124,0.5815028469040296,0.44187455970048906,0.8917117008359469,0.5197397439479828,0.496,0.7510000000000001,0.8960000000000001,
in_vivo_clearance,kernel_only,1,calibrated,15,2.0,20,16.0,20,0.2337273064440426,0.05712019000202415,0.490799625452598,0.3821880901753902,0.7473371994896651,0.4795459023714065,0.488,0.7869999999999999,0.916,
in_vivo_clearance,kernel_only,1,raw,15,2.0,20,16.0,20,0.2337273064440426,0.05712019000202415,0.490799625452598,0.3821880901753902,0.7194063220291202,0.4660432690382003,0.48200000000000004,0.7789999999999999,0.9120000000000001,
in_vivo_clearance,kernel_only,2,calibrated,15,3.0,20,16.0,20,0.34529866958316646,0.1510455436259508,0.4536638348386159,0.3491732917129994,0.6541663427507698,0.46698910331726073,0.528,0.804,0.924,
in_vivo_clearance,kernel_only,2,raw,15,3.0,20,16.0,20,0.34529866958316646,0.1510455436259508,0.4536638348386159,0.3491732917129994,0.6306443615092829,0.4536103041172028,0.517,0.8019999999999999,0.923,
in_vivo_clearance,kernel_only,4,calibrated,15,5.0,20,16.0,20,0.4344219300412254,0.21806823268532752,0.4216565282327113,0.3251885915994644,0.5802440667031757,0.4517962270975113,0.5409999999999999,0.813,0.943,
in_vivo_clearance,kernel_only,4,raw,15,5.0,20,16.0,20,0.4344219300412254,0.21806823268532752,0.4216565282327113,0.3251885915994644,0.5532156533255842,0.4387237899303436,0.53,0.805,0.9390000000000001,
in_vivo_clearance,kernel_only,9,calibrated,15,10.0,20,16.0,20,0.5310288075585619,0.2859092415869236,0.38395968868633806,0.2939778189063072,0.493449537239324,0.4340212745666504,0.566,0.8310000000000001,0.951,
in_vivo_clearance,kernel_only,9,raw,15,10.0,20,16.0,20,0.5310288075585619,0.2859092415869236,0.38395968868633806,0.2939778189063072,0.46236027855342937,0.4215153175592422,0.5579999999999999,0.819,0.9470000000000003,
in_vivo_clearance,mean_and_kernel,0,calibrated,15,1.0,20,16.0,20,-0.0694839322190135,0.03972081553190946,0.57982866254111,0.4407609288692475,0.9290147767403847,0.5339317338466645,0.505,0.762,0.9020000000000001,
in_vivo_clearance,mean_and_kernel,0,raw,15,1.0,20,16.0,20,-0.0694839322190135,0.03972081553190946,0.57982866254111,0.4407609288692475,0.8868898924976543,0.5199865052700042,0.496,0.753,0.8990000000000002,
in_vivo_clearance,mean_and_kernel,1,calibrated,15,2.0,20,16.0,20,0.23112610606785544,0.06882472809404135,0.4916319574455545,0.382588047593832,0.7556256418096892,0.47840625905990597,0.4959999999999999,0.7839999999999999,0.914,
in_vivo_clearance,mean_and_kernel,1,raw,15,2.0,20,16.0,20,0.23112610606785544,0.06882472809404135,0.4916319574455545,0.382588047593832,0.7227265945514767,0.4658041186332702,0.483,0.78,0.9120000000000001,
in_vivo_clearance,mean_and_kernel,2,calibrated,15,3.0,20,16.0,20,0.34873981617633953,0.17001956474035979,0.4524700229169463,0.3475342411100864,0.6543220502322091,0.46608972215652467,0.5279999999999999,0.804,0.924,
in_vivo_clearance,mean_and_kernel,2,raw,15,3.0,20,16.0,20,0.34873981617633953,0.17001956474035979,0.4524700229169463,0.3475342411100864,0.6279617735478117,0.45353061759471885,0.514,0.7969999999999999,0.923,
in_vivo_clearance,mean_and_kernel,4,calibrated,15,5.0,20,16.0,20,0.440764290076869,0.2313896738737821,0.41928564670014856,0.3228427059352398,0.5759405721211738,0.45143858039379114,0.5489999999999999,0.817,0.9469999999999998,
in_vivo_clearance,mean_and_kernel,4,raw,15,5.0,20,16.0,20,0.440764290076869,0.2313896738737821,0.41928564670014856,0.3228427059352398,0.5473784136594202,0.4390718507766723,0.529,0.8089999999999999,0.9390000000000001,
in_vivo_clearance,mean_and_kernel,9,calibrated,15,10.0,20,16.0,20,0.5335994446395491,0.28842223096638914,0.3829059168097642,0.29272295010089877,0.491450894171327,0.434143458366394,0.5639999999999998,0.8300000000000001,0.952,
in_vivo_clearance,mean_and_kernel,9,raw,15,10.0,20,16.0,20,0.5335994446395491,0.28842223096638914,0.3829059168097642,0.29272295010089877,0.45995693885296,0.42226308715343475,0.5559999999999998,0.821,0.9520000000000002,
in_vivo_clearance,mean_only,0,calibrated,15,1.0,20,16.0,20,-0.08193129373209551,0.018438342213630672,0.5831931162043672,0.4436007564812899,0.9283273258441682,0.5409102597236634,0.518,0.7619999999999999,0.907,
in_vivo_clearance,mean_only,0,raw,15,1.0,20,16.0,20,-0.08193129373209551,0.018438342213630672,0.5831931162043672,0.4436007564812899,0.9049015406386346,0.508272852897644,0.4959999999999999,0.7419999999999998,0.8950000000000001,
in_vivo_clearance,mean_only,1,calibrated,15,2.0,20,16.0,20,0.11287740307139316,0.06621111303567885,0.5280856529818537,0.4151591300666332,0.814010716583842,0.5154957269430159,0.47699999999999987,0.778,0.921,
in_vivo_clearance,mean_only,1,raw,15,2.0,20,16.0,20,0.11287740307139316,0.06621111303567885,0.5280856529818537,0.4151591300666332,0.8036109203059683,0.4853923563957213,0.45,0.753,0.906,
in_vivo_clearance,mean_only,2,calibrated,15,3.0,20,16.0,20,0.2870256372413623,0.1600552462786436,0.4734231652003315,0.36994990611076356,0.6951872127386127,0.4959380351305008,0.5080000000000001,0.8,0.943,
in_vivo_clearance,mean_only,2,raw,15,3.0,20,16.0,20,0.2870256372413623,0.1600552462786436,0.4734231652003315,0.36994990611076356,0.6825213067423732,0.4665855437517165,0.48500000000000004,0.778,0.922,
in_vivo_clearance,mean_only,4,calibrated,15,5.0,20,16.0,20,0.41479583154664645,0.20604225602000947,0.42891008042707884,0.33256726619601246,0.5986690531726129,0.4762217355966568,0.5499999999999999,0.812,0.9480000000000002,
in_vivo_clearance,mean_only,4,raw,15,5.0,20,16.0,20,0.41479583154664645,0.20604225602000947,0.42891008042707884,0.33256726619601246,0.5766889171432477,0.4477325478792191,0.525,0.796,0.9390000000000001,
in_vivo_clearance,mean_only,9,calibrated,15,10.0,20,16.0,20,0.5096102596396286,0.2557273937761783,0.39262977904598034,0.30392265951633446,0.5221399843557177,0.45383589661121365,0.557,0.835,0.9460000000000001,
in_vivo_clearance,mean_only,9,raw,15,10.0,20,16.0,20,0.5096102596396286,0.2557273937761783,0.39262977904598034,0.30392265951633446,0.495229263275964,0.42651674616336815,0.5389999999999999,0.8089999999999999,0.9450000000000001,
in_vivo_clearance,unchanged,0,calibrated,15,1.0,20,16.0,20,-0.07590792909116306,0.04155524402856827,0.5815674641892863,0.44172856381535536,0.9311097611734398,0.5329388074874879,0.5089999999999999,0.763,0.9010000000000001,
in_vivo_clearance,unchanged,0,raw,15,1.0,20,16.0,20,-0.07590792909116306,0.04155524402856827,0.5815674641892863,0.44172856381535536,0.8901804017229618,0.517980891942978,0.496,0.751,0.8970000000000002,
in_vivo_clearance,unchanged,1,calibrated,15,2.0,20,16.0,20,0.21445459677753598,0.05927277106791736,0.4969334068885718,0.3842202220857143,0.7569063958114677,0.48925593471527096,0.5009999999999999,0.791,0.916,
in_vivo_clearance,unchanged,1,raw,15,2.0,20,16.0,20,0.21445459677753598,0.05927277106791736,0.4969334068885718,0.3842202220857143,0.7282091287858449,0.47549451732635484,0.473,0.783,0.913,
in_vivo_clearance,unchanged,2,calibrated,15,3.0,20,16.0,20,0.3362059170384947,0.1363896744698286,0.4568033037898263,0.35054450090229505,0.6575608748300948,0.47634481489658353,0.5309999999999999,0.8059999999999998,0.9350000000000002,
in_vivo_clearance,unchanged,2,raw,15,3.0,20,16.0,20,0.3362059170384947,0.1363896744698286,0.4568033037898263,0.35054450090229505,0.6327657272731109,0.4626956824064254,0.5200000000000001,0.804,0.9280000000000002,
in_vivo_clearance,unchanged,4,calibrated,15,5.0,20,16.0,20,0.4104971469671138,0.1720942114666104,0.4304825022918645,0.33302720993757245,0.5950989957075044,0.4603532950878143,0.538,0.8229999999999998,0.9400000000000002,
in_vivo_clearance,unchanged,4,raw,15,5.0,20,16.0,20,0.4104971469671138,0.1720942114666104,0.4304825022918645,0.33302720993757245,0.5676893682268938,0.4469353694915771,0.5319999999999999,0.8150000000000001,0.937,
in_vivo_clearance,unchanged,9,calibrated,15,10.0,20,16.0,20,0.5098111735929165,0.25733130596578124,0.3925493400848069,0.30129222452640525,0.5068821640170066,0.44137886905670154,0.5780000000000001,0.8310000000000001,0.9470000000000001,
in_vivo_clearance,unchanged,9,raw,15,10.0,20,16.0,20,0.5098111735929165,0.25733130596578124,0.3925493400848069,0.30129222452640525,0.47696726651370414,0.4284686949253082,0.57,0.82,0.9460000000000003,
microsomal_clearance,gp,0,calibrated,15,1.0,311,183.0,311,0.076093959831671,0.2822397609377585,0.6202025395112979,0.4643662245998045,0.9512987175512693,0.6132886337314004,0.5578135048231511,0.8091318327974276,0.9369774919614147,
microsomal_clearance,gp,0,raw,15,1.0,311,183.0,311,0.076093959831671,0.2822397609377585,0.6202025395112979,0.4643662245998045,0.9463112630148826,0.561291444769243,0.5241157556270096,0.7792282958199357,0.9198713826366559,
microsomal_clearance,gp,1,calibrated,15,2.0,311,183.0,311,0.3321837259609862,0.3030873186180534,0.5272883014716084,0.3945442580084325,0.7887595522723853,0.5200280335171813,0.5554983922829582,0.8111897106109326,0.937749196141479,
microsomal_clearance,gp,1,raw,15,2.0,311,183.0,311,0.3321837259609862,0.3030873186180534,0.5272883014716084,0.3945442580084325,0.7827509515689591,0.4759529875099084,0.5224437299035369,0.7814147909967845,0.9214147909967844,
microsomal_clearance,gp,2,calibrated,15,3.0,311,183.0,311,0.43342993595907997,0.32375469529158135,0.48567578292733465,0.3608003205271779,0.7044220348205849,0.4820353003713479,0.5655948553054662,0.8189067524115756,0.9381350482315112,
microsomal_clearance,gp,2,raw,15,3.0,311,183.0,311,0.43342993595907997,0.32375469529158135,0.48567578292733465,0.3608003205271779,0.6968728382846875,0.44119742976890886,0.5309324758842444,0.7882958199356913,0.9236655948553054,
microsomal_clearance,gp,4,calibrated,15,5.0,311,183.0,311,0.5205160718992812,0.36399443465089787,0.44679331271359496,0.33001150190542744,0.6179445540626611,0.44330045847264127,0.5694533762057878,0.8238585209003216,0.9360771704180064,
microsomal_clearance,gp,4,raw,15,5.0,311,183.0,311,0.5205160718992812,0.36399443465089787,0.44679331271359496,0.33001150190542744,0.61044576786,0.40580413928752546,0.5342122186495176,0.792604501607717,0.9230868167202574,
microsomal_clearance,gp,9,calibrated,15,10.0,311,183.0,311,0.6034904939249175,0.4240443334968314,0.4062996412521668,0.29738270135410727,0.519064400014878,0.40257337472063165,0.5729903536977492,0.8268167202572346,0.9368488745980706,
microsomal_clearance,gp,9,raw,15,10.0,311,183.0,311,0.6034904939249175,0.4240443334968314,0.4062996412521668,0.29738270135410727,0.5117034882639931,0.3685891329820516,0.5380707395498392,0.7992926045016079,0.9241800643086817,
microsomal_clearance,kernel_only,0,calibrated,15,1.0,311,183.0,311,0.07634839696064544,0.3103363001672249,0.6201171339545664,0.4660361655482909,0.957417006290165,0.645331218909604,0.5553054662379422,0.8116398713826367,0.9447588424437299,
microsomal_clearance,kernel_only,0,raw,15,1.0,311,183.0,311,0.07634839696064544,0.3103363001672249,0.6201171339545664,0.4660361655482909,0.9388138701110139,0.6025565307623321,0.5311254019292605,0.7905466237942123,0.9347266881028938,
microsomal_clearance,kernel_only,1,calibrated,15,2.0,311,183.0,311,0.33797315866974675,0.3264231672788385,0.5249977425186223,0.39118281588197906,0.7852341174766363,0.4972418646337135,0.5205144694533762,0.7836655948553055,0.9232797427652732,
microsomal_clearance,kernel_only,1,raw,15,2.0,311,183.0,311,0.33797315866974675,0.3264231672788385,0.5249977425186223,0.39118281588197906,0.7802606100371748,0.4653290973215625,0.49627009646302245,0.7612861736334405,0.9090675241157558,
microsomal_clearance,kernel_only,2,calibrated,15,3.0,311,183.0,311,0.4406406904834598,0.34098458944529014,0.48257528102427777,0.3572830843110943,0.6929869349310425,0.474665055021979,0.5431511254019293,0.8009003215434084,0.929903536977492,
microsomal_clearance,kernel_only,2,raw,15,3.0,311,183.0,311,0.4406406904834598,0.34098458944529014,0.48257528102427777,0.3572830843110943,0.683418592028257,0.4440809466907833,0.5165273311897106,0.7793569131832797,0.9192926045016079,
microsomal_clearance,kernel_only,4,calibrated,15,5.0,311,183.0,311,0.5265424120469264,0.368273131439385,0.44397669875389034,0.32679105178192497,0.6086228805337682,0.4483129884575724,0.5583922829581993,0.8134405144694534,0.9360771704180064,
microsomal_clearance,kernel_only,4,raw,15,5.0,311,183.0,311,0.5265424120469264,0.368273131439385,0.44397669875389034,0.32679105178192497,0.5956356000680487,0.4193060267393228,0.5302893890675242,0.7935048231511255,0.9263022508038586,
microsomal_clearance,kernel_only,9,calibrated,15,10.0,311,183.0,311,0.6074364969146888,0.42769318851783245,0.4042728696405718,0.2954116689440138,0.5128568442591123,0.41739160303900863,0.5709967845659163,0.8228295819935693,0.9415434083601286,
microsomal_clearance,kernel_only,9,raw,15,10.0,311,183.0,311,0.6074364969146888,0.42769318851783245,0.4042728696405718,0.2954116689440138,0.4980652138603524,0.3902808870993243,0.5441157556270096,0.8050803858520901,0.9332475884244371,
microsomal_clearance,mean_and_kernel,0,calibrated,15,1.0,311,183.0,311,0.07406472087863669,0.30875344143897404,0.6208832628754201,0.4670820913705795,0.9575148061822523,0.6447344688893898,0.5547266881028938,0.8111897106109325,0.944887459807074,
microsomal_clearance,mean_and_kernel,0,raw,15,1.0,311,183.0,311,0.07406472087863669,0.30875344143897404,0.6208832628754201,0.4670820913705795,0.9389608468901384,0.600625208351773,0.5283601286173634,0.7886816720257234,0.9346623794212219,
microsomal_clearance,mean_and_kernel,1,calibrated,15,2.0,311,183.0,311,0.33745906349749843,0.3270890843174153,0.5252015457566933,0.3916089209674638,0.7873350159012329,0.49690306793838457,0.5195498392282958,0.7814790996784566,0.9217363344051448,
microsomal_clearance,mean_and_kernel,1,raw,15,2.0,311,183.0,311,0.33745906349749843,0.3270890843174153,0.5252015457566933,0.3916089209674638,0.7822090156211075,0.4638865460996842,0.49356913183279744,0.7587138263665596,0.9082958199356914,
microsomal_clearance,mean_and_kernel,2,calibrated,15,3.0,311,183.0,311,0.4422587107288566,0.3389976224959625,0.4818768193797734,0.3566579988819227,0.6922222725296708,0.47443814398774764,0.5418649517684887,0.8034083601286174,0.9311897106109326,
microsomal_clearance,mean_and_kernel,2,raw,15,3.0,311,183.0,311,0.4422587107288566,0.3389976224959625,0.4818768193797734,0.3566579988819227,0.6822034115979212,0.44280331183859767,0.5165273311897106,0.780192926045016,0.9178778135048232,
microsomal_clearance,mean_and_kernel,4,calibrated,15,5.0,311,183.0,311,0.5283488169734972,0.3687248545469187,0.44312892679097154,0.32600160509156256,0.6074106508924452,0.4482138776549188,0.5580707395498392,0.8143408360128618,0.9355627009646303,
microsomal_clearance,mean_and_kernel,4,raw,15,5.0,311,183.0,311,0.5283488169734972,0.3687248545469187,0.44312892679097154,0.32600160509156256,0.5939459166320061,0.41820812637016314,0.5301607717041801,0.7935048231511255,0.9251446945337621,
microsomal_clearance,mean_and_kernel,9,calibrated,15,10.0,311,183.0,311,0.6085412408883025,0.4286858888502974,0.40370362075269767,0.29483523416413754,0.5121263161449455,0.41730066641350644,0.572347266881029,0.8234726688102895,0.9421221864951769,
microsomal_clearance,mean_and_kernel,9,raw,15,10.0,311,183.0,311,0.6085412408883025,0.4286858888502974,0.40370362075269767,0.29483523416413754,0.49691101423162265,0.38926207351531245,0.5444372990353697,0.8037942122186494,0.9323472668810291,
microsomal_clearance,mean_only,0,calibrated,15,1.0,311,183.0,311,0.08596700767131948,0.3076143457174061,0.6168798336575668,0.46380554040911876,0.9457789467634936,0.6191231172261131,0.5433440514469453,0.8019935691318328,0.9393569131832797,
microsomal_clearance,mean_only,0,raw,15,1.0,311,183.0,311,0.08596700767131948,0.3076143457174061,0.6168798336575668,0.46380554040911876,0.9371582596822384,0.5657358094580304,0.5106109324758843,0.7716398713826367,0.9219935691318328,
microsomal_clearance,mean_only,1,calibrated,15,2.0,311,183.0,311,0.27437637581179875,0.3245879981587707,0.5496362195315992,0.41188179390031804,0.8185106513481415,0.5473772504092029,0.535176848874598,0.7991639871382638,0.9339549839228297,
microsomal_clearance,mean_only,1,raw,15,2.0,311,183.0,311,0.27437637581179875,0.3245879981587707,0.5496362195315992,0.41188179390031804,0.8160028855231193,0.5010679877762626,0.5009003215434082,0.7666881028938907,0.9158199356913185,
microsomal_clearance,mean_only,2,calibrated,15,3.0,311,183.0,311,0.41430313105013206,0.3303078254192644,0.4938056880503003,0.36668713434428646,0.7130921806182088,0.5082629468586667,0.555369774919614,0.8138906752411575,0.9379421221864951,
microsomal_clearance,mean_only,2,raw,15,3.0,311,183.0,311,0.41430313105013206,0.3303078254192644,0.4938056880503003,0.36668713434428646,0.7049458801693915,0.46503569034901465,0.5183279742765273,0.7838585209003215,0.9230868167202572,
microsomal_clearance,mean_only,4,calibrated,15,5.0,311,183.0,311,0.5111690181328263,0.3629994122662555,0.4511271851990113,0.3338235039045956,0.6256403611076062,0.47081102619217136,0.5624437299035371,0.8224437299035371,0.9412861736334406,
microsomal_clearance,mean_only,4,raw,15,5.0,311,183.0,311,0.5111690181328263,0.3629994122662555,0.4511271851990113,0.3338235039045956,0.6142379683652499,0.4305618340639439,0.5280385852090033,0.7963344051446947,0.9271382636655949,
microsomal_clearance,mean_only,9,calibrated,15,10.0,311,183.0,311,0.588766787814387,0.4038571067381047,0.41377450522150633,0.30603384961077634,0.5400060176632149,0.43274490276716915,0.5632154340836013,0.8237942122186495,0.9429581993569132,
microsomal_clearance,mean_only,9,raw,15,10.0,311,183.0,311,0.588766787814387,0.4038571067381047,0.41377450522150633,0.30603384961077634,0.5284057436963598,0.3956344317546612,0.5280385852090033,0.7958199356913184,0.9286173633440516,
microsomal_clearance,unchanged,0,calibrated,15,1.0,311,183.0,311,0.07607442512856177,0.3091496462794018,0.6202090961349748,0.46617553260548705,0.9569232160199381,0.6331619686329095,0.5469453376205786,0.8056591639871382,0.9411575562700966,
microsomal_clearance,unchanged,0,raw,15,1.0,311,183.0,311,0.07607442512856177,0.3091496462794018,0.6202090961349748,0.46617553260548705,0.9392456339987537,0.5965608361143008,0.5265594855305465,0.787459807073955,0.9333762057877812,
microsomal_clearance,unchanged,1,calibrated,15,2.0,311,183.0,311,0.338746061189353,0.32656169045023103,0.5246911910659977,0.39113525878769795,0.7788327980354545,0.5130922154138325,0.5308681672025723,0.7952411575562701,0.929581993569132,
microsomal_clearance,unchanged,1,raw,15,2.0,311,183.0,311,0.338746061189353,0.32656169045023103,0.5246911910659977,0.39113525878769795,0.7696032479461241,0.48482261371765867,0.5072668810289389,0.7762700964630225,0.9189067524115755,
microsomal_clearance,unchanged,2,calibrated,15,3.0,311,183.0,311,0.43747692598439947,0.3374410064549025,0.48393809178819996,0.35860877059663604,0.6935900809423333,0.48719603244131393,0.5483601286173633,0.8102250803858522,0.9341479099678456,
microsomal_clearance,unchanged,2,raw,15,3.0,311,183.0,311,0.43747692598439947,0.3374410064549025,0.48393809178819996,0.35860877059663604,0.6812383432278595,0.46024079698458364,0.5257877813504822,0.7917684887459807,0.9239871382636656,
microsomal_clearance,unchanged,4,calibrated,15,5.0,311,183.0,311,0.521135643154973,0.3670792089325253,0.446504554572183,0.3287813621510263,0.6128390740968352,0.45801669839110787,0.5627652733118971,0.8183279742765274,0.9378778135048231,
microsomal_clearance,unchanged,4,raw,15,5.0,311,183.0,311,0.521135643154973,0.3670792089325253,0.446504554572183,0.3287813621510263,0.598212901226451,0.43254855349132865,0.5395498392282958,0.8025080385852089,0.9299035369774921,
microsomal_clearance,unchanged,9,calibrated,15,10.0,311,183.0,311,0.5992255641870425,0.4199189144316965,0.4084789138843415,0.2990714181226549,0.5194069993623153,0.4249228700794208,0.567781350482315,0.8250803858520901,0.9429581993569132,
microsomal_clearance,unchanged,9,raw,15,10.0,311,183.0,311,0.5992255641870425,0.4199189144316965,0.4084789138843415,0.2990714181226549,0.5040679340309775,0.40119265941178295,0.5461736334405145,0.8101607717041802,0.9371704180064307,
permeability,gp,0,calibrated,15,1.0,72,62.0,72,0.13981728014250283,0.32030294654476976,0.7491082038913373,0.5584892001996438,1.113515356214961,0.783771313296424,0.5874999999999999,0.8355555555555555,0.9480555555555554,
permeability,gp,0,raw,15,1.0,72,62.0,72,0.13981728014250283,0.32030294654476976,0.7491082038913373,0.5584892001996438,1.1465884902656545,0.6065437765253914,0.4808333333333333,0.7480555555555556,0.8927777777777778,
permeability,gp,1,calibrated,15,2.0,72,62.0,72,0.4130194194619893,0.34598442099781507,0.6188153287349376,0.46033810429275035,0.9269854870136996,0.6622154953082402,0.6047222222222222,0.8475,0.952777777777778,
permeability,gp,1,raw,15,2.0,72,62.0,72,0.4130194194619893,0.34598442099781507,0.6188153287349376,0.46033810429275035,0.9482426610243372,0.512570913930734,0.49416666666666664,0.7572222222222222,0.8986111111111111,
permeability,gp,2,calibrated,15,3.0,72,62.0,72,0.4935337812829198,0.37533384056554897,0.5748101628456594,0.42350025312768086,0.8559557744492392,0.610410949687163,0.5994444444444444,0.846111111111111,0.9486111111111111,
permeability,gp,2,raw,15,3.0,72,62.0,72,0.4935337812829198,0.37533384056554897,0.5748101628456594,0.42350025312768086,0.878622775426599,0.47210413051976097,0.5008333333333332,0.7627777777777778,0.8980555555555555,
permeability,gp,4,calibrated,15,5.0,72,62.0,72,0.5715625683037938,0.4049521698719925,0.5286800227429457,0.387688235429426,0.7613374893402053,0.5600003330243959,0.5852777777777778,0.8524999999999999,0.9544444444444444,
permeability,gp,4,raw,15,5.0,72,62.0,72,0.5715625683037938,0.4049521698719925,0.5286800227429457,0.387688235429426,0.7796583227539764,0.43296322382158703,0.4961111111111111,0.7633333333333333,0.9055555555555556,
permeability,gp,9,calibrated,15,10.0,72,62.0,72,0.6422822037932772,0.4615166380794512,0.4830804583136138,0.3482494218771656,0.6677091010486584,0.5063151755266719,0.6038888888888889,0.8516666666666667,0.9516666666666668,
permeability,gp,9,raw,15,10.0,72,62.0,72,0.6422822037932772,0.4615166380794512,0.4830804583136138,0.3482494218771656,0.6866574221212486,0.3913609741793738,0.5077777777777778,0.7708333333333334,0.9058333333333333,
permeability,kernel_only,0,calibrated,15,1.0,72,62.0,72,0.13447635117634038,0.31648437508071464,0.7514302351913736,0.5570714073214265,1.0998741604553202,0.8385331614149941,0.5169444444444444,0.803611111111111,0.9583333333333334,
permeability,kernel_only,0,raw,15,1.0,72,62.0,72,0.13447635117634038,0.31648437508071464,0.7514302351913736,0.5570714073214265,1.1128521609532598,0.6972868479622735,0.4527777777777778,0.7388888888888889,0.9200000000000002,
permeability,kernel_only,1,calibrated,15,2.0,72,62.0,72,0.40418309271274466,0.3267076968836288,0.6234557114298764,0.4600767798845966,0.9303887213946338,0.6583526234163178,0.48055555555555546,0.7658333333333334,0.9411111111111112,
permeability,kernel_only,1,raw,15,2.0,72,62.0,72,0.40418309271274466,0.3267076968836288,0.6234557114298764,0.4600767798845966,0.963050854014806,0.5475992929935455,0.41944444444444445,0.6986111111111111,0.9011111111111111,
permeability,kernel_only,2,calibrated,15,3.0,72,62.0,72,0.48711832577562686,0.3452970097772777,0.5784392937321319,0.4246740027682649,0.8383014354045754,0.6251269682910707,0.4883333333333333,0.7755555555555556,0.9477777777777777,
permeability,kernel_only,2,raw,15,3.0,72,62.0,72,0.48711832577562686,0.3452970097772777,0.5784392937321319,0.4246740027682649,0.8641384100297824,0.5198422779308425,0.42833333333333334,0.7030555555555557,0.9094444444444443,
permeability,kernel_only,4,calibrated,15,5.0,72,62.0,72,0.5633040883331304,0.372150077453504,0.5337510709614721,0.39212086321579087,0.7508787618237944,0.5903038502070639,0.4911111111111112,0.7836111111111111,0.953888888888889,
permeability,kernel_only,4,raw,15,5.0,72,62.0,72,0.5633040883331304,0.372150077453504,0.5337510709614721,0.39212086321579087,0.7713287891252864,0.4907372011741003,0.42916666666666664,0.7077777777777777,0.9236111111111112,
permeability,kernel_only,9,calibrated,15,10.0,72,62.0,72,0.6412816291445376,0.43082253704261453,0.48375560019353797,0.3551970717683434,0.6573186971615934,0.5507076276342074,0.5091666666666667,0.7916666666666666,0.9591666666666667,
permeability,kernel_only,9,raw,15,10.0,72,62.0,72,0.6412816291445376,0.43082253704261453,0.48375560019353797,0.3551970717683434,0.6716067470599651,0.4576316523551941,0.44277777777777777,0.723611111111111,0.9247222222222222,
permeability,mean_and_kernel,0,calibrated,15,1.0,72,62.0,72,0.13497468939678303,0.31510270246201094,0.7512138804312316,0.5568064589136177,1.0991307605926215,0.8401756380663977,0.52,0.8030555555555555,0.9580555555555557,
permeability,mean_and_kernel,0,raw,15,1.0,72,62.0,72,0.13497468939678303,0.31510270246201094,0.7512138804312316,0.5568064589136177,1.1116474714464404,0.6989743390348222,0.45222222222222225,0.7391666666666666,0.9208333333333335,
permeability,mean_and_kernel,1,calibrated,15,2.0,72,62.0,72,0.4070883395925504,0.33284045720679895,0.621933846124584,0.4594575164963801,0.9282363854957675,0.6577554581893815,0.4811111111111111,0.7686111111111111,0.9394444444444444,
permeability,mean_and_kernel,1,raw,15,2.0,72,62.0,72,0.4070883395925504,0.33284045720679895,0.621933846124584,0.4594575164963801,0.960723238417374,0.5474323740767107,0.42,0.7011111111111111,0.9016666666666667,
permeability,mean_and_kernel,2,calibrated,15,3.0,72,62.0,72,0.4904686862464446,0.3531880454988115,0.5765468928639746,0.4228962967834538,0.8357824729668422,0.6250597835580507,0.49027777777777776,0.7761111111111112,0.9469444444444446,
permeability,mean_and_kernel,2,raw,15,3.0,72,62.0,72,0.4904686862464446,0.3531880454988115,0.5765468928639746,0.4228962967834538,0.8608692237053513,0.5200971418784724,0.43,0.6991666666666667,0.9125000000000002,
permeability,mean_and_kernel,4,calibrated,15,5.0,72,62.0,72,0.5649205909528545,0.37595812144378826,0.5327622708360553,0.3907296311855316,0.7491199162198343,0.5905050791965591,0.48749999999999993,0.7825000000000001,0.9527777777777777,
permeability,mean_and_kernel,4,raw,15,5.0,72,62.0,72,0.5649205909528545,0.37595812144378826,0.5327622708360553,0.3907296311855316,0.7690710042275337,0.4911993292967478,0.42666666666666664,0.7072222222222222,0.9244444444444445,
permeability,mean_and_kernel,9,calibrated,15,10.0,72,62.0,72,0.6425142887267997,0.4270695287216869,0.48292372318871307,0.354215744510293,0.6562502562316735,0.5512442322240935,0.5047222222222223,0.7930555555555556,0.9591666666666667,
permeability,mean_and_kernel,9,raw,15,10.0,72,62.0,72,0.6425142887267997,0.4270695287216869,0.48292372318871307,0.354215744510293,0.6700095386049024,0.45835988283157353,0.4430555555555556,0.7227777777777777,0.9255555555555556,
permeability,mean_only,0,calibrated,15,1.0,72,62.0,72,0.13892657649076445,0.31044451276668245,0.7494959475414308,0.5548797951390346,1.0922606293942616,0.8271043999989828,0.5119444444444444,0.8011111111111111,0.9563888888888891,
permeability,mean_only,0,raw,15,1.0,72,62.0,72,0.13892657649076445,0.31044451276668245,0.7494959475414308,0.5548797951390346,1.1142850035696348,0.6668749180436134,0.4325,0.7233333333333334,0.9113888888888889,
permeability,mean_only,1,calibrated,15,2.0,72,62.0,72,0.33930377401974676,0.32411315310746436,0.6565232480170815,0.4884261656428376,0.973661901253959,0.7262957025898827,0.48916666666666664,0.7827777777777778,0.9511111111111111,
permeability,mean_only,1,raw,15,2.0,72,62.0,72,0.33930377401974676,0.32411315310746436,0.6565232480170815,0.4884261656428376,1.0092216038828763,0.5859368360704846,0.41194444444444445,0.6941666666666667,0.9038888888888889,
permeability,mean_only,2,calibrated,15,3.0,72,62.0,72,0.464208239025785,0.3451859407023423,0.5912174064123009,0.43437864303588863,0.8607320890965315,0.672565230263604,0.5063888888888889,0.7977777777777777,0.9558333333333332,
permeability,mean_only,2,raw,15,3.0,72,62.0,72,0.464208239025785,0.3451859407023423,0.5912174064123009,0.43437864303588863,0.8853968766067077,0.5425194256504376,0.435,0.7083333333333334,0.9133333333333334,
permeability,mean_only,4,calibrated,15,5.0,72,62.0,72,0.5458068611067142,0.3747478399529225,0.5443390375743006,0.4035176306135124,0.7784515753284271,0.6266021537780762,0.4944444444444446,0.7972222222222223,0.9611111111111111,
permeability,mean_only,4,raw,15,5.0,72,62.0,72,0.5458068611067142,0.3747478399529225,0.5443390375743006,0.4035176306135124,0.8027595389688642,0.5053826517860096,0.4247222222222222,0.7075,0.921111111111111,
permeability,mean_only,9,calibrated,15,10.0,72,62.0,72,0.6170918757770181,0.41185108120035785,0.49980027052966675,0.37320937943127414,0.7116120438224114,0.5782268124156528,0.48749999999999993,0.7869444444444444,0.9608333333333334,
permeability,mean_only,9,raw,15,10.0,72,62.0,72,0.6170918757770181,0.41185108120035785,0.49980027052966675,0.37320937943127414,0.7398315922259209,0.4662398655050331,0.41861111111111104,0.701111111111111,0.9166666666666666,
permeability,unchanged,0,calibrated,15,1.0,72,62.0,72,0.13552050444364105,0.31643477509626083,0.7509768419688255,0.5567899541391266,1.0991466217537464,0.8171517594655354,0.5047222222222223,0.7961111111111111,0.952777777777778,
permeability,unchanged,0,raw,15,1.0,72,62.0,72,0.13552050444364105,0.31643477509626083,0.7509768419688255,0.5567899541391266,1.1124082892353298,0.6958911848068237,0.45305555555555554,0.7380555555555555,0.9197222222222222,
permeability,unchanged,1,calibrated,15,2.0,72,62.0,72,0.40136178626916996,0.3249905164870951,0.6249300588826847,0.4590444868430495,0.9193070093563934,0.6732915144496494,0.4905555555555556,0.7769444444444444,0.9458333333333333,
permeability,unchanged,1,raw,15,2.0,72,62.0,72,0.40136178626916996,0.3249905164870951,0.6249300588826847,0.4590444868430495,0.9383467345360196,0.5734424443708526,0.4375,0.7216666666666667,0.9127777777777778,
permeability,unchanged,2,calibrated,15,3.0,72,62.0,72,0.47799744708197545,0.3397858436736796,0.5835599922956927,0.4265282177055875,0.83313900751681,0.638480006787512,0.5,0.7872222222222223,0.951111111111111,
permeability,unchanged,2,raw,15,3.0,72,62.0,72,0.47799744708197545,0.3397858436736796,0.5835599922956927,0.4265282177055875,0.8469910551093569,0.5436554172303941,0.4391666666666667,0.7280555555555556,0.9227777777777777,
permeability,unchanged,4,calibrated,15,5.0,72,62.0,72,0.5531345242316741,0.366755792653809,0.5399301729632884,0.3953407515419854,0.751661785396872,0.6045261116160288,0.4952777777777777,0.7969444444444445,0.9569444444444444,
permeability,unchanged,4,raw,15,5.0,72,62.0,72,0.5531345242316741,0.366755792653809,0.5399301729632884,0.3953407515419854,0.7615202706116388,0.5145583431753847,0.43666666666666665,0.7286111111111111,0.9327777777777779,
permeability,unchanged,9,calibrated,15,10.0,72,62.0,72,0.6232044112827899,0.4121862051077187,0.4957949527048558,0.3628575717078315,0.6714652454182019,0.5646901079018911,0.5016666666666666,0.7972222222222223,0.9599999999999999,
permeability,unchanged,9,raw,15,10.0,72,62.0,72,0.6232044112827899,0.4121862051077187,0.4957949527048558,0.3628575717078315,0.6784902813959643,0.48041194629338047,0.44722222222222224,0.7394444444444443,0.9330555555555556,
protein_binding,gp,0,calibrated,15,1.0,44,29.0,44,0.07748189363127778,0.4235530857391881,0.8929370507175587,0.5932154843278906,1.226438551564386,0.9956501843712547,0.6481818181818183,0.895,0.9709090909090907,
protein_binding,gp,0,raw,15,1.0,44,29.0,44,0.07748189363127778,0.4235530857391881,0.8929370507175587,0.5932154843278906,1.2351938878983773,0.7222071772271937,0.5354545454545454,0.8072727272727274,0.9354545454545454,
protein_binding,gp,1,calibrated,15,2.0,44,29.0,44,0.35048347447614414,0.41961804988483586,0.7492530107077849,0.49356600864367056,1.0467633855337672,0.8394736788489603,0.6654545454545455,0.9068181818181817,0.9740909090909091,
protein_binding,gp,1,raw,15,2.0,44,29.0,44,0.35048347447614414,0.41961804988483586,0.7492530107077849,0.49356600864367056,1.0612742251935188,0.6087646774812178,0.5422727272727272,0.825,0.9422727272727273,
protein_binding,gp,2,calibrated,15,3.0,44,29.0,44,0.39877133345544946,0.4194048222267266,0.7208638282567271,0.45205337487838493,0.9681352019146042,0.7708514154499227,0.6759090909090909,0.9095454545454544,0.9718181818181818,
protein_binding,gp,2,raw,15,3.0,44,29.0,44,0.39877133345544946,0.4194048222267266,0.7208638282567271,0.45205337487838493,1.0076410013874397,0.5597331626848742,0.5540909090909092,0.8277272727272726,0.9390909090909091,
protein_binding,gp,4,calibrated,15,5.0,44,29.0,44,0.46756771357293614,0.443222020766839,0.6783683630888413,0.4234012056616219,0.9055956471984927,0.7081437527049671,0.6795454545454546,0.9,0.9672727272727272,
protein_binding,gp,4,raw,15,5.0,44,29.0,44,0.46756771357293614,0.443222020766839,0.6783683630888413,0.4234012056616219,0.9708173295892841,0.5139104683832689,0.5518181818181818,0.8268181818181817,0.9359090909090909,
protein_binding,gp,9,calibrated,15,10.0,44,29.0,44,0.5403987613135762,0.4862538002572501,0.6302661594079512,0.3787654664570635,0.8149079561566359,0.6371957307512109,0.6954545454545454,0.8927272727272726,0.9645454545454547,
protein_binding,gp,9,raw,15,10.0,44,29.0,44,0.5403987613135762,0.4862538002572501,0.6302661594079512,0.3787654664570635,0.8937275303361933,0.46284162223339087,0.5631818181818182,0.8363636363636364,0.9313636363636365,
protein_binding,kernel_only,0,calibrated,15,1.0,44,29.0,44,0.15945998631021985,0.49907339743592516,0.8523394510643748,0.569388059188019,1.123029548367596,0.7491237620873885,0.4772727272727273,0.7722727272727272,0.9345454545454545,
protein_binding,kernel_only,0,raw,15,1.0,44,29.0,44,0.15945998631021985,0.49907339743592516,0.8523394510643748,0.569388059188019,1.1270380520349752,0.7137059117447245,0.45772727272727276,0.7490909090909091,0.9318181818181818,
protein_binding,kernel_only,1,calibrated,15,2.0,44,29.0,44,0.38323788458628216,0.5045857403991799,0.7301166270417523,0.47009418129920966,0.9288602983443408,0.6259442807869477,0.4627272727272727,0.7727272727272727,0.9295454545454546,
protein_binding,kernel_only,1,raw,15,2.0,44,29.0,44,0.38323788458628216,0.5045857403991799,0.7301166270417523,0.47009418129920966,0.9334881167306034,0.5944308222965761,0.44999999999999984,0.755,0.9204545454545453,
protein_binding,kernel_only,2,calibrated,15,3.0,44,29.0,44,0.4251228640616257,0.5083080269396304,0.7048892903605026,0.432274579202587,0.8266066216813974,0.591033511107618,0.4881818181818183,0.7922727272727271,0.9390909090909091,
protein_binding,kernel_only,2,raw,15,3.0,44,29.0,44,0.4251228640616257,0.5083080269396304,0.7048892903605026,0.432274579202587,0.8288610139695126,0.5614190622893246,0.4722727272727273,0.7740909090909093,0.9304545454545452,
protein_binding,kernel_only,4,calibrated,15,5.0,44,29.0,44,0.4928529096350298,0.5083665350960058,0.6620645939715334,0.4017817942120812,0.7483308693134059,0.55670143105767,0.49000000000000005,0.7909090909090909,0.9404545454545455,
protein_binding,kernel_only,4,raw,15,5.0,44,29.0,44,0.4928529096350298,0.5083665350960058,0.6620645939715334,0.4017817942120812,0.7506121015350591,0.5286683652617715,0.4786363636363636,0.7754545454545455,0.9345454545454545,
protein_binding,kernel_only,9,calibrated,15,10.0,44,29.0,44,0.5530064713998899,0.5359409775020499,0.6215613652559856,0.3627406490661881,0.647117015741194,0.5142659835381941,0.5177272727272727,0.7913636363636362,0.9395454545454546,
protein_binding,kernel_only,9,raw,15,10.0,44,29.0,44,0.5530064713998899,0.5359409775020499,0.6215613652559856,0.3627406490661881,0.6467431373111631,0.4883357748660174,0.505,0.7790909090909092,0.9345454545454545,
protein_binding,mean_and_kernel,0,calibrated,15,1.0,44,29.0,44,0.16098955324293318,0.49930066976018916,0.8515635784924209,0.5681486022201451,1.1194749160739583,0.7464862544970078,0.47681818181818175,0.775,0.9349999999999998,
protein_binding,mean_and_kernel,0,raw,15,1.0,44,29.0,44,0.16098955324293318,0.49930066976018916,0.8515635784924209,0.5681486022201451,1.1243753759266522,0.7086997451565482,0.45363636363636367,0.7490909090909091,0.9331818181818181,
protein_binding,mean_and_kernel,1,calibrated,15,2.0,44,29.0,44,0.38439574859031156,0.5188832846780619,0.7294309713614266,0.4689258868585933,0.9283678186317187,0.6273975455219095,0.465,0.7736363636363636,0.9286363636363636,
protein_binding,mean_and_kernel,1,raw,15,2.0,44,29.0,44,0.38439574859031156,0.5188832846780619,0.7294309713614266,0.4689258868585933,0.9332406815736172,0.5933108497207814,0.44681818181818184,0.756818181818182,0.9236363636363637,
protein_binding,mean_and_kernel,2,calibrated,15,3.0,44,29.0,44,0.4282517662051688,0.5147105266594074,0.702968411363155,0.42986352373253217,0.8237825757368199,0.5925721363045953,0.4945454545454547,0.7904545454545455,0.9377272727272726,
protein_binding,mean_and_kernel,2,raw,15,3.0,44,29.0,44,0.4282517662051688,0.5147105266594074,0.702968411363155,0.42986352373253217,0.8252926006545196,0.560535539876331,0.47318181818181826,0.775,0.9304545454545454,
protein_binding,mean_and_kernel,4,calibrated,15,5.0,44,29.0,44,0.4965670308631882,0.5189360120926391,0.6596358046645597,0.3992238887060772,0.7439434745480322,0.5582034818150782,0.4927272727272728,0.7931818181818181,0.9399999999999998,
protein_binding,mean_and_kernel,4,raw,15,5.0,44,29.0,44,0.4965670308631882,0.5189360120926391,0.6596358046645597,0.3992238887060772,0.7459139436137643,0.5279006803577595,0.4763636363636364,0.776818181818182,0.9363636363636364,
protein_binding,mean_and_kernel,9,calibrated,15,10.0,44,29.0,44,0.5562505318243045,0.5447869011059855,0.619301763815339,0.36105823804031717,0.6449710096572002,0.516090428829193,0.5231818181818183,0.7940909090909091,0.940909090909091,
protein_binding,mean_and_kernel,9,raw,15,10.0,44,29.0,44,0.5562505318243045,0.5447869011059855,0.619301763815339,0.36105823804031717,0.6439675115002945,0.48803348086097015,0.5022727272727273,0.7777272727272728,0.9363636363636364,
protein_binding,mean_only,0,calibrated,15,1.0,44,29.0,44,0.1615618392475362,0.49980117873373353,0.851273104725915,0.5672442609071731,1.1149589229342975,0.7232100274346092,0.4604545454545455,0.765909090909091,0.9331818181818181,
protein_binding,mean_only,0,raw,15,1.0,44,29.0,44,0.1615618392475362,0.49980117873373353,0.851273104725915,0.5672442609071731,1.1197301273038478,0.6897169924866069,0.44272727272727275,0.7422727272727273,0.93,
protein_binding,mean_only,1,calibrated,15,2.0,44,29.0,44,0.3361517209484445,0.5188889024496981,0.7574741404982693,0.5032387677783315,1.001668330037551,0.647015540708195,0.4422727272727273,0.7518181818181818,0.9231818181818183,
protein_binding,mean_only,1,raw,15,2.0,44,29.0,44,0.3361517209484445,0.5188889024496981,0.7574741404982693,0.5032387677783315,1.005987709035502,0.6159645431691949,0.425,0.7354545454545455,0.9140909090909091,
protein_binding,mean_only,2,calibrated,15,3.0,44,29.0,44,0.40343579405296126,0.5069158771329305,0.7180620756408153,0.4475323338942094,0.8611648537139721,0.6050838755477559,0.47272727272727283,0.786818181818182,0.9386363636363634,
protein_binding,mean_only,2,raw,15,3.0,44,29.0,44,0.40343579405296126,0.5069158771329305,0.7180620756408153,0.4475323338942094,0.8627446588445803,0.5760169996998526,0.45772727272727276,0.7604545454545455,0.9331818181818181,
protein_binding,mean_only,4,calibrated,15,5.0,44,29.0,44,0.485145519855097,0.5118379691954364,0.6670765012177738,0.4120219787819819,0.7730541180770036,0.5653369651057502,0.4763636363636364,0.7918181818181818,0.940909090909091,
protein_binding,mean_only,4,raw,15,5.0,44,29.0,44,0.485145519855097,0.5118379691954364,0.6670765012177738,0.4120219787819819,0.7762511462018058,0.5382719286463478,0.4554545454545455,0.7713636363636365,0.9309090909090908,
protein_binding,mean_only,9,calibrated,15,10.0,44,29.0,44,0.5400116580991017,0.5359917737995133,0.6305315271704839,0.3788438747958703,0.6929695383305243,0.5205535144155675,0.48000000000000004,0.7890909090909091,0.9340909090909091,
protein_binding,mean_only,9,raw,15,10.0,44,29.0,44,0.5400116580991017,0.5359917737995133,0.6305315271704839,0.3788438747958703,0.6942841695760168,0.4956986753507094,0.46181818181818185,0.7745454545454545,0.9295454545454546,
protein_binding,unchanged,0,calibrated,15,1.0,44,29.0,44,0.1641213253237549,0.5011306601999834,0.8499727780491193,0.5659336135875095,1.1193413754205113,0.7256872514161197,0.4668181818181818,0.7650000000000001,0.9318181818181818,
protein_binding,unchanged,0,raw,15,1.0,44,29.0,44,0.1641213253237549,0.5011306601999834,0.8499727780491193,0.5659336135875095,1.1195358067298338,0.7236975661191073,0.47,0.756818181818182,0.9336363636363636,
protein_binding,unchanged,1,calibrated,15,2.0,44,29.0,44,0.36975863499317596,0.5032081148728277,0.7380518041038081,0.47031629527156993,0.9178999252704472,0.6147797084938396,0.4627272727272727,0.7659090909090911,0.9304545454545454,
protein_binding,unchanged,1,raw,15,2.0,44,29.0,44,0.36975863499317596,0.5032081148728277,0.7380518041038081,0.47031629527156993,0.9189066593264102,0.6117145893790505,0.4595454545454546,0.7695454545454546,0.9272727272727274,
protein_binding,unchanged,2,calibrated,15,3.0,44,29.0,44,0.3940009554119135,0.4986612303521145,0.723717982526682,0.4343099533969705,0.8221937581547002,0.5813793370398608,0.4827272727272728,0.7840909090909091,0.9345454545454545,
protein_binding,unchanged,2,raw,15,3.0,44,29.0,44,0.3940009554119135,0.4986612303521145,0.723717982526682,0.4343099533969705,0.8222979666169684,0.5784394451704893,0.4804545454545454,0.781818181818182,0.9354545454545454,
protein_binding,unchanged,4,calibrated,15,5.0,44,29.0,44,0.4626270161065448,0.5010474923320792,0.6815085496395256,0.4050884409384294,0.7465038799344295,0.5464932784167202,0.4786363636363637,0.7886363636363637,0.9354545454545455,
protein_binding,unchanged,4,raw,15,5.0,44,29.0,44,0.4626270161065448,0.5010474923320792,0.6815085496395256,0.4050884409384294,0.7468422893717684,0.5436818981170654,0.48000000000000004,0.7909090909090909,0.9377272727272726,
protein_binding,unchanged,9,calibrated,15,10.0,44,29.0,44,0.5229121718559081,0.5232398463638894,0.6421441973134171,0.36748782182281664,0.647179691794138,0.5045504087751561,0.49636363636363645,0.7931818181818181,0.9354545454545455,
protein_binding,unchanged,9,raw,15,10.0,44,29.0,44,0.5229121718559081,0.5232398463638894,0.6421441973134171,0.36748782182281664,0.6468733593724697,0.5019443844665181,0.49090909090909096,0.7909090909090909,0.9381818181818182,
cellular_clearance,gp,0,calibrated,20,1.0,50,33.0,50,0.02822474722612278,0.2442686046212912,0.6536569454211119,0.5055770924448967,0.9843144620409402,0.6761715348243712,0.5352,0.8211999999999999,0.9448000000000001,
cellular_clearance,gp,0,raw,20,1.0,50,33.0,50,0.02822474722612278,0.2442686046212912,0.6536569454211119,0.5055770924448967,1.0276801542544618,0.5671875880718231,0.46799999999999997,0.7487999999999999,0.9047999999999999,
cellular_clearance,gp,1,calibrated,20,2.0,50,33.0,50,0.3019326668299258,0.26723387186229225,0.554007469430725,0.4283333319544792,0.8024897104941371,0.5704435923099518,0.5288,0.8151999999999999,0.9512,
cellular_clearance,gp,1,raw,20,2.0,50,33.0,50,0.3019326668299258,0.26723387186229225,0.554007469430725,0.4283333319544792,0.844596932490219,0.479129637336731,0.4672,0.7539999999999999,0.9103999999999999,
cellular_clearance,gp,2,calibrated,20,3.0,50,33.0,50,0.38890736995078556,0.29947253166139126,0.5183468761597338,0.396961231970787,0.738838408163614,0.5255309408664703,0.5271999999999999,0.8284,0.9540000000000001,
cellular_clearance,gp,2,raw,20,3.0,50,33.0,50,0.38890736995078556,0.29947253166139126,0.5183468761597338,0.396961231970787,0.782148425977789,0.4418110509395599,0.46159999999999995,0.7548,0.9096,
cellular_clearance,gp,4,calibrated,20,5.0,50,33.0,50,0.4569857263562209,0.3386010391265154,0.4886215143561858,0.3714639953494071,0.6746324118581785,0.4827067004203796,0.5396,0.8304,0.9447999999999999,
cellular_clearance,gp,4,raw,20,5.0,50,33.0,50,0.4569857263562209,0.3386010391265154,0.4886215143561858,0.3714639953494071,0.7262912624212946,0.4056463505268097,0.46159999999999995,0.7544000000000001,0.9107999999999999,
cellular_clearance,gp,9,calibrated,20,10.0,50,33.0,50,0.5327152329878306,0.4181644126623869,0.4532708333956017,0.3347346575498581,0.5946271504935661,0.43677919340133664,0.5463999999999999,0.828,0.94,
cellular_clearance,gp,9,raw,20,10.0,50,33.0,50,0.5327152329878306,0.4181644126623869,0.4532708333956017,0.3347346575498581,0.6497119850448781,0.36674642348289493,0.4772,0.7604000000000001,0.9056000000000001,
cellular_clearance,kernel_only,0,calibrated,20,1.0,50,33.0,50,0.08440812635292383,0.3192548537105322,0.6344799859925698,0.4794030161261558,0.966855877504829,0.6514427330970765,0.46520000000000006,0.752,0.9368,
cellular_clearance,kernel_only,0,raw,20,1.0,50,33.0,50,0.08440812635292383,0.3192548537105322,0.6344799859925698,0.4794030161261558,0.9699780152889901,0.6138365502357482,0.4432000000000001,0.7323999999999999,0.9272,
cellular_clearance,kernel_only,1,calibrated,20,2.0,50,33.0,50,0.3650180918176329,0.330875823661685,0.5283815425009212,0.4029789053678512,0.7896712342827362,0.5349706925392151,0.43559999999999993,0.7572000000000001,0.9359999999999999,
cellular_clearance,kernel_only,1,raw,20,2.0,50,33.0,50,0.3650180918176329,0.330875823661685,0.5283815425009212,0.4029789053678512,0.7964710589713228,0.5044489267826081,0.41240000000000004,0.7312000000000001,0.926,
cellular_clearance,kernel_only,2,calibrated,20,3.0,50,33.0,50,0.4460897754970743,0.3422164536565542,0.493499427795018,0.3686466368436813,0.6955774025882273,0.5138572402000428,0.46759999999999996,0.778,0.9428,
cellular_clearance,kernel_only,2,raw,20,3.0,50,33.0,50,0.4460897754970743,0.3422164536565542,0.493499427795018,0.3686466368436813,0.6983805376209596,0.48457470760345456,0.4468,0.7564,0.9312,
cellular_clearance,kernel_only,4,calibrated,20,5.0,50,33.0,50,0.504631889521154,0.38705529025197033,0.46669267581025836,0.34846947097182257,0.632703548284216,0.49352639803886417,0.46759999999999996,0.7848,0.9468000000000001,
cellular_clearance,kernel_only,4,raw,20,5.0,50,33.0,50,0.504631889521154,0.38705529025197033,0.46669267581025836,0.34846947097182257,0.6345781796754779,0.46545783681869507,0.4424,0.7595999999999999,0.9388,
cellular_clearance,kernel_only,9,calibrated,20,10.0,50,33.0,50,0.5752410325070112,0.4430634462386369,0.43215370508233625,0.3175746910572052,0.5426007574258186,0.46844153580665593,0.49760000000000004,0.8,0.9504,
cellular_clearance,kernel_only,9,raw,20,10.0,50,33.0,50,0.5752410325070112,0.4430634462386369,0.43215370508233625,0.3175746910572052,0.5408089820258668,0.44181975455284117,0.4768,0.7755999999999998,0.9451999999999999,
cellular_clearance,mean_and_kernel,0,calibrated,20,1.0,50,33.0,50,0.08475872601713474,0.3206042124629021,0.6343584963990154,0.47844755853414533,0.9631560457290401,0.6487721008300781,0.46480000000000005,0.7508000000000001,0.9364,
cellular_clearance,mean_and_kernel,0,raw,20,1.0,50,33.0,50,0.08475872601713474,0.3206042124629021,0.6343584963990154,0.47844755853414533,0.9676483688303525,0.6094789281845092,0.4424,0.7299999999999999,0.924,
cellular_clearance,mean_and_kernel,1,calibrated,20,2.0,50,33.0,50,0.3653641074483269,0.33714193372428414,0.5282375595118816,0.4032729485094546,0.7913175616113073,0.5321768326282501,0.42840000000000006,0.7544,0.9344,
cellular_clearance,mean_and_kernel,1,raw,20,2.0,50,33.0,50,0.3653641074483269,0.33714193372428414,0.5282375595118816,0.4032729485094546,0.7998258564639096,0.5001997735977173,0.4056,0.7264,0.9244000000000001,
cellular_clearance,mean_and_kernel,2,calibrated,20,3.0,50,33.0,50,0.4480405030164867,0.35253468078374867,0.4926296731422114,0.36897871138453475,0.6974928332099094,0.5114313854694367,0.4604,0.7764,0.9444,
cellular_clearance,mean_and_kernel,2,raw,20,3.0,50,33.0,50,0.4480405030164867,0.35253468078374867,0.4926296731422114,0.36897871138453475,0.7014767530492854,0.4807474035739899,0.4432,0.7495999999999999,0.9319999999999999,
cellular_clearance,mean_and_kernel,4,calibrated,20,5.0,50,33.0,50,0.5068490648047826,0.39965206490457056,0.4656470898434376,0.348792932075262,0.6330211450160368,0.49150953464508057,0.4672,0.786,0.9468000000000001,
cellular_clearance,mean_and_kernel,4,raw,20,5.0,50,33.0,50,0.5068490648047826,0.39965206490457056,0.4656470898434376,0.348792932075262,0.6359641926645042,0.4620845110893249,0.43999999999999995,0.7563999999999999,0.9384,
cellular_clearance,mean_and_kernel,9,calibrated,20,10.0,50,33.0,50,0.5757891397223662,0.4516334688812494,0.43187479039862,0.318167581307888,0.5443868364657455,0.4669004878997802,0.4968,0.8019999999999999,0.9516,
cellular_clearance,mean_and_kernel,9,raw,20,10.0,50,33.0,50,0.5757891397223662,0.4516334688812494,0.43187479039862,0.318167581307888,0.5437106323770976,0.4389860460758209,0.4684,0.772,0.9451999999999999,
cellular_clearance,mean_only,0,calibrated,20,1.0,50,33.0,50,0.09308426129342906,0.31547906376421453,0.6314666690214811,0.4760948554039002,0.9592430891999132,0.6397860710144044,0.46480000000000005,0.7476,0.9336,
cellular_clearance,mean_only,0,raw,20,1.0,50,33.0,50,0.09308426129342906,0.31547906376421453,0.6314666690214811,0.4760948554039002,0.9655470405766533,0.5870496006965638,0.43520000000000003,0.7172000000000002,0.92,
cellular_clearance,mean_only,1,calibrated,20,2.0,50,33.0,50,0.2602066436050814,0.3322074371129274,0.5703246938283688,0.43429636849164965,0.8603259165184584,0.5710863831520081,0.43160000000000004,0.7331999999999997,0.9392,
cellular_clearance,mean_only,1,raw,20,2.0,50,33.0,50,0.2602066436050814,0.3322074371129274,0.5703246938283688,0.43429636849164965,0.872741695803407,0.5242967598438263,0.4,0.698,0.9256,
cellular_clearance,mean_only,2,calibrated,20,3.0,50,33.0,50,0.39280671061199546,0.34276307706534864,0.5166904614181729,0.38709192611575133,0.7440807982683566,0.537819769525528,0.4672,0.7739999999999999,0.9403999999999999,
cellular_clearance,mean_only,2,raw,20,3.0,50,33.0,50,0.39280671061199546,0.34276307706534864,0.5166904614181729,0.38709192611575133,0.7491561304402506,0.4935384402751922,0.43479999999999996,0.7412000000000001,0.9275999999999999,
cellular_clearance,mean_only,4,calibrated,20,5.0,50,33.0,50,0.47670345604766695,0.37622595597803604,0.479668164999351,0.3626856724321842,0.6722224988410745,0.5115826282978058,0.45959999999999995,0.7816000000000001,0.9496000000000001,
cellular_clearance,mean_only,4,raw,20,5.0,50,33.0,50,0.47670345604766695,0.37622595597803604,0.479668164999351,0.3626856724321842,0.6754948466263458,0.4693985327243804,0.4296,0.75,0.9416,
cellular_clearance,mean_only,9,calibrated,20,10.0,50,33.0,50,0.551372321302458,0.4371752865314483,0.44412988239740253,0.3319824267208576,0.5848208467284166,0.4835964297294617,0.47559999999999997,0.7912,0.9551999999999999,
cellular_clearance,mean_only,9,raw,20,10.0,50,33.0,50,0.551372321302458,0.4371752865314483,0.44412988239740253,0.3319824267208576,0.5834690368838754,0.4436186272621155,0.44239999999999996,0.7664000000000002,0.9464,
cellular_clearance,unchanged,0,calibrated,20,1.0,50,33.0,50,0.0847303148145443,0.3206516151428223,0.6343683422988905,0.47905508269071584,0.9674232558956917,0.6422157733917238,0.4608,0.7476,0.9348000000000001,
cellular_clearance,unchanged,0,raw,20,1.0,50,33.0,50,0.0847303148145443,0.3206516151428223,0.6343683422988905,0.47905508269071584,0.9710095195813031,0.6053829445838927,0.43800000000000006,0.7292000000000001,0.9256,
cellular_clearance,unchanged,1,calibrated,20,2.0,50,33.0,50,0.3531285978891874,0.33407990437746043,0.5333053474440348,0.40600210142135623,0.7914445227814862,0.5466689733505249,0.4415999999999999,0.7608,0.9408,
cellular_clearance,unchanged,1,raw,20,2.0,50,33.0,50,0.3531285978891874,0.33407990437746043,0.5333053474440348,0.40600210142135623,0.7956056619248709,0.5157173610687256,0.42119999999999996,0.7352,0.9324000000000001,
cellular_clearance,unchanged,2,calibrated,20,3.0,50,33.0,50,0.4365017847684337,0.3427989578992128,0.4977522535912236,0.37195107229948043,0.703302729191777,0.5226722925186157,0.47159999999999996,0.7776,0.944,
cellular_clearance,unchanged,2,raw,20,3.0,50,33.0,50,0.4365017847684337,0.3427989578992128,0.4977522535912236,0.37195107229948043,0.7044644996821122,0.4930763979434966,0.4503999999999999,0.7536,0.9364000000000001,
cellular_clearance,unchanged,4,calibrated,20,5.0,50,33.0,50,0.4973979900836989,0.3802599250972271,0.47008790045772936,0.3508069984912872,0.6357155535101439,0.49986565995216375,0.4759999999999999,0.7856000000000001,0.948,
cellular_clearance,unchanged,4,raw,20,5.0,50,33.0,50,0.4973979900836989,0.3802599250972271,0.47008790045772936,0.3508069984912872,0.6364621523142815,0.47166642136573794,0.45399999999999996,0.7656000000000001,0.9403999999999999,
cellular_clearance,unchanged,9,calibrated,20,10.0,50,33.0,50,0.5653869962231989,0.4408394616097212,0.43713775826031376,0.3205816051602363,0.5511367672374599,0.47356789627075185,0.502,0.8007999999999998,0.9488,
cellular_clearance,unchanged,9,raw,20,10.0,50,33.0,50,0.5653869962231989,0.4408394616097212,0.43713775826031376,0.3205816051602363,0.5484662856111898,0.44684961028099063,0.48039999999999994,0.7759999999999999,0.9440000000000001,
efflux,gp,0,calibrated,20,1.0,26,25.0,26,0.20695625089491132,0.20959149315380132,0.7196939492090381,0.5430937683582306,1.0608906789261487,0.7167819923620957,0.5453846153846155,0.8169230769230769,0.9392307692307693,
efflux,gp,0,raw,20,1.0,26,25.0,26,0.20695625089491132,0.20959149315380132,0.7196939492090381,0.5430937683582306,1.1133075772791474,0.5744933408957261,0.46230769230769236,0.7261538461538461,0.8846153846153845,
efflux,gp,1,calibrated,20,2.0,26,25.0,26,0.3907457995228051,0.25447994413284153,0.6308099634961372,0.4690076721402315,0.9199369934757148,0.6087690573472243,0.5415384615384615,0.8099999999999999,0.9292307692307694,
efflux,gp,1,raw,20,2.0,26,25.0,26,0.3907457995228051,0.25447994413284153,0.6308099634961372,0.4690076721402315,0.9863444580574777,0.48809351893571706,0.47000000000000003,0.7269230769230769,0.8684615384615384,
efflux,gp,2,calibrated,20,3.0,26,25.0,26,0.5062150337458394,0.3127782933413982,0.5678952156457688,0.4237026297129117,0.8098280201490355,0.5560968367870037,0.5499999999999999,0.8230769230769232,0.9423076923076923,
efflux,gp,2,raw,20,3.0,26,25.0,26,0.5062150337458394,0.3127782933413982,0.5678952156457688,0.4237026297129117,0.8530231641813846,0.44536317751957816,0.46615384615384614,0.7276923076923076,0.8846153846153845,
efflux,gp,4,calibrated,20,5.0,26,25.0,26,0.5818922446062116,0.358776771549422,0.5225686956631009,0.3912815633645424,0.7383404626437721,0.5115597341610835,0.5407692307692308,0.8123076923076924,0.9407692307692308,
efflux,gp,4,raw,20,5.0,26,25.0,26,0.5818922446062116,0.358776771549422,0.5225686956631009,0.3912815633645424,0.7863937705995946,0.40946884586260873,0.45769230769230773,0.7284615384615384,0.8869230769230769,
efflux,gp,9,calibrated,20,10.0,26,25.0,26,0.672662561154733,0.4439370296608943,0.4623779533311327,0.33830380276991767,0.6191702605322558,0.4575205078491797,0.5700000000000001,0.8238461538461539,0.9346153846153846,
efflux,gp,9,raw,20,10.0,26,25.0,26,0.672662561154733,0.4439370296608943,0.4623779533311327,0.33830380276991767,0.6661626612458602,0.36593212842941275,0.49076923076923074,0.7446153846153846,0.8792307692307693,
efflux,kernel_only,0,calibrated,20,1.0,26,25.0,26,0.11667530220413636,0.21944020512298892,0.7595554163136666,0.5662881937164527,1.1138631488884758,0.7538979378113381,0.46,0.7515384615384615,0.9407692307692308,
efflux,kernel_only,0,raw,20,1.0,26,25.0,26,0.11667530220413636,0.21944020512298892,0.7595554163136666,0.5662881937164527,1.146206494302152,0.6529070338836084,0.42307692307692313,0.6969230769230771,0.9061538461538461,
efflux,kernel_only,1,calibrated,20,2.0,26,25.0,26,0.3334088289239021,0.2428589109331369,0.6598254412107936,0.48704679280519486,0.9703909406955827,0.5978944138380197,0.40923076923076923,0.7153846153846154,0.9100000000000001,
efflux,kernel_only,1,raw,20,2.0,26,25.0,26,0.3334088289239021,0.2428589109331369,0.6598254412107936,0.48704679280519486,1.0214378303783775,0.5191738710036644,0.37000000000000005,0.6523076923076923,0.8676923076923077,
efflux,kernel_only,2,calibrated,20,3.0,26,25.0,26,0.4839377784182667,0.2810794453208263,0.5805642803995033,0.4276736999704287,0.8271980676055638,0.5719026220761813,0.44,0.7507692307692307,0.9246153846153846,
efflux,kernel_only,2,raw,20,3.0,26,25.0,26,0.4839377784182667,0.2810794453208263,0.5805642803995033,0.4276736999704287,0.8580358846480544,0.496541178226471,0.3923076923076923,0.6892307692307693,0.8999999999999999,
efflux,kernel_only,4,calibrated,20,5.0,26,25.0,26,0.5597485551744854,0.3347199431405618,0.5362282291450713,0.396002956697574,0.7572413022696333,0.5433014136094314,0.45000000000000007,0.7423076923076922,0.9346153846153846,
efflux,kernel_only,4,raw,20,5.0,26,25.0,26,0.5597485551744854,0.3347199431405618,0.5362282291450713,0.396002956697574,0.7899222590667023,0.47175856979993674,0.40692307692307683,0.6830769230769229,0.9038461538461539,
efflux,kernel_only,9,calibrated,20,10.0,26,25.0,26,0.661123457229019,0.4432172481257182,0.47045710537816066,0.3469987279176712,0.6241191408603287,0.5078910628648904,0.4607692307692307,0.7761538461538462,0.9423076923076922,
efflux,kernel_only,9,raw,20,10.0,26,25.0,26,0.661123457229019,0.4432172481257182,0.47045710537816066,0.3469987279176712,0.646960375988785,0.4411800374434544,0.41923076923076924,0.7100000000000001,0.9192307692307693,
efflux,mean_and_kernel,0,calibrated,20,1.0,26,25.0,26,0.11757168646937477,0.2213632822466584,0.75916992593676,0.5657976393745495,1.1130263382527081,0.7542156872382532,0.46230769230769236,0.753076923076923,0.9407692307692308,
efflux,mean_and_kernel,0,raw,20,1.0,26,25.0,26,0.11757168646937477,0.2213632822466584,0.75916992593676,0.5657976393745495,1.1467118355702384,0.6517026492265555,0.42307692307692313,0.6938461538461538,0.9030769230769231,
efflux,mean_and_kernel,1,calibrated,20,2.0,26,25.0,26,0.3364787527923997,0.2354443103648149,0.6583043053638801,0.48606274343453915,0.9662587246332166,0.5967393985161414,0.4153846153846154,0.7153846153846154,0.9084615384615383,
efflux,mean_and_kernel,1,raw,20,2.0,26,25.0,26,0.3364787527923997,0.2354443103648149,0.6583043053638801,0.48606274343453915,1.0196088189720995,0.5169356390146109,0.3746153846153847,0.6476923076923076,0.8669230769230769,
efflux,mean_and_kernel,2,calibrated,20,3.0,26,25.0,26,0.4876098282368059,0.2901045623020484,0.5784950853032558,0.42621250966420543,0.8219032199182267,0.5708107841014862,0.44307692307692303,0.7492307692307693,0.9253846153846154,
efflux,mean_and_kernel,2,raw,20,3.0,26,25.0,26,0.4876098282368059,0.2901045623020484,0.5784950853032558,0.42621250966420543,0.8538268480479962,0.4943951416932619,0.3923076923076923,0.6876923076923078,0.9000000000000001,
efflux,mean_and_kernel,4,calibrated,20,5.0,26,25.0,26,0.5629036089053825,0.3488905729869237,0.5343033394939544,0.3947213738927474,0.7545810168984134,0.5426844416214871,0.45461538461538464,0.7415384615384615,0.9323076923076923,
efflux,mean_and_kernel,4,raw,20,5.0,26,25.0,26,0.5629036089053825,0.3488905729869237,0.5343033394939544,0.3947213738927474,0.7883353889545082,0.470119399199119,0.40230769230769226,0.6807692307692308,0.9053846153846153,
efflux,mean_and_kernel,9,calibrated,20,10.0,26,25.0,26,0.6611430392058879,0.4526599465941007,0.47044351250275884,0.34678639806233913,0.6237238015255273,0.5076680124722994,0.4592307692307692,0.7738461538461539,0.9430769230769229,
efflux,mean_and_kernel,9,raw,20,10.0,26,25.0,26,0.6611430392058879,0.4526599465941007,0.47044351250275884,0.34678639806233913,0.6473499683067802,0.43995969621034764,0.42076923076923073,0.716923076923077,0.9176923076923078,
efflux,mean_only,0,calibrated,20,1.0,26,25.0,26,0.11531736173642648,0.2060807748626058,0.7601390266994892,0.5657496874836775,1.1104457892958366,0.7536489108892588,0.45846153846153853,0.7523076923076926,0.9407692307692308,
efflux,mean_only,0,raw,20,1.0,26,25.0,26,0.11531736173642648,0.2060807748626058,0.7601390266994892,0.5657496874836775,1.1488403983808255,0.6406397852530845,0.423076923076923,0.6923076923076923,0.8969230769230769,
efflux,mean_only,1,calibrated,20,2.0,26,25.0,26,0.23688287029422128,0.23517092397579778,0.7059840338335545,0.5169728352244083,1.0296185710984205,0.6456370706741625,0.43461538461538457,0.7030769230769229,0.9130769230769231,
efflux,mean_only,1,raw,20,2.0,26,25.0,26,0.23688287029422128,0.23517092397579778,0.7059840338335545,0.5169728352244083,1.0812077727061546,0.5485458607857044,0.3792307692307692,0.643076923076923,0.8723076923076925,
efflux,mean_only,2,calibrated,20,3.0,26,25.0,26,0.43244267899126687,0.27350535163512596,0.6088413542408094,0.44817757033384764,0.8805419720215139,0.6101612588992485,0.43769230769230766,0.7553846153846154,0.9199999999999999,
efflux,mean_only,2,raw,20,3.0,26,25.0,26,0.43244267899126687,0.27350535163512596,0.6088413542408094,0.44817757033384764,0.9094182286360623,0.5185630323795173,0.37692307692307686,0.6900000000000001,0.8953846153846154,
efflux,mean_only,4,calibrated,20,5.0,26,25.0,26,0.5277966991389638,0.32392634015816907,0.5553461783060898,0.4115893456110587,0.8053194733397224,0.5666855381085323,0.44461538461538463,0.7461538461538463,0.9261538461538461,
efflux,mean_only,4,raw,20,5.0,26,25.0,26,0.5277966991389638,0.32392634015816907,0.5553461783060898,0.4115893456110587,0.8457114454714618,0.48198219533150016,0.3892307692307692,0.676923076923077,0.8969230769230769,
efflux,mean_only,9,calibrated,20,10.0,26,25.0,26,0.6248670908444525,0.4131225030582685,0.494984797651922,0.36932814414684584,0.6910206769846379,0.523664697775474,0.4476923076923077,0.7576923076923078,0.9299999999999998,
efflux,mean_only,9,raw,20,10.0,26,25.0,26,0.6248670908444525,0.4131225030582685,0.494984797651922,0.36932814414684584,0.7304477941478462,0.44573416613615474,0.3938461538461538,0.686153846153846,0.9007692307692307,
efflux,unchanged,0,calibrated,20,1.0,26,25.0,26,0.1167127970543802,0.21749714537022205,0.7595392955605147,0.5664047035345664,1.117791690099391,0.7322136083016028,0.45153846153846156,0.7446153846153846,0.9307692307692306,
efflux,unchanged,0,raw,20,1.0,26,25.0,26,0.1167127970543802,0.21749714537022205,0.7595392955605147,0.5664047035345664,1.1476466778284131,0.6474689116844764,0.41307692307692306,0.693076923076923,0.8999999999999999,
efflux,unchanged,1,calibrated,20,2.0,26,25.0,26,0.3288698792756277,0.25188878662884234,0.6620680702977183,0.4865499196831996,0.9724628552179956,0.6073382697655604,0.4238461538461538,0.72,0.9076923076923078,
efflux,unchanged,1,raw,20,2.0,26,25.0,26,0.3288698792756277,0.25188878662884234,0.6620680702977183,0.4865499196831996,1.0125797032444557,0.538482425396259,0.3884615384615385,0.6761538461538461,0.8761538461538461,
efflux,unchanged,2,calibrated,20,3.0,26,25.0,26,0.47641651365163584,0.29580560848116877,0.5847796466718964,0.4285823255548109,0.8368872989309074,0.5809043395519257,0.4507692307692307,0.7538461538461537,0.9184615384615384,
efflux,unchanged,2,raw,20,3.0,26,25.0,26,0.47641651365163584,0.29580560848116877,0.5847796466718964,0.4285823255548109,0.8601284202085535,0.5148317551612853,0.41384615384615386,0.7046153846153846,0.8992307692307693,
efflux,unchanged,4,calibrated,20,5.0,26,25.0,26,0.5580093354955101,0.3413937278091907,0.5372863737957029,0.3937596785563689,0.7505557621927867,0.5519335216742295,0.4676923076923077,0.76,0.9276923076923077,
efflux,unchanged,4,raw,20,5.0,26,25.0,26,0.5580093354955101,0.3413937278091907,0.5372863737957029,0.3937596785563689,0.7725205959156118,0.4891412591017209,0.42076923076923073,0.713076923076923,0.9076923076923078,
efflux,unchanged,9,calibrated,20,10.0,26,25.0,26,0.6548054561304755,0.43157567937786756,0.4748224445351428,0.3482040336498847,0.6248674671594785,0.5160991172607129,0.4807692307692308,0.776153846153846,0.9392307692307693,
efflux,unchanged,9,raw,20,10.0,26,25.0,26,0.6548054561304755,0.43157567937786756,0.4748224445351428,0.3482040336498847,0.6403809820117952,0.45762187971518586,0.4446153846153846,0.7315384615384615,0.9184615384615386,
in_vivo_clearance,gp,0,calibrated,20,1.0,9,7.0,9,-0.3135026004242558,-0.04028864825765291,0.6094342542705177,0.47124338507652286,1.0048620112329596,0.5552876981099446,0.5155555555555555,0.7755555555555556,0.9022222222222221,
in_vivo_clearance,gp,0,raw,20,1.0,9,7.0,9,-0.3135026004242558,-0.04028864825765291,0.6094342542705177,0.47124338507652286,1.022394312538883,0.4413037014007568,0.41777777777777775,0.6799999999999999,0.8355555555555555,
in_vivo_clearance,gp,1,calibrated,20,2.0,9,7.0,9,0.13659004595934388,-0.005555557873513976,0.4941057614746286,0.38189316524399647,0.7279057962281557,0.47003713687260945,0.508888888888889,0.7733333333333334,0.9244444444444445,
in_vivo_clearance,gp,1,raw,20,2.0,9,7.0,9,0.13659004595934388,-0.005555557873513976,0.4941057614746286,0.38189316524399647,0.751591989597474,0.3735763512717353,0.4311111111111111,0.6977777777777778,0.8444444444444444,
in_vivo_clearance,gp,2,calibrated,20,3.0,9,7.0,9,0.35018328264198895,0.059206401722298706,0.42865395223469177,0.32766812947061325,0.5645477731863725,0.4315457948048909,0.5355555555555556,0.7888888888888889,0.9422222222222223,
in_vivo_clearance,gp,2,raw,20,3.0,9,7.0,9,0.35018328264198895,0.059206401722298706,0.42865395223469177,0.32766812947061325,0.5718965593971682,0.34267868704266014,0.4577777777777778,0.7222222222222222,0.8844444444444446,
in_vivo_clearance,gp,4,calibrated,20,5.0,9,7.0,9,0.4787447067333843,0.1840838169886006,0.3839163707489713,0.29326997611257766,0.4427366233925956,0.3951289227273729,0.5533333333333333,0.8244444444444444,0.9422222222222223,
in_vivo_clearance,gp,4,raw,20,5.0,9,7.0,9,0.4787447067333843,0.1840838169886006,0.3839163707489713,0.29326997611257766,0.43978825176544384,0.3140870518154568,0.4577777777777778,0.7422222222222222,0.8888888888888888,
in_vivo_clearance,gp,9,calibrated,20,10.0,9,7.0,9,0.6157662762003193,0.31345609997709595,0.32961664321011525,0.2507276264826456,0.2963179612720801,0.3543490778075324,0.5622222222222223,0.8288888888888889,0.9622222222222222,
in_vivo_clearance,gp,9,raw,20,10.0,9,7.0,9,0.6157662762003193,0.31345609997709595,0.32961664321011525,0.2507276264826456,0.28495256085075216,0.281606703599294,0.48666666666666664,0.7377777777777778,0.9111111111111112,
in_vivo_clearance,kernel_only,0,calibrated,20,1.0,9,7.0,9,-0.06423003917256542,0.06869414225220677,0.5485663313855548,0.4209605087174309,0.8742227873056977,0.5483005168702867,0.52,0.7866666666666667,0.9088888888888889,
in_vivo_clearance,kernel_only,0,raw,20,1.0,9,7.0,9,-0.06423003917256542,0.06869414225220677,0.5485663313855548,0.4209605087174309,0.8354950997097755,0.5155879916085137,0.5022222222222221,0.76,0.8933333333333332,
in_vivo_clearance,kernel_only,1,calibrated,20,2.0,9,7.0,9,0.233008296032844,0.03755416729383996,0.46570052294313596,0.3608415693706936,0.7063371794424177,0.5035408311420017,0.5333333333333332,0.8133333333333335,0.9244444444444445,
in_vivo_clearance,kernel_only,1,raw,20,2.0,9,7.0,9,0.233008296032844,0.03755416729383996,0.46570052294313596,0.3608415693706936,0.6846996690911189,0.4740501978662279,0.5155555555555554,0.7888888888888889,0.9111111111111112,
in_vivo_clearance,kernel_only,2,calibrated,20,3.0,9,7.0,9,0.4164601018884876,0.11385289985272617,0.40620631423228215,0.31715437783135303,0.5672304764718236,0.49111489719814727,0.5777777777777778,0.8555555555555556,0.948888888888889,
in_vivo_clearance,kernel_only,2,raw,20,3.0,9,7.0,9,0.4164601018884876,0.11385289985272617,0.40620631423228215,0.31715437783135303,0.541663164201435,0.4621738672256469,0.5511111111111112,0.8422222222222222,0.9444444444444444,
in_vivo_clearance,kernel_only,4,calibrated,20,5.0,9,7.0,9,0.5166553316562725,0.23168840623564188,0.369691834719495,0.2837764703565173,0.47901728348349004,0.4750487295786539,0.6288888888888889,0.8777777777777778,0.9666666666666666,
in_vivo_clearance,kernel_only,4,raw,20,5.0,9,7.0,9,0.5166553316562725,0.23168840623564188,0.369691834719495,0.2837764703565173,0.4529876219583299,0.44699488745795357,0.6066666666666668,0.8644444444444443,0.9555555555555557,
in_vivo_clearance,kernel_only,9,calibrated,20,10.0,9,7.0,9,0.6295439496613469,0.3619770555032624,0.32365307563830603,0.24698834015263443,0.37695285369710096,0.4576767349243164,0.6711111111111111,0.8955555555555557,0.9755555555555557,
in_vivo_clearance,kernel_only,9,raw,20,10.0,9,7.0,9,0.6295439496613469,0.3619770555032624,0.32365307563830603,0.24698834015263443,0.3465837279365208,0.43067541784710356,0.6444444444444444,0.8822222222222222,0.9711111111111109,
in_vivo_clearance,mean_and_kernel,0,calibrated,20,1.0,9,7.0,9,-0.056813369740671416,0.07028864762849274,0.5466514970674355,0.4195447842280069,0.8714339043456638,0.5480946445465088,0.5222222222222223,0.7866666666666667,0.9088888888888889,
in_vivo_clearance,mean_and_kernel,0,raw,20,1.0,9,7.0,9,-0.056813369740671416,0.07028864762849274,0.5466514970674355,0.4195447842280069,0.8287638375132215,0.5168032354778712,0.5022222222222221,0.7644444444444445,0.8977777777777778,
in_vivo_clearance,mean_and_kernel,1,calibrated,20,2.0,9,7.0,9,0.24211412175750646,0.06422083344724443,0.4629278402306209,0.3583899185392591,0.7014572965772281,0.5016250904401143,0.5444444444444445,0.8177777777777778,0.9244444444444445,
in_vivo_clearance,mean_and_kernel,1,raw,20,2.0,9,7.0,9,0.24211412175750646,0.06422083344724443,0.4629278402306209,0.3583899185392591,0.678204663468502,0.47376186847686763,0.5288888888888889,0.7955555555555556,0.9155555555555556,
in_vivo_clearance,mean_and_kernel,2,calibrated,20,3.0,9,7.0,9,0.4274522744803577,0.13943731942110593,0.4023622603618212,0.31265023257997293,0.5593413477400113,0.48953675852881534,0.5844444444444444,0.8555555555555556,0.948888888888889,
in_vivo_clearance,mean_and_kernel,2,raw,20,3.0,9,7.0,9,0.4274522744803577,0.13943731942110593,0.4023622603618212,0.31265023257997293,0.5320196809121318,0.46210561460918853,0.5466666666666666,0.8400000000000001,0.9444444444444444,
in_vivo_clearance,mean_and_kernel,4,calibrated,20,5.0,9,7.0,9,0.5272768989137235,0.28915597920616465,0.3656072551590973,0.2799172982904646,0.47092717569549897,0.47428063286675354,0.6355555555555557,0.8733333333333333,0.9666666666666666,
in_vivo_clearance,mean_and_kernel,4,raw,20,5.0,9,7.0,9,0.5272768989137235,0.28915597920616465,0.3656072551590973,0.2799172982904646,0.4433207251454644,0.4475275953610737,0.6022222222222222,0.8733333333333333,0.9533333333333331,
in_vivo_clearance,mean_and_kernel,9,calibrated,20,10.0,9,7.0,9,0.6319678739815685,0.3543147376014127,0.32259249361323145,0.24542705992857616,0.3746760573492546,0.45752233717176644,0.6688888888888889,0.8933333333333332,0.9733333333333333,
in_vivo_clearance,mean_and_kernel,9,raw,20,10.0,9,7.0,9,0.6319678739815685,0.3543147376014127,0.32259249361323145,0.24542705992857616,0.34374142544135716,0.4316713205973307,0.6466666666666666,0.8844444444444445,0.9755555555555557,
in_vivo_clearance,mean_only,0,calibrated,20,1.0,9,7.0,9,-0.07512611719137263,0.0002020526263448915,0.5513674175048617,0.4221910092565748,0.8707618244493303,0.5559940905041165,0.5399999999999999,0.7911111111111111,0.9155555555555556,
in_vivo_clearance,mean_only,0,raw,20,1.0,9,7.0,9,-0.07512611719137263,0.0002020526263448915,0.5513674175048617,0.4221910092565748,0.8417855606021907,0.5073389996422661,0.5111111111111111,0.7600000000000001,0.8933333333333332,
in_vivo_clearance,mean_only,1,calibrated,20,2.0,9,7.0,9,0.1258484108710778,0.029660928911632967,0.4971698320611512,0.39212745719485803,0.7715631485680525,0.5330584560500251,0.5044444444444445,0.8155555555555556,0.931111111111111,
in_vivo_clearance,mean_only,1,raw,20,2.0,9,7.0,9,0.1258484108710778,0.029660928911632967,0.4971698320611512,0.39212745719485803,0.7615740250852023,0.48769772688547763,0.4666666666666667,0.7799999999999999,0.9044444444444443,
in_vivo_clearance,mean_only,2,calibrated,20,3.0,9,7.0,9,0.36837734729261085,0.12980525460508133,0.4226104589889761,0.33437496940294903,0.6135756956074103,0.5165322992536756,0.5555555555555556,0.8555555555555556,0.9533333333333331,
in_vivo_clearance,mean_only,2,raw,20,3.0,9,7.0,9,0.36837734729261085,0.12980525460508133,0.4226104589889761,0.33437496940294903,0.5887795936670677,0.47222886641820266,0.52,0.8244444444444444,0.9333333333333333,
in_vivo_clearance,mean_only,4,calibrated,20,5.0,9,7.0,9,0.4938028641503792,0.225187621348434,0.37833039524093554,0.28919263700644177,0.521425174443645,0.49624835491180413,0.6333333333333333,0.8733333333333334,0.9555555555555555,
in_vivo_clearance,mean_only,4,raw,20,5.0,9,7.0,9,0.4938028641503792,0.225187621348434,0.37833039524093554,0.28919263700644177,0.48778481820194713,0.45337195740805725,0.6044444444444445,0.851111111111111,0.9466666666666667,
in_vivo_clearance,mean_only,9,calibrated,20,10.0,9,7.0,9,0.5925749234856852,0.33844166795412695,0.3394183127488767,0.25852161407470703,0.44240434588876226,0.47558313078350495,0.6422222222222222,0.8911111111111111,0.9555555555555555,
in_vivo_clearance,mean_only,9,raw,20,10.0,9,7.0,9,0.5925749234856852,0.33844166795412695,0.3394183127488767,0.25852161407470703,0.40050626863998096,0.43417334212197195,0.6177777777777778,0.8555555555555556,0.9577777777777778,
in_vivo_clearance,unchanged,0,calibrated,20,1.0,9,7.0,9,-0.06625472305485824,0.06869414192106987,0.5490879036068422,0.4208188984791438,0.8753362978878915,0.5457072189119127,0.5244444444444444,0.7866666666666667,0.9066666666666667,
in_vivo_clearance,unchanged,0,raw,20,1.0,9,7.0,9,-0.06625472305485824,0.06869414192106987,0.5490879036068422,0.4208188984791438,0.8352326527333188,0.5134576601452298,0.5,0.76,0.8911111111111111,
in_vivo_clearance,unchanged,1,calibrated,20,2.0,9,7.0,9,0.2078346039078729,0.03359311703178619,0.4732812790716556,0.36453011380301586,0.7314075369509718,0.5105470008320279,0.5466666666666666,0.8177777777777778,0.9177777777777778,
in_vivo_clearance,unchanged,1,raw,20,2.0,9,7.0,9,0.2078346039078729,0.03359311703178619,0.4732812790716556,0.36453011380301586,0.7056611850629526,0.4806200403637356,0.5066666666666665,0.791111111111111,0.9088888888888889,
in_vivo_clearance,unchanged,2,calibrated,20,3.0,9,7.0,9,0.4118763194817322,0.08632759667105143,0.40779859538223956,0.3172936567995282,0.57431782873031,0.49908913877275257,0.5911111111111111,0.8533333333333334,0.9533333333333334,
in_vivo_clearance,unchanged,2,raw,20,3.0,9,7.0,9,0.4118763194817322,0.08632759667105143,0.40779859538223956,0.3172936567995282,0.546770493651542,0.4695157829920451,0.5666666666666668,0.8444444444444446,0.9444444444444444,
in_vivo_clearance,unchanged,4,calibrated,20,5.0,9,7.0,9,0.4926131635019195,0.2054762689603699,0.3787747238737725,0.29185128417279976,0.5028792975054599,0.48258185148239136,0.6244444444444445,0.8866666666666666,0.9577777777777778,
in_vivo_clearance,unchanged,4,raw,20,5.0,9,7.0,9,0.4926131635019195,0.2054762689603699,0.3787747238737725,0.29185128417279976,0.4752053867737651,0.4537884338696798,0.5977777777777777,0.8688888888888889,0.9488888888888888,
in_vivo_clearance,unchanged,9,calibrated,20,10.0,9,7.0,9,0.6101913921717848,0.34183273067077,0.33199925173738726,0.2552021292845408,0.400564367840195,0.46427371846305004,0.6666666666666666,0.8955555555555557,0.9688888888888888,
in_vivo_clearance,unchanged,9,raw,20,10.0,9,7.0,9,0.6101913921717848,0.34183273067077,0.33199925173738726,0.2552021292845408,0.3701414196506132,0.4364974337153964,0.6444444444444445,0.8822222222222221,0.9644444444444444,
microsomal_clearance,gp,0,calibrated,20,1.0,178,108.0,178,0.12522159103521657,0.3021349658026217,0.5984619103909322,0.4564664847127507,0.9101810277088224,0.6168778401948093,0.5642696629213483,0.8135955056179774,0.9430337078651685,
microsomal_clearance,gp,0,raw,20,1.0,178,108.0,178,0.12522159103521657,0.3021349658026217,0.5984619103909322,0.4564664847127507,0.9034081176771033,0.5637175598305263,0.5282022471910112,0.7839325842696628,0.9247191011235955,
microsomal_clearance,gp,1,calibrated,20,2.0,178,108.0,178,0.3684801183546911,0.31817812878045193,0.5084883423923419,0.3862509642507923,0.7414570778448348,0.5234070454286724,0.5613483146067416,0.8208988764044944,0.9434831460674157,
microsomal_clearance,gp,1,raw,20,2.0,178,108.0,178,0.3684801183546911,0.31817812878045193,0.5084883423923419,0.3862509642507923,0.7352656842932368,0.4783465848478039,0.527752808988764,0.7886516853932584,0.9280898876404494,
microsomal_clearance,gp,2,calibrated,20,3.0,178,108.0,178,0.4567288720801945,0.34007059379203564,0.47162389368780017,0.3565176756027039,0.6653660272234758,0.4858495667677247,0.5673033707865168,0.8234831460674157,0.9437078651685392,
microsomal_clearance,gp,2,raw,20,3.0,178,108.0,178,0.4567288720801945,0.34007059379203564,0.47162389368780017,0.3565176756027039,0.6586882288688742,0.4440188938714145,0.5323595505617977,0.7906741573033709,0.9293258426966293,
microsomal_clearance,gp,4,calibrated,20,5.0,178,108.0,178,0.5287437894255291,0.3671803322038178,0.43925430872631893,0.33007406529750716,0.5912642196679552,0.4467043149873112,0.5646067415730337,0.8231460674157303,0.9420224719101123,
microsomal_clearance,gp,4,raw,20,5.0,178,108.0,178,0.5287437894255291,0.3671803322038178,0.43925430872631893,0.33007406529750716,0.5853553133009097,0.4082983554481121,0.5276404494382022,0.791123595505618,0.9284269662921347,
microsomal_clearance,gp,9,calibrated,20,10.0,178,108.0,178,0.6088543690283359,0.4301079142541398,0.400181242876343,0.29755263383803743,0.49575869490696456,0.40477747670720127,0.570561797752809,0.8282022471910113,0.9421348314606741,
microsomal_clearance,gp,9,raw,20,10.0,178,108.0,178,0.6088543690283359,0.4301079142541398,0.400181242876343,0.29755263383803743,0.49044284173490693,0.3700120361601369,0.5334831460674156,0.7998876404494382,0.9287640449438201,
microsomal_clearance,kernel_only,0,calibrated,20,1.0,178,108.0,178,0.11170580125209295,0.3259345237958318,0.6030674657707116,0.4623344670889083,0.9263734811963515,0.6421771374177397,0.5504494382022473,0.8135955056179774,0.9512359550561797,
microsomal_clearance,kernel_only,0,raw,20,1.0,178,108.0,178,0.11170580125209295,0.3259345237958318,0.6030674657707116,0.4623344670889083,0.9103596990207008,0.5984963571087699,0.5269662921348315,0.7907865168539325,0.9393258426966291,
microsomal_clearance,kernel_only,1,calibrated,20,2.0,178,108.0,178,0.36420266274743085,0.3421999754972818,0.5102075010183529,0.3862929599640075,0.7567454002619333,0.4871529713239562,0.5150561797752808,0.7801123595505619,0.9252808988764044,
microsomal_clearance,kernel_only,1,raw,20,2.0,178,108.0,178,0.36420266274743085,0.3421999754972818,0.5102075010183529,0.3862929599640075,0.7575819777455843,0.4552305861135547,0.492247191011236,0.7560674157303372,0.9095505617977527,
microsomal_clearance,kernel_only,2,calibrated,20,3.0,178,108.0,178,0.45766860255468966,0.35674372017257333,0.4712158182848881,0.35445054568601453,0.6752387139443716,0.46471547358491444,0.536629213483146,0.7951685393258426,0.9296629213483147,
microsomal_clearance,kernel_only,2,raw,20,3.0,178,108.0,178,0.45766860255468966,0.35674372017257333,0.4712158182848881,0.35445054568601453,0.6729287378648391,0.43419317613826713,0.5115730337078652,0.7721348314606742,0.9184269662921349,
microsomal_clearance,kernel_only,4,calibrated,20,5.0,178,108.0,178,0.5350492704515314,0.3790076737237796,0.43630576721279646,0.3270275193268663,0.5995372132952294,0.43863899105050586,0.5473033707865168,0.8047191011235956,0.9352808988764046,
microsomal_clearance,kernel_only,4,raw,20,5.0,178,108.0,178,0.5350492704515314,0.3790076737237796,0.43630576721279646,0.3270275193268663,0.5935415548446896,0.4097643255651666,0.5201123595505617,0.7819101123595505,0.9240449438202248,
microsomal_clearance,kernel_only,9,calibrated,20,10.0,178,108.0,178,0.6178233312181527,0.44239427974304424,0.39556656152414876,0.29343298453795774,0.5001192616113966,0.4078552961751316,0.5619101123595506,0.8173033707865169,0.942808988764045,
microsomal_clearance,kernel_only,9,raw,20,10.0,178,108.0,178,0.6178233312181527,0.44239427974304424,0.39556656152414876,0.29343298453795774,0.49123240195365686,0.3808937360061689,0.5359550561797752,0.7974157303370787,0.9335955056179776,
microsomal_clearance,mean_and_kernel,0,calibrated,20,1.0,178,108.0,178,0.11000847267668146,0.32416348395361205,0.6036433533212779,0.46296581210380194,0.926542042945669,0.6413313090935181,0.5492134831460674,0.8130337078651687,0.9510112359550562,
microsomal_clearance,mean_and_kernel,0,raw,20,1.0,178,108.0,178,0.11000847267668146,0.32416348395361205,0.6036433533212779,0.46296581210380194,0.9108460040631285,0.5965560540188565,0.5247191011235955,0.7891011235955055,0.9389887640449437,
microsomal_clearance,mean_and_kernel,1,calibrated,20,2.0,178,108.0,178,0.364960134998099,0.3427433411092289,0.5099034865336767,0.3862393027912364,0.7563661686786428,0.4866319888897156,0.5133707865168539,0.7796629213483146,0.9230337078651686,
microsomal_clearance,mean_and_kernel,1,raw,20,2.0,178,108.0,178,0.364960134998099,0.3427433411092289,0.5099034865336767,0.3862393027912364,0.7572995724466595,0.45378170495622605,0.4892134831460674,0.7577528089887642,0.908314606741573,
microsomal_clearance,mean_and_kernel,2,calibrated,20,3.0,178,108.0,178,0.4605936064987941,0.3563067388676794,0.46994337527318014,0.35349647322732414,0.672745973944419,0.4642688969815715,0.535505617977528,0.7976404494382022,0.931685393258427,
microsomal_clearance,mean_and_kernel,2,raw,20,3.0,178,108.0,178,0.4605936064987941,0.3563067388676794,0.46994337527318014,0.35349647322732414,0.670161228143018,0.43286288806561674,0.5119101123595506,0.7719101123595506,0.9169662921348316,
microsomal_clearance,mean_and_kernel,4,calibrated,20,5.0,178,108.0,178,0.537369015945147,0.37909105651749,0.43521599161455843,0.3260265269122096,0.5973001691600031,0.43834609515211553,0.5484269662921348,0.8053932584269664,0.9351685393258425,
microsomal_clearance,mean_and_kernel,4,raw,20,5.0,178,108.0,178,0.537369015945147,0.37909105651749,0.43521599161455843,0.3260265269122096,0.5911636138775471,0.4086242601978644,0.5196629213483146,0.7828089887640449,0.9238202247191011,
microsomal_clearance,mean_and_kernel,9,calibrated,20,10.0,178,108.0,178,0.6190172475997143,0.4417178873633473,0.39494820507004935,0.2927498719498013,0.49895898150236984,0.40758660860275947,0.5646067415730337,0.8169662921348315,0.943932584269663,
microsomal_clearance,mean_and_kernel,9,raw,20,10.0,178,108.0,178,0.6190172475997143,0.4417178873633473,0.39494820507004935,0.2927498719498013,0.4899755416195436,0.3798369480518813,0.5376404494382022,0.7953932584269664,0.9326966292134832,
microsomal_clearance,mean_only,0,calibrated,20,1.0,178,108.0,178,0.12346769495842869,0.32269128023739624,0.5990615561932848,0.45936014785190643,0.9142914763333975,0.6159505634897211,0.537752808988764,0.8021348314606742,0.9444943820224719,
microsomal_clearance,mean_only,0,raw,20,1.0,178,108.0,178,0.12346769495842869,0.32269128023739624,0.5990615561932848,0.45936014785190643,0.9068007955522589,0.5620995109268788,0.5065168539325843,0.771685393258427,0.9253932584269664,
microsomal_clearance,mean_only,1,calibrated,20,2.0,178,108.0,178,0.2930764289029595,0.3403762363354171,0.5379893992445222,0.4090189654673083,0.794051369131494,0.5348255811648422,0.5291011235955055,0.7939325842696628,0.9358426966292134,
microsomal_clearance,mean_only,1,raw,20,2.0,178,108.0,178,0.2930764289029595,0.3403762363354171,0.5379893992445222,0.4090189654673083,0.7960010093143954,0.48903618509849806,0.4924719101123595,0.7582022471910111,0.9161797752808991,
microsomal_clearance,mean_only,2,calibrated,20,3.0,178,108.0,178,0.42696380144225254,0.3497586183719017,0.48437142610981354,0.36469144599993575,0.7007058872645188,0.4953691510404094,0.5479775280898876,0.8051685393258426,0.9374157303370787,
microsomal_clearance,mean_only,2,raw,20,3.0,178,108.0,178,0.42696380144225254,0.3497586183719017,0.48437142610981354,0.36469144599993575,0.6996447432376599,0.4527772943625289,0.5117977528089888,0.7720224719101123,0.9204494382022472,
microsomal_clearance,mean_only,4,calibrated,20,5.0,178,108.0,178,0.5186374838452982,0.37060419687838825,0.44393932892556076,0.3338602618069461,0.6185651123084888,0.4587305531274067,0.5511235955056181,0.8129213483146067,0.9401123595505619,
microsomal_clearance,mean_only,4,raw,20,5.0,178,108.0,178,0.5186374838452982,0.37060419687838825,0.44393932892556076,0.3338602618069461,0.6148584598031068,0.4191531312733554,0.5170786516853932,0.7832584269662921,0.9248314606741573,
microsomal_clearance,mean_only,9,calibrated,20,10.0,178,108.0,178,0.5984060464207631,0.41801147292176594,0.40549086019584835,0.3040891212409132,0.5304691369964235,0.420936244458295,0.5541573033707865,0.8168539325842695,0.9413483146067416,
microsomal_clearance,mean_only,9,raw,20,10.0,178,108.0,178,0.5984060464207631,0.41801147292176594,0.40549086019584835,0.3040891212409132,0.5257430617133706,0.3844750560133645,0.520561797752809,0.7873033707865168,0.9258426966292136,
microsomal_clearance,unchanged,0,calibrated,20,1.0,178,108.0,178,0.11187260498873264,0.3252196588079937,0.6030108411582249,0.462311306803414,0.9252167710121229,0.6305714797705747,0.5423595505617977,0.8073033707865169,0.9479775280898877,
microsomal_clearance,unchanged,0,raw,20,1.0,178,108.0,178,0.11187260498873264,0.3252196588079937,0.6030108411582249,0.462311306803414,0.9109121238235828,0.5938103493144004,0.5228089887640449,0.7878651685393259,0.9380898876404494,
microsomal_clearance,unchanged,1,calibrated,20,2.0,178,108.0,178,0.3662546143475811,0.3429076989851885,0.5093835221320612,0.38640994433104314,0.7512997057853765,0.5022225625729293,0.5228089887640449,0.791685393258427,0.932247191011236,
microsomal_clearance,unchanged,1,raw,20,2.0,178,108.0,178,0.3662546143475811,0.3429076989851885,0.5093835221320612,0.38640994433104314,0.7479237758882934,0.4744356850425849,0.49943820224719104,0.7722471910112358,0.9212359550561798,
microsomal_clearance,unchanged,2,calibrated,20,3.0,178,108.0,178,0.4545191028198219,0.3531899769166101,0.4725820914509688,0.35604737542485926,0.6779248786501236,0.47559197589252766,0.5384269662921348,0.8028089887640448,0.9331460674157305,
microsomal_clearance,unchanged,2,raw,20,3.0,178,108.0,178,0.4545191028198219,0.3531899769166101,0.4725820914509688,0.35604737542485926,0.6723693647709276,0.4491841636213024,0.5179775280898876,0.7832584269662922,0.9223595505617977,
microsomal_clearance,unchanged,4,calibrated,20,5.0,178,108.0,178,0.529394474104648,0.37748429785569465,0.4389509548707581,0.32927888243553344,0.6055183522510551,0.4466047694308034,0.5501123595505619,0.8079775280898877,0.9370786516853933,
microsomal_clearance,unchanged,4,raw,20,5.0,178,108.0,178,0.529394474104648,0.37748429785569465,0.4389509548707581,0.32927888243553344,0.5976235638679473,0.4217390725585852,0.5269662921348315,0.7904494382022471,0.9276404494382022,
microsomal_clearance,unchanged,9,calibrated,20,10.0,178,108.0,178,0.6095412595871204,0.4355608590885688,0.3998297094814954,0.29746776676914655,0.5080001860540739,0.4139368067430646,0.557191011235955,0.8178651685393258,0.9435955056179774,
microsomal_clearance,unchanged,9,raw,20,10.0,178,108.0,178,0.6095412595871204,0.4355608590885688,0.3998297094814954,0.29746776676914655,0.4986742165212923,0.39078103050756996,0.5376404494382022,0.802247191011236,0.9368539325842696,
permeability,gp,0,calibrated,20,1.0,40,34.0,40,0.1812544091155014,0.3259812521934509,0.7397887016728791,0.5528748171031476,1.1059056035889165,0.7973656209707259,0.5945,0.845,0.9470000000000001,
permeability,gp,0,raw,20,1.0,40,34.0,40,0.1812544091155014,0.3259812521934509,0.7397887016728791,0.5528748171031476,1.1437010730484958,0.6111337639093398,0.4875,0.7585,0.8915,
permeability,gp,1,calibrated,20,2.0,40,34.0,40,0.4341301424719356,0.3600553252734244,0.6150231843959981,0.45738842371106153,0.9246460863688114,0.6695008419752121,0.6119999999999999,0.85,0.9525,
permeability,gp,1,raw,20,2.0,40,34.0,40,0.4341301424719356,0.3600553252734244,0.6150231843959981,0.45738842371106153,0.9552351895923004,0.5130906623005866,0.5085,0.7505,0.897,
permeability,gp,2,calibrated,20,3.0,40,34.0,40,0.5229500839360258,0.3920823232270777,0.5646965300492948,0.42054376234114166,0.8415238760918026,0.6170880989432336,0.608,0.8495000000000001,0.9490000000000001,
permeability,gp,2,raw,20,3.0,40,34.0,40,0.5229500839360258,0.3920823232270777,0.5646965300492948,0.42054376234114166,0.8640181380230629,0.47261591523885726,0.499,0.76,0.897,
permeability,gp,4,calibrated,20,5.0,40,34.0,40,0.6144552123078268,0.42269669666886334,0.5076572878954073,0.37986244054138657,0.7304476246654267,0.5654081223607064,0.586,0.8614999999999998,0.9585000000000001,
permeability,gp,4,raw,20,5.0,40,34.0,40,0.6144552123078268,0.42269669666886334,0.5076572878954073,0.37986244054138657,0.7407300296809097,0.43304421925544745,0.492,0.76,0.9099999999999999,
permeability,gp,9,calibrated,20,10.0,40,34.0,40,0.6869763297987665,0.4859168923832476,0.45742700127511166,0.337210562184453,0.6218898705993906,0.5096331260800362,0.611,0.861,0.959,
permeability,gp,9,raw,20,10.0,40,34.0,40,0.6869763297987665,0.4859168923832476,0.45742700127511166,0.337210562184453,0.6328034711172754,0.39020323807001106,0.51,0.78,0.9125,
permeability,kernel_only,0,calibrated,20,1.0,40,34.0,40,0.16316390900431466,0.3007906680926681,0.747917006053334,0.5586019041985273,1.0983115399981345,0.8406980223655701,0.5085,0.8009999999999998,0.96,
permeability,kernel_only,0,raw,20,1.0,40,34.0,40,0.16316390900431466,0.3007906680926681,0.747917006053334,0.5586019041985273,1.1093634868664446,0.700466431260109,0.45150000000000007,0.7365,0.923,
permeability,kernel_only,1,calibrated,20,2.0,40,34.0,40,0.4047466315824988,0.3236098614893853,0.6307890388522818,0.4660129567682743,0.9398113248861307,0.6437439043521881,0.4619999999999999,0.758,0.9289999999999999,
permeability,kernel_only,1,raw,20,2.0,40,34.0,40,0.4047466315824988,0.3236098614893853,0.6307890388522818,0.4660129567682743,0.9809398696074407,0.5373011973500251,0.41050000000000003,0.6855,0.893,
permeability,kernel_only,2,calibrated,20,3.0,40,34.0,40,0.49930477522806216,0.3442378411628306,0.578522070616013,0.42995341356098643,0.8463653868376181,0.6098942029476165,0.46449999999999997,0.7630000000000001,0.937,
permeability,kernel_only,2,raw,20,3.0,40,34.0,40,0.49930477522806216,0.3442378411628306,0.578522070616013,0.42995341356098643,0.8824462478732877,0.5090020060539245,0.40750000000000003,0.6925000000000001,0.8975000000000002,
permeability,kernel_only,4,calibrated,20,5.0,40,34.0,40,0.5967694998611806,0.38427896803244943,0.5191703651266245,0.38900027558207506,0.7460551273203434,0.5751915240287782,0.475,0.7769999999999999,0.9505000000000001,
permeability,kernel_only,4,raw,20,5.0,40,34.0,40,0.5967694998611806,0.38427896803244943,0.5191703651266245,0.38900027558207506,0.7740930059694618,0.4799134872555733,0.41150000000000003,0.6984999999999999,0.9175000000000001,
permeability,kernel_only,9,calibrated,20,10.0,40,34.0,40,0.6797424004741207,0.44620647938922053,0.46268234629174104,0.3466125672906637,0.639048225013642,0.5353753888607026,0.49749999999999994,0.7925,0.9555,
permeability,kernel_only,9,raw,20,10.0,40,34.0,40,0.6797424004741207,0.44620647938922053,0.46268234629174104,0.3466125672906637,0.6573653834023749,0.4465480780005455,0.42750000000000005,0.722,0.9204999999999999,
permeability,mean_and_kernel,0,calibrated,20,1.0,40,34.0,40,0.16272460733832828,0.30116242103278634,0.7481132918502968,0.5585916967839003,1.0982185911326556,0.842465289592743,0.5115000000000001,0.8,0.9594999999999999,
permeability,mean_and_kernel,0,raw,20,1.0,40,34.0,40,0.16272460733832828,0.30116242103278634,0.7481132918502968,0.5585916967839003,1.10897222984094,0.7022632406949997,0.449,0.7365,0.924,
permeability,mean_and_kernel,1,calibrated,20,2.0,40,34.0,40,0.4041886793218442,0.3307251206226647,0.6310846001658788,0.4667233781367541,0.9414584036670955,0.6437023360729217,0.45949999999999996,0.7575,0.9280000000000002,
permeability,mean_and_kernel,1,raw,20,2.0,40,34.0,40,0.4041886793218442,0.3307251206226647,0.6310846001658788,0.4667233781367541,0.982744591859577,0.5375315891206265,0.4085,0.6855,0.8915,
permeability,mean_and_kernel,2,calibrated,20,3.0,40,34.0,40,0.5019949547990572,0.34304397348314525,0.576965810132512,0.42893546038866043,0.8453155842712372,0.610240758061409,0.46449999999999997,0.7665,0.9364999999999999,
permeability,mean_and_kernel,2,raw,20,3.0,40,34.0,40,0.5019949547990572,0.34304397348314525,0.576965810132512,0.42893546038866043,0.8806391703263714,0.5095511226952076,0.40549999999999997,0.687,0.8995000000000001,
permeability,mean_and_kernel,4,calibrated,20,5.0,40,34.0,40,0.5973516985072984,0.3925051998533308,0.5187954313530516,0.3878655707389116,0.7438366841254626,0.5756872226595879,0.4699999999999999,0.7765000000000001,0.9495000000000001,
permeability,mean_and_kernel,4,raw,20,5.0,40,34.0,40,0.5973516985072984,0.3925051998533308,0.5187954313530516,0.3878655707389116,0.7712380020737781,0.4805786134600639,0.40549999999999997,0.6980000000000001,0.9190000000000002,
permeability,mean_and_kernel,9,calibrated,20,10.0,40,34.0,40,0.6802701795868598,0.4465338491089642,0.462300942745844,0.3456907777860761,0.637450093002504,0.5360953040122985,0.493,0.7929999999999999,0.9559999999999998,
permeability,mean_and_kernel,9,raw,20,10.0,40,34.0,40,0.6802701795868598,0.4465338491089642,0.462300942745844,0.3456907777860761,0.6551151223896007,0.4473954609036445,0.4255,0.7194999999999999,0.9205,
permeability,mean_only,0,calibrated,20,1.0,40,34.0,40,0.16707031400193717,0.2987841733358801,0.7461693015891444,0.5569153663367034,1.090047728429472,0.8316729463338852,0.5095,0.7969999999999999,0.9585000000000001,
permeability,mean_only,0,raw,20,1.0,40,34.0,40,0.16707031400193717,0.2987841733358801,0.7461693015891444,0.5569153663367034,1.1104233319778483,0.6722970352768898,0.43100000000000005,0.7275,0.9145,
permeability,mean_only,1,calibrated,20,2.0,40,34.0,40,0.3275655270962009,0.32191370451822876,0.67043733657596,0.49771315842866903,0.9912716928676044,0.7041307502985001,0.4625,0.7695000000000001,0.9400000000000001,
permeability,mean_only,1,raw,20,2.0,40,34.0,40,0.3275655270962009,0.32191370451822876,0.67043733657596,0.49771315842866903,1.039995029580718,0.5699852424263954,0.38749999999999996,0.6779999999999999,0.89,
permeability,mean_only,2,calibrated,20,3.0,40,34.0,40,0.47230209963906966,0.3436012174934148,0.5939171829762878,0.44255244965851304,0.8759632153929244,0.653657152891159,0.4789999999999999,0.7835,0.9465,
permeability,mean_only,2,raw,20,3.0,40,34.0,40,0.47230209963906966,0.3436012174934148,0.5939171829762878,0.44255244965851304,0.9147845673022917,0.52913475638628,0.40499999999999997,0.6935,0.9035,
permeability,mean_only,4,calibrated,20,5.0,40,34.0,40,0.5720642661720197,0.37774226401001215,0.5348382801552967,0.4044176258742809,0.7825692189210388,0.6095114304423331,0.4734999999999999,0.789,0.9570000000000001,
permeability,mean_only,4,raw,20,5.0,40,34.0,40,0.5720642661720197,0.37774226401001215,0.5348382801552967,0.4044176258742809,0.8176187199816549,0.4933667614459992,0.39699999999999996,0.696,0.9105000000000001,
permeability,mean_only,9,calibrated,20,10.0,40,34.0,40,0.6460581532283775,0.4146406430751085,0.4864062688151927,0.3679401731789112,0.7091840710521129,0.5610089033842087,0.469,0.7775000000000001,0.952,
permeability,mean_only,9,raw,20,10.0,40,34.0,40,0.6460581532283775,0.4146406430751085,0.4864062688151927,0.3679401731789112,0.7456160516493427,0.45399355462193486,0.3995,0.696,0.906,
permeability,unchanged,0,calibrated,20,1.0,40,34.0,40,0.1638879660281638,0.3014513882622123,0.7475933753231209,0.5584132142812013,1.0980635985148612,0.8191956315040588,0.499,0.7929999999999999,0.954,
permeability,unchanged,0,raw,20,1.0,40,34.0,40,0.1638879660281638,0.3014513882622123,0.7475933753231209,0.5584132142812013,1.108896276526559,0.6992340660095214,0.45150000000000007,0.736,0.923,
permeability,unchanged,1,calibrated,20,2.0,40,34.0,40,0.3947175639480096,0.324301409907639,0.6360807362289993,0.4685900214016437,0.9342287658998206,0.6551142372488975,0.47400000000000003,0.759,0.9355,
permeability,unchanged,1,raw,20,2.0,40,34.0,40,0.3947175639480096,0.324301409907639,0.6360807362289993,0.4685900214016437,0.9625027492019818,0.5603270427584648,0.42700000000000005,0.7060000000000001,0.9,
permeability,unchanged,2,calibrated,20,3.0,40,34.0,40,0.4895800807532551,0.3361830000393093,0.5841131915939566,0.43145832069218154,0.8391871168714571,0.6204559468030929,0.477,0.7769999999999999,0.9420000000000002,
permeability,unchanged,2,raw,20,3.0,40,34.0,40,0.4895800807532551,0.3361830000393093,0.5841131915939566,0.43145832069218154,0.8620609150388677,0.5306486778259278,0.4205,0.7125,0.9129999999999999,
permeability,unchanged,4,calibrated,20,5.0,40,34.0,40,0.5901605661331535,0.3775254380889237,0.523407665411269,0.39085182452201844,0.7412183594556906,0.586839548110962,0.47999999999999987,0.789,0.9550000000000001,
permeability,unchanged,4,raw,20,5.0,40,34.0,40,0.5901605661331535,0.3775254380889237,0.523407665411269,0.39085182452201844,0.7573565314756697,0.5018632152378559,0.4255,0.7205,0.9295,
permeability,unchanged,9,calibrated,20,10.0,40,34.0,40,0.6644327934532154,0.42897060034796597,0.47361228991859017,0.3528223892301321,0.6500529659213878,0.545994695186615,0.48900000000000005,0.7950000000000002,0.9570000000000001,
permeability,unchanged,9,raw,20,10.0,40,34.0,40,0.6644327934532154,0.42897060034796597,0.47361228991859017,0.3528223892301321,0.6610212533720161,0.46677536752820015,0.43200000000000005,0.7395,0.9254999999999999,
protein_binding,gp,0,calibrated,20,1.0,26,17.0,26,0.10138919107782152,0.4920709965893855,0.9868698458876831,0.611605693078958,1.297608853978808,1.0520965222211982,0.6861538461538461,0.8976923076923077,0.9692307692307693,
protein_binding,gp,0,raw,20,1.0,26,17.0,26,0.10138919107782152,0.4920709965893855,0.9868698458876831,0.611605693078958,1.351119421793149,0.7327983698478113,0.556923076923077,0.8130769230769229,0.9299999999999999,
protein_binding,gp,1,calibrated,20,2.0,26,17.0,26,0.3577916420575481,0.4998511993541167,0.8342803924229094,0.5133054317648594,1.1160135754715064,0.8864217567443848,0.6823076923076924,0.9199999999999999,0.976923076923077,
protein_binding,gp,1,raw,20,2.0,26,17.0,26,0.3577916420575481,0.4998511993541167,0.8342803924229094,0.5133054317648594,1.1947827366293402,0.6171082557164707,0.5507692307692307,0.8223076923076923,0.9376923076923078,
protein_binding,gp,2,calibrated,20,3.0,26,17.0,26,0.3866519905762238,0.5045742523211699,0.8153189568437968,0.4722958899690554,1.0432142085004783,0.813019191485185,0.6984615384615385,0.9207692307692307,0.9730769230769233,
protein_binding,gp,2,raw,20,3.0,26,17.0,26,0.3866519905762238,0.5045742523211699,0.8153189568437968,0.4722958899690554,1.1546198220831692,0.5660243301208203,0.5592307692307692,0.8238461538461538,0.9361538461538463,
protein_binding,gp,4,calibrated,20,5.0,26,17.0,26,0.4587823350343543,0.5291958274463048,0.76587878861001,0.4467041314106721,0.9866725668792522,0.7480196033991301,0.7007692307692307,0.9138461538461538,0.9707692307692308,
protein_binding,gp,4,raw,20,5.0,26,17.0,26,0.4587823350343543,0.5291958274463048,0.76587878861001,0.4467041314106721,1.1330280428570432,0.5205129760045272,0.5523076923076924,0.8276923076923077,0.9376923076923078,
protein_binding,gp,9,calibrated,20,10.0,26,17.0,26,0.5170604386979228,0.5732179617939086,0.7234698745519592,0.4070476004252067,0.9141891933382531,0.6758090932552631,0.7092307692307693,0.8992307692307692,0.9638461538461539,
protein_binding,gp,9,raw,20,10.0,26,17.0,26,0.5170604386979228,0.5732179617939086,0.7234698745519592,0.4070476004252067,1.0889581458948732,0.47020400560819176,0.5638461538461539,0.83,0.9261538461538461,
protein_binding,kernel_only,0,calibrated,20,1.0,26,17.0,26,0.17439026443812988,0.5047372800226395,0.9459353658800586,0.5971081644296646,1.1544492507130877,0.7598005347985487,0.4769230769230769,0.7646153846153846,0.9330769230769231,
protein_binding,kernel_only,0,raw,20,1.0,26,17.0,26,0.17439026443812988,0.5047372800226395,0.9459353658800586,0.5971081644296646,1.1644019153048626,0.7054960404909573,0.44769230769230767,0.7330769230769232,0.9261538461538462,
protein_binding,kernel_only,1,calibrated,20,2.0,26,17.0,26,0.38056064836363146,0.5246650475722092,0.8193575425139893,0.5032559702488091,0.980384828733067,0.6289846693552458,0.43923076923076915,0.7569230769230769,0.926923076923077,
protein_binding,kernel_only,1,raw,20,2.0,26,17.0,26,0.38056064836363146,0.5246650475722092,0.8193575425139893,0.5032559702488091,0.9898255592728523,0.5810165685873765,0.4176923076923077,0.7246153846153844,0.9107692307692308,
protein_binding,kernel_only,2,calibrated,20,3.0,26,17.0,26,0.39834816856894384,0.5271024237745083,0.8075077173889156,0.4672787534044339,0.8859820660722888,0.5902827537059785,0.4638461538461538,0.7730769230769231,0.9307692307692308,
protein_binding,kernel_only,2,raw,20,3.0,26,17.0,26,0.39834816856894384,0.5271024237745083,0.8075077173889156,0.4672787534044339,0.8921395592612824,0.545262088225438,0.43923076923076915,0.7423076923076923,0.9184615384615386,
protein_binding,kernel_only,4,calibrated,20,5.0,26,17.0,26,0.4662817720944755,0.5381530018380055,0.7605540402682902,0.4342270408685391,0.8060415607395554,0.5556570808704083,0.4684615384615384,0.7700000000000001,0.9323076923076924,
protein_binding,kernel_only,4,raw,20,5.0,26,17.0,26,0.4662817720944755,0.5381530018380055,0.7605540402682902,0.4342270408685391,0.8113813257510043,0.5129757611568156,0.446923076923077,0.7507692307692307,0.9223076923076923,
protein_binding,kernel_only,9,calibrated,20,10.0,26,17.0,26,0.5159897529160935,0.5730367910976594,0.7242714034750918,0.3991729218684709,0.7227243312288378,0.513452806014281,0.4815384615384616,0.7730769230769231,0.9253846153846155,
protein_binding,kernel_only,9,raw,20,10.0,26,17.0,26,0.5159897529160935,0.5730367910976594,0.7242714034750918,0.3991729218684709,0.724314459491096,0.47396734769527726,0.46692307692307694,0.7523076923076923,0.9161538461538463,
protein_binding,mean_and_kernel,0,calibrated,20,1.0,26,17.0,26,0.17573932291918393,0.5055065104308036,0.9451622137478737,0.5953997167257162,1.1511831055773207,0.756839993917025,0.47538461538461535,0.7669230769230768,0.9338461538461539,
protein_binding,mean_and_kernel,0,raw,20,1.0,26,17.0,26,0.17573932291918393,0.5055065104308036,0.9451622137478737,0.5953997167257162,1.1621212201497029,0.6997543912667494,0.44384615384615383,0.7323076923076923,0.9269230769230768,
protein_binding,mean_and_kernel,1,calibrated,20,2.0,26,17.0,26,0.3790406076751931,0.538424675596448,0.8203622362583358,0.502547167104024,0.9812770850801927,0.6315513826333559,0.4415384615384615,0.7576923076923076,0.923846153846154,
protein_binding,mean_and_kernel,1,raw,20,2.0,26,17.0,26,0.3790406076751931,0.538424675596448,0.8203622362583358,0.502547167104024,0.990859869022022,0.5806012580027947,0.4107692307692308,0.7269230769230769,0.9115384615384615,
protein_binding,mean_and_kernel,2,calibrated,20,3.0,26,17.0,26,0.4006921827103431,0.5337882299835865,0.8059331716221335,0.464209398650206,0.8821533180879249,0.5927026589100177,0.4746153846153846,0.7676923076923076,0.9292307692307692,
protein_binding,mean_and_kernel,2,raw,20,3.0,26,17.0,26,0.4006921827103431,0.5337882299835865,0.8059331716221335,0.464209398650206,0.887584537747908,0.5448947267348949,0.4461538461538461,0.7438461538461537,0.9184615384615384,
protein_binding,mean_and_kernel,4,calibrated,20,5.0,26,17.0,26,0.47045434208006465,0.5474125845501056,0.7575752289423051,0.43092750393427337,0.7995840901093392,0.5578555744427901,0.47384615384615386,0.7753846153846152,0.9330769230769231,
protein_binding,mean_and_kernel,4,raw,20,5.0,26,17.0,26,0.47045434208006465,0.5474125845501056,0.7575752289423051,0.43092750393427337,0.804666381471839,0.5125803068967966,0.4476923076923077,0.7484615384615385,0.9253846153846155,
protein_binding,mean_and_kernel,9,calibrated,20,10.0,26,17.0,26,0.520044363246555,0.5889833417076331,0.7212313703676465,0.39674274572959306,0.7190007917642988,0.5160216510295867,0.49615384615384617,0.7753846153846153,0.9276923076923077,
protein_binding,mean_and_kernel,9,raw,20,10.0,26,17.0,26,0.520044363246555,0.5889833417076331,0.7212313703676465,0.39674274572959306,0.7200211204314139,0.4740955461905553,0.46615384615384614,0.7523076923076921,0.9192307692307692,
protein_binding,mean_only,0,calibrated,20,1.0,26,17.0,26,0.18330516191418234,0.5169362731564503,0.9408144202633949,0.5899841205890362,1.1393006022509022,0.7264530865962688,0.4569230769230769,0.7538461538461539,0.9330769230769231,
protein_binding,mean_only,0,raw,20,1.0,26,17.0,26,0.18330516191418234,0.5169362731564503,0.9408144202633949,0.5899841205890362,1.1501816335225163,0.6783624507830692,0.43076923076923074,0.7238461538461538,0.9230769230769231,
protein_binding,mean_only,1,calibrated,20,2.0,26,17.0,26,0.33697620236834014,0.5430052533459204,0.8476930419634225,0.5400739711064558,1.059146560991126,0.6522987982859978,0.4146153846153846,0.7261538461538463,0.916923076923077,
protein_binding,mean_only,1,raw,20,2.0,26,17.0,26,0.33697620236834014,0.5430052533459204,0.8476930419634225,0.5400739711064558,1.0672592243273749,0.6069998455964601,0.3915384615384615,0.7053846153846155,0.9015384615384616,
protein_binding,mean_only,2,calibrated,20,3.0,26,17.0,26,0.379759682906733,0.538287002994464,0.819887106121875,0.48090216778791867,0.9199894851004343,0.6062416677291578,0.46076923076923076,0.7630769230769231,0.9292307692307692,
protein_binding,mean_only,2,raw,20,3.0,26,17.0,26,0.379759682906733,0.538287002994464,0.819887106121875,0.48090216778791867,0.9253714987938318,0.5639997898615324,0.43769230769230766,0.73,0.9207692307692308,
protein_binding,mean_only,4,calibrated,20,5.0,26,17.0,26,0.4643015632961841,0.5469955124820653,0.7619636430901882,0.43918443572062704,0.8202788300955286,0.5644333919195028,0.4576923076923076,0.7738461538461539,0.9338461538461539,
protein_binding,mean_only,4,raw,20,5.0,26,17.0,26,0.4643015632961841,0.5469955124820653,0.7619636430901882,0.43918443572062704,0.8259933744509556,0.525073485832948,0.4353846153846153,0.7546153846153847,0.916923076923077,
protein_binding,mean_only,9,calibrated,20,10.0,26,17.0,26,0.5092494670289535,0.5701010902054034,0.7292970385717674,0.4109063029289245,0.757838353695508,0.5190180232891669,0.45769230769230773,0.7784615384615385,0.9215384615384615,
protein_binding,mean_only,9,raw,20,10.0,26,17.0,26,0.5092494670289535,0.5701010902054034,0.7292970385717674,0.4109063029289245,0.7606129074257247,0.48293536488826455,0.4276923076923077,0.7584615384615384,0.9123076923076924,
protein_binding,unchanged,0,calibrated,20,1.0,26,17.0,26,0.17763996267439264,0.5070649557102185,0.944071873216753,0.5935031612561299,1.154241153244962,0.7316949119934668,0.46307692307692305,0.7546153846153847,0.9299999999999999,
protein_binding,unchanged,0,raw,20,1.0,26,17.0,26,0.17763996267439264,0.5070649557102185,0.944071873216753,0.5935031612561299,1.157984907492422,0.7165648761162391,0.4584615384615385,0.7430769230769231,0.9276923076923077,
protein_binding,unchanged,1,calibrated,20,2.0,26,17.0,26,0.3638653194133601,0.5234112844730798,0.8303259222872326,0.5017191155827962,0.9610850470139772,0.6176825794806846,0.44307692307692303,0.753076923076923,0.9276923076923077,
protein_binding,unchanged,1,raw,20,2.0,26,17.0,26,0.3638653194133601,0.5234112844730798,0.8303259222872326,0.5017191155827962,0.9635254002308146,0.6027251475590927,0.43153846153846154,0.7499999999999999,0.9215384615384615,
protein_binding,unchanged,2,calibrated,20,3.0,26,17.0,26,0.35688209299989837,0.5274204970838932,0.8348709721388068,0.47109612157711617,0.8803470453712487,0.5815013035444113,0.4523076923076923,0.7607692307692306,0.9276923076923077,
protein_binding,unchanged,2,raw,20,3.0,26,17.0,26,0.35688209299989837,0.5274204970838932,0.8348709721388068,0.47109612157711617,0.8808269347465629,0.5672386627013867,0.44384615384615383,0.7546153846153845,0.926923076923077,
protein_binding,unchanged,4,calibrated,20,5.0,26,17.0,26,0.42844866360412026,0.5389799726410553,0.7870488385306926,0.43869955950058415,0.7991472762062374,0.5454844700373136,0.4523076923076923,0.7692307692307693,0.9292307692307694,
protein_binding,unchanged,4,raw,20,5.0,26,17.0,26,0.42844866360412026,0.5389799726410553,0.7870488385306926,0.43869955950058415,0.7997626282951688,0.5319139864811531,0.4507692307692307,0.7692307692307693,0.9276923076923077,
protein_binding,unchanged,9,calibrated,20,10.0,26,17.0,26,0.4780444894145216,0.5717745170283776,0.7521263492723271,0.4059452866361691,0.7208965003153602,0.5036218735804925,0.4607692307692307,0.7715384615384616,0.923846153846154,
protein_binding,unchanged,9,raw,20,10.0,26,17.0,26,0.4780444894145216,0.5717745170283776,0.7521263492723271,0.4059452866361691,0.7196838379335421,0.49105373125809887,0.4515384615384615,0.7646153846153846,0.9223076923076923,
cellular_clearance,gp,0,calibrated,25,1.0,31,24.0,31,0.07631539765951978,0.2745083245298555,0.6550430357795924,0.5117120319797147,0.9929287869567783,0.6823916076844737,0.5251612903225806,0.8096774193548387,0.9464516129032259,
cellular_clearance,gp,0,raw,25,1.0,31,24.0,31,0.07631539765951978,0.2745083245298555,0.6550430357795924,0.5117120319797147,1.0333750489379487,0.57121629599602,0.46,0.7380645161290323,0.9058064516129033,
cellular_clearance,gp,1,calibrated,25,2.0,31,24.0,31,0.33413578546907097,0.28321386640591,0.5561613688211612,0.4319511951361933,0.8084149817894491,0.5748875930232386,0.5270967741935484,0.8025806451612901,0.9541935483870969,
cellular_clearance,gp,1,raw,25,2.0,31,24.0,31,0.33413578546907097,0.28321386640591,0.5561613688211612,0.4319511951361933,0.8489467836447235,0.4823884528683078,0.46451612903225803,0.7561290322580646,0.9096774193548387,
cellular_clearance,gp,2,calibrated,25,3.0,31,24.0,31,0.44510763351053517,0.30919354298422413,0.507706071310757,0.3899194570895163,0.7189250366428072,0.5305341252973003,0.5348387096774193,0.8335483870967743,0.9580645161290323,
cellular_clearance,gp,2,raw,25,3.0,31,24.0,31,0.44510763351053517,0.30919354298422413,0.507706071310757,0.3899194570895163,0.7459303131475148,0.44543503630545833,0.4729032258064516,0.7683870967741934,0.9174193548387097,
cellular_clearance,gp,4,calibrated,25,5.0,31,24.0,31,0.5056518743171285,0.33760866856863425,0.4792084060218876,0.36652789911916167,0.6641145299835097,0.4855271285580051,0.5464516129032257,0.8341935483870968,0.9490322580645162,
cellular_clearance,gp,4,raw,25,5.0,31,24.0,31,0.5056518743171285,0.33760866856863425,0.4792084060218876,0.36652789911916167,0.6988187337819884,0.40768857817496024,0.4761290322580646,0.7683870967741936,0.9129032258064518,
cellular_clearance,gp,9,calibrated,25,10.0,31,24.0,31,0.557238451326783,0.4117622363951898,0.453516331094975,0.3374368861798317,0.6055229502070317,0.43976562946073466,0.5432258064516129,0.8264516129032259,0.941290322580645,
cellular_clearance,gp,9,raw,25,10.0,31,24.0,31,0.557238451326783,0.4117622363951898,0.453516331094975,0.3374368861798317,0.650264213241757,0.36879196290046934,0.46967741935483864,0.7625806451612905,0.9058064516129033,
cellular_clearance,kernel_only,0,calibrated,25,1.0,31,24.0,31,0.08279927681284305,0.3117213103079027,0.6527399230206202,0.499267953884217,1.0136618618850592,0.6565012750317973,0.44258064516129036,0.7348387096774192,0.9341935483870968,
cellular_clearance,kernel_only,0,raw,25,1.0,31,24.0,31,0.08279927681284305,0.3117213103079027,0.6527399230206202,0.499267953884217,1.0167242138116523,0.6223621402248259,0.4251612903225807,0.7154838709677419,0.9264516129032259,
cellular_clearance,kernel_only,1,calibrated,25,2.0,31,24.0,31,0.3822959625655489,0.3142049086190039,0.5356710818586132,0.41120035921373665,0.8233451185958269,0.5414745883787832,0.432258064516129,0.7535483870967743,0.9270967741935483,
cellular_clearance,kernel_only,1,raw,25,2.0,31,24.0,31,0.3822959625655489,0.3142049086190039,0.5356710818586132,0.41120035921373665,0.8280070756637111,0.5134475501122012,0.41419354838709677,0.7341935483870968,0.9167741935483871,
cellular_clearance,kernel_only,2,calibrated,25,3.0,31,24.0,31,0.4748580452240617,0.3263492338119015,0.49390831759289894,0.3738353182615772,0.7129381166848674,0.5213436020574264,0.4651612903225807,0.7800000000000001,0.9361290322580644,
cellular_clearance,kernel_only,2,raw,25,3.0,31,24.0,31,0.4748580452240617,0.3263492338119015,0.49390831759289894,0.3738353182615772,0.7145229206728652,0.4943452768171987,0.4477419354838709,0.7638709677419355,0.9258064516129032,
cellular_clearance,kernel_only,4,calibrated,25,5.0,31,24.0,31,0.5382793182434084,0.37489621600797085,0.4631243820073381,0.35091496450285753,0.6437572357821275,0.5010431009723294,0.47161290322580646,0.7929032258064518,0.9425806451612904,
cellular_clearance,kernel_only,4,raw,25,5.0,31,24.0,31,0.5382793182434084,0.37489621600797085,0.4631243820073381,0.35091496450285753,0.64475175881921,0.4751428811011775,0.4458064516129032,0.7767741935483873,0.9361290322580644,
cellular_clearance,kernel_only,9,calibrated,25,10.0,31,24.0,31,0.5908014232424548,0.4381083604068526,0.43598850485115836,0.32413304087615774,0.5680717859054832,0.47574348880398665,0.4987096774193548,0.7987096774193548,0.9464516129032259,
cellular_clearance,kernel_only,9,raw,25,10.0,31,24.0,31,0.5908014232424548,0.4381083604068526,0.43598850485115836,0.32413304087615774,0.5667007889608101,0.45116435466274135,0.4793548387096773,0.7812903225806453,0.9419354838709677,
cellular_clearance,mean_and_kernel,0,calibrated,25,1.0,31,24.0,31,0.08088056738163862,0.3146664366606743,0.6534223057911844,0.498969589721772,1.011986846640024,0.6538344027919153,0.44322580645161286,0.7329032258064515,0.9335483870967742,
cellular_clearance,mean_and_kernel,0,raw,25,1.0,31,24.0,31,0.08088056738163862,0.3146664366606743,0.6534223057911844,0.498969589721772,1.0165940146014925,0.6182057566796579,0.4238709677419355,0.7122580645161289,0.9219354838709678,
cellular_clearance,mean_and_kernel,1,calibrated,25,2.0,31,24.0,31,0.37778089501181056,0.3197009847529473,0.537625243900851,0.4129608022397565,0.8299831917386024,0.5383747401545125,0.4219354838709677,0.7496774193548387,0.9238709677419353,
cellular_clearance,mean_and_kernel,1,raw,25,2.0,31,24.0,31,0.37778089501181056,0.3197009847529473,0.537625243900851,0.4129608022397565,0.8365241179360099,0.5090540311413426,0.4038709677419355,0.7270967741935483,0.9141935483870968,
cellular_clearance,mean_and_kernel,2,calibrated,25,3.0,31,24.0,31,0.474829368586299,0.33957001415471877,0.49392180293379423,0.3747600617139569,0.7179586507792157,0.5185822745292417,0.4580645161290321,0.7767741935483872,0.9380645161290322,
cellular_clearance,mean_and_kernel,2,raw,25,3.0,31,24.0,31,0.474829368586299,0.33957001415471877,0.49392180293379423,0.3747600617139569,0.7207740830685373,0.49033456310149154,0.43999999999999995,0.7535483870967743,0.9270967741935483,
cellular_clearance,mean_and_kernel,4,calibrated,25,5.0,31,24.0,31,0.5399330816738903,0.38455386289185095,0.4622942424446142,0.35167595507637145,0.64564031958758,0.4986620347730574,0.46838709677419355,0.7935483870967742,0.9425806451612904,
cellular_clearance,mean_and_kernel,4,raw,25,5.0,31,24.0,31,0.5399330816738903,0.38455386289185095,0.4622942424446142,0.35167595507637145,0.6476210206241507,0.47155214794220457,0.4419354838709678,0.7716129032258066,0.9354838709677418,
cellular_clearance,mean_and_kernel,9,calibrated,25,10.0,31,24.0,31,0.5913451460355702,0.44031826567745974,0.4356987486046609,0.3246946076808436,0.5708327147331602,0.4738292303392965,0.4941935483870968,0.7993548387096776,0.9464516129032259,
cellular_clearance,mean_and_kernel,9,raw,25,10.0,31,24.0,31,0.5913451460355702,0.44031826567745974,0.4356987486046609,0.3246946076808436,0.5704495765887536,0.4480988589409858,0.46838709677419355,0.7780645161290324,0.9406451612903226,
cellular_clearance,mean_only,0,calibrated,25,1.0,31,24.0,31,0.09027517490176495,0.31099161782091655,0.6500743115978879,0.4963700614821526,1.0071332580296475,0.6446097404726091,0.4367741935483872,0.732258064516129,0.9303225806451613,
cellular_clearance,mean_only,0,raw,25,1.0,31,24.0,31,0.09027517490176495,0.31099161782091655,0.6500743115978879,0.4963700614821526,1.017372390123636,0.5914175938021751,0.41032258064516125,0.6948387096774193,0.9167741935483872,
cellular_clearance,mean_only,1,calibrated,25,2.0,31,24.0,31,0.300266087199497,0.3114793684934416,0.5701307207039669,0.4386710669725172,0.8834556304281427,0.5815786835455126,0.4341935483870967,0.7367741935483871,0.9316129032258066,
cellular_clearance,mean_only,1,raw,25,2.0,31,24.0,31,0.300266087199497,0.3114793684934416,0.5701307207039669,0.4386710669725172,0.8942594492295257,0.5333713421513957,0.40387096774193554,0.7,0.9206451612903226,
cellular_clearance,mean_only,2,calibrated,25,3.0,31,24.0,31,0.4397051222255497,0.3292491206959371,0.5101716339697793,0.3900312855743593,0.7539660887106132,0.5496717125369657,0.46645161290322584,0.7819354838709677,0.9432258064516128,
cellular_clearance,mean_only,2,raw,25,3.0,31,24.0,31,0.4397051222255497,0.3292491206959371,0.5101716339697793,0.3900312855743593,0.75876085725019,0.5038210892677306,0.432258064516129,0.7445161290322583,0.9309677419354837,
cellular_clearance,mean_only,4,calibrated,25,5.0,31,24.0,31,0.5220522009806046,0.3662336181969412,0.47119233240887404,0.36218841720011924,0.6766434140041141,0.5226088987627336,0.4677419354838709,0.7967741935483872,0.9470967741935483,
cellular_clearance,mean_only,4,raw,25,5.0,31,24.0,31,0.5220522009806046,0.3662336181969412,0.47119233240887404,0.36218841720011924,0.6786041097126011,0.4789063815916738,0.43354838709677423,0.7683870967741935,0.9393548387096773,
cellular_clearance,mean_only,9,calibrated,25,10.0,31,24.0,31,0.5747379886801585,0.4339702685273462,0.44446367834065986,0.3353672793026893,0.6030241350878628,0.4942512412225047,0.47935483870967743,0.7980645161290322,0.9535483870967743,
cellular_clearance,mean_only,9,raw,25,10.0,31,24.0,31,0.5747379886801585,0.4339702685273462,0.44446367834065986,0.3353672793026893,0.600977752993224,0.45284574770158337,0.4393548387096774,0.772258064516129,0.9464516129032259,
cellular_clearance,unchanged,0,calibrated,25,1.0,31,24.0,31,0.08133590681001057,0.3123664715597706,0.6532604303115929,0.4993324437833602,1.0156754013869853,0.6469762208384853,0.43677419354838715,0.7296774193548385,0.9329032258064517,
cellular_clearance,unchanged,0,raw,25,1.0,31,24.0,31,0.08133590681001057,0.3123664715597706,0.6532604303115929,0.4993324437833602,1.02031170636235,0.6116431143976025,0.4187096774193548,0.7109677419354838,0.9238709677419357,
cellular_clearance,unchanged,1,calibrated,25,2.0,31,24.0,31,0.36295291085622416,0.3107932800487165,0.5439935488595632,0.416775516386955,0.8359746277360758,0.5538591744053749,0.4367741935483871,0.7490322580645162,0.9296774193548388,
cellular_clearance,unchanged,1,raw,25,2.0,31,24.0,31,0.36295291085622416,0.3107932800487165,0.5439935488595632,0.416775516386955,0.839436414881078,0.5237832291664615,0.42129032258064514,0.727741935483871,0.9187096774193548,
cellular_clearance,unchanged,2,calibrated,25,3.0,31,24.0,31,0.45684484908787704,0.3220858091067883,0.5023078125159083,0.3800593788008536,0.729994046713249,0.531709753928646,0.4690322580645161,0.7709677419354838,0.9380645161290322,
cellular_clearance,unchanged,2,raw,25,3.0,31,24.0,31,0.45684484908787704,0.3220858091067883,0.5023078125159083,0.3800593788008536,0.7309331427233461,0.5028008311794651,0.44903225806451613,0.7541935483870967,0.9303225806451613,
cellular_clearance,unchanged,4,calibrated,25,5.0,31,24.0,31,0.5261530472433689,0.36546334833387406,0.46916653585975376,0.3552425110147845,0.653888506529409,0.5085223926267316,0.4780645161290323,0.7909677419354841,0.9432258064516128,
cellular_clearance,unchanged,4,raw,25,5.0,31,24.0,31,0.5261530472433689,0.36546334833387406,0.46916653585975376,0.3552425110147845,0.6545601528965399,0.48095935160113923,0.452258064516129,0.7774193548387096,0.9367741935483872,
cellular_clearance,unchanged,9,calibrated,25,10.0,31,24.0,31,0.580545581152563,0.4346128487298565,0.4414183353540044,0.32709020132018685,0.5783338901481447,0.4819640364185457,0.5019354838709676,0.7974193548387096,0.9464516129032259,
cellular_clearance,unchanged,9,raw,25,10.0,31,24.0,31,0.580545581152563,0.4346128487298565,0.4414183353540044,0.32709020132018685,0.5760260637156117,0.4558694495693329,0.48258064516129034,0.7780645161290323,0.941290322580645,
efflux,gp,0,calibrated,25,1.0,18,18.0,18,0.28225298400985854,0.25791280269622807,0.7043708786603616,0.531654862496588,1.0572893179150171,0.7296372694439359,0.5655555555555556,0.8277777777777778,0.9422222222222223,
efflux,gp,0,raw,25,1.0,18,18.0,18,0.28225298400985854,0.25791280269622807,0.7043708786603616,0.531654862496588,1.0769772784945422,0.583117713133494,0.48000000000000004,0.7422222222222221,0.8933333333333332,
efflux,gp,1,calibrated,25,2.0,18,18.0,18,0.46748727875047325,0.32689669500622487,0.6067093502187275,0.45157617880238426,0.8981874533592068,0.6175424191686842,0.5588888888888889,0.8277777777777778,0.9411111111111112,
efflux,gp,1,raw,25,2.0,18,18.0,18,0.46748727875047325,0.32689669500622487,0.6067093502187275,0.45157617880238426,0.9209394510709673,0.4937012578381432,0.48666666666666675,0.7344444444444443,0.8877777777777778,
efflux,gp,2,calibrated,25,3.0,18,18.0,18,0.5497132006715204,0.3697093158960343,0.5579050623479813,0.41633017751905654,0.8090642532033194,0.5640977713796826,0.56,0.8344444444444445,0.9444444444444444,
efflux,gp,2,raw,25,3.0,18,18.0,18,0.5497132006715204,0.3697093158960343,0.5579050623479813,0.41633017751905654,0.8203350472479431,0.45025929172833756,0.4666666666666667,0.7388888888888888,0.8966666666666667,
efflux,gp,4,calibrated,25,5.0,18,18.0,18,0.6307206563572513,0.41532544557833007,0.505234736579303,0.3751344423161613,0.7232688663271281,0.5173562852541606,0.5666666666666665,0.83,0.9422222222222223,
efflux,gp,4,raw,25,5.0,18,18.0,18,0.6307206563572513,0.41532544557833007,0.505234736579303,0.3751344423161613,0.7278234259173155,0.41260255018870035,0.4788888888888889,0.7544444444444444,0.8999999999999999,
efflux,gp,9,calibrated,25,10.0,18,18.0,18,0.7187367321013021,0.5142474183191855,0.4409325943674777,0.320024011698034,0.5885609772998497,0.4609384013546837,0.6044444444444443,0.8488888888888888,0.9411111111111112,
efflux,gp,9,raw,25,10.0,18,18.0,18,0.7187367321013021,0.5142474183191855,0.4409325943674777,0.320024011698034,0.5841766113325977,0.3673229184415605,0.5177777777777778,0.7688888888888888,0.8988888888888888,
efflux,kernel_only,0,calibrated,25,1.0,18,18.0,18,0.16343248749310912,0.2939316247279445,0.7604421692089771,0.5713489272528225,1.1303768029694439,0.7765635151333279,0.4722222222222222,0.7577777777777778,0.941111111111111,
efflux,kernel_only,0,raw,25,1.0,18,18.0,18,0.16343248749310912,0.2939316247279445,0.7604421692089771,0.5713489272528225,1.151194876020058,0.6703104972839354,0.43222222222222223,0.7088888888888889,0.9055555555555556,
efflux,kernel_only,1,calibrated,25,2.0,18,18.0,18,0.3879155674817609,0.3266763978120353,0.6504611482966581,0.4839894658989377,0.9567228090629987,0.6296558684772914,0.43777777777777777,0.7422222222222223,0.928888888888889,
efflux,kernel_only,1,raw,25,2.0,18,18.0,18,0.3879155674817609,0.3266763978120353,0.6504611482966581,0.4839894658989377,0.9984599286444217,0.5496775080098045,0.39999999999999997,0.6722222222222222,0.8933333333333334,
efflux,kernel_only,2,calibrated,25,3.0,18,18.0,18,0.520623304546731,0.35580159107016185,0.5756442264232401,0.42975879616207546,0.8249328091985932,0.6023333667384254,0.4577777777777777,0.78,0.9377777777777777,
efflux,kernel_only,2,raw,25,3.0,18,18.0,18,0.520623304546731,0.35580159107016185,0.5756442264232401,0.42975879616207546,0.8431202480925712,0.5257210532824199,0.41111111111111115,0.7144444444444445,0.922222222222222,
efflux,kernel_only,4,calibrated,25,5.0,18,18.0,18,0.6007871526968066,0.3807462283306652,0.5253127587769941,0.3899472011791335,0.7317745267585681,0.5721446941958533,0.48666666666666675,0.7766666666666667,0.9466666666666668,
efflux,kernel_only,4,raw,25,5.0,18,18.0,18,0.6007871526968066,0.3807462283306652,0.5253127587769941,0.3899472011791335,0.7497649331488714,0.4995054519176484,0.4433333333333333,0.7200000000000001,0.9266666666666669,
efflux,kernel_only,9,calibrated,25,10.0,18,18.0,18,0.6939102961910553,0.49766295606063476,0.459981171578445,0.33844367212719384,0.5928765226326576,0.5350886576705508,0.5077777777777777,0.8055555555555556,0.9555555555555555,
efflux,kernel_only,9,raw,25,10.0,18,18.0,18,0.6939102961910553,0.49766295606063476,0.459981171578445,0.33844367212719384,0.5989118301688372,0.4675245144632128,0.46444444444444444,0.7511111111111111,0.9377777777777777,
efflux,mean_and_kernel,0,calibrated,25,1.0,18,18.0,18,0.1653025214081042,0.2961538469418883,0.7595917607142875,0.5704059377974934,1.1284149740533937,0.7763381679852803,0.4722222222222222,0.76,0.941111111111111,
efflux,mean_and_kernel,0,raw,25,1.0,18,18.0,18,0.1653025214081042,0.2961538469418883,0.7595917607142875,0.5704059377974934,1.1508100968850532,0.668950056499905,0.43222222222222223,0.7077777777777778,0.9044444444444445,
efflux,mean_and_kernel,1,calibrated,25,2.0,18,18.0,18,0.39208854969041884,0.311280278240641,0.6482400453800358,0.48278378082646267,0.9529776709505341,0.6277427147494422,0.4444444444444444,0.7400000000000001,0.9300000000000002,
efflux,mean_and_kernel,1,raw,25,2.0,18,18.0,18,0.39208854969041884,0.311280278240641,0.6482400453800358,0.48278378082646267,0.9971145324134021,0.5467203917768266,0.4011111111111111,0.6655555555555556,0.8955555555555557,
efflux,mean_and_kernel,2,calibrated,25,3.0,18,18.0,18,0.525034938089139,0.3527267596787877,0.5729893193571062,0.42835821751091213,0.8212285321734927,0.6003456551498836,0.4655555555555555,0.7766666666666667,0.9400000000000001,
efflux,mean_and_kernel,2,raw,25,3.0,18,18.0,18,0.525034938089139,0.3527267596787877,0.5729893193571062,0.42835821751091213,0.8404203800453358,0.5227310395240784,0.4099999999999999,0.7077777777777777,0.9244444444444445,
efflux,mean_and_kernel,4,calibrated,25,5.0,18,18.0,18,0.6049120184527859,0.38951938392387503,0.5225918156028794,0.38870275338490806,0.7305094304556823,0.570754228035609,0.48888888888888893,0.7733333333333334,0.9455555555555555,
efflux,mean_and_kernel,4,raw,25,5.0,18,18.0,18,0.6049120184527859,0.38951938392387503,0.5225918156028794,0.38870275338490806,0.7495528226338138,0.4971418093310463,0.43555555555555553,0.7155555555555555,0.928888888888889,
efflux,mean_and_kernel,9,calibrated,25,10.0,18,18.0,18,0.6935143688337502,0.507413520788153,0.46027856850595333,0.33840616497728554,0.5935591026931533,0.5340815326902602,0.5022222222222222,0.8033333333333333,0.9577777777777777,
efflux,mean_and_kernel,9,raw,25,10.0,18,18.0,18,0.6935143688337502,0.507413520788153,0.46027856850595333,0.33840616497728554,0.6005769175417828,0.46556484619776406,0.4588888888888889,0.7577777777777778,0.9355555555555556,
efflux,mean_only,0,calibrated,25,1.0,18,18.0,18,0.1658023103079106,0.28742687989854154,0.7593643176074084,0.5695063748293453,1.1233912941809878,0.7801222689946492,0.4733333333333334,0.758888888888889,0.941111111111111,
efflux,mean_only,0,raw,25,1.0,18,18.0,18,0.1658023103079106,0.28742687989854154,0.7593643176074084,0.5695063748293453,1.147637419307157,0.6622883701324463,0.4355555555555556,0.7011111111111111,0.9033333333333334,
efflux,mean_only,1,calibrated,25,2.0,18,18.0,18,0.28073827690090447,0.3222381939490636,0.7051137262457505,0.519241115450859,1.0294088687373348,0.6798163118627336,0.4577777777777777,0.7288888888888889,0.9277777777777777,
efflux,mean_only,1,raw,25,2.0,18,18.0,18,0.28073827690090447,0.3222381939490636,0.7051137262457505,0.519241115450859,1.0704011529603774,0.5814246634642284,0.39999999999999997,0.6733333333333333,0.8888888888888888,
efflux,mean_only,2,calibrated,25,3.0,18,18.0,18,0.4649305468809848,0.34873568841980557,0.6081640907399782,0.4536670617593659,0.8935721957730929,0.6444478244251675,0.44777777777777783,0.7844444444444445,0.9299999999999999,
efflux,mean_only,2,raw,25,3.0,18,18.0,18,0.4649305468809848,0.34873568841980557,0.6081640907399782,0.4536670617593659,0.906124163282846,0.5510831879244911,0.38222222222222224,0.7144444444444445,0.9155555555555556,
efflux,mean_only,4,calibrated,25,5.0,18,18.0,18,0.5775918450249096,0.3783336991237269,0.5403583184514862,0.4042599465449651,0.7800887835961068,0.5985722426573434,0.48666666666666664,0.7877777777777779,0.94,
efflux,mean_only,4,raw,25,5.0,18,18.0,18,0.5775918450249096,0.3783336991237269,0.5403583184514862,0.4042599465449651,0.7996615218638925,0.5122275230619643,0.42444444444444446,0.7122222222222221,0.9233333333333332,
efflux,mean_only,9,calibrated,25,10.0,18,18.0,18,0.6626570176937797,0.46702827629115845,0.4828936944728662,0.3625721054606967,0.6763441835900014,0.5534504589769575,0.48000000000000004,0.7888888888888889,0.9411111111111112,
efflux,mean_only,9,raw,25,10.0,18,18.0,18,0.6626570176937797,0.46702827629115845,0.4828936944728662,0.3625721054606967,0.6976322499432199,0.4741301073630651,0.4244444444444444,0.7288888888888889,0.9199999999999999,
efflux,unchanged,0,calibrated,25,1.0,18,18.0,18,0.163558939280538,0.2916805380127496,0.7603846945257503,0.5716121698088117,1.132225061596441,0.7566266995006138,0.4644444444444445,0.7533333333333333,0.9299999999999999,
efflux,unchanged,0,raw,25,1.0,18,18.0,18,0.163558939280538,0.2916805380127496,0.7603846945257503,0.5716121698088117,1.1536651377981855,0.6640596784485711,0.42000000000000004,0.7055555555555556,0.8999999999999999,
efflux,unchanged,1,calibrated,25,2.0,18,18.0,18,0.3810630120188222,0.33137178561753694,0.6540921138863018,0.4842459502153926,0.9564580969531487,0.6388417659865485,0.4544444444444443,0.7466666666666667,0.9277777777777777,
efflux,unchanged,1,raw,25,2.0,18,18.0,18,0.3810630120188222,0.33137178561753694,0.6540921138863018,0.4842459502153926,0.9924680728332717,0.5677679970529345,0.41666666666666663,0.701111111111111,0.9011111111111112,
efflux,unchanged,2,calibrated,25,3.0,18,18.0,18,0.5165612214945909,0.36150272741085954,0.5780779930462907,0.4281459820932812,0.8253755780702167,0.612203557756212,0.4755555555555555,0.7866666666666667,0.9366666666666666,
efflux,unchanged,2,raw,25,3.0,18,18.0,18,0.5165612214945909,0.36150272741085954,0.5780779930462907,0.4281459820932812,0.8401862618496033,0.5439794878164927,0.4344444444444444,0.7288888888888889,0.9222222222222223,
efflux,unchanged,4,calibrated,25,5.0,18,18.0,18,0.5997620647628953,0.3983226731833484,0.5259867683136945,0.38765203817023175,0.7260076104538475,0.5805400482813518,0.49888888888888894,0.7922222222222222,0.9444444444444444,
efflux,unchanged,4,raw,25,5.0,18,18.0,18,0.5997620647628953,0.3983226731833484,0.5259867683136945,0.38765203817023175,0.7401113101583768,0.5158431382973987,0.45222222222222214,0.7433333333333334,0.9300000000000002,
efflux,unchanged,9,calibrated,25,10.0,18,18.0,18,0.6874857483488006,0.4813884798851278,0.46478339955510517,0.3402042117714882,0.5967502259701392,0.5445056382815044,0.5277777777777778,0.8044444444444445,0.9533333333333334,
efflux,unchanged,9,raw,25,10.0,18,18.0,18,0.6874857483488006,0.4813884798851278,0.46478339955510517,0.3402042117714882,0.6028254373279022,0.4840996007124583,0.48777777777777764,0.7655555555555555,0.9333333333333333,
in_vivo_clearance,gp,0,calibrated,25,1.0,5,3.0,5,-0.4706910643142006,-0.042519565671682344,0.5598100432443921,0.4533443341255188,0.8693543051902773,0.5919197459220886,0.5199999999999999,0.8119999999999999,0.952,
in_vivo_clearance,gp,0,raw,25,1.0,5,3.0,5,-0.4706910643142006,-0.042519565671682344,0.5598100432443921,0.4533443341255188,0.9624509048808856,0.4343519849777221,0.388,0.668,0.8640000000000001,
in_vivo_clearance,gp,1,calibrated,25,2.0,5,3.0,5,0.01686249344447366,-0.02200000241398811,0.45770651173073584,0.35879117226600643,0.6462464305544853,0.4988783988952636,0.5559999999999999,0.796,0.96,
in_vivo_clearance,gp,1,raw,25,2.0,5,3.0,5,0.01686249344447366,-0.02200000241398811,0.45770651173073584,0.35879117226600643,0.7040674585158702,0.365808554649353,0.45999999999999996,0.704,0.8399999999999999,
in_vivo_clearance,gp,2,calibrated,25,3.0,5,3.0,5,0.2747229445579662,0.004571520835161197,0.39312614530963563,0.2997780549526215,0.4943365974252421,0.46106761264801027,0.592,0.8320000000000001,0.976,
in_vivo_clearance,gp,2,raw,25,3.0,5,3.0,5,0.2747229445579662,0.004571520835161197,0.39312614530963563,0.2997780549526215,0.5142879715743705,0.33818041610717775,0.5,0.74,0.892,
in_vivo_clearance,gp,4,calibrated,25,5.0,5,3.0,5,0.41824372074905924,0.1853508687019348,0.3520874122683375,0.27180537819862366,0.3754982066748479,0.4208796625137328,0.6119999999999999,0.876,0.9719999999999999,
in_vivo_clearance,gp,4,raw,25,5.0,5,3.0,5,0.41824372074905924,0.1853508687019348,0.3520874122683375,0.27180537819862366,0.3765470874434066,0.3090614337921142,0.492,0.76,0.9039999999999999,
in_vivo_clearance,gp,9,calibrated,25,10.0,5,3.0,5,0.5748372319998143,0.3222209809720516,0.30099381510643286,0.23170920312404628,0.23909776014682443,0.3785745210647583,0.616,0.884,0.984,
in_vivo_clearance,gp,9,raw,25,10.0,5,3.0,5,0.5748372319998143,0.3222209809720516,0.30099381510643286,0.23170920312404628,0.21944253291036414,0.2782778363227844,0.5,0.768,0.9280000000000002,
in_vivo_clearance,kernel_only,0,calibrated,25,1.0,5,3.0,5,-0.17349959424510164,-0.08835054203867915,0.500059210251661,0.3814722809791565,0.7059159460187605,0.5835663490295411,0.548,0.8320000000000001,0.96,
in_vivo_clearance,kernel_only,0,raw,25,1.0,5,3.0,5,-0.17349959424510164,-0.08835054203867915,0.500059210251661,0.3814722809791565,0.7254872506652257,0.5212973585128784,0.508,0.78,0.9120000000000001,
in_vivo_clearance,kernel_only,1,calibrated,25,2.0,5,3.0,5,0.06468923814288385,-0.05640250012278557,0.44643468034583605,0.3394133658409118,0.6247306934037329,0.5711088371276855,0.6279999999999999,0.8640000000000001,0.9640000000000001,
in_vivo_clearance,kernel_only,1,raw,25,2.0,5,3.0,5,0.06468923814288385,-0.05640250012278557,0.44643468034583605,0.3394133658409118,0.6344753432319653,0.5152557864189148,0.576,0.82,0.9280000000000002,
in_vivo_clearance,kernel_only,2,calibrated,25,3.0,5,3.0,5,0.2993720504549836,0.04693521916866302,0.3863880514062042,0.2968949654102325,0.5212953583877058,0.5572728843688965,0.6599999999999999,0.908,0.9800000000000001,
in_vivo_clearance,kernel_only,2,raw,25,3.0,5,3.0,5,0.2993720504549836,0.04693521916866302,0.3863880514062042,0.2968949654102325,0.5033331721067118,0.50269668674469,0.6,0.8800000000000001,0.96,
in_vivo_clearance,kernel_only,4,calibrated,25,5.0,5,3.0,5,0.4344645961918986,0.17103913277387617,0.3471441553804021,0.26274929320812224,0.44665182004925424,0.5392375345230102,0.712,0.9280000000000002,0.9879999999999999,
in_vivo_clearance,kernel_only,4,raw,25,5.0,5,3.0,5,0.4344645961918986,0.17103913277387617,0.3471441553804021,0.26274929320812224,0.4148461154312305,0.4862718796730042,0.6639999999999999,0.9,0.9640000000000001,
in_vivo_clearance,kernel_only,9,calibrated,25,10.0,5,3.0,5,0.5801695898691563,0.3475586998462677,0.29910033908417916,0.22719873249530784,0.3620798442279517,0.5209544076919554,0.764,0.944,0.9879999999999999,
in_vivo_clearance,kernel_only,9,raw,25,10.0,5,3.0,5,0.5801695898691563,0.3475586998462677,0.29910033908417916,0.22719873249530784,0.31403611034340523,0.46976020145416264,0.72,0.9199999999999999,0.976,
in_vivo_clearance,mean_and_kernel,0,calibrated,25,1.0,5,3.0,5,-0.15832785116989934,-0.09548043176531792,0.49681615361041054,0.37903438997268674,0.6992676452085748,0.5828918333053589,0.5519999999999999,0.8320000000000001,0.96,
in_vivo_clearance,mean_and_kernel,0,raw,25,1.0,5,3.0,5,-0.15832785116989934,-0.09548043176531792,0.49681615361041054,0.37903438997268674,0.7147082835729107,0.5232806358337403,0.508,0.788,0.9199999999999999,
in_vivo_clearance,mean_and_kernel,1,calibrated,25,2.0,5,3.0,5,0.08472592307218552,-0.030402500033378594,0.44162692129217657,0.3351966218948364,0.6172198417138438,0.5673096599578857,0.624,0.8640000000000001,0.9640000000000001,
in_vivo_clearance,mean_and_kernel,1,raw,25,2.0,5,3.0,5,0.08472592307218552,-0.030402500033378594,0.44162692129217657,0.3351966218948364,0.6251790078561756,0.5143665156364441,0.5880000000000001,0.8240000000000001,0.9280000000000002,
in_vivo_clearance,mean_and_kernel,2,calibrated,25,3.0,5,3.0,5,0.31739428992190466,0.07898717507719992,0.38138614963354817,0.29260711812973017,0.5111487064661432,0.554216459274292,0.6599999999999999,0.9040000000000001,0.9800000000000001,
in_vivo_clearance,mean_and_kernel,2,raw,25,3.0,5,3.0,5,0.31739428992190466,0.07898717507719992,0.38138614963354817,0.29260711812973017,0.49199405980375993,0.5023832197189331,0.5960000000000001,0.876,0.96,
in_vivo_clearance,mean_and_kernel,4,calibrated,25,5.0,5,3.0,5,0.4514880460013284,0.2284807641804218,0.3418794583199033,0.25864710211753844,0.43715887469010395,0.5378069248199463,0.716,0.924,0.9879999999999999,
in_vivo_clearance,mean_and_kernel,4,raw,25,5.0,5,3.0,5,0.4514880460013284,0.2284807641804218,0.3418794583199033,0.25864710211753844,0.4038903681412848,0.48724479722976677,0.6559999999999999,0.916,0.9640000000000001,
in_vivo_clearance,mean_and_kernel,9,calibrated,25,10.0,5,3.0,5,0.5837788788394269,0.34976652666926383,0.29781187859997754,0.2250228494405746,0.3592651505625809,0.5206317548751831,0.7599999999999999,0.9399999999999998,0.9879999999999999,
in_vivo_clearance,mean_and_kernel,9,raw,25,10.0,5,3.0,5,0.5837788788394269,0.34976652666926383,0.29781187859997754,0.2250228494405746,0.3112736590901615,0.47157570314407343,0.716,0.9199999999999999,0.984,
in_vivo_clearance,mean_only,0,calibrated,25,1.0,5,3.0,5,-0.17861352023304788,-0.12163630291819572,0.5011476153168455,0.38306664156913756,0.706204669618315,0.5905577049255372,0.5599999999999999,0.8400000000000001,0.968,
in_vivo_clearance,mean_only,0,raw,25,1.0,5,3.0,5,-0.17861352023304788,-0.12163630291819572,0.5011476153168455,0.38306664156913756,0.7151709536198323,0.514005368232727,0.5199999999999999,0.7959999999999999,0.9280000000000002,
in_vivo_clearance,mean_only,1,calibrated,25,2.0,5,3.0,5,-0.13168410677154951,-0.06261032789945602,0.4910690544089604,0.3800350821018218,0.7187496838622597,0.6159094219207765,0.572,0.8640000000000001,0.9800000000000001,
in_vivo_clearance,mean_only,1,raw,25,2.0,5,3.0,5,-0.13168410677154951,-0.06261032789945602,0.4910690544089604,0.3800350821018218,0.7315778128810487,0.5429863810539245,0.512,0.808,0.9280000000000002,
in_vivo_clearance,mean_only,2,calibrated,25,3.0,5,3.0,5,0.2066810024927801,0.02764945849776267,0.41115340000535355,0.3212787120342254,0.5910723645690313,0.5995027914047242,0.6559999999999999,0.8960000000000001,0.9879999999999999,
in_vivo_clearance,mean_only,2,raw,25,3.0,5,3.0,5,0.2066810024927801,0.02764945849776267,0.41115340000535355,0.3212787120342254,0.5649093234338156,0.5287254385948181,0.6,0.8560000000000001,0.9560000000000001,
in_vivo_clearance,mean_only,4,calibrated,25,5.0,5,3.0,5,0.38635201746951253,0.13533771947026252,0.36160931903110277,0.27580430257320404,0.5034025619745134,0.5797617044448853,0.708,0.9280000000000002,0.984,
in_vivo_clearance,mean_only,4,raw,25,5.0,5,3.0,5,0.38635201746951253,0.13533771947026252,0.36160931903110277,0.27580430257320404,0.4560984557729218,0.5111132864952087,0.656,0.8960000000000001,0.968,
in_vivo_clearance,mean_only,9,calibrated,25,10.0,5,3.0,5,0.5284286645795806,0.2931950028240681,0.3169959094286783,0.24185589635372157,0.4328312609292496,0.5610433588027954,0.716,0.96,0.9879999999999999,
in_vivo_clearance,mean_only,9,raw,25,10.0,5,3.0,5,0.5284286645795806,0.2931950028240681,0.3169959094286783,0.24185589635372157,0.3705066425711441,0.49455926227569585,0.6719999999999999,0.9200000000000002,0.984,
in_vivo_clearance,unchanged,0,calibrated,25,1.0,5,3.0,5,-0.17870776263230792,-0.1043505422770977,0.5011676508962608,0.38248151147365567,0.7064162840725625,0.5795150938034057,0.5519999999999999,0.8320000000000001,0.9559999999999998,
in_vivo_clearance,unchanged,0,raw,25,1.0,5,3.0,5,-0.17870776263230792,-0.1043505422770977,0.5011676508962608,0.38248151147365567,0.7231843867861455,0.5167434663772583,0.5039999999999999,0.78,0.908,
in_vivo_clearance,unchanged,1,calibrated,25,2.0,5,3.0,5,0.04645226907014355,-0.05753239154815669,0.4507660272827807,0.3424366025924682,0.6396530549894587,0.580088752746582,0.6199999999999999,0.8760000000000001,0.96,
in_vivo_clearance,unchanged,1,raw,25,2.0,5,3.0,5,0.04645226907014355,-0.05753239154815669,0.4507660272827807,0.3424366025924682,0.6478215152465822,0.5217739434242248,0.5519999999999999,0.8320000000000001,0.9280000000000002,
in_vivo_clearance,unchanged,2,calibrated,25,3.0,5,3.0,5,0.2982752774516627,0.057389672845602015,0.38669036183054295,0.29717407488822933,0.5317966652391923,0.5683984432220459,0.6679999999999999,0.916,0.984,
in_vivo_clearance,unchanged,2,raw,25,3.0,5,3.0,5,0.2982752774516627,0.057389672845602015,0.38669036183054295,0.29717407488822933,0.5092301370019734,0.511152892112732,0.6199999999999999,0.8800000000000001,0.96,
in_vivo_clearance,unchanged,4,calibrated,25,5.0,5,3.0,5,0.4102159662614375,0.15585728555917736,0.3545083463995058,0.27126684367656706,0.4698159072618431,0.5508820199966431,0.704,0.9480000000000001,0.984,
in_vivo_clearance,unchanged,4,raw,25,5.0,5,3.0,5,0.4102159662614375,0.15585728555917736,0.3545083463995058,0.27126684367656706,0.43724812807905045,0.4952107272148133,0.6559999999999999,0.9039999999999999,0.9640000000000001,
in_vivo_clearance,unchanged,9,calibrated,25,10.0,5,3.0,5,0.5564120887552299,0.33929891690611835,0.30744668157651356,0.23758927273750302,0.38964677027149286,0.5321662006378174,0.748,0.9399999999999998,0.9879999999999999,
in_vivo_clearance,unchanged,9,raw,25,10.0,5,3.0,5,0.5564120887552299,0.33929891690611835,0.30744668157651356,0.23758927273750302,0.34076147148393,0.47827330541610724,0.7,0.916,0.9800000000000001,
microsomal_clearance,gp,0,calibrated,25,1.0,112,71.0,112,0.11821606657217298,0.30526460296101654,0.6201117348248866,0.4776580337009259,0.9406757133009532,0.6143638538462775,0.5367857142857143,0.7949999999999999,0.9355357142857142,
microsomal_clearance,gp,0,raw,25,1.0,112,71.0,112,0.11821606657217298,0.30526460296101654,0.6201117348248866,0.4776580337009259,0.9409336102394921,0.5659994179861886,0.5042857142857143,0.7664285714285715,0.9166071428571428,
microsomal_clearance,gp,1,calibrated,25,2.0,112,71.0,112,0.378894190562008,0.3220309487829627,0.5204411823583132,0.3981139468348452,0.7595556582678259,0.5205152866882937,0.5385714285714286,0.808392857142857,0.9396428571428571,
microsomal_clearance,gp,1,raw,25,2.0,112,71.0,112,0.378894190562008,0.3220309487829627,0.5204411823583132,0.3981139468348452,0.759641002138542,0.4795004405932767,0.5083928571428571,0.7767857142857143,0.9225,
microsomal_clearance,gp,2,calibrated,25,3.0,112,71.0,112,0.46325099024334937,0.3392193611162185,0.48380960388397193,0.3690704714453646,0.6885062335500068,0.48370009671364517,0.5451785714285714,0.8069642857142857,0.9401785714285715,
microsomal_clearance,gp,2,raw,25,3.0,112,71.0,112,0.46325099024334937,0.3392193611162185,0.48380960388397193,0.3690704714453646,0.6894642766860161,0.44552566479359346,0.5130357142857143,0.777142857142857,0.9246428571428572,
microsomal_clearance,gp,4,calibrated,25,5.0,112,71.0,112,0.5228315211265233,0.3642195563116628,0.45616791201501794,0.3456993187804307,0.6238505884268187,0.44552688958389414,0.5369642857142857,0.8028571428571428,0.9373214285714287,
microsomal_clearance,gp,4,raw,25,5.0,112,71.0,112,0.5228315211265233,0.3642195563116628,0.45616791201501794,0.3456993187804307,0.6282518847414845,0.4103842663977827,0.5057142857142857,0.7739285714285715,0.9205357142857142,
microsomal_clearance,gp,9,calibrated,25,10.0,112,71.0,112,0.5940315771209499,0.42011530651154455,0.4207605231395772,0.31593801165265695,0.5428466896934679,0.40448295510240967,0.5351785714285715,0.8049999999999999,0.9371428571428572,
microsomal_clearance,gp,9,raw,25,10.0,112,71.0,112,0.5940315771209499,0.42011530651154455,0.4207605231395772,0.31593801165265695,0.5491295744233916,0.37248343514544624,0.5025000000000001,0.7773214285714286,0.9208928571428573,
microsomal_clearance,kernel_only,0,calibrated,25,1.0,112,71.0,112,0.09105300553624363,0.3297568412430588,0.6295904592129256,0.48779644879379447,0.9699256042999373,0.6374316106949534,0.5130357142857143,0.7860714285714285,0.9426785714285716,
microsomal_clearance,kernel_only,0,raw,25,1.0,112,71.0,112,0.09105300553624363,0.3297568412430588,0.6295904592129256,0.48779644879379447,0.9584625751676847,0.6002421730331012,0.49375,0.7651785714285714,0.9303571428571429,
microsomal_clearance,kernel_only,1,calibrated,25,2.0,112,71.0,112,0.3685839682308153,0.3432196960932852,0.5247430091154488,0.3993049542978406,0.7880033548983147,0.49037791100995876,0.4930357142857143,0.7692857142857142,0.9182142857142858,
microsomal_clearance,kernel_only,1,raw,25,2.0,112,71.0,112,0.3685839682308153,0.3432196960932852,0.5247430091154488,0.3993049542978406,0.7923632567112701,0.46338094583579476,0.4742857142857143,0.75,0.9048214285714286,
microsomal_clearance,kernel_only,2,calibrated,25,3.0,112,71.0,112,0.45719072205420486,0.3594959775165415,0.4865332104211771,0.36868418448471596,0.7114762954476742,0.4679447314781803,0.5167857142857143,0.7792857142857142,0.9225000000000001,
microsomal_clearance,kernel_only,2,raw,25,3.0,112,71.0,112,0.45719072205420486,0.3594959775165415,0.4865332104211771,0.36868418448471596,0.7152724858099724,0.4421496371286256,0.4951785714285715,0.7607142857142856,0.9121428571428571,
microsomal_clearance,kernel_only,4,calibrated,25,5.0,112,71.0,112,0.5266258606246846,0.3712573029541214,0.4543506183347051,0.34248944594657843,0.6423670195216538,0.44137624178613927,0.5260714285714285,0.7848214285714284,0.9282142857142858,
microsomal_clearance,kernel_only,4,raw,25,5.0,112,71.0,112,0.5266258606246846,0.3712573029541214,0.4543506183347051,0.34248944594657843,0.6451554245860601,0.41700591349175997,0.5016071428571428,0.7639285714285714,0.9144642857142857,
microsomal_clearance,kernel_only,9,calibrated,25,10.0,112,71.0,112,0.6020196108278214,0.436675317503476,0.41660041221439625,0.3110162934102117,0.5561114134277529,0.41038564300962854,0.5360714285714285,0.7923214285714286,0.9341071428571429,
microsomal_clearance,kernel_only,9,raw,25,10.0,112,71.0,112,0.6020196108278214,0.436675317503476,0.41660041221439625,0.3110162934102117,0.5576654471458489,0.3875551142862865,0.5144642857142857,0.7748214285714285,0.923392857142857,
microsomal_clearance,mean_and_kernel,0,calibrated,25,1.0,112,71.0,112,0.08905518392680845,0.3295331821643353,0.6302819841530961,0.48852089180478026,0.9704333816093386,0.6369938815065793,0.5132142857142857,0.7855357142857142,0.9417857142857144,
microsomal_clearance,mean_and_kernel,0,raw,25,1.0,112,71.0,112,0.08905518392680845,0.3295331821643353,0.6302819841530961,0.48852089180478026,0.9596678565285858,0.5986517674582345,0.49250000000000005,0.7623214285714285,0.9298214285714286,
microsomal_clearance,mean_and_kernel,1,calibrated,25,2.0,112,71.0,112,0.3673918873552684,0.34362716821641104,0.5252381193974898,0.39981858421649247,0.7890296897178206,0.4896944115417345,0.4908928571428572,0.7666071428571429,0.9155357142857143,
microsomal_clearance,mean_and_kernel,1,raw,25,2.0,112,71.0,112,0.3673918873552684,0.34362716821641104,0.5252381193974898,0.39981858421649247,0.79365718153487,0.4616945636698177,0.47285714285714286,0.7491071428571427,0.9035714285714287,
microsomal_clearance,mean_and_kernel,2,calibrated,25,3.0,112,71.0,112,0.4594129133978304,0.35888581011605886,0.4855362868736305,0.3680742007760065,0.7089610259658651,0.46745857487831793,0.5146428571428572,0.7824999999999999,0.9246428571428572,
microsomal_clearance,mean_and_kernel,2,raw,25,3.0,112,71.0,112,0.4594129133978304,0.35888581011605886,0.4855362868736305,0.3680742007760065,0.7127568509935912,0.4407003760550703,0.49642857142857144,0.7612499999999999,0.9107142857142857,
microsomal_clearance,mean_and_kernel,4,calibrated,25,5.0,112,71.0,112,0.5278303655927261,0.37147065631067483,0.4537722004333416,0.34199865047686867,0.6407463090032021,0.4410119465419225,0.5255357142857143,0.78625,0.9289285714285714,
microsomal_clearance,mean_and_kernel,4,raw,25,5.0,112,71.0,112,0.5278303655927261,0.37147065631067483,0.4537722004333416,0.34199865047686867,0.6437680155167673,0.41572887959224836,0.5008928571428571,0.764107142857143,0.9148214285714287,
microsomal_clearance,mean_and_kernel,9,calibrated,25,10.0,112,71.0,112,0.6027667998381814,0.4364303297777671,0.4162091548830653,0.3105578317360154,0.5544562675804477,0.4100732418256147,0.53625,0.7924999999999999,0.9358928571428572,
microsomal_clearance,mean_and_kernel,9,raw,25,10.0,112,71.0,112,0.6027667998381814,0.4364303297777671,0.4162091548830653,0.3105578317360154,0.5562024577086502,0.38639273258192197,0.5144642857142857,0.7728571428571429,0.9221428571428572,
microsomal_clearance,mean_only,0,calibrated,25,1.0,112,71.0,112,0.10326061280081134,0.3288097737897124,0.6253483120512574,0.4844204770720431,0.960539949109872,0.6125785551752363,0.5035714285714287,0.7760714285714287,0.9348214285714286,
microsomal_clearance,mean_only,0,raw,25,1.0,112,71.0,112,0.10326061280081134,0.3288097737897124,0.6253483120512574,0.4844204770720431,0.9604620958080429,0.5643773663469723,0.4739285714285714,0.7466071428571429,0.9142857142857144,
microsomal_clearance,mean_only,1,calibrated,25,2.0,112,71.0,112,0.30675127478221764,0.3438268634144855,0.5498362880380315,0.4188608767464756,0.8187873810531118,0.5406277513929776,0.5164285714285715,0.7882142857142858,0.9312500000000001,
microsomal_clearance,mean_only,1,raw,25,2.0,112,71.0,112,0.30675127478221764,0.3438268634144855,0.5498362880380315,0.4188608767464756,0.8242061717287328,0.49936021462082864,0.485,0.7542857142857142,0.9132142857142859,
microsomal_clearance,mean_only,2,calibrated,25,3.0,112,71.0,112,0.42880415704703323,0.35407251049569105,0.4990928844491847,0.37801886949954294,0.7362914049064962,0.49947497853210987,0.5330357142857143,0.7921428571428571,0.9299999999999999,
microsomal_clearance,mean_only,2,raw,25,3.0,112,71.0,112,0.42880415704703323,0.35407251049569105,0.4990928844491847,0.37801886949954294,0.7421415837840113,0.4612270170237337,0.4978571428571429,0.762142857142857,0.9123214285714286,
microsomal_clearance,mean_only,4,calibrated,25,5.0,112,71.0,112,0.5121483105115389,0.3644348919852542,0.46124616240080485,0.34830141578934015,0.6625854853200339,0.46111376459045067,0.5305357142857143,0.7966071428571428,0.9326785714285715,
microsomal_clearance,mean_only,4,raw,25,5.0,112,71.0,112,0.5121483105115389,0.3644348919852542,0.46124616240080485,0.34830141578934015,0.668653261283228,0.42572855478950905,0.4998214285714285,0.7699999999999999,0.9164285714285716,
microsomal_clearance,mean_only,9,calibrated,25,10.0,112,71.0,112,0.5846482072613693,0.4128905993792843,0.42559537894489924,0.32022640730919577,0.5858121794925949,0.4226600982887404,0.5280357142857143,0.7937500000000001,0.9316071428571429,
microsomal_clearance,mean_only,9,raw,25,10.0,112,71.0,112,0.5846482072613693,0.4128905993792843,0.42559537894489924,0.32022640730919577,0.592679172404809,0.3900304487986224,0.49874999999999997,0.7669642857142858,0.9133928571428571,
microsomal_clearance,unchanged,0,calibrated,25,1.0,112,71.0,112,0.09129474920138969,0.32866188019641845,0.6295067306637503,0.487721085814493,0.9702664873952637,0.6255871126055718,0.5053571428571428,0.7796428571428571,0.9383928571428573,
microsomal_clearance,unchanged,0,raw,25,1.0,112,71.0,112,0.09129474920138969,0.32866188019641845,0.6295067306637503,0.487721085814493,0.9593076008396982,0.5945187789201736,0.4889285714285715,0.7619642857142858,0.9287500000000001,
microsomal_clearance,unchanged,1,calibrated,25,2.0,112,71.0,112,0.36928415940972237,0.3418536072008759,0.5244519788561929,0.40036465959091266,0.7829960364899041,0.5081022038630076,0.5023214285714286,0.7814285714285714,0.9264285714285715,
microsomal_clearance,unchanged,1,raw,25,2.0,112,71.0,112,0.36928415940972237,0.3418536072008759,0.5244519788561929,0.40036465959091266,0.7822682464833116,0.4847609127419335,0.48267857142857146,0.7642857142857142,0.9169642857142859,
microsomal_clearance,unchanged,2,calibrated,25,3.0,112,71.0,112,0.45407470517834925,0.35355620011391625,0.4879276930223995,0.37051070711708495,0.714134059772585,0.4812149010811533,0.5203571428571429,0.790357142857143,0.9271428571428572,
microsomal_clearance,unchanged,2,raw,25,3.0,112,71.0,112,0.45407470517834925,0.35355620011391625,0.4879276930223995,0.37051070711708495,0.713496176388819,0.4590877464200768,0.5026785714285714,0.7753571428571429,0.9169642857142856,
microsomal_clearance,unchanged,4,calibrated,25,5.0,112,71.0,112,0.5211895409860945,0.37072962839980006,0.45695209562238887,0.3450324593298137,0.6486255619123796,0.45151295964206967,0.5278571428571429,0.7898214285714286,0.9314285714285714,
microsomal_clearance,unchanged,4,raw,25,5.0,112,71.0,112,0.5211895409860945,0.37072962839980006,0.45695209562238887,0.3450324593298137,0.6481750109289965,0.43072980559297974,0.5082142857142857,0.7755357142857143,0.9203571428571429,
microsomal_clearance,unchanged,9,calibrated,25,10.0,112,71.0,112,0.5950343374892392,0.43298869758555053,0.4202405530911487,0.3147078768057483,0.5630033839076007,0.41843307635613847,0.5342857142857144,0.7966071428571428,0.9351785714285714,
microsomal_clearance,unchanged,9,raw,25,10.0,112,71.0,112,0.5950343374892392,0.43298869758555053,0.4202405530911487,0.3147078768057483,0.5622575033373894,0.3990116864655699,0.5173214285714286,0.7825,0.9269642857142857,
permeability,gp,0,calibrated,25,1.0,24,21.0,24,0.2416306223706488,0.35426782580713434,0.7413987124654984,0.5496232346942027,1.0951506336599715,0.7871383863687514,0.5841666666666666,0.8408333333333333,0.9458333333333333,
permeability,gp,0,raw,25,1.0,24,21.0,24,0.2416306223706488,0.35426782580713434,0.7413987124654984,0.5496232346942027,1.126791732493692,0.6144191215435664,0.4958333333333333,0.7583333333333333,0.8933333333333334,
permeability,gp,1,calibrated,25,2.0,24,21.0,24,0.4652178602062593,0.37697028229013085,0.6225867600096855,0.4585799975444873,0.9276306151932993,0.659618537624677,0.6075,0.8275,0.9458333333333332,
permeability,gp,1,raw,25,2.0,24,21.0,24,0.4652178602062593,0.37697028229013085,0.6225867600096855,0.4585799975444873,0.9557677705120926,0.5150690471132596,0.5216666666666666,0.75,0.8883333333333333,
permeability,gp,2,calibrated,25,3.0,24,21.0,24,0.548166461642372,0.394365624555697,0.5722695861685821,0.42181679022808866,0.8474347782307076,0.6065041815241178,0.6066666666666667,0.8308333333333332,0.9424999999999999,
permeability,gp,2,raw,25,3.0,24,21.0,24,0.548166461642372,0.394365624555697,0.5722695861685821,0.42181679022808866,0.8705115399788066,0.4733764238158862,0.5191666666666667,0.75,0.8833333333333333,
permeability,gp,4,calibrated,25,5.0,24,21.0,24,0.6393444362311913,0.43711445508524777,0.5112787603665047,0.3795791079352299,0.7254255142139829,0.5537056212623913,0.5733333333333334,0.8441666666666666,0.9525,
permeability,gp,4,raw,25,5.0,24,21.0,24,0.6393444362311913,0.43711445508524777,0.5112787603665047,0.3795791079352299,0.7365085247685424,0.43230742692947377,0.5041666666666667,0.7508333333333335,0.9008333333333333,
permeability,gp,9,calibrated,25,10.0,24,21.0,24,0.7035770999703379,0.4931998014139632,0.46351875280967103,0.3363639146586259,0.6142983295722563,0.4988918545842171,0.6091666666666667,0.8391666666666667,0.9500000000000001,
permeability,gp,9,raw,25,10.0,24,21.0,24,0.7035770999703379,0.4931998014139632,0.46351875280967103,0.3363639146586259,0.6216364063821364,0.38951838771502173,0.5233333333333333,0.7658333333333335,0.8991666666666668,
permeability,kernel_only,0,calibrated,25,1.0,24,21.0,24,0.21551457344759573,0.3159719436119,0.7540564747929432,0.5610066349556049,1.088104122794501,0.8367517681916553,0.5133333333333333,0.8125,0.9566666666666667,
permeability,kernel_only,0,raw,25,1.0,24,21.0,24,0.21551457344759573,0.3159719436119,0.7540564747929432,0.5610066349556049,1.097890289287327,0.700487539768219,0.45333333333333337,0.7425,0.9225,
permeability,kernel_only,1,calibrated,25,2.0,24,21.0,24,0.4237909458405059,0.3521137274801731,0.6462513636224125,0.4771610699345668,0.9218884576721861,0.6910611242055893,0.48500000000000004,0.775,0.9541666666666666,
permeability,kernel_only,1,raw,25,2.0,24,21.0,24,0.4237909458405059,0.3521137274801731,0.6462513636224125,0.4771610699345668,0.9462323206648483,0.5788898651798565,0.4316666666666667,0.7116666666666666,0.9191666666666666,
permeability,kernel_only,2,calibrated,25,3.0,24,21.0,24,0.5179780120750577,0.3631474230748912,0.5910780856994647,0.4389398663987716,0.8311006866547167,0.6544627071420351,0.48500000000000004,0.7883333333333334,0.9591666666666666,
permeability,kernel_only,2,raw,25,3.0,24,21.0,24,0.5179780120750577,0.3631474230748912,0.5910780856994647,0.4389398663987716,0.8498351674376107,0.548233666419983,0.42333333333333334,0.7241666666666667,0.9158333333333334,
permeability,kernel_only,4,calibrated,25,5.0,24,21.0,24,0.6102142541516529,0.40566341889401275,0.5315258736863082,0.39661814692119757,0.7328676537999425,0.6175038154919942,0.5,0.8041666666666667,0.965,
permeability,kernel_only,4,raw,25,5.0,24,21.0,24,0.6102142541516529,0.40566341889401275,0.5315258736863082,0.39661814692119757,0.7433220282739184,0.5172366749246915,0.4375,0.7341666666666665,0.9333333333333332,
permeability,kernel_only,9,calibrated,25,10.0,24,21.0,24,0.6904587179996603,0.4455903897993267,0.4736643748123067,0.3519734254231055,0.6164662575981739,0.5759592975179354,0.5341666666666667,0.8283333333333335,0.9683333333333333,
permeability,kernel_only,9,raw,25,10.0,24,21.0,24,0.6904587179996603,0.4455903897993267,0.4736643748123067,0.3519734254231055,0.6151605925544342,0.48230529069900513,0.455,0.7591666666666668,0.9391666666666666,
permeability,mean_and_kernel,0,calibrated,25,1.0,24,21.0,24,0.21676836327534266,0.3159935922051469,0.75345365518579,0.5598001648734013,1.0862211492624738,0.8388951780398686,0.5208333333333334,0.8133333333333335,0.9558333333333332,
permeability,mean_and_kernel,0,raw,25,1.0,24,21.0,24,0.21676836327534266,0.3159935922051469,0.75345365518579,0.5598001648734013,1.0950558422557508,0.702247628569603,0.45249999999999996,0.7441666666666666,0.9233333333333333,
permeability,mean_and_kernel,1,calibrated,25,2.0,24,21.0,24,0.42621138948778614,0.36053091591844955,0.6448926023104933,0.4757675287375847,0.9180215886667763,0.6924938419461251,0.48,0.7766666666666667,0.9550000000000001,
permeability,mean_and_kernel,1,raw,25,2.0,24,21.0,24,0.42621138948778614,0.36053091591844955,0.6448926023104933,0.4757675287375847,0.9413842045877848,0.5800946015119552,0.43416666666666665,0.7116666666666666,0.9166666666666666,
permeability,mean_and_kernel,2,calibrated,25,3.0,24,21.0,24,0.5208610123128377,0.3554622859694063,0.5893077992813938,0.4377246691286563,0.8280240198631628,0.6561732053756714,0.4808333333333333,0.7925000000000001,0.9575,
permeability,mean_and_kernel,2,raw,25,3.0,24,21.0,24,0.5208610123128377,0.3554622859694063,0.5893077992813938,0.4377246691286563,0.8455834415791462,0.5496733765800794,0.4291666666666667,0.7225,0.9183333333333333,
permeability,mean_and_kernel,4,calibrated,25,5.0,24,21.0,24,0.6106560457491959,0.40085551567996536,0.5312245668226485,0.3956660075485707,0.730209528423832,0.6194584534565607,0.4925,0.8083333333333335,0.9658333333333333,
permeability,mean_and_kernel,4,raw,25,5.0,24,21.0,24,0.6106560457491959,0.40085551567996536,0.5312245668226485,0.3956660075485707,0.739698870996982,0.5188825007279714,0.4383333333333333,0.7300000000000001,0.9358333333333334,
permeability,mean_and_kernel,9,calibrated,25,10.0,24,21.0,24,0.6910303228716606,0.4476656401529908,0.47322683386358794,0.3510422152404984,0.6145304720697792,0.5779286529620488,0.5325000000000001,0.8275,0.9700000000000001,
permeability,mean_and_kernel,9,raw,25,10.0,24,21.0,24,0.6910303228716606,0.4476656401529908,0.47322683386358794,0.3510422152404984,0.6121953910181543,0.4839813893040021,0.45583333333333337,0.7558333333333334,0.9383333333333334,
permeability,mean_only,0,calibrated,25,1.0,24,21.0,24,0.21856459392565297,0.3149573376091818,0.7525891897321129,0.5589278573542834,1.0748122186586344,0.835048817396164,0.5116666666666667,0.8158333333333333,0.9583333333333334,
permeability,mean_only,0,raw,25,1.0,24,21.0,24,0.21856459392565297,0.3149573376091818,0.7525891897321129,0.5589278573542834,1.0934241751943783,0.6743887942035993,0.4258333333333333,0.7366666666666667,0.9166666666666666,
permeability,mean_only,1,calibrated,25,2.0,24,21.0,24,0.3323258202296079,0.34906716973831253,0.6956547007963755,0.5133382736146449,0.975991518547441,0.760737502872944,0.4825,0.7925,0.9625,
permeability,mean_only,1,raw,25,2.0,24,21.0,24,0.3323258202296079,0.34906716973831253,0.6956547007963755,0.5133382736146449,1.0063933636885771,0.6149729716777802,0.4058333333333333,0.6933333333333334,0.9108333333333333,
permeability,mean_only,2,calibrated,25,3.0,24,21.0,24,0.4848054818524653,0.36190353874117137,0.6110785649255275,0.45394629192849,0.8575708131431171,0.7058899415532749,0.49416666666666664,0.81,0.9666666666666668,
permeability,mean_only,2,raw,25,3.0,24,21.0,24,0.4848054818524653,0.36190353874117137,0.6110785649255275,0.45394629192849,0.8769222837474905,0.5707056375344594,0.41083333333333333,0.725,0.9258333333333333,
permeability,mean_only,4,calibrated,25,5.0,24,21.0,24,0.5798736088209905,0.39772510364030794,0.551825054901567,0.4141775389015674,0.7651445230739439,0.6600530453523,0.5066666666666667,0.8174999999999999,0.9741666666666667,
permeability,mean_only,4,raw,25,5.0,24,21.0,24,0.5798736088209905,0.39772510364030794,0.551825054901567,0.4141775389015674,0.7795397421279855,0.5337223973870276,0.42,0.7225,0.9341666666666667,
permeability,mean_only,9,calibrated,25,10.0,24,21.0,24,0.653443260547449,0.42429363454381624,0.5011856270569846,0.3763996221125126,0.6772593585260763,0.6091973379254341,0.4975,0.8108333333333334,0.9766666666666666,
permeability,mean_only,9,raw,25,10.0,24,21.0,24,0.653443260547449,0.42429363454381624,0.5011856270569846,0.3763996221125126,0.6909513914947235,0.49250269343455627,0.4183333333333333,0.7316666666666666,0.9358333333333334,
permeability,unchanged,0,calibrated,25,1.0,24,21.0,24,0.2157103778989401,0.3164102587848902,0.7539623641673366,0.5610278774549563,1.088260277851842,0.8145717813571295,0.5025000000000001,0.8058333333333335,0.9500000000000001,
permeability,unchanged,0,raw,25,1.0,24,21.0,24,0.2157103778989401,0.3164102587848902,0.7539623641673366,0.5610278774549563,1.097690413972708,0.6997119728724162,0.45333333333333337,0.7416666666666666,0.9225,
permeability,unchanged,1,calibrated,25,2.0,24,21.0,24,0.42185826761812983,0.3595704299397766,0.6473342608432363,0.47759547548989456,0.9091729932492001,0.7007834208011627,0.4883333333333333,0.7775,0.9608333333333333,
permeability,unchanged,1,raw,25,2.0,24,21.0,24,0.42185826761812983,0.3595704299397766,0.6473342608432363,0.47759547548989456,0.9230433012145419,0.6023174352447191,0.4383333333333333,0.7325,0.9308333333333332,
permeability,unchanged,2,calibrated,25,3.0,24,21.0,24,0.512785882725294,0.35801640727246803,0.5942529758599739,0.4394923586895068,0.8212717088802842,0.6618753871321679,0.49333333333333335,0.7958333333333334,0.9616666666666666,
permeability,unchanged,2,raw,25,3.0,24,21.0,24,0.512785882725294,0.35801640727246803,0.5942529758599739,0.4394923586895068,0.8301817514157875,0.568940593600273,0.43083333333333335,0.735,0.9349999999999999,
permeability,unchanged,4,calibrated,25,5.0,24,21.0,24,0.6052497216286283,0.40018549058586356,0.5349000713813841,0.398371817941467,0.7279631513652806,0.6253923804561298,0.5,0.8108333333333334,0.9700000000000001,
permeability,unchanged,4,raw,25,5.0,24,21.0,24,0.6052497216286283,0.40018549058586356,0.5349000713813841,0.398371817941467,0.7305104271297783,0.5375955265760421,0.4466666666666667,0.7408333333333332,0.9483333333333333,
permeability,unchanged,9,calibrated,25,10.0,24,21.0,24,0.6767549763499351,0.43515575826168057,0.48403565880608435,0.3582306412359079,0.6247832178884544,0.584666684071223,0.5158333333333333,0.82,0.975,
permeability,unchanged,9,raw,25,10.0,24,21.0,24,0.6767549763499351,0.43515575826168057,0.48403565880608435,0.3582306412359079,0.619464536035271,0.5024227307240168,0.46166666666666667,0.7741666666666666,0.9458333333333333,
protein_binding,gp,0,calibrated,25,1.0,15,11.0,15,0.22849739183892104,0.5099097965657712,0.7029388391242255,0.5243986100355784,1.1589277728017933,0.9664432570139568,0.6946666666666667,0.8919999999999999,0.9706666666666667,
protein_binding,gp,0,raw,25,1.0,15,11.0,15,0.22849739183892104,0.5099097965657712,0.7029388391242255,0.5243986100355784,1.0491832961317409,0.7167399934132894,0.592,0.8346666666666666,0.9426666666666665,
protein_binding,gp,1,calibrated,25,2.0,15,11.0,15,0.4916717552208153,0.5208283433318138,0.5705858026401941,0.4310925398270289,0.9445255137207286,0.811930946667989,0.6906666666666668,0.9266666666666666,0.9826666666666667,
protein_binding,gp,1,raw,25,2.0,15,11.0,15,0.4916717552208153,0.5208283433318138,0.5705858026401941,0.4310925398270289,0.8334923038580931,0.6015362246831258,0.5786666666666667,0.8520000000000001,0.9586666666666667,
protein_binding,gp,2,calibrated,25,3.0,15,11.0,15,0.5787293387995365,0.5193050051728885,0.5194328929133551,0.3862667384545009,0.8519244731963068,0.7421246487299602,0.708,0.9226666666666667,0.9826666666666666,
protein_binding,gp,2,raw,25,3.0,15,11.0,15,0.5787293387995365,0.5193050051728885,0.5194328929133551,0.3862667384545009,0.7422492801785573,0.5498205045064292,0.5879999999999999,0.8533333333333334,0.9506666666666667,
protein_binding,gp,4,calibrated,25,5.0,15,11.0,15,0.6265458239948511,0.5431815689305464,0.4890660326599567,0.3648823574384053,0.7822263142391673,0.6814358326594034,0.6973333333333335,0.9133333333333334,0.9799999999999999,
protein_binding,gp,4,raw,25,5.0,15,11.0,15,0.6265458239948511,0.5431815689305464,0.4890660326599567,0.3648823574384053,0.6750805903806728,0.5044002094268799,0.5733333333333331,0.852,0.9493333333333333,
protein_binding,gp,9,calibrated,25,10.0,15,11.0,15,0.6709833046078111,0.5795341736078262,0.45904769239419213,0.33705714225769035,0.7060309128527159,0.6180288934707643,0.6866666666666668,0.8986666666666667,0.9733333333333333,
protein_binding,gp,9,raw,25,10.0,15,11.0,15,0.6709833046078111,0.5795341736078262,0.45904769239419213,0.33705714225769035,0.60315612385815,0.45706169509887695,0.5533333333333332,0.8386666666666668,0.9400000000000001,
protein_binding,kernel_only,0,calibrated,25,1.0,15,11.0,15,0.24140113827588316,0.5372975507378578,0.69703555878316,0.524188196182251,1.0672464390399656,0.7149940233230591,0.4786666666666666,0.7613333333333334,0.9373333333333334,
protein_binding,kernel_only,0,raw,25,1.0,15,11.0,15,0.24140113827588316,0.5372975507378578,0.69703555878316,0.524188196182251,1.0626909850921005,0.6837747071584066,0.45466666666666666,0.7319999999999999,0.9320000000000002,
protein_binding,kernel_only,1,calibrated,25,2.0,15,11.0,15,0.5195520192815217,0.5432026001811027,0.5547177039953846,0.42203832793235774,0.8753173753057187,0.5643285255432128,0.4373333333333333,0.7506666666666667,0.928,
protein_binding,kernel_only,1,raw,25,2.0,15,11.0,15,0.5195520192815217,0.5432026001811027,0.5547177039953846,0.42203832793235774,0.8688344644521864,0.5371157506306967,0.43333333333333335,0.7333333333333333,0.9173333333333333,
protein_binding,kernel_only,2,calibrated,25,3.0,15,11.0,15,0.5949819868230255,0.5367260805269082,0.5093144641440368,0.3826851849953333,0.7707372150792163,0.529408342997233,0.46799999999999997,0.7559999999999999,0.9306666666666668,
protein_binding,kernel_only,2,raw,25,3.0,15,11.0,15,0.5949819868230255,0.5367260805269082,0.5093144641440368,0.3826851849953333,0.7613673453313882,0.503735012849172,0.45333333333333325,0.7373333333333333,0.9226666666666666,
protein_binding,kernel_only,4,calibrated,25,5.0,15,11.0,15,0.6525676200183663,0.5502570467193922,0.47171967017741173,0.34856160589059193,0.6743082985936623,0.4948689681688944,0.48666666666666664,0.7626666666666668,0.9293333333333333,
protein_binding,kernel_only,4,raw,25,5.0,15,11.0,15,0.6525676200183663,0.5502570467193922,0.47171967017741173,0.34856160589059193,0.6624686488507084,0.4707555791536967,0.4746666666666666,0.76,0.9253333333333332,
protein_binding,kernel_only,9,calibrated,25,10.0,15,11.0,15,0.6925862590513069,0.5568391299247742,0.4437215061844987,0.3264857026338577,0.6081547757722727,0.45605485550562547,0.468,0.7573333333333333,0.9239999999999999,
protein_binding,kernel_only,9,raw,25,10.0,15,11.0,15,0.6925862590513069,0.5568391299247742,0.4437215061844987,0.3264857026338577,0.5942038079346408,0.433895668665568,0.4653333333333333,0.7506666666666667,0.9226666666666665,
protein_binding,mean_and_kernel,0,calibrated,25,1.0,15,11.0,15,0.24226032738621028,0.5392975502709548,0.6966407156965571,0.522840394258499,1.0644178804401336,0.7143405288060508,0.47466666666666674,0.7626666666666667,0.94,
protein_binding,mean_and_kernel,0,raw,25,1.0,15,11.0,15,0.24226032738621028,0.5392975502709548,0.6966407156965571,0.522840394258499,1.0604399799890838,0.6805806414286296,0.45333333333333337,0.7306666666666666,0.9346666666666668,
protein_binding,mean_and_kernel,1,calibrated,25,2.0,15,11.0,15,0.5219573834516,0.5523686373233795,0.5533273637517339,0.4184799576203028,0.8745863933944639,0.5660710783004761,0.44266666666666676,0.7546666666666666,0.9213333333333332,
protein_binding,mean_and_kernel,1,raw,25,2.0,15,11.0,15,0.5219573834516,0.5523686373233795,0.5533273637517339,0.4184799576203028,0.8668223783655655,0.5363164041837057,0.42533333333333334,0.7306666666666667,0.9173333333333333,
protein_binding,mean_and_kernel,2,calibrated,25,3.0,15,11.0,15,0.5997524768995834,0.5443148118754227,0.5063061084187706,0.37862545915444695,0.765375546436118,0.5309415760040284,0.48266666666666663,0.7520000000000001,0.9293333333333333,
protein_binding,mean_and_kernel,2,raw,25,3.0,15,11.0,15,0.5997524768995834,0.5443148118754227,0.5063061084187706,0.37862545915444695,0.7549862519158645,0.5029073044459026,0.4599999999999999,0.744,0.92,
protein_binding,mean_and_kernel,4,calibrated,25,5.0,15,11.0,15,0.6585895367319319,0.5562550341089566,0.4676137295888995,0.3451567900975545,0.6657719234841406,0.49603857660293577,0.4880000000000001,0.7706666666666667,0.9306666666666666,
protein_binding,mean_and_kernel,4,raw,25,5.0,15,11.0,15,0.6585895367319319,0.5562550341089566,0.4676137295888995,0.3451567900975545,0.6536747226463984,0.469764702796936,0.47466666666666674,0.7573333333333333,0.9266666666666665,
protein_binding,mean_and_kernel,9,calibrated,25,10.0,15,11.0,15,0.6978432921656934,0.5655057958265145,0.43991114064559045,0.3234256339470545,0.6042873212771599,0.4573233906428019,0.48533333333333334,0.7613333333333333,0.9253333333333332,
protein_binding,mean_and_kernel,9,raw,25,10.0,15,11.0,15,0.6978432921656934,0.5655057958265145,0.43991114064559045,0.3234256339470545,0.5897914139295701,0.4331822938919067,0.4666666666666667,0.7533333333333334,0.9239999999999999,
protein_binding,mean_only,0,calibrated,25,1.0,15,11.0,15,0.25075053821045357,0.5403385590016843,0.692726912533746,0.5173863879839579,1.0537624380584427,0.6901980365117392,0.4626666666666666,0.7546666666666667,0.94,
protein_binding,mean_only,0,raw,25,1.0,15,11.0,15,0.25075053821045357,0.5403385590016843,0.692726912533746,0.5173863879839579,1.0486858235234775,0.663924440383911,0.4506666666666667,0.7306666666666666,0.9293333333333332,
protein_binding,mean_only,1,calibrated,25,2.0,15,11.0,15,0.43341695355688326,0.5668883772194385,0.6023939869897621,0.46294778601328535,0.9709023481841507,0.588076476097107,0.40800000000000003,0.7200000000000001,0.9173333333333333,
protein_binding,mean_only,1,raw,25,2.0,15,11.0,15,0.43341695355688326,0.5668883772194385,0.6023939869897621,0.46294778601328535,0.9579664971419962,0.5634344089825948,0.39199999999999996,0.7159999999999999,0.9066666666666667,
protein_binding,mean_only,2,calibrated,25,3.0,15,11.0,15,0.5666761614601381,0.5610174306233724,0.5268113599619989,0.39802414909998585,0.8168501644606216,0.54573122104009,0.47600000000000003,0.7466666666666666,0.9253333333333332,
protein_binding,mean_only,2,raw,25,3.0,15,11.0,15,0.5666761614601381,0.5610174306233724,0.5268113599619989,0.39802414909998585,0.8058923474281764,0.5224961171150208,0.4693333333333333,0.7346666666666667,0.9186666666666665,
protein_binding,mean_only,4,calibrated,25,5.0,15,11.0,15,0.6548451656093113,0.5601814565559228,0.4701709809620323,0.3515742300748824,0.6827549209977806,0.5073438007036845,0.4746666666666667,0.7746666666666667,0.9333333333333333,
protein_binding,mean_only,4,raw,25,5.0,15,11.0,15,0.6548451656093113,0.5601814565559228,0.4701709809620323,0.3515742300748824,0.6698391375390474,0.4855772021611531,0.4573333333333334,0.7653333333333333,0.9239999999999999,
protein_binding,mean_only,9,calibrated,25,10.0,15,11.0,15,0.6910705130841714,0.5718198556701342,0.44481407620158453,0.3330032427310944,0.6376642554406011,0.46639568916956586,0.4666666666666667,0.768,0.9239999999999999,
protein_binding,mean_only,9,raw,25,10.0,15,11.0,15,0.6910705130841714,0.5718198556701342,0.44481407620158453,0.3330032427310944,0.6237651257116645,0.4464165530204773,0.44933333333333336,0.7626666666666667,0.9186666666666666,
protein_binding,unchanged,0,calibrated,25,1.0,15,11.0,15,0.24916045238179452,0.5396222246686617,0.6934615887086243,0.5196663939952849,1.0615906832874902,0.6944837455749512,0.4613333333333334,0.7546666666666667,0.9333333333333333,
protein_binding,unchanged,0,raw,25,1.0,15,11.0,15,0.24916045238179452,0.5396222246686617,0.6934615887086243,0.5196663939952849,1.055808153679261,0.6934218769073487,0.4639999999999999,0.7453333333333333,0.9346666666666668,
protein_binding,unchanged,1,calibrated,25,2.0,15,11.0,15,0.5235421626382438,0.5420553893347582,0.552409422934664,0.4182947517633438,0.8582202714582211,0.5566861305236817,0.45600000000000007,0.7426666666666667,0.928,
protein_binding,unchanged,1,raw,25,2.0,15,11.0,15,0.5235421626382438,0.5420553893347582,0.552409422934664,0.4182947517633438,0.8514614086162307,0.5541888019243876,0.45066666666666666,0.7506666666666668,0.924,
protein_binding,unchanged,2,calibrated,25,3.0,15,11.0,15,0.5871382269960921,0.5356367200613021,0.5142226204600413,0.38586462680498756,0.7669762659047541,0.5232913594245912,0.46133333333333343,0.748,0.9253333333333333,
protein_binding,unchanged,2,raw,25,3.0,15,11.0,15,0.5871382269960921,0.5356367200613021,0.5142226204600413,0.38586462680498756,0.7586482454430327,0.5207681051890055,0.4626666666666666,0.7480000000000001,0.9306666666666666,
protein_binding,unchanged,4,calibrated,25,5.0,15,11.0,15,0.6453055220900741,0.5460670942068099,0.4766241613634629,0.3513271267016729,0.668425627715075,0.4869553480148315,0.46799999999999997,0.7666666666666667,0.9293333333333333,
protein_binding,unchanged,4,raw,25,5.0,15,11.0,15,0.6453055220900741,0.5460670942068099,0.4766241613634629,0.3513271267016729,0.6596519911676336,0.48450011475880933,0.47733333333333333,0.7733333333333333,0.9279999999999998,
protein_binding,unchanged,9,calibrated,25,10.0,15,11.0,15,0.6884832583333832,0.5623265139758586,0.44667283015512044,0.33070089872678116,0.606178176110562,0.4484002401034037,0.4453333333333333,0.7599999999999999,0.9266666666666665,
protein_binding,unchanged,9,raw,25,10.0,15,11.0,15,0.6884832583333832,0.5623265139758586,0.44667283015512044,0.33070089872678116,0.5955714846051199,0.4461681372324625,0.44266666666666665,0.7613333333333333,0.9306666666666666,
cellular_clearance,gp,0,calibrated,30,1.0,20,15.0,20,0.06280980576155815,0.22316380299627783,0.6723635390536743,0.5337675066590309,1.017919732404089,0.6738665738105774,0.4959999999999999,0.7820000000000001,0.9390000000000001,
cellular_clearance,gp,0,raw,30,1.0,20,15.0,20,0.06280980576155815,0.22316380299627783,0.6723635390536743,0.5337675066590309,1.0771924603482135,0.5784887557029724,0.441,0.712,0.8940000000000001,
cellular_clearance,gp,1,calibrated,30,2.0,20,15.0,20,0.3235591050846307,0.21161513626575465,0.5712223797737143,0.4510536024272442,0.8170766336469807,0.5664123780727387,0.499,0.776,0.9510000000000002,
cellular_clearance,gp,1,raw,30,2.0,20,15.0,20,0.3235591050846307,0.21161513626575465,0.5712223797737143,0.4510536024272442,0.8735269927094098,0.48782180356979365,0.441,0.743,0.901,
cellular_clearance,gp,2,calibrated,30,3.0,20,15.0,20,0.4504473786296441,0.22588363461196423,0.5148668475932163,0.40126384800672527,0.7235974522918729,0.5234184015989304,0.519,0.8150000000000001,0.958,
cellular_clearance,gp,2,raw,30,3.0,20,15.0,20,0.4504473786296441,0.22588363461196423,0.5148668475932163,0.40126384800672527,0.7591276971278644,0.4512388767004013,0.462,0.757,0.908,
cellular_clearance,gp,4,calibrated,30,5.0,20,15.0,20,0.5136711631418246,0.2738546959683299,0.48434553155550464,0.3734085589051247,0.6679178167367297,0.47844982218742366,0.5299999999999999,0.8139999999999998,0.944,
cellular_clearance,gp,4,raw,30,5.0,20,15.0,20,0.5136711631418246,0.2738546959683299,0.48434553155550464,0.3734085589051247,0.7033625552577456,0.4123759709596634,0.47800000000000004,0.752,0.909,
cellular_clearance,gp,9,calibrated,30,10.0,20,15.0,20,0.5727301897699493,0.35262235790491103,0.45398488157088496,0.3404210651516914,0.5953934902298117,0.4324243830442428,0.521,0.819,0.942,
cellular_clearance,gp,9,raw,30,10.0,20,15.0,20,0.5727301897699493,0.35262235790491103,0.45398488157088496,0.3404210651516914,0.640012540663057,0.3723267661333084,0.46399999999999997,0.7539999999999999,0.907,
cellular_clearance,kernel_only,0,calibrated,30,1.0,20,15.0,20,0.0893412378353613,0.2540478206053376,0.6627780574353829,0.507647032827139,1.0370630337243196,0.6446893177032471,0.438,0.714,0.9289999999999999,
cellular_clearance,kernel_only,0,raw,30,1.0,20,15.0,20,0.0893412378353613,0.2540478206053376,0.6627780574353829,0.507647032827139,1.0409547007152107,0.6128137607574462,0.41900000000000004,0.6950000000000001,0.9199999999999999,
cellular_clearance,kernel_only,1,calibrated,30,2.0,20,15.0,20,0.39037229201426105,0.27096940368413924,0.5422788112852417,0.4166713271737099,0.8484177570089754,0.5272668908834459,0.40199999999999997,0.74,0.9209999999999999,
cellular_clearance,kernel_only,1,raw,30,2.0,20,15.0,20,0.39037229201426105,0.27096940368413924,0.5422788112852417,0.4166713271737099,0.8523960019879555,0.5004460017681122,0.38600000000000007,0.722,0.909,
cellular_clearance,kernel_only,2,calibrated,30,3.0,20,15.0,20,0.49299909852901247,0.2610236233100295,0.49453228837396884,0.3747838979661464,0.7276923357462254,0.5076991515159607,0.44899999999999995,0.7609999999999999,0.931,
cellular_clearance,kernel_only,2,raw,30,3.0,20,15.0,20,0.49299909852901247,0.2610236233100295,0.49453228837396884,0.3747838979661464,0.728429074371651,0.4818655233383179,0.43400000000000005,0.749,0.921,
cellular_clearance,kernel_only,4,calibrated,30,5.0,20,15.0,20,0.5586443750666467,0.3212120522931218,0.46140746803878624,0.3496219890415669,0.6518912280698315,0.4877826647758483,0.4580000000000001,0.774,0.9380000000000001,
cellular_clearance,kernel_only,4,raw,30,5.0,20,15.0,20,0.5586443750666467,0.3212120522931218,0.46140746803878624,0.3496219890415669,0.652717831465442,0.46303494918346405,0.43899999999999995,0.756,0.9289999999999999,
cellular_clearance,kernel_only,9,calibrated,30,10.0,20,15.0,20,0.6139728863987768,0.40477473884820936,0.43151827325771275,0.32288618205487724,0.5696467965810704,0.4641981251239777,0.47999999999999987,0.7790000000000001,0.9470000000000001,
cellular_clearance,kernel_only,9,raw,30,10.0,20,15.0,20,0.6139728863987768,0.40477473884820936,0.43151827325771275,0.32288618205487724,0.5667411010670431,0.4406657229661942,0.4669999999999998,0.7650000000000001,0.9410000000000001,
cellular_clearance,mean_and_kernel,0,calibrated,30,1.0,20,15.0,20,0.08156506204172431,0.2585478207468986,0.6656017952050893,0.5087449014484883,1.0396965580466713,0.6402657918930054,0.43600000000000005,0.7110000000000001,0.9259999999999999,
cellular_clearance,mean_and_kernel,0,raw,30,1.0,20,15.0,20,0.08156506204172431,0.2585478207468986,0.6656017952050893,0.5087449014484883,1.045465035535876,0.6065073945522308,0.4170000000000001,0.6890000000000002,0.9119999999999999,
cellular_clearance,mean_and_kernel,1,calibrated,30,2.0,20,15.0,20,0.37881229177293263,0.2647058489918709,0.5473961181081078,0.42079446446895596,0.8641329367522259,0.524207682967186,0.392,0.7320000000000001,0.917,
cellular_clearance,mean_and_kernel,1,raw,30,2.0,20,15.0,20,0.37881229177293263,0.2647058489918709,0.5473961181081078,0.42079446446895596,0.8702039708175745,0.4957604417800903,0.376,0.7090000000000001,0.9069999999999998,
cellular_clearance,mean_and_kernel,2,calibrated,30,3.0,20,15.0,20,0.48815263065394554,0.2754638759791851,0.4968903062820072,0.37736651912331576,0.7388322411142871,0.5050179402828217,0.44299999999999995,0.76,0.932,
cellular_clearance,mean_and_kernel,2,raw,30,3.0,20,15.0,20,0.48815263065394554,0.2754638759791851,0.4968903062820072,0.37736651912331576,0.7405596414601779,0.4776134222745895,0.42700000000000005,0.7379999999999999,0.9200000000000002,
cellular_clearance,mean_and_kernel,4,calibrated,30,5.0,20,15.0,20,0.5566904835077657,0.3270689221099019,0.4624276709362528,0.3516824985146522,0.6585721615777644,0.485540700674057,0.462,0.772,0.9380000000000001,
cellular_clearance,mean_and_kernel,4,raw,30,5.0,20,15.0,20,0.5566904835077657,0.3270689221099019,0.4624276709362528,0.3516824985146522,0.6602024173867498,0.4592715328931808,0.43899999999999995,0.751,0.9289999999999999,
cellular_clearance,mean_and_kernel,9,calibrated,30,10.0,20,15.0,20,0.611256060515843,0.3998526735976338,0.43303410525112557,0.3241821553707122,0.5760696293490967,0.46251541364192955,0.4779999999999999,0.782,0.9470000000000001,
cellular_clearance,mean_and_kernel,9,raw,30,10.0,20,15.0,20,0.611256060515843,0.3998526735976338,0.43303410525112557,0.3241821553707122,0.5740600120710287,0.43752766764163964,0.4539999999999999,0.762,0.9400000000000001,
cellular_clearance,mean_only,0,calibrated,30,1.0,20,15.0,20,0.0861116635967748,0.24753483138978477,0.6639522604515099,0.508922455817461,1.039215343320921,0.6368622591495514,0.4250000000000001,0.7100000000000001,0.9219999999999999,
cellular_clearance,mean_only,0,raw,30,1.0,20,15.0,20,0.0861116635967748,0.24753483138978477,0.6639522604515099,0.508922455817461,1.0491828145653108,0.591765639781952,0.40099999999999997,0.678,0.909,
cellular_clearance,mean_only,1,calibrated,30,2.0,20,15.0,20,0.3057578028245478,0.25927079465240244,0.5786897501444945,0.4491854569613933,0.9155624077622202,0.5630261535644532,0.403,0.71,0.9260000000000002,
cellular_clearance,mean_only,1,raw,30,2.0,20,15.0,20,0.3057578028245478,0.25927079465240244,0.5786897501444945,0.4491854569613933,0.9291709453968396,0.5222771022319794,0.37500000000000006,0.676,0.915,
cellular_clearance,mean_only,2,calibrated,30,3.0,20,15.0,20,0.45590260697293994,0.26632539100944996,0.5123050170938098,0.3955024168789386,0.7725558970707879,0.5316142690181731,0.437,0.766,0.9359999999999999,
cellular_clearance,mean_only,2,raw,30,3.0,20,15.0,20,0.45590260697293994,0.26632539100944996,0.5123050170938098,0.3955024168789386,0.7802047630515909,0.492888976931572,0.4050000000000001,0.734,0.925,
cellular_clearance,mean_only,4,calibrated,30,5.0,20,15.0,20,0.5391244075598887,0.3260155411064625,0.4715004818929723,0.36492454442381855,0.6905203533694567,0.5053493036031723,0.438,0.779,0.942,
cellular_clearance,mean_only,4,raw,30,5.0,20,15.0,20,0.5391244075598887,0.3260155411064625,0.4715004818929723,0.36492454442381855,0.6964281296158179,0.46844566524028763,0.41000000000000003,0.7549999999999999,0.9349999999999999,
cellular_clearance,mean_only,9,calibrated,30,10.0,20,15.0,20,0.5945640900154722,0.39461719118058675,0.44223324995853375,0.3379333506524563,0.6093876567023393,0.4793664555549622,0.44700000000000006,0.776,0.9540000000000003,
cellular_clearance,mean_only,9,raw,30,10.0,20,15.0,20,0.5945640900154722,0.39461719118058675,0.44223324995853375,0.3379333506524563,0.6096236251044701,0.4442429043054581,0.41400000000000003,0.7569999999999999,0.9469999999999998,
cellular_clearance,unchanged,0,calibrated,30,1.0,20,15.0,20,0.08378198758774014,0.25354782078415156,0.6647979924064161,0.5086421278119088,1.0432163995283867,0.6356675822734832,0.43100000000000005,0.71,0.9269999999999999,
cellular_clearance,unchanged,0,raw,30,1.0,20,15.0,20,0.08378198758774014,0.25354782078415156,0.6647979924064161,0.5086421278119088,1.0480850930031227,0.606253613948822,0.41100000000000003,0.693,0.917,
cellular_clearance,unchanged,1,calibrated,30,2.0,20,15.0,20,0.36386036723658755,0.2685028201714158,0.5539448299779768,0.4240794816911221,0.8687727314241199,0.5373325417041779,0.41,0.7230000000000001,0.922,
cellular_clearance,unchanged,1,raw,30,2.0,20,15.0,20,0.36386036723658755,0.2685028201714158,0.5539448299779768,0.4240794816911221,0.8728187981887402,0.5119846802949903,0.3989999999999999,0.7090000000000001,0.914,
cellular_clearance,unchanged,2,calibrated,30,3.0,20,15.0,20,0.47022859966267894,0.26551922831684344,0.5055155753699644,0.38227070498466487,0.750738462992208,0.5159424169063568,0.45499999999999996,0.744,0.9329999999999998,
cellular_clearance,unchanged,2,raw,30,3.0,20,15.0,20,0.47022859966267894,0.26551922831684344,0.5055155753699644,0.38227070498466487,0.7522847598431015,0.4915673596858978,0.4400000000000001,0.7299999999999999,0.925,
cellular_clearance,unchanged,4,calibrated,30,5.0,20,15.0,20,0.5459747769851997,0.31506286572664977,0.46798321505354384,0.35443284216523163,0.6629448200299753,0.49424388325214386,0.46399999999999997,0.7709999999999999,0.9349999999999999,
cellular_clearance,unchanged,4,raw,30,5.0,20,15.0,20,0.5459747769851997,0.31506286572664977,0.46798321505354384,0.35443284216523163,0.6649044803866367,0.4710129598379134,0.446,0.7580000000000001,0.93,
cellular_clearance,unchanged,9,calibrated,30,10.0,20,15.0,20,0.6048535162749469,0.39708166059106587,0.43658553983050485,0.32649011814594264,0.5835196360737294,0.46937818026542655,0.481,0.779,0.9480000000000001,
cellular_clearance,unchanged,9,raw,30,10.0,20,15.0,20,0.6048535162749469,0.39708166059106587,0.43658553983050485,0.32649011814594264,0.5816625532982039,0.44737686693668355,0.46299999999999997,0.762,0.945,
efflux,gp,0,calibrated,30,1.0,5,5.0,5,0.4335099233571429,0.5041170673072337,0.6882781960704308,0.5513011016845704,1.097166479488394,0.723385835647583,0.508,0.8119999999999999,0.916,
efflux,gp,0,raw,30,1.0,5,5.0,5,0.4335099233571429,0.5041170673072337,0.6882781960704308,0.5513011016845704,1.1352886330814935,0.571625033378601,0.42799999999999994,0.708,0.884,
efflux,gp,1,calibrated,30,2.0,5,5.0,5,0.5425646540719363,0.5134547862410546,0.6184900512747082,0.49672934246063233,0.9850500183943579,0.6210280160903932,0.5119999999999999,0.784,0.9199999999999999,
efflux,gp,1,raw,30,2.0,5,5.0,5,0.5425646540719363,0.5134547862410546,0.6184900512747082,0.49672934246063233,1.044067515912953,0.4920328583717347,0.42800000000000005,0.6759999999999999,0.852,
efflux,gp,2,calibrated,30,3.0,5,5.0,5,0.6566767337715869,0.5041690254211425,0.535820686243979,0.4392237148284911,0.8245327785430924,0.5591271867752076,0.492,0.7879999999999999,0.952,
efflux,gp,2,raw,30,3.0,5,5.0,5,0.6566767337715869,0.5041690254211425,0.535820686243979,0.4392237148284911,0.8483518918698509,0.44208837032318116,0.368,0.6759999999999999,0.8800000000000001,
efflux,gp,4,calibrated,30,5.0,5,5.0,5,0.6859764339928767,0.5652989168465138,0.5124470283300799,0.40818425965309146,0.7880800948610002,0.5136818294525146,0.504,0.772,0.924,
efflux,gp,4,raw,30,5.0,5,5.0,5,0.6859764339928767,0.5652989168465138,0.5124470283300799,0.40818425965309146,0.8270210158362733,0.40614882373809813,0.42800000000000005,0.6960000000000001,0.8720000000000001,
efflux,gp,9,calibrated,30,10.0,5,5.0,5,0.787261759427615,0.6303248935937881,0.4217845233748668,0.3335096840858459,0.5931780351865361,0.45697145748138424,0.5559999999999999,0.8240000000000001,0.9440000000000002,
efflux,gp,9,raw,30,10.0,5,5.0,5,0.787261759427615,0.6303248935937881,0.4217845233748668,0.3335096840858459,0.5874428380068404,0.3612793049812317,0.46799999999999997,0.728,0.8880000000000001,
efflux,kernel_only,0,calibrated,30,1.0,5,5.0,5,0.12088351821214949,0.27775336787104604,0.857414985507406,0.7007690210342407,1.3505344336177267,0.8343290195465087,0.388,0.6759999999999999,0.9359999999999999,
efflux,kernel_only,0,raw,30,1.0,5,5.0,5,0.12088351821214949,0.27775336787104604,0.857414985507406,0.7007690210342407,1.4447602665983357,0.6687485256195068,0.31999999999999995,0.592,0.86,
efflux,kernel_only,1,calibrated,30,2.0,5,5.0,5,0.34595833481769966,0.3197533702850342,0.7395551509770899,0.6079631705284119,1.191129778139639,0.7549862232208252,0.344,0.7200000000000001,0.96,
efflux,kernel_only,1,raw,30,2.0,5,5.0,5,0.34595833481769966,0.3197533702850342,0.7395551509770899,0.6079631705284119,1.2764262107838493,0.6086132373809814,0.2839999999999999,0.596,0.8720000000000001,
efflux,kernel_only,2,calibrated,30,3.0,5,5.0,5,0.6051454746656367,0.32796119719743727,0.574627516023838,0.48038172340393065,0.9183990945127674,0.7246138315200806,0.4079999999999999,0.8400000000000001,0.984,
efflux,kernel_only,2,raw,30,3.0,5,5.0,5,0.6051454746656367,0.32796119719743727,0.574627516023838,0.48038172340393065,0.9484895304307459,0.5839965167045593,0.34,0.688,0.9600000000000002,
efflux,kernel_only,4,calibrated,30,5.0,5,5.0,5,0.6385098421895092,0.3720131513476371,0.5498143836025258,0.4463386595249176,0.8569173240311263,0.6819455223083496,0.44799999999999995,0.8,0.9879999999999999,
efflux,kernel_only,4,raw,30,5.0,5,5.0,5,0.6385098421895092,0.3720131513476371,0.5498143836025258,0.4463386595249176,0.8795276977446198,0.5492003445625305,0.384,0.68,0.952,
efflux,kernel_only,9,calibrated,30,10.0,5,5.0,5,0.7298902504419953,0.4926234783232212,0.4752673593162082,0.3862889504432678,0.6880149052085197,0.6343891363143921,0.4640000000000001,0.876,0.9960000000000001,
efflux,kernel_only,9,raw,30,10.0,5,5.0,5,0.7298902504419953,0.4926234783232212,0.4752673593162082,0.3862889504432678,0.6877425549973876,0.5108370251655578,0.372,0.74,0.9800000000000001,
efflux,mean_and_kernel,0,calibrated,30,1.0,5,5.0,5,0.12545100956549604,0.2857533678412437,0.8551847147651943,0.6979622993469239,1.3444689443169342,0.8354938163757325,0.392,0.68,0.9359999999999999,
efflux,mean_and_kernel,0,raw,30,1.0,5,5.0,5,0.12545100956549604,0.2857533678412437,0.8551847147651943,0.6979622993469239,1.4443615449514324,0.6637502756118774,0.31999999999999995,0.588,0.8560000000000001,
efflux,mean_and_kernel,1,calibrated,30,2.0,5,5.0,5,0.34838362756574215,0.31775337085127825,0.7381826821382266,0.6068329381942748,1.185300511688281,0.7520911989212037,0.348,0.716,0.9640000000000001,
efflux,mean_and_kernel,1,raw,30,2.0,5,5.0,5,0.34838362756574215,0.31775337085127825,0.7381826821382266,0.6068329381942748,1.2792716080467836,0.600434079170227,0.276,0.5559999999999999,0.8880000000000001,
efflux,mean_and_kernel,2,calibrated,30,3.0,5,5.0,5,0.6080852713487325,0.33396119728684426,0.57248439239691,0.4800391621589661,0.9108969207541586,0.7214193248748779,0.4,0.8400000000000001,0.9879999999999999,
efflux,mean_and_kernel,2,raw,30,3.0,5,5.0,5,0.6080852713487325,0.33396119728684426,0.57248439239691,0.4800391621589661,0.9454167603219823,0.5757624769210816,0.32799999999999996,0.6639999999999999,0.9600000000000002,
efflux,mean_and_kernel,4,calibrated,30,5.0,5,5.0,5,0.6395439612028686,0.37503913089632984,0.549027390223238,0.4461735806465149,0.8495925535081437,0.6801338901519776,0.44000000000000006,0.8119999999999999,0.9879999999999999,
efflux,mean_and_kernel,4,raw,30,5.0,5,5.0,5,0.6395439612028686,0.37503913089632984,0.549027390223238,0.4461735806465149,0.875791600526296,0.5425143790245055,0.37999999999999995,0.6679999999999999,0.952,
efflux,mean_and_kernel,9,calibrated,30,10.0,5,5.0,5,0.727263421172218,0.5055455443263054,0.4775727658850207,0.38718979620933525,0.688701971637952,0.6333809051513672,0.45600000000000007,0.8640000000000001,1.0,
efflux,mean_and_kernel,9,raw,30,10.0,5,5.0,5,0.727263421172218,0.5055455443263054,0.4775727658850207,0.38718979620933525,0.6914662209383879,0.505170913219452,0.36,0.74,0.976,
efflux,mean_only,0,calibrated,30,1.0,5,5.0,5,0.12850177626842596,0.2717533682286739,0.8536918033715093,0.69705148935318,1.3408812470629012,0.8290029277801514,0.392,0.672,0.9359999999999999,
efflux,mean_only,0,raw,30,1.0,5,5.0,5,0.12850177626842596,0.2717533682286739,0.8536918033715093,0.69705148935318,1.4440556063099101,0.6580186824798584,0.31999999999999995,0.58,0.8560000000000001,
efflux,mean_only,1,calibrated,30,2.0,5,5.0,5,0.24517014071252052,0.3086234776675701,0.7944972425026452,0.6641377491950988,1.2847114832903934,0.8295946245193481,0.38,0.692,0.9560000000000001,
efflux,mean_only,1,raw,30,2.0,5,5.0,5,0.24517014071252052,0.3086234776675701,0.7944972425026452,0.6641377491950988,1.3733265024922754,0.660779405117035,0.284,0.5840000000000001,0.8719999999999999,
efflux,mean_only,2,calibrated,30,3.0,5,5.0,5,0.5850142409162788,0.3518572828173637,0.5890938043750659,0.4955045208930969,0.9652731319550435,0.7933595247268677,0.42000000000000004,0.8559999999999999,0.9800000000000001,
efflux,mean_only,2,raw,30,3.0,5,5.0,5,0.5850142409162788,0.3518572828173637,0.5890938043750659,0.4955045208930969,0.9810765378644788,0.6314991493225097,0.332,0.7200000000000001,0.96,
efflux,mean_only,4,calibrated,30,5.0,5,5.0,5,0.630177041188887,0.3719611972570419,0.5561152350125089,0.45708258056640627,0.889640606469432,0.7148199605941772,0.44399999999999995,0.8400000000000001,0.9720000000000001,
efflux,mean_only,4,raw,30,5.0,5,5.0,5,0.630177041188887,0.3719611972570419,0.5561152350125089,0.45708258056640627,0.9088973307974676,0.5680912718772888,0.364,0.696,0.9560000000000001,
efflux,mean_only,9,calibrated,30,10.0,5,5.0,5,0.7052594640789325,0.45938967242836953,0.49646403525382804,0.4165600361824035,0.7715778521284716,0.6535085449218749,0.40800000000000003,0.836,0.9960000000000001,
efflux,mean_only,9,raw,30,10.0,5,5.0,5,0.7052594640789325,0.45938967242836953,0.49646403525382804,0.4165600361824035,0.7900063862097515,0.5192410626411438,0.332,0.6960000000000001,0.9800000000000001,
efflux,unchanged,0,calibrated,30,1.0,5,5.0,5,0.12346442452730322,0.27775336787104604,0.8561554628239013,0.6995215644836426,1.3566203330716156,0.8175927524566651,0.392,0.6759999999999999,0.932,
efflux,unchanged,0,raw,30,1.0,5,5.0,5,0.12346442452730322,0.27775336787104604,0.8561554628239013,0.6995215644836426,1.4399030320509936,0.669890357017517,0.31999999999999995,0.592,0.86,
efflux,unchanged,1,calibrated,30,2.0,5,5.0,5,0.34097616231170225,0.3277533712983131,0.742366593486568,0.606741970539093,1.201756792902534,0.7837584066390992,0.364,0.728,0.9559999999999998,
efflux,unchanged,1,raw,30,2.0,5,5.0,5,0.34097616231170225,0.3277533712983131,0.742366593486568,0.606741970539093,1.2649581664636937,0.6474124660491943,0.30399999999999994,0.6279999999999999,0.892,
efflux,unchanged,2,calibrated,30,3.0,5,5.0,5,0.59659076783791,0.3421690240502357,0.5808189467808446,0.4818083024024963,0.9375664961490557,0.7577521181106567,0.44399999999999995,0.844,0.976,
efflux,unchanged,2,raw,30,3.0,5,5.0,5,0.59659076783791,0.3421690240502357,0.5808189467808446,0.4818083024024963,0.9542077278835854,0.6259176969528198,0.38,0.712,0.9600000000000002,
efflux,unchanged,4,calibrated,30,5.0,5,5.0,5,0.6336993732057055,0.3814028272032738,0.5534605742694936,0.44504035234451295,0.8720975695828646,0.7176839809417723,0.46799999999999997,0.828,0.9800000000000001,
efflux,unchanged,4,raw,30,5.0,5,5.0,5,0.6336993732057055,0.3814028272032738,0.5534605742694936,0.44504035234451295,0.8776038984586556,0.5921931314468383,0.396,0.728,0.9640000000000001,
efflux,unchanged,9,calibrated,30,10.0,5,5.0,5,0.717959311505791,0.4590391330420971,0.48565038969371266,0.3943005113601684,0.7137311840661692,0.6740039720535279,0.496,0.884,0.9960000000000001,
efflux,unchanged,9,raw,30,10.0,5,5.0,5,0.717959311505791,0.4590391330420971,0.48565038969371266,0.3943005113601684,0.7009479179399281,0.555521502494812,0.42800000000000005,0.7719999999999999,0.984,
in_vivo_clearance,gp,0,calibrated,30,1.0,2,2.0,2,-0.797636861720115,-0.4745133176445961,0.6489345247413011,0.5143130511045455,1.036261687076352,0.5538421356678009,0.44999999999999996,0.7,0.89,
in_vivo_clearance,gp,0,raw,30,1.0,2,2.0,2,-0.797636861720115,-0.4745133176445961,0.6489345247413011,0.5143130511045455,1.3193821229389173,0.4127893102169036,0.35,0.61,0.75,
in_vivo_clearance,gp,1,calibrated,30,2.0,2,2.0,2,-0.15404952629769553,-0.31873397156596184,0.5199506449316555,0.4059847974777221,0.7962290768259527,0.4740918052196503,0.47,0.71,0.91,
in_vivo_clearance,gp,1,raw,30,2.0,2,2.0,2,-0.15404952629769553,-0.31873397156596184,0.5199506449316555,0.4059847974777221,0.9820087264036048,0.3532516682147979,0.42,0.61,0.75,
in_vivo_clearance,gp,2,calibrated,30,3.0,2,2.0,2,0.10448725758480193,-0.2724350526928902,0.45802141344254776,0.35719538867473605,0.6143417341997357,0.4426322269439697,0.49,0.72,0.94,
in_vivo_clearance,gp,2,raw,30,3.0,2,2.0,2,0.10448725758480193,-0.2724350526928902,0.45802141344254776,0.35719538867473605,0.7574662206668843,0.329528956413269,0.42,0.6499999999999999,0.8300000000000001,
in_vivo_clearance,gp,4,calibrated,30,5.0,2,2.0,2,0.31883828255766744,0.026818479970097536,0.3994615783035698,0.3177165299654007,0.4659846717777272,0.40483421564102173,0.49,0.79,0.95,
in_vivo_clearance,gp,4,raw,30,5.0,2,2.0,2,0.31883828255766744,0.026818479970097536,0.3994615783035698,0.3177165299654007,0.5695719300458315,0.3018532419204712,0.38,0.6499999999999999,0.8500000000000001,
in_vivo_clearance,gp,9,calibrated,30,10.0,2,2.0,2,0.5630217176062708,0.2999029941856861,0.3199483128104887,0.25849507391452786,0.2786073985608553,0.35889807224273684,0.51,0.84,0.97,
in_vivo_clearance,gp,9,raw,30,10.0,2,2.0,2,0.5630217176062708,0.2999029941856861,0.3199483128104887,0.25849507391452786,0.33462843680533844,0.2680022668838501,0.39999999999999997,0.71,0.92,
in_vivo_clearance,kernel_only,0,calibrated,30,1.0,2,2.0,2,-0.22032377721369611,-0.37808451130986215,0.5346719914115182,0.4081467974185944,0.7729284313832009,0.5780254173278808,0.52,0.77,0.95,
in_vivo_clearance,kernel_only,0,raw,30,1.0,2,2.0,2,-0.22032377721369611,-0.37808451130986215,0.5346719914115182,0.4081467974185944,0.802052856751821,0.5268846702575682,0.48,0.72,0.9,
in_vivo_clearance,kernel_only,1,calibrated,30,2.0,2,2.0,2,0.056542975935360396,-0.2780845135450363,0.47012241536535265,0.3609831631183624,0.6949592072023427,0.6033406043052674,0.6,0.8200000000000001,0.97,
in_vivo_clearance,kernel_only,1,raw,30,2.0,2,2.0,2,0.056542975935360396,-0.2780845135450363,0.47012241536535265,0.3609831631183624,0.6962933849340602,0.5553807973861694,0.5800000000000001,0.78,0.95,
in_vivo_clearance,kernel_only,2,calibrated,30,3.0,2,2.0,2,0.1983203730057016,-0.1621752720326185,0.43336149542183,0.3390944796800613,0.6224618898465957,0.5869076180458068,0.56,0.88,0.98,
in_vivo_clearance,kernel_only,2,raw,30,3.0,2,2.0,2,0.1983203730057016,-0.1621752720326185,0.43336149542183,0.3390944796800613,0.6306875458916175,0.540244870185852,0.54,0.86,0.9400000000000001,
in_vivo_clearance,kernel_only,4,calibrated,30,5.0,2,2.0,2,0.37067541697418016,0.11168858818709848,0.38396111667236205,0.30614785909652703,0.5371007516829469,0.5714622592926025,0.6399999999999999,0.9099999999999999,1.0,
in_vivo_clearance,kernel_only,4,raw,30,5.0,2,2.0,2,0.37067541697418016,0.11168858818709848,0.38396111667236205,0.30614785909652703,0.5250342068488094,0.5257763063907623,0.5599999999999999,0.88,0.95,
in_vivo_clearance,kernel_only,9,calibrated,30,10.0,2,2.0,2,0.5973078801913572,0.40542256124317644,0.3071400589123377,0.24516770899295798,0.4090775256609547,0.5527754187583923,0.71,0.97,0.99,
in_vivo_clearance,kernel_only,9,raw,30,10.0,2,2.0,2,0.5973078801913572,0.40542256124317644,0.3071400589123377,0.24516770899295798,0.3718369366824916,0.5087013626098633,0.6699999999999999,0.95,0.98,
in_vivo_clearance,mean_and_kernel,0,calibrated,30,1.0,2,2.0,2,-0.1925932380052615,-0.3830845069140196,0.5285621604957811,0.40555734694004053,0.7656213544755253,0.5783131074905395,0.52,0.77,0.95,
in_vivo_clearance,mean_and_kernel,0,raw,30,1.0,2,2.0,2,-0.1925932380052615,-0.3830845069140196,0.5285621604957811,0.40555734694004053,0.7899697092727875,0.5292043638229369,0.5,0.72,0.9099999999999999,
in_vivo_clearance,mean_and_kernel,1,calibrated,30,2.0,2,2.0,2,0.09199066961861402,-0.2430845133960247,0.46120611122845434,0.3535927182435989,0.6815450809478957,0.6004145407676696,0.6,0.8200000000000001,0.97,
in_vivo_clearance,mean_and_kernel,1,raw,30,2.0,2,2.0,2,0.09199066961861402,-0.2430845133960247,0.46120611122845434,0.3535927182435989,0.6798864040273228,0.5548331928253174,0.5900000000000001,0.79,0.95,
in_vivo_clearance,mean_and_kernel,2,calibrated,30,3.0,2,2.0,2,0.2322214190739047,-0.13204538114368916,0.4240996302426877,0.3294563233852386,0.609163206600257,0.5846420001983643,0.57,0.88,0.98,
in_vivo_clearance,mean_and_kernel,2,raw,30,3.0,2,2.0,2,0.2322214190739047,-0.13204538114368916,0.4240996302426877,0.3294563233852386,0.6128637122890122,0.5402107155323028,0.54,0.86,0.9400000000000001,
in_vivo_clearance,mean_and_kernel,4,calibrated,30,5.0,2,2.0,2,0.3971580068211473,0.15425353571772574,0.37579556138510606,0.29870741784572596,0.5240527034903779,0.5707718920707703,0.64,0.9099999999999999,1.0,
in_vivo_clearance,mean_and_kernel,4,raw,30,5.0,2,2.0,2,0.3971580068211473,0.15425353571772574,0.37579556138510606,0.29870741784572596,0.5084199500902192,0.5270312035083771,0.53,0.9,0.95,
in_vivo_clearance,mean_and_kernel,9,calibrated,30,10.0,2,2.0,2,0.6024754799453977,0.41594212837517264,0.3051629880130981,0.2423794597387314,0.40633503931006076,0.5532612800598145,0.71,0.96,0.99,
in_vivo_clearance,mean_and_kernel,9,raw,30,10.0,2,2.0,2,0.6024754799453977,0.41594212837517264,0.3051629880130981,0.2423794597387314,0.3682510747775636,0.5108818423748016,0.6699999999999999,0.95,0.98,
in_vivo_clearance,mean_only,0,calibrated,30,1.0,2,2.0,2,-0.25772536119060896,-0.4684741828590631,0.5428037093465895,0.4150472325086594,0.7933013445606836,0.5874715662002563,0.5299999999999999,0.77,0.95,
in_vivo_clearance,mean_only,0,raw,30,1.0,2,2.0,2,-0.25772536119060896,-0.4684741828590631,0.5428037093465895,0.4150472325086594,0.817218184473953,0.5213312458992004,0.51,0.73,0.92,
in_vivo_clearance,mean_only,1,calibrated,30,2.0,2,2.0,2,-0.12172910472874654,-0.2734741885215044,0.5126180472145467,0.40491885721683496,0.784531092225599,0.6694978857040406,0.5499999999999999,0.8400000000000001,1.0,
in_vivo_clearance,mean_only,1,raw,30,2.0,2,2.0,2,-0.12172910472874654,-0.2734741885215044,0.5126180472145467,0.40491885721683496,0.7854953807400011,0.6024788808822631,0.52,0.79,0.95,
in_vivo_clearance,mean_only,2,calibrated,30,3.0,2,2.0,2,0.1551625549426251,-0.24256494529545305,0.44487343676025265,0.35830031991004946,0.6806610645890525,0.6502611970901488,0.6399999999999999,0.87,0.99,
in_vivo_clearance,mean_only,2,raw,30,3.0,2,2.0,2,0.1551625549426251,-0.24256494529545305,0.44487343676025265,0.35830031991004946,0.6733585148535108,0.585826152563095,0.6,0.8,0.95,
in_vivo_clearance,mean_only,4,calibrated,30,5.0,2,2.0,2,0.3537370639810229,0.0255195692181587,0.38909398970268344,0.31194173872470854,0.5903469633042697,0.6349065279960632,0.6699999999999999,0.91,1.0,
in_vivo_clearance,mean_only,4,raw,30,5.0,2,2.0,2,0.3537370639810229,0.0255195692181587,0.38909398970268344,0.31194173872470854,0.5544548062805823,0.5716376757621765,0.61,0.89,0.97,
in_vivo_clearance,mean_only,9,calibrated,30,10.0,2,2.0,2,0.5794331187991436,0.3654225599020719,0.31388273823734814,0.25081091284751883,0.48007979597460126,0.6160834074020386,0.72,0.99,1.0,
in_vivo_clearance,mean_only,9,raw,30,10.0,2,2.0,2,0.5794331187991436,0.3654225599020719,0.31388273823734814,0.25081091284751883,0.42110934250263865,0.5547982931137084,0.69,0.9400000000000001,0.99,
in_vivo_clearance,unchanged,0,calibrated,30,1.0,2,2.0,2,-0.22577203913476818,-0.383084512501955,0.5358642114431312,0.40891929209232325,0.7754149866707267,0.575556252002716,0.52,0.77,0.95,
in_vivo_clearance,unchanged,0,raw,30,1.0,2,2.0,2,-0.22577203913476818,-0.383084512501955,0.5358642114431312,0.40891929209232325,0.8023011903454325,0.521990852355957,0.48,0.72,0.9,
in_vivo_clearance,unchanged,1,calibrated,30,2.0,2,2.0,2,0.04990367012951802,-0.25308451391756526,0.4717736905966655,0.3602008253335952,0.7054182867226815,0.6159464812278748,0.58,0.8500000000000001,0.97,
in_vivo_clearance,unchanged,1,raw,30,2.0,2,2.0,2,0.04990367012951802,-0.25308451391756526,0.4717736905966655,0.3602008253335952,0.7088144982026483,0.5636135864257813,0.5299999999999999,0.8200000000000001,0.95,
in_vivo_clearance,unchanged,2,calibrated,30,3.0,2,2.0,2,0.20005126292308295,-0.1582144059240818,0.43289341170276807,0.33552956819534296,0.6331290969639627,0.5994211983680725,0.59,0.89,0.98,
in_vivo_clearance,unchanged,2,raw,30,3.0,2,2.0,2,0.20005126292308295,-0.1582144059240818,0.43289341170276807,0.33552956819534296,0.6403781640871152,0.5487317514419556,0.5599999999999999,0.86,0.9400000000000001,
in_vivo_clearance,unchanged,4,calibrated,30,5.0,2,2.0,2,0.33135062462834064,0.101039133220911,0.39577569418500436,0.3168262827396392,0.5657450893243252,0.5848442912101746,0.61,0.9400000000000001,0.99,
in_vivo_clearance,unchanged,4,raw,30,5.0,2,2.0,2,0.33135062462834064,0.101039133220911,0.39577569418500436,0.3168262827396392,0.5583760584782287,0.5351949143409729,0.5599999999999999,0.88,0.95,
in_vivo_clearance,unchanged,9,calibrated,30,10.0,2,2.0,2,0.5650126574292551,0.3549029938876629,0.3192186140068537,0.259563757777214,0.440256988394155,0.5661132287979125,0.69,0.96,0.99,
in_vivo_clearance,unchanged,9,raw,30,10.0,2,2.0,2,0.5650126574292551,0.3549029938876629,0.3192186140068537,0.259563757777214,0.40414437413067983,0.5179244816303253,0.6399999999999999,0.95,0.98,
microsomal_clearance,gp,0,calibrated,30,1.0,71,45.0,71,0.14442993061732423,0.33450677144532104,0.6335807433485748,0.49094610173937303,0.9633028973660369,0.6186392879486082,0.5208450704225351,0.7909859154929578,0.9332394366197184,
microsomal_clearance,gp,0,raw,30,1.0,71,45.0,71,0.14442993061732423,0.33450677144532104,0.6335807433485748,0.49094610173937303,0.9595992735868222,0.568917978615828,0.4861971830985914,0.7633802816901408,0.9149295774647889,
microsomal_clearance,gp,1,calibrated,30,2.0,71,45.0,71,0.3946977399048096,0.3318110923380453,0.5329179213940038,0.4117509244781145,0.787728301602386,0.5245094747274693,0.5200000000000001,0.8042253521126759,0.9352112676056337,
microsomal_clearance,gp,1,raw,30,2.0,71,45.0,71,0.3946977399048096,0.3318110923380453,0.5329179213940038,0.4117509244781145,0.7850825544034932,0.4822078814305049,0.48732394366197196,0.7692957746478873,0.9183098591549295,
microsomal_clearance,gp,2,calibrated,30,3.0,71,45.0,71,0.4737680755524376,0.3600829543315562,0.4968928794650772,0.3845606295491608,0.7223779238786644,0.48757071202909447,0.5216901408450704,0.7977464788732396,0.9332394366197184,
microsomal_clearance,gp,2,raw,30,3.0,71,45.0,71,0.4737680755524376,0.3600829543315562,0.4968928794650772,0.3845606295491608,0.7209848535755315,0.44814576279949137,0.4904225352112677,0.7639436619718311,0.9194366197183097,
microsomal_clearance,gp,4,calibrated,30,5.0,71,45.0,71,0.5371347922629492,0.38222873903671056,0.46601666354181914,0.3576739005387668,0.6495733776177859,0.4501392810109635,0.5174647887323943,0.7935211267605633,0.9338028169014084,
microsomal_clearance,gp,4,raw,30,5.0,71,45.0,71,0.5371347922629492,0.38222873903671056,0.46601666354181914,0.3576739005387668,0.6504244698278202,0.4136656991864594,0.48591549295774655,0.7625352112676056,0.9171830985915493,
microsomal_clearance,gp,9,calibrated,30,10.0,71,45.0,71,0.6065637570071093,0.43496214671698813,0.42964658051463106,0.3278119855867305,0.5729059664838129,0.41076148278276675,0.5169014084507043,0.7985915492957749,0.9346478873239437,
microsomal_clearance,gp,9,raw,30,10.0,71,45.0,71,0.6065637570071093,0.43496214671698813,0.42964658051463106,0.3278119855867305,0.5749213246090151,0.37734670813654503,0.47999999999999987,0.7707042253521129,0.9188732394366197,
microsomal_clearance,kernel_only,0,calibrated,30,1.0,71,45.0,71,0.10105995805679335,0.3383133217424201,0.6494407574148868,0.5061208896234001,1.00060207340673,0.6355046023785229,0.495774647887324,0.7729577464788733,0.9346478873239437,
microsomal_clearance,kernel_only,0,raw,30,1.0,71,45.0,71,0.10105995805679335,0.3383133217424201,0.6494407574148868,0.5061208896234001,0.988661916302565,0.5972162147978662,0.4746478873239437,0.7507042253521128,0.9225352112676056,
microsomal_clearance,kernel_only,1,calibrated,30,2.0,71,45.0,71,0.37797929488863735,0.3503795244936512,0.5402273883063609,0.41602981376815856,0.8223569675735967,0.49030203926731164,0.47323943661971835,0.7532394366197183,0.9123943661971831,
microsomal_clearance,kernel_only,1,raw,30,2.0,71,45.0,71,0.37797929488863735,0.3503795244936512,0.5402273883063609,0.41602981376815856,0.8246602309348705,0.4620681517560717,0.4532394366197183,0.7326760563380282,0.8988732394366197,
microsomal_clearance,kernel_only,2,calibrated,30,3.0,71,45.0,71,0.45925700413116954,0.36959424652800493,0.503697307035475,0.3873164452843263,0.749920325538669,0.4684772992134094,0.49521126760563383,0.7630985915492958,0.9121126760563381,
microsomal_clearance,kernel_only,2,raw,30,3.0,71,45.0,71,0.45925700413116954,0.36959424652800493,0.503697307035475,0.3873164452843263,0.751418278101042,0.44147573037886284,0.4749295774647887,0.7430985915492957,0.9022535211267606,
microsomal_clearance,kernel_only,4,calibrated,30,5.0,71,45.0,71,0.539214276969447,0.3825927097216271,0.46496866362186257,0.35475819562102706,0.6634128155490941,0.44291374972168823,0.5067605633802817,0.7752112676056339,0.9230985915492959,
microsomal_clearance,kernel_only,4,raw,30,5.0,71,45.0,71,0.539214276969447,0.3825927097216271,0.46496866362186257,0.35475819562102706,0.6631306993832111,0.4173683269930557,0.48281690140845074,0.7509859154929578,0.9095774647887324,
microsomal_clearance,kernel_only,9,calibrated,30,10.0,71,45.0,71,0.6153313357361028,0.4506671410018989,0.42483235234495564,0.3225432875500598,0.5771917899268111,0.41207527446075226,0.5174647887323945,0.7850704225352112,0.9309859154929576,
microsomal_clearance,kernel_only,9,raw,30,10.0,71,45.0,71,0.6153313357361028,0.4506671410018989,0.42483235234495564,0.3225432875500598,0.5743340670039845,0.38813952768352666,0.49661971830985924,0.7659154929577465,0.9177464788732393,
microsomal_clearance,mean_and_kernel,0,calibrated,30,1.0,71,45.0,71,0.0988795017276417,0.33961062355197286,0.6502279175587747,0.5070847532111155,1.0014227648294471,0.6349079645855327,0.4946478873239437,0.7738028169014085,0.9338028169014084,
microsomal_clearance,mean_and_kernel,0,raw,30,1.0,71,45.0,71,0.0988795017276417,0.33961062355197286,0.6502279175587747,0.5070847532111155,0.9905146372854158,0.5956064487511005,0.4715492957746478,0.7481690140845071,0.9222535211267606,
microsomal_clearance,mean_and_kernel,1,calibrated,30,2.0,71,45.0,71,0.3773005806093854,0.34902438363278965,0.5405220409395138,0.4162368969682237,0.8220871683354898,0.49000062428729624,0.4707042253521127,0.7532394366197183,0.9104225352112676,
microsomal_clearance,mean_and_kernel,1,raw,30,2.0,71,45.0,71,0.3773005806093854,0.34902438363278965,0.5405220409395138,0.4162368969682237,0.8248110616890043,0.4608384469193472,0.4515492957746479,0.7329577464788731,0.8988732394366197,
microsomal_clearance,mean_and_kernel,2,calibrated,30,3.0,71,45.0,71,0.4621729774131844,0.36602771973502646,0.5023373695497091,0.3863375833000935,0.7465631502787394,0.46848003239698816,0.4954929577464789,0.7661971830985916,0.9160563380281689,
microsomal_clearance,mean_and_kernel,2,raw,30,3.0,71,45.0,71,0.4621729774131844,0.36602771973502646,0.5023373695497091,0.3863375833000935,0.7481257038016472,0.44058485138584186,0.476338028169014,0.7436619718309859,0.9008450704225353,
microsomal_clearance,mean_and_kernel,4,calibrated,30,5.0,71,45.0,71,0.5406578648305956,0.38080416748851115,0.46423974600780105,0.35419776651221263,0.6618254522497645,0.44308553030793085,0.5070422535211266,0.7766197183098591,0.9250704225352112,
microsomal_clearance,mean_and_kernel,4,raw,30,5.0,71,45.0,71,0.5406578648305956,0.38080416748851115,0.46423974600780105,0.35419776651221263,0.6616734967167849,0.4166907320895665,0.4825352112676056,0.752112676056338,0.9107042253521126,
microsomal_clearance,mean_and_kernel,9,calibrated,30,10.0,71,45.0,71,0.6160038102746408,0.4459127338705162,0.4244608457268402,0.32224572010862995,0.5760793495721199,0.41233650147075385,0.5180281690140843,0.7870422535211266,0.9338028169014084,
microsomal_clearance,mean_and_kernel,9,raw,30,10.0,71,45.0,71,0.6160038102746408,0.4459127338705162,0.4244608457268402,0.32224572010862995,0.5735580389628038,0.387609976916246,0.4960563380281689,0.7642253521126761,0.9169014084507043,
microsomal_clearance,mean_only,0,calibrated,30,1.0,71,45.0,71,0.11346493288940196,0.34225737251784416,0.6449441933268275,0.5026610611526059,0.992444315859909,0.6104473623087707,0.4861971830985916,0.763661971830986,0.9267605633802817,
microsomal_clearance,mean_only,0,raw,30,1.0,71,45.0,71,0.11346493288940196,0.34225737251784416,0.6449441933268275,0.5026610611526059,0.9936647603392964,0.5617581159296172,0.45408450704225345,0.7323943661971832,0.9056338028169014,
microsomal_clearance,mean_only,1,calibrated,30,2.0,71,45.0,71,0.32086920725181756,0.34974617656197904,0.5644830279969929,0.4354742877332258,0.8536099585905226,0.53984908977025,0.5005633802816902,0.7701408450704226,0.9236619718309859,
microsomal_clearance,mean_only,1,raw,30,2.0,71,45.0,71,0.32086920725181756,0.34974617656197904,0.5644830279969929,0.4354742877332258,0.8601969333767836,0.4977754263474906,0.46816901408450706,0.7360563380281689,0.9050704225352112,
microsomal_clearance,mean_only,2,calibrated,30,3.0,71,45.0,71,0.4281574284868025,0.36768617586280816,0.5179793179599395,0.3977267862583549,0.7740314507542846,0.49952268009454437,0.5126760563380282,0.771830985915493,0.9211267605633804,
microsomal_clearance,mean_only,2,raw,30,3.0,71,45.0,71,0.4281574284868025,0.36768617586280816,0.5179793179599395,0.3977267862583549,0.779636664342955,0.46042271738321006,0.4760563380281691,0.739718309859155,0.9008450704225353,
microsomal_clearance,mean_only,4,calibrated,30,5.0,71,45.0,71,0.5224975028546409,0.3798888106721108,0.4733277873886159,0.3614895265958678,0.6805279104666975,0.4623278036083975,0.5123943661971831,0.7853521126760564,0.9287323943661969,
microsomal_clearance,mean_only,4,raw,30,5.0,71,45.0,71,0.5224975028546409,0.3798888106721108,0.4733277873886159,0.3614895265958678,0.6838584716838542,0.426073665450996,0.480281690140845,0.7546478873239435,0.9112676056338028,
microsomal_clearance,mean_only,9,calibrated,30,10.0,71,45.0,71,0.5944300758932592,0.4250887343184862,0.4362214814157941,0.3338068456339165,0.6063528082416961,0.4233854002348134,0.5045070422535212,0.7833802816901408,0.9287323943661969,
microsomal_clearance,mean_only,9,raw,30,10.0,71,45.0,71,0.5944300758932592,0.4250887343184862,0.4362214814157941,0.3338068456339165,0.6095402966445579,0.38995686662029216,0.4763380281690141,0.7532394366197183,0.9073239436619719,
microsomal_clearance,unchanged,0,calibrated,30,1.0,71,45.0,71,0.10174943580048157,0.3376681690006656,0.6491916524580379,0.5059034752929714,1.0012131487698601,0.6242185563100896,0.4864788732394366,0.7670422535211268,0.9307042253521126,
microsomal_clearance,unchanged,0,raw,30,1.0,71,45.0,71,0.10174943580048157,0.3376681690006656,0.6491916524580379,0.5059034752929714,0.989139565546099,0.5928422432886044,0.46957746478873247,0.7490140845070423,0.9219718309859154,
microsomal_clearance,unchanged,1,calibrated,30,2.0,71,45.0,71,0.3816130474314178,0.34897400409752766,0.5386471129231205,0.4161399100070268,0.8167321047781744,0.5078631683806298,0.4847887323943661,0.7650704225352112,0.9216901408450704,
microsomal_clearance,unchanged,1,raw,30,2.0,71,45.0,71,0.3816130474314178,0.34897400409752766,0.5386471129231205,0.4161399100070268,0.814363174076909,0.48398836730231715,0.46366197183098595,0.7490140845070421,0.9123943661971831,
microsomal_clearance,unchanged,2,calibrated,30,3.0,71,45.0,71,0.45853670944401215,0.36296858853763997,0.5040326694509618,0.3876937601180143,0.7512607659884224,0.48192788849414236,0.5014084507042254,0.7743661971830986,0.9191549295774647,
microsomal_clearance,unchanged,2,raw,30,3.0,71,45.0,71,0.45853670944401215,0.36296858853763997,0.5040326694509618,0.3876937601180143,0.7484698786144717,0.4592304644450335,0.484507042253521,0.7580281690140847,0.9092957746478874,
microsomal_clearance,unchanged,4,calibrated,30,5.0,71,45.0,71,0.5342491245707324,0.38813259162137015,0.4674670639740099,0.356967734350285,0.6711384173104853,0.45342112017349456,0.511549295774648,0.7785915492957745,0.9264788732394367,
microsomal_clearance,unchanged,4,raw,30,5.0,71,45.0,71,0.5342491245707324,0.38813259162137015,0.4674670639740099,0.356967734350285,0.6673273264451609,0.4320632028915513,0.492112676056338,0.7625352112676056,0.9152112676056339,
microsomal_clearance,unchanged,9,calibrated,30,10.0,71,45.0,71,0.6083841678010047,0.4498866860138278,0.42865145092353235,0.32606161045356535,0.5853138764688424,0.4200167940032314,0.520281690140845,0.7850704225352111,0.9323943661971832,
microsomal_clearance,unchanged,9,raw,30,10.0,71,45.0,71,0.6083841678010047,0.4498866860138278,0.42865145092353235,0.32606161045356535,0.5799369711211474,0.4000610977495221,0.5016901408450704,0.7715492957746479,0.9222535211267606,
permeability,gp,0,calibrated,30,1.0,13,12.0,13,0.36545912512413103,0.45178374046316516,0.7734772780296016,0.5725769476707165,1.1462188150122168,0.764541011957022,0.5492307692307693,0.8092307692307693,0.9307692307692308,
permeability,gp,0,raw,30,1.0,13,12.0,13,0.36545912512413103,0.45178374046316516,0.7734772780296016,0.5725769476707165,1.1837330648463793,0.6148619387700007,0.4753846153846153,0.7338461538461538,0.8846153846153848,
permeability,gp,1,calibrated,30,2.0,13,12.0,13,0.5611650746945125,0.4510761985985133,0.6432330499735965,0.48180887552408075,0.9859682772454743,0.6377165856728187,0.5553846153846155,0.7876923076923076,0.9276923076923077,
permeability,gp,1,raw,30,2.0,13,12.0,13,0.5611650746945125,0.4510761985985133,0.6432330499735965,0.48180887552408075,1.012074869987013,0.5132264221631563,0.48615384615384627,0.7215384615384615,0.8815384615384615,
permeability,gp,2,calibrated,30,3.0,13,12.0,13,0.6141438745049264,0.4680392430378841,0.6031571191732038,0.4577216279506683,0.9257302647986043,0.5850202144109284,0.5246153846153846,0.7876923076923077,0.9184615384615386,
permeability,gp,2,raw,30,3.0,13,12.0,13,0.6141438745049264,0.4680392430378841,0.6031571191732038,0.4577216279506683,0.9575053341329423,0.4706476268401512,0.45230769230769224,0.7061538461538461,0.8723076923076921,
permeability,gp,4,calibrated,30,5.0,13,12.0,13,0.7092157261755478,0.5144192857237962,0.5236043143609352,0.408087123632431,0.7792903788382822,0.5337065621522757,0.4923076923076923,0.8107692307692308,0.9384615384615386,
permeability,gp,4,raw,30,5.0,13,12.0,13,0.7092157261755478,0.5144192857237962,0.5236043143609352,0.408087123632431,0.791067279394202,0.42935269759251515,0.42153846153846153,0.7092307692307691,0.9030769230769228,
permeability,gp,9,calibrated,30,10.0,13,12.0,13,0.7607846599611229,0.541742609326656,0.47491104676035545,0.36349176021722646,0.672662262893816,0.4816210810954754,0.5307692307692308,0.8000000000000002,0.9384615384615386,
permeability,gp,9,raw,30,10.0,13,12.0,13,0.7607846599611229,0.541742609326656,0.47491104676035545,0.36349176021722646,0.6802168276757766,0.387691770700308,0.4415384615384615,0.7292307692307692,0.8969230769230769,
permeability,kernel_only,0,calibrated,30,1.0,13,12.0,13,0.2623066905139728,0.39141259709229836,0.8339800868734167,0.6302989615843847,1.215686567017821,0.8230786224511953,0.4600000000000001,0.7492307692307694,0.9338461538461538,
permeability,kernel_only,0,raw,30,1.0,13,12.0,13,0.2623066905139728,0.39141259709229836,0.8339800868734167,0.6302989615843847,1.2591127889888563,0.6894102804477398,0.4,0.6784615384615387,0.886153846153846,
permeability,kernel_only,1,calibrated,30,2.0,13,12.0,13,0.46860490787759823,0.422168644460348,0.7078260277465747,0.5378064204179324,1.0608009430106116,0.6850622978577248,0.4123076923076923,0.7153846153846153,0.9369230769230769,
permeability,kernel_only,1,raw,30,2.0,13,12.0,13,0.46860490787759823,0.422168644460348,0.7078260277465747,0.5378064204179324,1.1199384955332563,0.5738664276783283,0.3692307692307692,0.6523076923076924,0.8830769230769231,
permeability,kernel_only,2,calibrated,30,3.0,13,12.0,13,0.5528238382963284,0.4432257649417106,0.649317459308072,0.4978017973899841,0.967342904889885,0.6519944262504578,0.4061538461538462,0.7292307692307692,0.9415384615384615,
permeability,kernel_only,2,raw,30,3.0,13,12.0,13,0.5528238382963284,0.4432257649417106,0.649317459308072,0.4978017973899841,1.0228654859785309,0.5462276849379907,0.34307692307692306,0.6584615384615383,0.8846153846153846,
permeability,kernel_only,4,calibrated,30,5.0,13,12.0,13,0.6628133602710444,0.48584638891311793,0.5638361771611429,0.443163058574383,0.8515648416966763,0.6166254967909592,0.41384615384615386,0.7415384615384615,0.9569230769230769,
permeability,kernel_only,4,raw,30,5.0,13,12.0,13,0.6628133602710444,0.48584638891311793,0.5638361771611429,0.443163058574383,0.8975201303431218,0.5166699341627268,0.36153846153846153,0.6723076923076922,0.9169230769230767,
permeability,kernel_only,9,calibrated,30,10.0,13,12.0,13,0.7515086850371578,0.49428794441314844,0.48403121031018725,0.38278124928474433,0.710174395210781,0.579702057471642,0.4569230769230769,0.7969230769230767,0.9630769230769232,
permeability,kernel_only,9,raw,30,10.0,13,12.0,13,0.7515086850371578,0.49428794441314844,0.48403121031018725,0.38278124928474433,0.7377432294093125,0.4855775083028353,0.37692307692307697,0.7030769230769229,0.9276923076923076,
permeability,mean_and_kernel,0,calibrated,30,1.0,13,12.0,13,0.26400340162847236,0.38756644313152017,0.8330204483299909,0.6290227597493392,1.2131750275856201,0.8253780232943021,0.46769230769230774,0.7492307692307694,0.9338461538461538,
permeability,mean_and_kernel,0,raw,30,1.0,13,12.0,13,0.26400340162847236,0.38756644313152017,0.8330204483299909,0.6290227597493392,1.2558877797565464,0.6912654517247128,0.4015384615384615,0.6800000000000002,0.8876923076923077,
permeability,mean_and_kernel,1,calibrated,30,2.0,13,12.0,13,0.4717203038355984,0.41855723273295625,0.7057481012485131,0.5365588636581715,1.0550520833536217,0.6863174421970661,0.40923076923076923,0.72,0.9384615384615385,
permeability,mean_and_kernel,1,raw,30,2.0,13,12.0,13,0.4717203038355984,0.41855723273295625,0.7057481012485131,0.5365588636581715,1.112970956832574,0.5748662983454191,0.3661538461538462,0.6523076923076924,0.8815384615384617,
permeability,mean_and_kernel,2,calibrated,30,3.0,13,12.0,13,0.5551935488451135,0.4323366351425648,0.6475947172701657,0.4964601917450245,0.9635043938892764,0.6535018801689148,0.4,0.7307692307692307,0.9415384615384615,
permeability,mean_and_kernel,2,raw,30,3.0,13,12.0,13,0.5551935488451135,0.4323366351425648,0.6475947172701657,0.4964601917450245,1.0175811282474772,0.5474346788112934,0.34923076923076923,0.6584615384615383,0.8876923076923077,
permeability,mean_and_kernel,4,calibrated,30,5.0,13,12.0,13,0.6614421122811392,0.47773949079788647,0.5649814994691005,0.44299249387704404,0.8498078851899911,0.6183827277330252,0.4030769230769231,0.7461538461538461,0.9584615384615385,
permeability,mean_and_kernel,4,raw,30,5.0,13,12.0,13,0.6614421122811392,0.47773949079788647,0.5649814994691005,0.44299249387704404,0.8946517606449232,0.5180842900276185,0.3584615384615384,0.6707692307692307,0.9184615384615386,
permeability,mean_and_kernel,9,calibrated,30,10.0,13,12.0,13,0.7507537281036176,0.49399325492290347,0.48476593535636847,0.3827858808407417,0.7080889661134566,0.5812823198391841,0.45230769230769236,0.7969230769230768,0.9661538461538464,
permeability,mean_and_kernel,9,raw,30,10.0,13,12.0,13,0.7507537281036176,0.49399325492290347,0.48476593535636847,0.3827858808407417,0.7347367585509921,0.48687646370667675,0.3676923076923077,0.7015384615384614,0.9246153846153846,
permeability,mean_only,0,calibrated,30,1.0,13,12.0,13,0.2680684730041417,0.37827572427116907,0.8307167852777759,0.627240421130107,1.1999386652219686,0.8268817560489362,0.4476923076923077,0.7584615384615384,0.9369230769230769,
permeability,mean_only,0,raw,30,1.0,13,12.0,13,0.2680684730041417,0.37827572427116907,0.8307167852777759,0.627240421130107,1.2613681383659154,0.6647694991185115,0.3753846153846154,0.6692307692307692,0.8784615384615386,
permeability,mean_only,1,calibrated,30,2.0,13,12.0,13,0.3989357884739583,0.3993064792683491,0.7527975443132716,0.576977140903473,1.1084340342795782,0.7690198151881878,0.41076923076923083,0.7507692307692307,0.9476923076923076,
permeability,mean_only,1,raw,30,2.0,13,12.0,13,0.3989357884739583,0.3993064792683491,0.7527975443132716,0.576977140903473,1.1795964459578299,0.6184546006642855,0.33692307692307694,0.6338461538461538,0.8753846153846154,
permeability,mean_only,2,calibrated,30,3.0,13,12.0,13,0.5263755332015113,0.44442957055110194,0.6682436235664242,0.5142357099056244,0.9839943364752836,0.7118696895012488,0.42307692307692313,0.7476923076923078,0.9553846153846154,
permeability,mean_only,2,raw,30,3.0,13,12.0,13,0.5263755332015113,0.44442957055110194,0.6682436235664242,0.5142357099056244,1.0457436784511491,0.5726791444191565,0.34923076923076923,0.6646153846153845,0.9000000000000001,
permeability,mean_only,4,calibrated,30,5.0,13,12.0,13,0.6328814855870998,0.4689432959143932,0.5883298752680262,0.4645023121283605,0.886672853986497,0.664371014191554,0.4230769230769231,0.7676923076923076,0.9707692307692308,
permeability,mean_only,4,raw,30,5.0,13,12.0,13,0.6328814855870998,0.4689432959143932,0.5883298752680262,0.4645023121283605,0.9453258112641854,0.5347163756077105,0.3415384615384615,0.6476923076923077,0.9169230769230771,
permeability,mean_only,9,calibrated,30,10.0,13,12.0,13,0.7107784041843108,0.48331249654293057,0.5221954912704138,0.4170684856634873,0.787897428564655,0.6170770971591655,0.41384615384615386,0.7723076923076924,0.9738461538461538,
permeability,mean_only,9,raw,30,10.0,13,12.0,13,0.7107784041843108,0.48331249654293057,0.5221954912704138,0.4170684856634873,0.8421049003231466,0.4965588547633244,0.3415384615384615,0.666153846153846,0.92,
permeability,unchanged,0,calibrated,30,1.0,13,12.0,13,0.2630746676621344,0.3929510585390605,0.8335458654835975,0.6300653001895318,1.2200663985951754,0.8005016726713912,0.4523076923076923,0.7430769230769232,0.9230769230769231,
permeability,unchanged,0,raw,30,1.0,13,12.0,13,0.2630746676621344,0.3929510585390605,0.8335458654835975,0.6300653001895318,1.2584058731165213,0.688646546143752,0.4015384615384615,0.6769230769230771,0.886153846153846,
permeability,unchanged,1,calibrated,30,2.0,13,12.0,13,0.4673052438841301,0.4209248732488889,0.7086910848547782,0.5378722492548136,1.0436939551023303,0.701638532785269,0.4169230769230769,0.7276923076923076,0.9476923076923076,
permeability,unchanged,1,raw,30,2.0,13,12.0,13,0.4673052438841301,0.4209248732488889,0.7086910848547782,0.5378722492548136,1.0849013236978284,0.6035042196053726,0.37538461538461537,0.6815384615384615,0.9015384615384616,
permeability,unchanged,2,calibrated,30,3.0,13,12.0,13,0.5448414492297127,0.4331458327288811,0.6550871969910419,0.49967638254165647,0.955041310988299,0.6643536085348862,0.4153846153846154,0.736923076923077,0.9461538461538462,
permeability,unchanged,2,raw,30,3.0,13,12.0,13,0.5448414492297127,0.4331458327288811,0.6550871969910419,0.49967638254165647,0.993657191176336,0.571472942829132,0.35230769230769227,0.6738461538461539,0.9092307692307691,
permeability,unchanged,4,calibrated,30,5.0,13,12.0,13,0.6577256160723544,0.47650252059102055,0.5680740585555294,0.44466374397277825,0.8432056491948661,0.6278869106219365,0.42,0.7553846153846153,0.9646153846153845,
permeability,unchanged,4,raw,30,5.0,13,12.0,13,0.6577256160723544,0.47650252059102055,0.5680740585555294,0.44466374397277825,0.8745147453401259,0.5402943350718572,0.37384615384615383,0.6769230769230768,0.9369230769230769,
permeability,unchanged,9,calibrated,30,10.0,13,12.0,13,0.7394853103853201,0.4942347957537725,0.49560293212449624,0.3907914852179014,0.7174790301713916,0.5921475287584158,0.43846153846153846,0.7876923076923077,0.973846153846154,
permeability,unchanged,9,raw,30,10.0,13,12.0,13,0.7394853103853201,0.4942347957537725,0.49560293212449624,0.3907914852179014,0.736439940668964,0.5092998917286212,0.38769230769230767,0.7323076923076921,0.9399999999999997,
protein_binding,gp,0,calibrated,30,1.0,9,7.0,9,0.19172717670199146,0.5478038972450627,0.7312403516141944,0.5416695282194349,1.1481323099991205,0.9852390628390842,0.7111111111111111,0.9133333333333334,0.9844444444444443,
protein_binding,gp,0,raw,30,1.0,9,7.0,9,0.19172717670199146,0.5478038972450627,0.7312403516141944,0.5416695282194349,1.07736337799326,0.710712333785163,0.5733333333333333,0.8355555555555556,0.9333333333333333,
protein_binding,gp,1,calibrated,30,2.0,9,7.0,9,0.4168031746807752,0.5265137318107818,0.6211389106617096,0.46950138515896267,0.9792424658415049,0.8306491661071776,0.6777777777777777,0.9288888888888889,0.98,
protein_binding,gp,1,raw,30,2.0,9,7.0,9,0.4168031746807752,0.5265137318107818,0.6211389106617096,0.46950138515896267,0.8963542891905862,0.5990724176830715,0.5333333333333333,0.8333333333333334,0.9511111111111111,
protein_binding,gp,2,calibrated,30,3.0,9,7.0,9,0.5231460696348801,0.5207569599979454,0.5616604502165407,0.41859159284167813,0.8832945933674046,0.7614736636479695,0.6933333333333332,0.9244444444444445,0.9844444444444443,
protein_binding,gp,2,raw,30,3.0,9,7.0,9,0.5231460696348801,0.5207569599979454,0.5616604502165407,0.41859159284167813,0.7991891067888228,0.5489231793085734,0.5488888888888889,0.8333333333333334,0.94,
protein_binding,gp,4,calibrated,30,5.0,9,7.0,9,0.5740906629690063,0.5435458187427785,0.530810788321549,0.39559869223170807,0.8172848977417009,0.7023704947365655,0.6955555555555555,0.9088888888888889,0.9844444444444443,
protein_binding,gp,4,raw,30,5.0,9,7.0,9,0.5740906629690063,0.5435458187427785,0.530810788321549,0.39559869223170807,0.7364071540290641,0.5055886888504029,0.5422222222222222,0.8244444444444445,0.9377777777777777,
protein_binding,gp,9,calibrated,30,10.0,9,7.0,9,0.6326555108040639,0.5813913823829757,0.49296708753244706,0.3564157722393671,0.7317570907210118,0.6385755952199301,0.7066666666666667,0.9022222222222224,0.9755555555555555,
protein_binding,gp,9,raw,30,10.0,9,7.0,9,0.6326555108040639,0.5813913823829757,0.49296708753244706,0.3564157722393671,0.6544994599490335,0.4589984679222108,0.5577777777777776,0.8266666666666667,0.9222222222222223,
protein_binding,kernel_only,0,calibrated,30,1.0,9,7.0,9,0.19815841430436654,0.5510985431571801,0.7283253874811786,0.5346381696065268,1.0920125477558658,0.7072675683763292,0.48666666666666675,0.7466666666666667,0.9244444444444445,
protein_binding,kernel_only,0,raw,30,1.0,9,7.0,9,0.19815841430436654,0.5510985431571801,0.7283253874811786,0.5346381696065268,1.0932852307904488,0.6663737593756781,0.4555555555555556,0.7177777777777777,0.9155555555555556,
protein_binding,kernel_only,1,calibrated,30,2.0,9,7.0,9,0.4502398878417272,0.5433784956733385,0.6030700678343122,0.45424991885821026,0.9937818324343799,0.5241635592778524,0.40222222222222226,0.6888888888888889,0.8888888888888888,
protein_binding,kernel_only,1,raw,30,2.0,9,7.0,9,0.4502398878417272,0.5433784956733385,0.6030700678343122,0.45424991885821026,0.9906124406677836,0.49093517038557255,0.38222222222222224,0.668888888888889,0.8755555555555555,
protein_binding,kernel_only,2,calibrated,30,3.0,9,7.0,9,0.5456120074933655,0.5228152143458525,0.5482701270559768,0.4067433254586326,0.8599188161313577,0.4911004341973199,0.4311111111111111,0.7066666666666667,0.9022222222222224,
protein_binding,kernel_only,2,raw,30,3.0,9,7.0,9,0.5456120074933655,0.5228152143458525,0.5482701270559768,0.4067433254586326,0.8531846789558258,0.45998462597529094,0.4111111111111111,0.68,0.8888888888888888,
protein_binding,kernel_only,4,calibrated,30,5.0,9,7.0,9,0.6137573876393778,0.524003559185399,0.5054884693171654,0.368090314467748,0.7438614035469717,0.4594184486071269,0.45999999999999996,0.7311111111111113,0.8999999999999999,
protein_binding,kernel_only,4,raw,30,5.0,9,7.0,9,0.6137573876393778,0.524003559185399,0.5054884693171654,0.368090314467748,0.7349856525846793,0.43021105024549694,0.4444444444444444,0.7111111111111111,0.8911111111111111,
protein_binding,kernel_only,9,calibrated,30,10.0,9,7.0,9,0.6568262544726398,0.5481335212786993,0.47647288160751916,0.3397764012548658,0.6743660413538463,0.42312058077918163,0.46222222222222226,0.7288888888888889,0.8844444444444445,
protein_binding,kernel_only,9,raw,30,10.0,9,7.0,9,0.6568262544726398,0.5481335212786993,0.47647288160751916,0.3397764012548658,0.6617319524183917,0.39621738062964545,0.4466666666666666,0.7177777777777776,0.88,
protein_binding,mean_and_kernel,0,calibrated,30,1.0,9,7.0,9,0.1984214380641086,0.5533207645846737,0.7282059233642085,0.5324539964728885,1.0886779976934784,0.707938396135966,0.48666666666666664,0.7511111111111112,0.9288888888888889,
protein_binding,mean_and_kernel,0,raw,30,1.0,9,7.0,9,0.1984214380641086,0.5533207645846737,0.7282059233642085,0.5324539964728885,1.0907233154695333,0.6640829335318671,0.4555555555555556,0.72,0.9199999999999999,
protein_binding,mean_and_kernel,1,calibrated,30,2.0,9,7.0,9,0.4551765134229703,0.546974125587278,0.600356298141119,0.45010822435220077,0.9921661415273049,0.5275580008824667,0.4,0.6933333333333335,0.8844444444444445,
protein_binding,mean_and_kernel,1,raw,30,2.0,9,7.0,9,0.4551765134229703,0.546974125587278,0.600356298141119,0.45010822435220077,0.986837730250694,0.49156610223982067,0.37777777777777777,0.6622222222222223,0.8777777777777778,
protein_binding,mean_and_kernel,2,calibrated,30,3.0,9,7.0,9,0.5498860823659613,0.5277430517805947,0.5456854591128542,0.40265349739127687,0.8546762638828613,0.49388220416175,0.45333333333333337,0.7066666666666667,0.8999999999999999,
protein_binding,mean_and_kernel,2,raw,30,3.0,9,7.0,9,0.5498860823659613,0.5277430517805947,0.5456854591128542,0.40265349739127687,0.8471984902302703,0.46020567999945744,0.42666666666666664,0.6822222222222223,0.8844444444444445,
protein_binding,mean_and_kernel,4,calibrated,30,5.0,9,7.0,9,0.6224386503781736,0.5412657258411248,0.4997754574943586,0.3639927436245812,0.7305301226237683,0.461409350766076,0.47333333333333333,0.7266666666666667,0.9044444444444445,
protein_binding,mean_and_kernel,4,raw,30,5.0,9,7.0,9,0.6224386503781736,0.5412657258411248,0.4997754574943586,0.3639927436245812,0.7215809301188251,0.42987713840272695,0.4511111111111112,0.7066666666666667,0.8977777777777778,
protein_binding,mean_and_kernel,9,calibrated,30,10.0,9,7.0,9,0.6652652509554109,0.5559112984273169,0.47057793543675563,0.335423590209749,0.6688348715365062,0.4251662124527825,0.47555555555555556,0.7355555555555555,0.8866666666666667,
protein_binding,mean_and_kernel,9,raw,30,10.0,9,7.0,9,0.6652652509554109,0.5559112984273169,0.47057793543675563,0.335423590209749,0.6553971451424986,0.3961399030685425,0.4488888888888889,0.7177777777777776,0.8844444444444445,
protein_binding,mean_only,0,calibrated,30,1.0,9,7.0,9,0.206706402622996,0.5555391727222336,0.724432849180463,0.5279465287261539,1.0795255189576984,0.6778649298350016,0.45999999999999996,0.7466666666666666,0.9244444444444445,
protein_binding,mean_only,0,raw,30,1.0,9,7.0,9,0.206706402622996,0.5555391727222336,0.724432849180463,0.5279465287261539,1.0769141921779424,0.6477077934477065,0.4511111111111111,0.7155555555555556,0.9155555555555556,
protein_binding,mean_only,1,calibrated,30,2.0,9,7.0,9,0.3868794460551146,0.556109160102076,0.6368748487161014,0.4800840761926439,1.0669212465925408,0.5366141335169474,0.39111111111111113,0.6711111111111112,0.8777777777777778,
protein_binding,mean_only,1,raw,30,2.0,9,7.0,9,0.3868794460551146,0.556109160102076,0.6368748487161014,0.4800840761926439,1.0519039082503545,0.5094628161854214,0.37555555555555553,0.6533333333333333,0.8622222222222222,
protein_binding,mean_only,2,calibrated,30,3.0,9,7.0,9,0.5226180898895054,0.5370385610395008,0.5619713035860687,0.4170629941092596,0.9013586318214661,0.4974194971720377,0.45333333333333337,0.6866666666666668,0.8977777777777778,
protein_binding,mean_only,2,raw,30,3.0,9,7.0,9,0.5226180898895054,0.5370385610395008,0.5619713035860687,0.4170629941092596,0.8892975774887761,0.47213205390506313,0.4444444444444444,0.6666666666666666,0.8822222222222221,
protein_binding,mean_only,4,calibrated,30,5.0,9,7.0,9,0.6252992223810442,0.5540796311365233,0.4978785976949336,0.36771342741118535,0.7359910024769335,0.46218131542205815,0.4444444444444444,0.7333333333333334,0.9088888888888889,
protein_binding,mean_only,4,raw,30,5.0,9,7.0,9,0.6252992223810442,0.5540796311365233,0.4978785976949336,0.36771342741118535,0.7228613617028097,0.4384977674484253,0.4244444444444444,0.7222222222222222,0.8911111111111111,
protein_binding,mean_only,9,calibrated,30,10.0,9,7.0,9,0.6597786209515928,0.5741046809487872,0.47441887657431564,0.34682866401142537,0.7050287128582542,0.42385706159803593,0.4577777777777778,0.7288888888888889,0.8888888888888888,
protein_binding,mean_only,9,raw,30,10.0,9,7.0,9,0.6597786209515928,0.5741046809487872,0.47441887657431564,0.34682866401142537,0.6880031570249729,0.402085489432017,0.43555555555555553,0.7222222222222222,0.88,
protein_binding,unchanged,0,calibrated,30,1.0,9,7.0,9,0.20596590026649142,0.5561418404181798,0.7247708823536372,0.5291334609190623,1.0887661174107472,0.6858370039198134,0.46888888888888874,0.7355555555555555,0.9177777777777778,
protein_binding,unchanged,0,raw,30,1.0,9,7.0,9,0.20596590026649142,0.5561418404181798,0.7247708823536372,0.5291334609190623,1.0867963503354303,0.676434613333808,0.4666666666666667,0.731111111111111,0.9199999999999999,
protein_binding,unchanged,1,calibrated,30,2.0,9,7.0,9,0.4551166088017202,0.5270220333503353,0.6003893025260352,0.4508190338479148,0.9686965191588476,0.5149835469987658,0.42000000000000004,0.68,0.8955555555555557,
protein_binding,unchanged,1,raw,30,2.0,9,7.0,9,0.4551166088017202,0.5270220333503353,0.6003893025260352,0.4508190338479148,0.9585610197660702,0.5060765009456211,0.40444444444444444,0.6844444444444444,0.8888888888888888,
protein_binding,unchanged,2,calibrated,30,3.0,9,7.0,9,0.5408934263878442,0.5225941182838546,0.5511095236123484,0.4072857382562425,0.8456127070166081,0.4835900155703226,0.4311111111111111,0.7,0.9000000000000001,
protein_binding,unchanged,2,raw,30,3.0,9,7.0,9,0.5408934263878442,0.5225941182838546,0.5511095236123484,0.4072857382562425,0.8346441715422237,0.47520650545756027,0.4244444444444444,0.6955555555555555,0.9044444444444445,
protein_binding,unchanged,4,calibrated,30,5.0,9,7.0,9,0.6109030259791284,0.5270704055825869,0.507352829926876,0.36784569276703727,0.7274671147247166,0.45060475826263424,0.4511111111111112,0.7333333333333333,0.9044444444444445,
protein_binding,unchanged,4,raw,30,5.0,9,7.0,9,0.6109030259791284,0.5270704055825869,0.507352829926876,0.36784569276703727,0.7174461225351003,0.44277940935558735,0.4555555555555555,0.7266666666666667,0.8999999999999999,
protein_binding,unchanged,9,calibrated,30,10.0,9,7.0,9,0.6538903659415992,0.5568170027600394,0.47850667956374987,0.3427135026454925,0.6721363041966435,0.4143426712354024,0.44222222222222224,0.7288888888888889,0.8866666666666667,
protein_binding,unchanged,9,raw,30,10.0,9,7.0,9,0.6538903659415992,0.5568170027600394,0.47850667956374987,0.3427135026454925,0.659816557179441,0.4070958031548394,0.43333333333333335,0.7222222222222223,0.8911111111111111,
macro,gp,0,calibrated,3,1.0,4625,416.6666666666667,2501,0.02395542021636173,0.21573817165137835,0.7351654270222542,0.5134124183530696,1.1114775488890114,0.7119047547655049,0.583542317850816,0.8291201125893598,0.9376466316515257,6.0
macro,gp,0,raw,3,1.0,4625,416.6666666666667,2501,0.02395542021636173,0.21573817165137835,0.7351654270222542,0.5134124183530696,1.155521695986734,0.5700519903416014,0.5025416485130819,0.7638469039091403,0.8984931941562829,6.0
macro,gp,0,calibrated,15,1.0,580,65.33333333333333,580,0.04255902842373721,0.23348456622021505,0.6976708721403296,0.5150894804308036,1.0559582459037071,0.7142972218115505,0.5639767560532584,0.8218076417687851,0.9377221895032651,6.0
macro,gp,0,raw,15,1.0,580,65.33333333333333,580,0.04255902842373721,0.23348456622021505,0.6976708721403296,0.5150894804308036,1.075706475922231,0.5747682675435429,0.4846428310835253,0.7497234866585911,0.8976628539317496,6.0
macro,gp,0,calibrated,20,1.0,329,37.333333333333336,329,0.05492393148755296,0.2556264440171496,0.7179842678086937,0.5234768734624177,1.0606271062460992,0.7357635347805241,0.5735106133358943,0.8283277409648195,0.9409195780914882,6.0
macro,gp,0,raw,20,1.0,329,37.333333333333336,329,0.05492393148755296,0.2556264440171496,0.7179842678086937,0.5234768734624177,1.09360177609854,0.5817723873259972,0.48678513236659304,0.751743892250072,0.8951983402157558,6.0
macro,gp,0,calibrated,25,1.0,205,24.666666666666668,205,0.07937023302282009,0.27655729781472055,0.6639455406831595,0.5080651845054214,1.0190544216374653,0.7286490200465807,0.5710559822495306,0.8295480884109917,0.9487849249018604,6.0
macro,gp,0,raw,25,1.0,205,24.666666666666668,205,0.07937023302282009,0.27655729781472055,0.6639455406831595,0.5080651845054214,1.0316186451963836,0.5809740878417134,0.4866865079365079,0.7512858849633043,0.9026244879672299,6.0
macro,gp,0,calibrated,30,1.0,120,14.333333333333334,120,0.06671651664033879,0.2644769936354107,0.6913124388096296,0.5340957061796119,1.068166986891035,0.7199189846451127,0.5391978251274027,0.8012583363428435,0.9322421853055657,6.0
macro,gp,0,raw,30,1.0,120,14.333333333333334,120,0.06671651664033879,0.2644769936354107,0.6913124388096296,0.5340957061796119,1.125426488799181,0.5762325584115782,0.45898585530275665,0.7271303318486417,0.8768130492355845,6.0
macro,gp,1,calibrated,3,2.0,4625,416.6666666666667,2501,0.30830727060865515,0.24522365860448847,0.6210307426738318,0.43097692767296664,0.940753315460178,0.6000159871941056,0.5864353149418805,0.8322768158371251,0.9400025885103237,6.0
macro,gp,1,raw,3,2.0,4625,416.6666666666667,2501,0.30830727060865515,0.24522365860448847,0.6210307426738318,0.43097692767296664,0.9865901569425958,0.48054424846064564,0.5047584114707898,0.7649333804614399,0.901901587156703,6.0
macro,gp,1,calibrated,15,2.0,580,65.33333333333333,580,0.3205802877933619,0.2654943509737897,0.5878807802223995,0.4329735945224265,0.8725050447686763,0.6045584453428793,0.567309901249734,0.8278425015276841,0.9430714912064921,6.0
macro,gp,1,raw,15,2.0,580,65.33333333333333,580,0.3205802877933619,0.2654943509737897,0.5878807802223995,0.4329735945224265,0.8957550386192593,0.48662802920561204,0.4867174326579911,0.7590931980931507,0.90105766342154,6.0
macro,gp,1,calibrated,20,2.0,329,37.333333333333336,329,0.3316117358660416,0.28237381858826877,0.6061191856021233,0.4393631648442367,0.87207487331386,0.6214299051130091,0.5724805595569641,0.8315720349563046,0.9462969061109511,6.0
macro,gp,1,raw,20,2.0,329,37.333333333333336,329,0.3316117358660416,0.28237381858826877,0.6061191856021233,0.4393631648442367,0.9113028317766746,0.49155750173484075,0.49255552514485096,0.7566933720669676,0.8976813630397901,6.0
macro,gp,1,calibrated,25,2.0,205,24.666666666666668,205,0.35904489394218336,0.3013233555671757,0.5556984959631363,0.4216841717351576,0.8307601088141658,0.613895530344691,0.5797872930534221,0.8314863244580987,0.9539079194401775,6.0
macro,gp,1,raw,25,2.0,205,24.666666666666668,205,0.35904489394218336,0.3013233555671757,0.5556984959631363,0.4216841717351576,0.8371424616233815,0.48966732962424436,0.5033181643625192,0.7622265318313706,0.9011591995221027,6.0
macro,gp,1,calibrated,30,2.0,120,14.333333333333334,120,0.3474567036898281,0.2859561622813646,0.5844921596682314,0.4528048212544595,0.8918824622594427,0.6090679043150413,0.5390270655270655,0.7984677581156454,0.9373172625496569,6.0
macro,gp,1,raw,30,2.0,120,14.333333333333334,120,0.3474567036898281,0.2859561622813646,0.5844921596682314,0.4528048212544595,0.9321858247678433,0.48793550857217644,0.46596852052485854,0.7255279282532804,0.8756599053007504,6.0
macro,gp,2,calibrated,3,3.0,1460,153.33333333333334,1460,0.4279386149641311,0.2783917986243343,0.5516161326890278,0.39461119141002504,0.8112240658095393,0.5582519907798749,0.5854484055480395,0.8357225748669744,0.9425751102156625,6.0
macro,gp,2,raw,3,3.0,1460,153.33333333333334,1460,0.4279386149641311,0.2783917986243343,0.5516161326890278,0.39461119141002504,0.8454302062395875,0.4472959091523771,0.5077592077535781,0.7676708857629898,0.903291891724988,6.0
macro,gp,2,calibrated,15,3.0,580,65.33333333333333,580,0.4107587690249797,0.29445184026291915,0.5487555439597361,0.39749423950636986,0.7916954244594315,0.5572690035180577,0.5714367805341186,0.8319126861571609,0.9418094811451785,6.0
macro,gp,2,raw,15,3.0,580,65.33333333333333,580,0.4107587690249797,0.29445184026291915,0.5487555439597361,0.39749423950636986,0.8186504517033425,0.4487163041963759,0.4925710564269419,0.7620937847046493,0.9032284046661413,6.0
macro,gp,2,calibrated,20,3.0,329,37.333333333333336,329,0.43527277215517635,0.31803073267756193,0.5610892374368476,0.39961488651120214,0.7772197188857964,0.5715217382757514,0.5810867441339351,0.8390196981337429,0.9507191171292294,6.0
macro,gp,2,raw,20,3.0,329,37.333333333333336,329,0.43527277215517635,0.31803073267756193,0.5610892374368476,0.39961488651120214,0.8140657230885747,0.45208534245548176,0.4960203239540318,0.7632058068440092,0.9068565863183841,6.0
macro,gp,2,calibrated,25,3.0,205,24.666666666666668,205,0.47661509490421333,0.3227273950933706,0.5057082269890473,0.3805302816148581,0.7350318953747316,0.564671406048786,0.591113991295443,0.843409519542584,0.9573090331114525,6.0
macro,gp,2,raw,25,3.0,205,24.666666666666668,205,0.47661509490421333,0.3227273950933706,0.5057082269890473,0.3805302816148581,0.730463071468868,0.45043288954281374,0.5099620455709165,0.7712920293565454,0.9107881464413724,6.0
macro,gp,2,calibrated,30,3.0,120,14.333333333333334,120,0.47044489827971286,0.3010827941179337,0.5284032326890941,0.4097594669752433,0.7823124578465624,0.55987373423435,0.5401064764656315,0.8054805385016652,0.9476909032542835,6.0
macro,gp,2,raw,30,3.0,120,14.333333333333334,120,0.47044489827971286,0.3010827941179337,0.5284032326890941,0.4097594669752433,0.8071041840269828,0.44842879539751124,0.45693651940130814,0.731071806909835,0.8916240520043338,6.0
macro,gp,4,calibrated,3,5.0,1460,153.33333333333334,1460,0.5199538494679987,0.321939865772661,0.5065113524177174,0.35924033675828415,0.7241851702196135,0.5111986304945324,0.5907598033851005,0.8387205081679158,0.9435618933472889,6.0
macro,gp,4,raw,3,5.0,1460,153.33333333333334,1460,0.5199538494679987,0.321939865772661,0.5065113524177174,0.35924033675828415,0.7586277928208363,0.4096518641842779,0.5102067293745863,0.771412863013344,0.9067101614069554,6.0
macro,gp,4,calibrated,15,5.0,580,65.33333333333333,580,0.4940507081905363,0.3385987005492704,0.5090382521740761,0.36660265593742186,0.7102422663932093,0.5118330087410072,0.5738685736827942,0.8323858200562889,0.9410164347377977,6.0
macro,gp,4,raw,15,5.0,580,65.33333333333333,580,0.4940507081905363,0.3385987005492704,0.5090382521740761,0.36660265593742186,0.7413841685286947,0.41207386717474287,0.49303429006075966,0.7623878405803596,0.9046449656956869,6.0
macro,gp,4,calibrated,20,5.0,329,37.333333333333336,329,0.5199340024105878,0.36675574733058736,0.5179828276666657,0.36877602867934883,0.6940156515178634,0.5249212330093306,0.5808464227408047,0.8442740596690035,0.9498471926117994,6.0
macro,gp,4,raw,20,5.0,329,37.333333333333336,329,0.5199340024105878,0.36675574733058736,0.5179828276666657,0.36877602867934883,0.7352644451041993,0.4151762998188269,0.49150303786933,0.7673166106469478,0.9104552066327347,6.0
macro,gp,4,calibrated,25,5.0,205,24.666666666666668,205,0.5572230054626673,0.3804667605293927,0.46550720998516787,0.35060475063133545,0.6490640033109091,0.5174052366385978,0.588791538658474,0.8500917818740398,0.9555126514763611,6.0
macro,gp,4,raw,25,5.0,205,24.666666666666668,205,0.5572230054626673,0.3804667605293927,0.46550720998516787,0.35060475063133545,0.6405050411722351,0.4127407441516518,0.5050387011435399,0.7765989076634239,0.9146009344598055,6.0
macro,gp,4,calibrated,30,5.0,120,14.333333333333334,120,0.5564878435166454,0.3843609893813711,0.48611431740224303,0.37677817748775383,0.6946885395955377,0.5138637008634609,0.538221339432607,0.8148632077364472,0.9457847999678984,6.0
macro,gp,4,raw,30,5.0,120,14.333333333333334,120,0.5564878435166454,0.3843609893813711,0.48611431740224303,0.37677817748775383,0.712975734065156,0.4114975203746017,0.4559460294530717,0.7323684041571367,0.898172966574375,6.0
macro,gp,9,calibrated,3,10.0,580,65.33333333333333,580,0.5737049411697465,0.40303817295400385,0.46773618508312675,0.3297000810357808,0.6177703449205162,0.46192224356835415,0.58314673932582,0.8318886026751019,0.9401728476373762,6.0
macro,gp,9,raw,3,10.0,580,65.33333333333333,580,0.5737049411697465,0.40303817295400385,0.46773618508312675,0.3297000810357808,0.653636175746462,0.37202426007427336,0.5038034619191768,0.7663424177032011,0.9031249580820484,6.0
macro,gp,9,calibrated,15,10.0,580,65.33333333333333,580,0.5737049411697465,0.40303817295400385,0.46773618508312675,0.3297000810357808,0.6177703449205162,0.46192224356835415,0.58314673932582,0.8318886026751019,0.9401728476373762,6.0
macro,gp,9,raw,15,10.0,580,65.33333333333333,580,0.5737049411697465,0.40303817295400385,0.46773618508312675,0.3297000810357808,0.653636175746462,0.37202426007427336,0.5038034619191768,0.7663424177032011,0.9031249580820484,6.0
macro,gp,9,calibrated,20,10.0,329,37.333333333333336,329,0.6056725346446513,0.44413338512194556,0.47105725810671056,0.32759614720835306,0.5903255218570851,0.47314474585009153,0.5949024648676334,0.8448613431928038,0.950303098690739,6.0
macro,gp,9,raw,20,10.0,329,37.333333333333336,329,0.6056725346446513,0.44413338512194556,0.47105725810671056,0.32759614720835306,0.635505277648091,0.37411742255832364,0.5103275328915778,0.7754468004737668,0.910559961906591,6.0
macro,gp,9,calibrated,25,10.0,205,24.666666666666668,205,0.6365673995211664,0.4568466528699601,0.423128284818721,0.3130881949284809,0.549392936628691,0.4667803758395946,0.5991136926096603,0.8503623058542414,0.9544796040279911,6.0
macro,gp,9,raw,25,10.0,205,24.666666666666668,205,0.6365673995211664,0.4568466528699601,0.423128284818721,0.3130881949284809,0.5379675770247329,0.37224270593735986,0.5111036439665472,0.7802151604369348,0.9154591440518862,6.0
macro,gp,9,calibrated,30,10.0,120,14.333333333333334,120,0.6538362657626885,0.47349106401850083,0.4322070720939457,0.33002422353256483,0.5740840406793072,0.4632086786444227,0.5568895509811003,0.8306356285863328,0.9507774968901729,6.0
macro,gp,9,raw,30,10.0,120,14.333333333333334,120,0.6538362657626885,0.47349106401850083,0.4322070720939457,0.33002422353256483,0.5786202379515102,0.37094088079290904,0.4685527065527065,0.7531002768749246,0.9088364230969866,6.0
macro,kernel_only,0,calibrated,3,1.0,4625,416.6666666666667,2501,0.0526730143084315,0.24591892610942698,0.7251454177329734,0.504904045670194,1.0043317884428795,0.698982573015421,0.5215262951183451,0.7913505288678659,0.9411433915379219,6.0
macro,kernel_only,0,raw,3,1.0,4625,416.6666666666667,2501,0.0526730143084315,0.24591892610942698,0.7251454177329734,0.504904045670194,1.00369417784572,0.6359945392977755,0.488614963659517,0.7640212454811501,0.9255278387480755,6.0
macro,kernel_only,0,calibrated,15,1.0,580,65.33333333333333,580,0.07670239366997439,0.2772392313950596,0.6859441476492067,0.5024057412858847,1.0094092162900068,0.6944824015226563,0.5064794332519345,0.7823965520340593,0.9404092096794757,6.0
macro,kernel_only,0,raw,15,1.0,580,65.33333333333333,580,0.07670239366997439,0.2772392313950596,0.6859441476492067,0.5024057412858847,1.0062867935659041,0.6330592109403573,0.47561460814520906,0.7500976603878704,0.9237902959479336,6.0
macro,kernel_only,0,calibrated,20,1.0,329,37.333333333333336,329,0.0976855606798387,0.28980861216614456,0.7065869285659825,0.5141160423795232,1.0223460142677627,0.6993861470600932,0.49684541918755404,0.7782360030730816,0.9384618329652037,6.0
macro,kernel_only,0,raw,20,1.0,329,37.333333333333336,329,0.0976855606798387,0.28980861216614456,0.7065869285659825,0.5141160423795232,1.0226341184154875,0.6311317340979511,0.46577629085438077,0.7416144194756554,0.9191944780562756,6.0
macro,kernel_only,0,calibrated,25,1.0,205,24.666666666666668,205,0.10345014788676217,0.2833881214316641,0.6656539658783811,0.504180073674641,0.9958717961679445,0.7009680902340557,0.49463976361153783,0.7807535415599931,0.9453305384877965,6.0
macro,kernel_only,0,raw,25,1.0,205,24.666666666666668,205,0.10345014788676217,0.2833881214316641,0.6656539658783811,0.504180073674641,1.0020750316740081,0.6330790693302277,0.46118891875746715,0.7406752218808671,0.9214773852193209,6.0
macro,kernel_only,0,calibrated,30,1.0,120,14.333333333333334,120,0.09190434028482457,0.2390901898597367,0.7111018776872982,0.5479368120157143,1.0781378478176107,0.7038157579639472,0.4647402190923318,0.7381425303960517,0.9346564142690902,6.0
macro,kernel_only,0,raw,30,1.0,120,14.333333333333334,120,0.09190434028482457,0.2390901898597367,0.7111018776872982,0.5479368120157143,1.1048046266912064,0.6269078685426343,0.42486724047991653,0.6923239235985715,0.9007074354961678,6.0
macro,kernel_only,1,calibrated,3,2.0,4625,416.6666666666667,2501,0.3296235852699528,0.2644787710277266,0.6105559238356759,0.42199908149260845,0.8421348121339992,0.5716881407481927,0.5057187588607016,0.7794144881273986,0.9280164066231263,6.0
macro,kernel_only,1,raw,3,2.0,4625,416.6666666666667,2501,0.3296235852699528,0.2644787710277266,0.6105559238356759,0.42199908149260845,0.8499764972704339,0.5210733533962356,0.47242617114272706,0.7489016525081866,0.9113244528078991,6.0
macro,kernel_only,1,calibrated,15,2.0,580,65.33333333333333,580,0.33905331872328826,0.29060327439804134,0.5807645054983664,0.42302766523583274,0.8372390177798237,0.5640496309468969,0.47612233443282737,0.7679433885414627,0.92985264462133,6.0
macro,kernel_only,1,raw,15,2.0,580,65.33333333333333,580,0.33905331872328826,0.29060327439804134,0.5807645054983664,0.42302766523583274,0.8451583730324524,0.5147767399494617,0.447651595230163,0.7353369986216697,0.910547474167327,6.0
macro,kernel_only,1,calibrated,20,2.0,329,37.333333333333336,329,0.3468241932446567,0.30029396440792305,0.6023769315065791,0.4344048590874718,0.857223484716978,0.5660479137584378,0.4657418419283587,0.7634922308652646,0.925274736707321,6.0
macro,kernel_only,1,raw,20,2.0,329,37.333333333333336,329,0.3468241932446567,0.30029396440792305,0.6023769315065791,0.4344048590874718,0.8718259941777827,0.5118702246172427,0.43639917570984993,0.7230965635903838,0.9030205352284003,6.0
macro,kernel_only,1,calibrated,25,2.0,205,24.666666666666668,205,0.3578046169238394,0.3038358050104691,0.5597131645390588,0.42218459051972523,0.831667968156463,0.5813344757904201,0.48556748165215896,0.7757871650452296,0.9367277692438983,6.0
macro,kernel_only,1,raw,25,2.0,205,24.666666666666668,205,0.3578046169238394,0.3038358050104691,0.5597131645390588,0.42218459051972523,0.8447287315614006,0.5262945676978781,0.4549132104454685,0.7369026284348864,0.9132381592421916,6.0
macro,kernel_only,1,calibrated,30,2.0,120,14.333333333333334,120,0.3482829488958807,0.27142748750857915,0.6005133102524887,0.4656173023107976,0.9352410808949241,0.5975202691354045,0.43896155852493884,0.7395854901488704,0.9315343886681914,6.0
macro,kernel_only,1,raw,30,2.0,120,14.333333333333334,120,0.3482829488958807,0.27142748750857915,0.6005133102524887,0.4656173023107976,0.9600544608069627,0.5318849643925393,0.4091154046787849,0.6919787729224348,0.8980842863448498,6.0
macro,kernel_only,2,calibrated,3,3.0,1460,153.33333333333334,1460,0.4462762384924684,0.2989259486109132,0.5422323599732007,0.3865479940597245,0.7482298499108345,0.5460197966477901,0.511937714986648,0.7891219981612726,0.9370917503504957,6.0
macro,kernel_only,2,raw,3,3.0,1460,153.33333333333334,1460,0.4462762384924684,0.2989259486109132,0.5422323599732007,0.3865479940597245,0.7550481805967678,0.4982499816068797,0.4799929401836803,0.7578816656294395,0.9205210420811217,6.0
macro,kernel_only,2,calibrated,15,3.0,580,65.33333333333333,580,0.42823785883385784,0.31901942256360954,0.5413384158819792,0.38767616805486993,0.7422574804512352,0.5393634470440111,0.5000681488251394,0.7859696916021893,0.9368688196174323,6.0
macro,kernel_only,2,raw,15,3.0,580,65.33333333333333,580,0.42823785883385784,0.31901942256360954,0.5413384158819792,0.38767616805486993,0.7462451921127197,0.4922689825973829,0.4696551433583669,0.7540348261377439,0.9207200086620156,6.0
macro,kernel_only,2,calibrated,20,3.0,329,37.333333333333336,329,0.45030153369258735,0.3275387973233365,0.5562526047861034,0.39419290454948297,0.7495986855866489,0.5402945316188136,0.49172552418451293,0.7859283747879253,0.9356227376036367,6.0
macro,kernel_only,2,raw,20,3.0,329,37.333333333333336,329,0.45030153369258735,0.3275387973233365,0.5562526047861034,0.39419290454948297,0.7575990219116431,0.4886245039122004,0.458087101059573,0.7491325858702264,0.918338824866353,6.0
macro,kernel_only,2,calibrated,25,3.0,205,24.666666666666668,205,0.4775006868630108,0.33140925419484457,0.5071443926145036,0.38179971928545103,0.7287467469087957,0.5554609391303661,0.508787463731012,0.7986031746031746,0.944373357228196,6.0
macro,kernel_only,2,raw,25,3.0,205,24.666666666666668,205,0.4775006868630108,0.33140925419484457,0.5071443926145036,0.38179971928545103,0.7312418899085199,0.5028135555403482,0.47178304744836996,0.7634216163167776,0.926445255162997,6.0
macro,kernel_only,2,calibrated,30,3.0,120,14.333333333333334,120,0.47569296602020233,0.29374079571506945,0.5339676988698602,0.41435361153051353,0.8076225611109167,0.5717987934571725,0.45824603747843184,0.7799993379077886,0.9418122266361703,6.0
macro,kernel_only,2,raw,30,3.0,120,14.333333333333334,120,0.47569296602020233,0.29374079571506945,0.5339676988698602,0.41435361153051353,0.8225124322882355,0.508965825253479,0.42385293527547047,0.7297600216684722,0.9161262991051725,6.0
macro,kernel_only,4,calibrated,3,5.0,1460,153.33333333333334,1460,0.5338395177572787,0.3394834553945714,0.4983143802223809,0.3531118805728331,0.6559655806467877,0.5189837131969934,0.524563749057578,0.8003905003574991,0.9449329152199439,6.0
macro,kernel_only,4,raw,3,5.0,1460,153.33333333333334,1460,0.5338395177572787,0.3394834553945714,0.4983143802223809,0.3531118805728331,0.6582201442231452,0.47368239587805033,0.4912896296878329,0.76920530398786,0.9304033089479186,6.0
macro,kernel_only,4,calibrated,15,5.0,580,65.33333333333333,580,0.5045292860965604,0.35293695312168777,0.5039796742722387,0.3596840259582745,0.6650966775884232,0.5126365399876153,0.5059473151703265,0.7918213164769835,0.9446746483791336,6.0
macro,kernel_only,4,raw,15,5.0,580,65.33333333333333,580,0.5045292860965604,0.35293695312168777,0.5039796742722387,0.3596840259582745,0.6669372883944691,0.46793261536345493,0.47646203551472044,0.7591018388213703,0.9298544815994755,6.0
macro,kernel_only,4,calibrated,20,5.0,329,37.333333333333336,329,0.5298560531265165,0.37581721387040146,0.5147738187137559,0.3630839556338991,0.670099339232078,0.5135606895294402,0.5062089663561574,0.7927674285348444,0.9443617737443581,6.0
macro,kernel_only,4,raw,20,5.0,329,37.333333333333336,329,0.5298560531265165,0.37581721387040146,0.5147738187137559,0.3630839556338991,0.6760839912109443,0.4644774780090235,0.47242086334389705,0.7563834517750246,0.9270090575882711,6.0
macro,kernel_only,4,calibrated,25,5.0,205,24.666666666666668,205,0.5604898003211363,0.37564322428000646,0.46552957639385983,0.3485467762747469,0.6452877590842013,0.52769572585637,0.530502944188428,0.8082041090629802,0.9499658218125959,6.0
macro,kernel_only,4,raw,25,5.0,205,24.666666666666668,205,0.5604898003211363,0.37564322428000646,0.46552957639385983,0.3485467762747469,0.6433848181849998,0.4776530633769964,0.494485599078341,0.7758115719406042,0.9333211085509473,6.0
macro,kernel_only,4,calibrated,30,5.0,120,14.333333333333334,120,0.5639357765183676,0.3662260749413336,0.4882460464023075,0.37802001272102825,0.7174580607627745,0.5433580235827624,0.4877677862044059,0.7886434733758678,0.951003611412062,6.0
macro,kernel_only,4,raw,30,5.0,120,14.333333333333334,120,0.5639357765183676,0.3662260749413336,0.4882460464023075,0.37802001272102825,0.7254860363949805,0.4837101519230061,0.4452999678985594,0.7417341198186268,0.92476860880382,6.0
macro,kernel_only,9,calibrated,3,10.0,580,65.33333333333333,580,0.5822785426941345,0.4126921725560652,0.4631584863342843,0.32617199644472367,0.5727695491046572,0.4809544907082028,0.5238083227227982,0.803711684228467,0.948111270868699,6.0
macro,kernel_only,9,raw,3,10.0,580,65.33333333333333,580,0.5822785426941345,0.4126921725560652,0.4631584863342843,0.32617199644472367,0.5706258346365617,0.43911963772062523,0.4934156045282396,0.7718055064942503,0.934108928008656,6.0
macro,kernel_only,9,calibrated,15,10.0,580,65.33333333333333,580,0.5822785426941345,0.4126921725560652,0.4631584863342843,0.32617199644472367,0.5727695491046572,0.4809544907082028,0.5238083227227982,0.803711684228467,0.948111270868699,6.0
macro,kernel_only,9,raw,15,10.0,580,65.33333333333333,580,0.5822785426941345,0.4126921725560652,0.4631584863342843,0.32617199644472367,0.5706258346365617,0.43911963772062523,0.4934156045282396,0.7718055064942503,0.934108928008656,6.0
macro,kernel_only,9,calibrated,20,10.0,329,37.333333333333336,329,0.6132439873342906,0.4516492166829236,0.4681306995649641,0.3251300388041006,0.5675940949728541,0.4817821374409963,0.5284048192963924,0.8090982825954737,0.948659475335318,6.0
macro,kernel_only,9,raw,20,10.0,329,37.333333333333336,329,0.6132439873342906,0.4516492166829236,0.4681306995649641,0.3251300388041006,0.56787755513305,0.43584739525756505,0.495142224463011,0.7732576074778322,0.9342985386856174,6.0
macro,kernel_only,9,calibrated,25,10.0,205,24.666666666666668,205,0.6416576495302425,0.45373914225688866,0.4215093847874974,0.31320847782763905,0.5506267665940486,0.49569772503328036,0.5514542584058713,0.8210422213688342,0.9527412741082095,6.0
macro,kernel_only,9,raw,25,10.0,205,24.666666666666668,205,0.6416576495302425,0.45373914225688866,0.4215093847874974,0.31320847782763905,0.5411130961846627,0.4487008573718294,0.5164328170336234,0.7895093659327531,0.9401565753541559,6.0
macro,kernel_only,9,calibrated,30,10.0,120,14.333333333333334,120,0.6608062153796715,0.46598489751805894,0.4332103559581535,0.3332406299301289,0.6047452423236638,0.5110434321513896,0.5151016813129489,0.8226470647245295,0.9519178805023875,6.0
macro,kernel_only,9,raw,30,10.0,120,14.333333333333334,120,0.6608062153796715,0.46598489751805894,0.4332103559581535,0.3332406299301289,0.6000216402631019,0.45502308789293716,0.47153491031660044,0.7736283656354077,0.9377397977609245,6.0
macro,mean_and_kernel,0,calibrated,3,1.0,4625,416.6666666666667,2501,0.05351488958424259,0.2466574541588542,0.7248345345254118,0.5045929525432775,1.0030995432930483,0.6989790661524578,0.5222958229043844,0.792453131774443,0.941409352799263,6.0
macro,mean_and_kernel,0,raw,3,1.0,4625,416.6666666666667,2501,0.05351488958424259,0.2466574541588542,0.7248345345254118,0.5045929525432775,1.0023834176905393,0.634861175208524,0.4891820406793323,0.7637854885526266,0.925443348805322,6.0
macro,mean_and_kernel,0,calibrated,15,1.0,580,65.33333333333333,580,0.0779398456854008,0.2779298530509367,0.6855421670837697,0.5019939562138392,1.0079691388770755,0.6938739408425006,0.5069800130912372,0.7827235624889138,0.9402944563032105,6.0
macro,mean_and_kernel,0,raw,15,1.0,580,65.33333333333333,580,0.0779398456854008,0.2779298530509367,0.6855421670837697,0.5019939562138392,1.0045581988415702,0.6314434027734204,0.47435665869488974,0.7496468522833082,0.9240417388253857,6.0
macro,mean_and_kernel,0,calibrated,20,1.0,329,37.333333333333336,329,0.09899824094667196,0.29051475962587586,0.7061831297204432,0.5134578679583534,1.0205933379971763,0.6986198375363543,0.49757133551009963,0.7784167290886392,0.9384025849098881,6.0
macro,mean_and_kernel,0,raw,20,1.0,329,37.333333333333336,329,0.09899824094667196,0.29051475962587586,0.7061831297204432,0.5134578679583534,1.0208439159945972,0.6294264164782569,0.46421073337814905,0.741033235698966,0.9191277569704538,6.0
macro,mean_and_kernel,0,calibrated,25,1.0,205,24.666666666666668,205,0.10598985203470081,0.2833606960796136,0.6650344291918876,0.5032618947381055,0.9934569795356566,0.7005489987391754,0.49602705239802014,0.7810731566820278,0.9453797576378221,6.0
macro,mean_and_kernel,0,raw,25,1.0,205,24.666666666666668,205,0.10598985203470081,0.2833606960796136,0.6650344291918876,0.5032618947381055,0.9995460123054795,0.631986081078295,0.46040442054958186,0.7408651006997781,0.9223668928144736,6.0
macro,mean_and_kernel,0,calibrated,30,1.0,120,14.333333333333334,120,0.09595452917036358,0.24028575215704828,0.7101338266198397,0.5468043428614661,1.0755104411579461,0.7037161832958464,0.4661678102804864,0.7391907828738815,0.9347563099394085,6.0
macro,mean_and_kernel,0,raw,30,1.0,120,14.333333333333334,120,0.09595452917036358,0.24028575215704828,0.7101338266198397,0.5468043428614661,1.1028203370452652,0.6250694779991209,0.4276072188114442,0.6908615023474178,0.901324304803178,6.0
macro,mean_and_kernel,1,calibrated,3,2.0,4625,416.6666666666667,2501,0.32960185327899966,0.2681652120110411,0.6107852010406108,0.4223227978810827,0.8429386049050459,0.5719361108123051,0.5058517770085279,0.778799096838188,0.9275608866374895,6.0
macro,mean_and_kernel,1,raw,3,2.0,4625,416.6666666666667,2501,0.32960185327899966,0.2681652120110411,0.6107852010406108,0.4223227978810827,0.8509387338875526,0.5203777984951665,0.4711876668243771,0.7482745295827161,0.9112933868274992,6.0
macro,mean_and_kernel,1,calibrated,15,2.0,580,65.33333333333333,580,0.33954995712266905,0.29637891084842166,0.5804023065088791,0.42286341653423376,0.8385116908394413,0.5634016787810493,0.4768997348862287,0.7670996080051969,0.9285210161683496,6.0
macro,mean_and_kernel,1,raw,15,2.0,580,65.33333333333333,580,0.33954995712266905,0.29637891084842166,0.5804023065088791,0.42286341653423376,0.8459278998331898,0.5133534855042767,0.4463138881088872,0.7340092024892995,0.9105158890107199,6.0
macro,mean_and_kernel,1,calibrated,20,2.0,329,37.333333333333336,329,0.34869106733222827,0.30811670247744755,0.6018033380107123,0.43387257641921123,0.8563558733746138,0.5654045048634164,0.4671063846473959,0.7637362703671692,0.9236976407695509,6.0
macro,mean_and_kernel,1,raw,20,2.0,329,37.333333333333336,329,0.34869106733222827,0.30811670247744755,0.6018033380107123,0.43387257641921123,0.8714238953721282,0.5104686388614739,0.436264497903262,0.7233039581932842,0.9030386167931113,6.0
macro,mean_and_kernel,1,calibrated,25,2.0,205,24.666666666666668,205,0.3616926713448449,0.3095175807364083,0.5584917160054634,0.4208345459225726,0.8303030626970068,0.5802810744416961,0.4839899086874893,0.7752696492575527,0.9349566692268305,6.0
macro,mean_and_kernel,1,raw,25,2.0,205,24.666666666666668,205,0.3616926713448449,0.3095175807364083,0.5584917160054634,0.4208345459225726,0.8434469037823012,0.5247077513200153,0.45422320361836493,0.7346821343232633,0.9125534220856802,6.0
macro,mean_and_kernel,1,calibrated,30,2.0,120,14.333333333333334,120,0.35389733113754046,0.27565507473335804,0.5989018919673225,0.46402068431423765,0.9333806537674697,0.5967649150038147,0.4366558324304803,0.739095461658842,0.9307214196862085,6.0
macro,mean_and_kernel,1,raw,30,2.0,120,14.333333333333334,120,0.35389733113754046,0.27565507473335804,0.5989018919673225,0.46402068431423765,0.9589969552773255,0.529716426880037,0.40624681995104533,0.6837479435014647,0.9005315797921432,6.0
macro,mean_and_kernel,2,calibrated,3,3.0,1460,153.33333333333334,1460,0.447839695910635,0.30395338996260046,0.5414525644325576,0.3859383850181998,0.7477008356172986,0.5459098199434822,0.5111904322893072,0.7882809517976354,0.9369889038444321,6.0
macro,mean_and_kernel,2,raw,3,3.0,1460,153.33333333333334,1460,0.447839695910635,0.30395338996260046,0.5414525644325576,0.3859383850181998,0.7543517988497247,0.49727720205442455,0.4801470622993085,0.7566500042541701,0.9209415465925367,6.0
macro,mean_and_kernel,2,calibrated,15,3.0,580,65.33333333333333,580,0.4308816327898901,0.32666080153313215,0.5400402230153138,0.38649289188318353,0.7411422587136306,0.5389530523753427,0.5003594230870169,0.7854115156750184,0.9371100504344735,6.0
macro,mean_and_kernel,2,raw,15,3.0,580,65.33333333333333,580,0.4308816327898901,0.32666080153313215,0.5400402230153138,0.38649289188318353,0.7444466313406565,0.49109659214504386,0.46870148582665033,0.7510782943627144,0.9209153322128719,6.0
macro,mean_and_kernel,2,calibrated,20,3.0,329,37.333333333333336,329,0.4543972249569741,0.3358692508068857,0.5543882293058523,0.3924137976491506,0.746492046195288,0.539831873675456,0.49375706168571337,0.7855031803194724,0.9360149444604501,6.0
macro,mean_and_kernel,2,raw,20,3.0,329,37.333333333333336,329,0.4543972249569741,0.3358692508068857,0.5543882293058523,0.3924137976491506,0.7542847030377852,0.4874261495620266,0.4576230529146259,0.7466747623163354,0.9185620458401357,6.0
macro,mean_and_kernel,2,calibrated,25,3.0,205,24.666666666666668,205,0.4828808332012657,0.33832447614526573,0.5049079110830407,0.38002495440228484,0.7254494136139996,0.5546196242019058,0.5102938214712408,0.7974068100358424,0.9449234511008705,6.0
macro,mean_and_kernel,2,raw,25,3.0,205,24.666666666666668,205,0.4828808332012657,0.33832447614526573,0.5049079110830407,0.38002495440228484,0.7277525112343725,0.5014549799042592,0.4719325396825396,0.7608460274790919,0.9267648062809353,6.0
macro,mean_and_kernel,2,calibrated,30,3.0,120,14.333333333333334,120,0.48261865495014034,0.3005811831300877,0.5315153124757224,0.4120522128506526,0.8039393627532633,0.571157230347286,0.4603043818466353,0.7806055134224149,0.9429324665944382,6.0
macro,mean_and_kernel,2,raw,30,3.0,120,14.333333333333334,120,0.48261865495014034,0.3005811831300877,0.5315153124757224,0.4120522128506526,0.8186242393917612,0.5069686374874277,0.42453924401107496,0.7243909554191243,0.915496970426548,6.0
macro,mean_and_kernel,4,calibrated,3,5.0,1460,153.33333333333334,1460,0.5355681465561145,0.34049922754787554,0.4973781246034959,0.3524077904966274,0.6548824158798414,0.5191567253328708,0.5247884883088499,0.8011007127994586,0.9447176601593205,6.0
macro,mean_and_kernel,4,raw,3,5.0,1460,153.33333333333334,1460,0.5355681465561145,0.34049922754787554,0.4973781246034959,0.3524077904966274,0.6568315743990926,0.4730248640317267,0.49206780144443923,0.770003211147563,0.9301527122431432,6.0
macro,mean_and_kernel,4,calibrated,15,5.0,580,65.33333333333333,580,0.5074958908786849,0.36049153269828677,0.5025144905696807,0.35833534611013934,0.6630370106486257,0.5125086737646761,0.5076743756983185,0.7930332334268834,0.9446859854006529,6.0
macro,mean_and_kernel,4,raw,15,5.0,580,65.33333333333333,580,0.5074958908786849,0.36049153269828677,0.5025144905696807,0.35833534611013934,0.6645017354343012,0.46705837458190524,0.47476742947403133,0.7589553812782882,0.930184737443675,6.0
macro,mean_and_kernel,4,calibrated,20,5.0,329,37.333333333333336,329,0.5337007715260665,0.3927845763364309,0.5128573894010674,0.3613752009739781,0.6665417135007923,0.5133939168979692,0.5082740100515382,0.7930249447805627,0.9439199702295209,6.0
macro,mean_and_kernel,4,raw,20,5.0,329,37.333333333333336,329,0.5337007715260665,0.3927845763364309,0.5128573894010674,0.3613752009739781,0.6724480506979402,0.46358578103404047,0.4695641905950894,0.7566288485546914,0.9275537981369443,6.0
macro,mean_and_kernel,4,calibrated,25,5.0,205,24.666666666666668,205,0.5655681823669765,0.3885225361826241,0.4632293355353811,0.3469745431169686,0.6416727309407568,0.5272886940383387,0.5298852833247994,0.8093552867383513,0.9502607953575694,6.0
macro,mean_and_kernel,4,raw,25,5.0,205,24.666666666666668,205,0.5655681823669765,0.3885225361826241,0.4632293355353811,0.3469745431169686,0.6397009700932328,0.47671913960336215,0.49123064942823014,0.7757681558286397,0.93428236473801,6.0
macro,mean_and_kernel,4,calibrated,30,5.0,120,14.333333333333334,120,0.5696551798369484,0.37602849547524664,0.4860412209193095,0.3762910835034552,0.7123968131066349,0.5432206819506396,0.48757541832189716,0.7905733718550619,0.9523294009068657,6.0
macro,mean_and_kernel,4,raw,30,5.0,120,14.333333333333334,120,0.5696551798369484,0.37602849547524664,0.4860412209193095,0.3762910835034552,0.7203866925806331,0.4822448793243292,0.4401846434733758,0.7414247622487059,0.9263239235985714,6.0
macro,mean_and_kernel,9,calibrated,3,10.0,580,65.33333333333333,580,0.5836708358438668,0.41370441650087875,0.46235502526074496,0.3255195065683483,0.5723475621019319,0.48114895939453906,0.5232941114579663,0.8033576036617641,0.9487251300752698,6.0
macro,mean_and_kernel,9,raw,3,10.0,580,65.33333333333333,580,0.5836708358438668,0.41370441650087875,0.46235502526074496,0.3255195065683483,0.5699913843122036,0.4385928082200727,0.4916305661912151,0.7712699896381977,0.9350880103626248,6.0
macro,mean_and_kernel,9,calibrated,15,10.0,580,65.33333333333333,580,0.5836708358438668,0.41370441650087875,0.46235502526074496,0.3255195065683483,0.5723475621019319,0.48114895939453906,0.5232941114579663,0.8033576036617641,0.9487251300752698,6.0
macro,mean_and_kernel,9,raw,15,10.0,580,65.33333333333333,580,0.5836708358438668,0.41370441650087875,0.46235502526074496,0.3255195065683483,0.5699913843122036,0.4385928082200727,0.4916305661912151,0.7712699896381977,0.9350880103626248,6.0
macro,mean_and_kernel,9,calibrated,20,10.0,329,37.333333333333336,329,0.6147053072238253,0.4559738718761179,0.46723188578302494,0.32426073912737896,0.5663660936016166,0.4819657335314152,0.529780040974423,0.8090883991164889,0.9492725247287045,6.0
macro,mean_and_kernel,9,raw,20,10.0,329,37.333333333333336,329,0.6147053072238253,0.4559738718761179,0.46723188578302494,0.32426073912737896,0.5666523017609655,0.43532416967159676,0.49418836550465767,0.7734280786836966,0.935145876948686,6.0
macro,mean_and_kernel,9,calibrated,25,10.0,205,24.666666666666668,205,0.6433798014307137,0.4578500131486915,0.42052272085047254,0.312191550503712,0.5494885048193802,0.4956446338892009,0.5517498506571087,0.8206702508960574,0.953909263526199,6.0
macro,mean_and_kernel,9,raw,25,10.0,205,24.666666666666668,205,0.6433798014307137,0.4578500131486915,0.42052272085047254,0.312191550503712,0.5400815693128455,0.4481326373434423,0.5133733785628948,0.7896443505717698,0.9407794845536781,6.0
macro,mean_and_kernel,9,calibrated,30,10.0,120,14.333333333333334,120,0.662169625161188,0.469526272253308,0.4325957626115348,0.33236776707964993,0.604018304586532,0.5113237721026387,0.5149819028128887,0.8209201476666262,0.9539372216203202,6.0
macro,mean_and_kernel,9,raw,30,10.0,120,14.333333333333334,120,0.662169625161188,0.469526272253308,0.4325957626115348,0.33236776707964993,0.5995782084072124,0.4540344611545597,0.46610625576822756,0.7725902652381524,0.9369935395850888,6.0
macro,mean_only,0,calibrated,3,1.0,4625,416.6666666666667,2501,0.0562741687809891,0.24235520568339605,0.7238150065992585,0.5033020271126382,0.9976549038101622,0.6891621868028636,0.5191101962812089,0.7901430829923388,0.9401441946413461,6.0
macro,mean_only,0,raw,3,1.0,4625,416.6666666666667,2501,0.0562741687809891,0.24235520568339605,0.7238150065992585,0.5033020271126382,1.0014400518775897,0.6149928105612005,0.4794236811870069,0.7545367152394465,0.9196202065366692,6.0
macro,mean_only,0,calibrated,15,1.0,580,65.33333333333333,580,0.0798854638337992,0.2715903551168862,0.6846819436263427,0.5009943692026493,1.002865558217431,0.6826760261695902,0.5024295911229005,0.7793360192113838,0.9388657301142175,6.0
macro,mean_only,0,raw,15,1.0,580,65.33333333333333,580,0.0798854638337992,0.2715903551168862,0.6846819436263427,0.5009943692026493,1.007006154694653,0.6090355098596728,0.464517963095666,0.7385850580506245,0.9168604299857946,6.0
macro,mean_only,0,calibrated,20,1.0,329,37.333333333333336,329,0.10118644611883852,0.2766956029971486,0.704836398545276,0.5117158644869665,1.014015084993142,0.6872509448046092,0.49457290406223,0.7739999647876052,0.9376660152373636,6.0
macro,mean_only,0,raw,20,1.0,329,37.333333333333336,329,0.10118644611883852,0.2766956029971486,0.704836398545276,0.5117158644869665,1.020596460102049,0.6079645637631254,0.4562790198149748,0.7320898732353789,0.91220443196005,6.0
macro,mean_only,0,calibrated,25,1.0,205,24.666666666666668,205,0.10833995165225759,0.2768146442003068,0.6635417764732097,0.5016129667151533,0.9876406379426498,0.6921858539126559,0.49133538146441375,0.7796197303294078,0.9454314089435055,6.0
macro,mean_only,0,raw,25,1.0,205,24.666666666666668,205,0.10833995165225759,0.2768146442003068,0.6635417764732097,0.5016129667151533,0.9971254762627542,0.6117336555169718,0.4527177846048814,0.7343150494965011,0.9180655401945725,6.0
macro,mean_only,0,calibrated,30,1.0,120,14.333333333333334,120,0.09085464786518858,0.22114771437844039,0.7100902668257792,0.5464781981146946,1.0742177391640138,0.6947551335537779,0.45681491513181655,0.7367983628265319,0.9326880141246338,6.0
macro,mean_only,0,raw,30,1.0,120,14.333333333333334,120,0.09085464786518858,0.22114771437844039,0.7100902668257792,0.5464781981146946,1.107067282705388,0.6075584961094743,0.41859670558966333,0.6841967818305847,0.8974418161389992,6.0
macro,mean_only,1,calibrated,3,2.0,4625,416.6666666666667,2501,0.2436654337941926,0.264945109371564,0.6458898749512586,0.44919420458199316,0.8874340608163428,0.6184348228433935,0.5060331500734611,0.782999068925771,0.9326170645649489,6.0
macro,mean_only,1,raw,3,2.0,4625,416.6666666666667,2501,0.2436654337941926,0.264945109371564,0.6458898749512586,0.44919420458199316,0.8978075457998461,0.5529650579283089,0.46557411939312043,0.7444303598856963,0.9145527865069424,6.0
macro,mean_only,1,calibrated,15,2.0,580,65.33333333333333,580,0.2520234287676544,0.2924268259743812,0.6162020322716478,0.45320977021849274,0.8981859539104834,0.6071741916119042,0.47382821112066303,0.7641322055308719,0.9323242537028609,6.0
macro,mean_only,1,raw,15,2.0,580,65.33333333333333,580,0.2520234287676544,0.2924268259743812,0.6162020322716478,0.45320977021849274,0.9105316458656256,0.5418773243702347,0.43271861899141184,0.7208936372032516,0.9097478380934905,6.0
macro,mean_only,1,calibrated,20,2.0,329,37.333333333333336,329,0.26342601385631353,0.30038908069998743,0.6382663895844966,0.46503379265222483,0.9176628765291927,0.606839506604256,0.46281272287845326,0.7569031515093313,0.9293589679567207,6.0
macro,mean_only,1,raw,20,2.0,329,37.333333333333336,329,0.26342601385631353,0.30038908069998743,0.6382663895844966,0.46503379265222483,0.9364631261362085,0.5377602701060603,0.41956796792470946,0.7104439642754249,0.9016783955952494,6.0
macro,mean_only,1,calibrated,25,2.0,205,24.666666666666668,205,0.2536357176495935,0.3051482741525476,0.6023664128638079,0.455515700149934,0.8995492384687401,0.6277910246153419,0.4784833162655742,0.7717295613585936,0.9417456690561531,6.0
macro,mean_only,1,raw,25,2.0,205,24.666666666666668,205,0.2536357176495935,0.3051482741525476,0.6023664128638079,0.455515700149934,0.9141340746050429,0.555924996991792,0.4331173835125448,0.7241587301587301,0.9113747226489162,6.0
macro,mean_only,1,calibrated,30,2.0,120,14.333333333333334,120,0.2559805467648687,0.2665969832884787,0.6399934101480087,0.5017962613671116,1.0022950371234758,0.6512669503772045,0.4392406203603387,0.7390035311584607,0.9385220095501786,6.0
macro,mean_only,1,raw,30,2.0,120,14.333333333333334,120,0.2559805467648687,0.2665969832884787,0.6399934101480087,0.5017962613671116,1.0299483527023474,0.5685380385714125,0.3932746077605233,0.6788726375346094,0.8966128766903414,6.0
macro,mean_only,2,calibrated,3,3.0,1460,153.33333333333334,1460,0.4103695869893551,0.2966808303689656,0.5591284127958884,0.4006880583060284,0.780163315310721,0.5783467965379101,0.5164627317378592,0.7946339226529511,0.9411592506631575,6.0
macro,mean_only,2,raw,3,3.0,1460,153.33333333333334,1460,0.4103695869893551,0.2966808303689656,0.5591284127958884,0.4006880583060284,0.7885550608511328,0.5168525317070407,0.478040620477543,0.756845808873612,0.9208182961300534,6.0
macro,mean_only,2,calibrated,15,3.0,580,65.33333333333333,580,0.38918837329144157,0.317174396353389,0.5585947937445132,0.40280522767267474,0.7783173457926909,0.5700399752099744,0.4986437336014072,0.7899454596114682,0.9419146280872135,6.0
macro,mean_only,2,raw,15,3.0,580,65.33333333333333,580,0.38918837329144157,0.317174396353389,0.5585947937445132,0.40280522767267474,0.7838116187633117,0.5087929400680326,0.45913000795898623,0.7465517089025576,0.9208108296801161,6.0
macro,mean_only,2,calibrated,20,3.0,329,37.333333333333336,329,0.4121087201473214,0.3296200870275561,0.5743863316426557,0.40963175488315257,0.7891428422758597,0.5699635498898631,0.49136577035116363,0.7894476055571561,0.9378133054835303,6.0
macro,mean_only,2,raw,20,3.0,329,37.333333333333336,329,0.4121087201473214,0.3296200870275561,0.5743863316426557,0.40963175488315257,0.7978591270128607,0.5050403632805422,0.4477021895707289,0.7418611527257596,0.9168394362815713,6.0
macro,mean_only,2,calibrated,25,3.0,205,24.666666666666668,205,0.4319337453264918,0.33043795791229,0.5277453223419705,0.3991610616493282,0.774887171927162,0.5907864115820552,0.5122386286055641,0.8018649086874893,0.9472043010752689,6.0
macro,mean_only,2,raw,25,3.0,205,24.666666666666668,205,0.4319337453264918,0.33043795791229,0.5277453223419705,0.3991610616493282,0.7757917598210883,0.5230097479100423,0.4654173493770268,0.7561283495477045,0.9265574543437447,6.0
macro,mean_only,2,calibrated,30,3.0,120,14.333333333333334,120,0.4455384090682772,0.2874620059974619,0.5490777505569268,0.42972212465922066,0.8463124187776531,0.6140078096005034,0.4810143854580475,0.7830316600457445,0.9467148589542956,6.0
macro,mean_only,2,raw,30,3.0,120,14.333333333333334,120,0.4455384090682772,0.2874620059974619,0.5490777505569268,0.42972212465922066,0.8582196226754101,0.5359080324207678,0.43445525861723056,0.7208333935235345,0.9196778821074596,6.0
macro,mean_only,4,calibrated,3,5.0,1460,153.33333333333334,1460,0.5128651804719265,0.33203443787040493,0.5091319502446633,0.3647224559240269,0.6864817717419697,0.5425606048579822,0.5250148671913062,0.8058113088785285,0.947312024973567,6.0
macro,mean_only,4,raw,3,5.0,1460,153.33333333333334,1460,0.5128651804719265,0.33203443787040493,0.5091319502446633,0.3647224559240269,0.6909631684062886,0.48495120539406567,0.48402360649247883,0.7664315160822143,0.9287930464789443,6.0
macro,mean_only,4,calibrated,15,5.0,580,65.33333333333333,580,0.4845080046196813,0.34844871077140377,0.5137647061979556,0.3703447691882336,0.6934200833166857,0.5347458319347996,0.5041425310398407,0.7950657647837495,0.947193819289672,6.0
macro,mean_only,4,raw,15,5.0,580,65.33333333333333,580,0.4845080046196813,0.34844871077140377,0.5137647061979556,0.3703447691882336,0.6979375286078953,0.47745480948213276,0.4650506600801179,0.7545925474712666,0.9281100177611973,6.0
macro,mean_only,4,calibrated,20,5.0,329,37.333333333333336,329,0.5088843887750854,0.37011364847585076,0.5256809984529037,0.37348832974192314,0.7033967179915831,0.5345319828012308,0.5033107701911073,0.7961424469413233,0.9437113191843528,6.0
macro,mean_only,4,raw,20,5.0,329,37.333333333333336,329,0.5088843887750854,0.37011364847585076,0.5256809984529037,0.37348832974192314,0.7112436107559121,0.47372434400270674,0.4621230801242037,0.7519846666026441,0.9229073801978297,6.0
macro,mean_only,4,calibrated,25,5.0,205,24.666666666666668,205,0.5388105247361445,0.3670410814954026,0.47606702802597783,0.3593843085140131,0.6784366148277488,0.5549089094185663,0.5290462749615976,0.8168876301416624,0.9518792242703533,6.0
macro,mean_only,4,raw,25,5.0,205,24.666666666666668,205,0.5388105247361445,0.3670410814954026,0.47606702802597783,0.3593843085140131,0.6753993713832794,0.49121255758108945,0.48185793224099677,0.7724071087216249,0.9342139016897081,6.0
macro,mean_only,4,calibrated,30,5.0,120,14.333333333333334,120,0.5506194539254305,0.35440134088411507,0.49604099449329003,0.3879423549750578,0.7456166150122142,0.5739926542359036,0.488652622286425,0.8025629589502831,0.9537317523373862,6.0
macro,mean_only,4,raw,30,5.0,120,14.333333333333334,120,0.5506194539254305,0.35440134088411507,0.49604099449329003,0.3879423549750578,0.7519709852241195,0.5012437368978141,0.4383774326872918,0.7442604028730789,0.9300502989446651,6.0
macro,mean_only,9,calibrated,3,10.0,580,65.33333333333333,580,0.5605465783221748,0.39026649888742376,0.4749403973662944,0.34060507171260296,0.614951401565785,0.49761876257213905,0.5042769980387811,0.8000384016059767,0.946407348673168,6.0
macro,mean_only,9,raw,3,10.0,580,65.33333333333333,580,0.5605465783221748,0.39026649888742376,0.4749403973662944,0.34060507171260296,0.6185377659855121,0.44443064884528,0.4664118599835119,0.7585768383634189,0.9293918026690356,6.0
macro,mean_only,9,calibrated,15,10.0,580,65.33333333333333,580,0.5605465783221748,0.39026649888742376,0.4749403973662944,0.34060507171260296,0.614951401565785,0.49761876257213905,0.5042769980387811,0.8000384016059767,0.946407348673168,6.0
macro,mean_only,9,raw,15,10.0,580,65.33333333333333,580,0.5605465783221748,0.39026649888742376,0.4749403973662944,0.34060507171260296,0.6185377659855121,0.44443064884528,0.4664118599835119,0.7585768383634189,0.9293918026690356,6.0
macro,mean_only,9,calibrated,20,10.0,329,37.333333333333336,329,0.587088000385115,0.4319154439576869,0.4832878600635016,0.34046129704852657,0.6192895718909769,0.49730123823668526,0.507727356829604,0.8021364816415378,0.9426070552834598,6.0
macro,mean_only,9,raw,20,10.0,329,37.333333333333336,329,0.587088000385115,0.4319154439576869,0.4832878600635016,0.34046129704852657,0.6243991867433568,0.44082168517396764,0.4669630061781747,0.758312385159576,0.9248495662473192,6.0
macro,mean_only,9,calibrated,25,10.0,205,24.666666666666668,205,0.615830941974418,0.43386627287263463,0.4359913940742788,0.3282374255449851,0.6021558955110643,0.5178330307309996,0.5279262032770098,0.8199227897252089,0.9524888846219491,6.0
macro,mean_only,9,raw,25,10.0,205,24.666666666666668,205,0.615830941974418,0.43386627287263463,0.4359913940742788,0.3282374255449851,0.5960853891864643,0.4584141354323334,0.4837026583034647,0.7804074287421062,0.9363907450076804,6.0
macro,mean_only,9,calibrated,30,10.0,120,14.333333333333334,120,0.6407072956537853,0.45032255588687203,0.4475693121183723,0.35050138249853463,0.6600540424116695,0.5355463278118151,0.4918551623129088,0.8144294771477871,0.9569112395168732,6.0
macro,mean_only,9,raw,30,10.0,120,14.333333333333334,120,0.6407072956537853,0.45032255588687203,0.4475693121183723,0.35050138249853463,0.6600646179682563,0.46781391181265736,0.4482386742105052,0.755769250832631,0.937387323943662,6.0
macro,unchanged,0,calibrated,3,1.0,4625,416.6666666666667,2501,0.05279977215851004,0.2458266230566085,0.7249620607266873,0.5045871896742736,1.0049277193267134,0.6826767109665172,0.5136041582229666,0.784791628920143,0.9371830145773313,6.0
macro,unchanged,0,raw,3,1.0,4625,416.6666666666667,2501,0.05279977215851004,0.2458266230566085,0.7249620607266873,0.5045871896742736,1.0033476577813243,0.6332121144758597,0.48668573072918003,0.7626664893744882,0.9246680844514032,6.0
macro,unchanged,0,calibrated,15,1.0,580,65.33333333333333,580,0.07791261317019144,0.27768777765957037,0.6853872562151443,0.5016823914071266,1.0090704708408726,0.679287283977143,0.49933013650280317,0.776516642974259,0.9362607633491403,6.0
macro,unchanged,0,raw,15,1.0,580,65.33333333333333,580,0.07791261317019144,0.27768777765957037,0.6853872562151443,0.5016823914071266,1.0048894986894013,0.6305421610044286,0.47551311788065753,0.7494593256998693,0.9229884599610644,6.0
macro,unchanged,0,calibrated,20,1.0,329,37.333333333333336,329,0.09809815375089255,0.2900964842024231,0.7062786051940577,0.5134177278408619,1.02301212777582,0.6835997706455567,0.4902032299369378,0.7723001344473254,0.9340355709209641,6.0
macro,unchanged,0,raw,20,1.0,329,37.333333333333336,329,0.09809815375089255,0.2900964842024231,0.7062786051940577,0.5134177278408619,1.0219470263309332,0.62931980130896,0.46397457505041784,0.7415365024488619,0.9175822177406446,6.0
macro,unchanged,0,calibrated,25,1.0,205,24.666666666666668,205,0.10372544382339416,0.2807318051575655,0.6652905765455525,0.5036402470550937,0.9957390325984309,0.6862934422800263,0.48706818569721805,0.7758589349718382,0.9401049027137738,6.0
macro,unchanged,0,raw,25,1.0,205,24.666666666666668,205,0.10372544382339416,0.2807318051575655,0.6652905765455525,0.5036402470550937,1.0016612332397248,0.6300164813205618,0.4581619303635432,0.7409145972008876,0.9196312724014337,6.0
macro,unchanged,0,calibrated,30,1.0,120,14.333333333333334,120,0.09204406278489709,0.2391629573518581,0.7107210111614535,0.5470308701315735,1.0808828973410856,0.689895636605693,0.45844590907266963,0.7336124553589342,0.9300931543678024,6.0
macro,unchanged,0,raw,30,1.0,120,14.333333333333334,120,0.09204406278489709,0.2391629573518581,0.7107210111614535,0.5470308701315735,1.1041051840662666,0.6260097043480768,0.42479709883231015,0.693674712090205,0.9008542795232936,6.0
macro,unchanged,1,calibrated,3,2.0,4625,416.6666666666667,2501,0.3179989059155685,0.2635004651080741,0.6139409520518648,0.42261422474954496,0.833407053993169,0.5814098491423795,0.5124297996624364,0.7849135076496196,0.9318623070670355,6.0
macro,unchanged,1,raw,3,2.0,4625,416.6666666666667,2501,0.3179989059155685,0.2635004651080741,0.6139409520518648,0.42261422474954496,0.8361125560988256,0.5405556948711658,0.485443406936815,0.7609229381581829,0.9197714676841451,6.0
macro,unchanged,1,calibrated,15,2.0,580,65.33333333333333,580,0.331279688853308,0.2896846988532289,0.5840608186563491,0.4232286807717404,0.8331208487531722,0.5722984250903793,0.4840160238607876,0.7742521472086743,0.9322924236394362,6.0
macro,unchanged,1,raw,15,2.0,580,65.33333333333333,580,0.331279688853308,0.2896846988532289,0.5840608186563491,0.4232286807717404,0.835224972727565,0.5317341902715668,0.4557577130629928,0.7494162033365434,0.9181758735870149,6.0
macro,unchanged,1,calibrated,20,2.0,329,37.333333333333336,329,0.3357784297969398,0.3016970335673327,0.6074074795769503,0.43563353603717586,0.856988072274938,0.5732622705417708,0.4753331220589647,0.7670566823521879,0.9269515973622715,6.0
macro,unchanged,1,raw,20,2.0,329,37.333333333333336,329,0.3357784297969398,0.3016970335673327,0.6074074795769503,0.43563353603717586,0.8646330792588949,0.5287179503648104,0.4457174781523096,0.7384520247126988,0.9100361919395628,6.0
macro,unchanged,1,calibrated,25,2.0,205,24.666666666666668,205,0.3508587969352143,0.3046853500989179,0.5621745587771232,0.4232854926731611,0.8304125134793349,0.5897269080543929,0.49297889998293215,0.7788823604710702,0.938786183649087,6.0
macro,unchanged,1,raw,25,2.0,205,24.666666666666668,205,0.3508587969352143,0.3046853500989179,0.5621745587771232,0.4232854926731611,0.8394164932125028,0.5424320532591101,0.4602725934459806,0.7513842379245604,0.9199364012630142,6.0
macro,unchanged,1,calibrated,30,2.0,120,14.333333333333334,120,0.34312918329917935,0.27334876470815256,0.6026354357275241,0.4659755784455942,0.9341783983481146,0.6102537796226362,0.44595196821957384,0.7456271217045863,0.9354896673488223,6.0
macro,unchanged,1,raw,30,2.0,120,14.333333333333334,120,0.34312918329917935,0.27334876470815256,0.6026354357275241,0.4659755784455942,0.950736163399315,0.5527633034372128,0.4127485052766742,0.7119994984149912,0.9098036194374224,6.0
macro,unchanged,2,calibrated,3,3.0,1460,153.33333333333334,1460,0.44074759014101117,0.29653587770381956,0.5443894361092423,0.3875272346138628,0.7449519250998736,0.5533111539548078,0.5164344669371905,0.7936671587538378,0.939307755877059,6.0
macro,unchanged,2,raw,3,3.0,1460,153.33333333333334,1460,0.44074759014101117,0.29653587770381956,0.5443894361092423,0.3875272346138628,0.7469781791214215,0.5143138708889633,0.49029519544617073,0.7692973450522177,0.9274221576470443,6.0
macro,unchanged,2,calibrated,15,3.0,580,65.33333333333333,580,0.41728867047627666,0.3148039649212516,0.5470126062866051,0.389174527363191,0.742641845277011,0.5461135572483701,0.5048204740637685,0.789237303137516,0.9389637401552485,6.0
macro,unchanged,2,raw,15,3.0,580,65.33333333333333,580,0.41728867047627666,0.3148039649212516,0.5470126062866051,0.389174527363191,0.7418982957142743,0.5073539500344862,0.47836672785397133,0.7642338543767276,0.9266477661643183,6.0
macro,unchanged,2,calibrated,20,3.0,329,37.333333333333336,329,0.43762931574579617,0.3236209395152076,0.5636494584715154,0.3960714787246628,0.7519944829576373,0.5467024995138876,0.49686916674669485,0.7875596177854604,0.9364388744838182,6.0
macro,unchanged,2,raw,20,3.0,329,37.333333333333336,329,0.43762931574579617,0.3236209395152076,0.5636494584715154,0.3960714787246628,0.754436771349761,0.5040825733742408,0.46887275040814363,0.7588389401069175,0.9237263068600147,6.0
macro,unchanged,2,calibrated,25,3.0,205,24.666666666666668,205,0.470946693822311,0.3313645894684894,0.5105799094558595,0.38354118806565723,0.7315913874300469,0.5631155670908027,0.5146019371906468,0.8013041474654378,0.9454790066564259,6.0
macro,unchanged,2,raw,25,3.0,205,24.666666666666668,205,0.470946693822311,0.3313645894684894,0.5105799094558595,0.38354118806565723,0.730445952470427,0.5177882760530075,0.4832758789895886,0.7702399300221879,0.9325292925413892,6.0
macro,unchanged,2,calibrated,30,3.0,120,14.333333333333334,120,0.4685237025808735,0.2946970643322288,0.5382428873179882,0.4157107427497362,0.8122248066830925,0.5838312076640729,0.4728173628666586,0.7815482123510292,0.9423847959552184,6.0
macro,unchanged,2,raw,30,3.0,120,14.333333333333334,120,0.4685237025808735,0.2946970643322288,0.5382428873179882,0.4157107427497362,0.8206069821911389,0.5286877868020665,0.4402098631676095,0.738238313069299,0.9246618313871835,6.0
macro,unchanged,4,calibrated,3,5.0,1460,153.33333333333334,1460,0.525298937726463,0.33551831538579685,0.5026797824517234,0.3556937491046215,0.6576981923914585,0.5248673106363874,0.5268230364865532,0.8043979452168316,0.9459180053542257,6.0
macro,unchanged,4,raw,3,5.0,1460,153.33333333333334,1460,0.525298937726463,0.33551831538579685,0.5026797824517234,0.3556937491046215,0.65625091119583,0.48781090279622613,0.49965468156566883,0.7805041841121992,0.9347616396812944,6.0
macro,unchanged,4,calibrated,15,5.0,580,65.33333333333333,580,0.49112634220824924,0.34313776426432585,0.5108852004184748,0.36242514547365506,0.6677873773048405,0.5183185545741144,0.5094132826699984,0.7982799212977182,0.9431856869558004,6.0
macro,unchanged,4,raw,15,5.0,580,65.33333333333333,580,0.49112634220824924,0.34313776426432585,0.5108852004184748,0.36242514547365506,0.665197000435693,0.4814699876598239,0.4831415695478945,0.7726895794039179,0.9328779900844087,6.0
macro,unchanged,4,calibrated,20,5.0,329,37.333333333333336,329,0.5160040321538418,0.3701866050754103,0.5225927428233207,0.3658747046130986,0.6725057668535622,0.518884970114644,0.5084261339991677,0.7997458273312206,0.9424632510643747,6.0
macro,unchanged,4,raw,20,5.0,329,37.333333333333336,329,0.5160040321538418,0.3701866050754103,0.5225927428233207,0.3658747046130986,0.6731551431070741,0.4783520647691222,0.47929708857517844,0.771291003233138,0.9303023256186177,6.0
macro,unchanged,4,calibrated,25,5.0,205,24.666666666666668,205,0.5513126438287498,0.3727709200448122,0.4696896631566983,0.3514821328057562,0.6491210608729725,0.533967524836293,0.529468424645844,0.8164185654548558,0.950405359276327,6.0
macro,unchanged,4,raw,25,5.0,205,24.666666666666668,205,0.5513126438287498,0.3727709200448122,0.4696896631566983,0.3514821328057562,0.6450428367267292,0.4908064440068638,0.4987824287421061,0.7857425115207373,0.9379107782898105,6.0
macro,unchanged,4,calibrated,30,5.0,120,14.333333333333334,120,0.5523170902402436,0.3648683906576353,0.4933522393274095,0.3809627747232474,0.7237664433612054,0.5547808240770259,0.48744340114762646,0.8010515830022872,0.9500897837165443,6.0
macro,unchanged,4,raw,30,5.0,120,14.333333333333334,120,0.5523170902402436,0.3648683906576353,0.4933522393274095,0.3809627747232474,0.726695438607318,0.5022563254907867,0.45391906424300793,0.7553541591428915,0.9326890574214518,6.0
macro,unchanged,9,calibrated,3,10.0,580,65.33333333333333,580,0.5665198257971105,0.39869952054772434,0.47215018579945306,0.330701565521467,0.5797583578394229,0.4856850495102962,0.5227004420176914,0.8057252134086831,0.9466600550619503,6.0
macro,unchanged,9,raw,3,10.0,580,65.33333333333333,580,0.5665198257971105,0.39869952054772434,0.47215018579945306,0.330701565521467,0.5750957049703828,0.4511575162085208,0.4971333373212774,0.7809038144205429,0.9368934067658646,6.0
macro,unchanged,9,calibrated,15,10.0,580,65.33333333333333,580,0.5665198257971105,0.39869952054772434,0.47215018579945306,0.330701565521467,0.5797583578394229,0.4856850495102962,0.5227004420176914,0.8057252134086831,0.9466600550619503,6.0
macro,unchanged,9,raw,15,10.0,580,65.33333333333333,580,0.5665198257971105,0.39869952054772434,0.47215018579945306,0.330701565521467,0.5750957049703828,0.4511575162085208,0.4971333373212774,0.7809038144205429,0.9368934067658646,6.0
macro,unchanged,9,calibrated,20,10.0,329,37.333333333333336,329,0.5970670644967194,0.44175897468721187,0.4782546338675428,0.33003720178835155,0.5759197090879926,0.48624901791744773,0.5260660232401805,0.8094855052978648,0.9468935529306316,6.0
macro,unchanged,9,raw,20,10.0,329,37.333333333333336,329,0.5970670644967194,0.44175897468721187,0.4782546338675428,0.33003720178835155,0.5730613325167414,0.448263175500907,0.49843979000608213,0.7826872098978841,0.935261267966324,6.0
macro,unchanged,9,calibrated,25,10.0,205,24.666666666666668,205,0.6307859984048585,0.4476285358906987,0.42743290975632947,0.31808718376626927,0.5597826107160656,0.5016893126447721,0.5455276071001877,0.8197451570233828,0.9541050307219662,6.0
macro,unchanged,9,raw,25,10.0,205,24.666666666666668,205,0.6307859984048585,0.4476285358906987,0.42743290975632947,0.31808718376626927,0.5494844160842041,0.4609741516866579,0.515335530807305,0.7962700119474313,0.9430146569380441,6.0
macro,unchanged,9,calibrated,30,10.0,120,14.333333333333334,120,0.6482642215563196,0.45199371200807764,0.44070260102380837,0.3399868309333807,0.6187395032284885,0.5226670625189861,0.5113275751374342,0.8207752698527346,0.9544845311183341,6.0
macro,unchanged,9,raw,30,10.0,120,14.333333333333334,120,0.6482642215563196,0.45199371200807764,0.44070260102380837,0.3399868309333807,0.6104913857230607,0.47287994061580063,0.4756192969784519,0.785013201717427,0.9437274387063118,6.0
