kind,cutoff,endpoint,method,control,k,pools,groups,r2,rmse,nrmse,mae,rho,concordance,endpoints
context,3,cellular_clearance,fnn,observed,0,524,222,-0.10219184284979721,0.7668560746971241,1.0498532482446283,0.5102971789111644,0.13346652082572305,0.5601393818396924,
context,3,cellular_clearance,fnn,observed,1,524,222,-0.10219184284979721,0.7668560746971241,1.0498532482446283,0.5102971789111644,0.13346652082572305,0.5601393818396924,
context,3,cellular_clearance,fnn,observed,2,186,105,-0.028469922800533176,0.6449489037351003,1.0141350614195987,0.4856812003083981,0.15665605437140237,0.5700027362597767,
context,3,cellular_clearance,fnn,observed,4,186,105,-0.028469922800533176,0.6449489037351003,1.0141350614195987,0.4856812003083981,0.15665605437140237,0.5700027362597767,
context,3,cellular_clearance,fnn,observed,9,79,53,-0.05440832159345588,0.6375051319260061,1.026843864272196,0.49041574155165185,0.15825548274319676,0.5672245902580441,
context,3,cellular_clearance,fnn_anchor,expected,0,524,222,-0.10219184284979721,0.7668560746971241,1.0498532482446283,0.5102971789111644,0.13346652082572305,0.5601393818396924,
context,3,cellular_clearance,fnn_anchor,expected,1,524,222,-0.14129948809093462,0.7803421703182468,1.0683161929367797,0.5251911647909813,0.1339371608558385,0.5609410546703507,
context,3,cellular_clearance,fnn_anchor,expected,2,186,105,-0.08107037014968088,0.6612360050623611,1.0397453390853362,0.5019746262387883,0.15506401500344247,0.569718083967956,
context,3,cellular_clearance,fnn_anchor,expected,4,186,105,-0.08972846280409197,0.6638785830697882,1.0439006000592643,0.5047768540767199,0.158431348231773,0.5718553940891371,
context,3,cellular_clearance,fnn_anchor,expected,9,79,53,-0.11664341522792321,0.656049377026796,1.0567134972299366,0.5085195554912343,0.16385365934061588,0.5704810700651569,
context,3,cellular_clearance,fnn_anchor,observed,0,524,222,-0.10219184284979721,0.7668560746971241,1.0498532482446283,0.5102971789111644,0.13346652082572305,0.5601393818396924,
context,3,cellular_clearance,fnn_anchor,observed,1,524,222,0.17918475318101468,0.6617713683632419,0.905988546737201,0.45158136194489973,0.1339371608558385,0.5609410546703507,
context,3,cellular_clearance,fnn_anchor,observed,2,186,105,0.3177245022306503,0.5253024164908849,0.8259996959862332,0.4000231471672885,0.15506401500344247,0.569718083967956,
context,3,cellular_clearance,fnn_anchor,observed,4,186,105,0.3867142379571693,0.49803624759244464,0.7831256361803198,0.3824440072159969,0.158431348231773,0.5718553940891371,
context,3,cellular_clearance,fnn_anchor,observed,9,79,53,0.4026794293565855,0.47982515079288773,0.772865169769873,0.37279093915274375,0.16385365934061588,0.5704810700651569,
context,3,cellular_clearance,fnn_ridge,expected,0,524,222,-0.10219184284979721,0.7668560746971241,1.0498532482446283,0.5102971789111644,0.13346652082572305,0.5601393818396924,
context,3,cellular_clearance,fnn_ridge,expected,1,524,222,-0.10219184284979721,0.7668560746971241,1.0498532482446283,0.5102971789111644,0.13346652082572305,0.5601393818396924,
context,3,cellular_clearance,fnn_ridge,expected,2,186,105,-0.028469922800533176,0.6449489037351003,1.0141350614195987,0.4856812003083981,0.15665605437140237,0.5700027362597767,
context,3,cellular_clearance,fnn_ridge,expected,4,186,105,-0.028469922800533176,0.6449489037351003,1.0141350614195987,0.4856812003083981,0.15665605437140237,0.5700027362597767,
context,3,cellular_clearance,fnn_ridge,expected,9,79,53,-0.05440832159345588,0.6375051319260061,1.026843864272196,0.49041574155165185,0.15825548274319676,0.5672245902580441,
context,3,cellular_clearance,fnn_ridge,observed,0,524,222,-0.10219184284979721,0.7668560746971241,1.0498532482446283,0.5102971789111644,0.13346652082572305,0.5601393818396924,
context,3,cellular_clearance,fnn_ridge,observed,1,524,222,0.1775556139064669,0.6624277787456206,0.9068871959034007,0.45005159547004653,0.1334572441307098,0.5600950984258437,
context,3,cellular_clearance,fnn_ridge,observed,2,186,105,0.27514810638051446,0.5414447537934959,0.8513823427928756,0.4041752515224074,0.1566484855471835,0.5699968336597881,
context,3,cellular_clearance,fnn_ridge,observed,4,186,105,0.34908162044321267,0.5130890879668829,0.8067951286149336,0.3853673801060183,0.15676381395985714,0.5701027959969333,
context,3,cellular_clearance,fnn_ridge,observed,9,79,53,0.37330947298732353,0.4914799866418248,0.79163787618625,0.3769584264232136,0.1591647090498982,0.5677970569381058,
context,3,cellular_clearance,memory,expected,0,524,222,-0.09462388669919486,0.7642188161733228,1.0462427475013603,0.515804101744314,0.15157808043840298,0.5692617587726283,
context,3,cellular_clearance,memory,expected,1,524,222,-0.13592124892197321,0.7785013639113696,1.0657960634764858,0.5255676432040577,0.15403056041297356,0.5705580845617076,
context,3,cellular_clearance,memory,expected,2,186,105,-0.11027104586995362,0.6701067896149548,1.053694000111016,0.5071271412472799,0.1791426861051269,0.5808399707951679,
context,3,cellular_clearance,memory,expected,4,186,105,-0.11161289387075679,0.6705116051511554,1.0543305429848633,0.507354294595519,0.17566877298580358,0.5790007775312433,
context,3,cellular_clearance,memory,expected,9,79,53,-0.11720121135176331,0.6562132145179367,1.0569773939643947,0.5069779105956042,0.16477099019058775,0.5718526890362334,
context,3,cellular_clearance,memory,observed,0,524,222,-0.09462388669919486,0.7642188161733228,1.0462427475013603,0.515804101744314,0.15157808043840298,0.5692617587726283,
context,3,cellular_clearance,memory,observed,1,524,222,0.13442549541461069,0.6795751565791008,0.9303625661995378,0.46333354549184463,0.15115366286477888,0.5693395902272713,
context,3,cellular_clearance,memory,observed,2,186,105,0.2615323336283485,0.54650640155005,0.8593414143235805,0.4115550061408764,0.16802748446444707,0.575529029413438,
context,3,cellular_clearance,memory,observed,4,186,105,0.3372815805064596,0.5177189144845964,0.8140751927761589,0.39165768358275616,0.17150876760147285,0.5775555650376438,
context,3,cellular_clearance,memory,observed,9,79,53,0.3522898780840803,0.49965428329676675,0.8048043997866312,0.3854147973901863,0.17795815533490497,0.5774320206282231,
context,3,cellular_clearance,memory,shuffled_history,0,524,222,-0.0905160173383237,0.7627835003931569,1.0442777491349338,0.514220425984927,0.1499747868717622,0.5685184226669733,
context,3,cellular_clearance,memory,shuffled_history,1,524,222,0.13706343308234925,0.6785388247402352,0.9289437910431668,0.4623333275913118,0.15065200114606395,0.5689267502492139,
context,3,cellular_clearance,memory,shuffled_history,2,186,105,0.2646814929280673,0.5453398816493489,0.8575071469509351,0.41057493544402873,0.1663781376182545,0.5747930297168647,
context,3,cellular_clearance,memory,shuffled_history,4,186,105,0.3401287789835955,0.5166055946426039,0.812324578611533,0.39074939969074746,0.16870681157474143,0.5760099135233544,
context,3,cellular_clearance,memory,shuffled_history,9,79,53,0.35530940551425383,0.4984882661002982,0.80292626964482,0.38445546150962,0.1774191095805048,0.5771542428504454,
context,3,cellular_clearance,residual_memory,expected,0,524,222,-0.06463495577165479,0.7536776327392364,1.0318114923626578,0.4995974301973036,0.20844640607921278,0.594910469390283,
context,3,cellular_clearance,residual_memory,expected,1,524,222,-0.06784725470544228,0.7548138035728298,1.0333669506547238,0.5006635344528495,0.2077073516126431,0.5944714693136018,
context,3,cellular_clearance,residual_memory,expected,2,186,105,0.0009759736672716457,0.6356491604092999,0.9995118940426514,0.4770112334794432,0.2276100774030013,0.6017843427693658,
context,3,cellular_clearance,residual_memory,expected,4,186,105,0.001344649356573302,0.6355318609195376,0.9993274491593968,0.47692319027492003,0.22775723203783976,0.6018513337234536,
context,3,cellular_clearance,residual_memory,expected,9,79,53,0.013120995046955186,0.6167529390021907,0.9934178400617963,0.4703360715018043,0.24974476182132838,0.6081449190083908,
context,3,cellular_clearance,residual_memory,observed,0,524,222,-0.06463495577165479,0.7536776327392364,1.0318114923626578,0.4995974301973036,0.20844640607921278,0.594910469390283,
context,3,cellular_clearance,residual_memory,observed,1,524,222,0.17140789521777944,0.6648989717809854,0.9102703470849858,0.4501262475292955,0.20747847061082364,0.5943343868576788,
context,3,cellular_clearance,residual_memory,observed,2,186,105,0.33545772049294464,0.5184308292497806,0.8151946267653236,0.3844625571010726,0.2261767356542626,0.6008834732618654,
context,3,cellular_clearance,residual_memory,observed,4,186,105,0.4299868638494103,0.4801444832631101,0.7549921431052046,0.35757234765452595,0.22869978250131673,0.6021321694747194,
context,3,cellular_clearance,residual_memory,observed,9,79,53,0.4743969592745628,0.4500991650631683,0.7249848555145392,0.34100539092650395,0.25582296076515065,0.6097074399380005,
context,3,cellular_clearance,residual_memory,shuffled_history,0,524,222,-0.0644468933500566,0.7536110631137287,1.0317203561770294,0.4995129291480031,0.20798884099147494,0.5946988291786429,
context,3,cellular_clearance,residual_memory,shuffled_history,1,524,222,0.17153789767388639,0.6648468098730836,0.910198935577335,0.45006434688583946,0.20745842851284016,0.5943634962346143,
context,3,cellular_clearance,residual_memory,shuffled_history,2,186,105,0.33553641145213875,0.5184001336655749,0.8151463602003393,0.3844332404222379,0.22641536629050726,0.6010604090301991,
context,3,cellular_clearance,residual_memory,shuffled_history,4,186,105,0.4300352414098021,0.48012410766987035,0.7549601039725198,0.35754906053391144,0.22807261474296403,0.6018842602751973,
context,3,cellular_clearance,residual_memory,shuffled_history,9,79,53,0.47446600532430616,0.450069600365451,0.7249372349905154,0.34098206855199503,0.2559073489709244,0.609826989867677,
context,3,efflux,fnn,observed,0,341,251,0.0636584386906125,0.6896325772641826,0.967647436471253,0.5026213866862859,0.23358982506432976,0.6062000874098827,
context,3,efflux,fnn,observed,1,341,251,0.0636584386906125,0.6896325772641826,0.967647436471253,0.5026213866862859,0.23358982506432976,0.6062000874098827,
context,3,efflux,fnn,observed,2,139,114,0.1109210374285774,0.6899308618389219,0.9429098379863382,0.5183160332855966,0.250470733029141,0.6129248664560414,
context,3,efflux,fnn,observed,4,139,114,0.1109210374285774,0.6899308618389219,0.9429098379863382,0.5183160332855966,0.250470733029141,0.6129248664560414,
context,3,efflux,fnn,observed,9,54,49,0.09075349459189297,0.7155115839488783,0.9535441811516167,0.5390186704262907,0.19385486707827188,0.5818178032529884,
context,3,efflux,fnn_anchor,expected,0,341,251,0.06365843869073573,0.6896325772641373,0.9676474364711892,0.5026213866844652,0.23358982506432976,0.6062000874098827,
context,3,efflux,fnn_anchor,expected,1,341,251,0.0377365901151967,0.6991133645601584,0.9809502586190614,0.5119458264331428,0.2364132836588926,0.6077805625174046,
context,3,efflux,fnn_anchor,expected,2,139,114,0.07394652824502113,0.7041309550709705,0.9623167211240689,0.5317510720344183,0.25325529732260743,0.6147690736299848,
context,3,efflux,fnn_anchor,expected,4,139,114,0.06709342775419003,0.7067315530313713,0.9658708879792423,0.5347109325434997,0.253128958827983,0.6145768464593404,
context,3,efflux,fnn_anchor,expected,9,54,49,0.046492727650722765,0.7327196758035103,0.9764769696973284,0.5552469955053594,0.19896125142451052,0.5838871742112484,
context,3,efflux,fnn_anchor,observed,0,341,251,0.06365843869073573,0.6896325772641373,0.9676474364711892,0.5026213866844652,0.23358982506432976,0.6062000874098827,
context,3,efflux,fnn_anchor,observed,1,341,251,0.27504516470615925,0.6068147011429835,0.8514427962545932,0.4453084917347448,0.2364132836588926,0.6077805625174046,
context,3,efflux,fnn_anchor,observed,2,139,114,0.3652259505700094,0.5829683633478495,0.7967270859146127,0.4413414568333721,0.25325529732260743,0.6147690736299848,
context,3,efflux,fnn_anchor,observed,4,139,114,0.43993448857210005,0.5475891319088465,0.7483752477386595,0.41603747036227645,0.253128958827983,0.6145768464593404,
context,3,efflux,fnn_anchor,observed,9,54,49,0.4601447567987542,0.5513336638316474,0.7347484217072165,0.4198970707901466,0.19896125142451052,0.5838871742112484,
context,3,efflux,fnn_ridge,expected,0,341,251,0.0636584386906125,0.6896325772641826,0.967647436471253,0.5026213866862859,0.23358982506432976,0.6062000874098827,
context,3,efflux,fnn_ridge,expected,1,341,251,0.0636584386906125,0.6896325772641826,0.967647436471253,0.5026213866862859,0.23358982506432976,0.6062000874098827,
context,3,efflux,fnn_ridge,expected,2,139,114,0.1109210374285774,0.6899308618389219,0.9429098379863382,0.5183160332855966,0.250470733029141,0.6129248664560414,
context,3,efflux,fnn_ridge,expected,4,139,114,0.1109210374285774,0.6899308618389219,0.9429098379863382,0.5183160332855966,0.250470733029141,0.6129248664560414,
context,3,efflux,fnn_ridge,expected,9,54,49,0.09075349459189297,0.7155115839488783,0.9535441811516167,0.5390186704262907,0.19385486707827188,0.5818178032529884,
context,3,efflux,fnn_ridge,observed,0,341,251,0.0636584386906125,0.6896325772641826,0.967647436471253,0.5026213866862859,0.23358982506432976,0.6062000874098827,
context,3,efflux,fnn_ridge,observed,1,341,251,0.2900945431198717,0.6004832195790951,0.842558874429632,0.4386265336626797,0.23379511996822036,0.6063109548562765,
context,3,efflux,fnn_ridge,observed,2,139,114,0.3827103419223039,0.5748835816187313,0.785677833515555,0.4330983439095014,0.2513598921535303,0.6133858310177255,
context,3,efflux,fnn_ridge,observed,4,139,114,0.46109045850368247,0.5371472313688073,0.7341045848489965,0.4047478420461872,0.2516641669594746,0.6134404539860175,
context,3,efflux,fnn_ridge,observed,9,54,49,0.4862192035908922,0.5378544705920045,0.7167850419819792,0.4075104734982237,0.19638567296673115,0.5828404859886341,
context,3,efflux,memory,expected,0,341,251,-0.009278199438473633,0.7159885292910857,1.0046283887281275,0.5273853253029012,0.24348147041225285,0.6096919961941892,
context,3,efflux,memory,expected,1,341,251,-0.023483242272720473,0.7210094991243603,1.0116734859986796,0.5312226563826628,0.24353450453378295,0.6096903717627402,
context,3,efflux,memory,expected,2,139,114,0.03713560903114477,0.7179892931755417,0.9812565367776437,0.5397799578467479,0.2585381998920993,0.6163264626394124,
context,3,efflux,memory,expected,4,139,114,0.036586328946097035,0.7181940577276374,0.9815363829496607,0.5396428206515349,0.259230316011049,0.6166347874081688,
context,3,efflux,memory,expected,9,54,49,0.020047427521607486,0.7428110876231521,0.9899255388555205,0.5559658958680099,0.2125654380446599,0.5872851753870272,
context,3,efflux,memory,observed,0,341,251,-0.009278199438473633,0.7159885292910857,1.0046283887281275,0.5273853253029012,0.24348147041225285,0.6096919961941892,
context,3,efflux,memory,observed,1,341,251,0.21626241000054625,0.6309369425439922,0.8852895515024752,0.4598740861528762,0.24359298407117516,0.609773217766639,
context,3,efflux,memory,observed,2,139,114,0.3579374245973531,0.5863056554154145,0.8012880726696529,0.43709947362726775,0.26026946642815024,0.6162667009249744,
context,3,efflux,memory,observed,4,139,114,0.44297002414445374,0.5461031586775117,0.7463444083367586,0.40823482882514367,0.26810583736019916,0.6205291005291005,
context,3,efflux,memory,observed,9,54,49,0.45621394979979335,0.5533372153453532,0.7374185041075432,0.41455915320618647,0.2222083575080758,0.5922506368802664,
context,3,efflux,memory,shuffled_history,0,341,251,-0.005048725210892613,0.7144867460143882,1.0025211844200064,0.5259433641425046,0.24401297844332764,0.6097400909681611,
context,3,efflux,memory,shuffled_history,1,341,251,0.2192979047455117,0.6297139159569093,0.88357348039339,0.4588833994784205,0.2446236709187859,0.6100573965778644,
context,3,efflux,memory,shuffled_history,2,139,114,0.36006331301342953,0.5853342128377512,0.7999604283879113,0.43636105704281347,0.25852920379576017,0.6153493395759582,
context,3,efflux,memory,shuffled_history,4,139,114,0.4443373643854407,0.54543248774742,0.7454278205262796,0.40776006426909367,0.2663439472324802,0.6198476456929695,
context,3,efflux,memory,shuffled_history,9,54,49,0.4569355342574737,0.5529699642181495,0.7369290778239967,0.41438447393017047,0.22434083416966008,0.592880658436214,
context,3,efflux,residual_memory,expected,0,341,251,0.0014139194557483137,0.7121859019848861,0.9992927901992747,0.5244566336901189,0.2256468918126612,0.6026920116649648,
context,3,efflux,residual_memory,expected,1,341,251,-0.007356541268158656,0.7153065861207347,1.0036715305657318,0.5272368702390574,0.225053331421049,0.6024256049073301,
context,3,efflux,residual_memory,expected,2,139,114,0.07609587776609117,0.7033133442345542,0.9611993145200993,0.5307991886813102,0.2399278080009982,0.6097888038775328,
context,3,efflux,residual_memory,expected,4,139,114,0.07534464567737198,0.7035992203238983,0.9615900136350356,0.5308802055484124,0.23995178884707732,0.6097888038775328,
context,3,efflux,residual_memory,expected,9,54,49,0.039513019824330975,0.7353965533301834,0.9800443766359098,0.5524929391344389,0.173256616147212,0.574348912404468,
context,3,efflux,residual_memory,observed,0,341,251,0.0014139194557483137,0.7121859019848861,0.9992927901992747,0.5244566336901189,0.2256468918126612,0.6026920116649648,
context,3,efflux,residual_memory,observed,1,341,251,0.20370853960040358,0.6359700262417416,0.8923516461572738,0.46039431578002055,0.22425311651712967,0.6021735859711006,
context,3,efflux,residual_memory,observed,2,139,114,0.3811080856867658,0.575629190952873,0.7866968376148681,0.430000952830215,0.24221044733381863,0.6099783982337939,
context,3,efflux,residual_memory,observed,4,139,114,0.47208991354398755,0.531637228198739,0.7265742126280098,0.39910119205355926,0.24787019920393194,0.6121517706469745,
context,3,efflux,residual_memory,observed,9,54,49,0.47797912455319613,0.5421504022170449,0.7225101213455793,0.4106891280982965,0.18261809963273049,0.5776050852439741,
context,3,efflux,residual_memory,shuffled_history,0,341,251,0.0018856788875769581,0.7120176540421254,0.9990567156635418,0.5242955092046381,0.22612438091954115,0.6028625769671091,
context,3,efflux,residual_memory,shuffled_history,1,341,251,0.20390216763957347,0.6358926995830769,0.8922431464351108,0.4603065823152058,0.22363411439158237,0.6017301161855255,
context,3,efflux,residual_memory,shuffled_history,2,139,114,0.3812334329781324,0.5755708954637702,0.7866171667475022,0.42994842096585495,0.24228238978808067,0.609962411023562,
context,3,efflux,residual_memory,shuffled_history,4,139,114,0.47214749607035333,0.5316082328732755,0.7265345855013694,0.39907762552896653,0.24901146836590757,0.6126527032342381,
context,3,efflux,residual_memory,shuffled_history,9,54,49,0.47800658332648704,0.5421361432271712,0.7224911187506134,0.41070309554997053,0.18368938704837626,0.5779627180090142,
context,3,in_vivo_clearance,fnn,observed,0,537,399,-0.07691916703486901,0.5744267996670045,1.0377471594925562,0.41853063278636715,0.04435275313384938,0.5187481804949053,
context,3,in_vivo_clearance,fnn,observed,1,537,399,-0.07691916703486901,0.5744267996670045,1.0377471594925562,0.41853063278636715,0.04435275313384938,0.5187481804949053,
context,3,in_vivo_clearance,fnn,observed,2,84,67,-0.07366360999247945,0.6202725562933924,1.036177402760975,0.4566656483315601,0.02951151269768912,0.5130820105820105,
context,3,in_vivo_clearance,fnn,observed,4,84,67,-0.07366360999247945,0.6202725562933924,1.036177402760975,0.4566656483315601,0.02951151269768912,0.5130820105820105,
context,3,in_vivo_clearance,fnn,observed,9,20,16,-0.09596177449149645,0.5869623587038715,1.0468819295849443,0.45929069257775945,-0.012271731495857243,0.49355555555555564,
context,3,in_vivo_clearance,fnn_anchor,expected,0,537,399,-0.07691916703411428,0.5744267996668032,1.0377471594921925,0.41853063278760044,0.04435275313384938,0.5187481804949053,
context,3,in_vivo_clearance,fnn_anchor,expected,1,537,399,-0.12313810450268914,0.5866238571119313,1.0597821023694867,0.42884809024390375,0.039990909646195776,0.5159809154132298,
context,3,in_vivo_clearance,fnn_anchor,expected,2,84,67,-0.1275626760970372,0.6356510890651389,1.0618675416910703,0.4715027811079626,0.03101738754009443,0.5132495590828924,
context,3,in_vivo_clearance,fnn_anchor,expected,4,84,67,-0.14315592090587725,0.6400312578977007,1.0691846991543965,0.4753866003542428,0.030190928972193172,0.5133509700176366,
context,3,in_vivo_clearance,fnn_anchor,expected,9,20,16,-0.20080222248933244,0.6143958723803414,1.0958112166287277,0.4815812231302262,-0.01787887774407864,0.48896296296296293,
context,3,in_vivo_clearance,fnn_anchor,observed,0,537,399,-0.07691916703411428,0.5744267996668032,1.0377471594921925,0.41853063278760044,0.04435275313384938,0.5187481804949053,
context,3,in_vivo_clearance,fnn_anchor,observed,1,537,399,0.16026897517028105,0.507239703180089,0.9163683892571366,0.3675996439884936,0.039792070425257564,0.5159081352094452,
context,3,in_vivo_clearance,fnn_anchor,observed,2,84,67,0.27522018252027636,0.5096259044429639,0.8513400128501677,0.37897940082583953,0.03101738754009443,0.5132495590828924,
context,3,in_vivo_clearance,fnn_anchor,observed,4,84,67,0.35301956224900677,0.481497486401377,0.8043509419096824,0.35989121153280523,0.030190928972193172,0.5133509700176366,
context,3,in_vivo_clearance,fnn_anchor,observed,9,20,16,0.4020722992166843,0.43354769818006733,0.7732578488339551,0.3418838521242142,-0.01787887774407864,0.48896296296296293,
context,3,in_vivo_clearance,fnn_ridge,expected,0,537,399,-0.07691916703486901,0.5744267996670045,1.0377471594925562,0.41853063278636715,0.04435275313384938,0.5187481804949053,
context,3,in_vivo_clearance,fnn_ridge,expected,1,537,399,-0.07691916703486901,0.5744267996670045,1.0377471594925562,0.41853063278636715,0.04435275313384938,0.5187481804949053,
context,3,in_vivo_clearance,fnn_ridge,expected,2,84,67,-0.07366360999247945,0.6202725562933924,1.036177402760975,0.4566656483315601,0.02951151269768912,0.5130820105820105,
context,3,in_vivo_clearance,fnn_ridge,expected,4,84,67,-0.07366360999247945,0.6202725562933924,1.036177402760975,0.4566656483315601,0.02951151269768912,0.5130820105820105,
context,3,in_vivo_clearance,fnn_ridge,expected,9,20,16,-0.09596177449149645,0.5869623587038715,1.0468819295849443,0.45929069257775945,-0.012271731495857243,0.49355555555555564,
context,3,in_vivo_clearance,fnn_ridge,observed,0,537,399,-0.07691916703486901,0.5744267996670045,1.0377471594925562,0.41853063278636715,0.04435275313384938,0.5187481804949053,
context,3,in_vivo_clearance,fnn_ridge,observed,1,537,399,0.18754936092103414,0.49893231407551586,0.9013604379375466,0.3602885599875361,0.044224648650349405,0.5186624615882257,
context,3,in_vivo_clearance,fnn_ridge,observed,2,84,67,0.300547010653488,0.5006425004390608,0.836333061254015,0.36997768264047054,0.02981067807191895,0.5132186948853616,
context,3,in_vivo_clearance,fnn_ridge,observed,4,84,67,0.38316342245866464,0.4701468265392717,0.7853894432326777,0.3491755000588598,0.02949321774381494,0.5130599647266314,
context,3,in_vivo_clearance,fnn_ridge,observed,9,20,16,0.44016738194714555,0.4195093522492827,0.7482196322289696,0.3301940375566483,-0.013015236879388497,0.4932407407407407,
context,3,in_vivo_clearance,memory,expected,0,537,399,-0.04813937210185082,0.5666992759592293,1.0237867805856113,0.4140162262361679,0.04132983164650017,0.5180424820745053,
context,3,in_vivo_clearance,memory,expected,1,537,399,-0.08472115423693771,0.5765038277418004,1.0414994739494292,0.42212147601746397,0.03649105719321853,0.5157356191708448,
context,3,in_vivo_clearance,memory,expected,2,84,67,-0.06910416692710641,0.6189541236688274,1.033974935347616,0.4525550073608952,-0.021089710454855644,0.490163139329806,
context,3,in_vivo_clearance,memory,expected,4,84,67,-0.06805543777050715,0.618650470142635,1.0334676762098112,0.45233906986694494,-0.018846294115341847,0.4898104056437389,
context,3,in_vivo_clearance,memory,expected,9,20,16,-0.06112215157889156,0.5775575138144423,1.0301078349274368,0.4448491672575473,0.026037926326195403,0.5101666666666667,
context,3,in_vivo_clearance,memory,observed,0,537,399,-0.04813937210185082,0.5666992759592293,1.0237867805856113,0.4140162262361679,0.04132983164650017,0.5180424820745053,
context,3,in_vivo_clearance,memory,observed,1,537,399,0.13159026765764492,0.5158286753142797,0.93188504245017,0.37167805008064003,0.03631100457546666,0.5160704081082538,
context,3,in_vivo_clearance,memory,observed,2,84,67,0.2637313351925862,0.5136491908790405,0.8580609913097168,0.37761769777173704,0.00533728191244697,0.5029805996472663,
context,3,in_vivo_clearance,memory,observed,4,84,67,0.3369371263510669,0.48744520805101044,0.8142867269266602,0.3590960999572324,0.01359547387867693,0.5059611992945326,
context,3,in_vivo_clearance,memory,observed,9,20,16,0.37916435487468825,0.441774729652338,0.7879312439073042,0.3442451450427373,0.06732472855597735,0.5277777777777777,
context,3,in_vivo_clearance,memory,shuffled_history,0,537,399,-0.04804202542946512,0.5666729590536785,1.0237392370274108,0.4140142511184282,0.03958483926328894,0.5168779988139522,
context,3,in_vivo_clearance,memory,shuffled_history,1,537,399,0.13187516363432994,0.5157440553683531,0.931732169867323,0.3716272296961881,0.03564346552427756,0.5154709148741172,
context,3,in_vivo_clearance,memory,shuffled_history,2,84,67,0.2639926996309191,0.5135580138705902,0.8579086783388317,0.37753254421725474,0.0055656772343412285,0.5030643738977071,
context,3,in_vivo_clearance,memory,shuffled_history,4,84,67,0.33716524348669186,0.4873613516216874,0.8141466431259838,0.35900491012486985,0.014132734479766994,0.5062169312169312,
context,3,in_vivo_clearance,memory,shuffled_history,9,20,16,0.3798533339571929,0.4415295294591384,0.7874939149243041,0.3440528309345245,0.06803359625240166,0.5285277777777777,
context,3,in_vivo_clearance,residual_memory,expected,0,537,399,-0.17106090868946455,0.5990083580977907,1.0821556767348515,0.42615668511242266,0.06052075064702365,0.525107552967815,
context,3,in_vivo_clearance,residual_memory,expected,1,537,399,-0.17478468679110581,0.5999599754689963,1.0838748483063465,0.42704223637450994,0.05919514175841247,0.5245123726346433,
context,3,in_vivo_clearance,residual_memory,expected,2,84,67,-0.08063620031073837,0.6222833850961135,1.039536531494078,0.4590341501351859,0.03231449309913884,0.5121075837742504,
context,3,in_vivo_clearance,residual_memory,expected,4,84,67,-0.08066388760540644,0.6222913568969319,1.0395498485428232,0.45904063910107923,0.03191766770231345,0.5119753086419753,
context,3,in_vivo_clearance,residual_memory,expected,9,20,16,-0.1289859672771867,0.5957400805407492,1.0625375133505577,0.4647649813095729,-0.04068946585059167,0.4801018518518518,
context,3,in_vivo_clearance,residual_memory,observed,0,537,399,-0.17106090868946455,0.5990083580977907,1.0821556767348515,0.42615668511242266,0.06052075064702365,0.525107552967815,
context,3,in_vivo_clearance,residual_memory,observed,1,537,399,0.09687760302071313,0.5260371868739224,0.9503275208996564,0.36978149387421627,0.05812266008470816,0.5237894226103833,
context,3,in_vivo_clearance,residual_memory,observed,2,84,67,0.28791869453546814,0.505141723496562,0.8438491011220738,0.37287865012411087,0.04723806610064847,0.5198148148148147,
context,3,in_vivo_clearance,residual_memory,observed,4,84,67,0.35850387465074307,0.4794523684583352,0.8009345324989159,0.35562501113782957,0.05689456611871718,0.5237345679012344,
context,3,in_vivo_clearance,residual_memory,observed,9,20,16,0.385337774622296,0.43957279862238935,0.7840039702563399,0.3432057697375615,-0.021086649112403384,0.4906574074074075,
context,3,in_vivo_clearance,residual_memory,shuffled_history,0,537,399,-0.17094579882754646,0.5989789175010762,1.0821024899830638,0.4261282156013201,0.06059353085731527,0.5251754811580139,
context,3,in_vivo_clearance,residual_memory,shuffled_history,1,537,399,0.09693771144987307,0.5260196810545446,0.9502958952611165,0.3697705375304464,0.058607954783032254,0.5240223192624939,
context,3,in_vivo_clearance,residual_memory,shuffled_history,2,84,67,0.2879854545342384,0.5051180435803538,0.8438095433602073,0.37286225542012186,0.04735711371851346,0.5199074074074074,
context,3,in_vivo_clearance,residual_memory,shuffled_history,4,84,67,0.3585538372703757,0.4794336971353031,0.8009033416896351,0.3556129255557738,0.05610091531619667,0.5233906525573191,
context,3,in_vivo_clearance,residual_memory,shuffled_history,9,20,16,0.3854117550062268,0.4395463444646107,0.7839567877082085,0.34319165185093875,-0.02149682120730479,0.49040740740740746,
context,3,microsomal_clearance,fnn,observed,0,1827,897,0.13216380094807367,0.636707567312768,0.9315772641342888,0.47656589789575,0.2474576031570451,0.6130416209023187,
context,3,microsomal_clearance,fnn,observed,1,1827,897,0.1321638009485393,0.6367075673125973,0.9315772641340389,0.47656589789487996,0.2474576031570451,0.6130416209023187,
context,3,microsomal_clearance,fnn,observed,2,674,378,0.08624354457764438,0.6179161327343486,0.9559060913198303,0.45936994402409287,0.2523484505959456,0.613813831816384,
context,3,microsomal_clearance,fnn,observed,4,674,378,0.08624354457764438,0.6179161327343486,0.9559060913198303,0.45936994402409287,0.2523484505959456,0.613813831816384,
context,3,microsomal_clearance,fnn,observed,9,311,183,0.056511264438794284,0.6267408419875273,0.9713334831875229,0.47014068424669747,0.27114657930776664,0.6175023752206611,
context,3,microsomal_clearance,fnn_anchor,expected,0,1827,897,0.13216380094807367,0.636707567312768,0.9315772641342888,0.47656589789575,0.2474576031570451,0.6130416209023187,
context,3,microsomal_clearance,fnn_anchor,expected,1,1827,897,0.09950370411889076,0.6485778252961989,0.9489448328965753,0.4876368273151751,0.2508164793226736,0.6145676147410446,
context,3,microsomal_clearance,fnn_anchor,expected,2,674,378,0.04212721011441056,0.6326568624894389,0.9787097577349423,0.4740460076025127,0.2559590995444564,0.6154087902653825,
context,3,microsomal_clearance,fnn_anchor,expected,4,674,378,0.032770569495946145,0.6357392954572688,0.9834782308236689,0.4769255005426034,0.2580328565041121,0.6165730653134243,
context,3,microsomal_clearance,fnn_anchor,expected,9,311,183,0.0018929868275663342,0.6446265528238823,0.9990530582368654,0.4872098915791587,0.2739217442040305,0.6189425002167117,
context,3,microsomal_clearance,fnn_anchor,observed,0,1827,897,0.13216380094807367,0.636707567312768,0.9315772641342888,0.47656589789575,0.2474576031570451,0.6130416209023187,
context,3,microsomal_clearance,fnn_anchor,observed,1,1827,897,0.34811218836351543,0.551832864463216,0.8073956970633944,0.41644758103266616,0.2508268228781535,0.6145732556943658,
context,3,microsomal_clearance,fnn_anchor,observed,2,674,378,0.38804949483073825,0.505676130199639,0.7822726539827797,0.38037550391493613,0.2559490798647543,0.6154038446669652,
context,3,microsomal_clearance,fnn_anchor,observed,4,674,378,0.4486435262040619,0.47998818150164574,0.7425338199677763,0.36133237995050094,0.25804047764183774,0.616583780776662,
context,3,microsomal_clearance,fnn_anchor,observed,9,311,183,0.4844445552316371,0.4632946934974655,0.7180218971371018,0.35134050876413253,0.2739242501545085,0.6189371411599057,
context,3,microsomal_clearance,fnn_ridge,expected,0,1827,897,0.13216380094807367,0.636707567312768,0.9315772641342888,0.47656589789575,0.2474576031570451,0.6130416209023187,
context,3,microsomal_clearance,fnn_ridge,expected,1,1827,897,0.1321638009485393,0.6367075673125973,0.9315772641340389,0.47656589789487996,0.2474576031570451,0.6130416209023187,
context,3,microsomal_clearance,fnn_ridge,expected,2,674,378,0.08624354457764438,0.6179161327343486,0.9559060913198303,0.45936994402409287,0.2523484505959456,0.613813831816384,
context,3,microsomal_clearance,fnn_ridge,expected,4,674,378,0.08624354457764438,0.6179161327343486,0.9559060913198303,0.45936994402409287,0.2523484505959456,0.613813831816384,
context,3,microsomal_clearance,fnn_ridge,expected,9,311,183,0.056511264438794284,0.6267408419875273,0.9713334831875229,0.47014068424669747,0.27114657930776664,0.6175023752206611,
context,3,microsomal_clearance,fnn_ridge,observed,0,1827,897,0.13216380094807367,0.636707567312768,0.9315772641342888,0.47656589789575,0.2474576031570451,0.6130416209023187,
context,3,microsomal_clearance,fnn_ridge,observed,1,1827,897,0.3629118338246272,0.5455328406688378,0.798178029123436,0.41030341593707975,0.2479967404790598,0.6133119514029882,
context,3,microsomal_clearance,fnn_ridge,observed,2,674,378,0.4075689333367636,0.4975459749699698,0.7696954376006372,0.3724226372272385,0.25316095448878445,0.614235388476195,
context,3,microsomal_clearance,fnn_ridge,observed,4,674,378,0.4723102059045151,0.4695735783341198,0.7264226002097436,0.3516752127917932,0.2548794921181267,0.6150173163698933,
context,3,microsomal_clearance,fnn_ridge,observed,9,311,183,0.5094096315962449,0.4519382980740964,0.7004215647763532,0.34098279480621746,0.2762538832976838,0.6197087116673512,
context,3,microsomal_clearance,memory,expected,0,1827,897,0.09793958571893369,0.6491408550296048,0.9497686109158726,0.4873869132376142,0.24512002770919503,0.611244766169054,
context,3,microsomal_clearance,memory,expected,1,1827,897,0.08873270375355857,0.6524451739622122,0.9546032140352564,0.4903134713536766,0.24518307207684342,0.6112496345381047,
context,3,microsomal_clearance,memory,expected,2,674,378,0.04854311238738951,0.6305345115456358,0.9754265157420166,0.4702762325494214,0.24810749682087405,0.6112529058817358,
context,3,microsomal_clearance,memory,expected,4,674,378,0.04777693969065078,0.630788333404127,0.9758191739811989,0.47029945647219323,0.2483626230013544,0.6113360423069839,
context,3,microsomal_clearance,memory,expected,9,311,183,0.03575446241098457,0.6335975012528114,0.9819600488762338,0.47643411195578417,0.26543892753503817,0.6142033889992027,
context,3,microsomal_clearance,memory,observed,0,1827,897,0.09793958571893369,0.6491408550296048,0.9497686109158726,0.4873869132376142,0.24512002770919503,0.611244766169054,
context,3,microsomal_clearance,memory,observed,1,1827,897,0.326423638570824,0.5609375968821978,0.8207169801028708,0.4212422168160915,0.24525666875311258,0.6112756586584033,
context,3,microsomal_clearance,memory,observed,2,674,378,0.3839004103496273,0.5073875011787877,0.7849201167318701,0.37899297350178085,0.2524318895556157,0.6133024712385229,
context,3,microsomal_clearance,memory,observed,4,674,378,0.4491628900685326,0.47976205987051207,0.7421840135245891,0.35808490313304003,0.2599265268152205,0.6170243059994631,
context,3,microsomal_clearance,memory,observed,9,311,183,0.48272733870316886,0.4640656250581306,0.7192166998178164,0.3491539934756671,0.2793099417410112,0.6208226464437548,
context,3,microsomal_clearance,memory,shuffled_history,0,1827,897,0.10050490009907209,0.6482171718948073,0.9484171550013886,0.4862286408925811,0.2457225295488708,0.61157245724329,
context,3,microsomal_clearance,memory,shuffled_history,1,1827,897,0.3288645798355574,0.5599202969016241,0.819228551848898,0.4202859835050415,0.2458983564260673,0.6116797267607272,
context,3,microsomal_clearance,memory,shuffled_history,2,674,378,0.38615842686975177,0.5064568553462425,0.7834804229400044,0.3780929056919578,0.253182287027345,0.6139381943338569,
context,3,microsomal_clearance,memory,shuffled_history,4,674,378,0.45104302875049573,0.47894258873395035,0.740916305158352,0.3573316726671637,0.2594204197522705,0.6167098862157238,
context,3,microsomal_clearance,memory,shuffled_history,9,311,183,0.4846421761783285,0.4632058907194706,0.7178842691002997,0.3484733723587928,0.27960485146646213,0.6206964085205358,
context,3,microsomal_clearance,residual_memory,expected,0,1827,897,0.10716158154702649,0.6458141637488832,0.9449012744477454,0.48516887660150554,0.2492163986779445,0.6147720728725112,
context,3,microsomal_clearance,residual_memory,expected,1,1827,897,0.10485256291821954,0.6466487123256865,0.946122316131366,0.4859672253250099,0.24893835841721126,0.6146056917977605,
context,3,microsomal_clearance,residual_memory,expected,2,674,378,0.0565423021521978,0.6278783685316798,0.9713175061985665,0.4686330738354523,0.25268474004987485,0.6145563897748351,
context,3,microsomal_clearance,residual_memory,expected,4,674,378,0.05664870271607825,0.6278429623357872,0.971262733396027,0.4685630918964203,0.25278599129344703,0.6145930892551548,
context,3,microsomal_clearance,residual_memory,expected,9,311,183,0.03580584674490994,0.6335806189245772,0.9819338843603932,0.4772913810652296,0.25946807636475966,0.6124377941303948,
context,3,microsomal_clearance,residual_memory,observed,0,1827,897,0.10716158154702649,0.6458141637488832,0.9449012744477454,0.48516887660150554,0.2492163986779445,0.6147720728725112,
context,3,microsomal_clearance,residual_memory,observed,1,1827,897,0.3198806795652951,0.5636554193133974,0.8246934705905612,0.4216584660728614,0.2502394903467918,0.6152188690821287,
context,3,microsomal_clearance,residual_memory,observed,2,674,378,0.3901659780423422,0.504800910695006,0.7809187038083143,0.37461710263869025,0.2561447338351347,0.6159647238433418,
context,3,microsomal_clearance,residual_memory,observed,4,674,378,0.46422904323653436,0.4731554956609873,0.7319637673843328,0.3515110504424443,0.2636050365639963,0.6196468799585263,
context,3,microsomal_clearance,residual_memory,observed,9,311,183,0.49613292917778007,0.4580128106661507,0.709835946414536,0.34488363324733406,0.2821706958660784,0.6227362185892975,
context,3,microsomal_clearance,residual_memory,shuffled_history,0,1827,897,0.10724046834980627,0.645785632640172,0.9448595301155583,0.48513396474776854,0.24911158158422156,0.6147017829379567,
context,3,microsomal_clearance,residual_memory,shuffled_history,1,1827,897,0.3199296244466747,0.5636351371782112,0.8246637954665679,0.42163458164395257,0.25011755961167714,0.6151878662235981,
context,3,microsomal_clearance,residual_memory,shuffled_history,2,674,378,0.39019473695115614,0.5047890077066537,0.7809002900811626,0.3745999962249522,0.25605063490647845,0.6159143650912026,
context,3,microsomal_clearance,residual_memory,shuffled_history,4,674,378,0.4642550909488544,0.47314399376089455,0.7319459741341198,0.3514956936109632,0.26389585637031837,0.6197675368595986,
context,3,microsomal_clearance,residual_memory,shuffled_history,9,311,183,0.49616635236230244,0.4579976196550277,0.7098124031303606,0.34486960445921006,0.2821852688945459,0.6227587606536402,
context,3,permeability,fnn,observed,0,516,376,0.09684102095588332,0.7070396605814325,0.9503467677874833,0.5153104767348585,0.2701717783183626,0.6216717254648289,
context,3,permeability,fnn,observed,1,516,376,0.09684102095588332,0.7070396605814325,0.9503467677874833,0.5153104767348585,0.2701717783183626,0.6216717254648289,
context,3,permeability,fnn,observed,2,200,163,0.14716352421939694,0.7155638256099779,0.9234914595060438,0.5330189119915167,0.2606699901010703,0.6156889770723104,
context,3,permeability,fnn,observed,4,200,163,0.14716352421939694,0.7155638256099779,0.9234914595060438,0.5330189119915167,0.2606699901010703,0.6156889770723104,
context,3,permeability,fnn,observed,9,72,62,0.1398097987636996,0.7491114615422542,0.9274643935140047,0.5575064165697055,0.26851748671658615,0.6090404541446208,
context,3,permeability,fnn_anchor,expected,0,516,376,0.09684102095588332,0.7070396605814325,0.9503467677874833,0.5153104767348585,0.2701717783183626,0.6216717254648289,
context,3,permeability,fnn_anchor,expected,1,516,376,0.05470000998241609,0.7233466931859966,0.972265390733201,0.5318888917622009,0.27092236577268286,0.6221662990053795,
context,3,permeability,fnn_anchor,expected,2,200,163,0.09576356298804956,0.736811669473793,0.9509134750396329,0.5547373504188325,0.26585280076897255,0.6177500440917107,
context,3,permeability,fnn_anchor,expected,4,200,163,0.08442045734980053,0.7414186973993973,0.9568592073289568,0.5591033947007523,0.2647993165471212,0.6171858024691358,
context,3,permeability,fnn_anchor,expected,9,72,62,0.07249781144238776,0.7778693650221653,0.9630691504547387,0.5876459776306593,0.27803845516992387,0.6133386610817166,
context,3,permeability,fnn_anchor,observed,0,516,376,0.09684102095588332,0.7070396605814325,0.9503467677874833,0.5153104767348585,0.2701717783183626,0.6216717254648289,
context,3,permeability,fnn_anchor,observed,1,516,376,0.3222360900067991,0.612492666984876,0.8232641799527056,0.4513110410128672,0.27092236577268286,0.6221662990053795,
context,3,permeability,fnn_anchor,observed,2,200,163,0.43270592125790697,0.5836058265551477,0.7531892715261503,0.4417548967272872,0.26585280076897255,0.6177500440917107,
context,3,permeability,fnn_anchor,observed,4,200,163,0.4860894388833984,0.5554682820528675,0.7168755548326373,0.42257096093363233,0.2647993165471212,0.6171858024691358,
context,3,permeability,fnn_anchor,observed,9,72,62,0.5249247396943223,0.5567117708050907,0.6892570350063013,0.42642033629947235,0.27803845516992387,0.6133386610817166,
context,3,permeability,fnn_ridge,expected,0,516,376,0.09684102095588332,0.7070396605814325,0.9503467677874833,0.5153104767348585,0.2701717783183626,0.6216717254648289,
context,3,permeability,fnn_ridge,expected,1,516,376,0.09684102095588332,0.7070396605814325,0.9503467677874833,0.5153104767348585,0.2701717783183626,0.6216717254648289,
context,3,permeability,fnn_ridge,expected,2,200,163,0.14716352421939694,0.7155638256099779,0.9234914595060438,0.5330189119915167,0.2606699901010703,0.6156889770723104,
context,3,permeability,fnn_ridge,expected,4,200,163,0.14716352421939694,0.7155638256099779,0.9234914595060438,0.5330189119915167,0.2606699901010703,0.6156889770723104,
context,3,permeability,fnn_ridge,expected,9,72,62,0.1398097987636996,0.7491114615422542,0.9274643935140047,0.5575064165697055,0.26851748671658615,0.6090404541446208,
context,3,permeability,fnn_ridge,observed,0,516,376,0.09684102095588332,0.7070396605814325,0.9503467677874833,0.5153104767348585,0.2701717783183626,0.6216717254648289,
context,3,permeability,fnn_ridge,observed,1,516,376,0.343717177446363,0.6027083279256874,0.8101128455676018,0.44122311312765045,0.27029870651762816,0.6216887263438987,
context,3,permeability,fnn_ridge,observed,2,200,163,0.45586555563763675,0.5715689168791835,0.7376546918188505,0.4301368316366026,0.26116389072051754,0.61592442680776,
context,3,permeability,fnn_ridge,observed,4,200,163,0.5118540139581793,0.5413652250041218,0.6986744492550309,0.40939625359844,0.2617428982504816,0.6162491622574955,
context,3,permeability,fnn_ridge,observed,9,72,62,0.5535724017602185,0.5396655729349253,0.6681523765128592,0.40995455155494037,0.2733469323531069,0.611130768665491,
context,3,permeability,memory,expected,0,516,376,-0.020654912294175265,0.751624864933501,1.0102746717077367,0.5577569574521906,0.22993203769820053,0.6030918240975711,
context,3,permeability,memory,expected,1,516,376,-0.03099526513227846,0.7554226620206322,1.0153793700545026,0.5603415412538321,0.22947749225050618,0.6028845792351539,
context,3,permeability,memory,expected,2,200,163,0.013445040903759642,0.7696196291177907,0.99325473021589,0.5815065168564518,0.24008952143388215,0.6057397927689594,
context,3,permeability,memory,expected,4,200,163,0.012622111642850431,0.7699405491471396,0.9936689027825866,0.5816159616704616,0.23949454870737263,0.6054715828924162,
context,3,permeability,memory,expected,9,72,62,0.002288597823258076,0.8067735735539404,0.9988550456281141,0.604376099396635,0.28724082924977495,0.6173370443856554,
context,3,permeability,memory,observed,0,516,376,-0.020654912294175265,0.751624864933501,1.0102746717077367,0.5577569574521906,0.22993203769820053,0.6030918240975711,
context,3,permeability,memory,observed,1,516,376,0.24844220395034344,0.6449749772052856,0.8669243312133168,0.4728547693676049,0.22957153613126954,0.6029054778767423,
context,3,permeability,memory,observed,2,200,163,0.4126455404799323,0.5938347788030927,0.7663905398163966,0.4494999308162265,0.2423215881132141,0.6067001543209877,
context,3,permeability,memory,observed,4,200,163,0.4736927081472968,0.5621279599283782,0.7254703935052782,0.4266161127251056,0.2458275518246271,0.6082019620811288,
context,3,permeability,memory,observed,9,72,62,0.5184816699294705,0.5604741777029602,0.6939152182151141,0.421260282655281,0.297467700926656,0.6217855305702528,
context,3,permeability,memory,shuffled_history,0,516,376,-0.0047231003397527616,0.7457355854985741,1.0023587682759865,0.5517983108355192,0.2301070912364385,0.603183518269725,
context,3,permeability,memory,shuffled_history,1,516,376,0.25726658150041903,0.6411773264010884,0.8618198294884963,0.46956432174716556,0.2301893073430817,0.6032317012489425,
context,3,permeability,memory,shuffled_history,2,200,163,0.41754916352903637,0.5913507207793627,0.7631846673453049,0.44739428511295043,0.24342715737278817,0.6071346781305115,
context,3,permeability,memory,shuffled_history,4,200,163,0.47763602723164966,0.5600181491807071,0.7227475166116798,0.425007825863113,0.24622807321904433,0.6082300925925925,
context,3,permeability,memory,shuffled_history,9,72,62,0.5238257161434101,0.5573553382087247,0.6900538267820778,0.4194483266315526,0.2980352373345306,0.6219365446796002,
context,3,permeability,residual_memory,expected,0,516,376,0.024987746978252123,0.7346267030317613,0.9874270874458265,0.540284699213087,0.24880873375622764,0.6125799317753341,
context,3,permeability,residual_memory,expected,1,516,376,0.020046009743791893,0.7364860354457888,0.9899262549585237,0.541872300024896,0.24731016987972554,0.6118844714247013,
context,3,permeability,residual_memory,expected,2,200,163,0.08875089881244058,0.7396632651721196,0.9545936838192255,0.5543089348799652,0.25366494646295906,0.6132566137566137,
context,3,permeability,residual_memory,expected,4,200,163,0.08889247477850992,0.7396058041502628,0.9545195258461139,0.5542237893411683,0.2532866489142179,0.6131044973544973,
context,3,permeability,residual_memory,expected,9,72,62,0.08817802648502349,0.7712660651450575,0.9548936974946355,0.5789159816048212,0.26497140678197695,0.6093283362727807,
context,3,permeability,residual_memory,observed,0,516,376,0.024987746978252123,0.7346267030317613,0.9874270874458265,0.540284699213087,0.24880873375622764,0.6125799317753341,
context,3,permeability,residual_memory,observed,1,516,376,0.2794150528297562,0.6315449496919142,0.8488727508703786,0.46305455264345996,0.24742095387834548,0.6118516307022055,
context,3,permeability,residual_memory,observed,2,200,163,0.4425276634246226,0.5785316918235337,0.746640701124294,0.4359461553775188,0.25700862931874063,0.6150881172839506,
context,3,permeability,residual_memory,observed,4,200,163,0.49985898643240145,0.547976240896671,0.7072064858070792,0.41292433631478076,0.2626174022662971,0.6169655423280423,
context,3,permeability,residual_memory,observed,9,72,62,0.5507305886930363,0.541380515934678,0.6702756233870987,0.41048711684428985,0.2927139541410186,0.6211798206937096,
context,3,permeability,residual_memory,shuffled_history,0,516,376,0.028856767196016153,0.7331676901637421,0.9854659977918994,0.5391958472920538,0.24972103401338627,0.6127857253431965,
context,3,permeability,residual_memory,shuffled_history,1,516,376,0.28158746329493345,0.6305922442002498,0.8475921995305682,0.4622609520977837,0.24830519891431924,0.612096899481957,
context,3,permeability,residual_memory,shuffled_history,2,200,163,0.4456423609868566,0.5769132480517918,0.7445519720027228,0.43468757522536644,0.2582474582218738,0.615386574074074,
context,3,permeability,residual_memory,shuffled_history,4,200,163,0.5020254544573708,0.5467881145605574,0.7056731152188166,0.4121646081719133,0.26324500924748956,0.6174141975308641,
context,3,permeability,residual_memory,shuffled_history,9,72,62,0.5527864565402651,0.5401404103587839,0.6687402660672788,0.4092933828452671,0.29556487117790514,0.62236221340388,
context,3,protein_binding,fnn,observed,0,880,355,0.09532793187114574,1.020862971225336,0.9511425067406326,0.6412500864568526,0.3438616650679022,0.6559849960071913,
context,3,protein_binding,fnn,observed,1,880,355,0.09532793187114574,1.020862971225336,0.9511425067406326,0.6412500864568526,0.3438616650679022,0.6559849960071913,
context,3,protein_binding,fnn,observed,2,177,93,0.10771500718987193,0.9519921012522401,0.9446083806584229,0.621213978548246,0.35108343963938216,0.6582132643808726,
context,3,protein_binding,fnn,observed,4,177,93,0.10771500718987193,0.9519921012522401,0.9446083806584229,0.621213978548246,0.35108343963938216,0.6582132643808726,
context,3,protein_binding,fnn,observed,9,44,29,0.08622319980651594,0.8886964757642662,0.9559167328766057,0.5919080607051199,0.41492878666824917,0.6760551948051948,
context,3,protein_binding,fnn_anchor,expected,0,880,355,0.09532793187114574,1.020862971225336,0.9511425067406326,0.6412500864568526,0.3438616650679022,0.6559849960071913,
context,3,protein_binding,fnn_anchor,expected,1,880,355,0.05688711540979752,1.0423263085822365,0.9711399922720733,0.6661523517710993,0.34472174804226213,0.6566747697195637,
context,3,protein_binding,fnn_anchor,expected,2,177,93,0.049828810672204016,0.9823867122241186,0.9747672487972685,0.6562932037855383,0.35342671643272544,0.6596651022828047,
context,3,protein_binding,fnn_anchor,expected,4,177,93,0.03529923943622848,0.9898693135793566,0.9821918145473274,0.6643007407472595,0.3526016641986715,0.6592482238762841,
context,3,protein_binding,fnn_anchor,expected,9,44,29,0.003479200510897562,0.928061118297786,0.9982588840020922,0.6325926631282677,0.41154042427343396,0.6743635762385762,
context,3,protein_binding,fnn_anchor,observed,0,880,355,0.09532793187114574,1.020862971225336,0.9511425067406326,0.6412500864568526,0.3438616650679022,0.6559849960071913,
context,3,protein_binding,fnn_anchor,observed,1,880,355,0.3101227212650195,0.8914721524208272,0.8305885134860586,0.5669770014425581,0.34469220603678635,0.6566344145944629,
context,3,protein_binding,fnn_anchor,observed,2,177,93,0.40394397923751557,0.7780815013822284,0.7720466441624395,0.5166144897064284,0.3534956477788357,0.6596964896023276,
context,3,protein_binding,fnn_anchor,observed,4,177,93,0.45178941569452213,0.7462000241681126,0.7404124420250364,0.4954586311222544,0.3526016641986715,0.6592482238762841,
context,3,protein_binding,fnn_anchor,observed,9,44,29,0.4448963237931066,0.6926605379865132,0.7450528009523173,0.44206290404001874,0.41154042427343396,0.6743635762385762,
context,3,protein_binding,fnn_ridge,expected,0,880,355,0.09532793187114574,1.020862971225336,0.9511425067406326,0.6412500864568526,0.3438616650679022,0.6559849960071913,
context,3,protein_binding,fnn_ridge,expected,1,880,355,0.09532793187114574,1.020862971225336,0.9511425067406326,0.6412500864568526,0.3438616650679022,0.6559849960071913,
context,3,protein_binding,fnn_ridge,expected,2,177,93,0.10771500718987193,0.9519921012522401,0.9446083806584229,0.621213978548246,0.35108343963938216,0.6582132643808726,
context,3,protein_binding,fnn_ridge,expected,4,177,93,0.10771500718987193,0.9519921012522401,0.9446083806584229,0.621213978548246,0.35108343963938216,0.6582132643808726,
context,3,protein_binding,fnn_ridge,expected,9,44,29,0.08622319980651594,0.8886964757642662,0.9559167328766057,0.5919080607051199,0.41492878666824917,0.6760551948051948,
context,3,protein_binding,fnn_ridge,observed,0,880,355,0.09532793187114574,1.020862971225336,0.9511425067406326,0.6412500864568526,0.3438616650679022,0.6559849960071913,
context,3,protein_binding,fnn_ridge,observed,1,880,355,0.2349102331383619,0.9388107570751638,0.8746940990207023,0.5843459377315864,0.3438213099428013,0.6559849960071913,
context,3,protein_binding,fnn_ridge,observed,2,177,93,0.39388613335324507,0.7846187109376379,0.7785331506408413,0.5200057858948953,0.35108343963938216,0.6582132643808726,
context,3,protein_binding,fnn_ridge,observed,4,177,93,0.45668685516660623,0.7428594575866515,0.7370977851231095,0.489617260734633,0.35094341978659477,0.6581714146215087,
context,3,protein_binding,fnn_ridge,observed,9,44,29,0.4451586203026171,0.6924968713452097,0.7448767547033421,0.42670699218908936,0.41504734314018576,0.6762151274651274,
context,3,protein_binding,memory,expected,0,880,355,0.06147807154037521,1.039786256281979,0.9687734144058789,0.66394077854368,0.3429864410589509,0.6539172976158448,
context,3,protein_binding,memory,expected,1,880,355,0.06585835406871177,1.0373569660626623,0.9665100340561852,0.6597602316239308,0.34322352636116465,0.6540823052384795,
context,3,protein_binding,memory,expected,2,177,93,0.08715529575370418,0.9628973708043848,0.9554290681397002,0.6410353550777934,0.3526910100326882,0.6582636086449646,
context,3,protein_binding,memory,expected,4,177,93,0.0860069249475931,0.963502849303151,0.9560298505028004,0.6408559372501971,0.3519827176613281,0.6582165276656801,
context,3,protein_binding,memory,expected,9,44,29,0.06532711327236418,0.8988003161135708,0.966784819247611,0.6092189453768008,0.37160401812500576,0.6580167748917749,
context,3,protein_binding,memory,observed,0,880,355,0.06147807154037521,1.039786256281979,0.9687734144058789,0.66394077854368,0.3429864410589509,0.6539172976158448,
context,3,protein_binding,memory,observed,1,880,355,0.30487058648220966,0.8948591709308846,0.833744213483842,0.5695847486681417,0.34278532652725113,0.653841519658711,
context,3,protein_binding,memory,observed,2,177,93,0.4132126089273759,0.7720082425609552,0.7660204899822355,0.5107626678717451,0.3486443413691835,0.656498669775506,
context,3,protein_binding,memory,observed,4,177,93,0.4558842001595014,0.743407980857848,0.7376420540075644,0.4881731355732818,0.3474943554381821,0.6554341414322582,
context,3,protein_binding,memory,observed,9,44,29,0.4063580984139372,0.7163011821727361,0.7704816036649174,0.44537195143826075,0.37075125544303744,0.6568698893698893,
context,3,protein_binding,memory,shuffled_history,0,880,355,0.06801255995850586,1.0361601613158624,0.9653949658256429,0.660289649642423,0.34223792922572943,0.653572111832806,
context,3,protein_binding,memory,shuffled_history,1,880,355,0.3083509211032751,0.8926161947709701,0.8316544227602742,0.5676856770633691,0.34263295871913335,0.6537891327277929,
context,3,protein_binding,memory,shuffled_history,2,177,93,0.41498324526705266,0.7708425915762116,0.7648638798720642,0.5103301112003956,0.3505768630723999,0.6573210175470062,
context,3,protein_binding,memory,shuffled_history,4,177,93,0.4576758559927995,0.7421830306770193,0.7364266046302241,0.48775595124944227,0.34846956719402244,0.6562079135902111,
context,3,protein_binding,memory,shuffled_history,9,44,29,0.4134761267926724,0.7119938478831948,0.7658484662172587,0.44427940740729815,0.36984413354516477,0.6564520202020202,
context,3,protein_binding,residual_memory,expected,0,880,355,0.051964686979192765,1.0450428970916161,0.9736710496984119,0.6694240514181755,0.3307084957805738,0.6511498007866046,
context,3,protein_binding,residual_memory,expected,1,880,355,0.046904542975466756,1.0478281467404686,0.9762660790094744,0.6719510226682243,0.32907698009337005,0.6503397837477741,
context,3,protein_binding,residual_memory,expected,2,177,93,0.0649700177371163,0.9745279942591036,0.9669694836254574,0.6455171119969406,0.33532569791509287,0.6521539921681164,
context,3,protein_binding,residual_memory,expected,4,177,93,0.06461433117103177,0.9747133324645009,0.9671533843341336,0.6456411596513438,0.33554871302636236,0.6522732639823035,
context,3,protein_binding,residual_memory,expected,9,44,29,0.0435710318641066,0.9092006862732085,0.977971864695449,0.6145046394024832,0.398208507061983,0.6710350529100528,
context,3,protein_binding,residual_memory,observed,0,880,355,0.051964686979192765,1.0450428970916161,0.9736710496984119,0.6694240514181755,0.3307084957805738,0.6511498007866046,
context,3,protein_binding,residual_memory,observed,1,880,355,0.29373620819676916,0.9019974949637297,0.840395021286556,0.5719903672382755,0.32916116538336027,0.6503301433567776,
context,3,protein_binding,residual_memory,observed,2,177,93,0.4093467805546759,0.7745471110290336,0.768539666800175,0.5098047338258673,0.3308207013615297,0.6493379517532061,
context,3,protein_binding,residual_memory,observed,4,177,93,0.45302118782198353,0.7453612358391708,0.7395801593999236,0.4874394808132002,0.33425838027916815,0.6506476997578692,
context,3,protein_binding,residual_memory,observed,9,44,29,0.4211139829225874,0.7073427781393012,0.7608455934533712,0.44300361277479117,0.4014499447205001,0.6728360990860991,
context,3,protein_binding,residual_memory,shuffled_history,0,880,355,0.05182173508620158,1.0451216838346833,0.973744455652405,0.6693716993318144,0.3310306069263542,0.6512654854785606,
context,3,protein_binding,residual_memory,shuffled_history,1,880,355,0.2933389424921522,0.902251141192778,0.8406313445903905,0.5721493779370923,0.3288431300365038,0.6502617638392457,
context,3,protein_binding,residual_memory,shuffled_history,2,177,93,0.40919074527346966,0.774649411915198,0.7686411742331596,0.5097786851300247,0.32987875457959653,0.6489644426508833,
context,3,protein_binding,residual_memory,shuffled_history,4,177,93,0.45293344657454915,0.7454210153961706,0.7396394753022927,0.48737169583827933,0.33370449475736247,0.6504933787702148,
context,3,protein_binding,residual_memory,shuffled_history,9,44,29,0.42112867880816784,0.7073337996062212,0.7608359357915687,0.44292757412249395,0.4024802870578086,0.6732834295334293,
context,5,cellular_clearance,fnn,observed,0,299,155,-0.08801250158673724,0.7052716743788322,1.043078377489792,0.497424624941742,0.13346652082572305,0.5601393818396924,
context,5,cellular_clearance,fnn,observed,1,299,155,-0.08801250158673724,0.7052716743788322,1.043078377489792,0.497424624941742,0.13346652082572305,0.5601393818396924,
context,5,cellular_clearance,fnn,observed,2,186,105,-0.028469922800533176,0.6449489037351003,1.0141350614195987,0.4856812003083981,0.15665605437140237,0.5700027362597767,
context,5,cellular_clearance,fnn,observed,4,186,105,-0.028469922800533176,0.6449489037351003,1.0141350614195987,0.4856812003083981,0.15665605437140237,0.5700027362597767,
context,5,cellular_clearance,fnn,observed,9,79,53,-0.05440832159345588,0.6375051319260061,1.026843864272196,0.49041574155165185,0.15825548274319676,0.5672245902580441,
context,5,cellular_clearance,fnn_anchor,expected,0,299,155,-0.08801250158673724,0.7052716743788322,1.043078377489792,0.497424624941742,0.13346652082572305,0.5601393818396924,
context,5,cellular_clearance,fnn_anchor,expected,1,299,155,-0.12701303509599304,0.717800850442677,1.0616087014978697,0.5109033208334038,0.1339371608558385,0.5609410546703507,
context,5,cellular_clearance,fnn_anchor,expected,2,186,105,-0.08107037014968088,0.6612360050623611,1.0397453390853362,0.5019746262387883,0.15506401500344247,0.569718083967956,
context,5,cellular_clearance,fnn_anchor,expected,4,186,105,-0.08972846280409197,0.6638785830697882,1.0439006000592643,0.5047768540767199,0.158431348231773,0.5718553940891371,
context,5,cellular_clearance,fnn_anchor,expected,9,79,53,-0.11664341522792321,0.656049377026796,1.0567134972299366,0.5085195554912343,0.16385365934061588,0.5704810700651569,
context,5,cellular_clearance,fnn_anchor,observed,0,299,155,-0.08801250158673724,0.7052716743788322,1.043078377489792,0.497424624941742,0.13346652082572305,0.5601393818396924,
context,5,cellular_clearance,fnn_anchor,observed,1,299,155,0.2155116209137169,0.5988702735036946,0.8857134858893609,0.435076051688923,0.1339371608558385,0.5609410546703507,
context,5,cellular_clearance,fnn_anchor,observed,2,186,105,0.3177245022306503,0.5253024164908849,0.8259996959862332,0.4000231471672885,0.15506401500344247,0.569718083967956,
context,5,cellular_clearance,fnn_anchor,observed,4,186,105,0.3867142379571693,0.49803624759244464,0.7831256361803198,0.3824440072159969,0.158431348231773,0.5718553940891371,
context,5,cellular_clearance,fnn_anchor,observed,9,79,53,0.4026794293565855,0.47982515079288773,0.772865169769873,0.37279093915274375,0.16385365934061588,0.5704810700651569,
context,5,cellular_clearance,fnn_ridge,expected,0,299,155,-0.08801250158673724,0.7052716743788322,1.043078377489792,0.497424624941742,0.13346652082572305,0.5601393818396924,
context,5,cellular_clearance,fnn_ridge,expected,1,299,155,-0.08801250158673724,0.7052716743788322,1.043078377489792,0.497424624941742,0.13346652082572305,0.5601393818396924,
context,5,cellular_clearance,fnn_ridge,expected,2,186,105,-0.028469922800533176,0.6449489037351003,1.0141350614195987,0.4856812003083981,0.15665605437140237,0.5700027362597767,
context,5,cellular_clearance,fnn_ridge,expected,4,186,105,-0.028469922800533176,0.6449489037351003,1.0141350614195987,0.4856812003083981,0.15665605437140237,0.5700027362597767,
context,5,cellular_clearance,fnn_ridge,expected,9,79,53,-0.05440832159345588,0.6375051319260061,1.026843864272196,0.49041574155165185,0.15825548274319676,0.5672245902580441,
context,5,cellular_clearance,fnn_ridge,observed,0,299,155,-0.08801250158673724,0.7052716743788322,1.043078377489792,0.497424624941742,0.13346652082572305,0.5601393818396924,
context,5,cellular_clearance,fnn_ridge,observed,1,299,155,0.1917053681350146,0.6078890861005061,0.8990520740563281,0.4370331034511715,0.1334572441307098,0.5600950984258438,
context,5,cellular_clearance,fnn_ridge,observed,2,186,105,0.27514810638051446,0.5414447537934959,0.8513823427928756,0.4041752515224074,0.1566484855471835,0.5699968336597881,
context,5,cellular_clearance,fnn_ridge,observed,4,186,105,0.34908162044321267,0.5130890879668829,0.8067951286149336,0.3853673801060183,0.15676381395985714,0.5701027959969333,
context,5,cellular_clearance,fnn_ridge,observed,9,79,53,0.37330947298732353,0.4914799866418248,0.79163787618625,0.3769584264232136,0.1591647090498982,0.5677970569381058,
context,5,cellular_clearance,memory,expected,0,299,155,-0.1156316875505361,0.7141672317974876,1.0562346744689535,0.5047759777873987,0.15157808043840298,0.5692617587726283,
context,5,cellular_clearance,memory,expected,1,299,155,-0.14745474128507463,0.7242813149134589,1.071193139114079,0.5145179105522294,0.15403056041297356,0.5705580845617078,
context,5,cellular_clearance,memory,expected,2,186,105,-0.11027104586995362,0.6701067896149548,1.053694000111016,0.5071271412472799,0.1791426861051269,0.5808399707951679,
context,5,cellular_clearance,memory,expected,4,186,105,-0.11161289387075679,0.6705116051511554,1.0543305429848633,0.507354294595519,0.17566877298580358,0.5790007775312433,
context,5,cellular_clearance,memory,expected,9,79,53,-0.11720121135176331,0.6562132145179367,1.0569773939643947,0.5069779105956042,0.16477099019058775,0.5718526890362334,
context,5,cellular_clearance,memory,observed,0,299,155,-0.1156316875505361,0.7141672317974876,1.0562346744689535,0.5047759777873987,0.15157808043840298,0.5692617587726283,
context,5,cellular_clearance,memory,observed,1,299,155,0.1658621138631331,0.6175305144028558,0.91331149458269,0.4482644173141606,0.1511536628647789,0.5693395902272713,
context,5,cellular_clearance,memory,observed,2,186,105,0.2615323336283485,0.54650640155005,0.8593414143235805,0.4115550061408764,0.16802748446444707,0.575529029413438,
context,5,cellular_clearance,memory,observed,4,186,105,0.3372815805064596,0.5177189144845964,0.8140751927761589,0.39165768358275616,0.17150876760147285,0.5775555650376438,
context,5,cellular_clearance,memory,observed,9,79,53,0.3522898780840803,0.49965428329676675,0.8048043997866312,0.3854147973901863,0.17795815533490497,0.5774320206282231,
context,5,cellular_clearance,memory,shuffled_history,0,299,155,-0.10972133989258204,0.7122729767491262,1.0534331207497618,0.502824654261537,0.14997478687176224,0.5685184226669733,
context,5,cellular_clearance,memory,shuffled_history,1,299,155,0.1697656993132598,0.6160838650886871,0.9111719380483247,0.4470022182253652,0.15065200114606395,0.568926750249214,
context,5,cellular_clearance,memory,shuffled_history,2,186,105,0.2646814929280673,0.5453398816493489,0.8575071469509351,0.41057493544402873,0.1663781376182545,0.5747930297168647,
context,5,cellular_clearance,memory,shuffled_history,4,186,105,0.3401287789835955,0.5166055946426039,0.812324578611533,0.39074939969074746,0.16870681157474143,0.5760099135233544,
context,5,cellular_clearance,memory,shuffled_history,9,79,53,0.35530940551425383,0.4984882661002982,0.80292626964482,0.38445546150962,0.1774191095805048,0.5771542428504454,
context,5,cellular_clearance,residual_memory,expected,0,299,155,-0.05769723644659819,0.6953767786284706,1.0284440852309853,0.4844348949388871,0.2084464060792128,0.594910469390283,
context,5,cellular_clearance,residual_memory,expected,1,299,155,-0.06112324508600353,0.6965020726606828,1.0301083657004264,0.4853453946760633,0.2077073516126431,0.5944714693136018,
context,5,cellular_clearance,residual_memory,expected,2,186,105,0.0009759736672716457,0.6356491604092999,0.9995118940426514,0.4770112334794432,0.2276100774030013,0.6017843427693658,
context,5,cellular_clearance,residual_memory,expected,4,186,105,0.001344649356573302,0.6355318609195376,0.9993274491593968,0.47692319027492003,0.22775723203783976,0.6018513337234536,
context,5,cellular_clearance,residual_memory,expected,9,79,53,0.013120995046955186,0.6167529390021907,0.9934178400617963,0.4703360715018043,0.24974476182132838,0.6081449190083908,
context,5,cellular_clearance,residual_memory,observed,0,299,155,-0.05769723644659819,0.6953767786284706,1.0284440852309853,0.4844348949388871,0.2084464060792128,0.594910469390283,
context,5,cellular_clearance,residual_memory,observed,1,299,155,0.2177011570213626,0.598033954995261,0.8844765926685891,0.4255547834129326,0.2074784706108236,0.5943343868576788,
context,5,cellular_clearance,residual_memory,observed,2,186,105,0.33545772049294464,0.5184308292497806,0.8151946267653236,0.3844625571010726,0.2261767356542626,0.6008834732618654,
context,5,cellular_clearance,residual_memory,observed,4,186,105,0.4299868638494103,0.4801444832631101,0.7549921431052046,0.35757234765452595,0.22869978250131673,0.6021321694747194,
context,5,cellular_clearance,residual_memory,observed,9,79,53,0.4743969592745628,0.4500991650631683,0.7249848555145392,0.34100539092650395,0.25582296076515065,0.6097074399380005,
context,5,cellular_clearance,residual_memory,shuffled_history,0,299,155,-0.0574382419109325,0.6952916362048764,1.0283181618112813,0.48433672248015874,0.20798884099147494,0.5946988291786428,
context,5,cellular_clearance,residual_memory,shuffled_history,1,299,155,0.21789860926263527,0.5979584783421774,0.8843649646709014,0.4254797202778135,0.20745842851284016,0.5943634962346143,
context,5,cellular_clearance,residual_memory,shuffled_history,2,186,105,0.33553641145213875,0.5184001336655749,0.8151463602003393,0.3844332404222379,0.22641536629050726,0.6010604090301991,
context,5,cellular_clearance,residual_memory,shuffled_history,4,186,105,0.4300352414098021,0.48012410766987035,0.7549601039725198,0.35754906053391144,0.22807261474296403,0.6018842602751973,
context,5,cellular_clearance,residual_memory,shuffled_history,9,79,53,0.47446600532430616,0.450069600365451,0.7249372349905154,0.34098206855199503,0.2559073489709244,0.609826989867677,
context,5,efflux,fnn,observed,0,228,185,0.08062052286259125,0.701345052322357,0.9588427801977802,0.5197739146872411,0.23358982506432974,0.6062000874098827,
context,5,efflux,fnn,observed,1,228,185,0.08062052286259125,0.701345052322357,0.9588427801977802,0.5197739146872411,0.23358982506432974,0.6062000874098827,
context,5,efflux,fnn,observed,2,139,114,0.1109210374285774,0.6899308618389219,0.9429098379863382,0.5183160332855966,0.250470733029141,0.6129248664560414,
context,5,efflux,fnn,observed,4,139,114,0.1109210374285774,0.6899308618389219,0.9429098379863382,0.5183160332855966,0.250470733029141,0.6129248664560414,
context,5,efflux,fnn,observed,9,54,49,0.09075349459189297,0.7155115839488783,0.9535441811516167,0.5390186704262907,0.19385486707827188,0.5818178032529884,
context,5,efflux,fnn_anchor,expected,0,228,185,0.08062052286259125,0.701345052322357,0.9588427801977802,0.5197739146872411,0.23358982506432974,0.6062000874098827,
context,5,efflux,fnn_anchor,expected,1,228,185,0.052590492671305555,0.7119560819758229,0.9733496326237013,0.5299415091806059,0.2364132836588926,0.6077805625174046,
context,5,efflux,fnn_anchor,expected,2,139,114,0.07394652824502113,0.7041309550709705,0.9623167211240689,0.5317510720344183,0.25325529732260743,0.6147690736299848,
context,5,efflux,fnn_anchor,expected,4,139,114,0.06709342775419003,0.7067315530313713,0.9658708879792423,0.5347109325434997,0.253128958827983,0.6145768464593404,
context,5,efflux,fnn_anchor,expected,9,54,49,0.046492727650722765,0.7327196758035103,0.9764769696973284,0.5552469955053594,0.19896125142451052,0.5838871742112484,
context,5,efflux,fnn_anchor,observed,0,228,185,0.08062052286259125,0.701345052322357,0.9588427801977802,0.5197739146872411,0.23358982506432974,0.6062000874098827,
context,5,efflux,fnn_anchor,observed,1,228,185,0.28229651363411823,0.6196648517196326,0.8471738229937713,0.46163414549924886,0.2364132836588926,0.6077805625174046,
context,5,efflux,fnn_anchor,observed,2,139,114,0.3652259505700094,0.5829683633478495,0.7967270859146127,0.4413414568333721,0.25325529732260743,0.6147690736299848,
context,5,efflux,fnn_anchor,observed,4,139,114,0.43993448857210005,0.5475891319088465,0.7483752477386595,0.41603747036227645,0.253128958827983,0.6145768464593404,
context,5,efflux,fnn_anchor,observed,9,54,49,0.4601447567987542,0.5513336638316474,0.7347484217072165,0.4198970707901466,0.19896125142451052,0.5838871742112484,
context,5,efflux,fnn_ridge,expected,0,228,185,0.08062052286259125,0.701345052322357,0.9588427801977802,0.5197739146872411,0.23358982506432974,0.6062000874098827,
context,5,efflux,fnn_ridge,expected,1,228,185,0.08062052286259125,0.701345052322357,0.9588427801977802,0.5197739146872411,0.23358982506432974,0.6062000874098827,
context,5,efflux,fnn_ridge,expected,2,139,114,0.1109210374285774,0.6899308618389219,0.9429098379863382,0.5183160332855966,0.250470733029141,0.6129248664560414,
context,5,efflux,fnn_ridge,expected,4,139,114,0.1109210374285774,0.6899308618389219,0.9429098379863382,0.5183160332855966,0.250470733029141,0.6129248664560414,
context,5,efflux,fnn_ridge,expected,9,54,49,0.09075349459189297,0.7155115839488783,0.9535441811516167,0.5390186704262907,0.19385486707827188,0.5818178032529884,
context,5,efflux,fnn_ridge,observed,0,228,185,0.08062052286259125,0.701345052322357,0.9588427801977802,0.5197739146872411,0.23358982506432974,0.6062000874098827,
context,5,efflux,fnn_ridge,observed,1,228,185,0.29779445848647856,0.6129378791656667,0.8379770530948455,0.45501568523291896,0.23379511996822036,0.6063109548562764,
context,5,efflux,fnn_ridge,observed,2,139,114,0.3827103419223039,0.5748835816187313,0.785677833515555,0.4330983439095014,0.2513598921535303,0.6133858310177255,
context,5,efflux,fnn_ridge,observed,4,139,114,0.46109045850368247,0.5371472313688073,0.7341045848489965,0.4047478420461872,0.2516641669594746,0.6134404539860175,
context,5,efflux,fnn_ridge,observed,9,54,49,0.4862192035908922,0.5378544705920045,0.7167850419819792,0.4075104734982237,0.19638567296673115,0.5828404859886341,
context,5,efflux,memory,expected,0,228,185,0.013156922527914672,0.7266217351084537,0.9933997571330916,0.5407410381697155,0.24348147041225288,0.6096919961941892,
context,5,efflux,memory,expected,1,228,185,-0.00220845893663979,0.7322567219417211,1.0011036204792387,0.5446377522757796,0.24353450453378295,0.6096903717627402,
context,5,efflux,memory,expected,2,139,114,0.03713560903114477,0.7179892931755417,0.9812565367776437,0.5397799578467479,0.2585381998920993,0.6163264626394124,
context,5,efflux,memory,expected,4,139,114,0.036586328946097035,0.7181940577276374,0.9815363829496607,0.5396428206515349,0.259230316011049,0.6166347874081688,
context,5,efflux,memory,expected,9,54,49,0.020047427521607486,0.7428110876231521,0.9899255388555205,0.5559658958680099,0.2125654380446599,0.5872851753870272,
context,5,efflux,memory,observed,0,228,185,0.013156922527914672,0.7266217351084537,0.9933997571330916,0.5407410381697155,0.24348147041225288,0.6096919961941892,
context,5,efflux,memory,observed,1,228,185,0.22960697871669566,0.6420080965263447,0.8777203548302297,0.47470256400655875,0.24359298407117516,0.609773217766639,
context,5,efflux,memory,observed,2,139,114,0.3579374245973531,0.5863056554154145,0.8012880726696529,0.43709947362726775,0.26026946642815024,0.6162667009249744,
context,5,efflux,memory,observed,4,139,114,0.44297002414445374,0.5461031586775117,0.7463444083367586,0.40823482882514367,0.26810583736019916,0.6205291005291005,
context,5,efflux,memory,observed,9,54,49,0.45621394979979335,0.5533372153453532,0.7374185041075432,0.41455915320618647,0.2222083575080758,0.5922506368802664,
context,5,efflux,memory,shuffled_history,0,228,185,0.01734248591120069,0.7250791630955967,0.9912908322428889,0.5393012220282507,0.24401297844332764,0.6097400909681611,
context,5,efflux,memory,shuffled_history,1,228,185,0.23245359843892366,0.6408208815610846,0.8760972557662057,0.47387479093096435,0.2446236709187859,0.6100573965778644,
context,5,efflux,memory,shuffled_history,2,139,114,0.36006331301342953,0.5853342128377512,0.7999604283879113,0.43636105704281347,0.25852920379576017,0.6153493395759582,
context,5,efflux,memory,shuffled_history,4,139,114,0.4443373643854407,0.54543248774742,0.7454278205262796,0.40776006426909367,0.2663439472324802,0.6198476456929695,
context,5,efflux,memory,shuffled_history,9,54,49,0.4569355342574737,0.5529699642181495,0.7369290778239967,0.41438447393017047,0.22434083416966008,0.592880658436214,
context,5,efflux,residual_memory,expected,0,228,185,0.030890753536375604,0.7200633451926105,0.9844334647215242,0.5381443054333953,0.2256468918126612,0.6026920116649648,
context,5,efflux,residual_memory,expected,1,228,185,0.02395435357265252,0.7226356774264879,0.9879502246709333,0.5407569073260803,0.225053331421049,0.6024256049073302,
context,5,efflux,residual_memory,expected,2,139,114,0.07609587776609117,0.7033133442345542,0.9611993145200993,0.5307991886813102,0.2399278080009982,0.6097888038775328,
context,5,efflux,residual_memory,expected,4,139,114,0.07534464567737198,0.7035992203238983,0.9615900136350356,0.5308802055484124,0.23995178884707732,0.6097888038775328,
context,5,efflux,residual_memory,expected,9,54,49,0.039513019824330975,0.7353965533301834,0.9800443766359098,0.5524929391344389,0.173256616147212,0.574348912404468,
context,5,efflux,residual_memory,observed,0,228,185,0.030890753536375604,0.7200633451926105,0.9844334647215242,0.5381443054333953,0.2256468918126612,0.6026920116649648,
context,5,efflux,residual_memory,observed,1,228,185,0.22443569757402027,0.6441592398329063,0.8806612870031132,0.4757572079104231,0.22425311651712967,0.6021735859711007,
context,5,efflux,residual_memory,observed,2,139,114,0.3811080856867658,0.575629190952873,0.7866968376148681,0.430000952830215,0.24221044733381863,0.6099783982337939,
context,5,efflux,residual_memory,observed,4,139,114,0.47208991354398755,0.531637228198739,0.7265742126280098,0.39910119205355926,0.24787019920393194,0.6121517706469745,
context,5,efflux,residual_memory,observed,9,54,49,0.47797912455319613,0.5421504022170449,0.7225101213455793,0.4106891280982965,0.18261809963273049,0.5776050852439741,
context,5,efflux,residual_memory,shuffled_history,0,228,185,0.03133519480072755,0.7198982128482742,0.9842077042978644,0.5379941785265827,0.22612438091954115,0.6028625769671091,
context,5,efflux,residual_memory,shuffled_history,1,228,185,0.2245969723166784,0.644092261494329,0.880569717673349,0.47568553098766075,0.22363411439158237,0.6017301161855256,
context,5,efflux,residual_memory,shuffled_history,2,139,114,0.3812334329781324,0.5755708954637702,0.7866171667475022,0.42994842096585495,0.24228238978808067,0.609962411023562,
context,5,efflux,residual_memory,shuffled_history,4,139,114,0.47214749607035333,0.5316082328732755,0.7265345855013694,0.39907762552896653,0.24901146836590757,0.6126527032342381,
context,5,efflux,residual_memory,shuffled_history,9,54,49,0.47800658332648704,0.5421361432271712,0.7224911187506134,0.41070309554997053,0.18368938704837626,0.5779627180090142,
context,5,in_vivo_clearance,fnn,observed,0,229,179,-0.061182017663172994,0.5645506317866045,1.030136892681343,0.4141098756512309,0.04435275313384937,0.5187481804949053,
context,5,in_vivo_clearance,fnn,observed,1,229,179,-0.061182017663172994,0.5645506317866045,1.030136892681343,0.4141098756512309,0.04435275313384937,0.5187481804949053,
context,5,in_vivo_clearance,fnn,observed,2,84,67,-0.07366360999247945,0.6202725562933924,1.036177402760975,0.4566656483315601,0.02951151269768912,0.5130820105820105,
context,5,in_vivo_clearance,fnn,observed,4,84,67,-0.07366360999247945,0.6202725562933924,1.036177402760975,0.4566656483315601,0.02951151269768912,0.5130820105820105,
context,5,in_vivo_clearance,fnn,observed,9,20,16,-0.09596177449149645,0.5869623587038715,1.0468819295849443,0.45929069257775945,-0.012271731495857243,0.49355555555555564,
context,5,in_vivo_clearance,fnn_anchor,expected,0,229,179,-0.061182017661367105,0.5645506317861242,1.0301368926804666,0.414109875654123,0.04435275313384937,0.5187481804949053,
context,5,in_vivo_clearance,fnn_anchor,expected,1,229,179,-0.1016376369849814,0.5752112074138196,1.0495892706125485,0.4247159759224921,0.039990909646195776,0.5159809154132298,
context,5,in_vivo_clearance,fnn_anchor,expected,2,84,67,-0.1275626760970372,0.6356510890651389,1.0618675416910703,0.4715027811079626,0.03101738754009443,0.5132495590828924,
context,5,in_vivo_clearance,fnn_anchor,expected,4,84,67,-0.14315592090587725,0.6400312578977007,1.0691846991543965,0.4753866003542428,0.030190928972193172,0.5133509700176366,
context,5,in_vivo_clearance,fnn_anchor,expected,9,20,16,-0.20080222248933244,0.6143958723803414,1.0958112166287277,0.4815812231302262,-0.01787887774407864,0.48896296296296293,
context,5,in_vivo_clearance,fnn_anchor,observed,0,229,179,-0.061182017661367105,0.5645506317861242,1.0301368926804666,0.414109875654123,0.04435275313384937,0.5187481804949053,
context,5,in_vivo_clearance,fnn_anchor,observed,1,229,179,0.19845116467827506,0.49065129615416786,0.8952925976024402,0.3613414510368057,0.039792070425257564,0.5159081352094452,
context,5,in_vivo_clearance,fnn_anchor,observed,2,84,67,0.27522018252027636,0.5096259044429639,0.8513400128501677,0.37897940082583953,0.03101738754009443,0.5132495590828924,
context,5,in_vivo_clearance,fnn_anchor,observed,4,84,67,0.35301956224900677,0.481497486401377,0.8043509419096824,0.35989121153280523,0.030190928972193172,0.5133509700176366,
context,5,in_vivo_clearance,fnn_anchor,observed,9,20,16,0.4020722992166843,0.43354769818006733,0.7732578488339551,0.3418838521242142,-0.01787887774407864,0.48896296296296293,
context,5,in_vivo_clearance,fnn_ridge,expected,0,229,179,-0.061182017663172994,0.5645506317866045,1.030136892681343,0.4141098756512309,0.04435275313384937,0.5187481804949053,
context,5,in_vivo_clearance,fnn_ridge,expected,1,229,179,-0.061182017663172994,0.5645506317866045,1.030136892681343,0.4141098756512309,0.04435275313384937,0.5187481804949053,
context,5,in_vivo_clearance,fnn_ridge,expected,2,84,67,-0.07366360999247945,0.6202725562933924,1.036177402760975,0.4566656483315601,0.02951151269768912,0.5130820105820105,
context,5,in_vivo_clearance,fnn_ridge,expected,4,84,67,-0.07366360999247945,0.6202725562933924,1.036177402760975,0.4566656483315601,0.02951151269768912,0.5130820105820105,
context,5,in_vivo_clearance,fnn_ridge,expected,9,20,16,-0.09596177449149645,0.5869623587038715,1.0468819295849443,0.45929069257775945,-0.012271731495857243,0.49355555555555564,
context,5,in_vivo_clearance,fnn_ridge,observed,0,229,179,-0.061182017663172994,0.5645506317866045,1.030136892681343,0.4141098756512309,0.04435275313384937,0.5187481804949053,
context,5,in_vivo_clearance,fnn_ridge,observed,1,229,179,0.22002488810797094,0.4840033073098974,0.8831619964038472,0.3539076391813942,0.0442246486503494,0.5186624615882258,
context,5,in_vivo_clearance,fnn_ridge,observed,2,84,67,0.300547010653488,0.5006425004390608,0.836333061254015,0.36997768264047054,0.02981067807191895,0.5132186948853616,
context,5,in_vivo_clearance,fnn_ridge,observed,4,84,67,0.38316342245866464,0.4701468265392717,0.7853894432326777,0.3491755000588598,0.02949321774381494,0.5130599647266314,
context,5,in_vivo_clearance,fnn_ridge,observed,9,20,16,0.44016738194714555,0.4195093522492827,0.7482196322289696,0.3301940375566483,-0.013015236879388497,0.4932407407407407,
context,5,in_vivo_clearance,memory,expected,0,229,179,-0.055260975572121174,0.5629734264255662,1.0272589622739348,0.40890300835378385,0.04132983164650017,0.5180424820745053,
context,5,in_vivo_clearance,memory,expected,1,229,179,-0.09765131109376579,0.5741695502817543,1.0476885563438048,0.41846669929249364,0.03649105719321853,0.5157356191708448,
context,5,in_vivo_clearance,memory,expected,2,84,67,-0.06910416692710641,0.6189541236688274,1.033974935347616,0.4525550073608952,-0.021089710454855644,0.490163139329806,
context,5,in_vivo_clearance,memory,expected,4,84,67,-0.06805543777050715,0.618650470142635,1.0334676762098112,0.45233906986694494,-0.018846294115341847,0.4898104056437389,
context,5,in_vivo_clearance,memory,expected,9,20,16,-0.06112215157889156,0.5775575138144423,1.0301078349274368,0.4448491672575473,0.026037926326195403,0.5101666666666667,
context,5,in_vivo_clearance,memory,observed,0,229,179,-0.055260975572121174,0.5629734264255662,1.0272589622739348,0.40890300835378385,0.04132983164650017,0.5180424820745053,
context,5,in_vivo_clearance,memory,observed,1,229,179,0.16238233416467984,0.5015692128184829,0.9152145463416325,0.3648930444727818,0.036311004575466654,0.5160704081082538,
context,5,in_vivo_clearance,memory,observed,2,84,67,0.2637313351925862,0.5136491908790405,0.8580609913097168,0.37761769777173704,0.00533728191244697,0.5029805996472663,
context,5,in_vivo_clearance,memory,observed,4,84,67,0.3369371263510669,0.48744520805101044,0.8142867269266602,0.3590960999572324,0.01359547387867693,0.5059611992945326,
context,5,in_vivo_clearance,memory,observed,9,20,16,0.37916435487468825,0.441774729652338,0.7879312439073042,0.3442451450427373,0.06732472855597735,0.5277777777777777,
context,5,in_vivo_clearance,memory,shuffled_history,0,229,179,-0.0549299712569562,0.5628851254019616,1.0270978391842505,0.40886513987974543,0.039584839263288936,0.5168779988139522,
context,5,in_vivo_clearance,memory,shuffled_history,1,229,179,0.16283156581740277,0.5014346938160966,0.9149690891951472,0.3648207945568232,0.03564346552427756,0.5154709148741171,
context,5,in_vivo_clearance,memory,shuffled_history,2,84,67,0.2639926996309191,0.5135580138705902,0.8579086783388317,0.37753254421725474,0.0055656772343412285,0.5030643738977071,
context,5,in_vivo_clearance,memory,shuffled_history,4,84,67,0.33716524348669186,0.4873613516216874,0.8141466431259838,0.35900491012486985,0.014132734479766994,0.5062169312169312,
context,5,in_vivo_clearance,memory,shuffled_history,9,20,16,0.3798533339571929,0.4415295294591384,0.7874939149243041,0.3440528309345245,0.06803359625240166,0.5285277777777777,
context,5,in_vivo_clearance,residual_memory,expected,0,229,179,-0.07702483852721165,0.5687492229947679,1.0377980721350428,0.4178627523268341,0.060520750647023634,0.525107552967815,
context,5,in_vivo_clearance,residual_memory,expected,1,229,179,-0.08038736078287001,0.5696363620382658,1.039416836876751,0.41889759042283564,0.05919514175841247,0.5245123726346433,
context,5,in_vivo_clearance,residual_memory,expected,2,84,67,-0.08063620031073837,0.6222833850961135,1.039536531494078,0.4590341501351859,0.03231449309913884,0.5121075837742504,
context,5,in_vivo_clearance,residual_memory,expected,4,84,67,-0.08066388760540644,0.6222913568969319,1.0395498485428232,0.45904063910107923,0.03191766770231345,0.5119753086419753,
context,5,in_vivo_clearance,residual_memory,expected,9,20,16,-0.1289859672771867,0.5957400805407492,1.0625375133505577,0.4647649813095729,-0.04068946585059167,0.4801018518518518,
context,5,in_vivo_clearance,residual_memory,observed,0,229,179,-0.07702483852721165,0.5687492229947679,1.0377980721350428,0.4178627523268341,0.060520750647023634,0.525107552967815,
context,5,in_vivo_clearance,residual_memory,observed,1,229,179,0.18018488267210442,0.4962104635444078,0.9054364236808101,0.36044034243121653,0.05812266008470816,0.5237894226103833,
context,5,in_vivo_clearance,residual_memory,observed,2,84,67,0.28791869453546814,0.505141723496562,0.8438491011220738,0.37287865012411087,0.04723806610064847,0.5198148148148147,
context,5,in_vivo_clearance,residual_memory,observed,4,84,67,0.35850387465074307,0.4794523684583352,0.8009345324989159,0.35562501113782957,0.05689456611871718,0.5237345679012344,
context,5,in_vivo_clearance,residual_memory,observed,9,20,16,0.385337774622296,0.43957279862238935,0.7840039702563399,0.3432057697375615,-0.021086649112403384,0.4906574074074075,
context,5,in_vivo_clearance,residual_memory,shuffled_history,0,229,179,-0.07687041091336666,0.5687084468999039,1.037723667896886,0.4178143478790456,0.06059353085731527,0.5251754811580139,
context,5,in_vivo_clearance,residual_memory,shuffled_history,1,229,179,0.1802456597958837,0.49619206988278014,0.9054028607222955,0.3604178408817838,0.05860795478303224,0.5240223192624939,
context,5,in_vivo_clearance,residual_memory,shuffled_history,2,84,67,0.2879854545342384,0.5051180435803538,0.8438095433602073,0.37286225542012186,0.04735711371851346,0.5199074074074074,
context,5,in_vivo_clearance,residual_memory,shuffled_history,4,84,67,0.3585538372703757,0.4794336971353031,0.8009033416896351,0.3556129255557738,0.05610091531619667,0.5233906525573191,
context,5,in_vivo_clearance,residual_memory,shuffled_history,9,20,16,0.3854117550062268,0.4395463444646107,0.7839567877082085,0.34319165185093875,-0.02149682120730479,0.49040740740740746,
context,5,microsomal_clearance,fnn,observed,0,1013,531,0.07764850669347645,0.6159897806191771,0.9603913230066813,0.45474956151123347,0.24745760315704515,0.6130416209023188,
context,5,microsomal_clearance,fnn,observed,1,1013,531,0.07764850669443002,0.6159897806188587,0.9603913230061848,0.45474956150966445,0.24745760315704515,0.6130416209023188,
context,5,microsomal_clearance,fnn,observed,2,674,378,0.08624354457764438,0.6179161327343486,0.9559060913198303,0.45936994402409287,0.2523484505959456,0.613813831816384,
context,5,microsomal_clearance,fnn,observed,4,674,378,0.08624354457764438,0.6179161327343486,0.9559060913198303,0.45936994402409287,0.2523484505959456,0.613813831816384,
context,5,microsomal_clearance,fnn,observed,9,311,183,0.056511264438794284,0.6267408419875273,0.9713334831875229,0.47014068424669747,0.27114657930776664,0.6175023752206611,
context,5,microsomal_clearance,fnn_anchor,expected,0,1013,531,0.07764850669347645,0.6159897806191771,0.9603913230066813,0.45474956151123347,0.24745760315704515,0.6130416209023188,
context,5,microsomal_clearance,fnn_anchor,expected,1,1013,531,0.045154505501265874,0.6267463756230093,0.9771619591954724,0.46552867274086196,0.25081647932267354,0.6145676147410446,
context,5,microsomal_clearance,fnn_anchor,expected,2,674,378,0.04212721011441056,0.6326568624894389,0.9787097577349423,0.4740460076025127,0.2559590995444564,0.6154087902653825,
context,5,microsomal_clearance,fnn_anchor,expected,4,674,378,0.032770569495946145,0.6357392954572688,0.9834782308236689,0.4769255005426034,0.2580328565041121,0.6165730653134243,
context,5,microsomal_clearance,fnn_anchor,expected,9,311,183,0.0018929868275663342,0.6446265528238823,0.9990530582368654,0.4872098915791587,0.2739217442040305,0.6189425002167117,
context,5,microsomal_clearance,fnn_anchor,observed,0,1013,531,0.07764850669347645,0.6159897806191771,0.9603913230066813,0.45474956151123347,0.24745760315704515,0.6130416209023188,
context,5,microsomal_clearance,fnn_anchor,observed,1,1013,531,0.3087503380568869,0.533264588846635,0.8314142541135033,0.3969106719033866,0.25082682287815344,0.6145732556943656,
context,5,microsomal_clearance,fnn_anchor,observed,2,674,378,0.38804949483073825,0.505676130199639,0.7822726539827797,0.38037550391493613,0.2559490798647543,0.6154038446669652,
context,5,microsomal_clearance,fnn_anchor,observed,4,674,378,0.4486435262040619,0.47998818150164574,0.7425338199677763,0.36133237995050094,0.25804047764183774,0.616583780776662,
context,5,microsomal_clearance,fnn_anchor,observed,9,311,183,0.4844445552316371,0.4632946934974655,0.7180218971371018,0.35134050876413253,0.2739242501545085,0.6189371411599057,
context,5,microsomal_clearance,fnn_ridge,expected,0,1013,531,0.07764850669347645,0.6159897806191771,0.9603913230066813,0.45474956151123347,0.24745760315704515,0.6130416209023188,
context,5,microsomal_clearance,fnn_ridge,expected,1,1013,531,0.07764850669443002,0.6159897806188587,0.9603913230061848,0.45474956150966445,0.24745760315704515,0.6130416209023188,
context,5,microsomal_clearance,fnn_ridge,expected,2,674,378,0.08624354457764438,0.6179161327343486,0.9559060913198303,0.45936994402409287,0.2523484505959456,0.613813831816384,
context,5,microsomal_clearance,fnn_ridge,expected,4,674,378,0.08624354457764438,0.6179161327343486,0.9559060913198303,0.45936994402409287,0.2523484505959456,0.613813831816384,
context,5,microsomal_clearance,fnn_ridge,expected,9,311,183,0.056511264438794284,0.6267408419875273,0.9713334831875229,0.47014068424669747,0.27114657930776664,0.6175023752206611,
context,5,microsomal_clearance,fnn_ridge,observed,0,1013,531,0.07764850669347645,0.6159897806191771,0.9603913230066813,0.45474956151123347,0.24745760315704515,0.6130416209023188,
context,5,microsomal_clearance,fnn_ridge,observed,1,1013,531,0.3233554666275166,0.5276009493481092,0.8225840585450725,0.3908541240883662,0.24799674047905979,0.6133119514029882,
context,5,microsomal_clearance,fnn_ridge,observed,2,674,378,0.4075689333367636,0.4975459749699698,0.7696954376006372,0.3724226372272385,0.25316095448878445,0.614235388476195,
context,5,microsomal_clearance,fnn_ridge,observed,4,674,378,0.4723102059045151,0.4695735783341198,0.7264226002097436,0.3516752127917932,0.2548794921181267,0.6150173163698933,
context,5,microsomal_clearance,fnn_ridge,observed,9,311,183,0.5094096315962449,0.4519382980740964,0.7004215647763532,0.34098279480621746,0.2762538832976838,0.6197087116673512,
context,5,microsomal_clearance,memory,expected,0,1013,531,0.05372144554079972,0.6239284347032272,0.9727684999316129,0.46336199678676343,0.24512002770919503,0.611244766169054,
context,5,microsomal_clearance,memory,expected,1,1013,531,0.04064750136979478,0.6282237994902073,0.9794654147187665,0.46714131133957354,0.24518307207684342,0.6112496345381047,
context,5,microsomal_clearance,memory,expected,2,674,378,0.04854311238738951,0.6305345115456358,0.9754265157420166,0.4702762325494214,0.24810749682087405,0.6112529058817358,
context,5,microsomal_clearance,memory,expected,4,674,378,0.04777693969065078,0.630788333404127,0.9758191739811989,0.47029945647219323,0.2483626230013544,0.6113360423069839,
context,5,microsomal_clearance,memory,expected,9,311,183,0.03575446241098457,0.6335975012528114,0.9819600488762338,0.47643411195578417,0.26543892753503817,0.6142033889992027,
context,5,microsomal_clearance,memory,observed,0,1013,531,0.05372144554079972,0.6239284347032272,0.9727684999316129,0.46336199678676343,0.24512002770919503,0.611244766169054,
context,5,microsomal_clearance,memory,observed,1,1013,531,0.2861255588425007,0.541921268882812,0.8449109072307561,0.403353514076595,0.24525666875311258,0.6112756586584032,
context,5,microsomal_clearance,memory,observed,2,674,378,0.3839004103496273,0.5073875011787877,0.7849201167318701,0.37899297350178085,0.2524318895556157,0.6133024712385229,
context,5,microsomal_clearance,memory,observed,4,674,378,0.4491628900685326,0.47976205987051207,0.7421840135245891,0.35808490313304003,0.2599265268152205,0.6170243059994631,
context,5,microsomal_clearance,memory,observed,9,311,183,0.48272733870316886,0.4640656250581306,0.7192166998178164,0.3491539934756671,0.2793099417410112,0.6208226464437548,
context,5,microsomal_clearance,memory,shuffled_history,0,1013,531,0.058121040322051454,0.6224763092293426,0.9705044872013465,0.46170683802641477,0.24572252954887083,0.6115724572432898,
context,5,microsomal_clearance,memory,shuffled_history,1,1013,531,0.2899327166313268,0.5404742791868897,0.842654901705718,0.4018926258392761,0.24589835642606733,0.6116797267607271,
context,5,microsomal_clearance,memory,shuffled_history,2,674,378,0.38615842686975177,0.5064568553462425,0.7834804229400044,0.3780929056919578,0.253182287027345,0.6139381943338569,
context,5,microsomal_clearance,memory,shuffled_history,4,674,378,0.45104302875049573,0.47894258873395035,0.740916305158352,0.3573316726671637,0.2594204197522705,0.6167098862157238,
context,5,microsomal_clearance,memory,shuffled_history,9,311,183,0.4846421761783285,0.4632058907194706,0.7178842691002997,0.3484733723587928,0.27960485146646213,0.6206964085205358,
context,5,microsomal_clearance,residual_memory,expected,0,1013,531,0.05530502486625455,0.6234061498654304,0.9719542042368794,0.46313235413178094,0.2492163986779445,0.6147720728725113,
context,5,microsomal_clearance,residual_memory,expected,1,1013,531,0.05041422111163385,0.6250177923493847,0.974466920366395,0.46464178314471105,0.2489383584172113,0.6146056917977604,
context,5,microsomal_clearance,residual_memory,expected,2,674,378,0.0565423021521978,0.6278783685316798,0.9713175061985665,0.4686330738354523,0.25268474004987485,0.6145563897748351,
context,5,microsomal_clearance,residual_memory,expected,4,674,378,0.05664870271607825,0.6278429623357872,0.971262733396027,0.4685630918964203,0.25278599129344703,0.6145930892551548,
context,5,microsomal_clearance,residual_memory,expected,9,311,183,0.03580584674490994,0.6335806189245772,0.9819338843603932,0.4772913810652296,0.25946807636475966,0.6124377941303948,
context,5,microsomal_clearance,residual_memory,observed,0,1013,531,0.05530502486625455,0.6234061498654304,0.9719542042368794,0.46313235413178094,0.2492163986779445,0.6147720728725113,
context,5,microsomal_clearance,residual_memory,observed,1,1013,531,0.2683533230516273,0.5486254900720109,0.8553634765106426,0.4056028296785882,0.2502394903467918,0.6152188690821287,
context,5,microsomal_clearance,residual_memory,observed,2,674,378,0.3901659780423422,0.504800910695006,0.7809187038083143,0.37461710263869025,0.2561447338351347,0.6159647238433418,
context,5,microsomal_clearance,residual_memory,observed,4,674,378,0.46422904323653436,0.4731554956609873,0.7319637673843328,0.3515110504424443,0.2636050365639963,0.6196468799585263,
context,5,microsomal_clearance,residual_memory,observed,9,311,183,0.49613292917778007,0.4580128106661507,0.709835946414536,0.34488363324733406,0.2821706958660784,0.6227362185892975,
context,5,microsomal_clearance,residual_memory,shuffled_history,0,1013,531,0.055432890057905526,0.6233639591867574,0.9718884246363337,0.463082278892357,0.24911158158422161,0.6147017829379567,
context,5,microsomal_clearance,residual_memory,shuffled_history,1,1013,531,0.26843069565609046,0.548596480369181,0.8553182474049701,0.40557171577608764,0.2501175596116772,0.6151878662235982,
context,5,microsomal_clearance,residual_memory,shuffled_history,2,674,378,0.39019473695115614,0.5047890077066537,0.7809002900811626,0.3745999962249522,0.25605063490647845,0.6159143650912026,
context,5,microsomal_clearance,residual_memory,shuffled_history,4,674,378,0.4642550909488544,0.47314399376089455,0.7319459741341198,0.3514956936109632,0.26389585637031837,0.6197675368595986,
context,5,microsomal_clearance,residual_memory,shuffled_history,9,311,183,0.49616635236230244,0.4579976196550277,0.7098124031303606,0.34486960445921006,0.2821852688945459,0.6227587606536402,
context,5,permeability,fnn,observed,0,319,253,0.12662527394656642,0.7489954879509236,0.9345451974374667,0.5435368960942178,0.2701717783183626,0.6216717254648289,
context,5,permeability,fnn,observed,1,319,253,0.12662527394656642,0.7489954879509236,0.9345451974374667,0.5435368960942178,0.2701717783183626,0.6216717254648289,
context,5,permeability,fnn,observed,2,200,163,0.14716352421939694,0.7155638256099779,0.9234914595060438,0.5330189119915167,0.2606699901010703,0.6156889770723104,
context,5,permeability,fnn,observed,4,200,163,0.14716352421939694,0.7155638256099779,0.9234914595060438,0.5330189119915167,0.2606699901010703,0.6156889770723104,
context,5,permeability,fnn,observed,9,72,62,0.1398097987636996,0.7491114615422542,0.9274643935140047,0.5575064165697055,0.26851748671658615,0.6090404541446208,
context,5,permeability,fnn_anchor,expected,0,319,253,0.12662527394656642,0.7489954879509236,0.9345451974374667,0.5435368960942178,0.2701717783183626,0.6216717254648289,
context,5,permeability,fnn_anchor,expected,1,319,253,0.09056389002312526,0.7643019868668105,0.9536435969359175,0.5599242097075259,0.27092236577268286,0.6221662990053795,
context,5,permeability,fnn_anchor,expected,2,200,163,0.09576356298804956,0.736811669473793,0.9509134750396329,0.5547373504188325,0.26585280076897255,0.6177500440917107,
context,5,permeability,fnn_anchor,expected,4,200,163,0.08442045734980053,0.7414186973993973,0.9568592073289568,0.5591033947007523,0.2647993165471212,0.6171858024691358,
context,5,permeability,fnn_anchor,expected,9,72,62,0.07249781144238776,0.7778693650221653,0.9630691504547387,0.5876459776306593,0.27803845516992387,0.6133386610817166,
context,5,permeability,fnn_anchor,observed,0,319,253,0.12662527394656642,0.7489954879509236,0.9345451974374667,0.5435368960942178,0.2701717783183626,0.6216717254648289,
context,5,permeability,fnn_anchor,observed,1,319,253,0.34536083181354327,0.648455061692993,0.8090977494632257,0.4765842047251193,0.27092236577268286,0.6221662990053795,
context,5,permeability,fnn_anchor,observed,2,200,163,0.43270592125790697,0.5836058265551477,0.7531892715261503,0.4417548967272872,0.26585280076897255,0.6177500440917107,
context,5,permeability,fnn_anchor,observed,4,200,163,0.4860894388833984,0.5554682820528675,0.7168755548326373,0.42257096093363233,0.2647993165471212,0.6171858024691358,
context,5,permeability,fnn_anchor,observed,9,72,62,0.5249247396943223,0.5567117708050907,0.6892570350063013,0.42642033629947235,0.27803845516992387,0.6133386610817166,
context,5,permeability,fnn_ridge,expected,0,319,253,0.12662527394656642,0.7489954879509236,0.9345451974374667,0.5435368960942178,0.2701717783183626,0.6216717254648289,
context,5,permeability,fnn_ridge,expected,1,319,253,0.12662527394656642,0.7489954879509236,0.9345451974374667,0.5435368960942178,0.2701717783183626,0.6216717254648289,
context,5,permeability,fnn_ridge,expected,2,200,163,0.14716352421939694,0.7155638256099779,0.9234914595060438,0.5330189119915167,0.2606699901010703,0.6156889770723104,
context,5,permeability,fnn_ridge,expected,4,200,163,0.14716352421939694,0.7155638256099779,0.9234914595060438,0.5330189119915167,0.2606699901010703,0.6156889770723104,
context,5,permeability,fnn_ridge,expected,9,72,62,0.1398097987636996,0.7491114615422542,0.9274643935140047,0.5575064165697055,0.26851748671658615,0.6090404541446208,
context,5,permeability,fnn_ridge,observed,0,319,253,0.12662527394656642,0.7489954879509236,0.9345451974374667,0.5435368960942178,0.2701717783183626,0.6216717254648289,
context,5,permeability,fnn_ridge,observed,1,319,253,0.3633119757887344,0.6395024784664954,0.7979273301568668,0.4668437654618985,0.27029870651762816,0.6216887263438987,
context,5,permeability,fnn_ridge,observed,2,200,163,0.45586555563763675,0.5715689168791835,0.7376546918188505,0.4301368316366026,0.26116389072051754,0.61592442680776,
context,5,permeability,fnn_ridge,observed,4,200,163,0.5118540139581793,0.5413652250041218,0.6986744492550309,0.40939625359844,0.2617428982504816,0.6162491622574955,
context,5,permeability,fnn_ridge,observed,9,72,62,0.5535724017602185,0.5396655729349253,0.6681523765128592,0.40995455155494037,0.2733469323531069,0.611130768665491,
context,5,permeability,memory,expected,0,319,253,0.006713171708869314,0.7987598553538364,0.9966377618227852,0.5927494536838759,0.22993203769820053,0.6030918240975711,
context,5,permeability,memory,expected,1,319,253,-0.0012120669514739113,0.801940097583125,1.0006058499486568,0.5945353056841799,0.22947749225050618,0.602884579235154,
context,5,permeability,memory,expected,2,200,163,0.013445040903759642,0.7696196291177907,0.99325473021589,0.5815065168564518,0.24008952143388215,0.6057397927689594,
context,5,permeability,memory,expected,4,200,163,0.012622111642850431,0.7699405491471396,0.9936689027825866,0.5816159616704616,0.23949454870737263,0.6054715828924162,
context,5,permeability,memory,expected,9,72,62,0.002288597823258076,0.8067735735539404,0.9988550456281141,0.604376099396635,0.28724082924977495,0.6173370443856554,
context,5,permeability,memory,observed,0,319,253,0.006713171708869314,0.7987598553538364,0.9966377618227852,0.5927494536838759,0.22993203769820053,0.6030918240975711,
context,5,permeability,memory,observed,1,319,253,0.2734539202439388,0.6831411922313352,0.8523767240815889,0.5025171989780172,0.22957153613126952,0.6029054778767423,
context,5,permeability,memory,observed,2,200,163,0.4126455404799323,0.5938347788030927,0.7663905398163966,0.4494999308162265,0.2423215881132141,0.6067001543209877,
context,5,permeability,memory,observed,4,200,163,0.4736927081472968,0.5621279599283782,0.7254703935052782,0.4266161127251056,0.2458275518246271,0.6082019620811288,
context,5,permeability,memory,observed,9,72,62,0.5184816699294705,0.5604741777029602,0.6939152182151141,0.421260282655281,0.297467700926656,0.6217855305702528,
context,5,permeability,memory,shuffled_history,0,319,253,0.020661656260739902,0.7931316316827537,0.9896152503570568,0.5871910480230538,0.2301070912364385,0.603183518269725,
context,5,permeability,memory,shuffled_history,1,319,253,0.28111082593572756,0.6795319220494277,0.8478733243027949,0.4991477984239294,0.2301893073430817,0.6032317012489427,
context,5,permeability,memory,shuffled_history,2,200,163,0.41754916352903637,0.5913507207793627,0.7631846673453049,0.44739428511295043,0.24342715737278817,0.6071346781305115,
context,5,permeability,memory,shuffled_history,4,200,163,0.47763602723164966,0.5600181491807071,0.7227475166116798,0.425007825863113,0.24622807321904433,0.6082300925925925,
context,5,permeability,memory,shuffled_history,9,72,62,0.5238257161434101,0.5573553382087247,0.6900538267820778,0.4194483266315526,0.2980352373345306,0.6219365446796002,
context,5,permeability,residual_memory,expected,0,319,253,0.061882862116055204,0.7762603904792968,0.9685644727553994,0.5682204789443325,0.24880873375622764,0.6125799317753341,
context,5,permeability,residual_memory,expected,1,319,253,0.057859201926454995,0.7779233310278494,0.970639375913395,0.5697589553938286,0.2473101698797256,0.6118844714247014,
context,5,permeability,residual_memory,expected,2,200,163,0.08875089881244058,0.7396632651721196,0.9545936838192255,0.5543089348799652,0.25366494646295906,0.6132566137566137,
context,5,permeability,residual_memory,expected,4,200,163,0.08889247477850992,0.7396058041502628,0.9545195258461139,0.5542237893411683,0.2532866489142179,0.6131044973544973,
context,5,permeability,residual_memory,expected,9,72,62,0.08817802648502349,0.7712660651450575,0.9548936974946355,0.5789159816048212,0.26497140678197695,0.6093283362727807,
context,5,permeability,residual_memory,observed,0,319,253,0.061882862116055204,0.7762603904792968,0.9685644727553994,0.5682204789443325,0.24880873375622764,0.6125799317753341,
context,5,permeability,residual_memory,observed,1,319,253,0.31912830859375374,0.6613198070910881,0.8251494963982262,0.4815922463186233,0.24742095387834548,0.6118516307022054,
context,5,permeability,residual_memory,observed,2,200,163,0.4425276634246226,0.5785316918235337,0.746640701124294,0.4359461553775188,0.25700862931874063,0.6150881172839506,
context,5,permeability,residual_memory,observed,4,200,163,0.49985898643240145,0.547976240896671,0.7072064858070792,0.41292433631478076,0.2626174022662971,0.6169655423280423,
context,5,permeability,residual_memory,observed,9,72,62,0.5507305886930363,0.541380515934678,0.6702756233870987,0.41048711684428985,0.2927139541410186,0.6211798206937096,
context,5,permeability,residual_memory,shuffled_history,0,319,253,0.0649659717707386,0.7749837559155001,0.9669715757090596,0.5670575328843648,0.24972103401338627,0.6127857253431965,
context,5,permeability,residual_memory,shuffled_history,1,319,253,0.3209906953713455,0.6604147344799126,0.8240202088715146,0.48088602844325967,0.24830519891431918,0.612096899481957,
context,5,permeability,residual_memory,shuffled_history,2,200,163,0.4456423609868566,0.5769132480517918,0.7445519720027228,0.43468757522536644,0.2582474582218738,0.615386574074074,
context,5,permeability,residual_memory,shuffled_history,4,200,163,0.5020254544573708,0.5467881145605574,0.7056731152188166,0.4121646081719133,0.26324500924748956,0.6174141975308641,
context,5,permeability,residual_memory,shuffled_history,9,72,62,0.5527864565402651,0.5401404103587839,0.6687402660672788,0.4092933828452671,0.29556487117790514,0.62236221340388,
context,5,protein_binding,fnn,observed,0,413,183,0.11755229645814935,1.016171968407803,0.9393868763943057,0.6267618209735373,0.34386166506790217,0.6559849960071913,
context,5,protein_binding,fnn,observed,1,413,183,0.11755229645814935,1.016171968407803,0.9393868763943057,0.6267618209735373,0.34386166506790217,0.6559849960071913,
context,5,protein_binding,fnn,observed,2,177,93,0.10771500718987193,0.9519921012522401,0.9446083806584229,0.621213978548246,0.35108343963938216,0.6582132643808726,
context,5,protein_binding,fnn,observed,4,177,93,0.10771500718987193,0.9519921012522401,0.9446083806584229,0.621213978548246,0.35108343963938216,0.6582132643808726,
context,5,protein_binding,fnn,observed,9,44,29,0.08622319980651594,0.8886964757642662,0.9559167328766057,0.5919080607051199,0.41492878666824917,0.6760551948051948,
context,5,protein_binding,fnn_anchor,expected,0,413,183,0.11755229645814935,1.016171968407803,0.9393868763943057,0.6267618209735373,0.34386166506790217,0.6559849960071913,
context,5,protein_binding,fnn_anchor,expected,1,413,183,0.07531195174049787,1.0402083701796387,0.9616070134205044,0.6530999110850766,0.34472174804226213,0.6566747697195637,
context,5,protein_binding,fnn_anchor,expected,2,177,93,0.049828810672204016,0.9823867122241186,0.9747672487972685,0.6562932037855383,0.35342671643272544,0.6596651022828047,
context,5,protein_binding,fnn_anchor,expected,4,177,93,0.03529923943622848,0.9898693135793566,0.9821918145473274,0.6643007407472595,0.3526016641986715,0.6592482238762841,
context,5,protein_binding,fnn_anchor,expected,9,44,29,0.003479200510897562,0.928061118297786,0.9982588840020922,0.6325926631282677,0.41154042427343396,0.6743635762385762,
context,5,protein_binding,fnn_anchor,observed,0,413,183,0.11755229645814935,1.016171968407803,0.9393868763943057,0.6267618209735373,0.34386166506790217,0.6559849960071913,
context,5,protein_binding,fnn_anchor,observed,1,413,183,0.34989704319490456,0.8721954013916619,0.8062896234016009,0.5512440842018433,0.34469220603678635,0.6566344145944629,
context,5,protein_binding,fnn_anchor,observed,2,177,93,0.40394397923751557,0.7780815013822284,0.7720466441624395,0.5166144897064284,0.3534956477788357,0.6596964896023276,
context,5,protein_binding,fnn_anchor,observed,4,177,93,0.45178941569452213,0.7462000241681126,0.7404124420250364,0.4954586311222544,0.3526016641986715,0.6592482238762841,
context,5,protein_binding,fnn_anchor,observed,9,44,29,0.4448963237931066,0.6926605379865132,0.7450528009523173,0.44206290404001874,0.41154042427343396,0.6743635762385762,
context,5,protein_binding,fnn_ridge,expected,0,413,183,0.11755229645814935,1.016171968407803,0.9393868763943057,0.6267618209735373,0.34386166506790217,0.6559849960071913,
context,5,protein_binding,fnn_ridge,expected,1,413,183,0.11755229645814935,1.016171968407803,0.9393868763943057,0.6267618209735373,0.34386166506790217,0.6559849960071913,
context,5,protein_binding,fnn_ridge,expected,2,177,93,0.10771500718987193,0.9519921012522401,0.9446083806584229,0.621213978548246,0.35108343963938216,0.6582132643808726,
context,5,protein_binding,fnn_ridge,expected,4,177,93,0.10771500718987193,0.9519921012522401,0.9446083806584229,0.621213978548246,0.35108343963938216,0.6582132643808726,
context,5,protein_binding,fnn_ridge,expected,9,44,29,0.08622319980651594,0.8886964757642662,0.9559167328766057,0.5919080607051199,0.41492878666824917,0.6760551948051948,
context,5,protein_binding,fnn_ridge,observed,0,413,183,0.11755229645814935,1.016171968407803,0.9393868763943057,0.6267618209735373,0.34386166506790217,0.6559849960071913,
context,5,protein_binding,fnn_ridge,observed,1,413,183,0.2906662516501256,0.9110622110631699,0.8422195369082068,0.566609582317302,0.3438213099428013,0.6559849960071913,
context,5,protein_binding,fnn_ridge,observed,2,177,93,0.39388613335324507,0.7846187109376379,0.7785331506408413,0.5200057858948953,0.35108343963938216,0.6582132643808726,
context,5,protein_binding,fnn_ridge,observed,4,177,93,0.45668685516660623,0.7428594575866515,0.7370977851231095,0.489617260734633,0.35094341978659477,0.6581714146215087,
context,5,protein_binding,fnn_ridge,observed,9,44,29,0.4451586203026171,0.6924968713452097,0.7448767547033421,0.42670699218908936,0.41504734314018576,0.6762151274651274,
context,5,protein_binding,memory,expected,0,413,183,0.09038326900259563,1.031696463524734,0.9537382927183978,0.6525912312162855,0.3429864410589508,0.6539172976158448,
context,5,protein_binding,memory,expected,1,413,183,0.09584695787976638,1.028593311176165,0.9508696241442534,0.6493934842601783,0.3432235263611646,0.6540823052384795,
context,5,protein_binding,memory,expected,2,177,93,0.08715529575370418,0.9628973708043848,0.9554290681397002,0.6410353550777934,0.3526910100326882,0.6582636086449646,
context,5,protein_binding,memory,expected,4,177,93,0.0860069249475931,0.963502849303151,0.9560298505028004,0.6408559372501971,0.3519827176613281,0.6582165276656801,
context,5,protein_binding,memory,expected,9,44,29,0.06532711327236418,0.8988003161135708,0.966784819247611,0.6092189453768008,0.37160401812500576,0.6580167748917749,
context,5,protein_binding,memory,observed,0,413,183,0.09038326900259563,1.031696463524734,0.9537382927183978,0.6525912312162855,0.3429864410589508,0.6539172976158448,
context,5,protein_binding,memory,observed,1,413,183,0.36132733498316005,0.8644938067747305,0.799169985057522,0.5511650547752834,0.34278532652725124,0.653841519658711,
context,5,protein_binding,memory,observed,2,177,93,0.4132126089273759,0.7720082425609552,0.7660204899822355,0.5107626678717451,0.3486443413691835,0.656498669775506,
context,5,protein_binding,memory,observed,4,177,93,0.4558842001595014,0.743407980857848,0.7376420540075644,0.4881731355732818,0.3474943554381821,0.6554341414322582,
context,5,protein_binding,memory,observed,9,44,29,0.4063580984139372,0.7163011821727361,0.7704816036649174,0.44537195143826075,0.37075125544303744,0.6568698893698893,
context,5,protein_binding,memory,shuffled_history,0,413,183,0.09561536263645509,1.028725037805629,0.950991397102805,0.649966872316841,0.3422379292257295,0.653572111832806,
context,5,protein_binding,memory,shuffled_history,1,413,183,0.3661285056137832,0.8612382954786435,0.7961604702484398,0.5494603476577752,0.34263295871913335,0.6537891327277928,
context,5,protein_binding,memory,shuffled_history,2,177,93,0.41498324526705266,0.7708425915762116,0.7648638798720642,0.5103301112003956,0.3505768630723999,0.6573210175470062,
context,5,protein_binding,memory,shuffled_history,4,177,93,0.4576758559927995,0.7421830306770193,0.7364266046302241,0.48775595124944227,0.34846956719402244,0.6562079135902111,
context,5,protein_binding,memory,shuffled_history,9,44,29,0.4134761267926724,0.7119938478831948,0.7658484662172587,0.44427940740729815,0.36984413354516477,0.6564520202020202,
context,5,protein_binding,residual_memory,expected,0,413,183,0.07768798567532054,1.0388710758663207,0.9603707691952518,0.6555563241648664,0.3307084957805738,0.6511498007866046,
context,5,protein_binding,residual_memory,expected,1,413,183,0.07063445968739712,1.0428359746169562,0.9640360679521295,0.6584219306538206,0.32907698009337,0.6503397837477741,
context,5,protein_binding,residual_memory,expected,2,177,93,0.0649700177371163,0.9745279942591036,0.9669694836254574,0.6455171119969406,0.33532569791509287,0.6521539921681164,
context,5,protein_binding,residual_memory,expected,4,177,93,0.06461433117103177,0.9747133324645009,0.9671533843341336,0.6456411596513438,0.33554871302636236,0.6522732639823035,
context,5,protein_binding,residual_memory,expected,9,44,29,0.0435710318641066,0.9092006862732085,0.977971864695449,0.6145046394024832,0.398208507061983,0.6710350529100528,
context,5,protein_binding,residual_memory,observed,0,413,183,0.07768798567532054,1.0388710758663207,0.9603707691952518,0.6555563241648664,0.3307084957805738,0.6511498007866046,
context,5,protein_binding,residual_memory,observed,1,413,183,0.3350083871513898,0.8821263717877348,0.8154701790063265,0.5534126775444981,0.32916116538336027,0.6503301433567777,
context,5,protein_binding,residual_memory,observed,2,177,93,0.4093467805546759,0.7745471110290336,0.768539666800175,0.5098047338258673,0.3308207013615297,0.6493379517532061,
context,5,protein_binding,residual_memory,observed,4,177,93,0.45302118782198353,0.7453612358391708,0.7395801593999236,0.4874394808132002,0.33425838027916815,0.6506476997578692,
context,5,protein_binding,residual_memory,observed,9,44,29,0.4211139829225874,0.7073427781393012,0.7608455934533712,0.44300361277479117,0.4014499447205001,0.6728360990860991,
context,5,protein_binding,residual_memory,shuffled_history,0,413,183,0.07755267874530125,1.0389472763812972,0.960441211763999,0.6554488112245087,0.3310306069263543,0.6512654854785606,
context,5,protein_binding,residual_memory,shuffled_history,1,413,183,0.334422646858353,0.882514785130017,0.8158292426369914,0.5535070608240168,0.3288431300365038,0.6502617638392456,
context,5,protein_binding,residual_memory,shuffled_history,2,177,93,0.40919074527346966,0.774649411915198,0.7686411742331596,0.5097786851300247,0.32987875457959653,0.6489644426508833,
context,5,protein_binding,residual_memory,shuffled_history,4,177,93,0.45293344657454915,0.7454210153961706,0.7396394753022927,0.48737169583827933,0.33370449475736247,0.6504933787702148,
context,5,protein_binding,residual_memory,shuffled_history,9,44,29,0.42112867880816784,0.7073337996062212,0.7608359357915687,0.44292757412249395,0.4024802870578086,0.6732834295334293,
context,8,cellular_clearance,fnn,observed,0,186,105,-0.028469922800533176,0.6449489037351003,1.0141350614195987,0.4856812003083981,0.15665605437140237,0.5700027362597767,
context,8,cellular_clearance,fnn,observed,1,186,105,-0.028469922800533176,0.6449489037351003,1.0141350614195987,0.4856812003083981,0.15665605437140237,0.5700027362597767,
context,8,cellular_clearance,fnn,observed,2,186,105,-0.028469922800533176,0.6449489037351003,1.0141350614195987,0.4856812003083981,0.15665605437140237,0.5700027362597767,
context,8,cellular_clearance,fnn,observed,4,186,105,-0.028469922800533176,0.6449489037351003,1.0141350614195987,0.4856812003083981,0.15665605437140237,0.5700027362597767,
context,8,cellular_clearance,fnn,observed,9,79,53,-0.05440832159345588,0.6375051319260061,1.026843864272196,0.49041574155165185,0.15825548274319676,0.5672245902580441,
context,8,cellular_clearance,fnn_anchor,expected,0,186,105,-0.028469922800533176,0.6449489037351003,1.0141350614195987,0.4856812003083981,0.15665605437140237,0.5700027362597767,
context,8,cellular_clearance,fnn_anchor,expected,1,186,105,-0.06601420112622658,0.6566153123387595,1.0324796371484652,0.4977209028293653,0.1552132248254524,0.5698154413099369,
context,8,cellular_clearance,fnn_anchor,expected,2,186,105,-0.08107037014968088,0.6612360050623611,1.0397453390853362,0.5019746262387883,0.15506401500344247,0.569718083967956,
context,8,cellular_clearance,fnn_anchor,expected,4,186,105,-0.08972846280409197,0.6638785830697882,1.0439006000592643,0.5047768540767199,0.158431348231773,0.5718553940891371,
context,8,cellular_clearance,fnn_anchor,expected,9,79,53,-0.11664341522792321,0.656049377026796,1.0567134972299366,0.5085195554912343,0.16385365934061588,0.5704810700651569,
context,8,cellular_clearance,fnn_anchor,observed,0,186,105,-0.028469922800533176,0.6449489037351003,1.0141350614195987,0.4856812003083981,0.15665605437140237,0.5700027362597767,
context,8,cellular_clearance,fnn_anchor,observed,1,186,105,0.2396918563793956,0.5545290881778562,0.8719565032847707,0.422163710267135,0.1552132248254524,0.5698154413099369,
context,8,cellular_clearance,fnn_anchor,observed,2,186,105,0.3177245022306503,0.5253024164908849,0.8259996959862332,0.4000231471672885,0.15506401500344247,0.569718083967956,
context,8,cellular_clearance,fnn_anchor,observed,4,186,105,0.3867142379571693,0.49803624759244464,0.7831256361803198,0.3824440072159969,0.158431348231773,0.5718553940891371,
context,8,cellular_clearance,fnn_anchor,observed,9,79,53,0.4026794293565855,0.47982515079288773,0.772865169769873,0.37279093915274375,0.16385365934061588,0.5704810700651569,
context,8,cellular_clearance,fnn_ridge,expected,0,186,105,-0.028469922800533176,0.6449489037351003,1.0141350614195987,0.4856812003083981,0.15665605437140237,0.5700027362597767,
context,8,cellular_clearance,fnn_ridge,expected,1,186,105,-0.028469922800533176,0.6449489037351003,1.0141350614195987,0.4856812003083981,0.15665605437140237,0.5700027362597767,
context,8,cellular_clearance,fnn_ridge,expected,2,186,105,-0.028469922800533176,0.6449489037351003,1.0141350614195987,0.4856812003083981,0.15665605437140237,0.5700027362597767,
context,8,cellular_clearance,fnn_ridge,expected,4,186,105,-0.028469922800533176,0.6449489037351003,1.0141350614195987,0.4856812003083981,0.15665605437140237,0.5700027362597767,
context,8,cellular_clearance,fnn_ridge,expected,9,79,53,-0.05440832159345588,0.6375051319260061,1.026843864272196,0.49041574155165185,0.15825548274319676,0.5672245902580441,
context,8,cellular_clearance,fnn_ridge,observed,0,186,105,-0.028469922800533176,0.6449489037351003,1.0141350614195987,0.4856812003083981,0.15665605437140237,0.5700027362597767,
context,8,cellular_clearance,fnn_ridge,observed,1,186,105,0.20247804177695083,0.5679378798261645,0.893040849134601,0.42505972665252795,0.15646869550905912,0.569891724710593,
context,8,cellular_clearance,fnn_ridge,observed,2,186,105,0.27514810638051446,0.5414447537934959,0.8513823427928756,0.4041752515224074,0.1566484855471835,0.5699968336597881,
context,8,cellular_clearance,fnn_ridge,observed,4,186,105,0.34908162044321267,0.5130890879668829,0.8067951286149336,0.3853673801060183,0.15676381395985714,0.5701027959969333,
context,8,cellular_clearance,fnn_ridge,observed,9,79,53,0.37330947298732353,0.4914799866418248,0.79163787618625,0.3769584264232136,0.1591647090498982,0.5677970569381058,
context,8,cellular_clearance,memory,expected,0,186,105,-0.0779479901461122,0.6602804136987713,1.0382427414367568,0.49767385630339844,0.1809241191787163,0.5809330374921773,
context,8,cellular_clearance,memory,expected,1,186,105,-0.11034141713032208,0.670128025651124,1.0537273922273835,0.5074648567775472,0.1825469452764741,0.5819715158066413,
context,8,cellular_clearance,memory,expected,2,186,105,-0.11027104586995362,0.6701067896149548,1.053694000111016,0.5071271412472799,0.1791426861051269,0.5808399707951679,
context,8,cellular_clearance,memory,expected,4,186,105,-0.11161289387075679,0.6705116051511554,1.0543305429848633,0.507354294595519,0.17566877298580358,0.5790007775312433,
context,8,cellular_clearance,memory,expected,9,79,53,-0.11720121135176331,0.6562132145179367,1.0569773939643947,0.5069779105956042,0.16477099019058775,0.5718526890362334,
context,8,cellular_clearance,memory,observed,0,186,105,-0.0779479901461122,0.6602804136987713,1.0382427414367568,0.49767385630339844,0.1809241191787163,0.5809330374921773,
context,8,cellular_clearance,memory,observed,1,186,105,0.1624117882055801,0.5820292213756085,0.9151984548688988,0.4397282138112554,0.17805988041930626,0.5799530162522993,
context,8,cellular_clearance,memory,observed,2,186,105,0.2615323336283485,0.54650640155005,0.8593414143235805,0.4115550061408764,0.16802748446444707,0.575529029413438,
context,8,cellular_clearance,memory,observed,4,186,105,0.3372815805064596,0.5177189144845964,0.8140751927761589,0.39165768358275616,0.17150876760147285,0.5775555650376438,
context,8,cellular_clearance,memory,observed,9,79,53,0.3522898780840803,0.49965428329676675,0.8048043997866312,0.3854147973901863,0.17795815533490497,0.5774320206282231,
context,8,cellular_clearance,memory,shuffled_history,0,186,105,-0.0722309597108215,0.6585271465378636,1.0354858568376593,0.49602466803778456,0.17743433475990963,0.5793730443192808,
context,8,cellular_clearance,memory,shuffled_history,1,186,105,0.1662321374716874,0.5807003486924881,0.9131088995997754,0.43862935069156206,0.17613406321891664,0.5789243044888205,
context,8,cellular_clearance,memory,shuffled_history,2,186,105,0.2646814929280673,0.5453398816493489,0.8575071469509351,0.41057493544402873,0.1663781376182545,0.5747930297168647,
context,8,cellular_clearance,memory,shuffled_history,4,186,105,0.3401287789835955,0.5166055946426039,0.812324578611533,0.39074939969074746,0.16870681157474143,0.5760099135233544,
context,8,cellular_clearance,memory,shuffled_history,9,79,53,0.35530940551425383,0.4984882661002982,0.80292626964482,0.38445546150962,0.1774191095805048,0.5771542428504454,
context,8,cellular_clearance,residual_memory,expected,0,186,105,0.002158746364250841,0.6352727674940539,0.9989200436650318,0.47690120504984324,0.2283616915276523,0.6021612083702458,
context,8,cellular_clearance,residual_memory,expected,1,186,105,0.0005890353769649748,0.6357722471327938,0.999705438928405,0.47713798612320585,0.22840411211595252,0.6021126126675281,
context,8,cellular_clearance,residual_memory,expected,2,186,105,0.0009759736672716457,0.6356491604092999,0.9995118940426514,0.4770112334794432,0.2276100774030013,0.6017843427693658,
context,8,cellular_clearance,residual_memory,expected,4,186,105,0.001344649356573302,0.6355318609195376,0.9993274491593968,0.47692319027492003,0.22775723203783976,0.6018513337234536,
context,8,cellular_clearance,residual_memory,expected,9,79,53,0.013120995046955186,0.6167529390021907,0.9934178400617963,0.4703360715018043,0.24974476182132838,0.6081449190083908,
context,8,cellular_clearance,residual_memory,observed,0,186,105,0.002158746364250841,0.6352727674940539,0.9989200436650318,0.47690120504984324,0.2283616915276523,0.6021612083702458,
context,8,cellular_clearance,residual_memory,observed,1,186,105,0.20836701935471724,0.5658371411141966,0.8897375908914283,0.4199188940823879,0.22828098718074188,0.602041591825898,
context,8,cellular_clearance,residual_memory,observed,2,186,105,0.33545772049294464,0.5184308292497806,0.8151946267653236,0.3844625571010726,0.2261767356542626,0.6008834732618654,
context,8,cellular_clearance,residual_memory,observed,4,186,105,0.4299868638494103,0.4801444832631101,0.7549921431052046,0.35757234765452595,0.22869978250131673,0.6021321694747194,
context,8,cellular_clearance,residual_memory,observed,9,79,53,0.4743969592745628,0.4500991650631683,0.7249848555145392,0.34100539092650395,0.25582296076515065,0.6097074399380005,
context,8,cellular_clearance,residual_memory,shuffled_history,0,186,105,0.002370788651821387,0.6352052658512116,0.9988139022601651,0.4768250132341431,0.2278469410005345,0.6019404653538037,
context,8,cellular_clearance,residual_memory,shuffled_history,1,186,105,0.20849887587987215,0.5657900154713189,0.8896634892587916,0.4198734066043863,0.22842121529520326,0.6021282107028395,
context,8,cellular_clearance,residual_memory,shuffled_history,2,186,105,0.33553641145213875,0.5184001336655749,0.8151463602003393,0.3844332404222379,0.22641536629050726,0.6010604090301991,
context,8,cellular_clearance,residual_memory,shuffled_history,4,186,105,0.4300352414098021,0.48012410766987035,0.7549601039725198,0.35754906053391144,0.22807261474296403,0.6018842602751973,
context,8,cellular_clearance,residual_memory,shuffled_history,9,79,53,0.47446600532430616,0.450069600365451,0.7249372349905154,0.34098206855199503,0.2559073489709244,0.609826989867677,
context,8,efflux,fnn,observed,0,139,114,0.1109210374285774,0.6899308618389219,0.9429098379863382,0.5183160332855966,0.250470733029141,0.6129248664560414,
context,8,efflux,fnn,observed,1,139,114,0.1109210374285774,0.6899308618389219,0.9429098379863382,0.5183160332855966,0.250470733029141,0.6129248664560414,
context,8,efflux,fnn,observed,2,139,114,0.1109210374285774,0.6899308618389219,0.9429098379863382,0.5183160332855966,0.250470733029141,0.6129248664560414,
context,8,efflux,fnn,observed,4,139,114,0.1109210374285774,0.6899308618389219,0.9429098379863382,0.5183160332855966,0.250470733029141,0.6129248664560414,
context,8,efflux,fnn,observed,9,54,49,0.09075349459189297,0.7155115839488783,0.9535441811516167,0.5390186704262907,0.19385486707827188,0.5818178032529884,
context,8,efflux,fnn_anchor,expected,0,139,114,0.1109210374285774,0.6899308618389219,0.9429098379863382,0.5183160332855966,0.250470733029141,0.6129248664560414,
context,8,efflux,fnn_anchor,expected,1,139,114,0.08079410851329949,0.7015228230099928,0.9587522576175247,0.5287519215337402,0.2551205796193329,0.6159755053100376,
context,8,efflux,fnn_anchor,expected,2,139,114,0.07394652824502113,0.7041309550709705,0.9623167211240689,0.5317510720344183,0.25325529732260743,0.6147690736299848,
context,8,efflux,fnn_anchor,expected,4,139,114,0.06709342775419003,0.7067315530313713,0.9658708879792423,0.5347109325434997,0.253128958827983,0.6145768464593404,
context,8,efflux,fnn_anchor,expected,9,54,49,0.046492727650722765,0.7327196758035103,0.9764769696973284,0.5552469955053594,0.19896125142451052,0.5838871742112484,
context,8,efflux,fnn_anchor,observed,0,139,114,0.1109210374285774,0.6899308618389219,0.9429098379863382,0.5183160332855966,0.250470733029141,0.6129248664560414,
context,8,efflux,fnn_anchor,observed,1,139,114,0.2890013638740234,0.6169781570621669,0.8432073506119219,0.46512794833490356,0.2551205796193329,0.6159755053100376,
context,8,efflux,fnn_anchor,observed,2,139,114,0.3652259505700094,0.5829683633478495,0.7967270859146127,0.4413414568333721,0.25325529732260743,0.6147690736299848,
context,8,efflux,fnn_anchor,observed,4,139,114,0.43993448857210005,0.5475891319088465,0.7483752477386595,0.41603747036227645,0.253128958827983,0.6145768464593404,
context,8,efflux,fnn_anchor,observed,9,54,49,0.4601447567987542,0.5513336638316474,0.7347484217072165,0.4198970707901466,0.19896125142451052,0.5838871742112484,
context,8,efflux,fnn_ridge,expected,0,139,114,0.1109210374285774,0.6899308618389219,0.9429098379863382,0.5183160332855966,0.250470733029141,0.6129248664560414,
context,8,efflux,fnn_ridge,expected,1,139,114,0.1109210374285774,0.6899308618389219,0.9429098379863382,0.5183160332855966,0.250470733029141,0.6129248664560414,
context,8,efflux,fnn_ridge,expected,2,139,114,0.1109210374285774,0.6899308618389219,0.9429098379863382,0.5183160332855966,0.250470733029141,0.6129248664560414,
context,8,efflux,fnn_ridge,expected,4,139,114,0.1109210374285774,0.6899308618389219,0.9429098379863382,0.5183160332855966,0.250470733029141,0.6129248664560414,
context,8,efflux,fnn_ridge,expected,9,54,49,0.09075349459189297,0.7155115839488783,0.9535441811516167,0.5390186704262907,0.19385486707827188,0.5818178032529884,
context,8,efflux,fnn_ridge,observed,0,139,114,0.1109210374285774,0.6899308618389219,0.9429098379863382,0.5183160332855966,0.250470733029141,0.6129248664560414,
context,8,efflux,fnn_ridge,observed,1,139,114,0.306423394022615,0.6093721799111435,0.8328124674723506,0.45779171855067563,0.25092737982593044,0.6131866570235875,
context,8,efflux,fnn_ridge,observed,2,139,114,0.3827103419223039,0.5748835816187313,0.785677833515555,0.4330983439095014,0.2513598921535303,0.6133858310177255,
context,8,efflux,fnn_ridge,observed,4,139,114,0.46109045850368247,0.5371472313688073,0.7341045848489965,0.4047478420461872,0.2516641669594746,0.6134404539860175,
context,8,efflux,fnn_ridge,observed,9,54,49,0.4862192035908922,0.5378544705920045,0.7167850419819792,0.4075104734982237,0.19638567296673115,0.5828404859886341,
context,8,efflux,memory,expected,0,139,114,0.05475873182769109,0.7113883393352467,0.9722351917989335,0.5360485058606004,0.25858351701943516,0.6162844962125539,
context,8,efflux,memory,expected,1,139,114,0.03829137828875362,0.7175582464309465,0.9806674368567799,0.5401690876371951,0.25896596409064787,0.6165216398309924,
context,8,efflux,memory,expected,2,139,114,0.03713560903114477,0.7179892931755417,0.9812565367776437,0.5397799578467479,0.2585381998920993,0.6163264626394124,
context,8,efflux,memory,expected,4,139,114,0.036586328946097035,0.7181940577276374,0.9815363829496607,0.5396428206515349,0.259230316011049,0.6166347874081688,
context,8,efflux,memory,expected,9,54,49,0.020047427521607486,0.7428110876231521,0.9899255388555205,0.5559658958680099,0.2125654380446599,0.5872851753870272,
context,8,efflux,memory,observed,0,139,114,0.05475873182769109,0.7113883393352467,0.9722351917989335,0.5360485058606004,0.25858351701943516,0.6162844962125539,
context,8,efflux,memory,observed,1,139,114,0.2554444118015715,0.6313700387435495,0.862876345833184,0.4707326415410453,0.25882207920713773,0.6164976590156447,
context,8,efflux,memory,observed,2,139,114,0.3579374245973531,0.5863056554154145,0.8012880726696529,0.43709947362726775,0.26026946642815024,0.6162667009249744,
context,8,efflux,memory,observed,4,139,114,0.44297002414445374,0.5461031586775117,0.7463444083367586,0.40823482882514367,0.26810583736019916,0.6205291005291005,
context,8,efflux,memory,observed,9,54,49,0.45621394979979335,0.5533372153453532,0.7374185041075432,0.41455915320618647,0.2222083575080758,0.5922506368802664,
context,8,efflux,memory,shuffled_history,0,139,114,0.05869668693931196,0.7099049407212409,0.9702078710568617,0.5348257319984151,0.2580473925995765,0.616152125918313,
context,8,efflux,memory,shuffled_history,1,139,114,0.2577630256941653,0.6303862003126165,0.8615317604742351,0.47009122584834034,0.2586016158811806,0.6164727583012956,
context,8,efflux,memory,shuffled_history,2,139,114,0.36006331301342953,0.5853342128377512,0.7999604283879113,0.43636105704281347,0.25852920379576017,0.6153493395759582,
context,8,efflux,memory,shuffled_history,4,139,114,0.4443373643854407,0.54543248774742,0.7454278205262796,0.40776006426909367,0.2663439472324802,0.6198476456929695,
context,8,efflux,memory,shuffled_history,9,54,49,0.4569355342574737,0.5529699642181495,0.7369290778239967,0.41438447393017047,0.22434083416966008,0.592880658436214,
context,8,efflux,residual_memory,expected,0,139,114,0.0814208426554982,0.7012836256342215,0.9584253530372107,0.5287328289546889,0.24055857866577643,0.6099326887696191,
context,8,efflux,residual_memory,expected,1,139,114,0.07609523708851074,0.7033135880894102,0.9611996477899319,0.5310342991211527,0.24012884150167133,0.6098154492279192,
context,8,efflux,residual_memory,expected,2,139,114,0.07609587776609117,0.7033133442345542,0.9611993145200993,0.5307991886813102,0.2399278080009982,0.6097888038775328,
context,8,efflux,residual_memory,expected,4,139,114,0.07534464567737198,0.7035992203238983,0.9615900136350356,0.5308802055484124,0.23995178884707732,0.6097888038775328,
context,8,efflux,residual_memory,expected,9,54,49,0.039513019824330975,0.7353965533301834,0.9800443766359098,0.5524929391344389,0.173256616147212,0.574348912404468,
context,8,efflux,residual_memory,observed,0,139,114,0.0814208426554982,0.7012836256342215,0.9584253530372107,0.5287328289546889,0.24055857866577643,0.6099326887696191,
context,8,efflux,residual_memory,observed,1,139,114,0.24288351860128765,0.6366734728479294,0.8701244057022607,0.47231129465438576,0.23869635470483483,0.6091622574955907,
context,8,efflux,residual_memory,observed,2,139,114,0.3811080856867658,0.575629190952873,0.7866968376148681,0.430000952830215,0.24221044733381863,0.6099783982337939,
context,8,efflux,residual_memory,observed,4,139,114,0.47208991354398755,0.531637228198739,0.7265742126280098,0.39910119205355926,0.24787019920393194,0.6121517706469745,
context,8,efflux,residual_memory,observed,9,54,49,0.47797912455319613,0.5421504022170449,0.7225101213455793,0.4106891280982965,0.18261809963273049,0.5776050852439741,
context,8,efflux,residual_memory,shuffled_history,0,139,114,0.08183498572159964,0.7011255203193963,0.9582092747820804,0.5285603478695039,0.24149383047470052,0.6103323690254145,
context,8,efflux,residual_memory,shuffled_history,1,139,114,0.2430287697427861,0.636612397711676,0.8700409359663567,0.4722382609630755,0.23819275758574873,0.608794551660259,
context,8,efflux,residual_memory,shuffled_history,2,139,114,0.3812334329781324,0.5755708954637702,0.7866171667475022,0.42994842096585495,0.24228238978808067,0.609962411023562,
context,8,efflux,residual_memory,shuffled_history,4,139,114,0.47214749607035333,0.5316082328732755,0.7265345855013694,0.39907762552896653,0.24901146836590757,0.6126527032342381,
context,8,efflux,residual_memory,shuffled_history,9,54,49,0.47800658332648704,0.5421361432271712,0.7224911187506134,0.41070309554997053,0.18368938704837626,0.5779627180090142,
context,8,in_vivo_clearance,fnn,observed,0,84,67,-0.07366360999247945,0.6202725562933924,1.036177402760975,0.4566656483315601,0.02951151269768912,0.5130820105820105,
context,8,in_vivo_clearance,fnn,observed,1,84,67,-0.07366360999247945,0.6202725562933924,1.036177402760975,0.4566656483315601,0.02951151269768912,0.5130820105820105,
context,8,in_vivo_clearance,fnn,observed,2,84,67,-0.07366360999247945,0.6202725562933924,1.036177402760975,0.4566656483315601,0.02951151269768912,0.5130820105820105,
context,8,in_vivo_clearance,fnn,observed,4,84,67,-0.07366360999247945,0.6202725562933924,1.036177402760975,0.4566656483315601,0.02951151269768912,0.5130820105820105,
context,8,in_vivo_clearance,fnn,observed,9,20,16,-0.09596177449149645,0.5869623587038715,1.0468819295849443,0.45929069257775945,-0.012271731495857243,0.49355555555555564,
context,8,in_vivo_clearance,fnn_anchor,expected,0,84,67,-0.07366360999247945,0.6202725562933924,1.036177402760975,0.4566656483315601,0.02951151269768912,0.5130820105820105,
context,8,in_vivo_clearance,fnn_anchor,expected,1,84,67,-0.11227401500368694,0.6313269738467151,1.0546440228834026,0.4671078597273303,0.030574694266986276,0.5130776014109347,
context,8,in_vivo_clearance,fnn_anchor,expected,2,84,67,-0.1275626760970372,0.6356510890651389,1.0618675416910703,0.4715027811079626,0.03101738754009443,0.5132495590828924,
context,8,in_vivo_clearance,fnn_anchor,expected,4,84,67,-0.14315592090587725,0.6400312578977007,1.0691846991543965,0.4753866003542428,0.030190928972193172,0.5133509700176366,
context,8,in_vivo_clearance,fnn_anchor,expected,9,20,16,-0.20080222248933244,0.6143958723803414,1.0958112166287277,0.4815812231302262,-0.01787887774407864,0.48896296296296293,
context,8,in_vivo_clearance,fnn_anchor,observed,0,84,67,-0.07366360999247945,0.6202725562933924,1.036177402760975,0.4566656483315601,0.02951151269768912,0.5130820105820105,
context,8,in_vivo_clearance,fnn_anchor,observed,1,84,67,0.20217081117855662,0.5346916599622696,0.893212846314608,0.3971268821761959,0.030574694266986276,0.5130776014109347,
context,8,in_vivo_clearance,fnn_anchor,observed,2,84,67,0.27522018252027636,0.5096259044429639,0.8513400128501677,0.37897940082583953,0.03101738754009443,0.5132495590828924,
context,8,in_vivo_clearance,fnn_anchor,observed,4,84,67,0.35301956224900677,0.481497486401377,0.8043509419096824,0.35989121153280523,0.030190928972193172,0.5133509700176366,
context,8,in_vivo_clearance,fnn_anchor,observed,9,20,16,0.4020722992166843,0.43354769818006733,0.7732578488339551,0.3418838521242142,-0.01787887774407864,0.48896296296296293,
context,8,in_vivo_clearance,fnn_ridge,expected,0,84,67,-0.07366360999247945,0.6202725562933924,1.036177402760975,0.4566656483315601,0.02951151269768912,0.5130820105820105,
context,8,in_vivo_clearance,fnn_ridge,expected,1,84,67,-0.07366360999247945,0.6202725562933924,1.036177402760975,0.4566656483315601,0.02951151269768912,0.5130820105820105,
context,8,in_vivo_clearance,fnn_ridge,expected,2,84,67,-0.07366360999247945,0.6202725562933924,1.036177402760975,0.4566656483315601,0.02951151269768912,0.5130820105820105,
context,8,in_vivo_clearance,fnn_ridge,expected,4,84,67,-0.07366360999247945,0.6202725562933924,1.036177402760975,0.4566656483315601,0.02951151269768912,0.5130820105820105,
context,8,in_vivo_clearance,fnn_ridge,expected,9,20,16,-0.09596177449149645,0.5869623587038715,1.0468819295849443,0.45929069257775945,-0.012271731495857243,0.49355555555555564,
context,8,in_vivo_clearance,fnn_ridge,observed,0,84,67,-0.07366360999247945,0.6202725562933924,1.036177402760975,0.4566656483315601,0.02951151269768912,0.5130820105820105,
context,8,in_vivo_clearance,fnn_ridge,observed,1,84,67,0.22320037240186885,0.5275977732440509,0.8813623701963519,0.3902900665846688,0.029810678074875526,0.513179012345679,
context,8,in_vivo_clearance,fnn_ridge,observed,2,84,67,0.300547010653488,0.5006425004390608,0.836333061254015,0.36997768264047054,0.02981067807191895,0.5132186948853616,
context,8,in_vivo_clearance,fnn_ridge,observed,4,84,67,0.38316342245866464,0.4701468265392717,0.7853894432326777,0.3491755000588598,0.02949321774381494,0.5130599647266314,
context,8,in_vivo_clearance,fnn_ridge,observed,9,20,16,0.44016738194714555,0.4195093522492827,0.7482196322289696,0.3301940375566483,-0.013015236879388497,0.4932407407407407,
context,8,in_vivo_clearance,memory,expected,0,84,67,-0.0412263563074271,0.6108309385752223,1.0204049962183777,0.4444893396507809,-0.02451573659976323,0.4891490299823633,
context,8,in_vivo_clearance,memory,expected,1,84,67,-0.0693889463388675,0.6190365542028297,1.0341126371623488,0.4523855554342033,-0.02433535771533138,0.48953262786596125,
context,8,in_vivo_clearance,memory,expected,2,84,67,-0.06910416692710641,0.6189541236688274,1.033974935347616,0.4525550073608952,-0.021089710454855644,0.490163139329806,
context,8,in_vivo_clearance,memory,expected,4,84,67,-0.06805543777050715,0.618650470142635,1.0334676762098112,0.45233906986694494,-0.018846294115341847,0.4898104056437389,
context,8,in_vivo_clearance,memory,expected,9,20,16,-0.06112215157889156,0.5775575138144423,1.0301078349274368,0.4448491672575473,0.026037926326195403,0.5101666666666667,
context,8,in_vivo_clearance,memory,observed,0,84,67,-0.0412263563074271,0.6108309385752223,1.0204049962183777,0.4444893396507809,-0.02451573659976323,0.4891490299823633,
context,8,in_vivo_clearance,memory,observed,1,84,67,0.1846691875410178,0.5405244918538751,0.9029567057500499,0.39728561286474506,-0.02137154442746015,0.4907760141093474,
context,8,in_vivo_clearance,memory,observed,2,84,67,0.2637313351925862,0.5136491908790405,0.8580609913097168,0.37761769777173704,0.00533728191244697,0.5029805996472663,
context,8,in_vivo_clearance,memory,observed,4,84,67,0.3369371263510669,0.48744520805101044,0.8142867269266602,0.3590960999572324,0.01359547387867693,0.5059611992945326,
context,8,in_vivo_clearance,memory,observed,9,20,16,0.37916435487468825,0.441774729652338,0.7879312439073042,0.3442451450427373,0.06732472855597735,0.5277777777777777,
context,8,in_vivo_clearance,memory,shuffled_history,0,84,67,-0.04106067127176649,0.6107823374369452,1.0203238070689944,0.4444529504558594,-0.02310313080393133,0.48950176366843035,
context,8,in_vivo_clearance,memory,shuffled_history,1,84,67,0.18491185962810808,0.5404440459990973,0.9028223193806697,0.397209195916063,-0.02408619030777898,0.48996472663139334,
context,8,in_vivo_clearance,memory,shuffled_history,2,84,67,0.2639926996309191,0.5135580138705902,0.8579086783388317,0.37753254421725474,0.0055656772343412285,0.5030643738977071,
context,8,in_vivo_clearance,memory,shuffled_history,4,84,67,0.33716524348669186,0.4873613516216874,0.8141466431259838,0.35900491012486985,0.014132734479766994,0.5062169312169312,
context,8,in_vivo_clearance,memory,shuffled_history,9,20,16,0.3798533339571929,0.4415295294591384,0.7874939149243041,0.3440528309345245,0.06803359625240166,0.5285277777777777,
context,8,in_vivo_clearance,residual_memory,expected,0,84,67,-0.07797081237916359,0.6215154806720383,1.0382537321768526,0.45830750780800983,0.0339442284422971,0.5128042328042328,
context,8,in_vivo_clearance,residual_memory,expected,1,84,67,-0.08090774337680462,0.6223615641005212,1.0396671310457037,0.45909006557353443,0.032116080400726145,0.5119753086419753,
context,8,in_vivo_clearance,residual_memory,expected,2,84,67,-0.08063620031073837,0.6222833850961135,1.039536531494078,0.4590341501351859,0.03231449309913884,0.5121075837742504,
context,8,in_vivo_clearance,residual_memory,expected,4,84,67,-0.08066388760540644,0.6222913568969319,1.0395498485428232,0.45904063910107923,0.03191766770231345,0.5119753086419753,
context,8,in_vivo_clearance,residual_memory,expected,9,20,16,-0.1289859672771867,0.5957400805407492,1.0625375133505577,0.4647649813095729,-0.04068946585059167,0.4801018518518518,
context,8,in_vivo_clearance,residual_memory,observed,0,84,67,-0.07797081237916359,0.6215154806720383,1.0382537321768526,0.45830750780800983,0.0339442284422971,0.5128042328042328,
context,8,in_vivo_clearance,residual_memory,observed,1,84,67,0.18993642695554036,0.5387757016847703,0.9000353176650678,0.3962345130258688,0.033015296850649134,0.5123192239858906,
context,8,in_vivo_clearance,residual_memory,observed,2,84,67,0.28791869453546814,0.505141723496562,0.8438491011220738,0.37287865012411087,0.04723806610064847,0.5198148148148147,
context,8,in_vivo_clearance,residual_memory,observed,4,84,67,0.35850387465074307,0.4794523684583352,0.8009345324989159,0.35562501113782957,0.05689456611871718,0.5237345679012344,
context,8,in_vivo_clearance,residual_memory,observed,9,20,16,0.385337774622296,0.43957279862238935,0.7840039702563399,0.3432057697375615,-0.021086649112403384,0.4906574074074075,
context,8,in_vivo_clearance,residual_memory,shuffled_history,0,84,67,-0.07783394913930208,0.6214760244448978,1.0381878197798806,0.45827209093307386,0.03334899036479847,0.5124603174603175,
context,8,in_vivo_clearance,residual_memory,shuffled_history,1,84,67,0.19003184969172138,0.5387439677767993,0.8999823055528806,0.3962136249171283,0.03329307463847929,0.512358906525573,
context,8,in_vivo_clearance,residual_memory,shuffled_history,2,84,67,0.2879854545342384,0.5051180435803538,0.8438095433602073,0.37286225542012186,0.04735711371851346,0.5199074074074074,
context,8,in_vivo_clearance,residual_memory,shuffled_history,4,84,67,0.3585538372703757,0.4794336971353031,0.8009033416896351,0.3556129255557738,0.05610091531619667,0.5233906525573191,
context,8,in_vivo_clearance,residual_memory,shuffled_history,9,20,16,0.3854117550062268,0.4395463444646107,0.7839567877082085,0.34319165185093875,-0.02149682120730479,0.49040740740740746,
context,8,microsomal_clearance,fnn,observed,0,674,378,0.08624354457623351,0.6179161327348257,0.9559060913205683,0.4593699440264511,0.2523484505959456,0.613813831816384,
context,8,microsomal_clearance,fnn,observed,1,674,378,0.08624354457764438,0.6179161327343486,0.9559060913198303,0.45936994402409287,0.2523484505959456,0.613813831816384,
context,8,microsomal_clearance,fnn,observed,2,674,378,0.08624354457764438,0.6179161327343486,0.9559060913198303,0.45936994402409287,0.2523484505959456,0.613813831816384,
context,8,microsomal_clearance,fnn,observed,4,674,378,0.08624354457764438,0.6179161327343486,0.9559060913198303,0.45936994402409287,0.2523484505959456,0.613813831816384,
context,8,microsomal_clearance,fnn,observed,9,311,183,0.056511264438794284,0.6267408419875273,0.9713334831875229,0.47014068424669747,0.27114657930776664,0.6175023752206611,
context,8,microsomal_clearance,fnn_anchor,expected,0,674,378,0.08624354457623351,0.6179161327348257,0.9559060913205683,0.4593699440264511,0.2523484505959456,0.613813831816384,
context,8,microsomal_clearance,fnn_anchor,expected,1,674,378,0.05392591143040415,0.6287483798659327,0.9726633994191392,0.4703779963432927,0.25739240536097097,0.6161993284097902,
context,8,microsomal_clearance,fnn_anchor,expected,2,674,378,0.04212721011441056,0.6326568624894389,0.9787097577349423,0.4740460076025127,0.2559590995444564,0.6154087902653825,
context,8,microsomal_clearance,fnn_anchor,expected,4,674,378,0.032770569495946145,0.6357392954572688,0.9834782308236689,0.4769255005426034,0.2580328565041121,0.6165730653134243,
context,8,microsomal_clearance,fnn_anchor,expected,9,311,183,0.0018929868275663342,0.6446265528238823,0.9990530582368654,0.4872098915791587,0.2739217442040305,0.6189425002167117,
context,8,microsomal_clearance,fnn_anchor,observed,0,674,378,0.08624354457623351,0.6179161327348257,0.9559060913205683,0.4593699440264511,0.2523484505959456,0.613813831816384,
context,8,microsomal_clearance,fnn_anchor,observed,1,674,378,0.3093173407108145,0.5372217425591586,0.831073197311275,0.40269229463069456,0.25740795138723377,0.6162078065785057,
context,8,microsomal_clearance,fnn_anchor,observed,2,674,378,0.38804949483073825,0.505676130199639,0.7822726539827797,0.38037550391493613,0.2559490798647543,0.6154038446669652,
context,8,microsomal_clearance,fnn_anchor,observed,4,674,378,0.4486435262040619,0.47998818150164574,0.7425338199677763,0.36133237995050094,0.25804047764183774,0.616583780776662,
context,8,microsomal_clearance,fnn_anchor,observed,9,311,183,0.4844445552316371,0.4632946934974655,0.7180218971371018,0.35134050876413253,0.2739242501545085,0.6189371411599057,
context,8,microsomal_clearance,fnn_ridge,expected,0,674,378,0.08624354457623351,0.6179161327348257,0.9559060913205683,0.4593699440264511,0.2523484505959456,0.613813831816384,
context,8,microsomal_clearance,fnn_ridge,expected,1,674,378,0.08624354457764438,0.6179161327343486,0.9559060913198303,0.45936994402409287,0.2523484505959456,0.613813831816384,
context,8,microsomal_clearance,fnn_ridge,expected,2,674,378,0.08624354457764438,0.6179161327343486,0.9559060913198303,0.45936994402409287,0.2523484505959456,0.613813831816384,
context,8,microsomal_clearance,fnn_ridge,expected,4,674,378,0.08624354457764438,0.6179161327343486,0.9559060913198303,0.45936994402409287,0.2523484505959456,0.613813831816384,
context,8,microsomal_clearance,fnn_ridge,expected,9,311,183,0.056511264438794284,0.6267408419875273,0.9713334831875229,0.47014068424669747,0.27114657930776664,0.6175023752206611,
context,8,microsomal_clearance,fnn_ridge,observed,0,674,378,0.08624354457623351,0.6179161327348257,0.9559060913205683,0.4593699440264511,0.2523484505959456,0.613813831816384,
context,8,microsomal_clearance,fnn_ridge,observed,1,674,378,0.3236280105407371,0.5316271008301524,0.8224183786001277,0.3966520647409821,0.25258829718113196,0.6140148481499424,
context,8,microsomal_clearance,fnn_ridge,observed,2,674,378,0.4075689333367636,0.4975459749699698,0.7696954376006372,0.3724226372272385,0.25316095448878445,0.614235388476195,
context,8,microsomal_clearance,fnn_ridge,observed,4,674,378,0.4723102059045151,0.4695735783341198,0.7264226002097436,0.3516752127917932,0.2548794921181267,0.6150173163698933,
context,8,microsomal_clearance,fnn_ridge,observed,9,311,183,0.5094096315962449,0.4519382980740964,0.7004215647763532,0.34098279480621746,0.2762538832976838,0.6197087116673512,
context,8,microsomal_clearance,memory,expected,0,674,378,0.059754394141777856,0.6268086212548556,0.9696626247609125,0.4673477373350543,0.24867453392764197,0.6115771947448063,
context,8,microsomal_clearance,memory,expected,1,674,378,0.04771456792348161,0.6308089917668915,0.9758511321285221,0.47073282237368863,0.24842240617522648,0.6114171398722144,
context,8,microsomal_clearance,memory,expected,2,674,378,0.04854311238738951,0.6305345115456358,0.9754265157420166,0.4702762325494214,0.24810749682087405,0.6112529058817358,
context,8,microsomal_clearance,memory,expected,4,674,378,0.04777693969065078,0.630788333404127,0.9758191739811989,0.47029945647219323,0.2483626230013544,0.6113360423069839,
context,8,microsomal_clearance,memory,expected,9,311,183,0.03575446241098457,0.6335975012528114,0.9819600488762338,0.47643411195578417,0.26543892753503817,0.6142033889992027,
context,8,microsomal_clearance,memory,observed,0,674,378,0.059754394141777856,0.6268086212548556,0.9696626247609125,0.4673477373350543,0.24867453392764197,0.6115771947448063,
context,8,microsomal_clearance,memory,observed,1,674,378,0.2823935243111577,0.5475924852187862,0.8471165655851869,0.4087035810139965,0.24857584971823662,0.6114315252834841,
context,8,microsomal_clearance,memory,observed,2,674,378,0.3839004103496273,0.5073875011787877,0.7849201167318701,0.37899297350178085,0.2524318895556157,0.6133024712385229,
context,8,microsomal_clearance,memory,observed,4,674,378,0.4491628900685326,0.47976205987051207,0.7421840135245891,0.35808490313304003,0.2599265268152205,0.6170243059994631,
context,8,microsomal_clearance,memory,observed,9,311,183,0.48272733870316886,0.4640656250581306,0.7192166998178164,0.3491539934756671,0.2793099417410112,0.6208226464437548,
context,8,microsomal_clearance,memory,shuffled_history,0,674,378,0.06324705413902176,0.6256433585776505,0.9678599825702984,0.46607777243185916,0.24826214839756314,0.6113421905057221,
context,8,microsomal_clearance,memory,shuffled_history,1,674,378,0.28526497325041267,0.5464958117540685,0.8454200297778539,0.4076861854579006,0.24818859690079412,0.6113000940430025,
context,8,microsomal_clearance,memory,shuffled_history,2,674,378,0.38615842686975177,0.5064568553462425,0.7834804229400044,0.3780929056919578,0.253182287027345,0.6139381943338569,
context,8,microsomal_clearance,memory,shuffled_history,4,674,378,0.45104302875049573,0.47894258873395035,0.740916305158352,0.3573316726671637,0.2594204197522705,0.6167098862157238,
context,8,microsomal_clearance,memory,shuffled_history,9,311,183,0.4846421761783285,0.4632058907194706,0.7178842691002997,0.3484733723587928,0.27960485146646213,0.6206964085205358,
context,8,microsomal_clearance,residual_memory,expected,0,674,378,0.06056581052387899,0.6265381001501167,0.9692441330625226,0.46745617821361857,0.2532418416417548,0.6147747797190093,
context,8,microsomal_clearance,residual_memory,expected,1,674,378,0.05586951738166246,0.628102200359623,0.9716637703538903,0.4688123328177927,0.25298713627437236,0.6146579707962974,
context,8,microsomal_clearance,residual_memory,expected,2,674,378,0.0565423021521978,0.6278783685316798,0.9713175061985665,0.4686330738354523,0.25268474004987485,0.6145563897748351,
context,8,microsomal_clearance,residual_memory,expected,4,674,378,0.05664870271607825,0.6278429623357872,0.971262733396027,0.4685630918964203,0.25278599129344703,0.6145930892551548,
context,8,microsomal_clearance,residual_memory,expected,9,311,183,0.03580584674490994,0.6335806189245772,0.9819338843603932,0.4772913810652296,0.25946807636475966,0.6124377941303948,
context,8,microsomal_clearance,residual_memory,observed,0,674,378,0.06056581052387899,0.6265381001501167,0.9692441330625226,0.46745617821361857,0.2532418416417548,0.6147747797190093,
context,8,microsomal_clearance,residual_memory,observed,1,674,378,0.2623474548531529,0.5551882007147532,0.8588670124919499,0.41177438928420507,0.25341188191725117,0.6147884894561187,
context,8,microsomal_clearance,residual_memory,observed,2,674,378,0.3901659780423422,0.504800910695006,0.7809187038083143,0.37461710263869025,0.2561447338351347,0.6159647238433418,
context,8,microsomal_clearance,residual_memory,observed,4,674,378,0.46422904323653436,0.4731554956609873,0.7319637673843328,0.3515110504424443,0.2636050365639963,0.6196468799585263,
context,8,microsomal_clearance,residual_memory,observed,9,311,183,0.49613292917778007,0.4580128106661507,0.709835946414536,0.34488363324733406,0.2821706958660784,0.6227362185892975,
context,8,microsomal_clearance,residual_memory,shuffled_history,0,674,378,0.060648634029356274,0.626510480745722,0.9692014062983213,0.46741901011673864,0.25312826584604003,0.6147167605227606,
context,8,microsomal_clearance,residual_memory,shuffled_history,1,674,378,0.2623942787618473,0.5551705796177067,0.8588397529447229,0.41175092269255953,0.2533761113389477,0.6147968442652366,
context,8,microsomal_clearance,residual_memory,shuffled_history,2,674,378,0.39019473695115614,0.5047890077066537,0.7809002900811626,0.3745999962249522,0.25605063490647845,0.6159143650912026,
context,8,microsomal_clearance,residual_memory,shuffled_history,4,674,378,0.4642550909488544,0.47314399376089455,0.7319459741341198,0.3514956936109632,0.26389585637031837,0.6197675368595986,
context,8,microsomal_clearance,residual_memory,shuffled_history,9,311,183,0.49616635236230244,0.4579976196550277,0.7098124031303606,0.34486960445921006,0.2821852688945459,0.6227587606536402,
context,8,permeability,fnn,observed,0,200,163,0.14716352421939694,0.7155638256099779,0.9234914595060438,0.5330189119915167,0.2606699901010703,0.6156889770723104,
context,8,permeability,fnn,observed,1,200,163,0.14716352421939694,0.7155638256099779,0.9234914595060438,0.5330189119915167,0.2606699901010703,0.6156889770723104,
context,8,permeability,fnn,observed,2,200,163,0.14716352421939694,0.7155638256099779,0.9234914595060438,0.5330189119915167,0.2606699901010703,0.6156889770723104,
context,8,permeability,fnn,observed,4,200,163,0.14716352421939694,0.7155638256099779,0.9234914595060438,0.5330189119915167,0.2606699901010703,0.6156889770723104,
context,8,permeability,fnn,observed,9,72,62,0.1398097987636996,0.7491114615422542,0.9274643935140047,0.5575064165697055,0.26851748671658615,0.6090404541446208,
context,8,permeability,fnn_anchor,expected,0,200,163,0.14716352421939694,0.7155638256099779,0.9234914595060438,0.5330189119915167,0.2606699901010703,0.6156889770723104,
context,8,permeability,fnn_anchor,expected,1,200,163,0.10927602969037686,0.7312856708480192,0.9437817387031936,0.5490102151790013,0.2628873337214743,0.6170827601410934,
context,8,permeability,fnn_anchor,expected,2,200,163,0.09576356298804956,0.736811669473793,0.9509134750396329,0.5547373504188325,0.26585280076897255,0.6177500440917107,
context,8,permeability,fnn_anchor,expected,4,200,163,0.08442045734980053,0.7414186973993973,0.9568592073289568,0.5591033947007523,0.2647993165471212,0.6171858024691358,
context,8,permeability,fnn_anchor,expected,9,72,62,0.07249781144238776,0.7778693650221653,0.9630691504547387,0.5876459776306593,0.27803845516992387,0.6133386610817166,
context,8,permeability,fnn_anchor,observed,0,200,163,0.14716352421939694,0.7155638256099779,0.9234914595060438,0.5330189119915167,0.2606699901010703,0.6156889770723104,
context,8,permeability,fnn_anchor,observed,1,200,163,0.36461992559682754,0.6176355559308463,0.7971073167417123,0.46659888890087603,0.2628873337214743,0.6170827601410934,
context,8,permeability,fnn_anchor,observed,2,200,163,0.43270592125790697,0.5836058265551477,0.7531892715261503,0.4417548967272872,0.26585280076897255,0.6177500440917107,
context,8,permeability,fnn_anchor,observed,4,200,163,0.4860894388833984,0.5554682820528675,0.7168755548326373,0.42257096093363233,0.2647993165471212,0.6171858024691358,
context,8,permeability,fnn_anchor,observed,9,72,62,0.5249247396943223,0.5567117708050907,0.6892570350063013,0.42642033629947235,0.27803845516992387,0.6133386610817166,
context,8,permeability,fnn_ridge,expected,0,200,163,0.14716352421939694,0.7155638256099779,0.9234914595060438,0.5330189119915167,0.2606699901010703,0.6156889770723104,
context,8,permeability,fnn_ridge,expected,1,200,163,0.14716352421939694,0.7155638256099779,0.9234914595060438,0.5330189119915167,0.2606699901010703,0.6156889770723104,
context,8,permeability,fnn_ridge,expected,2,200,163,0.14716352421939694,0.7155638256099779,0.9234914595060438,0.5330189119915167,0.2606699901010703,0.6156889770723104,
context,8,permeability,fnn_ridge,expected,4,200,163,0.14716352421939694,0.7155638256099779,0.9234914595060438,0.5330189119915167,0.2606699901010703,0.6156889770723104,
context,8,permeability,fnn_ridge,expected,9,72,62,0.1398097987636996,0.7491114615422542,0.9274643935140047,0.5575064165697055,0.26851748671658615,0.6090404541446208,
context,8,permeability,fnn_ridge,observed,0,200,163,0.14716352421939694,0.7155638256099779,0.9234914595060438,0.5330189119915167,0.2606699901010703,0.6156889770723104,
context,8,permeability,fnn_ridge,observed,1,200,163,0.382854361028203,0.60870844361967,0.785586175395034,0.4575152082747469,0.2607057739122322,0.6156605379188712,
context,8,permeability,fnn_ridge,observed,2,200,163,0.45586555563763675,0.5715689168791835,0.7376546918188505,0.4301368316366026,0.26116389072051754,0.61592442680776,
context,8,permeability,fnn_ridge,observed,4,200,163,0.5118540139581793,0.5413652250041218,0.6986744492550309,0.40939625359844,0.2617428982504816,0.6162491622574955,
context,8,permeability,fnn_ridge,observed,9,72,62,0.5535724017602185,0.5396655729349253,0.6681523765128592,0.40995455155494037,0.2733469323531069,0.611130768665491,
context,8,permeability,memory,expected,0,200,163,0.02610086640802578,0.764667238431898,0.9868632800910034,0.5784133880380541,0.2404445005925717,0.6058296075837742,
context,8,permeability,memory,expected,1,200,163,0.01433938576146665,0.7692707071368047,0.9928044189257688,0.5814593217682507,0.2398861672701659,0.6055546075837743,
context,8,permeability,memory,expected,2,200,163,0.013445040903759642,0.7696196291177907,0.99325473021589,0.5815065168564518,0.24008952143388215,0.6057397927689594,
context,8,permeability,memory,expected,4,200,163,0.012622111642850431,0.7699405491471396,0.9936689027825866,0.5816159616704616,0.23949454870737263,0.6054715828924162,
context,8,permeability,memory,expected,9,72,62,0.002288597823258076,0.8067735735539404,0.9988550456281141,0.604376099396635,0.28724082924977495,0.6173370443856554,
context,8,permeability,memory,observed,0,200,163,0.02610086640802578,0.764667238431898,0.9868632800910034,0.5784133880380541,0.2404445005925717,0.6058296075837742,
context,8,permeability,memory,observed,1,200,163,0.29872355093601255,0.6488736240689055,0.8374225033183593,0.4893929119717743,0.2399528339266501,0.6055879409171075,
context,8,permeability,memory,observed,2,200,163,0.4126455404799323,0.5938347788030927,0.7663905398163966,0.4494999308162265,0.2423215881132141,0.6067001543209877,
context,8,permeability,memory,observed,4,200,163,0.4736927081472968,0.5621279599283782,0.7254703935052782,0.4266161127251056,0.2458275518246271,0.6082019620811288,
context,8,permeability,memory,observed,9,72,62,0.5184816699294705,0.5604741777029602,0.6939152182151141,0.421260282655281,0.297467700926656,0.6217855305702528,
context,8,permeability,memory,shuffled_history,0,200,163,0.03977951646429312,0.7592782805979528,0.9799084056868309,0.5733221949159271,0.2408680485607021,0.605948082010582,
context,8,permeability,memory,shuffled_history,1,200,163,0.30620912721373283,0.645401224319309,0.8329410980293067,0.48623524748840263,0.24099918325079814,0.6060249338624338,
context,8,permeability,memory,shuffled_history,2,200,163,0.41754916352903637,0.5913507207793627,0.7631846673453049,0.44739428511295043,0.24342715737278817,0.6071346781305115,
context,8,permeability,memory,shuffled_history,4,200,163,0.47763602723164966,0.5600181491807071,0.7227475166116798,0.425007825863113,0.24622807321904433,0.6082300925925925,
context,8,permeability,memory,shuffled_history,9,72,62,0.5238257161434101,0.5573553382087247,0.6900538267820778,0.4194483266315526,0.2980352373345306,0.6219365446796002,
context,8,permeability,residual_memory,expected,0,200,163,0.09375665376218234,0.737628875296434,0.9519681434994648,0.5521867300744686,0.25429721622293194,0.613565873015873,
context,8,permeability,residual_memory,expected,1,200,163,0.08889027647230396,0.7396066964044717,0.9545206773704256,0.5543663658315937,0.25327901532252634,0.6130677248677249,
context,8,permeability,residual_memory,expected,2,200,163,0.08875089881244058,0.7396632651721196,0.9545936838192255,0.5543089348799652,0.25366494646295906,0.6132566137566137,
context,8,permeability,residual_memory,expected,4,200,163,0.08889247477850992,0.7396058041502628,0.9545195258461139,0.5542237893411683,0.2532866489142179,0.6131044973544973,
context,8,permeability,residual_memory,expected,9,72,62,0.08817802648502349,0.7712660651450575,0.9548936974946355,0.5789159816048212,0.26497140678197695,0.6093283362727807,
context,8,permeability,residual_memory,observed,0,200,163,0.09375665376218234,0.737628875296434,0.9519681434994648,0.5521867300744686,0.25429721622293194,0.613565873015873,
context,8,permeability,residual_memory,observed,1,200,163,0.3433305473037854,0.6278977124591246,0.8103514377701903,0.4719035414506992,0.2535390491336584,0.6132375661375662,
context,8,permeability,residual_memory,observed,2,200,163,0.4425276634246226,0.5785316918235337,0.746640701124294,0.4359461553775188,0.25700862931874063,0.6150881172839506,
context,8,permeability,residual_memory,observed,4,200,163,0.49985898643240145,0.547976240896671,0.7072064858070792,0.41292433631478076,0.2626174022662971,0.6169655423280423,
context,8,permeability,residual_memory,observed,9,72,62,0.5507305886930363,0.541380515934678,0.6702756233870987,0.41048711684428985,0.2927139541410186,0.6211798206937096,
context,8,permeability,residual_memory,shuffled_history,0,200,163,0.09832602517358313,0.7357669252719629,0.9495651503853839,0.5504572183606111,0.2562523351331,0.6144496693121693,
context,8,permeability,residual_memory,shuffled_history,1,200,163,0.3464069676804149,0.6264251717117009,0.8084510079897143,0.4707942412431869,0.2556994199660365,0.6141843253968254,
context,8,permeability,residual_memory,shuffled_history,2,200,163,0.4456423609868566,0.5769132480517918,0.7445519720027228,0.43468757522536644,0.2582474582218738,0.615386574074074,
context,8,permeability,residual_memory,shuffled_history,4,200,163,0.5020254544573708,0.5467881145605574,0.7056731152188166,0.4121646081719133,0.26324500924748956,0.6174141975308641,
context,8,permeability,residual_memory,shuffled_history,9,72,62,0.5527864565402651,0.5401404103587839,0.6687402660672788,0.4092933828452671,0.29556487117790514,0.62236221340388,
context,8,protein_binding,fnn,observed,0,177,93,0.10771500718987193,0.9519921012522401,0.9446083806584229,0.621213978548246,0.35108343963938216,0.6582132643808726,
context,8,protein_binding,fnn,observed,1,177,93,0.10771500718987193,0.9519921012522401,0.9446083806584229,0.621213978548246,0.35108343963938216,0.6582132643808726,
context,8,protein_binding,fnn,observed,2,177,93,0.10771500718987193,0.9519921012522401,0.9446083806584229,0.621213978548246,0.35108343963938216,0.6582132643808726,
context,8,protein_binding,fnn,observed,4,177,93,0.10771500718987193,0.9519921012522401,0.9446083806584229,0.621213978548246,0.35108343963938216,0.6582132643808726,
context,8,protein_binding,fnn,observed,9,44,29,0.08622319980651594,0.8886964757642662,0.9559167328766057,0.5919080607051199,0.41492878666824917,0.6760551948051948,
context,8,protein_binding,fnn_anchor,expected,0,177,93,0.10771500718987193,0.9519921012522401,0.9446083806584229,0.621213978548246,0.35108343963938216,0.6582132643808726,
context,8,protein_binding,fnn_anchor,expected,1,177,93,0.06617352035961555,0.9739006215208111,0.9663469768361592,0.6466820980471892,0.3539631284048515,0.659901204675216,
context,8,protein_binding,fnn_anchor,expected,2,177,93,0.049828810672204016,0.9823867122241186,0.9747672487972685,0.6562932037855383,0.35342671643272544,0.6596651022828047,
context,8,protein_binding,fnn_anchor,expected,4,177,93,0.03529923943622848,0.9898693135793566,0.9821918145473274,0.6643007407472595,0.3526016641986715,0.6592482238762841,
context,8,protein_binding,fnn_anchor,expected,9,44,29,0.003479200510897562,0.928061118297786,0.9982588840020922,0.6325926631282677,0.41154042427343396,0.6743635762385762,
context,8,protein_binding,fnn_anchor,observed,0,177,93,0.10771500718987193,0.9519921012522401,0.9446083806584229,0.621213978548246,0.35108343963938216,0.6582132643808726,
context,8,protein_binding,fnn_anchor,observed,1,177,93,0.3369712003184512,0.8206306758112127,0.8142658040723243,0.5458145234332994,0.3539631284048515,0.659901204675216,
context,8,protein_binding,fnn_anchor,observed,2,177,93,0.40394397923751557,0.7780815013822284,0.7720466441624395,0.5166144897064284,0.3534956477788357,0.6596964896023276,
context,8,protein_binding,fnn_anchor,observed,4,177,93,0.45178941569452213,0.7462000241681126,0.7404124420250364,0.4954586311222544,0.3526016641986715,0.6592482238762841,
context,8,protein_binding,fnn_anchor,observed,9,44,29,0.4448963237931066,0.6926605379865132,0.7450528009523173,0.44206290404001874,0.41154042427343396,0.6743635762385762,
context,8,protein_binding,fnn_ridge,expected,0,177,93,0.10771500718987193,0.9519921012522401,0.9446083806584229,0.621213978548246,0.35108343963938216,0.6582132643808726,
context,8,protein_binding,fnn_ridge,expected,1,177,93,0.10771500718987193,0.9519921012522401,0.9446083806584229,0.621213978548246,0.35108343963938216,0.6582132643808726,
context,8,protein_binding,fnn_ridge,expected,2,177,93,0.10771500718987193,0.9519921012522401,0.9446083806584229,0.621213978548246,0.35108343963938216,0.6582132643808726,
context,8,protein_binding,fnn_ridge,expected,4,177,93,0.10771500718987193,0.9519921012522401,0.9446083806584229,0.621213978548246,0.35108343963938216,0.6582132643808726,
context,8,protein_binding,fnn_ridge,expected,9,44,29,0.08622319980651594,0.8886964757642662,0.9559167328766057,0.5919080607051199,0.41492878666824917,0.6760551948051948,
context,8,protein_binding,fnn_ridge,observed,0,177,93,0.10771500718987193,0.9519921012522401,0.9446083806584229,0.621213978548246,0.35108343963938216,0.6582132643808726,
context,8,protein_binding,fnn_ridge,observed,1,177,93,0.29340890087488947,0.8471603709416271,0.8405897329405769,0.559417871962309,0.35108343963938216,0.6582132643808726,
context,8,protein_binding,fnn_ridge,observed,2,177,93,0.39388613335324507,0.7846187109376379,0.7785331506408413,0.5200057858948953,0.35108343963938216,0.6582132643808726,
context,8,protein_binding,fnn_ridge,observed,4,177,93,0.45668685516660623,0.7428594575866515,0.7370977851231095,0.489617260734633,0.35094341978659477,0.6581714146215087,
context,8,protein_binding,fnn_ridge,observed,9,44,29,0.4451586203026171,0.6924968713452097,0.7448767547033421,0.42670699218908936,0.41504734314018576,0.6762151274651274,
context,8,protein_binding,memory,expected,0,177,93,0.08242035069578268,0.9653914254651257,0.9579037787294804,0.6426908459820728,0.35313475277544665,0.6585466176426629,
context,8,protein_binding,memory,expected,1,177,93,0.08985349755952865,0.9614732434988772,0.9540159864700756,0.640783476197656,0.353243609918226,0.6585942217439392,
context,8,protein_binding,memory,expected,2,177,93,0.08715529575370418,0.9628973708043848,0.9554290681397002,0.6410353550777934,0.3526910100326882,0.6582636086449646,
context,8,protein_binding,memory,expected,4,177,93,0.0860069249475931,0.963502849303151,0.9560298505028004,0.6408559372501971,0.3519827176613281,0.6582165276656801,
context,8,protein_binding,memory,expected,9,44,29,0.06532711327236418,0.8988003161135708,0.966784819247611,0.6092189453768008,0.37160401812500576,0.6580167748917749,
context,8,protein_binding,memory,observed,0,177,93,0.08242035069578268,0.9653914254651257,0.9579037787294804,0.6426908459820728,0.35313475277544665,0.6585466176426629,
context,8,protein_binding,memory,observed,1,177,93,0.32410686095883734,0.8285535256298201,0.8221272036863655,0.554196297140875,0.35252886012725937,0.6582520999611395,
context,8,protein_binding,memory,observed,2,177,93,0.4132126089273759,0.7720082425609552,0.7660204899822355,0.5107626678717451,0.3486443413691835,0.656498669775506,
context,8,protein_binding,memory,observed,4,177,93,0.4558842001595014,0.743407980857848,0.7376420540075644,0.4881731355732818,0.3474943554381821,0.6554341414322582,
context,8,protein_binding,memory,observed,9,44,29,0.4063580984139372,0.7163011821727361,0.7704816036649174,0.44537195143826075,0.37075125544303744,0.6568698893698893,
context,8,protein_binding,memory,shuffled_history,0,177,93,0.08686905965344738,0.9630483244028409,0.9555788509309698,0.6413314190571479,0.35375691116622543,0.6587534252035193,
context,8,protein_binding,memory,shuffled_history,1,177,93,0.3265724614785701,0.8270408985915707,0.8206263086944202,0.5533873868890327,0.3532545076423753,0.6586006735818412,
context,8,protein_binding,memory,shuffled_history,2,177,93,0.41498324526705266,0.7708425915762116,0.7648638798720642,0.5103301112003956,0.3505768630723999,0.6573210175470062,
context,8,protein_binding,memory,shuffled_history,4,177,93,0.4576758559927995,0.7421830306770193,0.7364266046302241,0.48775595124944227,0.34846956719402244,0.6562079135902111,
context,8,protein_binding,memory,shuffled_history,9,44,29,0.4134761267926724,0.7119938478831948,0.7658484662172587,0.44427940740729815,0.36984413354516477,0.6564520202020202,
context,8,protein_binding,residual_memory,expected,0,177,93,0.0661707053188344,0.9739020894422934,0.9663484333723347,0.6438529439060964,0.3350203459830351,0.651997578692494,
context,8,protein_binding,residual_memory,expected,1,177,93,0.06542660834083092,0.9742900261365218,0.9667333612010962,0.6453475987697014,0.33498671488024095,0.6519907781065973,
context,8,protein_binding,residual_memory,expected,2,177,93,0.0649700177371163,0.9745279942591036,0.9669694836254574,0.6455171119969406,0.33532569791509287,0.6521539921681164,
context,8,protein_binding,residual_memory,expected,4,177,93,0.06461433117103177,0.9747133324645009,0.9671533843341336,0.6456411596513438,0.33554871302636236,0.6522732639823035,
context,8,protein_binding,residual_memory,expected,9,44,29,0.0435710318641066,0.9092006862732085,0.977971864695449,0.6145046394024832,0.398208507061983,0.6710350529100528,
context,8,protein_binding,residual_memory,observed,0,177,93,0.0661707053188344,0.9739020894422934,0.9663484333723347,0.6438529439060964,0.3350203459830351,0.651997578692494,
context,8,protein_binding,residual_memory,observed,1,177,93,0.3193437531655041,0.831467863016182,0.8250189372581067,0.5524613140210537,0.33560349579147825,0.6522193824171225,
context,8,protein_binding,residual_memory,observed,2,177,93,0.4093467805546759,0.7745471110290336,0.768539666800175,0.5098047338258673,0.3308207013615297,0.6493379517532061,
context,8,protein_binding,residual_memory,observed,4,177,93,0.45302118782198353,0.7453612358391708,0.7395801593999236,0.4874394808132002,0.33425838027916815,0.6506476997578692,
context,8,protein_binding,residual_memory,observed,9,44,29,0.4211139829225874,0.7073427781393012,0.7608455934533712,0.44300361277479117,0.4014499447205001,0.6728360990860991,
context,8,protein_binding,residual_memory,shuffled_history,0,177,93,0.06623283486453624,0.9738696910686374,0.9663162862828422,0.6437568059949027,0.33500693335804466,0.6520477984037306,
context,8,protein_binding,residual_memory,shuffled_history,1,177,93,0.3191336139603802,0.8315962027714303,0.8251462816007958,0.552426101455403,0.33510019845753414,0.6519656682509789,
context,8,protein_binding,residual_memory,shuffled_history,2,177,93,0.40919074527346966,0.774649411915198,0.7686411742331596,0.5097786851300247,0.32987875457959653,0.6489644426508833,
context,8,protein_binding,residual_memory,shuffled_history,4,177,93,0.45293344657454915,0.7454210153961706,0.7396394753022927,0.48737169583827933,0.33370449475736247,0.6504933787702148,
context,8,protein_binding,residual_memory,shuffled_history,9,44,29,0.42112867880816784,0.7073337996062212,0.7608359357915687,0.44292757412249395,0.4024802870578086,0.6732834295334293,
context,15,cellular_clearance,fnn,observed,0,79,53,-0.05440832159345588,0.6375051319260061,1.026843864272196,0.49041574155165185,0.15825548274319676,0.5672245902580441,
context,15,cellular_clearance,fnn,observed,1,79,53,-0.05440832159345588,0.6375051319260061,1.026843864272196,0.49041574155165185,0.15825548274319676,0.5672245902580441,
context,15,cellular_clearance,fnn,observed,2,79,53,-0.05440832159345588,0.6375051319260061,1.026843864272196,0.49041574155165185,0.15825548274319676,0.5672245902580441,
context,15,cellular_clearance,fnn,observed,4,79,53,-0.05440832159345588,0.6375051319260061,1.026843864272196,0.49041574155165185,0.15825548274319676,0.5672245902580441,
context,15,cellular_clearance,fnn,observed,9,79,53,-0.05440832159345588,0.6375051319260061,1.026843864272196,0.49041574155165185,0.15825548274319676,0.5672245902580441,
context,15,cellular_clearance,fnn_anchor,expected,0,79,53,-0.05440832159345588,0.6375051319260061,1.026843864272196,0.49041574155165185,0.15825548274319676,0.5672245902580441,
context,15,cellular_clearance,fnn_anchor,expected,1,79,53,-0.08667394253953975,0.6471856801978502,1.0424365412530106,0.4998392007911758,0.16183367159384016,0.5691807552838295,
context,15,cellular_clearance,fnn_anchor,expected,2,79,53,-0.09805754325220661,0.6505666895276357,1.0478824090766132,0.5031313970735305,0.15961712026995667,0.56791761148904,
context,15,cellular_clearance,fnn_anchor,expected,4,79,53,-0.10931941908181653,0.6538943435780438,1.0532423363508592,0.5063061339882857,0.1621333689362561,0.5697969229886047,
context,15,cellular_clearance,fnn_anchor,expected,9,79,53,-0.11664341522792321,0.656049377026796,1.0567134972299366,0.5085195554912343,0.16385365934061588,0.5704810700651569,
context,15,cellular_clearance,fnn_anchor,observed,0,79,53,-0.05440832159345588,0.6375051319260061,1.026843864272196,0.49041574155165185,0.15825548274319676,0.5672245902580441,
context,15,cellular_clearance,fnn_anchor,observed,1,79,53,0.20063867060263418,0.5550739423772411,0.894070091993556,0.42898501222143703,0.16183367159384016,0.5691807552838295,
context,15,cellular_clearance,fnn_anchor,observed,2,79,53,0.287377164450174,0.5240939426516222,0.8441699091710305,0.4053216899925143,0.15961712026995667,0.56791761148904,
context,15,cellular_clearance,fnn_anchor,observed,4,79,53,0.3493103906992473,0.5008021776072921,0.8066533389881633,0.3889800947451893,0.1621333689362561,0.5697969229886047,
context,15,cellular_clearance,fnn_anchor,observed,9,79,53,0.4026794293565855,0.47982515079288773,0.772865169769873,0.37279093915274375,0.16385365934061588,0.5704810700651569,
context,15,cellular_clearance,fnn_ridge,expected,0,79,53,-0.05440832159345588,0.6375051319260061,1.026843864272196,0.49041574155165185,0.15825548274319676,0.5672245902580441,
context,15,cellular_clearance,fnn_ridge,expected,1,79,53,-0.05440832159345588,0.6375051319260061,1.026843864272196,0.49041574155165185,0.15825548274319676,0.5672245902580441,
context,15,cellular_clearance,fnn_ridge,expected,2,79,53,-0.05440832159345588,0.6375051319260061,1.026843864272196,0.49041574155165185,0.15825548274319676,0.5672245902580441,
context,15,cellular_clearance,fnn_ridge,expected,4,79,53,-0.05440832159345588,0.6375051319260061,1.026843864272196,0.49041574155165185,0.15825548274319676,0.5672245902580441,
context,15,cellular_clearance,fnn_ridge,expected,9,79,53,-0.05440832159345588,0.6375051319260061,1.026843864272196,0.49041574155165185,0.15825548274319676,0.5672245902580441,
context,15,cellular_clearance,fnn_ridge,observed,0,79,53,-0.05440832159345588,0.6375051319260061,1.026843864272196,0.49041574155165185,0.15825548274319676,0.5672245902580441,
context,15,cellular_clearance,fnn_ridge,observed,1,79,53,0.16515784519481125,0.5672590822240792,0.9136969709948637,0.4336393872305813,0.15802532980991604,0.5671038682702335,
context,15,cellular_clearance,fnn_ridge,observed,2,79,53,0.24165795310327887,0.5406445644591623,0.8708283682200076,0.41259489548482975,0.15844863293765196,0.5673513399734015,
context,15,cellular_clearance,fnn_ridge,observed,4,79,53,0.3067102592449258,0.5169358590940728,0.8326402228784496,0.39540110038742726,0.15829822472782867,0.5673195269669049,
context,15,cellular_clearance,fnn_ridge,observed,9,79,53,0.37330947298732353,0.4914799866418248,0.79163787618625,0.3769584264232136,0.1591647090498982,0.5677970569381058,
context,15,cellular_clearance,memory,expected,0,79,53,-0.08324389705556268,0.6461634642681865,1.040790035048166,0.49727193053261637,0.17128298961206964,0.573459245864309,
context,15,cellular_clearance,memory,expected,1,79,53,-0.11453476185532718,0.6554296472101755,1.0557152844660946,0.5064594341531583,0.17328920412965093,0.5748181635523407,
context,15,cellular_clearance,memory,expected,2,79,53,-0.1156327607035057,0.6557524203813945,1.056235182477608,0.5065154356581751,0.16912441442526419,0.5732948228517849,
context,15,cellular_clearance,memory,expected,4,79,53,-0.11598541365322235,0.6558560542838394,1.0564021079367565,0.5066157166854742,0.16584822703316313,0.5718478333668208,
context,15,cellular_clearance,memory,expected,9,79,53,-0.11720121135176331,0.6562132145179367,1.0569773939643947,0.5069779105956042,0.16477099019058775,0.5718526890362334,
context,15,cellular_clearance,memory,observed,0,79,53,-0.08324389705556268,0.6461634642681865,1.040790035048166,0.49727193053261637,0.17128298961206964,0.573459245864309,
context,15,cellular_clearance,memory,observed,1,79,53,0.09935177277014784,0.5891920415985815,0.9490248823028046,0.4534686068907568,0.16879183632898562,0.572964637331726,
context,15,cellular_clearance,memory,observed,2,79,53,0.21447505992121996,0.5502489999613374,0.8862984486496521,0.41998735649802005,0.16780726856785785,0.5728373853057398,
context,15,cellular_clearance,memory,observed,4,79,53,0.2932851466453199,0.5219169271282827,0.8406633412696667,0.4016043712286758,0.16346185180213818,0.5705548858080504,
context,15,cellular_clearance,memory,observed,9,79,53,0.3522898780840803,0.49965428329676675,0.8048043997866312,0.3854147973901863,0.17795815533490497,0.5774320206282231,
context,15,cellular_clearance,memory,shuffled_history,0,79,53,-0.07789724889570482,0.6445668329372926,1.0382183050282368,0.49575425839751075,0.16916875055749783,0.5729743486705512,
context,15,cellular_clearance,memory,shuffled_history,1,79,53,0.10424525544945995,0.5875892359996986,0.9464432072504615,0.4522021895854534,0.16855701359883216,0.5727382626749714,
context,15,cellular_clearance,memory,shuffled_history,2,79,53,0.2182101204359912,0.5489392629332113,0.884188825740299,0.4188527450933738,0.1650428910166181,0.5717765052575178,
context,15,cellular_clearance,memory,shuffled_history,4,79,53,0.2966350422123497,0.5206784898901933,0.8386685625368643,0.40058352141126297,0.16253961597972041,0.5700725001674368,
context,15,cellular_clearance,memory,shuffled_history,9,79,53,0.35530940551425383,0.4984882661002982,0.80292626964482,0.38445546150962,0.1774191095805048,0.5771542428504454,
context,15,cellular_clearance,residual_memory,expected,0,79,53,0.011626248714414422,0.6172198353366302,0.9941698804960778,0.47080381927610937,0.24896947475361428,0.6076680587846953,
context,15,cellular_clearance,residual_memory,expected,1,79,53,0.011166399474423772,0.6173634020117583,0.9944011265709508,0.4710884768424658,0.25013171649871,0.6080849766066765,
context,15,cellular_clearance,residual_memory,expected,2,79,53,0.012299612639309676,0.6170095482958112,0.9938311664265165,0.47063136113092363,0.24910609890450408,0.6077340289139567,
context,15,cellular_clearance,residual_memory,expected,4,79,53,0.012693594464719293,0.6168864771714323,0.993632932996527,0.47051270142637713,0.24966353471142333,0.6080324014275189,
context,15,cellular_clearance,residual_memory,expected,9,79,53,0.013120995046955186,0.6167529390021907,0.9934178400617963,0.4703360715018043,0.24974476182132838,0.6081449190083908,
context,15,cellular_clearance,residual_memory,observed,0,79,53,0.011626248714414422,0.6172198353366302,0.9941698804960778,0.47080381927610937,0.24896947475361428,0.6076680587846953,
context,15,cellular_clearance,residual_memory,observed,1,79,53,0.19385703896938045,0.5574235411369582,0.8978546435980712,0.4223056201353858,0.2507347255115866,0.6083006353033477,
context,15,cellular_clearance,residual_memory,observed,2,79,53,0.3366550625828093,0.5056488016066972,0.8144599053465988,0.3821742618373175,0.24515209819336345,0.6055119741286108,
context,15,cellular_clearance,residual_memory,observed,4,79,53,0.42090382001081383,0.4724486614281554,0.7609836923280197,0.35783044234484057,0.2451480280399855,0.6051858070935828,
context,15,cellular_clearance,residual_memory,observed,9,79,53,0.4743969592745628,0.4500991650631683,0.7249848555145392,0.34100539092650395,0.25582296076515065,0.6097074399380005,
context,15,cellular_clearance,residual_memory,shuffled_history,0,79,53,0.011883981494690499,0.617139355580967,0.9940402499422795,0.47071393452113175,0.24860141233111752,0.6075702756489375,
context,15,cellular_clearance,residual_memory,shuffled_history,1,79,53,0.19410821027922076,0.557336695679561,0.8977147596652175,0.4222437962650749,0.25106488284436906,0.6085045734186783,
context,15,cellular_clearance,residual_memory,shuffled_history,2,79,53,0.3368054585944724,0.5055914770763444,0.8143675714353609,0.38212820886182375,0.24550296694874132,0.6057879101007493,
context,15,cellular_clearance,residual_memory,shuffled_history,4,79,53,0.42099890525437056,0.4724098727590335,0.7609212145456515,0.3577988758092188,0.24500755148937728,0.6051178277218059,
context,15,cellular_clearance,residual_memory,shuffled_history,9,79,53,0.47446600532430616,0.450069600365451,0.7249372349905154,0.34098206855199503,0.2559073489709244,0.609826989867677,
context,15,efflux,fnn,observed,0,54,49,0.09075349459189297,0.7155115839488783,0.9535441811516167,0.5390186704262907,0.19385486707827188,0.5818178032529884,
context,15,efflux,fnn,observed,1,54,49,0.09075349459189297,0.7155115839488783,0.9535441811516167,0.5390186704262907,0.19385486707827188,0.5818178032529884,
context,15,efflux,fnn,observed,2,54,49,0.09075349459189297,0.7155115839488783,0.9535441811516167,0.5390186704262907,0.19385486707827188,0.5818178032529884,
context,15,efflux,fnn,observed,4,54,49,0.09075349459189297,0.7155115839488783,0.9535441811516167,0.5390186704262907,0.19385486707827188,0.5818178032529884,
context,15,efflux,fnn,observed,9,54,49,0.09075349459189297,0.7155115839488783,0.9535441811516167,0.5390186704262907,0.19385486707827188,0.5818178032529884,
context,15,efflux,fnn_anchor,expected,0,54,49,0.09075349459189297,0.7155115839488783,0.9535441811516167,0.5390186704262907,0.19385486707827188,0.5818178032529884,
context,15,efflux,fnn_anchor,expected,1,54,49,0.061518893815889375,0.7269233441045643,0.9687523451244444,0.5492450653494876,0.19720212164346448,0.5840576621595142,
context,15,efflux,fnn_anchor,expected,2,54,49,0.05526108176027633,0.7293428876043114,0.9719768095174512,0.5510935677128073,0.1979814070242423,0.5834327846364884,
context,15,efflux,fnn_anchor,expected,4,54,49,0.049000302733432144,0.7317555724182725,0.9751921335134773,0.5540492171343463,0.19819078599045306,0.5836581422692534,
context,15,efflux,fnn_anchor,expected,9,54,49,0.046492727650722765,0.7327196758035103,0.9764769696973284,0.5552469955053594,0.19896125142451052,0.5838871742112484,
context,15,efflux,fnn_anchor,observed,0,54,49,0.09075349459189297,0.7155115839488783,0.9535441811516167,0.5390186704262907,0.19385486707827188,0.5818178032529884,
context,15,efflux,fnn_anchor,observed,1,54,49,0.28181587847165257,0.6359072090982363,0.8474574452610275,0.480377984803032,0.19720212164346448,0.5840576621595142,
context,15,efflux,fnn_anchor,observed,2,54,49,0.3485660174185775,0.6056351237070758,0.8071146031273517,0.4575606065528628,0.1979814070242423,0.5834327846364884,
context,15,efflux,fnn_anchor,observed,4,54,49,0.41319919499603097,0.5748058764900028,0.7660292455278512,0.4364320911559058,0.19819078599045306,0.5836581422692534,
context,15,efflux,fnn_anchor,observed,9,54,49,0.4601447567987542,0.5513336638316474,0.7347484217072165,0.4198970707901466,0.19896125142451052,0.5838871742112484,
context,15,efflux,fnn_ridge,expected,0,54,49,0.09075349459189297,0.7155115839488783,0.9535441811516167,0.5390186704262907,0.19385486707827188,0.5818178032529884,
context,15,efflux,fnn_ridge,expected,1,54,49,0.09075349459189297,0.7155115839488783,0.9535441811516167,0.5390186704262907,0.19385486707827188,0.5818178032529884,
context,15,efflux,fnn_ridge,expected,2,54,49,0.09075349459189297,0.7155115839488783,0.9535441811516167,0.5390186704262907,0.19385486707827188,0.5818178032529884,
context,15,efflux,fnn_ridge,expected,4,54,49,0.09075349459189297,0.7155115839488783,0.9535441811516167,0.5390186704262907,0.19385486707827188,0.5818178032529884,
context,15,efflux,fnn_ridge,expected,9,54,49,0.09075349459189297,0.7155115839488783,0.9535441811516167,0.5390186704262907,0.19385486707827188,0.5818178032529884,
context,15,efflux,fnn_ridge,observed,0,54,49,0.09075349459189297,0.7155115839488783,0.9535441811516167,0.5390186704262907,0.19385486707827188,0.5818178032529884,
context,15,efflux,fnn_ridge,observed,1,54,49,0.2970769082212227,0.6291145858225158,0.8384050881159878,0.47437020321503093,0.19441302580827916,0.5820801489320007,
context,15,efflux,fnn_ridge,observed,2,54,49,0.36573359390580285,0.5976015342468768,0.7964084417522187,0.4495619181810338,0.19521770260216276,0.5823870762296687,
context,15,efflux,fnn_ridge,observed,4,54,49,0.4344611715561586,0.5642961183787006,0.7520231568534584,0.42664038480983835,0.19538364454092066,0.5825276797961983,
context,15,efflux,fnn_ridge,observed,9,54,49,0.4862192035908922,0.5378544705920045,0.7167850419819792,0.4075104734982237,0.19638567296673115,0.5828404859886341,
context,15,efflux,memory,expected,0,54,49,0.035707586843615524,0.7368519274938395,0.9819839169540326,0.5530550892209566,0.21330790636992011,0.5879051538310797,
context,15,efflux,memory,expected,1,54,49,0.020206560751258262,0.7427507731089957,0.9898451592288269,0.556742805003384,0.2130577855593996,0.5878982951205173,
context,15,efflux,memory,expected,2,54,49,0.01758033245298285,0.7437455377478638,0.9911708568894755,0.557033018907647,0.21240857209504382,0.5873958945718205,
context,15,efflux,memory,expected,4,54,49,0.01789475078185576,0.743626512269138,0.9910122346460433,0.5567243116431766,0.2140468889594446,0.5881895453654713,
context,15,efflux,memory,expected,9,54,49,0.020047427521607486,0.7428110876231521,0.9899255388555205,0.5559658958680099,0.2125654380446599,0.5872851753870272,
context,15,efflux,memory,observed,0,54,49,0.035707586843615524,0.7368519274938395,0.9819839169540326,0.5530550892209566,0.21330790636992011,0.5879051538310797,
context,15,efflux,memory,observed,1,54,49,0.25019125420455834,0.6497571988222459,0.8659149760775833,0.48738057344232083,0.21299605718641368,0.5878365667254555,
context,15,efflux,memory,observed,2,54,49,0.3311603638233436,0.6136727655504819,0.8178261650110349,0.4562856563373849,0.2156525718876057,0.5883737507348619,
context,15,efflux,memory,observed,4,54,49,0.40267343758436225,0.579938262210781,0.7728690460974859,0.43203795622528324,0.2212835047463024,0.591732314324907,
context,15,efflux,memory,observed,9,54,49,0.45621394979979335,0.5533372153453532,0.7374185041075432,0.41455915320618647,0.2222083575080758,0.5922506368802664,
context,15,efflux,memory,shuffled_history,0,54,49,0.036701333591135255,0.7364721500807418,0.9814777972062663,0.5527083145229169,0.21377973425213567,0.5877701842053694,
context,15,efflux,memory,shuffled_history,1,54,49,0.25162351079465306,0.6491363312553128,0.8650875615828417,0.48706333014148256,0.21421183300101093,0.5879553693905546,
context,15,efflux,memory,shuffled_history,2,54,49,0.33274582665855823,0.612944988229612,0.8168562745926861,0.45586475501089924,0.21479401032635823,0.5877613658632177,
context,15,efflux,memory,shuffled_history,4,54,49,0.4037630261428088,0.5794090855770268,0.7721638257890557,0.4318416593030647,0.22045197275087794,0.5916242896335488,
context,15,efflux,memory,shuffled_history,9,54,49,0.4569355342574737,0.5529699642181495,0.7369290778239967,0.41438447393017047,0.22434083416966008,0.592880658436214,
context,15,efflux,residual_memory,expected,0,54,49,0.05020758010280879,0.731290949507,0.9745729423173984,0.5498195647420707,0.17243049909579164,0.5739099549284733,
context,15,efflux,residual_memory,expected,1,54,49,0.03641310538795961,0.736582321606887,0.9816246200111529,0.5534981355770133,0.17309347531401814,0.5743283362727808,
context,15,efflux,residual_memory,expected,2,54,49,0.037309675512540275,0.7362395650812799,0.9811678370632925,0.5531964328222805,0.17350192611784113,0.574465510484029,
context,15,efflux,residual_memory,expected,4,54,49,0.03806456641280764,0.7359508483828087,0.9807830716255213,0.5529148684865164,0.1735636545920078,0.574465510484029,
context,15,efflux,residual_memory,expected,9,54,49,0.039513019824330975,0.7353965533301834,0.9800443766359098,0.5524929391344389,0.173256616147212,0.574348912404468,
context,15,efflux,residual_memory,observed,0,54,49,0.05020758010280879,0.731290949507,0.9745729423173984,0.5498195647420707,0.17243049909579164,0.5739099549284733,
context,15,efflux,residual_memory,observed,1,54,49,0.19221271452673028,0.6744105501244368,0.8987698734788955,0.5056912564237912,0.17226662630744188,0.5739844209288654,
context,15,efflux,residual_memory,observed,2,54,49,0.3421304939558659,0.6086193096355559,0.8110915521962574,0.45609875697228647,0.17603095390454482,0.5750335586909661,
context,15,efflux,residual_memory,observed,4,54,49,0.4198877623049496,0.5715205654767055,0.7616509946786982,0.43064719737863827,0.18137346597871296,0.5765699098569469,
context,15,efflux,residual_memory,observed,9,54,49,0.47797912455319613,0.5421504022170449,0.7225101213455793,0.4106891280982965,0.18261809963273049,0.5776050852439741,
context,15,efflux,residual_memory,shuffled_history,0,54,49,0.05037951208525304,0.7312247571524354,0.9744847294415377,0.5497551059391763,0.17267741270271347,0.5739099549284735,
context,15,efflux,residual_memory,shuffled_history,1,54,49,0.19211776196473096,0.6744501862569957,0.8988226955497225,0.5057173811340774,0.17220489792065863,0.5738609641387419,
context,15,efflux,residual_memory,shuffled_history,2,54,49,0.34225882664017737,0.6085599440938587,0.8110124372411452,0.4560455420502909,0.17559885516026874,0.5747866451107192,
context,15,efflux,residual_memory,shuffled_history,4,54,49,0.41993763102675286,0.5714959998747638,0.7616182567226492,0.4306417794102502,0.18184204153762554,0.5768305408583186,
context,15,efflux,residual_memory,shuffled_history,9,54,49,0.47800658332648704,0.5421361432271712,0.7224911187506134,0.41070309554997053,0.18368938704837626,0.5779627180090142,
context,15,in_vivo_clearance,fnn,observed,0,20,16,-0.09596177449149645,0.5869623587038715,1.0468819295849443,0.45929069257775945,-0.012271731495857243,0.49355555555555564,
context,15,in_vivo_clearance,fnn,observed,1,20,16,-0.09596177449149645,0.5869623587038715,1.0468819295849443,0.45929069257775945,-0.012271731495857243,0.49355555555555564,
context,15,in_vivo_clearance,fnn,observed,2,20,16,-0.09596177449149645,0.5869623587038715,1.0468819295849443,0.45929069257775945,-0.012271731495857243,0.49355555555555564,
context,15,in_vivo_clearance,fnn,observed,4,20,16,-0.09596177449149645,0.5869623587038715,1.0468819295849443,0.45929069257775945,-0.012271731495857243,0.49355555555555564,
context,15,in_vivo_clearance,fnn,observed,9,20,16,-0.09596177449149645,0.5869623587038715,1.0468819295849443,0.45929069257775945,-0.012271731495857243,0.49355555555555564,
context,15,in_vivo_clearance,fnn_anchor,expected,0,20,16,-0.09596177449149645,0.5869623587038715,1.0468819295849443,0.45929069257775945,-0.012271731495857243,0.49355555555555564,
context,15,in_vivo_clearance,fnn_anchor,expected,1,20,16,-0.14505431033099847,0.5999645510181656,1.0700721052017936,0.4694835433463256,-0.015306368904809168,0.49131481481481487,
context,15,in_vivo_clearance,fnn_anchor,expected,2,20,16,-0.16740823876744937,0.6057925454118042,1.08046667637991,0.4744089146455129,-0.01678039049108823,0.49037037037037035,
context,15,in_vivo_clearance,fnn_anchor,expected,4,20,16,-0.1869975635502248,0.6108540555986475,1.0894941778413618,0.4785366545418898,-0.012528225556015956,0.49218518518518506,
context,15,in_vivo_clearance,fnn_anchor,expected,9,20,16,-0.20080222248933244,0.6143958723803414,1.0958112166287277,0.4815812231302262,-0.01787887774407864,0.48896296296296293,
context,15,in_vivo_clearance,fnn_anchor,observed,0,20,16,-0.09596177449149645,0.5869623587038715,1.0468819295849443,0.45929069257775945,-0.012271731495857243,0.49355555555555564,
context,15,in_vivo_clearance,fnn_anchor,observed,1,20,16,0.18508173327984923,0.5061387337556157,0.9027282352514242,0.3965609651009242,-0.015306368904809168,0.49131481481481487,
context,15,in_vivo_clearance,fnn_anchor,observed,2,20,16,0.2502534088383085,0.48547827235233354,0.8658790857629555,0.3814429474771022,-0.01678039049108823,0.49037037037037035,
context,15,in_vivo_clearance,fnn_anchor,observed,4,20,16,0.34680294088794894,0.45314235587903867,0.808206074656737,0.35619424113631243,-0.012528225556015956,0.49218518518518506,
context,15,in_vivo_clearance,fnn_anchor,observed,9,20,16,0.4020722992166843,0.43354769818006733,0.7732578488339551,0.3418838521242142,-0.01787887774407864,0.48896296296296293,
context,15,in_vivo_clearance,fnn_ridge,expected,0,20,16,-0.09596177449149645,0.5869623587038715,1.0468819295849443,0.45929069257775945,-0.012271731495857243,0.49355555555555564,
context,15,in_vivo_clearance,fnn_ridge,expected,1,20,16,-0.09596177449149645,0.5869623587038715,1.0468819295849443,0.45929069257775945,-0.012271731495857243,0.49355555555555564,
context,15,in_vivo_clearance,fnn_ridge,expected,2,20,16,-0.09596177449149645,0.5869623587038715,1.0468819295849443,0.45929069257775945,-0.012271731495857243,0.49355555555555564,
context,15,in_vivo_clearance,fnn_ridge,expected,4,20,16,-0.09596177449149645,0.5869623587038715,1.0468819295849443,0.45929069257775945,-0.012271731495857243,0.49355555555555564,
context,15,in_vivo_clearance,fnn_ridge,expected,9,20,16,-0.09596177449149645,0.5869623587038715,1.0468819295849443,0.45929069257775945,-0.012271731495857243,0.49355555555555564,
context,15,in_vivo_clearance,fnn_ridge,observed,0,20,16,-0.09596177449149645,0.5869623587038715,1.0468819295849443,0.45929069257775945,-0.012271731495857243,0.49355555555555564,
context,15,in_vivo_clearance,fnn_ridge,observed,1,20,16,0.21409303927282142,0.4970477537695786,0.8865139371308149,0.38878449304898577,-0.012681903578341017,0.4934074074074074,
context,15,in_vivo_clearance,fnn_ridge,observed,2,20,16,0.287863142575691,0.47314502691630717,0.8438820162939301,0.3706758561929067,-0.012681903590758645,0.49357407407407405,
context,15,in_vivo_clearance,fnn_ridge,observed,4,20,16,0.38662336276854137,0.43911286684836515,0.7831836548546316,0.3435800885955492,-0.014015236968795466,0.4929074074074074,
context,15,in_vivo_clearance,fnn_ridge,observed,9,20,16,0.44016738194714555,0.4195093522492827,0.7482196322289696,0.3301940375566483,-0.013015236879388497,0.4932407407407407,
context,15,in_vivo_clearance,memory,expected,0,20,16,-0.03622134305967073,0.5707406617454625,1.0179495778572094,0.43823985026280077,0.021974075933297494,0.5097037037037035,
context,15,in_vivo_clearance,memory,expected,1,20,16,-0.06125780012691662,0.5775944286665121,1.0301736747398065,0.44515478036801015,0.02773166724791131,0.5107592592592592,
context,15,in_vivo_clearance,memory,expected,2,20,16,-0.059470226647327706,0.5771077761163815,1.0293057012604796,0.44452678551276537,0.02975654942293962,0.5134074074074074,
context,15,in_vivo_clearance,memory,expected,4,20,16,-0.05985633971687121,0.5772129270451499,1.0294932441336715,0.4447842823565006,0.03678252827376127,0.5127592592592591,
context,15,in_vivo_clearance,memory,expected,9,20,16,-0.06112215157889156,0.5775575138144423,1.0301078349274368,0.4448491672575473,0.026037926326195403,0.5101666666666667,
context,15,in_vivo_clearance,memory,observed,0,20,16,-0.03622134305967073,0.5707406617454625,1.0179495778572094,0.43823985026280077,0.021974075933297494,0.5097037037037035,
context,15,in_vivo_clearance,memory,observed,1,20,16,0.19478827294442558,0.5031153797553805,0.8973359053640807,0.39541227653622624,0.02700981029619775,0.5123703703703704,
context,15,in_vivo_clearance,memory,observed,2,20,16,0.2544488835232216,0.4841180332707981,0.8634530192643827,0.3782909789979457,-0.004756494822601478,0.5000185185185184,
context,15,in_vivo_clearance,memory,observed,4,20,16,0.32820026342319253,0.4595496741001624,0.8196339039942208,0.3579846820632616,0.0278744932760795,0.5119814814814815,
context,15,in_vivo_clearance,memory,observed,9,20,16,0.37916435487468825,0.441774729652338,0.7879312439073042,0.3442451450427373,0.06732472855597735,0.5277777777777777,
context,15,in_vivo_clearance,memory,shuffled_history,0,20,16,-0.035959896638544375,0.5706686561272596,1.017821151597148,0.4381447312831878,0.02524355970323087,0.5109074074074074,
context,15,in_vivo_clearance,memory,shuffled_history,1,20,16,0.19547367739642985,0.5029012056921366,0.8969539133108068,0.39522337752580644,0.02477496426552535,0.5117407407407406,
context,15,in_vivo_clearance,memory,shuffled_history,2,20,16,0.25519822885908294,0.483874681217194,0.8630189865471773,0.3780906367699305,-0.0033506526301304526,0.5003703703703704,
context,15,in_vivo_clearance,memory,shuffled_history,4,20,16,0.3289114714627943,0.4593063560748663,0.8191999319685065,0.35776421599586805,0.027630987800657758,0.5125,
context,15,in_vivo_clearance,memory,shuffled_history,9,20,16,0.3798533339571929,0.4415295294591384,0.7874939149243041,0.3440528309345245,0.06803359625240166,0.5285277777777777,
context,15,in_vivo_clearance,residual_memory,expected,0,20,16,-0.12900902944767578,0.5957461651997,1.062548365698087,0.465199470927318,-0.04036479191233714,0.4793333333333333,
context,15,in_vivo_clearance,residual_memory,expected,1,20,16,-0.12959899529249497,0.595901799024213,1.0628259477884867,0.4650422746141752,-0.04076630460719268,0.48001851851851846,
context,15,in_vivo_clearance,residual_memory,expected,2,20,16,-0.12951712753012257,0.5958802046216676,1.0627874328999767,0.46495618780453996,-0.04076630460719268,0.48001851851851846,
context,15,in_vivo_clearance,residual_memory,expected,4,20,16,-0.12922324092688187,0.5958026791917339,1.0626491617306635,0.4648412147164344,-0.04076630460719268,0.48001851851851846,
context,15,in_vivo_clearance,residual_memory,expected,9,20,16,-0.1289859672771867,0.5957400805407492,1.0625375133505577,0.4647649813095729,-0.04068946585059167,0.4801018518518518,
context,15,in_vivo_clearance,residual_memory,observed,0,20,16,-0.12900902944767578,0.5957461651997,1.062548365698087,0.465199470927318,-0.04036479191233714,0.4793333333333333,
context,15,in_vivo_clearance,residual_memory,observed,1,20,16,0.18705866049116282,0.5055244347164963,0.9016325967426184,0.3981237769126892,-0.04093297126392522,0.47951851851851846,
context,15,in_vivo_clearance,residual_memory,observed,2,20,16,0.2762414658129777,0.47699013451747324,0.850739992116876,0.3749050455192725,-0.030304176732897748,0.4865555555555555,
context,15,in_vivo_clearance,residual_memory,observed,4,20,16,0.34113588519113336,0.45510381382704196,0.8117044504059754,0.3566024527351061,-0.03458341608444849,0.48385185185185187,
context,15,in_vivo_clearance,residual_memory,observed,9,20,16,0.385337774622296,0.43957279862238935,0.7840039702563399,0.3432057697375615,-0.021086649112403384,0.4906574074074075,
context,15,in_vivo_clearance,residual_memory,shuffled_history,0,20,16,-0.12890103206008696,0.5957176709332596,1.062497544496027,0.4651839167475701,-0.04119812517116467,0.479,
context,15,in_vivo_clearance,residual_memory,shuffled_history,1,20,16,0.18721649714381638,0.5054753572775535,0.901545064240376,0.39809725632270176,-0.04059963788837193,0.47968518518518516,
context,15,in_vivo_clearance,residual_memory,shuffled_history,2,20,16,0.27635373174631017,0.476953138878135,0.8506740082156559,0.37487773839632665,-0.03063751007119813,0.4863888888888888,
context,15,in_vivo_clearance,residual_memory,shuffled_history,4,20,16,0.3412296180122235,0.4550714401700988,0.8116467100825189,0.3565793164670467,-0.03541674945503472,0.48351851851851857,
context,15,in_vivo_clearance,residual_memory,shuffled_history,9,20,16,0.3854117550062268,0.4395463444646107,0.7839567877082085,0.34319165185093875,-0.02149682120730479,0.49040740740740746,
context,15,microsomal_clearance,fnn,observed,0,311,183,0.056511264435725406,0.6267408419885466,0.9713334831891026,0.47014068425180827,0.27114657930776664,0.6175023752206611,
context,15,microsomal_clearance,fnn,observed,1,311,183,0.056511264438794284,0.6267408419875273,0.9713334831875229,0.47014068424669747,0.27114657930776664,0.6175023752206611,
context,15,microsomal_clearance,fnn,observed,2,311,183,0.056511264438794284,0.6267408419875273,0.9713334831875229,0.47014068424669747,0.27114657930776664,0.6175023752206611,
context,15,microsomal_clearance,fnn,observed,4,311,183,0.056511264438794284,0.6267408419875273,0.9713334831875229,0.47014068424669747,0.27114657930776664,0.6175023752206611,
context,15,microsomal_clearance,fnn,observed,9,311,183,0.056511264438794284,0.6267408419875273,0.9713334831875229,0.47014068424669747,0.27114657930776664,0.6175023752206611,
context,15,microsomal_clearance,fnn_anchor,expected,0,311,183,0.056511264435725406,0.6267408419885466,0.9713334831891026,0.47014068425180827,0.27114657930776664,0.6175023752206611,
context,15,microsomal_clearance,fnn_anchor,expected,1,311,183,0.02522498157009867,0.6370475242668167,0.9873069524873718,0.48010330319708056,0.2735955398026547,0.6185265454580069,
context,15,microsomal_clearance,fnn_anchor,expected,2,311,183,0.01539154812493293,0.6402526972196011,0.9922743833613096,0.4831404502496586,0.2728045993484382,0.6181725472829758,
context,15,microsomal_clearance,fnn_anchor,expected,4,311,183,0.007741800652867337,0.6427350520680808,0.9961215785972778,0.48531031308529976,0.27362775392972977,0.6187793372579075,
context,15,microsomal_clearance,fnn_anchor,expected,9,311,183,0.0018929868275663342,0.6446265528238823,0.9990530582368654,0.4872098915791587,0.2739217442040305,0.6189425002167117,
context,15,microsomal_clearance,fnn_anchor,observed,0,311,183,0.056511264435725406,0.6267408419885466,0.9713334831891026,0.47014068425180827,0.27114657930776664,0.6175023752206611,
context,15,microsomal_clearance,fnn_anchor,observed,1,311,183,0.29045461276073925,0.5435127388313693,0.842345171078496,0.4113088862027769,0.2736292311907614,0.618544919367056,
context,15,microsomal_clearance,fnn_anchor,observed,2,311,183,0.37458844092347676,0.5102729996470317,0.790829665020555,0.38657028745799965,0.2727828846728137,0.6181618291693638,
context,15,microsomal_clearance,fnn_anchor,observed,4,311,183,0.43671049310220056,0.4842676603255013,0.7505261533736179,0.3664411068387481,0.2736299109343018,0.6187846963147134,
context,15,microsomal_clearance,fnn_anchor,observed,9,311,183,0.4844445552316371,0.4632946934974655,0.7180218971371018,0.35134050876413253,0.2739242501545085,0.6189371411599057,
context,15,microsomal_clearance,fnn_ridge,expected,0,311,183,0.056511264435725406,0.6267408419885466,0.9713334831891026,0.47014068425180827,0.27114657930776664,0.6175023752206611,
context,15,microsomal_clearance,fnn_ridge,expected,1,311,183,0.056511264438794284,0.6267408419875273,0.9713334831875229,0.47014068424669747,0.27114657930776664,0.6175023752206611,
context,15,microsomal_clearance,fnn_ridge,expected,2,311,183,0.056511264438794284,0.6267408419875273,0.9713334831875229,0.47014068424669747,0.27114657930776664,0.6175023752206611,
context,15,microsomal_clearance,fnn_ridge,expected,4,311,183,0.056511264438794284,0.6267408419875273,0.9713334831875229,0.47014068424669747,0.27114657930776664,0.6175023752206611,
context,15,microsomal_clearance,fnn_ridge,expected,9,311,183,0.056511264438794284,0.6267408419875273,0.9713334831875229,0.47014068424669747,0.27114657930776664,0.6175023752206611,
context,15,microsomal_clearance,fnn_ridge,observed,0,311,183,0.056511264435725406,0.6267408419885466,0.9713334831891026,0.47014068425180827,0.27114657930776664,0.6175023752206611,
context,15,microsomal_clearance,fnn_ridge,observed,1,311,183,0.30359655078466186,0.5384558426339751,0.8345079084198892,0.40613574131684416,0.2715866231943331,0.6177306029890818,
context,15,microsomal_clearance,fnn_ridge,observed,2,311,183,0.3921914158409715,0.5030406158255639,0.7796207951042792,0.37976662528508476,0.2715306813188641,0.6176569159579993,
context,15,microsomal_clearance,fnn_ridge,observed,4,311,183,0.4579881598070903,0.47503326608235996,0.7362145340815472,0.3580589965254164,0.2729094520867308,0.6182458167559032,
context,15,microsomal_clearance,fnn_ridge,observed,9,311,183,0.5094096315962449,0.4519382980740964,0.7004215647763532,0.34098279480621746,0.2762538832976838,0.6197087116673512,
context,15,microsomal_clearance,memory,expected,0,311,183,0.0460889773618639,0.630192993816248,0.9766836860714609,0.47334510677816527,0.26535185572810044,0.6141859342581858,
context,15,microsomal_clearance,memory,expected,1,311,183,0.036805688957383786,0.6332520310793421,0.9814246333991298,0.47652283417849545,0.26556910940936074,0.6142231286643512,
context,15,microsomal_clearance,memory,expected,2,311,183,0.03747125936347395,0.6330332036621944,0.9810854909927708,0.4761276229273723,0.2655697271269095,0.6141812297246316,
context,15,microsomal_clearance,memory,expected,4,311,183,0.03730217735300445,0.633088801911953,0.9811716580940338,0.476131326571059,0.2651547853417346,0.6141271925685046,
context,15,microsomal_clearance,memory,expected,9,311,183,0.03575446241098457,0.6335975012528114,0.9819600488762338,0.47643411195578417,0.26543892753503817,0.6142033889992027,
context,15,microsomal_clearance,memory,observed,0,311,183,0.0460889773618639,0.630192993816248,0.9766836860714609,0.47334510677816527,0.26535185572810044,0.6141859342581858,
context,15,microsomal_clearance,memory,observed,1,311,183,0.2720776679334306,0.5505061292357757,0.8531836449830537,0.4146316633641017,0.26603370526524023,0.614379349423466,
context,15,microsomal_clearance,memory,observed,2,311,183,0.3744159311319848,0.5103433701239728,0.7909387263676089,0.3836542416465372,0.2640824127243709,0.6139469215398438,
context,15,microsomal_clearance,memory,observed,4,311,183,0.43932843743870853,0.48314100854475905,0.7487800495214142,0.3624137746867706,0.2706620748375295,0.6169238431647519,
context,15,microsomal_clearance,memory,observed,9,311,183,0.48272733870316886,0.4640656250581306,0.7192166998178164,0.3491539934756671,0.2793099417410112,0.6208226464437548,
context,15,microsomal_clearance,memory,shuffled_history,0,311,183,0.05052082537559277,0.6287273586475991,0.9744122200713655,0.47197328454843795,0.26487122403480606,0.6139934973334337,
context,15,microsomal_clearance,memory,shuffled_history,1,311,183,0.27503751723251557,0.5493857659421412,0.8514472871337864,0.41362010706148217,0.26520368818557905,0.6141255598047246,
context,15,microsomal_clearance,memory,shuffled_history,2,311,183,0.37688948461669647,0.5093334243796535,0.7893734954907616,0.3828160232238447,0.2633402351421433,0.6137188591744109,
context,15,microsomal_clearance,memory,shuffled_history,4,311,183,0.4415598880454624,0.482178608975382,0.747288506505043,0.36161971809875537,0.26941745213081886,0.6160130414854997,
context,15,microsomal_clearance,memory,shuffled_history,9,311,183,0.4846421761783285,0.4632058907194706,0.7178842691002997,0.3484733723587928,0.27960485146646213,0.6206964085205358,
context,15,microsomal_clearance,residual_memory,expected,0,311,183,0.03894623336720415,0.6325479893221302,0.9803334976592384,0.4762358365408349,0.2605734131312569,0.6129828837275056,
context,15,microsomal_clearance,residual_memory,expected,1,311,183,0.03496838861071805,0.6338557098269841,0.9823602248611667,0.4775896142073382,0.2597966083137419,0.6126557291071723,
context,15,microsomal_clearance,residual_memory,expected,2,311,183,0.0356958293897921,0.6336167645885207,0.9819899035174485,0.47740163384526485,0.2597347967213575,0.6126261266981485,
context,15,microsomal_clearance,residual_memory,expected,4,311,183,0.03562508153671784,0.6336400073603345,0.9820259255555742,0.4773691780515423,0.2595077628201755,0.6124704588575932,
context,15,microsomal_clearance,residual_memory,expected,9,311,183,0.03580584674490994,0.6335806189245772,0.9819338843603932,0.4772913810652296,0.25946807636475966,0.6124377941303948,
context,15,microsomal_clearance,residual_memory,observed,0,311,183,0.03894623336720415,0.6325479893221302,0.9803334976592384,0.4762358365408349,0.2605734131312569,0.6129828837275056,
context,15,microsomal_clearance,residual_memory,observed,1,311,183,0.23877014494637328,0.5629600069464157,0.872484873825115,0.42326576176946956,0.25960546517533767,0.6124800924001851,
context,15,microsomal_clearance,residual_memory,observed,2,311,183,0.37247571520750977,0.5111341589453869,0.7921643041645402,0.3839497578949023,0.26129295091504584,0.6130892662034843,
context,15,microsomal_clearance,residual_memory,observed,4,311,183,0.4491303285587309,0.47889915230534413,0.7422059494784915,0.35973826395257874,0.270944299732223,0.6178813144784729,
context,15,microsomal_clearance,residual_memory,observed,9,311,183,0.49613292917778007,0.4580128106661507,0.709835946414536,0.34488363324733406,0.2821706958660784,0.6227362185892975,
context,15,microsomal_clearance,residual_memory,shuffled_history,0,311,183,0.039036946124361704,0.6325181358798909,0.9802872302930598,0.47619987353363097,0.2606071332300522,0.6130040222293515,
context,15,microsomal_clearance,residual_memory,shuffled_history,1,311,183,0.238825702462932,0.5629394630657507,0.8724530345738205,0.423237638580518,0.2594599929732529,0.6123910178278765,
context,15,microsomal_clearance,residual_memory,shuffled_history,2,311,183,0.37251703460448704,0.5111173308294052,0.7921382236677592,0.38392837799055396,0.2610105574281091,0.612980128586308,
context,15,microsomal_clearance,residual_memory,shuffled_history,4,311,183,0.4491688620700427,0.4788824024372895,0.7421799902516621,0.3597200345941934,0.2710673785733956,0.6179105766299215,
context,15,microsomal_clearance,residual_memory,shuffled_history,9,311,183,0.49616635236230244,0.4579976196550277,0.7098124031303606,0.34486960445921006,0.2821852688945459,0.6227587606536402,
context,15,permeability,fnn,observed,0,72,62,0.1398097987636996,0.7491114615422542,0.9274643935140047,0.5575064165697055,0.26851748671658615,0.6090404541446208,
context,15,permeability,fnn,observed,1,72,62,0.1398097987636996,0.7491114615422542,0.9274643935140047,0.5575064165697055,0.26851748671658615,0.6090404541446208,
context,15,permeability,fnn,observed,2,72,62,0.1398097987636996,0.7491114615422542,0.9274643935140047,0.5575064165697055,0.26851748671658615,0.6090404541446208,
context,15,permeability,fnn,observed,4,72,62,0.1398097987636996,0.7491114615422542,0.9274643935140047,0.5575064165697055,0.26851748671658615,0.6090404541446208,
context,15,permeability,fnn,observed,9,72,62,0.1398097987636996,0.7491114615422542,0.9274643935140047,0.5575064165697055,0.26851748671658615,0.6090404541446208,
context,15,permeability,fnn_anchor,expected,0,72,62,0.1398097987636996,0.7491114615422542,0.9274643935140047,0.5575064165697055,0.26851748671658615,0.6090404541446208,
context,15,permeability,fnn_anchor,expected,1,72,62,0.10366584859339056,0.7646878121836094,0.9467492547695031,0.5739332073650978,0.2674853179603815,0.6094784318048208,
context,15,permeability,fnn_anchor,expected,2,72,62,0.09253476692476548,0.7694212809721328,0.9526096960850412,0.5791897778516567,0.2715923648500056,0.6109290490887713,
context,15,permeability,fnn_anchor,expected,4,72,62,0.07966687938971184,0.7748572879413578,0.9593399400683201,0.5844226427155511,0.27580972928208886,0.6129153806584361,
context,15,permeability,fnn_anchor,expected,9,72,62,0.07249781144238776,0.7778693650221653,0.9630691504547387,0.5876459776306593,0.27803845516992387,0.6133386610817166,
context,15,permeability,fnn_anchor,observed,0,72,62,0.1398097987636996,0.7491114615422542,0.9274643935140047,0.5575064165697055,0.26851748671658615,0.6090404541446208,
context,15,permeability,fnn_anchor,observed,1,72,62,0.3768601367696699,0.6375906852711228,0.7893920846007579,0.48325516468948787,0.2674853179603815,0.6094784318048208,
context,15,permeability,fnn_anchor,observed,2,72,62,0.4383702616935,0.6053049761384806,0.7494196009623046,0.4577047808026826,0.2715923648500056,0.6109290490887713,
context,15,permeability,fnn_anchor,observed,4,72,62,0.4902715044789434,0.5766584400209843,0.7139527263909401,0.43997212947932657,0.27580972928208886,0.6129153806584361,
context,15,permeability,fnn_anchor,observed,9,72,62,0.5249247396943223,0.5567117708050907,0.6892570350063013,0.42642033629947235,0.27803845516992387,0.6133386610817166,
context,15,permeability,fnn_ridge,expected,0,72,62,0.1398097987636996,0.7491114615422542,0.9274643935140047,0.5575064165697055,0.26851748671658615,0.6090404541446208,
context,15,permeability,fnn_ridge,expected,1,72,62,0.1398097987636996,0.7491114615422542,0.9274643935140047,0.5575064165697055,0.26851748671658615,0.6090404541446208,
context,15,permeability,fnn_ridge,expected,2,72,62,0.1398097987636996,0.7491114615422542,0.9274643935140047,0.5575064165697055,0.26851748671658615,0.6090404541446208,
context,15,permeability,fnn_ridge,expected,4,72,62,0.1398097987636996,0.7491114615422542,0.9274643935140047,0.5575064165697055,0.26851748671658615,0.6090404541446208,
context,15,permeability,fnn_ridge,expected,9,72,62,0.1398097987636996,0.7491114615422542,0.9274643935140047,0.5575064165697055,0.26851748671658615,0.6090404541446208,
context,15,permeability,fnn_ridge,observed,0,72,62,0.1398097987636996,0.7491114615422542,0.9274643935140047,0.5575064165697055,0.26851748671658615,0.6090404541446208,
context,15,permeability,fnn_ridge,observed,1,72,62,0.39366461540963216,0.6289348399124455,0.7786754038688829,0.4736651652527076,0.2690798491549989,0.6094244194591416,
context,15,permeability,fnn_ridge,observed,2,72,62,0.4578987190268057,0.5946883259472975,0.7362752752695111,0.44674907594643254,0.2699514581373444,0.6097716416813639,
context,15,permeability,fnn_ridge,observed,4,72,62,0.5148671174697018,0.5625738648502877,0.6965148114220531,0.4264963013982331,0.27092739319842724,0.6101335611405055,
context,15,permeability,fnn_ridge,observed,9,72,62,0.5535724017602185,0.5396655729349253,0.6681523765128592,0.40995455155494037,0.2733469323531069,0.611130768665491,
context,15,permeability,memory,expected,0,72,62,0.026135106873298564,0.7970738321209979,0.9868459318083554,0.5981661421764228,0.2869342724068297,0.6170335464432686,
context,15,permeability,memory,expected,1,72,62,0.004668235404939991,0.8058108829289031,0.9976631518679339,0.6043028103311856,0.2871194576223691,0.617079842739565,
context,15,permeability,memory,expected,2,72,62,0.0016813358557918878,0.8070190595635657,0.9991589784134496,0.604778159747797,0.28791581178084014,0.6174399250440917,
context,15,permeability,memory,expected,4,72,62,0.0022061473482125615,0.8068069085895189,0.9988963172681073,0.6045614939527931,0.2882109505779765,0.6175865299823633,
context,15,permeability,memory,expected,9,72,62,0.002288597823258076,0.8067735735539404,0.9988550456281141,0.604376099396635,0.28724082924977495,0.6173370443856554,
context,15,permeability,memory,observed,0,72,62,0.026135106873298564,0.7970738321209979,0.9868459318083554,0.5981661421764228,0.2869342724068297,0.6170335464432686,
context,15,permeability,memory,observed,1,72,62,0.31626005445061955,0.6678742091339671,0.8268856907392825,0.5037578301352483,0.2873046427792697,0.6171724353321575,
context,15,permeability,memory,observed,2,72,62,0.4219958530131075,0.6140654652700626,0.7602658396816817,0.4611465540376527,0.288791551851426,0.6179063786008231,
context,15,permeability,memory,observed,4,72,62,0.4787614591806232,0.5831327815964947,0.721968517886602,0.43830160461228207,0.2919160121706901,0.6192509920634921,
context,15,permeability,memory,observed,9,72,62,0.5184816699294705,0.5604741777029602,0.6939152182151141,0.421260282655281,0.297467700926656,0.6217855305702528,
context,15,permeability,memory,shuffled_history,0,72,62,0.04253134550900428,0.7903354800337085,0.9785032726010658,0.5919491081298501,0.28794361347056646,0.6173840755437978,
context,15,permeability,memory,shuffled_history,1,72,62,0.32733495566413906,0.6624431692843307,0.8201615964770973,0.49922706409185025,0.288369901754238,0.6175975529100529,
context,15,permeability,memory,shuffled_history,2,72,62,0.42885208069655567,0.610412608773144,0.7557432892877345,0.45848252872488005,0.29093665164653904,0.6189590681951793,
context,15,permeability,memory,shuffled_history,4,72,62,0.48423059608630636,0.5800654306945942,0.7181708737575575,0.4362192210996592,0.2914982218053882,0.619196244855967,
context,15,permeability,memory,shuffled_history,9,72,62,0.5238257161434101,0.5573553382087247,0.6900538267820778,0.4194483266315526,0.2980352373345306,0.6219365446796002,
context,15,permeability,residual_memory,expected,0,72,62,0.09212491946246693,0.7695950120145783,0.952824790051945,0.5770401275937479,0.2653413678381454,0.6097380217519106,
context,15,permeability,residual_memory,expected,1,72,62,0.08771588374898265,0.7714614924696749,0.9551356533241848,0.5793875420714418,0.26390192089257414,0.6088172398589066,
context,15,permeability,residual_memory,expected,2,72,62,0.08763648190664686,0.7714950643196599,0.9551772181607731,0.579158282475891,0.26497395183822076,0.6093419312169311,
context,15,permeability,residual_memory,expected,4,72,62,0.08793591166224457,0.7713684549524318,0.9550204648790284,0.5789751973251502,0.26438608827690285,0.6090737066431511,
context,15,permeability,residual_memory,expected,9,72,62,0.08817802648502349,0.7712660651450575,0.9548936974946355,0.5789159816048212,0.26497140678197695,0.6093283362727807,
context,15,permeability,residual_memory,observed,0,72,62,0.09212491946246693,0.7695950120145783,0.952824790051945,0.5770401275937479,0.2653413678381454,0.6097380217519106,
context,15,permeability,residual_memory,observed,1,72,62,0.36882958397453125,0.6416859254242934,0.794462343994647,0.4878019977843871,0.2634668296272004,0.6088260582010583,
context,15,permeability,residual_memory,observed,2,72,62,0.4547893728708168,0.5963913729880117,0.7383837939237177,0.4496683237963805,0.2746238137008967,0.61375,
context,15,permeability,residual_memory,observed,4,72,62,0.5097574657474535,0.565528753262668,0.700173217320219,0.4278467590913728,0.27865915286734144,0.6146290784832451,
context,15,permeability,residual_memory,observed,9,72,62,0.5507305886930363,0.541380515934678,0.6702756233870987,0.41048711684428985,0.2927139541410186,0.6211798206937096,
context,15,permeability,residual_memory,shuffled_history,0,72,62,0.1002199133826236,0.7661563141362383,0.9485673864398757,0.5738691841466008,0.2693006070054792,0.6113378159905938,
context,15,permeability,residual_memory,shuffled_history,1,72,62,0.3731968935509956,0.6394620365575484,0.791708978380948,0.48613851330898417,0.26799621302289545,0.61067791005291,
context,15,permeability,residual_memory,shuffled_history,2,72,62,0.45814580622275924,0.59455278243954,0.7361074607536869,0.44828197545199483,0.27687129260006327,0.6146733539094651,
context,15,permeability,residual_memory,shuffled_history,4,72,62,0.5115947664673615,0.5644680316199643,0.6988599527320467,0.4269714026829159,0.28224186843813015,0.616451903292181,
context,15,permeability,residual_memory,shuffled_history,9,72,62,0.5527864565402651,0.5401404103587839,0.6687402660672788,0.4092933828452671,0.29556487117790514,0.62236221340388,
context,15,protein_binding,fnn,observed,0,44,29,0.08622319980651594,0.8886964757642662,0.9559167328766057,0.5919080607051199,0.41492878666824917,0.6760551948051948,
context,15,protein_binding,fnn,observed,1,44,29,0.08622319980651594,0.8886964757642662,0.9559167328766057,0.5919080607051199,0.41492878666824917,0.6760551948051948,
context,15,protein_binding,fnn,observed,2,44,29,0.08622319980651594,0.8886964757642662,0.9559167328766057,0.5919080607051199,0.41492878666824917,0.6760551948051948,
context,15,protein_binding,fnn,observed,4,44,29,0.08622319980651594,0.8886964757642662,0.9559167328766057,0.5919080607051199,0.41492878666824917,0.6760551948051948,
context,15,protein_binding,fnn,observed,9,44,29,0.08622319980651594,0.8886964757642662,0.9559167328766057,0.5919080607051199,0.41492878666824917,0.6760551948051948,
context,15,protein_binding,fnn_anchor,expected,0,44,29,0.08622319980651594,0.8886964757642662,0.9559167328766057,0.5919080607051199,0.41492878666824917,0.6760551948051948,
context,15,protein_binding,fnn_anchor,expected,1,44,29,0.044689523367755,0.9086689004519097,0.9773998550400164,0.6122799644190254,0.4126599563201043,0.6751082251082251,
context,15,protein_binding,fnn_anchor,expected,2,44,29,0.03406085082736143,0.9137097900604566,0.9828220333166319,0.6196051980735677,0.4118674538154719,0.6747967772967773,
context,15,protein_binding,fnn_anchor,expected,4,44,29,0.01489414650881915,0.9227304318069649,0.9925249888497422,0.6277341921085661,0.4137921156643918,0.6752943121693121,
context,15,protein_binding,fnn_anchor,expected,9,44,29,0.003479200510897562,0.928061118297786,0.9982588840020922,0.6325926631282677,0.41154042427343396,0.6743635762385762,
context,15,protein_binding,fnn_anchor,observed,0,44,29,0.08622319980651594,0.8886964757642662,0.9559167328766057,0.5919080607051199,0.41492878666824917,0.6760551948051948,
context,15,protein_binding,fnn_anchor,observed,1,44,29,0.350112557476295,0.7494669167462837,0.8061559666241421,0.5020817665981524,0.4126599563201043,0.6751082251082251,
context,15,protein_binding,fnn_anchor,observed,2,44,29,0.36553569249373385,0.7405203399400017,0.7965326782413049,0.48197628360354544,0.4118674538154719,0.6747967772967773,
context,15,protein_binding,fnn_anchor,observed,4,44,29,0.4103175263583694,0.7139084199539826,0.7679078549159597,0.4614453981139443,0.4137921156643918,0.6752943121693121,
context,15,protein_binding,fnn_anchor,observed,9,44,29,0.4448963237931066,0.6926605379865132,0.7450528009523173,0.44206290404001874,0.41154042427343396,0.6743635762385762,
context,15,protein_binding,fnn_ridge,expected,0,44,29,0.08622319980651594,0.8886964757642662,0.9559167328766057,0.5919080607051199,0.41492878666824917,0.6760551948051948,
context,15,protein_binding,fnn_ridge,expected,1,44,29,0.08622319980651594,0.8886964757642662,0.9559167328766057,0.5919080607051199,0.41492878666824917,0.6760551948051948,
context,15,protein_binding,fnn_ridge,expected,2,44,29,0.08622319980651594,0.8886964757642662,0.9559167328766057,0.5919080607051199,0.41492878666824917,0.6760551948051948,
context,15,protein_binding,fnn_ridge,expected,4,44,29,0.08622319980651594,0.8886964757642662,0.9559167328766057,0.5919080607051199,0.41492878666824917,0.6760551948051948,
context,15,protein_binding,fnn_ridge,expected,9,44,29,0.08622319980651594,0.8886964757642662,0.9559167328766057,0.5919080607051199,0.41492878666824917,0.6760551948051948,
context,15,protein_binding,fnn_ridge,observed,0,44,29,0.08622319980651594,0.8886964757642662,0.9559167328766057,0.5919080607051199,0.41492878666824917,0.6760551948051948,
context,15,protein_binding,fnn_ridge,observed,1,44,29,0.2266373465273227,0.8175700845936801,0.8794104010487238,0.5296261224060347,0.41492878666824917,0.6760551948051948,
context,15,protein_binding,fnn_ridge,observed,2,44,29,0.3148260696259807,0.7695446254280833,0.8277523363748479,0.48759801132209374,0.41492878666824917,0.6760551948051948,
context,15,protein_binding,fnn_ridge,observed,4,44,29,0.38319181592280527,0.7301438943367735,0.7853713669832857,0.45888492521914565,0.4151231007452942,0.6761393698893698,
context,15,protein_binding,fnn_ridge,observed,9,44,29,0.4451586203026171,0.6924968713452097,0.7448767547033421,0.42670699218908936,0.41504734314018576,0.6762151274651274,
context,15,protein_binding,memory,expected,0,44,29,0.04914015910379954,0.9065497592681333,0.9751204237919543,0.6134347856157656,0.3704283433740564,0.6574296536796536,
context,15,protein_binding,memory,expected,1,44,29,0.07750155218828592,0.892927536569645,0.9604678275776415,0.608040351601261,0.3722799016134531,0.658252465127465,
context,15,protein_binding,memory,expected,2,44,29,0.06971900659325281,0.8966861630257772,0.9645107533909341,0.6087892095428524,0.3728842542676086,0.658185125060125,
context,15,protein_binding,memory,expected,4,44,29,0.06974523358782336,0.896673523001391,0.9644971572856897,0.6085340982743285,0.37420165389494014,0.6590058321308322,
context,15,protein_binding,memory,expected,9,44,29,0.06532711327236418,0.8988003161135708,0.966784819247611,0.6092189453768008,0.37160401812500576,0.6580167748917749,
context,15,protein_binding,memory,observed,0,44,29,0.04914015910379954,0.9065497592681333,0.9751204237919543,0.6134347856157656,0.3704283433740564,0.6574296536796536,
context,15,protein_binding,memory,observed,1,44,29,0.27850529123778944,0.7896778734069515,0.8494084463685363,0.5298384566921176,0.37140009340293934,0.6577600408850408,
context,15,protein_binding,memory,observed,2,44,29,0.31270755794016014,0.7707333973353135,0.8290310259935028,0.49255795165444866,0.3709254908036779,0.6581289081289081,
context,15,protein_binding,memory,observed,4,44,29,0.3640229829004462,0.7414026002220125,0.7974816719521232,0.46994148492361565,0.3703583502944446,0.6567857142857142,
context,15,protein_binding,memory,observed,9,44,29,0.4063580984139372,0.7163011821727361,0.7704816036649174,0.44537195143826075,0.37075125544303744,0.6568698893698893,
context,15,protein_binding,memory,shuffled_history,0,44,29,0.06006898315764786,0.9013249324816711,0.9695003954833398,0.6119682809800812,0.36981663878612,0.6572234247234247,
context,15,protein_binding,memory,shuffled_history,1,44,29,0.2852521349146333,0.7859769819839333,0.8454276226179073,0.5289293595967869,0.3706229177134281,0.6576190476190475,
context,15,protein_binding,memory,shuffled_history,2,44,29,0.31942420923895665,0.7669581068331829,0.8249701756797293,0.4915913953699848,0.3703661652310102,0.6581541606541607,
context,15,protein_binding,memory,shuffled_history,4,44,29,0.3709246663888096,0.7373687404045477,0.7931426943565643,0.4689367481727492,0.3694782819062697,0.6570214045214046,
context,15,protein_binding,memory,shuffled_history,9,44,29,0.4134761267926724,0.7119938478831948,0.7658484662172587,0.44427940740729815,0.36984413354516477,0.6564520202020202,
context,15,protein_binding,residual_memory,expected,0,44,29,0.044195902625964734,0.9089036303650416,0.977652339727183,0.6136610654177087,0.39835123333590805,0.6711760461760462,
context,15,protein_binding,residual_memory,expected,1,44,29,0.046803319425383294,0.9076630471405656,0.9763179198266396,0.6139872113366922,0.3983917407145856,0.6711486892736893,
context,15,protein_binding,residual_memory,expected,2,44,29,0.04471326029727318,0.9086576113767044,0.9773877120686175,0.6144424996773402,0.3986190133775123,0.6713002044252044,
context,15,protein_binding,residual_memory,expected,4,44,29,0.044282097570745416,0.9088626467237406,0.9776082561175793,0.6143782045398697,0.39848127458432714,0.6711486892736892,
context,15,protein_binding,residual_memory,expected,9,44,29,0.0435710318641066,0.9092006862732085,0.977971864695449,0.6145046394024832,0.398208507061983,0.6710350529100528,
context,15,protein_binding,residual_memory,observed,0,44,29,0.044195902625964734,0.9089036303650416,0.977652339727183,0.6136610654177087,0.39835123333590805,0.6711760461760462,
context,15,protein_binding,residual_memory,observed,1,44,29,0.29271284262111674,0.7818641139964081,0.8410036607404769,0.5221762857653877,0.39935773059236584,0.6715632515632515,
context,15,protein_binding,residual_memory,observed,2,44,29,0.32542873687473084,0.7635672840115197,0.8213228738597684,0.4833768785586862,0.4023881524998808,0.6724359668109668,
context,15,protein_binding,residual_memory,observed,4,44,29,0.3748973366813957,0.7350367762251427,0.790634342359731,0.4625462603535164,0.4043769622089888,0.6738266594516594,
context,15,protein_binding,residual_memory,observed,9,44,29,0.4211139829225874,0.7073427781393012,0.7608455934533712,0.44300361277479117,0.4014499447205001,0.6728360990860991,
context,15,protein_binding,residual_memory,shuffled_history,0,44,29,0.04418677468072307,0.9089079703771754,0.9776570080141997,0.6136667788570578,0.3981957821307158,0.6712518037518037,
context,15,protein_binding,residual_memory,shuffled_history,1,44,29,0.29265524180808933,0.7818959504939946,0.8410379053240767,0.5220769412318865,0.3988482541959696,0.6713002044252043,
context,15,protein_binding,residual_memory,shuffled_history,2,44,29,0.32539520221360607,0.7635862632160073,0.8213432886353877,0.4833089554129225,0.40228534040577485,0.6723223304473304,
context,15,protein_binding,residual_memory,shuffled_history,4,44,29,0.3748947412005381,0.735038302192007,0.7906359837494509,0.46247364832935,0.4046988510931231,0.6738371813371813,
context,15,protein_binding,residual_memory,shuffled_history,9,44,29,0.42112867880816784,0.7073337996062212,0.7608359357915687,0.44292757412249395,0.4024802870578086,0.6732834295334293,
context,20,cellular_clearance,fnn,observed,0,50,33,0.0024473347006657153,0.6622696900301106,0.9987755830512349,0.5131194800684848,0.22024594243367512,0.5975722222222223,
context,20,cellular_clearance,fnn,observed,1,50,33,0.0024473347006657153,0.6622696900301106,0.9987755830512349,0.5131194800684848,0.22024594243367512,0.5975722222222223,
context,20,cellular_clearance,fnn,observed,2,50,33,0.0024473347006657153,0.6622696900301106,0.9987755830512349,0.5131194800684848,0.22024594243367512,0.5975722222222223,
context,20,cellular_clearance,fnn,observed,4,50,33,0.0024473347006657153,0.6622696900301106,0.9987755830512349,0.5131194800684848,0.22024594243367512,0.5975722222222223,
context,20,cellular_clearance,fnn,observed,9,50,33,0.0024473347006657153,0.6622696900301106,0.9987755830512349,0.5131194800684848,0.22024594243367512,0.5975722222222223,
context,20,cellular_clearance,fnn_anchor,expected,0,50,33,0.0024473347006657153,0.6622696900301106,0.9987755830512349,0.5131194800684848,0.22024594243367512,0.5975722222222223,
context,20,cellular_clearance,fnn_anchor,expected,1,50,33,-0.031053983898123638,0.6732985278502694,1.0154082843359726,0.5232974122544128,0.22649793817102912,0.6010182539682539,
context,20,cellular_clearance,fnn_anchor,expected,2,50,33,-0.04104340941605322,0.6765523113864884,1.0203153480253315,0.526582701899608,0.22309280999004838,0.5988597883597884,
context,20,cellular_clearance,fnn_anchor,expected,4,50,33,-0.05186940731576106,0.6800610077520771,1.0256068483175027,0.5298534024377662,0.22872871848444143,0.6024066137566138,
context,20,cellular_clearance,fnn_anchor,expected,9,50,33,-0.058058103876814204,0.6820586506407148,1.0286195136574137,0.5318176000912984,0.23081163932879764,0.6032015873015873,
context,20,cellular_clearance,fnn_anchor,observed,0,50,33,0.0024473347006657153,0.6622696900301106,0.9987755830512349,0.5131194800684848,0.22024594243367512,0.5975722222222223,
context,20,cellular_clearance,fnn_anchor,observed,1,50,33,0.2589716311896486,0.5708005458704036,0.8608300464147097,0.44128652652502054,0.22649793817102912,0.6010182539682539,
context,20,cellular_clearance,fnn_anchor,observed,2,50,33,0.3381348643801909,0.5394506428512069,0.8135509422401336,0.41615967200597126,0.22309280999004838,0.5988597883597884,
context,20,cellular_clearance,fnn_anchor,observed,4,50,33,0.3883156435598216,0.5185977753666126,0.782102522972646,0.40229711616834,0.22872871848444143,0.6024066137566138,
context,20,cellular_clearance,fnn_anchor,observed,9,50,33,0.44141047205340467,0.4955795275981313,0.7473884719117597,0.3821649845659733,0.23081163932879764,0.6032015873015873,
context,20,cellular_clearance,fnn_ridge,expected,0,50,33,0.0024473347006657153,0.6622696900301106,0.9987755830512349,0.5131194800684848,0.22024594243367512,0.5975722222222223,
context,20,cellular_clearance,fnn_ridge,expected,1,50,33,0.0024473347006657153,0.6622696900301106,0.9987755830512349,0.5131194800684848,0.22024594243367512,0.5975722222222223,
context,20,cellular_clearance,fnn_ridge,expected,2,50,33,0.0024473347006657153,0.6622696900301106,0.9987755830512349,0.5131194800684848,0.22024594243367512,0.5975722222222223,
context,20,cellular_clearance,fnn_ridge,expected,4,50,33,0.0024473347006657153,0.6622696900301106,0.9987755830512349,0.5131194800684848,0.22024594243367512,0.5975722222222223,
context,20,cellular_clearance,fnn_ridge,expected,9,50,33,0.0024473347006657153,0.6622696900301106,0.9987755830512349,0.5131194800684848,0.22024594243367512,0.5975722222222223,
context,20,cellular_clearance,fnn_ridge,observed,0,50,33,0.0024473347006657153,0.6622696900301106,0.9987755830512349,0.5131194800684848,0.22024594243367512,0.5975722222222223,
context,20,cellular_clearance,fnn_ridge,observed,1,50,33,0.2231693737491549,0.5844268121321543,0.8813799556665928,0.4462035275598367,0.21995416311919694,0.5974481481481482,
context,20,cellular_clearance,fnn_ridge,observed,2,50,33,0.28596563558917176,0.5603076078787224,0.8450055410533284,0.4258163754502932,0.21995243122180302,0.5974814814814815,
context,20,cellular_clearance,fnn_ridge,observed,4,50,33,0.3408935588790244,0.5383252372461186,0.8118537067236778,0.4109228501230478,0.2203442102770011,0.5976888888888889,
context,20,cellular_clearance,fnn_ridge,observed,9,50,33,0.4069250722329032,0.5106481288550463,0.7701135810821004,0.3890904455463091,0.2214379475067059,0.5982915343915344,
context,20,cellular_clearance,memory,expected,0,50,33,-0.028168339450248325,0.6723556764044688,1.0139863605839323,0.5199066177646319,0.2016651352867484,0.585521693121693,
context,20,cellular_clearance,memory,expected,1,50,33,-0.04929803721039283,0.6792292702094486,1.024352496560824,0.526807035168012,0.20681952943156162,0.5882732804232804,
context,20,cellular_clearance,memory,expected,2,50,33,-0.05099777725532628,0.6797791835722734,1.0251818264363284,0.5270314962367216,0.20128437396138907,0.5860992063492063,
context,20,cellular_clearance,memory,expected,4,50,33,-0.05187638390015237,0.6800632630202271,1.0256102495100916,0.527273007696867,0.19630629086742796,0.584168253968254,
context,20,cellular_clearance,memory,expected,9,50,33,-0.052801954799059025,0.6803623991021437,1.0260613796450284,0.5276006786247095,0.19573345429946984,0.5846769841269841,
context,20,cellular_clearance,memory,observed,0,50,33,-0.028168339450248325,0.6723556764044688,1.0139863605839323,0.5199066177646319,0.2016651352867484,0.585521693121693,
context,20,cellular_clearance,memory,observed,1,50,33,0.15674019767993053,0.6089023661581372,0.9182917849573029,0.4700009811341762,0.20616495508700608,0.5879193121693121,
context,20,cellular_clearance,memory,observed,2,50,33,0.24462681911165507,0.5762988371336478,0.8691220747906159,0.43966169811288514,0.18989765457063915,0.5811219576719576,
context,20,cellular_clearance,memory,observed,4,50,33,0.31119072226775113,0.5503214701263291,0.829945346232057,0.4243026225358247,0.18875542063266043,0.5802314814814814,
context,20,cellular_clearance,memory,observed,9,50,33,0.37442155085602813,0.5244545434140371,0.7909351737936376,0.4048056291451057,0.20557771498213215,0.5881230158730157,
context,20,cellular_clearance,memory,shuffled_history,0,50,33,-0.025024545250553976,0.6713269702808757,1.0124349585284746,0.5189363330066203,0.19814876559625066,0.5841100529100529,
context,20,cellular_clearance,memory,shuffled_history,1,50,33,0.16070074098012366,0.6074707655560544,0.9161327736850573,0.4690717395156622,0.20342559407403069,0.5865933862433862,
context,20,cellular_clearance,memory,shuffled_history,2,50,33,0.24735247353576628,0.5752581521647219,0.8675526073179849,0.43876460058291755,0.18706472090135018,0.5798267195767196,
context,20,cellular_clearance,memory,shuffled_history,4,50,33,0.3140587887309668,0.5491745597792128,0.8282156791977758,0.4234229309072097,0.18731299196928738,0.5793473544973545,
context,20,cellular_clearance,memory,shuffled_history,9,50,33,0.37702535275598237,0.5233619548956001,0.7892874300557545,0.40400679783423743,0.20408020999282597,0.587869312169312,
context,20,cellular_clearance,residual_memory,expected,0,50,33,0.06849417528808699,0.6399701975442564,0.9651454940639328,0.4904804855585098,0.312300858574609,0.6355621693121692,
context,20,cellular_clearance,residual_memory,expected,1,50,33,0.06986269023195035,0.6394999209961977,0.9644362652700539,0.49023680996100105,0.3150256917898853,0.6366992063492063,
context,20,cellular_clearance,residual_memory,expected,2,50,33,0.0699867239823384,0.6394572809379868,0.9643719593692371,0.49011404470602676,0.3139385493472218,0.6362039682539682,
context,20,cellular_clearance,residual_memory,expected,4,50,33,0.06949923801686153,0.6396248514551127,0.9646246741521484,0.4902082441488902,0.3144500334089001,0.6366087301587302,
context,20,cellular_clearance,residual_memory,expected,9,50,33,0.069911203375559,0.6394832435896894,0.9644111139054967,0.49005387729803723,0.3144554302518566,0.636660582010582,
context,20,cellular_clearance,residual_memory,observed,0,50,33,0.06849417528808699,0.6399701975442564,0.9651454940639328,0.4904804855585098,0.312300858574609,0.6355621693121692,
context,20,cellular_clearance,residual_memory,observed,1,50,33,0.25883783011924233,0.5708520757982823,0.8609077592174191,0.43388145585457477,0.31398451468596855,0.6364600529100529,
context,20,cellular_clearance,residual_memory,observed,2,50,33,0.3693302897026799,0.5265843516967521,0.7941471590941569,0.39731508188645054,0.3041192743604382,0.6322555555555556,
context,20,cellular_clearance,residual_memory,observed,4,50,33,0.4470037082255407,0.4930921312185569,0.7436372044044457,0.37344296189745263,0.30398999255398906,0.6323325396825397,
context,20,cellular_clearance,residual_memory,observed,9,50,33,0.5068703299753277,0.46563705014684403,0.7022319203971522,0.35269940783182774,0.3210960158730547,0.6388359788359788,
context,20,cellular_clearance,residual_memory,shuffled_history,0,50,33,0.06867247265461862,0.6399089470085542,0.9650531215147596,0.49038019646008807,0.3120543852125605,0.635407671957672,
context,20,cellular_clearance,residual_memory,shuffled_history,1,50,33,0.25894717563278913,0.5708099646258946,0.8608442509346339,0.4338449201107025,0.3143728299463789,0.6367156084656085,
context,20,cellular_clearance,residual_memory,shuffled_history,2,50,33,0.369406868193741,0.5265523807152758,0.794098943335312,0.3972851386348406,0.30414031367252276,0.6324915343915344,
context,20,cellular_clearance,residual_memory,shuffled_history,4,50,33,0.4470320063509049,0.4930795147131057,0.7436181773256321,0.37342915813922883,0.30413730411231515,0.6324066137566138,
context,20,cellular_clearance,residual_memory,shuffled_history,9,50,33,0.506875560454395,0.46563458070376446,0.7022281962051973,0.3526905538300673,0.32102415355791647,0.6388767195767195,
context,20,efflux,fnn,observed,0,26,25,0.09052503146878887,0.7707164942180281,0.9536639704482974,0.5721997758134818,0.19719470959061233,0.5836874236874238,
context,20,efflux,fnn,observed,1,26,25,0.09052503146878887,0.7707164942180281,0.9536639704482974,0.5721997758134818,0.19719470959061233,0.5836874236874238,
context,20,efflux,fnn,observed,2,26,25,0.09052503146878887,0.7707164942180281,0.9536639704482974,0.5721997758134818,0.19719470959061233,0.5836874236874238,
context,20,efflux,fnn,observed,4,26,25,0.09052503146878887,0.7707164942180281,0.9536639704482974,0.5721997758134818,0.19719470959061233,0.5836874236874238,
context,20,efflux,fnn,observed,9,26,25,0.09052503146878887,0.7707164942180281,0.9536639704482974,0.5721997758134818,0.19719470959061233,0.5836874236874238,
context,20,efflux,fnn_anchor,expected,0,26,25,0.09052503146878887,0.7707164942180281,0.9536639704482974,0.5721997758134818,0.19719470959061233,0.5836874236874238,
context,20,efflux,fnn_anchor,expected,1,26,25,0.06879492399234466,0.7798695175422414,0.9649896766326858,0.5805498285553393,0.20283062599408316,0.5864417989417989,
context,20,efflux,fnn_anchor,expected,2,26,25,0.060898892525640624,0.7831689387647116,0.9690722921817336,0.5832212652686315,0.20290418818401984,0.585513838013838,
context,20,efflux,fnn_anchor,expected,4,26,25,0.05622667497943512,0.7851147333549974,0.971479966350601,0.5862307864656815,0.20318391238076566,0.5852859177859178,
context,20,efflux,fnn_anchor,expected,9,26,25,0.05537265911287648,0.7854698762728094,0.9719194106957241,0.586891876535538,0.20886461463494174,0.5873962148962149,
context,20,efflux,fnn_anchor,observed,0,26,25,0.09052503146878887,0.7707164942180281,0.9536639704482974,0.5721997758134818,0.19719470959061233,0.5836874236874238,
context,20,efflux,fnn_anchor,observed,1,26,25,0.26701023789915,0.6919078097384174,0.8561482126950041,0.5116171263272945,0.20283062599408316,0.5864417989417989,
context,20,efflux,fnn_anchor,observed,2,26,25,0.3522274649765904,0.6504449458307394,0.8048431741795476,0.4828825715566292,0.20290418818401984,0.585513838013838,
context,20,efflux,fnn_anchor,observed,4,26,25,0.42472389127538623,0.6129674982932655,0.758469583256055,0.45837534874677655,0.20318391238076566,0.5852859177859178,
context,20,efflux,fnn_anchor,observed,9,26,25,0.48263537226702935,0.5812964150050831,0.7192806321130653,0.4366461351322822,0.20886461463494174,0.5873962148962149,
context,20,efflux,fnn_ridge,expected,0,26,25,0.09052503146878887,0.7707164942180281,0.9536639704482974,0.5721997758134818,0.19719470959061233,0.5836874236874238,
context,20,efflux,fnn_ridge,expected,1,26,25,0.09052503146878887,0.7707164942180281,0.9536639704482974,0.5721997758134818,0.19719470959061233,0.5836874236874238,
context,20,efflux,fnn_ridge,expected,2,26,25,0.09052503146878887,0.7707164942180281,0.9536639704482974,0.5721997758134818,0.19719470959061233,0.5836874236874238,
context,20,efflux,fnn_ridge,expected,4,26,25,0.09052503146878887,0.7707164942180281,0.9536639704482974,0.5721997758134818,0.19719470959061233,0.5836874236874238,
context,20,efflux,fnn_ridge,expected,9,26,25,0.09052503146878887,0.7707164942180281,0.9536639704482974,0.5721997758134818,0.19719470959061233,0.5836874236874238,
context,20,efflux,fnn_ridge,observed,0,26,25,0.09052503146878887,0.7707164942180281,0.9536639704482974,0.5721997758134818,0.19719470959061233,0.5836874236874238,
context,20,efflux,fnn_ridge,observed,1,26,25,0.2775556632650038,0.6869125858307644,0.8499672562722614,0.5066050534294202,0.1979672709432168,0.5838298738298738,
context,20,efflux,fnn_ridge,observed,2,26,25,0.3645775321861142,0.6442145978984107,0.7971339083327755,0.47534922891702414,0.1997621426406579,0.5847273097273097,
context,20,efflux,fnn_ridge,observed,4,26,25,0.44008105350054605,0.6047304816620064,0.7482773192469847,0.44888520778753815,0.20040316824347543,0.5851119251119251,
context,20,efflux,fnn_ridge,observed,9,26,25,0.5033148362252324,0.569560512383724,0.7047589401878969,0.4240594577254393,0.20327726009373479,0.586064306064306,
context,20,efflux,memory,expected,0,26,25,0.031935900999256916,0.795154160168186,0.9839024844976981,0.5917147748898237,0.23127044560626528,0.5955474155474155,
context,20,efflux,memory,expected,1,26,25,0.022540618739794294,0.7990034192237199,0.9886654546711975,0.5925712681045898,0.2308891607591739,0.5955616605616606,
context,20,efflux,memory,expected,2,26,25,0.021380911338518493,0.7994772678128632,0.9892517822382133,0.5924139898404097,0.2305564433718339,0.5955296092796092,
context,20,efflux,memory,expected,4,26,25,0.022065376204426723,0.7991976340801251,0.9889057709385527,0.5921433012989851,0.23316626683450664,0.5964819902319902,
context,20,efflux,memory,expected,9,26,25,0.023169389930445927,0.7987463900518985,0.9883474136504603,0.5919687661528588,0.2305833778606775,0.5953281440781442,
context,20,efflux,memory,observed,0,26,25,0.031935900999256916,0.795154160168186,0.9839024844976981,0.5917147748898237,0.23127044560626528,0.5955474155474155,
context,20,efflux,memory,observed,1,26,25,0.2389394901622096,0.705032069640521,0.8723878207757089,0.5211414275795986,0.231145571028957,0.5956898656898657,
context,20,efflux,memory,observed,2,26,25,0.323258804916963,0.6648299644447643,0.8226428113604574,0.48522309378935746,0.24352659528645185,0.6012718762718762,
context,20,efflux,memory,observed,4,26,25,0.39268056557808206,0.6298075574516441,0.779307021925196,0.4614260973762244,0.24069750402600334,0.6017251729751729,
context,20,efflux,memory,observed,9,26,25,0.4558650161644521,0.5961459565060572,0.7376550574865924,0.43903872608374334,0.24384950216955098,0.6024257224257223,
context,20,efflux,memory,shuffled_history,0,26,25,0.030685607701557926,0.7956674810943581,0.9845376540785233,0.5921734297046295,0.23223561720970348,0.5959177859177859,
context,20,efflux,memory,shuffled_history,1,26,25,0.2395765715969368,0.7047369177608589,0.8720226077362119,0.5210017429903532,0.2321074120795879,0.5957895807895808,
context,20,efflux,memory,shuffled_history,2,26,25,0.3240161683854067,0.6644578436944424,0.8221823590996059,0.4851173798472453,0.2413237942239413,0.5999755799755799,
context,20,efflux,memory,shuffled_history,4,26,25,0.3927668610920856,0.6297628104086415,0.7792516531313324,0.46168646304271166,0.23915571206464215,0.6005713268213267,
context,20,efflux,memory,shuffled_history,9,26,25,0.45576971557527735,0.5961981591535749,0.7377196516460184,0.4392996985178727,0.24479127359122804,0.6025539275539276,
context,20,efflux,residual_memory,expected,0,26,25,0.08542233016730405,0.7728755614608582,0.9563355424915964,0.5777447801751967,0.1367377963394691,0.5604136141636142,
context,20,efflux,residual_memory,expected,1,26,25,0.08173436894344066,0.7744322731198771,0.9582617758507116,0.5782068288861176,0.13614921628091578,0.5602711640211638,
context,20,efflux,residual_memory,expected,2,26,25,0.07768398593089265,0.7761383676588639,0.9603728515889584,0.5793496717550816,0.13614921635733201,0.5601429588929588,
context,20,efflux,residual_memory,expected,4,26,25,0.07859899396986014,0.7757532778096176,0.9598963517120689,0.5789684367944032,0.1366620369446583,0.560399369149369,
context,20,efflux,residual_memory,expected,9,26,25,0.07838290688558602,0.7758442373569837,0.9600089026224777,0.5790638785637341,0.1357646009574334,0.5600147537647537,
context,20,efflux,residual_memory,observed,0,26,25,0.08542233016730405,0.7728755614608582,0.9563355424915964,0.5777447801751967,0.1367377963394691,0.5604136141636142,
context,20,efflux,residual_memory,observed,1,26,25,0.22768040772730413,0.7102280236040772,0.8788171551993599,0.5280907437816644,0.138169846464044,0.561252035002035,
context,20,efflux,residual_memory,observed,2,26,25,0.3719764397206844,0.6404529737931349,0.7924793753021687,0.47683333963537833,0.13834807666448445,0.559826516076516,
context,20,efflux,residual_memory,observed,4,26,25,0.44854796127937346,0.6001407982090173,0.7425981677331466,0.44708720036806204,0.1459021573838515,0.5619775132275132,
context,20,efflux,residual_memory,observed,9,26,25,0.512428257932843,0.5643110338231077,0.6982633758598233,0.42442837836650693,0.15681153281758992,0.5662606837606838,
context,20,efflux,residual_memory,shuffled_history,0,26,25,0.08557388720825787,0.7728115211994011,0.9562563007853816,0.5777100038604858,0.13660959122845762,0.5604136141636142,
context,20,efflux,residual_memory,shuffled_history,1,26,25,0.2275353212112564,0.7102947315262848,0.8788996977976177,0.5281537142395973,0.13829805159415953,0.5613802401302401,
context,20,efflux,residual_memory,shuffled_history,2,26,25,0.37215403898640054,0.6403624102954895,0.7923673144530884,0.4767633199462524,0.1383480766453804,0.5600829263329262,
context,20,efflux,residual_memory,shuffled_history,4,26,25,0.4486405412117691,0.6000904190982608,0.7425358299693227,0.44707967809377563,0.14641830841891276,0.5623763736263737,
context,20,efflux,residual_memory,shuffled_history,9,26,25,0.5124841353022145,0.5642786969208294,0.6982233630420751,0.4244246050256949,0.15845792605899847,0.5667328042328043,
context,20,in_vivo_clearance,fnn,observed,0,9,7,-0.18246088786656478,0.5782355446561952,1.0874101746197544,0.45278866098986736,-0.027385850140342016,0.4849382716049383,
context,20,in_vivo_clearance,fnn,observed,1,9,7,-0.18246088786656478,0.5782355446561952,1.0874101746197544,0.45278866098986736,-0.027385850140342016,0.4849382716049383,
context,20,in_vivo_clearance,fnn,observed,2,9,7,-0.18246088786656478,0.5782355446561952,1.0874101746197544,0.45278866098986736,-0.027385850140342016,0.4849382716049383,
context,20,in_vivo_clearance,fnn,observed,4,9,7,-0.18246088786656478,0.5782355446561952,1.0874101746197544,0.45278866098986736,-0.027385850140342016,0.4849382716049383,
context,20,in_vivo_clearance,fnn,observed,9,9,7,-0.18246088786656478,0.5782355446561952,1.0874101746197544,0.45278866098986736,-0.027385850140342016,0.4849382716049383,
context,20,in_vivo_clearance,fnn_anchor,expected,0,9,7,-0.18246088786656478,0.5782355446561952,1.0874101746197544,0.45278866098986736,-0.027385850140342016,0.4849382716049383,
context,20,in_vivo_clearance,fnn_anchor,expected,1,9,7,-0.2597892021725894,0.5968433140394519,1.122403315289379,0.4691800839591909,-0.026084742446740476,0.4853497942386831,
context,20,in_vivo_clearance,fnn_anchor,expected,2,9,7,-0.2915526498581624,0.6043206710767863,1.136464979600411,0.47605116808855974,-0.025675885489693413,0.4846913580246913,
context,20,in_vivo_clearance,fnn_anchor,expected,4,9,7,-0.3238918892228124,0.6118396996982404,1.150605010080702,0.48266952190134266,-0.01824923516423614,0.48876543209876533,
context,20,in_vivo_clearance,fnn_anchor,expected,9,9,7,-0.34368915506545594,0.6163974002524641,1.1591760673277618,0.4867628728901898,-0.024944766886808266,0.4853497942386831,
context,20,in_vivo_clearance,fnn_anchor,observed,0,9,7,-0.18246088786656478,0.5782355446561952,1.0874101746197544,0.45278866098986736,-0.027385850140342016,0.4849382716049383,
context,20,in_vivo_clearance,fnn_anchor,observed,1,9,7,0.08892843863825961,0.5075602909254391,0.9545006869362328,0.3974361997180515,-0.026084742446740476,0.4853497942386831,
context,20,in_vivo_clearance,fnn_anchor,observed,2,9,7,0.20597612457264058,0.47383613049115964,0.8910801734004407,0.3728391968100159,-0.025675885489693413,0.4846913580246913,
context,20,in_vivo_clearance,fnn_anchor,observed,4,9,7,0.31201380490274955,0.44106363698508444,0.8294493324472872,0.3427733561286219,-0.01824923516423614,0.48876543209876533,
context,20,in_vivo_clearance,fnn_anchor,observed,9,9,7,0.3988115405771808,0.41230320421812056,0.7753634369912081,0.3192856231000688,-0.024944766886808266,0.4853497942386831,
context,20,in_vivo_clearance,fnn_ridge,expected,0,9,7,-0.18246088786656478,0.5782355446561952,1.0874101746197544,0.45278866098986736,-0.027385850140342016,0.4849382716049383,
context,20,in_vivo_clearance,fnn_ridge,expected,1,9,7,-0.18246088786656478,0.5782355446561952,1.0874101746197544,0.45278866098986736,-0.027385850140342016,0.4849382716049383,
context,20,in_vivo_clearance,fnn_ridge,expected,2,9,7,-0.18246088786656478,0.5782355446561952,1.0874101746197544,0.45278866098986736,-0.027385850140342016,0.4849382716049383,
context,20,in_vivo_clearance,fnn_ridge,expected,4,9,7,-0.18246088786656478,0.5782355446561952,1.0874101746197544,0.45278866098986736,-0.027385850140342016,0.4849382716049383,
context,20,in_vivo_clearance,fnn_ridge,expected,9,9,7,-0.18246088786656478,0.5782355446561952,1.0874101746197544,0.45278866098986736,-0.027385850140342016,0.4849382716049383,
context,20,in_vivo_clearance,fnn_ridge,observed,0,9,7,-0.18246088786656478,0.5782355446561952,1.0874101746197544,0.45278866098986736,-0.027385850140342016,0.4849382716049383,
context,20,in_vivo_clearance,fnn_ridge,observed,1,9,7,0.13106902967618805,0.49568300695410306,0.9321646691029498,0.38703906050434816,-0.028126590919715404,0.48456790123456794,
context,20,in_vivo_clearance,fnn_ridge,observed,2,9,7,0.25934402063034834,0.4576354499784003,0.860613722508334,0.3593090917445995,-0.028126590947310143,0.4849382716049383,
context,20,in_vivo_clearance,fnn_ridge,observed,4,9,7,0.370916532501662,0.4217601357197268,0.7931478219716285,0.3265615333009649,-0.030348813230240794,0.4838271604938272,
context,20,in_vivo_clearance,fnn_ridge,observed,9,9,7,0.4591073966484115,0.3910811770580014,0.7354540117176522,0.30129460180247275,-0.028126590809336424,0.48456790123456783,
context,20,in_vivo_clearance,memory,expected,0,9,7,-0.04262020897758978,0.5429682832762137,1.021087757725843,0.41527451493121964,-0.048662844879759665,0.4819341563786008,
context,20,in_vivo_clearance,memory,expected,1,9,7,-0.05552843073132263,0.5463190696527879,1.0273891330607516,0.4212444226830094,-0.03132035177614952,0.4872427983539095,
context,20,in_vivo_clearance,memory,expected,2,9,7,-0.05629644708890158,0.5465177879791494,1.0277628360127162,0.4210339743781973,-0.026002900026462678,0.4917283950617284,
context,20,in_vivo_clearance,memory,expected,4,9,7,-0.055734038555733,0.5463722761806757,1.0274891914544566,0.4210601462258233,-0.020731120335834977,0.49296296296296294,
context,20,in_vivo_clearance,memory,expected,9,9,7,-0.05958831256592978,0.5473687155590524,1.029363061589996,0.42167981333202786,-0.010711877241178789,0.49884773662551435,
context,20,in_vivo_clearance,memory,observed,0,9,7,-0.04262020897758978,0.5429682832762137,1.021087757725843,0.41527451493121964,-0.048662844879759665,0.4819341563786008,
context,20,in_vivo_clearance,memory,observed,1,9,7,0.17142340708777737,0.48403606601439975,0.9102618265709173,0.38123084017524017,-0.02940114888328092,0.4911111111111111,
context,20,in_vivo_clearance,memory,observed,2,9,7,0.26547601501326223,0.45573709870353446,0.8570437474170952,0.3580677555667029,-0.047126068588760145,0.4851028806584362,
context,20,in_vivo_clearance,memory,observed,4,9,7,0.3424914882783078,0.43118344893767835,0.8108689855467973,0.33597294915605475,0.02535593802178347,0.5129629629629631,
context,20,in_vivo_clearance,memory,observed,9,9,7,0.41199979900616523,0.4077557834520049,0.7668117115653847,0.317000011867947,0.05664498687342361,0.5237448559670781,
context,20,in_vivo_clearance,memory,shuffled_history,0,9,7,-0.04204395888109391,0.5428182148393135,1.0208055441077375,0.4151288463230486,-0.039915844135814234,0.48646090534979414,
context,20,in_vivo_clearance,memory,shuffled_history,1,9,7,0.17273558696720048,0.48365264096162264,0.9095407704071322,0.38090362820360396,-0.035848954733875046,0.4893415637860082,
context,20,in_vivo_clearance,memory,shuffled_history,2,9,7,0.26692453032541674,0.45528750961024167,0.8561982654003588,0.357759316055863,-0.04839831102225514,0.4844032921810699,
context,20,in_vivo_clearance,memory,shuffled_history,4,9,7,0.34380128425833356,0.43075376333017606,0.8100609333511068,0.33564985928712066,0.026296296246625765,0.5148559670781894,
context,20,in_vivo_clearance,memory,shuffled_history,9,9,7,0.4131942562110964,0.4073414175814422,0.7660324691479491,0.3167646289313281,0.05442276453530348,0.5233744855967077,
context,20,in_vivo_clearance,residual_memory,expected,0,9,7,-0.2786777518322854,0.6013010285955068,1.130786342255815,0.47316885672233716,-0.08198180405630007,0.46172839506172836,
context,20,in_vivo_clearance,residual_memory,expected,1,9,7,-0.2803824564330146,0.6017017156394594,1.1315398607353675,0.47305671292322654,-0.08272254494605241,0.46209876543209877,
context,20,in_vivo_clearance,residual_memory,expected,2,9,7,-0.2800692060036347,0.6016281068323659,1.1314014345066188,0.4729009071544364,-0.08272254494605241,0.46209876543209877,
context,20,in_vivo_clearance,residual_memory,expected,4,9,7,-0.2797955784477386,0.6015638013924728,1.1312805038750287,0.47275425449565606,-0.08272254494605241,0.46209876543209877,
context,20,in_vivo_clearance,residual_memory,expected,9,9,7,-0.2793689571376854,0.6014635270468186,1.1310919313378933,0.4726564806037479,-0.08272254494605241,0.46209876543209877,
context,20,in_vivo_clearance,residual_memory,observed,0,9,7,-0.2786777518322854,0.6013010285955068,1.130786342255815,0.47316885672233716,-0.08198180405630007,0.46172839506172836,
context,20,in_vivo_clearance,residual_memory,observed,1,9,7,0.12122575406408764,0.4984826565011692,0.93742959518884,0.3914865199504075,-0.07901884058007486,0.46172839506172836,
context,20,in_vivo_clearance,residual_memory,observed,2,9,7,0.23088525807556315,0.4663446085604842,0.8769918710708993,0.36690559808854695,-0.06234255306146762,0.47135802469135807,
context,20,in_vivo_clearance,residual_memory,observed,4,9,7,0.30498615731569434,0.4433106038870057,0.8336749022756447,0.3457229832145903,-0.07995920001908585,0.46279835390946494,
context,20,in_vivo_clearance,residual_memory,observed,9,9,7,0.36723913460841406,0.4229910692098417,0.7954626737890257,0.3289591029838279,-0.07625549634297685,0.465761316872428,
context,20,in_vivo_clearance,residual_memory,shuffled_history,0,9,7,-0.27834043920198637,0.601221712360696,1.1306371828318695,0.4731074663886317,-0.08050032244236381,0.46246913580246907,
context,20,in_vivo_clearance,residual_memory,shuffled_history,1,9,7,0.12159223542762565,0.498378702809404,0.9372341033980648,0.39142637442659445,-0.0775373590765176,0.46209876543209877,
context,20,in_vivo_clearance,residual_memory,shuffled_history,2,9,7,0.23121176795602416,0.4662456101420491,0.8768056979992636,0.3668382057216432,-0.06234255306146762,0.47135802469135807,
context,20,in_vivo_clearance,residual_memory,shuffled_history,4,9,7,0.30526980987129826,0.4432201315750487,0.8335047631109865,0.34566511182873333,-0.08069994079845921,0.46242798353909464,
context,20,in_vivo_clearance,residual_memory,shuffled_history,9,9,7,0.36748992511307377,0.42290723607252584,0.7953050200312621,0.328910200132264,-0.07625549634297685,0.465761316872428,
context,20,microsomal_clearance,fnn,observed,0,178,108,0.0873733266247202,0.6112713847616903,0.9553149603011981,0.4674667209537511,0.28469474185997845,0.6251962514614668,
context,20,microsomal_clearance,fnn,observed,1,178,108,0.0873733266247202,0.6112713847616903,0.9553149603011981,0.4674667209537511,0.28469474185997845,0.6251962514614668,
context,20,microsomal_clearance,fnn,observed,2,178,108,0.0873733266247202,0.6112713847616903,0.9553149603011981,0.4674667209537511,0.28469474185997845,0.6251962514614668,
context,20,microsomal_clearance,fnn,observed,4,178,108,0.0873733266247202,0.6112713847616903,0.9553149603011981,0.4674667209537511,0.28469474185997845,0.6251962514614668,
context,20,microsomal_clearance,fnn,observed,9,178,108,0.0873733266247202,0.6112713847616903,0.9553149603011981,0.4674667209537511,0.28469474185997845,0.6251962514614668,
context,20,microsomal_clearance,fnn_anchor,expected,0,178,108,0.0873733266247202,0.6112713847616903,0.9553149603011981,0.4674667209537511,0.28469474185997845,0.6251962514614668,
context,20,microsomal_clearance,fnn_anchor,expected,1,178,108,0.057744132176287044,0.6211148492630624,0.9706986493365038,0.4767427003037617,0.2885146350964857,0.6267172792441987,
context,20,microsomal_clearance,fnn_anchor,expected,2,178,108,0.04900529300782941,0.6239884296021927,0.9751895748992452,0.47954634792628364,0.2886887529966007,0.6267865915786484,
context,20,microsomal_clearance,fnn_anchor,expected,4,178,108,0.04168440885295188,0.6263855981140669,0.9789359484394513,0.4815406275320142,0.2893437971627572,0.6272399972091763,
context,20,microsomal_clearance,fnn_anchor,expected,9,178,108,0.03450016066082251,0.628729140817899,0.9825985138087567,0.48370829052413894,0.2899325606730935,0.6274978387630541,
context,20,microsomal_clearance,fnn_anchor,observed,0,178,108,0.0873733266247202,0.6112713847616903,0.9553149603011981,0.4674667209537511,0.28469474185997845,0.6251962514614668,
context,20,microsomal_clearance,fnn_anchor,observed,1,178,108,0.31650072598669765,0.5290010276553497,0.8267401490270703,0.4066390136157752,0.2885584125873088,0.626736005835959,
context,20,microsomal_clearance,fnn_anchor,observed,2,178,108,0.3896692489974949,0.4998850090052502,0.7812366805280619,0.3848729279001107,0.28867768699246904,0.6267865915786484,
context,20,microsomal_clearance,fnn_anchor,observed,4,178,108,0.44599218721829126,0.47626145186549046,0.7443170109447377,0.3660512205729547,0.28934853883503014,0.6272493605050565,
context,20,microsomal_clearance,fnn_anchor,observed,9,178,108,0.4908288834923392,0.45658261039869086,0.713562272340446,0.3503558876630518,0.28993973477855023,0.6275072020589342,
context,20,microsomal_clearance,fnn_ridge,expected,0,178,108,0.0873733266247202,0.6112713847616903,0.9553149603011981,0.4674667209537511,0.28469474185997845,0.6251962514614668,
context,20,microsomal_clearance,fnn_ridge,expected,1,178,108,0.0873733266247202,0.6112713847616903,0.9553149603011981,0.4674667209537511,0.28469474185997845,0.6251962514614668,
context,20,microsomal_clearance,fnn_ridge,expected,2,178,108,0.0873733266247202,0.6112713847616903,0.9553149603011981,0.4674667209537511,0.28469474185997845,0.6251962514614668,
context,20,microsomal_clearance,fnn_ridge,expected,4,178,108,0.0873733266247202,0.6112713847616903,0.9553149603011981,0.4674667209537511,0.28469474185997845,0.6251962514614668,
context,20,microsomal_clearance,fnn_ridge,expected,9,178,108,0.0873733266247202,0.6112713847616903,0.9553149603011981,0.4674667209537511,0.28469474185997845,0.6251962514614668,
context,20,microsomal_clearance,fnn_ridge,observed,0,178,108,0.0873733266247202,0.6112713847616903,0.9553149603011981,0.4674667209537511,0.28469474185997845,0.6251962514614668,
context,20,microsomal_clearance,fnn_ridge,observed,1,178,108,0.3260712111566343,0.5252843856530298,0.820931659057784,0.4024592527596469,0.28532911299626923,0.6255060576561045,
context,20,microsomal_clearance,fnn_ridge,observed,2,178,108,0.4044152730607776,0.4938092979694921,0.7717413601325397,0.37918808963080025,0.2847776804604914,0.6252849055248401,
context,20,microsomal_clearance,fnn_ridge,observed,4,178,108,0.46425875331790667,0.4683440734096068,0.7319434723269914,0.3586431277314487,0.28604351492354707,0.6256649735945148,
context,20,microsomal_clearance,fnn_ridge,observed,9,178,108,0.5145845224323544,0.44580434480549547,0.6967176455119001,0.3408312140349369,0.2894475645764667,0.6269527240255236,
context,20,microsomal_clearance,memory,expected,0,178,108,0.07537727510986725,0.6152757074577386,0.9615730470900964,0.47073800491594636,0.28982666841971727,0.6273859746249727,
context,20,microsomal_clearance,memory,expected,1,178,108,0.06590490580312225,0.618419296669242,0.9664859513706745,0.4741256761963894,0.2904287764770684,0.627563171283911,
context,20,microsomal_clearance,memory,expected,2,178,108,0.06670699382987988,0.6181537277543889,0.9660709115640115,0.47362317952519273,0.2907067299096785,0.6276192684904451,
context,20,microsomal_clearance,memory,expected,4,178,108,0.06604193169725747,0.6183739358887831,0.966415060055845,0.47371817459244175,0.2893545896589918,0.6270592913785017,
context,20,microsomal_clearance,memory,expected,9,178,108,0.06412361325056881,0.6190086697541796,0.9674070429500868,0.4741144856710113,0.2895089791153528,0.62714686791973,
context,20,microsomal_clearance,memory,observed,0,178,108,0.07537727510986725,0.6152757074577386,0.9615730470900964,0.47073800491594636,0.28982666841971727,0.6273859746249727,
context,20,microsomal_clearance,memory,observed,1,178,108,0.2904874348364159,0.5389736487982917,0.8423256882961507,0.41135983142569277,0.2904122389981562,0.6275491263400907,
context,20,microsomal_clearance,memory,observed,2,178,108,0.38572820356681803,0.5014963479854215,0.7837549339131346,0.3833872177546725,0.28501824245911456,0.625307954590492,
context,20,microsomal_clearance,memory,observed,4,178,108,0.4477026977456734,0.47552564995679675,0.743167075598971,0.363307406354263,0.2914196295590741,0.628421349553138,
context,20,microsomal_clearance,memory,observed,9,178,108,0.49363579267074975,0.4553223689846264,0.7115927257422255,0.34875882335816427,0.29943434139514874,0.6317305604271116,
context,20,microsomal_clearance,memory,shuffled_history,0,178,108,0.0786562711726857,0.6141837602216939,0.9598665161507168,0.4696206402990702,0.2892044056071958,0.627206994481105,
context,20,microsomal_clearance,memory,shuffled_history,1,178,108,0.2936547971924539,0.5377692766666959,0.840443456044216,0.410339546016093,0.28957212236284396,0.6272558916929235,
context,20,microsomal_clearance,memory,shuffled_history,2,178,108,0.38834266602029566,0.5004279760706222,0.7820852472587015,0.3825337889366382,0.2846717848363708,0.6253116619272205,
context,20,microsomal_clearance,memory,shuffled_history,4,178,108,0.4499662174036463,0.4745502090571094,0.741642624581647,0.362535692940044,0.2897344114762611,0.6273481870380279,
context,20,microsomal_clearance,memory,shuffled_history,9,178,108,0.4955135690300533,0.4544773371920693,0.7102720823529155,0.34812566685765867,0.30036800817906667,0.6320950931870876,
context,20,microsomal_clearance,residual_memory,expected,0,178,108,0.06412391739092593,0.619008569171701,0.9674068857564918,0.47536603680487427,0.2599443628567936,0.6141506586508927,
context,20,microsomal_clearance,residual_memory,expected,1,178,108,0.05941885174628303,0.6205626341815967,0.9698356295031221,0.4768754758967665,0.2586219551160428,0.6135594705526821,
context,20,microsomal_clearance,residual_memory,expected,2,178,108,0.06076817070008789,0.6201173576396766,0.969139736725263,0.47657153458240326,0.2588044415299104,0.613589195301508,
context,20,microsomal_clearance,residual_memory,expected,4,178,108,0.06079058415896421,0.6201099584772007,0.9691281730715684,0.4764736403915542,0.2587056149791105,0.6135333127737154,
context,20,microsomal_clearance,residual_memory,expected,9,178,108,0.06085635098041997,0.6200882469322585,0.9690942415573317,0.4764205893662092,0.25879946727596653,0.613538663228504,
context,20,microsomal_clearance,residual_memory,observed,0,178,108,0.06412391739092593,0.619008569171701,0.9674068857564918,0.47536603680487427,0.2599443628567936,0.6141506586508927,
context,20,microsomal_clearance,residual_memory,observed,1,178,108,0.2457212665148052,0.5557166621270186,0.8684922184367542,0.4225651356951797,0.25797953545704155,0.6131347782038326,
context,20,microsomal_clearance,residual_memory,observed,2,178,108,0.37579882542013787,0.5055333109278848,0.7900640319492226,0.3857192152269771,0.2606481389139195,0.614283879195318,
context,20,microsomal_clearance,residual_memory,observed,4,178,108,0.45104103080043934,0.47408632633401204,0.7409176534538509,0.3619386264932959,0.2694963206413545,0.6181672483634874,
context,20,microsomal_clearance,residual_memory,observed,9,178,108,0.5006787003505295,0.4521447922184218,0.706626704596897,0.34601774076620734,0.27947728307769887,0.6225856299830239,
context,20,microsomal_clearance,residual_memory,shuffled_history,0,178,108,0.06419333963216245,0.6189856100642048,0.967371004510595,0.47533646065197627,0.25998260577172033,0.614164703594713,
context,20,microsomal_clearance,residual_memory,shuffled_history,1,178,108,0.2457589015287367,0.5557027981107855,0.868470551297661,0.42254620143704197,0.25800018719074197,0.6131156057408399,
context,20,microsomal_clearance,residual_memory,shuffled_history,2,178,108,0.3758431883735165,0.5055153460872924,0.7900359559073774,0.3857037796152665,0.26029026457196863,0.6141319857288178,
context,20,microsomal_clearance,residual_memory,shuffled_history,4,178,108,0.45108744211924656,0.47406628527635203,0.7408863326319047,0.36192211538441615,0.2695205787375922,0.6181877584401773,
context,20,microsomal_clearance,residual_memory,shuffled_history,9,178,108,0.5007143441136896,0.45212865388272505,0.7066014830767837,0.34600560335965636,0.27972761085085845,0.622696206048656,
context,20,permeability,fnn,observed,0,40,34,0.18110451697275975,0.739856417114727,0.9049284408323347,0.5569914544075727,0.25416102415571606,0.6016858465608466,
context,20,permeability,fnn,observed,1,40,34,0.18110451697275975,0.739856417114727,0.9049284408323347,0.5569914544075727,0.25416102415571606,0.6016858465608466,
context,20,permeability,fnn,observed,2,40,34,0.18110451697275975,0.739856417114727,0.9049284408323347,0.5569914544075727,0.25416102415571606,0.6016858465608466,
context,20,permeability,fnn,observed,4,40,34,0.18110451697275975,0.739856417114727,0.9049284408323347,0.5569914544075727,0.25416102415571606,0.6016858465608466,
context,20,permeability,fnn,observed,9,40,34,0.18110451697275975,0.739856417114727,0.9049284408323347,0.5569914544075727,0.25416102415571606,0.6016858465608466,
context,20,permeability,fnn_anchor,expected,0,40,34,0.18110451697275975,0.739856417114727,0.9049284408323347,0.5569914544075727,0.25416102415571606,0.6016858465608466,
context,20,permeability,fnn_anchor,expected,1,40,34,0.14229215628777414,0.7571865624205301,0.9261251771290023,0.5742445834825436,0.24817703805863855,0.6001501322751321,
context,20,permeability,fnn_anchor,expected,2,40,34,0.13131527780644747,0.7620163661430567,0.9320325757147936,0.5787463286270698,0.25427102690562603,0.6023353174603174,
context,20,permeability,fnn_anchor,expected,4,40,34,0.1185657219199473,0.7675879972901261,0.9388473135073949,0.5837742654780547,0.2576782974290351,0.6037533068783069,
context,20,permeability,fnn_anchor,expected,9,40,34,0.11171055325528478,0.7705670928350932,0.9424910857640593,0.5866650665700435,0.25761749501650527,0.6030244708994709,
context,20,permeability,fnn_anchor,observed,0,40,34,0.18110451697275975,0.739856417114727,0.9049284408323347,0.5569914544075727,0.25416102415571606,0.6016858465608466,
context,20,permeability,fnn_anchor,observed,1,40,34,0.3842359693139472,0.6415645597985039,0.7847063340422663,0.4887178659935792,0.24817703805863855,0.6001501322751321,
context,20,permeability,fnn_anchor,observed,2,40,34,0.4429435893038469,0.6102148825637772,0.7463621176722148,0.46544623448948064,0.25427102690562603,0.6023353174603174,
context,20,permeability,fnn_anchor,observed,4,40,34,0.4922585718106811,0.5825785729047939,0.7125597716608193,0.4481455647920568,0.2576782974290351,0.6037533068783069,
context,20,permeability,fnn_anchor,observed,9,40,34,0.5321150323909701,0.5592458285112376,0.6840211748250414,0.4306626865118742,0.25761749501650527,0.6030244708994709,
context,20,permeability,fnn_ridge,expected,0,40,34,0.18110451697275975,0.739856417114727,0.9049284408323347,0.5569914544075727,0.25416102415571606,0.6016858465608466,
context,20,permeability,fnn_ridge,expected,1,40,34,0.18110451697275975,0.739856417114727,0.9049284408323347,0.5569914544075727,0.25416102415571606,0.6016858465608466,
context,20,permeability,fnn_ridge,expected,2,40,34,0.18110451697275975,0.739856417114727,0.9049284408323347,0.5569914544075727,0.25416102415571606,0.6016858465608466,
context,20,permeability,fnn_ridge,expected,4,40,34,0.18110451697275975,0.739856417114727,0.9049284408323347,0.5569914544075727,0.25416102415571606,0.6016858465608466,
context,20,permeability,fnn_ridge,expected,9,40,34,0.18110451697275975,0.739856417114727,0.9049284408323347,0.5569914544075727,0.25416102415571606,0.6016858465608466,
context,20,permeability,fnn_ridge,observed,0,40,34,0.18110451697275975,0.739856417114727,0.9049284408323347,0.5569914544075727,0.25416102415571606,0.6016858465608466,
context,20,permeability,fnn_ridge,observed,1,40,34,0.40046931750286086,0.6330513135497349,0.7742936668326424,0.4795718610237042,0.25417111175134777,0.6017843915343916,
context,20,permeability,fnn_ridge,observed,2,40,34,0.4611759910545712,0.6001456693831477,0.7340463261575721,0.45682491573194667,0.2555755060849091,0.6025019841269842,
context,20,permeability,fnn_ridge,observed,4,40,34,0.5174653405522042,0.5679334701779157,0.6946471474409118,0.43629011080662405,0.2574988559260964,0.6031534391534391,
context,20,permeability,fnn_ridge,observed,9,40,34,0.5621175116492555,0.541018350431656,0.6617268986150892,0.41653891134262083,0.2612815173280736,0.6046335978835978,
context,20,permeability,memory,expected,0,40,34,0.09247822792388383,0.7788641845873161,0.9526393714707135,0.5891399710699916,0.26417581240956983,0.6068234126984127,
context,20,permeability,memory,expected,1,40,34,0.08266782891215518,0.7830626675453781,0.9577745930477822,0.592726574788491,0.26475914575780435,0.6069900793650793,
context,20,permeability,memory,expected,2,40,34,0.08077178558863729,0.783871509961001,0.9587638992011343,0.5927547508602341,0.26470990214496853,0.60710582010582,
context,20,permeability,memory,expected,4,40,34,0.08055417182001579,0.7839642894994596,0.9588773791157993,0.5927008462672433,0.264302836706241,0.6069854497354497,
context,20,permeability,memory,expected,9,40,34,0.08002128113672313,0.7841914408652334,0.9591552110390043,0.5926069867064555,0.26395651422441,0.6067447089947089,
context,20,permeability,memory,observed,0,40,34,0.09247822792388383,0.7788641845873161,0.9526393714707135,0.5891399710699916,0.26417581240956983,0.6068234126984127,
context,20,permeability,memory,observed,1,40,34,0.35443287257699774,0.656907032324781,0.8034719207433464,0.497193616191546,0.2645091457416614,0.606906746031746,
context,20,permeability,memory,observed,2,40,34,0.4460267060759453,0.608523874159633,0.7442938223067922,0.45880974289029836,0.27397652264063554,0.6105820105820106,
context,20,permeability,memory,observed,4,40,34,0.5040708198486887,0.5757620533687354,0.704222393957556,0.43644756291309983,0.27700603755190967,0.6127407407407407,
context,20,permeability,memory,observed,9,40,34,0.5432188929348472,0.5525699630626479,0.6758558330481086,0.41757240400960044,0.27693034958715235,0.612441798941799,
context,20,permeability,memory,shuffled_history,0,40,34,0.10742418663509434,0.7724240090435444,0.9447623052201573,0.5836027603397766,0.2659006336145103,0.6075284391534391,
context,20,permeability,memory,shuffled_history,1,40,34,0.36481297750110586,0.651604410769265,0.7969862122388907,0.4924776817659537,0.26645420701553424,0.6077367724867726,
context,20,permeability,memory,shuffled_history,2,40,34,0.45249191883997586,0.6049625269048678,0.7399378900691761,0.45628160277754065,0.2777121679174403,0.6125,
context,20,permeability,memory,shuffled_history,4,40,34,0.5095020746841203,0.5726005944932574,0.7003555706324321,0.43457684079806,0.27794449513778086,0.613600529100529,
context,20,permeability,memory,shuffled_history,9,40,34,0.5482184596937956,0.5495376447692712,0.672146963324394,0.41617182492961485,0.27741566093638537,0.6127969576719577,
context,20,permeability,residual_memory,expected,0,40,34,0.1292051487191791,0.7629413148439199,0.9331638930438859,0.5735384972045818,0.2949847351945937,0.6198247354497355,
context,20,permeability,residual_memory,expected,1,40,34,0.12213210218067871,0.766033550501669,0.9369460485104365,0.5767326834648847,0.2938937306776642,0.6190839947089948,
context,20,permeability,residual_memory,expected,2,40,34,0.12116273463570637,0.7664563721960201,0.9374632074723219,0.5768158480276664,0.2959900531048576,0.6201117724867725,
context,20,permeability,residual_memory,expected,4,40,34,0.12180199053421215,0.7661775658079025,0.937122195589128,0.5765624575068553,0.294848565304031,0.6196289682539683,
context,20,permeability,residual_memory,expected,9,40,34,0.12213337158995896,0.7660329966538452,0.9369453710916347,0.5765226214279731,0.29498547198250885,0.619670634920635,
context,20,permeability,residual_memory,observed,0,40,34,0.1292051487191791,0.7629413148439199,0.9331638930438859,0.5735384972045818,0.2949847351945937,0.6198247354497355,
context,20,permeability,residual_memory,observed,1,40,34,0.3779614179763594,0.6448250025856569,0.7886942259352737,0.48956137979527314,0.29444389979665475,0.6196832010582011,
context,20,permeability,residual_memory,observed,2,40,34,0.4688970236986558,0.5958302863024086,0.7287681224514038,0.44944023863971233,0.31315038856118915,0.6281527777777778,
context,20,permeability,residual_memory,observed,4,40,34,0.5305998325468609,0.5601506281187764,0.6851278475241968,0.42579608229796084,0.31288775299365323,0.6270059523809524,
context,20,permeability,residual_memory,observed,9,40,34,0.5709851712224447,0.5355121873163311,0.6549922356620385,0.4068656840299566,0.3217148056502143,0.6323783068783069,
context,20,permeability,residual_memory,shuffled_history,0,40,34,0.1396187240509612,0.7583657005346702,0.927567396984736,0.5698904411246379,0.29846363469958304,0.6215006613756614,
context,20,permeability,residual_memory,shuffled_history,1,40,34,0.3813486535652989,0.6430669478621986,0.7865439253053201,0.4885115124980608,0.2986968939192593,0.6217202380952381,
context,20,permeability,residual_memory,shuffled_history,2,40,34,0.47088472013775506,0.5947142692750695,0.7274031068549577,0.44873198796808716,0.31718719109271964,0.6297731481481481,
context,20,permeability,residual_memory,shuffled_history,4,40,34,0.532194266183015,0.5591984738761573,0.6839632547271709,0.42513084993263084,0.31612939006959395,0.6290277777777777,
context,20,permeability,residual_memory,shuffled_history,9,40,34,0.5724723611006578,0.5345831988035503,0.6538559771840754,0.40607095145682487,0.32330965374285975,0.6327519841269842,
context,20,protein_binding,fnn,observed,0,26,17,0.10612468129746588,0.9842661126714256,0.9454497970291887,0.6129184445433128,0.49754357588214754,0.7193467643467645,
context,20,protein_binding,fnn,observed,1,26,17,0.10612468129746588,0.9842661126714256,0.9454497970291887,0.6129184445433128,0.49754357588214754,0.7193467643467645,
context,20,protein_binding,fnn,observed,2,26,17,0.10612468129746588,0.9842661126714256,0.9454497970291887,0.6129184445433128,0.49754357588214754,0.7193467643467645,
context,20,protein_binding,fnn,observed,4,26,17,0.10612468129746588,0.9842661126714256,0.9454497970291887,0.6129184445433128,0.49754357588214754,0.7193467643467645,
context,20,protein_binding,fnn,observed,9,26,17,0.10612468129746588,0.9842661126714256,0.9454497970291887,0.6129184445433128,0.49754357588214754,0.7193467643467645,
context,20,protein_binding,fnn_anchor,expected,0,26,17,0.10612468129746588,0.9842661126714256,0.9454497970291887,0.6129184445433128,0.49754357588214754,0.7193467643467645,
context,20,protein_binding,fnn_anchor,expected,1,26,17,0.0705678938001203,1.0036514015117401,0.9640705919173552,0.6356595025765591,0.49578950433776936,0.7187423687423687,
context,20,protein_binding,fnn_anchor,expected,2,26,17,0.06909889967568539,1.004444238285727,0.9648321617381516,0.6406331244034645,0.4949611668498852,0.7184859584859585,
context,20,protein_binding,fnn_anchor,expected,4,26,17,0.055566733313489824,1.0117185157261617,0.9718195648815217,0.6481594846798823,0.4950496583030774,0.7184981684981684,
context,20,protein_binding,fnn_anchor,expected,9,26,17,0.049111316358807944,1.0151702908486213,0.9751352130044284,0.651233263038672,0.4931991070222396,0.7175050875050875,
context,20,protein_binding,fnn_anchor,observed,0,26,17,0.10612468129746588,0.9842661126714256,0.9454497970291887,0.6129184445433128,0.49754357588214754,0.7193467643467645,
context,20,protein_binding,fnn_anchor,observed,1,26,17,0.37812176865764047,0.8209689604681744,0.7885925635855054,0.5186349277542187,0.49578950433776936,0.7187423687423687,
context,20,protein_binding,fnn_anchor,observed,2,26,17,0.375782661559274,0.8225114906998392,0.790074261345556,0.4999039440124463,0.4949611668498852,0.7184859584859585,
context,20,protein_binding,fnn_anchor,observed,4,26,17,0.41365991583288086,0.7971661565711257,0.765728466342423,0.4825661413562603,0.4950496583030774,0.7184981684981684,
context,20,protein_binding,fnn_anchor,observed,9,26,17,0.44098901260751566,0.7783666720174176,0.7476703734885343,0.4642503839272718,0.4931991070222396,0.7175050875050875,
context,20,protein_binding,fnn_ridge,expected,0,26,17,0.10612468129746588,0.9842661126714256,0.9454497970291887,0.6129184445433128,0.49754357588214754,0.7193467643467645,
context,20,protein_binding,fnn_ridge,expected,1,26,17,0.10612468129746588,0.9842661126714256,0.9454497970291887,0.6129184445433128,0.49754357588214754,0.7193467643467645,
context,20,protein_binding,fnn_ridge,expected,2,26,17,0.10612468129746588,0.9842661126714256,0.9454497970291887,0.6129184445433128,0.49754357588214754,0.7193467643467645,
context,20,protein_binding,fnn_ridge,expected,4,26,17,0.10612468129746588,0.9842661126714256,0.9454497970291887,0.6129184445433128,0.49754357588214754,0.7193467643467645,
context,20,protein_binding,fnn_ridge,expected,9,26,17,0.10612468129746588,0.9842661126714256,0.9454497970291887,0.6129184445433128,0.49754357588214754,0.7193467643467645,
context,20,protein_binding,fnn_ridge,observed,0,26,17,0.10612468129746588,0.9842661126714256,0.9454497970291887,0.6129184445433128,0.49754357588214754,0.7193467643467645,
context,20,protein_binding,fnn_ridge,observed,1,26,17,0.21181512815792347,0.9242471233361103,0.8877977651706928,0.5640000774539434,0.49754357588214754,0.7193467643467645,
context,20,protein_binding,fnn_ridge,observed,2,26,17,0.2955042507701665,0.8738024309281001,0.8393424505110137,0.5156555111820881,0.49754357588214754,0.7193467643467645,
context,20,protein_binding,fnn_ridge,observed,4,26,17,0.3591253680589791,0.8334136334123667,0.8005464583276981,0.48728953058903035,0.4978724150894544,0.7194892144892144,
context,20,protein_binding,fnn_ridge,observed,9,26,17,0.41846150563041484,0.7938954153162318,0.762586712688849,0.4540806588148459,0.4982570304415929,0.7197456247456248,
context,20,protein_binding,memory,expected,0,26,17,0.11598017892106582,0.9788250188240324,0.940223282565867,0.6187471277706134,0.4426747770645679,0.6941269841269839,
context,20,protein_binding,memory,expected,1,26,17,0.15037562244902847,0.9595940411922576,0.9217507133444333,0.6110076839190263,0.4443381132510228,0.6946540496540498,
context,20,protein_binding,memory,expected,2,26,17,0.13903561940446663,0.9659767026908539,0.9278816630344267,0.6125699615402099,0.4453050877039249,0.6948606023606023,
context,20,protein_binding,memory,expected,4,26,17,0.1388851444223448,0.9660611132540444,0.9279627447142774,0.6122989898767226,0.4469293004140639,0.6960571835571836,
context,20,protein_binding,memory,expected,9,26,17,0.13351221185459827,0.9690702993563621,0.9308532581161231,0.6128067775758412,0.4443115204859238,0.6949104599104599,
context,20,protein_binding,memory,observed,0,26,17,0.11598017892106582,0.9788250188240324,0.940223282565867,0.6187471277706134,0.4426747770645679,0.6941269841269839,
context,20,protein_binding,memory,observed,1,26,17,0.3149119804889998,0.8616824476242486,0.8277004406855177,0.5428235891461373,0.44337201917973845,0.6942053317053317,
context,20,protein_binding,memory,observed,2,26,17,0.3285694149215149,0.8530502611758886,0.81940868013372,0.4996201406533901,0.4428876535728191,0.694659137159137,
context,20,protein_binding,memory,observed,4,26,17,0.36839583023875666,0.8273638747222831,0.7947352828214206,0.48094676951567333,0.4406468627257988,0.6928072853072854,
context,20,protein_binding,memory,observed,9,26,17,0.40311380288530274,0.8043032583415277,0.7725841035865916,0.4572112431205235,0.4405140934655299,0.692396214896215,
context,20,protein_binding,memory,shuffled_history,0,26,17,0.12929706726891832,0.9714245251168911,0.9331146407227151,0.6170376305855237,0.4399729179648252,0.6926383801383802,
context,20,protein_binding,memory,shuffled_history,1,26,17,0.3223813647732733,0.8569721938259587,0.8231759442711666,0.5422402979013247,0.44158380854015167,0.6934361009361008,
context,20,protein_binding,memory,shuffled_history,2,26,17,0.33636902852824846,0.8480810968567124,0.8146354838034933,0.49860372682412457,0.4400837934552095,0.6935480260480259,
context,20,protein_binding,memory,shuffled_history,4,26,17,0.37646218333358406,0.8220636765938619,0.7896441075993766,0.479974281833722,0.4376390379781906,0.6920522995522996,
context,20,protein_binding,memory,shuffled_history,9,26,17,0.41169044556210366,0.7985038434576387,0.7670133991253976,0.4560360384675173,0.4349983308082207,0.6900956450956451,
context,20,protein_binding,residual_memory,expected,0,26,17,0.06599986809378977,1.0061147798909464,0.9664368225115443,0.6452683685376093,0.45186507507012436,0.6998789173789175,
context,20,protein_binding,residual_memory,expected,1,26,17,0.0710416663117398,1.0033955662260317,0.963824845959192,0.644463705038413,0.44952740789606016,0.6988105413105413,
context,20,protein_binding,residual_memory,expected,2,26,17,0.06825870813472468,1.0048974202699268,0.96526747167056,0.6451865855394266,0.44939920276594464,0.6986823361823361,
context,20,protein_binding,residual_memory,expected,4,26,17,0.06758523915577042,1.0052605280320652,0.9656162596208856,0.6451370158867958,0.4483735616772603,0.6981695156695158,
context,20,protein_binding,residual_memory,expected,9,26,17,0.06654844561782336,1.0058192697496708,0.9661529663475534,0.6453592936045085,0.44828076090377106,0.6982336182336183,
context,20,protein_binding,residual_memory,observed,0,26,17,0.06599986809378977,1.0061147798909464,0.9664368225115443,0.6452683685376093,0.45186507507012436,0.6998789173789175,
context,20,protein_binding,residual_memory,observed,1,26,17,0.30274981694446224,0.8692973957382206,0.8350150795378115,0.5521820060412088,0.4501884168730332,0.6990954415954416,
context,20,protein_binding,residual_memory,observed,2,26,17,0.3120515756635899,0.8634794380678354,0.8294265635584684,0.5094096597647055,0.4498068793366352,0.6982142857142857,
context,20,protein_binding,residual_memory,observed,4,26,17,0.3567035069946619,0.8349868808400434,0.8020576618955386,0.49242550247945843,0.44932550639869306,0.6982956857956857,
context,20,protein_binding,residual_memory,observed,9,26,17,0.4007903586257332,0.8058671567419228,0.7740863268229629,0.4733266242956503,0.445799065562777,0.6967806267806267,
context,20,protein_binding,residual_memory,shuffled_history,0,26,17,0.06596608905111812,1.0061329732967321,0.9664542984274435,0.6452242367313459,0.45114828988145556,0.6998646723646724,
context,20,protein_binding,residual_memory,shuffled_history,1,26,17,0.3024302516121584,0.8694965821242584,0.8352064106481951,0.5521400795838771,0.44946830117931735,0.6988105413105413,
context,20,protein_binding,residual_memory,shuffled_history,2,26,17,0.3119081909227226,0.8635694181597594,0.8295129951226065,0.5093503645903025,0.44929405879706896,0.6979578754578756,
context,20,protein_binding,residual_memory,shuffled_history,4,26,17,0.356607604778707,0.8350491181666874,0.8021174447805589,0.4922987200720952,0.44983499634724394,0.698409645909646,
context,20,protein_binding,residual_memory,shuffled_history,9,26,17,0.4007053728860691,0.8059243026750398,0.7741412191027751,0.47324605792760843,0.4462627709962618,0.6969373219373219,
context,25,cellular_clearance,fnn,observed,0,31,24,0.05277883554447538,0.6633361690929601,0.9732528779590249,0.5183016740618854,0.24854046285793346,0.6109242191500255,
context,25,cellular_clearance,fnn,observed,1,31,24,0.05277883554447538,0.6633361690929601,0.9732528779590249,0.5183016740618854,0.24854046285793346,0.6109242191500255,
context,25,cellular_clearance,fnn,observed,2,31,24,0.05277883554447538,0.6633361690929601,0.9732528779590249,0.5183016740618854,0.24854046285793346,0.6109242191500255,
context,25,cellular_clearance,fnn,observed,4,31,24,0.05277883554447538,0.6633361690929601,0.9732528779590249,0.5183016740618854,0.24854046285793346,0.6109242191500255,
context,25,cellular_clearance,fnn,observed,9,31,24,0.05277883554447538,0.6633361690929601,0.9732528779590249,0.5183016740618854,0.24854046285793346,0.6109242191500255,
context,25,cellular_clearance,fnn_anchor,expected,0,31,24,0.05277883554447538,0.6633361690929601,0.9732528779590249,0.5183016740618854,0.24854046285793346,0.6109242191500255,
context,25,cellular_clearance,fnn_anchor,expected,1,31,24,0.021368646157320148,0.6742447050648743,0.9892579814399679,0.5287342096753018,0.25587304908261504,0.6154198668714798,
context,25,cellular_clearance,fnn_anchor,expected,2,31,24,0.015057238886756696,0.6764153865469354,0.9924428251104661,0.5310405938054925,0.2557745502360405,0.6142302440689538,
context,25,cellular_clearance,fnn_anchor,expected,4,31,24,0.004589376310016768,0.6800003205563477,0.9977026729892946,0.5345885340244538,0.25738006383180617,0.6166444785799625,
context,25,cellular_clearance,fnn_anchor,expected,9,31,24,-0.0013304981907553692,0.6820193612857437,1.000665027964281,0.5367305543922608,0.25688028406071406,0.616342379245605,
context,25,cellular_clearance,fnn_anchor,observed,0,31,24,0.05277883554447538,0.6633361690929601,0.9732528779590249,0.5183016740618854,0.24854046285793346,0.6109242191500255,
context,25,cellular_clearance,fnn_anchor,observed,1,31,24,0.3043070021844334,0.5684821043423113,0.8340821289390911,0.4424698524962189,0.25587304908261504,0.6154198668714798,
context,25,cellular_clearance,fnn_anchor,observed,2,31,24,0.40017514978030444,0.5278617689240838,0.7744836022923246,0.4074902749253858,0.2557745502360405,0.6142302440689538,
context,25,cellular_clearance,fnn_anchor,observed,4,31,24,0.4542188100433562,0.5035206238103049,0.7387700521519831,0.3906007563234657,0.25738006383180617,0.6166444785799625,
context,25,cellular_clearance,fnn_anchor,observed,9,31,24,0.49730236027702823,0.4832383633136834,0.709011734545326,0.37279128695687946,0.25688028406071406,0.616342379245605,
context,25,cellular_clearance,fnn_ridge,expected,0,31,24,0.05277883554447538,0.6633361690929601,0.9732528779590249,0.5183016740618854,0.24854046285793346,0.6109242191500255,
context,25,cellular_clearance,fnn_ridge,expected,1,31,24,0.05277883554447538,0.6633361690929601,0.9732528779590249,0.5183016740618854,0.24854046285793346,0.6109242191500255,
context,25,cellular_clearance,fnn_ridge,expected,2,31,24,0.05277883554447538,0.6633361690929601,0.9732528779590249,0.5183016740618854,0.24854046285793346,0.6109242191500255,
context,25,cellular_clearance,fnn_ridge,expected,4,31,24,0.05277883554447538,0.6633361690929601,0.9732528779590249,0.5183016740618854,0.24854046285793346,0.6109242191500255,
context,25,cellular_clearance,fnn_ridge,expected,9,31,24,0.05277883554447538,0.6633361690929601,0.9732528779590249,0.5183016740618854,0.24854046285793346,0.6109242191500255,
context,25,cellular_clearance,fnn_ridge,observed,0,31,24,0.05277883554447538,0.6633361690929601,0.9732528779590249,0.5183016740618854,0.24854046285793346,0.6109242191500255,
context,25,cellular_clearance,fnn_ridge,observed,1,31,24,0.23831959439098238,0.5948320675211943,0.8727430352681238,0.4548060765574056,0.2476802478073746,0.6106016385048642,
context,25,cellular_clearance,fnn_ridge,observed,2,31,24,0.31150873738378193,0.5655320185305726,0.8297537361267004,0.42837186235894437,0.247567134174288,0.6105359276327017,
context,25,cellular_clearance,fnn_ridge,observed,4,31,24,0.3670718864982845,0.5422320386766033,0.795567793152611,0.41208214019735656,0.24857118990953256,0.610858508277863,
context,25,cellular_clearance,fnn_ridge,observed,9,31,24,0.4325348056069459,0.5134256909567876,0.7533028570190439,0.3899674605938695,0.248791830449976,0.6111392729134663,
context,25,cellular_clearance,memory,expected,0,31,24,0.0010018825805009346,0.6812245906076098,0.9994989331757683,0.5318483819884638,0.21400635730355008,0.591795528247141,
context,25,cellular_clearance,memory,expected,1,31,24,-0.01814856813932364,0.6877230159879338,1.0090334821696074,0.5384169827097206,0.21946648723816353,0.595037122375832,
context,25,cellular_clearance,memory,expected,2,31,24,-0.02070018920287975,0.6885842412136536,1.0102970796765076,0.5389434225488735,0.21183349151284464,0.5916956818569722,
context,25,cellular_clearance,memory,expected,4,31,24,-0.020249161060661214,0.6884320882157436,1.0100738394101003,0.5390288653937719,0.20543503347904452,0.5894589520395971,
context,25,cellular_clearance,memory,expected,9,31,24,-0.019753552725788825,0.6882648574355307,1.0098284768839652,0.5391966523182008,0.2037508585920898,0.5893300904591225,
context,25,cellular_clearance,memory,observed,0,31,24,0.0010018825805009346,0.6812245906076098,0.9994989331757683,0.5318483819884638,0.21400635730355008,0.591795528247141,
context,25,cellular_clearance,memory,observed,1,31,24,0.21528359716844003,0.6037600139703012,0.8858421997351221,0.4711949751710378,0.21841072218232252,0.5944662058371734,
context,25,cellular_clearance,memory,observed,2,31,24,0.3275296361545508,0.5589134443119866,0.8200429036614177,0.43413380645936533,0.19993700256110522,0.58739417989418,
context,25,cellular_clearance,memory,observed,4,31,24,0.3728190212059215,0.5397646281273925,0.7919475858881562,0.4203502560430956,0.1930941066914989,0.5836674347158217,
context,25,cellular_clearance,memory,observed,9,31,24,0.41705680183272575,0.5203806045546219,0.7635071696895022,0.40446023973085554,0.216701065941203,0.5939878818911075,
context,25,cellular_clearance,memory,shuffled_history,0,31,24,0.004790787453472167,0.6799315215262542,0.9976017304247862,0.5305299485306586,0.20936227828584691,0.5900563236047107,
context,25,cellular_clearance,memory,shuffled_history,1,31,24,0.2193738720180486,0.6021844314514766,0.88353049069172,0.4700922935111547,0.2143851093627432,0.5924829322409967,
context,25,cellular_clearance,memory,shuffled_history,2,31,24,0.33055482583441487,0.5576548572032337,0.8181962931751678,0.4330738786343604,0.1979899760616082,0.5864264379586961,
context,25,cellular_clearance,memory,shuffled_history,4,31,24,0.37591120409039414,0.5384323864668814,0.7899929087717218,0.4192425458117198,0.1924765410122051,0.5829446151220344,
context,25,cellular_clearance,memory,shuffled_history,9,31,24,0.4200995195404359,0.5190207440848037,0.7615119700041255,0.40338505507476874,0.21797682291237253,0.5953703703703703,
context,25,cellular_clearance,residual_memory,expected,0,31,24,0.10284533281573893,0.6455674756424505,0.9471824888500954,0.500343927760278,0.30661729231316553,0.634468766001024,
context,25,cellular_clearance,residual_memory,expected,1,31,24,0.10303298109435388,0.6454999588780626,0.9470834276375266,0.5006007385894817,0.30947057561528296,0.6357053251408089,
context,25,cellular_clearance,residual_memory,expected,2,31,24,0.102649268373186,0.6456380130410238,0.9472859819646937,0.5006961761559209,0.30785003064941335,0.6349526369687659,
context,25,cellular_clearance,residual_memory,expected,4,31,24,0.10260069365328928,0.6456554874020135,0.9473116205065315,0.5006271545028175,0.30889005871709957,0.6357130056323604,
context,25,cellular_clearance,residual_memory,expected,9,31,24,0.10260365785467895,0.6456544210681865,0.9473100559718138,0.500517260727062,0.30905985094366534,0.6357471411503669,
context,25,cellular_clearance,residual_memory,observed,0,31,24,0.10284533281573893,0.6455674756424505,0.9471824888500954,0.500343927760278,0.30661729231316553,0.634468766001024,
context,25,cellular_clearance,residual_memory,observed,1,31,24,0.3250514088322588,0.5599423675645978,0.8215525492430421,0.43282622869937654,0.3083289731173745,0.635573903396484,
context,25,cellular_clearance,residual_memory,observed,2,31,24,0.4371277396543952,0.5113436942891684,0.7502481325172391,0.39418004903742065,0.29931950356851345,0.6305500085338793,
context,25,cellular_clearance,residual_memory,observed,4,31,24,0.505262103527425,0.4793972857065741,0.7033760704435253,0.37027543323975726,0.29256104857370413,0.6271458440006827,
context,25,cellular_clearance,residual_memory,observed,9,31,24,0.5507843345083054,0.45680981668620835,0.6702355298637148,0.35096116324265797,0.31282078590123885,0.634452978323946,
context,25,cellular_clearance,residual_memory,shuffled_history,0,31,24,0.10296081890916597,0.645525924019343,0.9471215239296561,0.5002755079089954,0.3066172923211769,0.6343612391193036,
context,25,cellular_clearance,residual_memory,shuffled_history,1,31,24,0.32522757251953094,0.5598692894437628,0.8214453283575658,0.43277901022024046,0.3087870143033483,0.6358546680320873,
context,25,cellular_clearance,residual_memory,shuffled_history,2,31,24,0.4372584944353848,0.5112842984716472,0.7501609864319893,0.394136308790535,0.29961527174999636,0.630811145246629,
context,25,cellular_clearance,residual_memory,shuffled_history,4,31,24,0.505321576398419,0.47936847045912734,0.7033337924496312,0.3702528800118354,0.29258359408667006,0.627157791431985,
context,25,cellular_clearance,residual_memory,shuffled_history,9,31,24,0.5508482392489749,0.4567773229939792,0.6701878548220828,0.35093990985744733,0.3127048789413385,0.6345186891961085,
context,25,efflux,fnn,observed,0,18,18,0.16670243348357794,0.7589545191184893,0.9128513386726351,0.5696074490525105,0.22352844896139926,0.5940917107583775,
context,25,efflux,fnn,observed,1,18,18,0.16670243348357794,0.7589545191184893,0.9128513386726351,0.5696074490525105,0.22352844896139926,0.5940917107583775,
context,25,efflux,fnn,observed,2,18,18,0.16670243348357794,0.7589545191184893,0.9128513386726351,0.5696074490525105,0.22352844896139926,0.5940917107583775,
context,25,efflux,fnn,observed,4,18,18,0.16670243348357794,0.7589545191184893,0.9128513386726351,0.5696074490525105,0.22352844896139926,0.5940917107583775,
context,25,efflux,fnn,observed,9,18,18,0.16670243348357794,0.7589545191184893,0.9128513386726351,0.5696074490525105,0.22352844896139926,0.5940917107583775,
context,25,efflux,fnn_anchor,expected,0,18,18,0.16670243348357794,0.7589545191184893,0.9128513386726351,0.5696074490525105,0.22352844896139926,0.5940917107583775,
context,25,efflux,fnn_anchor,expected,1,18,18,0.13477997757163407,0.773355137652458,0.9301720391563949,0.581868980659379,0.22889143958411834,0.5960332157554379,
context,25,efflux,fnn_anchor,expected,2,18,18,0.1254749385760242,0.7775025540288183,0.9351604468881133,0.5850976102440445,0.22888345482448738,0.5952072310405643,
context,25,efflux,fnn_anchor,expected,4,18,18,0.12170745140128914,0.7791755094405539,0.9371726354299462,0.5880333937207857,0.23002824154165058,0.5961743092298648,
context,25,efflux,fnn_anchor,expected,9,18,18,0.11700180853451592,0.7812600220267002,0.9396798345529631,0.589899245986232,0.23527073734612378,0.597741034685479,
context,25,efflux,fnn_anchor,observed,0,18,18,0.16670243348357794,0.7589545191184893,0.9128513386726351,0.5696074490525105,0.22352844896139926,0.5940917107583775,
context,25,efflux,fnn_anchor,observed,1,18,18,0.34776438510383045,0.6714566034164604,0.8076110542186564,0.5047085985099827,0.22889143958411834,0.5960332157554379,
context,25,efflux,fnn_anchor,observed,2,18,18,0.4296940648318708,0.6278698661884238,0.7551860268623415,0.4758073320874461,0.22888345482448738,0.5952072310405643,
context,25,efflux,fnn_anchor,observed,4,18,18,0.5070950142955926,0.5837102236466075,0.7020719234554302,0.44481731040610206,0.23002824154165058,0.5961743092298648,
context,25,efflux,fnn_anchor,observed,9,18,18,0.5571993950297642,0.5532479294942287,0.6654326449538193,0.42380396073063215,0.23527073734612378,0.597741034685479,
context,25,efflux,fnn_ridge,expected,0,18,18,0.16670243348357794,0.7589545191184893,0.9128513386726351,0.5696074490525105,0.22352844896139926,0.5940917107583775,
context,25,efflux,fnn_ridge,expected,1,18,18,0.16670243348357794,0.7589545191184893,0.9128513386726351,0.5696074490525105,0.22352844896139926,0.5940917107583775,
context,25,efflux,fnn_ridge,expected,2,18,18,0.16670243348357794,0.7589545191184893,0.9128513386726351,0.5696074490525105,0.22352844896139926,0.5940917107583775,
context,25,efflux,fnn_ridge,expected,4,18,18,0.16670243348357794,0.7589545191184893,0.9128513386726351,0.5696074490525105,0.22352844896139926,0.5940917107583775,
context,25,efflux,fnn_ridge,expected,9,18,18,0.16670243348357794,0.7589545191184893,0.9128513386726351,0.5696074490525105,0.22352844896139926,0.5940917107583775,
context,25,efflux,fnn_ridge,observed,0,18,18,0.16670243348357794,0.7589545191184893,0.9128513386726351,0.5696074490525105,0.22352844896139926,0.5940917107583775,
context,25,efflux,fnn_ridge,observed,1,18,18,0.36493088044527644,0.662561493730141,0.7969122408111972,0.49759379406770066,0.22464437091516126,0.5942974720752499,
context,25,efflux,fnn_ridge,observed,2,18,18,0.44825646755927695,0.6175673395937084,0.7427944079223557,0.46566469659407933,0.22649622272562098,0.5952233980011757,
context,25,efflux,fnn_ridge,observed,4,18,18,0.5242081417750366,0.5734878186217544,0.6897766727173104,0.4331395239962472,0.22742214859635737,0.5957789535567313,
context,25,efflux,fnn_ridge,observed,9,18,18,0.577563745711875,0.5403762909324377,0.6499509629873049,0.4101363036919523,0.23046250346082228,0.5967842445620224,
context,25,efflux,memory,expected,0,18,18,0.10049263274775155,0.7885297021048437,0.9484236222555027,0.5922300124720291,0.2789598764368781,0.6148030570252793,
context,25,efflux,memory,expected,1,18,18,0.09359036907275875,0.7915492654351118,0.9520554768117461,0.5938117257422871,0.2782239464835988,0.6146384479717814,
context,25,efflux,memory,expected,2,18,18,0.09015730047555981,0.7930468635324348,0.9538567500020326,0.5946394802022863,0.2776435458963668,0.6143863903586125,
context,25,efflux,memory,expected,4,18,18,0.09012936195394194,0.7930590394760704,0.953871394919702,0.5949525410157662,0.2813940477454,0.616111845972957,
context,25,efflux,memory,expected,9,18,18,0.09286633755832607,0.7918653433934048,0.9524356474017938,0.5944338455796241,0.279183176021885,0.6148567019400353,
context,25,efflux,memory,observed,0,18,18,0.10049263274775155,0.7885297021048437,0.9484236222555027,0.5922300124720291,0.2789598764368781,0.6148030570252793,
context,25,efflux,memory,observed,1,18,18,0.31048422171121437,0.6903793597629585,0.8303708679191398,0.5187486121279222,0.2785943168732855,0.6148236331569666,
context,25,efflux,memory,observed,2,18,18,0.3691640849202338,0.6603495708207879,0.7942517957674167,0.4878200425152425,0.28862929752579436,0.6177219282774838,
context,25,efflux,memory,observed,4,18,18,0.4416658639254296,0.6212448263781087,0.7472175962024519,0.4597041494206146,0.28217269298103115,0.6177388300999411,
context,25,efflux,memory,observed,9,18,18,0.5117584104122671,0.5809424072124953,0.6987428637114893,0.4353235826337778,0.2901587212803187,0.6215490887713111,
context,25,efflux,memory,shuffled_history,0,18,18,0.09810911449170368,0.7895737355366784,0.9496793593146564,0.5929758146957115,0.2786067810461477,0.6146178718400939,
context,25,efflux,memory,shuffled_history,1,18,18,0.30966162083381654,0.6907910525813038,0.8308660416494247,0.5191422181824843,0.27842159585820303,0.6144326866549088,
context,25,efflux,memory,shuffled_history,2,18,18,0.3685602213388791,0.6606655528892155,0.7946318510235547,0.4881673377752304,0.2858130332910352,0.6165696649029981,
context,25,efflux,memory,shuffled_history,4,18,18,0.4403596182962788,0.6219711157160438,0.7480911586857054,0.46044283309468526,0.2799456600651697,0.6168129041740152,
context,25,efflux,memory,shuffled_history,9,18,18,0.510178630106223,0.5818815121584296,0.6998723954363231,0.4359796866995317,0.28790073044322156,0.6202322163433275,
context,25,efflux,residual_memory,expected,0,18,18,0.12587682821682278,0.7773238821169061,0.9349455448223587,0.5863264499439134,0.14870542018777796,0.5657826278659611,
context,25,efflux,residual_memory,expected,1,18,18,0.12327419084399982,0.7784802343263741,0.9363363760721892,0.5869443489335201,0.14896636013355521,0.5661324221046443,
context,25,efflux,residual_memory,expected,2,18,18,0.12060455400165826,0.7796645725869764,0.9377608682379223,0.5879461319027124,0.14841080466630283,0.5657620517342739,
context,25,efflux,residual_memory,expected,4,18,18,0.12089555439967337,0.7795355626662996,0.9376056983616976,0.5875403874781396,0.14896636024393417,0.5661324221046443,
context,25,efflux,residual_memory,expected,9,18,18,0.1204403443881853,0.7797373626170778,0.9378484182488206,0.5875983018455682,0.14804043420762927,0.5657620517342739,
context,25,efflux,residual_memory,observed,0,18,18,0.12587682821682278,0.7773238821169061,0.9349455448223587,0.5863264499439134,0.14870542018777796,0.5657826278659611,
context,25,efflux,residual_memory,observed,1,18,18,0.30522979417761875,0.6930048715649014,0.8335287672434475,0.5275339985335313,0.1512248730079995,0.5669731040564375,
context,25,efflux,residual_memory,observed,2,18,18,0.4194977556935565,0.6334577386173608,0.7619069787752594,0.4818946165619073,0.1491747181172724,0.5638029100529101,
context,25,efflux,residual_memory,observed,4,18,18,0.49155746863506966,0.5928388151570403,0.7130515629075714,0.44700001674669765,0.15620087169938618,0.5666218400940622,
context,25,efflux,residual_memory,observed,9,18,18,0.5597360643646165,0.5516609592621605,0.6635238772157213,0.42171492717884207,0.16928088934057292,0.5717181069958848,
context,25,efflux,residual_memory,shuffled_history,0,18,18,0.12615273857711584,0.7772011942360286,0.9347979789360288,0.5862103158787444,0.14833504983948337,0.5655974426807762,
context,25,efflux,residual_memory,shuffled_history,1,18,18,0.3050579333031088,0.6930905783625603,0.833631853216329,0.5276084150208367,0.15141005819594416,0.5671582892416226,
context,25,efflux,residual_memory,shuffled_history,2,18,18,0.41975278673670147,0.6333185753868359,0.7617395967542311,0.48176707800891666,0.14917471808967767,0.5641732804232805,
context,25,efflux,residual_memory,shuffled_history,4,18,18,0.49170091491814205,0.5927551808048859,0.7129509696198315,0.4469649774719168,0.1565712420890729,0.5668070252792474,
context,25,efflux,residual_memory,shuffled_history,9,18,18,0.5598165882872946,0.5516105077804458,0.6634631954469707,0.4216976204514503,0.17165901291149632,0.5724000587889476,
context,25,in_vivo_clearance,fnn,observed,0,5,3,-0.3352888486761627,0.533417881010978,1.1555469911155334,0.4252235456307728,-0.11729452992479009,0.4488888888888889,
context,25,in_vivo_clearance,fnn,observed,1,5,3,-0.3352888486761627,0.533417881010978,1.1555469911155334,0.4252235456307728,-0.11729452992479009,0.4488888888888889,
context,25,in_vivo_clearance,fnn,observed,2,5,3,-0.3352888486761627,0.533417881010978,1.1555469911155334,0.4252235456307728,-0.11729452992479009,0.4488888888888889,
context,25,in_vivo_clearance,fnn,observed,4,5,3,-0.3352888486761627,0.533417881010978,1.1555469911155334,0.4252235456307728,-0.11729452992479009,0.4488888888888889,
context,25,in_vivo_clearance,fnn,observed,9,5,3,-0.3352888486761627,0.533417881010978,1.1555469911155334,0.4252235456307728,-0.11729452992479009,0.4488888888888889,
context,25,in_vivo_clearance,fnn_anchor,expected,0,5,3,-0.3352888486761627,0.533417881010978,1.1555469911155334,0.4252235456307728,-0.11729452992479009,0.4488888888888889,
context,25,in_vivo_clearance,fnn_anchor,expected,1,5,3,-0.5095362178341885,0.5671549507921583,1.228631847965121,0.4526666270891825,-0.11561920329928399,0.4502962962962963,
context,25,in_vivo_clearance,fnn_anchor,expected,2,5,3,-0.576574844803285,0.5796118490470794,1.2556173162246869,0.4632034787336986,-0.11421659429868063,0.44911111111111107,
context,25,in_vivo_clearance,fnn_anchor,expected,4,5,3,-0.6399197820890385,0.5911412439350214,1.2805935272712565,0.4729208138386409,-0.09951529011130333,0.4571111111111111,
context,25,in_vivo_clearance,fnn_anchor,expected,9,5,3,-0.6819974612741739,0.5986770731093676,1.2969184481971772,0.4793778875271479,-0.10356724674503011,0.45496296296296296,
context,25,in_vivo_clearance,fnn_anchor,observed,0,5,3,-0.3352888486761627,0.533417881010978,1.1555469911155334,0.4252235456307728,-0.11729452992479009,0.4488888888888889,
context,25,in_vivo_clearance,fnn_anchor,observed,1,5,3,-0.08784326887193994,0.4814632279297746,1.0429972525716162,0.37496233117580413,-0.11561920329928399,0.4502962962962963,
context,25,in_vivo_clearance,fnn_anchor,observed,2,5,3,0.039712633921310414,0.4523562200119855,0.9799425320286336,0.3543796260356903,-0.11421659429868063,0.44911111111111107,
context,25,in_vivo_clearance,fnn_anchor,observed,4,5,3,0.1681977642831739,0.42100766270096673,0.9120319269174879,0.3246793352762858,-0.09951529011130333,0.4571111111111111,
context,25,in_vivo_clearance,fnn_anchor,observed,9,5,3,0.25254508461294256,0.39909148325206806,0.8645547497915083,0.30767582158247625,-0.10356724674503011,0.45496296296296296,
context,25,in_vivo_clearance,fnn_ridge,expected,0,5,3,-0.3352888486761627,0.533417881010978,1.1555469911155334,0.4252235456307728,-0.11729452992479009,0.4488888888888889,
context,25,in_vivo_clearance,fnn_ridge,expected,1,5,3,-0.3352888486761627,0.533417881010978,1.1555469911155334,0.4252235456307728,-0.11729452992479009,0.4488888888888889,
context,25,in_vivo_clearance,fnn_ridge,expected,2,5,3,-0.3352888486761627,0.533417881010978,1.1555469911155334,0.4252235456307728,-0.11729452992479009,0.4488888888888889,
context,25,in_vivo_clearance,fnn_ridge,expected,4,5,3,-0.3352888486761627,0.533417881010978,1.1555469911155334,0.4252235456307728,-0.11729452992479009,0.4488888888888889,
context,25,in_vivo_clearance,fnn_ridge,expected,9,5,3,-0.3352888486761627,0.533417881010978,1.1555469911155334,0.4252235456307728,-0.11729452992479009,0.4488888888888889,
context,25,in_vivo_clearance,fnn_ridge,observed,0,5,3,-0.3352888486761627,0.533417881010978,1.1555469911155334,0.4252235456307728,-0.11729452992479009,0.4488888888888889,
context,25,in_vivo_clearance,fnn_ridge,observed,1,5,3,0.004145834573351825,0.46065716542093754,0.9979249297550634,0.35735458381970725,-0.11862786332766215,0.4482222222222222,
context,25,in_vivo_clearance,fnn_ridge,observed,2,5,3,0.15746427903614846,0.42371527447712176,0.9178974457769514,0.330883562485377,-0.11862786337733269,0.4488888888888889,
context,25,in_vivo_clearance,fnn_ridge,observed,4,5,3,0.30176780808745574,0.3857268696636828,0.8356028912782341,0.2969806644121806,-0.12129453008373578,0.4475555555555556,
context,25,in_vivo_clearance,fnn_ridge,observed,9,5,3,0.3840312048512512,0.3622924757456322,0.7848367952311798,0.2794343756834666,-0.11729452972610792,0.4488888888888889,
context,25,in_vivo_clearance,memory,expected,0,5,3,-0.01949084933687839,0.4660919742654839,1.0096983952333878,0.36094681278864543,-0.09892645239830015,0.4601481481481481,
context,25,in_vivo_clearance,memory,expected,1,5,3,-0.0476365426643337,0.47248201102202336,1.0235411778059218,0.3742494413455327,-0.05904329821467398,0.4723703703703704,
context,25,in_vivo_clearance,memory,expected,2,5,3,-0.04881951836975662,0.4727486956122135,1.0241188985512164,0.37404337513446806,-0.04213855201999345,0.4851111111111111,
context,25,in_vivo_clearance,memory,expected,4,5,3,-0.04762290585955209,0.47247893592600865,1.023534516203314,0.37425865821043647,-0.009982681969801576,0.4973333333333333,
context,25,in_vivo_clearance,memory,expected,9,5,3,-0.04765963579734156,0.47248721847200825,1.0235524587422677,0.37426803441842393,-0.003948043833176299,0.4992592592592592,
context,25,in_vivo_clearance,memory,observed,0,5,3,-0.01949084933687839,0.4660919742654839,1.0096983952333878,0.36094681278864543,-0.09892645239830015,0.4601481481481481,
context,25,in_vivo_clearance,memory,observed,1,5,3,0.09886350602749294,0.43820290040275484,0.9492820939912998,0.3419019689957301,-0.05825539981325467,0.4779999999999999,
context,25,in_vivo_clearance,memory,observed,2,5,3,0.18162350615240752,0.4175961942840273,0.904641638356091,0.33246368416150407,-0.08882692292332646,0.4645185185185185,
context,25,in_vivo_clearance,memory,observed,4,5,3,0.30999785744027974,0.38344685354226427,0.8306636759602049,0.3020148636897405,0.04230735555291175,0.5173333333333334,
context,25,in_vivo_clearance,memory,observed,9,5,3,0.3713729537018986,0.36599612722504077,0.792860042061713,0.2891773358980815,0.11129431088765465,0.546074074074074,
context,25,in_vivo_clearance,memory,shuffled_history,0,5,3,-0.019629886545692532,0.4661237557757661,1.0097672437476335,0.3608844406207402,-0.08118185102939604,0.468962962962963,
context,25,in_vivo_clearance,memory,shuffled_history,1,5,3,0.09990030356040625,0.43795074190880523,0.9487358412327395,0.34157921989758805,-0.06519478380680084,0.4768148148148148,
context,25,in_vivo_clearance,memory,shuffled_history,2,5,3,0.18279087500020796,0.41729824904739826,0.9039961974476397,0.3321165414651235,-0.08845029224952058,0.4652592592592592,
context,25,in_vivo_clearance,memory,shuffled_history,4,5,3,0.3110901085714043,0.38314324134331706,0.8300059586705362,0.30165043226877847,0.04600000008940697,0.5214074074074074,
context,25,in_vivo_clearance,memory,shuffled_history,9,5,3,0.3724531103458645,0.3656815503069491,0.7921785718221211,0.28886997207005816,0.1099609770377477,0.5474074074074073,
context,25,in_vivo_clearance,residual_memory,expected,0,5,3,-0.5187259333144245,0.5688786869519136,1.2323659900023307,0.4578988501230875,-0.14890058085322383,0.435111111111111,
context,25,in_vivo_clearance,residual_memory,expected,1,5,3,-0.52122357104214,0.5693462726926506,1.233378924354612,0.45800786439577734,-0.15023391430576644,0.4351111111111111,
context,25,in_vivo_clearance,residual_memory,expected,2,5,3,-0.5203814312145714,0.5691886576131856,1.2330374816746534,0.457740893681844,-0.15023391430576644,0.4351111111111111,
context,25,in_vivo_clearance,residual_memory,expected,4,5,3,-0.519841336435855,0.5690875503772184,1.2328184523423775,0.457497677206993,-0.15023391430576644,0.4351111111111111,
context,25,in_vivo_clearance,residual_memory,expected,9,5,3,-0.5187376564761328,0.5688808825567372,1.2323707463568472,0.4573185097376505,-0.15023391430576644,0.4351111111111111,
context,25,in_vivo_clearance,residual_memory,observed,0,5,3,-0.5187259333144245,0.5688786869519136,1.2323659900023307,0.4578988501230875,-0.14890058085322383,0.435111111111111,
context,25,in_vivo_clearance,residual_memory,observed,1,5,3,-0.02449281899997313,0.46723397827514296,1.012172326730964,0.3613135656515757,-0.14423391366998353,0.4351111111111111,
context,25,in_vivo_clearance,residual_memory,observed,2,5,3,0.12034129391022397,0.43294931957006033,0.93790122405815,0.3408057419856389,-0.12421659544110297,0.44511111111111107,
context,25,in_vivo_clearance,residual_memory,observed,4,5,3,0.23022409635240304,0.4050066133707801,0.8773687386997538,0.316779829621315,-0.1272598921755949,0.4417037037037037,
context,25,in_vivo_clearance,residual_memory,observed,9,5,3,0.2951225866650683,0.3875580446034046,0.8395697787170116,0.30334978210926056,-0.1292598926524321,0.4423703703703704,
context,25,in_vivo_clearance,residual_memory,shuffled_history,0,5,3,-0.5185324001214693,0.5688424393268662,1.232287466511556,0.457872964700063,-0.14890058085322383,0.435111111111111,
context,25,in_vivo_clearance,residual_memory,shuffled_history,1,5,3,-0.024368926508268274,0.4672057259873376,1.0121111235967464,0.3612894759178161,-0.14423391366998353,0.4351111111111111,
context,25,in_vivo_clearance,residual_memory,shuffled_history,2,5,3,0.12045490457969843,0.4329213602888119,0.9378406556661433,0.3407750956614812,-0.12421659544110297,0.44511111111111107,
context,25,in_vivo_clearance,residual_memory,shuffled_history,4,5,3,0.23030821294206527,0.4049844843942309,0.8773208005387395,0.3167512654860814,-0.12859322557846703,0.441037037037037,
context,25,in_vivo_clearance,residual_memory,shuffled_history,9,5,3,0.2951795363575276,0.3875423881524695,0.8395358620347748,0.3033255104223887,-0.1292598926524321,0.4423703703703704,
context,25,microsomal_clearance,fnn,observed,0,112,71,0.06934477527882899,0.6370643006253136,0.9647047344763946,0.49064838598792754,0.29032619304962753,0.6276203172241119,
context,25,microsomal_clearance,fnn,observed,1,112,71,0.06934477527882899,0.6370643006253136,0.9647047344763946,0.49064838598792754,0.29032619304962753,0.6276203172241119,
context,25,microsomal_clearance,fnn,observed,2,112,71,0.06934477527882899,0.6370643006253136,0.9647047344763946,0.49064838598792754,0.29032619304962753,0.6276203172241119,
context,25,microsomal_clearance,fnn,observed,4,112,71,0.06934477527882899,0.6370643006253136,0.9647047344763946,0.49064838598792754,0.29032619304962753,0.6276203172241119,
context,25,microsomal_clearance,fnn,observed,9,112,71,0.06934477527882899,0.6370643006253136,0.9647047344763946,0.49064838598792754,0.29032619304962753,0.6276203172241119,
context,25,microsomal_clearance,fnn_anchor,expected,0,112,71,0.06934477527882899,0.6370643006253136,0.9647047344763946,0.49064838598792754,0.29032619304962753,0.6276203172241119,
context,25,microsomal_clearance,fnn_anchor,expected,1,112,71,0.03913777175436062,0.6473205879132794,0.9802358023688175,0.5005252513049968,0.2952078238264422,0.6298280456086756,
context,25,microsomal_clearance,fnn_anchor,expected,2,112,71,0.030192749731930757,0.650326681349186,0.9847879214673936,0.5031778607641657,0.2966840567380698,0.6302108167726966,
context,25,microsomal_clearance,fnn_anchor,expected,4,112,71,0.02308837856026158,0.6527043350890326,0.9883883960466849,0.5052189139897625,0.2975823388015394,0.6307856362066432,
context,25,microsomal_clearance,fnn_anchor,expected,9,112,71,0.015263619519454208,0.6553131012803278,0.9923388435814381,0.5076764482880632,0.2986228098355456,0.6312702119813974,
context,25,microsomal_clearance,fnn_anchor,observed,0,112,71,0.06934477527882899,0.6370643006253136,0.9647047344763946,0.49064838598792754,0.29032619304962753,0.6276203172241119,
context,25,microsomal_clearance,fnn_anchor,observed,1,112,71,0.328315317985166,0.5412171889426657,0.819563714432767,0.4171904189095256,0.29524299787552444,0.6298429265610564,
context,25,microsomal_clearance,fnn_anchor,observed,2,112,71,0.3947893295097059,0.513738540278556,0.7779528716383108,0.39662343286066537,0.29669256154034224,0.6302108167726966,
context,25,microsomal_clearance,fnn_anchor,observed,4,112,71,0.44618676535583257,0.49144002471489484,0.744186290282324,0.3778167960189638,0.2975647517592588,0.6307856362066432,
context,25,microsomal_clearance,fnn_anchor,observed,9,112,71,0.4857010426227947,0.47358362895824513,0.7171463988455951,0.3642551724665931,0.2986090886245748,0.6312702119813974,
context,25,microsomal_clearance,fnn_ridge,expected,0,112,71,0.06934477527882899,0.6370643006253136,0.9647047344763946,0.49064838598792754,0.29032619304962753,0.6276203172241119,
context,25,microsomal_clearance,fnn_ridge,expected,1,112,71,0.06934477527882899,0.6370643006253136,0.9647047344763946,0.49064838598792754,0.29032619304962753,0.6276203172241119,
context,25,microsomal_clearance,fnn_ridge,expected,2,112,71,0.06934477527882899,0.6370643006253136,0.9647047344763946,0.49064838598792754,0.29032619304962753,0.6276203172241119,
context,25,microsomal_clearance,fnn_ridge,expected,4,112,71,0.06934477527882899,0.6370643006253136,0.9647047344763946,0.49064838598792754,0.29032619304962753,0.6276203172241119,
context,25,microsomal_clearance,fnn_ridge,expected,9,112,71,0.06934477527882899,0.6370643006253136,0.9647047344763946,0.49064838598792754,0.29032619304962753,0.6276203172241119,
context,25,microsomal_clearance,fnn_ridge,observed,0,112,71,0.06934477527882899,0.6370643006253136,0.9647047344763946,0.49064838598792754,0.29032619304962753,0.6276203172241119,
context,25,microsomal_clearance,fnn_ridge,observed,1,112,71,0.3384660507774857,0.5371120891710438,0.8133473730347411,0.41231810459423635,0.2905973009291391,0.6277605052437641,
context,25,microsomal_clearance,fnn_ridge,observed,2,112,71,0.4103143580818014,0.5071064516108007,0.7679099178407572,0.3902487237361215,0.2901042006901752,0.6275214651832955,
context,25,microsomal_clearance,fnn_ridge,observed,4,112,71,0.4653230703712792,0.48287484514978546,0.7312160622064595,0.36989151931279113,0.2916065688502995,0.6280373381991685,
context,25,microsomal_clearance,fnn_ridge,observed,9,112,71,0.5104562511293538,0.4620453605518957,0.6996740304389224,0.35420468440811553,0.2939572426227385,0.6288306937358276,
context,25,microsomal_clearance,memory,expected,0,112,71,0.06505387988659583,0.6385312416436948,0.9669261192632063,0.49181554863051996,0.3070184463798755,0.6338159440087764,
context,25,microsomal_clearance,memory,expected,1,112,71,0.05944878920730756,0.6404424091987151,0.9698201950839611,0.49397097519998034,0.30779447720825354,0.6340314225613085,
context,25,microsomal_clearance,memory,expected,2,112,71,0.05985595770259211,0.6403037691134811,0.9696102527806768,0.4935324213352232,0.30815960299850176,0.6341312063019652,
context,25,microsomal_clearance,memory,expected,4,112,71,0.05870083822986749,0.6406970068889231,0.9702057316724801,0.49384662369709637,0.30696898313796744,0.633617400085034,
context,25,microsomal_clearance,memory,expected,9,112,71,0.056583536163674286,0.641417174914762,0.971296280151595,0.4942784218108725,0.30762479652675995,0.633836539824263,
context,25,microsomal_clearance,memory,observed,0,112,71,0.06505387988659583,0.6385312416436948,0.9669261192632063,0.49181554863051996,0.3070184463798755,0.6338159440087764,
context,25,microsomal_clearance,memory,observed,1,112,71,0.312400741439948,0.5475913245358452,0.8292160505923966,0.41838679151964325,0.30776587492161245,0.6340686249422608,
context,25,microsomal_clearance,memory,observed,2,112,71,0.392479586268345,0.5147179299248699,0.7794359587109483,0.3951331609035177,0.30667565663173396,0.6336997177343159,
context,25,microsomal_clearance,memory,observed,4,112,71,0.44849464000063377,0.49041498055466487,0.7426340687036693,0.3756453268549272,0.3061794476152256,0.634462970180356,
context,25,microsomal_clearance,memory,observed,9,112,71,0.49504702026566305,0.4692608563498531,0.7106004360639929,0.3607862511844862,0.312075773116292,0.6365008798658351,
context,25,microsomal_clearance,memory,shuffled_history,0,112,71,0.06856123890000687,0.6373324224938709,0.9651107506913355,0.4907336824759841,0.3068601089584953,0.6339049935174687,
context,25,microsomal_clearance,memory,shuffled_history,1,112,71,0.3156933588698946,0.5462786614117809,0.8272282884005512,0.41726054905958115,0.3070669712487521,0.6337975199724951,
context,25,microsomal_clearance,memory,shuffled_history,2,112,71,0.3951808583812595,0.5135723369854582,0.7777011904444666,0.3941596742941155,0.30760515970163865,0.6342688091826236,
context,25,microsomal_clearance,memory,shuffled_history,4,112,71,0.45072798583984464,0.4894209944403026,0.7411288782392408,0.37483749927332,0.3050610075445877,0.633872810505375,
context,25,microsomal_clearance,memory,shuffled_history,9,112,71,0.49706145101348276,0.468323899646916,0.709181605081884,0.3601109320430883,0.3130598507020643,0.637005054143571,
context,25,microsomal_clearance,residual_memory,expected,0,112,71,0.07163445136310731,0.6362801384855542,0.9635172798849498,0.4922634164864818,0.2701287336696963,0.6175093137177711,
context,25,microsomal_clearance,residual_memory,expected,1,112,71,0.0666745272145719,0.6379775825793068,0.96608771485069,0.49372045177966356,0.26938355535186775,0.617097312111573,
context,25,microsomal_clearance,residual_memory,expected,2,112,71,0.06844046294180706,0.6373737413342245,0.9651733196986917,0.4933213617865528,0.2693118246011218,0.6170247969944151,
context,25,microsomal_clearance,residual_memory,expected,4,112,71,0.06812103723100482,0.6374830076250725,0.9653387813451789,0.493315083444828,0.2695440828849654,0.6171882512650122,
context,25,microsomal_clearance,residual_memory,expected,9,112,71,0.06828106257250166,0.637428269928458,0.9652558922003524,0.4932130085446295,0.2696225259835126,0.617179984069245,
context,25,microsomal_clearance,residual_memory,observed,0,112,71,0.07163445136310731,0.6362801384855542,0.9635172798849498,0.4922634164864818,0.2701287336696963,0.6175093137177711,
context,25,microsomal_clearance,residual_memory,observed,1,112,71,0.27421864105519433,0.562589683372788,0.8519280245095859,0.4286565657447846,0.2684322033895642,0.6166652920813387,
context,25,microsomal_clearance,residual_memory,observed,2,112,71,0.3845404773482064,0.5180701941564035,0.7845122833020485,0.39699377533314484,0.2686380053212717,0.6173181643413539,
context,25,microsomal_clearance,residual_memory,observed,4,112,71,0.4557565163093873,0.4871755432247268,0.7377285975822089,0.3724117630533873,0.2778508574683543,0.6217024944622912,
context,25,microsomal_clearance,residual_memory,observed,9,112,71,0.5019417797063302,0.4660461400412335,0.7057323999177519,0.3573002005811957,0.28679060559779285,0.6255991781357605,
context,25,microsomal_clearance,residual_memory,shuffled_history,0,112,71,0.07171099872566433,0.6362539060545078,0.963477556186098,0.4922315736806818,0.2700958791105302,0.6174911258870832,
context,25,microsomal_clearance,residual_memory,shuffled_history,1,112,71,0.2742628817774285,0.5625725365055478,0.8519020590552482,0.428630231115967,0.26837573918594554,0.6166050596550348,
context,25,microsomal_clearance,residual_memory,shuffled_history,2,112,71,0.38458454674622,0.5180516458608143,0.7844841956685807,0.3969747768652936,0.2682387299466285,0.6171214050820947,
context,25,microsomal_clearance,residual_memory,shuffled_history,4,112,71,0.45580645879304715,0.48715318988882156,0.737694747986559,0.37239259762245985,0.2778601354213666,0.6216991875839842,
context,25,microsomal_clearance,residual_memory,shuffled_history,9,112,71,0.5019826053783221,0.46602703882375623,0.7057034749961757,0.3572852873128084,0.2870490833802095,0.6257127930261611,
context,25,permeability,fnn,observed,0,24,21,0.2301329069012451,0.7469977810284977,0.8774207047356216,0.5572952103532023,0.29619891554531125,0.6191424162257496,
context,25,permeability,fnn,observed,1,24,21,0.2301329069012451,0.7469977810284977,0.8774207047356216,0.5572952103532023,0.29619891554531125,0.6191424162257496,
context,25,permeability,fnn,observed,2,24,21,0.2301329069012451,0.7469977810284977,0.8774207047356216,0.5572952103532023,0.29619891554531125,0.6191424162257496,
context,25,permeability,fnn,observed,4,24,21,0.2301329069012451,0.7469977810284977,0.8774207047356216,0.5572952103532023,0.29619891554531125,0.6191424162257496,
context,25,permeability,fnn,observed,9,24,21,0.2301329069012451,0.7469977810284977,0.8774207047356216,0.5572952103532023,0.29619891554531125,0.6191424162257496,
context,25,permeability,fnn_anchor,expected,0,24,21,0.2301329069012451,0.7469977810284977,0.8774207047356216,0.5572952103532023,0.29619891554531125,0.6191424162257496,
context,25,permeability,fnn_anchor,expected,1,24,21,0.18893083138749478,0.7667263339348235,0.9005937866832666,0.5757195204082463,0.2943292941173746,0.6194378306878306,
context,25,permeability,fnn_anchor,expected,2,24,21,0.1769964437669066,0.7723466893516755,0.9071954344203311,0.5812656224519014,0.30073562810818355,0.6216468253968254,
context,25,permeability,fnn_anchor,expected,4,24,21,0.16523638114656558,0.7778452248574188,0.9136539929609209,0.5855305517547661,0.3048093978005151,0.6222949735449735,
context,25,permeability,fnn_anchor,expected,9,24,21,0.1561620513501889,0.7820615953856902,0.9186065254774817,0.5892864075634215,0.3018928690606521,0.620707671957672,
context,25,permeability,fnn_anchor,observed,0,24,21,0.2301329069012451,0.7469977810284977,0.8774207047356216,0.5572952103532023,0.29619891554531125,0.6191424162257496,
context,25,permeability,fnn_anchor,observed,1,24,21,0.4061382466861452,0.6560759401700872,0.7706242620848729,0.4937728160950872,0.2943292941173746,0.6194378306878306,
context,25,permeability,fnn_anchor,observed,2,24,21,0.4657937444837674,0.622251451034892,0.7308941479559352,0.46858956975241495,0.30073562810818355,0.6216468253968254,
context,25,permeability,fnn_anchor,observed,4,24,21,0.5132245377289808,0.5939854028038808,0.6976929570169239,0.4510462619571222,0.3048093978005151,0.6222949735449735,
context,25,permeability,fnn_anchor,observed,9,24,21,0.547258661809016,0.5728441844571474,0.6728605637061694,0.4332029901362127,0.3018928690606521,0.620707671957672,
context,25,permeability,fnn_ridge,expected,0,24,21,0.2301329069012451,0.7469977810284977,0.8774207047356216,0.5572952103532023,0.29619891554531125,0.6191424162257496,
context,25,permeability,fnn_ridge,expected,1,24,21,0.2301329069012451,0.7469977810284977,0.8774207047356216,0.5572952103532023,0.29619891554531125,0.6191424162257496,
context,25,permeability,fnn_ridge,expected,2,24,21,0.2301329069012451,0.7469977810284977,0.8774207047356216,0.5572952103532023,0.29619891554531125,0.6191424162257496,
context,25,permeability,fnn_ridge,expected,4,24,21,0.2301329069012451,0.7469977810284977,0.8774207047356216,0.5572952103532023,0.29619891554531125,0.6191424162257496,
context,25,permeability,fnn_ridge,expected,9,24,21,0.2301329069012451,0.7469977810284977,0.8774207047356216,0.5572952103532023,0.29619891554531125,0.6191424162257496,
context,25,permeability,fnn_ridge,observed,0,24,21,0.2301329069012451,0.7469977810284977,0.8774207047356216,0.5572952103532023,0.29619891554531125,0.6191424162257496,
context,25,permeability,fnn_ridge,observed,1,24,21,0.42232136129736175,0.6470749503296449,0.7600517342277684,0.48456415192120605,0.2964478285051882,0.619350749559083,
context,25,permeability,fnn_ridge,observed,2,24,21,0.48421002865230245,0.6114316001351451,0.7181851929326429,0.45972457057072064,0.2973319565152956,0.6198522927689595,
context,25,permeability,fnn_ridge,observed,4,24,21,0.538710999928774,0.5782264883149771,0.679182597002622,0.43874605751699863,0.298635164482726,0.6203384038800706,
context,25,permeability,fnn_ridge,observed,9,24,21,0.5776544005397186,0.5532805714286361,0.6498812195011342,0.4190841970675521,0.3019372526556254,0.6213855820105821,
context,25,permeability,memory,expected,0,24,21,0.12362670750718785,0.7969957405328916,0.9361481146126462,0.600803369378878,0.30572647079825405,0.6220745149911816,
context,25,permeability,memory,expected,1,24,21,0.11048549577717959,0.8029489793104096,0.9431407658577909,0.6064261418332656,0.3058653597202566,0.6220745149911817,
context,25,permeability,memory,expected,2,24,21,0.11015675530043068,0.8030973397054508,0.943315029404053,0.6058266129965583,0.30586175170416635,0.622282848324515,
context,25,permeability,memory,expected,4,24,21,0.10859545112115698,0.803801581555564,0.9441422291576852,0.6062347260076139,0.3060022102875842,0.6223445767195767,
context,25,permeability,memory,expected,9,24,21,0.10821830941385857,0.8039716025878537,0.9443419352046913,0.6059917822149065,0.305702783829636,0.6222211199294532,
context,25,permeability,memory,observed,0,24,21,0.12362670750718785,0.7969957405328916,0.9361481146126462,0.600803369378878,0.30572647079825405,0.6220745149911816,
context,25,permeability,memory,observed,1,24,21,0.363545682475815,0.6791958941500859,0.7977808706181071,0.5104739618218607,0.3058653596685164,0.6220745149911817,
context,25,permeability,memory,observed,2,24,21,0.45352359168195644,0.6293571092356275,0.7392404265988458,0.47003190876709083,0.3089850412371258,0.6235482804232805,
context,25,permeability,memory,observed,4,24,21,0.5051680495377988,0.5988806762109594,0.7034429262294143,0.4488918372243642,0.3163965716233684,0.6281316137566137,
context,25,permeability,memory,observed,9,24,21,0.549867460715491,0.5711913705875326,0.670919174926838,0.4267931587704354,0.3157602325185305,0.6275451940035274,
context,25,permeability,memory,shuffled_history,0,24,21,0.14070015841119698,0.7891940444526101,0.9269842725682044,0.5932611676388316,0.3085150728623072,0.6233245149911816,
context,25,permeability,memory,shuffled_history,1,24,21,0.3746101174751817,0.6732662724989974,0.7908159599583321,0.5052863491078218,0.3090210285555157,0.6235328483245149,
context,25,permeability,memory,shuffled_history,2,24,21,0.4614726927349946,0.6247629953730243,0.7338441982226237,0.46637747013320524,0.3139922571265035,0.6259402557319224,
context,25,permeability,memory,shuffled_history,4,24,21,0.5123181165028696,0.5945381736538023,0.6983422395195141,0.4458238144218922,0.31749121199051533,0.6286563051146384,
context,25,permeability,memory,shuffled_history,9,24,21,0.5558080094060622,0.567409751170145,0.6664772993838108,0.42447224936137595,0.31595352400715154,0.6275992063492063,
context,25,permeability,residual_memory,expected,0,24,21,0.16109161730852972,0.7797739102141774,0.915919419322175,0.5792884065541957,0.34068163742000857,0.6387147266313934,
context,25,permeability,residual_memory,expected,1,24,21,0.15341129557700883,0.78333524640231,0.9201025510360197,0.5826671422935195,0.3377613626523978,0.6373258377425044,
context,25,permeability,residual_memory,expected,2,24,21,0.15211026243035686,0.7839369281053198,0.9208092840374944,0.5829291522171762,0.3391502515619827,0.63788139329806,
context,25,permeability,residual_memory,expected,4,24,21,0.15235405745427733,0.7838242167149725,0.9206768936742806,0.5828521433720986,0.338181637496584,0.6374647266313933,
context,25,permeability,residual_memory,expected,9,24,21,0.15288267858793914,0.7835797687411841,0.9203897660296212,0.5827301852984561,0.33854870421604977,0.6376730599647266,
context,25,permeability,residual_memory,observed,0,24,21,0.16109161730852972,0.7797739102141774,0.915919419322175,0.5792884065541957,0.34068163742000857,0.6387147266313934,
context,25,permeability,residual_memory,observed,1,24,21,0.3940522737179547,0.6627183767769393,0.7784264424350225,0.49879358643458943,0.338591088157975,0.6376036155202822,
context,25,permeability,residual_memory,observed,2,24,21,0.48841578087335846,0.6089336906183012,0.71525115807431,0.4553268038233121,0.3403434523898694,0.6389594356261022,
context,25,permeability,residual_memory,observed,4,24,21,0.5408847179743416,0.5768625000501346,0.6775804616616823,0.43402739147345226,0.3416301229554746,0.637636684303351,
context,25,permeability,residual_memory,observed,9,24,21,0.5865384236404201,0.5474305265116002,0.6430097793654307,0.4099563604758845,0.34857586692604753,0.6418926366843033,
context,25,permeability,residual_memory,shuffled_history,0,24,21,0.17697225899937863,0.7723580373511879,0.9072087637366724,0.573326537526316,0.34689646994488105,0.6417857142857143,
context,25,permeability,residual_memory,shuffled_history,1,24,21,0.3993739014666813,0.6598018562736045,0.7750007087308493,0.49699076332979725,0.3454016339758204,0.6409986772486772,
context,25,permeability,residual_memory,shuffled_history,2,24,21,0.491505321774123,0.6070921809604447,0.7130881279518522,0.45414439246058463,0.3458214566628966,0.6412433862433863,
context,25,permeability,residual_memory,shuffled_history,4,24,21,0.5433276249814545,0.5753257389308488,0.6757753879940771,0.4329263386295901,0.3466418605711725,0.6408234126984128,
context,25,permeability,residual_memory,shuffled_history,9,24,21,0.5887488373593415,0.5459652518439245,0.6412886734074277,0.4086551859643724,0.351188374341776,0.6427491181657848,
context,25,protein_binding,fnn,observed,0,15,11,0.2462128345245791,0.6948214382087102,0.8682091714992539,0.5204968510998619,0.5154619546234607,0.728546737213404,
context,25,protein_binding,fnn,observed,1,15,11,0.2462128345245791,0.6948214382087102,0.8682091714992539,0.5204968510998619,0.5154619546234607,0.728546737213404,
context,25,protein_binding,fnn,observed,2,15,11,0.2462128345245791,0.6948214382087102,0.8682091714992539,0.5204968510998619,0.5154619546234607,0.728546737213404,
context,25,protein_binding,fnn,observed,4,15,11,0.2462128345245791,0.6948214382087102,0.8682091714992539,0.5204968510998619,0.5154619546234607,0.728546737213404,
context,25,protein_binding,fnn,observed,9,15,11,0.2462128345245791,0.6948214382087102,0.8682091714992539,0.5204968510998619,0.5154619546234607,0.728546737213404,
context,25,protein_binding,fnn_anchor,expected,0,15,11,0.2462128345245791,0.6948214382087102,0.8682091714992539,0.5204968510998619,0.5154619546234607,0.728546737213404,
context,25,protein_binding,fnn_anchor,expected,1,15,11,0.21965533377964297,0.7069554936410103,0.883371193904554,0.5335848408805001,0.5085009235143662,0.7256225749559081,
context,25,protein_binding,fnn_anchor,expected,2,15,11,0.21141661874857587,0.7106776388125859,0.8880221738512074,0.5373905696206622,0.5098342566192149,0.7267089947089946,
context,25,protein_binding,fnn_anchor,expected,4,15,11,0.20557279080811264,0.7133060305477025,0.8913064619937899,0.5407436389923096,0.5101131852798991,0.7270017636684302,
context,25,protein_binding,fnn_anchor,expected,9,15,11,0.20143988006287938,0.7151590674738427,0.8936219110659276,0.5427845888402726,0.5031955991354253,0.7238977072310406,
context,25,protein_binding,fnn_anchor,observed,0,15,11,0.2462128345245791,0.6948214382087102,0.8682091714992539,0.5204968510998619,0.5154619546234607,0.728546737213404,
context,25,protein_binding,fnn_anchor,observed,1,15,11,0.4763060413525806,0.5791454150411203,0.7236670219427022,0.43450196119149526,0.5085009235143662,0.7256225749559081,
context,25,protein_binding,fnn_anchor,observed,2,15,11,0.5433749867290754,0.5407900463140054,0.675740344563594,0.40488235433896386,0.5098342566192149,0.7267089947089946,
context,25,protein_binding,fnn_anchor,observed,4,15,11,0.5888556165342205,0.5131519947625535,0.6412054144077228,0.38546097144815666,0.5101131852798991,0.7270017636684302,
context,25,protein_binding,fnn_anchor,observed,9,15,11,0.6022431631615821,0.5047283127309754,0.6306796626167819,0.3761752494573593,0.5031955991354253,0.7238977072310406,
context,25,protein_binding,fnn_ridge,expected,0,15,11,0.2462128345245791,0.6948214382087102,0.8682091714992539,0.5204968510998619,0.5154619546234607,0.728546737213404,
context,25,protein_binding,fnn_ridge,expected,1,15,11,0.2462128345245791,0.6948214382087102,0.8682091714992539,0.5204968510998619,0.5154619546234607,0.728546737213404,
context,25,protein_binding,fnn_ridge,expected,2,15,11,0.2462128345245791,0.6948214382087102,0.8682091714992539,0.5204968510998619,0.5154619546234607,0.728546737213404,
context,25,protein_binding,fnn_ridge,expected,4,15,11,0.2462128345245791,0.6948214382087102,0.8682091714992539,0.5204968510998619,0.5154619546234607,0.728546737213404,
context,25,protein_binding,fnn_ridge,expected,9,15,11,0.2462128345245791,0.6948214382087102,0.8682091714992539,0.5204968510998619,0.5154619546234607,0.728546737213404,
context,25,protein_binding,fnn_ridge,observed,0,15,11,0.2462128345245791,0.6948214382087102,0.8682091714992539,0.5204968510998619,0.5154619546234607,0.728546737213404,
context,25,protein_binding,fnn_ridge,observed,1,15,11,0.3795732163648491,0.630367928841812,0.7876717486587613,0.46889393373330435,0.5154619546234607,0.728546737213404,
context,25,protein_binding,fnn_ridge,observed,2,15,11,0.48213939215798973,0.5759108742932262,0.7196253246252596,0.42678282862239414,0.5154619546234607,0.728546737213404,
context,25,protein_binding,fnn_ridge,observed,4,15,11,0.5563610933401012,0.5330447296103629,0.6660622393289525,0.3955480329328112,0.5154619546234607,0.728546737213404,
context,25,protein_binding,fnn_ridge,observed,9,15,11,0.600189914092311,0.5060293575870444,0.6323053739354815,0.37230028442541757,0.5161286212338341,0.7289911816578485,
context,25,protein_binding,memory,expected,0,15,11,0.21470315048041944,0.7091951682816495,0.886169763374705,0.5242606447935104,0.46495057634181436,0.7060670194003527,
context,25,protein_binding,memory,expected,1,15,11,0.21978646237598376,0.7068960929810867,0.88329697023369,0.5230476993189918,0.46648304018709386,0.7064867724867725,
context,25,protein_binding,memory,expected,2,15,11,0.21822803070541164,0.7076017329337917,0.8841786976028027,0.523132709145546,0.4653496001826392,0.7059065255731922,
context,25,protein_binding,memory,expected,4,15,11,0.21935079184654538,0.7070934305041912,0.8835435519279481,0.5228661326832242,0.46525292141569985,0.7063756613756613,
context,25,protein_binding,memory,expected,9,15,11,0.21835777893483155,0.7075430112826825,0.8841053223825589,0.5228270625869433,0.4635018734633922,0.7055238095238094,
context,25,protein_binding,memory,observed,0,15,11,0.21470315048041944,0.7091951682816495,0.886169763374705,0.5242606447935104,0.46495057634181436,0.7060670194003527,
context,25,protein_binding,memory,observed,1,15,11,0.4379500493419042,0.5999793422529214,0.7496999070682188,0.45343513721889916,0.46547514379024507,0.7057089947089946,
context,25,protein_binding,memory,observed,2,15,11,0.5283032732662467,0.5496424563503908,0.6868018103745456,0.41151479819085857,0.4667885234951973,0.7064215167548501,
context,25,protein_binding,memory,observed,4,15,11,0.5818411002811608,0.5175109133747672,0.6466520700646053,0.38519500340355767,0.46386696159839624,0.7044708994708996,
context,25,protein_binding,memory,observed,9,15,11,0.6056300997321342,0.502574814286889,0.6279887739982823,0.3718678401311239,0.46404232346349283,0.7045731922398588,
context,25,protein_binding,memory,shuffled_history,0,15,11,0.21495257056429296,0.709082534717593,0.8860290229082268,0.5235583145088619,0.46370891196860203,0.7048201058201058,
context,25,protein_binding,memory,shuffled_history,1,15,11,0.44023964012518335,0.5987560443721301,0.7481713439278577,0.45176922330591407,0.46649534924162755,0.7057336860670194,
context,25,protein_binding,memory,shuffled_history,2,15,11,0.52932439371099,0.5490472060619905,0.6860580196229834,0.4102447602219052,0.467147835145394,0.705779541446208,
context,25,protein_binding,memory,shuffled_history,4,15,11,0.5827735852774535,0.5169335724481784,0.6459306578283357,0.38459348728921683,0.4635596064395374,0.7038289241622574,
context,25,protein_binding,memory,shuffled_history,9,15,11,0.6065724413052549,0.5019740072871678,0.627238039897729,0.3710771987305746,0.4601974052687485,0.7028818342151676,
context,25,protein_binding,residual_memory,expected,0,15,11,0.056797712612978835,0.7772330563089737,0.9711860210006223,0.5847408395343355,0.4432194959123929,0.699469135802469,
context,25,protein_binding,residual_memory,expected,1,15,11,0.053260172470092404,0.7786892232202743,0.9730055639768498,0.5864203299416436,0.4443132881157928,0.6998888888888888,
context,25,protein_binding,residual_memory,expected,2,15,11,0.05287441581719099,0.778847848614169,0.9732037732062124,0.586356544719802,0.4443132881157928,0.6998888888888888,
context,25,protein_binding,residual_memory,expected,4,15,11,0.05334775444785611,0.7786532044970826,0.9729605570382306,0.5862483681970172,0.442757732503944,0.6992222222222222,
context,25,protein_binding,residual_memory,expected,9,15,11,0.05311354722867312,0.7787495201844814,0.9730809076183372,0.5864523397419188,0.4423746556043625,0.6991111111111112,
context,25,protein_binding,residual_memory,observed,0,15,11,0.056797712612978835,0.7772330563089737,0.9711860210006223,0.5847408395343355,0.4432194959123929,0.699469135802469,
context,25,protein_binding,residual_memory,observed,1,15,11,0.3817560627141323,0.6292580406216494,0.7862848957508135,0.47277389207151194,0.4438803896473514,0.6996666666666668,
context,25,protein_binding,residual_memory,observed,2,15,11,0.48814009606794106,0.5725644715894637,0.715443850998846,0.4285116925239564,0.44476884028977814,0.6994973544973545,
context,25,protein_binding,residual_memory,observed,4,15,11,0.535658642399107,0.5453402136319705,0.6814259736764464,0.4113882168696986,0.4446011274721887,0.7007989417989418,
context,25,protein_binding,residual_memory,observed,9,15,11,0.552783904655294,0.5351894617255475,0.6687421740437086,0.4006585560109881,0.4430600794818666,0.6995061728395061,
context,25,protein_binding,residual_memory,shuffled_history,0,15,11,0.057238903964468624,0.7770512561712214,0.9709588539353927,0.5846586803992591,0.44197706825203364,0.6994444444444443,
context,25,protein_binding,residual_memory,shuffled_history,1,15,11,0.38183780142388646,0.6292164417984227,0.7862329162380023,0.4728182059129079,0.44365816743837455,0.6996666666666668,
context,25,protein_binding,residual_memory,shuffled_history,2,15,11,0.48827685210682936,0.5724879790967955,0.7153482703503034,0.4284407096703847,0.44432439582215416,0.6992751322751322,
context,25,protein_binding,residual_memory,shuffled_history,4,15,11,0.5358465833536947,0.5452298399472181,0.6812880570260316,0.4112647531264358,0.4454842433830102,0.7009964726631392,
context,25,protein_binding,residual_memory,shuffled_history,9,15,11,0.5530525668344014,0.5350286817698273,0.6685412725969868,0.40058172232574873,0.44328230170740013,0.6995061728395061,
context,30,cellular_clearance,fnn,observed,0,20,15,0.031179729057745686,0.6836154903839897,0.9842866812785055,0.5388974748129647,0.17942915596067904,0.5795251322751322,
context,30,cellular_clearance,fnn,observed,1,20,15,0.031179729057745686,0.6836154903839897,0.9842866812785055,0.5388974748129647,0.17942915596067904,0.5795251322751322,
context,30,cellular_clearance,fnn,observed,2,20,15,0.031179729057745686,0.6836154903839897,0.9842866812785055,0.5388974748129647,0.17942915596067904,0.5795251322751322,
context,30,cellular_clearance,fnn,observed,4,20,15,0.031179729057745686,0.6836154903839897,0.9842866812785055,0.5388974748129647,0.17942915596067904,0.5795251322751322,
context,30,cellular_clearance,fnn,observed,9,20,15,0.031179729057745686,0.6836154903839897,0.9842866812785055,0.5388974748129647,0.17942915596067904,0.5795251322751322,
context,30,cellular_clearance,fnn_anchor,expected,0,20,15,0.031179729057745686,0.6836154903839897,0.9842866812785055,0.5388974748129647,0.17942915596067904,0.5795251322751322,
context,30,cellular_clearance,fnn_anchor,expected,1,20,15,0.0014561577702247863,0.6940229874579364,0.9992716558723034,0.5499943683395785,0.18411265498648086,0.5839219576719578,
context,30,cellular_clearance,fnn_anchor,expected,2,20,15,-0.006106245510214103,0.6966460980785403,1.0030484761516834,0.552454102133711,0.18457629094521202,0.5828584656084657,
context,30,cellular_clearance,fnn_anchor,expected,4,20,15,-0.014387335921208111,0.6995072109372379,1.007167978006255,0.5551473842759928,0.1871373461559415,0.5862486772486772,
context,30,cellular_clearance,fnn_anchor,expected,9,20,15,-0.020951006707017772,0.7017666692667672,1.01042120262147,0.5574933389822642,0.18779017860690755,0.5867989417989417,
context,30,cellular_clearance,fnn_anchor,observed,0,20,15,0.031179729057745686,0.6836154903839897,0.9842866812785055,0.5388974748129647,0.17942915596067904,0.5795251322751322,
context,30,cellular_clearance,fnn_anchor,observed,1,20,15,0.2914310873217171,0.5846303183925193,0.8417653548812062,0.45794714118043583,0.18411265498648086,0.5839219576719578,
context,30,cellular_clearance,fnn_anchor,observed,2,20,15,0.4048066428214224,0.5358204987044665,0.7714877556893418,0.41557689381639157,0.18457629094521202,0.5828584656084657,
context,30,cellular_clearance,fnn_anchor,observed,4,20,15,0.4646748379842296,0.5081584071021267,0.7316591843309086,0.39597774810592334,0.1871373461559415,0.5862486772486772,
context,30,cellular_clearance,fnn_anchor,observed,9,20,15,0.518426906282688,0.4819715392258276,0.6939546769907327,0.3720403953492641,0.18779017860690755,0.5867989417989417,
context,30,cellular_clearance,fnn_ridge,expected,0,20,15,0.031179729057745686,0.6836154903839897,0.9842866812785055,0.5388974748129647,0.17942915596067904,0.5795251322751322,
context,30,cellular_clearance,fnn_ridge,expected,1,20,15,0.031179729057745686,0.6836154903839897,0.9842866812785055,0.5388974748129647,0.17942915596067904,0.5795251322751322,
context,30,cellular_clearance,fnn_ridge,expected,2,20,15,0.031179729057745686,0.6836154903839897,0.9842866812785055,0.5388974748129647,0.17942915596067904,0.5795251322751322,
context,30,cellular_clearance,fnn_ridge,expected,4,20,15,0.031179729057745686,0.6836154903839897,0.9842866812785055,0.5388974748129647,0.17942915596067904,0.5795251322751322,
context,30,cellular_clearance,fnn_ridge,expected,9,20,15,0.031179729057745686,0.6836154903839897,0.9842866812785055,0.5388974748129647,0.17942915596067904,0.5795251322751322,
context,30,cellular_clearance,fnn_ridge,observed,0,20,15,0.031179729057745686,0.6836154903839897,0.9842866812785055,0.5388974748129647,0.17942915596067904,0.5795251322751322,
context,30,cellular_clearance,fnn_ridge,observed,1,20,15,0.2323836606452554,0.6085025348790766,0.8761371692576138,0.46902231178681053,0.17809582263231277,0.5790251322751323,
context,30,cellular_clearance,fnn_ridge,observed,2,20,15,0.3101468081757084,0.576857608973955,0.8305740134535221,0.438824211080869,0.17801465415706236,0.5789417989417989,
context,30,cellular_clearance,fnn_ridge,observed,4,20,15,0.36905291055611833,0.5516793868776902,0.7943217795351464,0.4215588475192586,0.17873760726302862,0.5791084656084655,
context,30,cellular_clearance,fnn_ridge,observed,9,20,15,0.44763808823001316,0.5161811591330038,0.7432105433657321,0.3941963889598846,0.1794129333520929,0.5797103174603175,
context,30,cellular_clearance,memory,expected,0,20,15,-0.00890528768309884,0.6976144786492126,1.0044427747179523,0.546581127425035,0.1815519522006313,0.5802671957671958,
context,30,cellular_clearance,memory,expected,1,20,15,-0.025692431735576893,0.7033943280802805,1.012764746491295,0.5524922662774722,0.17755465100208917,0.5784940476190477,
context,30,cellular_clearance,memory,expected,2,20,15,-0.02843196542027049,0.7043330536758221,1.0141163470826562,0.5530748807837567,0.16799801919609306,0.5743756613756614,
context,30,cellular_clearance,memory,expected,4,20,15,-0.026759802601295846,0.7037602210949332,1.0132915684053114,0.5528797228932381,0.16230302066852645,0.5721375661375661,
context,30,cellular_clearance,memory,expected,9,20,15,-0.025867190997722833,0.7034542483031396,1.01285102112686,0.5530012894123792,0.15364231762786706,0.5691031746031745,
context,30,cellular_clearance,memory,observed,0,20,15,-0.00890528768309884,0.6976144786492126,1.0044427747179523,0.546581127425035,0.1815519522006313,0.5802671957671958,
context,30,cellular_clearance,memory,observed,1,20,15,0.19997259975702208,0.6212161206737993,0.8944425080702381,0.48507579897840813,0.181516779884696,0.5803088624338625,
context,30,cellular_clearance,memory,observed,2,20,15,0.3265467895632592,0.5699595045729627,0.8206419502052894,0.4434236199657122,0.1623186655218402,0.5735972222222221,
context,30,cellular_clearance,memory,observed,4,20,15,0.37984753184670816,0.5469397965406774,0.7874975988238262,0.42756248577435807,0.14844600934535265,0.5668234126984126,
context,30,cellular_clearance,memory,observed,9,20,15,0.42833522361332943,0.5251229550475682,0.7560851647709209,0.40880774272481596,0.16844650022685528,0.5749973544973545,
context,30,cellular_clearance,memory,shuffled_history,0,20,15,-0.004962690437169126,0.6962500764437553,1.0024782742968394,0.5451752015650272,0.17871912167718013,0.5796402116402117,
context,30,cellular_clearance,memory,shuffled_history,1,20,15,0.20447620074854556,0.6194651444260478,0.8919214086742477,0.4838813268244266,0.1775806293884913,0.5791051587301587,
context,30,cellular_clearance,memory,shuffled_history,2,20,15,0.3296614922073683,0.5686399535376943,0.8187420276208078,0.4422741997639338,0.1610020788386464,0.573199074074074,
context,30,cellular_clearance,memory,shuffled_history,4,20,15,0.3830024199637775,0.5455468052028398,0.7854919350548563,0.42629079253971575,0.146527750218908,0.5651382275132275,
context,30,cellular_clearance,memory,shuffled_history,9,20,15,0.4314619706810645,0.52368489375938,0.7540146081601705,0.4075614856034516,0.169416863322258,0.5765224867724867,
context,30,cellular_clearance,residual_memory,expected,0,20,15,0.10641369949665114,0.6565359888982906,0.9452969377414426,0.5092041316827138,0.27002685992668074,0.6191541005291006,
context,30,cellular_clearance,residual_memory,expected,1,20,15,0.10398478758619978,0.6574276688127403,0.9465808007844868,0.5103363759617012,0.2718812698995074,0.6199226190476189,
context,30,cellular_clearance,residual_memory,expected,2,20,15,0.10423803432042456,0.6573347556715262,0.9464470221198731,0.5102667637566725,0.2705360919361314,0.6190892857142857,
context,30,cellular_clearance,residual_memory,expected,4,20,15,0.10406735356000141,0.6573973778057018,0.9465371870349303,0.5101850032806396,0.272148135441045,0.620267857142857,
context,30,cellular_clearance,residual_memory,expected,9,20,15,0.1034663378218924,0.6576178407679983,0.9468546151221462,0.5102697956860065,0.272167807854712,0.6203392857142856,
context,30,cellular_clearance,residual_memory,observed,0,20,15,0.10641369949665114,0.6565359888982906,0.9452969377414426,0.5092041316827138,0.27002685992668074,0.6191541005291006,
context,30,cellular_clearance,residual_memory,observed,1,20,15,0.3408006713492502,0.5638955465460842,0.8119109117697273,0.43569223238031063,0.2711929544682304,0.6200522486772486,
context,30,cellular_clearance,residual_memory,observed,2,20,15,0.46076896786361077,0.5100088651255632,0.7343235200757151,0.39435024895270654,0.2569904841358463,0.6126011904761903,
context,30,cellular_clearance,residual_memory,observed,4,20,15,0.5274183517893323,0.4774508961429957,0.6874457420121735,0.3701469357460737,0.25259033478796483,0.6098406084656085,
context,30,cellular_clearance,residual_memory,observed,9,20,15,0.5731024029201169,0.45378709558631103,0.6533740101043836,0.34842154125372565,0.26696509835620724,0.6146719576719577,
context,30,cellular_clearance,residual_memory,shuffled_history,0,20,15,0.10649599729585701,0.6565057552705679,0.9452534066080603,0.5091367182930311,0.2705268599838018,0.6191541005291006,
context,30,cellular_clearance,residual_memory,shuffled_history,1,20,15,0.3411014921869182,0.5637668670403243,0.8117256357988712,0.4355934538245201,0.2713596210752924,0.6202189153439154,
context,30,cellular_clearance,residual_memory,shuffled_history,2,20,15,0.4609834070136376,0.5099074459413654,0.734177494197665,0.39426173058152186,0.2574489248171449,0.6130059523809523,
context,30,cellular_clearance,residual_memory,shuffled_history,4,20,15,0.5275156604011205,0.477401737996509,0.6873749628833447,0.3700960351725419,0.2529586136837801,0.6100257936507936,
context,30,cellular_clearance,residual_memory,shuffled_history,9,20,15,0.5732198759399728,0.45372465507523196,0.6532841066948033,0.3483637523700793,0.26711877588182686,0.6149404761904761,
context,30,efflux,fnn,observed,0,5,5,0.3136517234113637,0.7576002899826718,0.8284613911273333,0.6106681837240855,0.45283569023013115,0.689962962962963,
context,30,efflux,fnn,observed,1,5,5,0.3136517234113637,0.7576002899826718,0.8284613911273333,0.6106681837240855,0.45283569023013115,0.689962962962963,
context,30,efflux,fnn,observed,2,5,5,0.3136517234113637,0.7576002899826718,0.8284613911273333,0.6106681837240855,0.45283569023013115,0.689962962962963,
context,30,efflux,fnn,observed,4,5,5,0.3136517234113637,0.7576002899826718,0.8284613911273333,0.6106681837240855,0.45283569023013115,0.689962962962963,
context,30,efflux,fnn,observed,9,5,5,0.3136517234113637,0.7576002899826718,0.8284613911273333,0.6106681837240855,0.45283569023013115,0.689962962962963,
context,30,efflux,fnn_anchor,expected,0,5,5,0.3136517234113637,0.7576002899826718,0.8284613911273333,0.6106681837240855,0.45283569023013115,0.689962962962963,
context,30,efflux,fnn_anchor,expected,1,5,5,0.2963692454052198,0.7670793034901633,0.8388270111261202,0.6183583273887634,0.4568356912831465,0.6886296296296296,
context,30,efflux,fnn_anchor,expected,2,5,5,0.29449147518539087,0.7681021687854995,0.83994554872004,0.6181848889191945,0.44350235695640244,0.6819629629629629,
context,30,efflux,fnn_anchor,expected,4,5,5,0.29317212975499274,0.7688200330752577,0.8407305574588134,0.6194787828127544,0.4488356907169024,0.683962962962963,
context,30,efflux,fnn_anchor,expected,9,5,5,0.2915637602891782,0.7696942515973478,0.8416865448079955,0.6206706576347351,0.4561690241595109,0.6859629629629629,
context,30,efflux,fnn_anchor,observed,0,5,5,0.3136517234113637,0.7576002899826718,0.8284613911273333,0.6106681837240855,0.45283569023013115,0.689962962962963,
context,30,efflux,fnn_anchor,observed,1,5,5,0.4428298684989479,0.6825929083192368,0.746438297182729,0.5537202130953471,0.4568356912831465,0.6886296296296296,
context,30,efflux,fnn_anchor,observed,2,5,5,0.5812892051590794,0.5917318383666358,0.64707866201948,0.48449540368715927,0.44350235695640244,0.6819629629629629,
context,30,efflux,fnn_anchor,observed,4,5,5,0.6246826585933469,0.5602310484794192,0.6126314890753275,0.44998310931523644,0.4488356907169024,0.683962962962963,
context,30,efflux,fnn_anchor,observed,9,5,5,0.679555654597971,0.5176594715611151,0.566078038261536,0.42067640248934424,0.4561690241595109,0.6859629629629629,
context,30,efflux,fnn_ridge,expected,0,5,5,0.3136517234113637,0.7576002899826718,0.8284613911273333,0.6106681837240855,0.45283569023013115,0.689962962962963,
context,30,efflux,fnn_ridge,expected,1,5,5,0.3136517234113637,0.7576002899826718,0.8284613911273333,0.6106681837240855,0.45283569023013115,0.689962962962963,
context,30,efflux,fnn_ridge,expected,2,5,5,0.3136517234113637,0.7576002899826718,0.8284613911273333,0.6106681837240855,0.45283569023013115,0.689962962962963,
context,30,efflux,fnn_ridge,expected,4,5,5,0.3136517234113637,0.7576002899826718,0.8284613911273333,0.6106681837240855,0.45283569023013115,0.689962962962963,
context,30,efflux,fnn_ridge,expected,9,5,5,0.3136517234113637,0.7576002899826718,0.8284613911273333,0.6106681837240855,0.45283569023013115,0.689962962962963,
context,30,efflux,fnn_ridge,observed,0,5,5,0.3136517234113637,0.7576002899826718,0.8284613911273333,0.6106681837240855,0.45283569023013115,0.689962962962963,
context,30,efflux,fnn_ridge,observed,1,5,5,0.44666940395533683,0.6802369219778033,0.7438619468991966,0.552703310807546,0.4528356904288133,0.6892962962962963,
context,30,efflux,fnn_ridge,observed,2,5,5,0.5851776496498167,0.5889778093696565,0.6440670387080706,0.4805692096551259,0.45816902369260787,0.6912962962962963,
context,30,efflux,fnn_ridge,observed,4,5,5,0.6265250009189804,0.5588543373533085,0.6111260091675198,0.4485102326869964,0.4608356903990109,0.6926296296296297,
context,30,efflux,fnn_ridge,observed,9,5,5,0.6875230500655396,0.5111835290636659,0.5589963773893891,0.41281237705548596,0.45816902354359623,0.6912962962962964,
context,30,efflux,memory,expected,0,5,5,0.26567599360476357,0.7836312048427,0.8569270718067182,0.626158687988917,0.4302209808925787,0.6687777777777778,
context,30,efflux,memory,expected,1,5,5,0.29949827992976585,0.7653718084794919,0.8369598079180589,0.6118314170837402,0.4302209808925787,0.6687777777777778,
context,30,efflux,memory,expected,2,5,5,0.2814605968953907,0.7751632107365314,0.8476670355184336,0.6189611932436625,0.4275543144345283,0.6674444444444444,
context,30,efflux,memory,expected,4,5,5,0.27908075387568543,0.7764458417096604,0.8490696356155452,0.6198023261229196,0.42955431406696637,0.6687777777777778,
context,30,efflux,memory,expected,9,5,5,0.27468008612119243,0.7788120440846131,0.8516571574752411,0.620925584077835,0.43022098114093144,0.6687777777777778,
context,30,efflux,memory,observed,0,5,5,0.26567599360476357,0.7836312048427,0.8569270718067182,0.626158687988917,0.4302209808925787,0.6687777777777778,
context,30,efflux,memory,observed,1,5,5,0.38138266259088216,0.7192483962194396,0.786522305728908,0.5900266442298889,0.4302209808925787,0.6687777777777778,
context,30,efflux,memory,observed,2,5,5,0.5636286210370034,0.6040821284693323,0.6605841195207439,0.4866937933762868,0.44724695970614753,0.6755185185185184,
context,30,efflux,memory,observed,4,5,5,0.5882449827653018,0.5867962210650765,0.6416813985419074,0.46329934620857244,0.45288764645655943,0.680111111111111,
context,30,efflux,memory,observed,9,5,5,0.6238945402468665,0.560818946737343,0.6132743755882301,0.44431316439310714,0.43688764696319893,0.6747777777777777,
context,30,efflux,memory,shuffled_history,0,5,5,0.2594126835472276,0.7869660432623052,0.8605738297512726,0.628966714700063,0.4294850382208824,0.670037037037037,
context,30,efflux,memory,shuffled_history,1,5,5,0.3759979542974654,0.7223719356978165,0.78993800117638,0.5928256607055664,0.4294850382208824,0.670037037037037,
context,30,efflux,memory,shuffled_history,2,5,5,0.5610564933094246,0.6058598498816631,0.6625281176603566,0.48794719537099207,0.4425802925229073,0.6735185185185186,
context,30,efflux,memory,shuffled_history,4,5,5,0.585252480201639,0.5889246835891213,0.6440089438807205,0.46526203536987304,0.44755431304375326,0.6787777777777778,
context,30,efflux,memory,shuffled_history,9,5,5,0.6210829653047062,0.5629112437361381,0.61556237270913,0.4461130580107371,0.43822098006804777,0.6761111111111111,
context,30,efflux,residual_memory,expected,0,5,5,0.2761892278893916,0.778001401933283,0.8507706930252172,0.6154995284080507,0.4222556201616923,0.6694444444444445,
context,30,efflux,residual_memory,expected,1,5,5,0.28853820784211437,0.7713360854808703,0.8434819453656881,0.6108792177041371,0.4222556201120217,0.6701111111111112,
context,30,efflux,residual_memory,expected,2,5,5,0.2811059815417689,0.7753544673800878,0.8478761810890969,0.6141545689900717,0.4235889537632465,0.6701111111111111,
context,30,efflux,residual_memory,expected,4,5,5,0.2827793830572797,0.7744515281167447,0.8468887866436303,0.6129153778553009,0.4235889537632465,0.6701111111111111,
context,30,efflux,residual_memory,expected,9,5,5,0.2835042959129691,0.7740600503865551,0.8464606925823732,0.6120153731505076,0.42425562019149454,0.6707777777777778,
context,30,efflux,residual_memory,observed,0,5,5,0.2761892278893916,0.778001401933283,0.8507706930252172,0.6154995284080507,0.4222556201616923,0.6694444444444445,
context,30,efflux,residual_memory,observed,1,5,5,0.3681831791302689,0.7268812234403834,0.7948690589460198,0.6022861746152242,0.420255620231231,0.6687777777777779,
context,30,efflux,residual_memory,observed,2,5,5,0.5644521068354825,0.6035118711286912,0.6599605239440595,0.493944106499354,0.4082556208968162,0.6614444444444445,
context,30,efflux,residual_memory,observed,4,5,5,0.5872924023659658,0.5874745949027386,0.6424232231434619,0.46714827688535043,0.4235889531672001,0.6701111111111111,
context,30,efflux,residual_memory,observed,9,5,5,0.6498073655971963,0.5411546095793316,0.5917707616998356,0.43350025900204975,0.41292228644092877,0.6661111111111111,
context,30,efflux,residual_memory,shuffled_history,0,5,5,0.2757147966198922,0.7782563357796857,0.8510494717583155,0.6157270745436351,0.42092228690783184,0.6687777777777779,
context,30,efflux,residual_memory,shuffled_history,1,5,5,0.36762341083245154,0.7272031482214498,0.7952210945187184,0.60267622701327,0.420255620231231,0.6687777777777779,
context,30,efflux,residual_memory,shuffled_history,2,5,5,0.5646851752243963,0.6033503752702446,0.6597839227926092,0.4937735164960226,0.4089222873250643,0.6621111111111111,
context,30,efflux,residual_memory,shuffled_history,4,5,5,0.5874671076367637,0.5873502383694466,0.6422872350928643,0.4671082966327667,0.4235889531672001,0.6701111111111111,
context,30,efflux,residual_memory,shuffled_history,9,5,5,0.6500483150046894,0.5409684073205596,0.5915671432688859,0.43338490398724866,0.4175889532268047,0.6674444444444444,
context,30,in_vivo_clearance,fnn,observed,0,2,2,-0.6530746210925418,0.6222947354321395,1.2857194954936872,0.5078718717892965,-0.38497862592339516,0.3398148148148148,
context,30,in_vivo_clearance,fnn,observed,1,2,2,-0.6530746210925418,0.6222947354321395,1.2857194954936872,0.5078718717892965,-0.38497862592339516,0.3398148148148148,
context,30,in_vivo_clearance,fnn,observed,2,2,2,-0.6530746210925418,0.6222947354321395,1.2857194954936872,0.5078718717892965,-0.38497862592339516,0.3398148148148148,
context,30,in_vivo_clearance,fnn,observed,4,2,2,-0.6530746210925418,0.6222947354321395,1.2857194954936872,0.5078718717892965,-0.38497862592339516,0.3398148148148148,
context,30,in_vivo_clearance,fnn,observed,9,2,2,-0.6530746210925418,0.6222947354321395,1.2857194954936872,0.5078718717892965,-0.38497862592339516,0.3398148148148148,
context,30,in_vivo_clearance,fnn_anchor,expected,0,2,2,-0.6530746210925418,0.6222947354321395,1.2857194954936872,0.5078718717892965,-0.38497862592339516,0.3398148148148148,
context,30,in_vivo_clearance,fnn_anchor,expected,1,2,2,-0.926236245853558,0.6717453565383806,1.3878891331275558,0.5471384414037068,-0.39241368050376574,0.33999999999999997,
context,30,in_vivo_clearance,fnn_anchor,expected,2,2,2,-1.0175995448909387,0.6874915796544533,1.4204223121631605,0.5592367843786875,-0.3857470124959945,0.33999999999999997,
context,30,in_vivo_clearance,fnn_anchor,expected,4,2,2,-1.1138977551923,0.7037070248922347,1.453924948266691,0.5722271909316381,-0.376428805788358,0.3468518518518518,
context,30,in_vivo_clearance,fnn_anchor,expected,9,2,2,-1.1799453238162427,0.7146159383343741,1.4764637902150675,0.5814396409193675,-0.3814288063595692,0.34685185185185174,
context,30,in_vivo_clearance,fnn_anchor,observed,0,2,2,-0.6530746210925418,0.6222947354321395,1.2857194954936872,0.5078718717892965,-0.38497862592339516,0.3398148148148148,
context,30,in_vivo_clearance,fnn_anchor,observed,1,2,2,-0.3169123742651774,0.5554287258023344,1.147568025985901,0.4406730423370997,-0.39241368050376574,0.33999999999999997,
context,30,in_vivo_clearance,fnn_anchor,observed,2,2,2,-0.15640898210590848,0.5204818934320694,1.075364581017019,0.41808999220530196,-0.3857470124959945,0.33999999999999997,
context,30,in_vivo_clearance,fnn_anchor,observed,4,2,2,-0.037300641797801015,0.49294926226506497,1.0184795735790684,0.40140833020210265,-0.376428805788358,0.3468518518518518,
context,30,in_vivo_clearance,fnn_anchor,observed,9,2,2,0.11290601388640031,0.4558633894036711,0.9418566696231437,0.37698104798793786,-0.3814288063595692,0.34685185185185174,
context,30,in_vivo_clearance,fnn_ridge,expected,0,2,2,-0.6530746210925418,0.6222947354321395,1.2857194954936872,0.5078718717892965,-0.38497862592339516,0.3398148148148148,
context,30,in_vivo_clearance,fnn_ridge,expected,1,2,2,-0.6530746210925418,0.6222947354321395,1.2857194954936872,0.5078718717892965,-0.38497862592339516,0.3398148148148148,
context,30,in_vivo_clearance,fnn_ridge,expected,2,2,2,-0.6530746210925418,0.6222947354321395,1.2857194954936872,0.5078718717892965,-0.38497862592339516,0.3398148148148148,
context,30,in_vivo_clearance,fnn_ridge,expected,4,2,2,-0.6530746210925418,0.6222947354321395,1.2857194954936872,0.5078718717892965,-0.38497862592339516,0.3398148148148148,
context,30,in_vivo_clearance,fnn_ridge,expected,9,2,2,-0.6530746210925418,0.6222947354321395,1.2857194954936872,0.5078718717892965,-0.38497862592339516,0.3398148148148148,
context,30,in_vivo_clearance,fnn_ridge,observed,0,2,2,-0.6530746210925418,0.6222947354321395,1.2857194954936872,0.5078718717892965,-0.38497862592339516,0.3398148148148148,
context,30,in_vivo_clearance,fnn_ridge,observed,1,2,2,-0.17671474530147124,0.5250316634450415,1.084764834100678,0.41618505656719207,-0.38497862592339516,0.3398148148148148,
context,30,in_vivo_clearance,fnn_ridge,observed,2,2,2,0.01328158885726305,0.4807801333453617,0.9933370078391004,0.3889667773246765,-0.3899786261220773,0.3381481481481481,
context,30,in_vivo_clearance,fnn_ridge,observed,4,2,2,0.1642203221989862,0.4424821963473312,0.9142098652940767,0.3652971831957499,-0.3949786263207594,0.3364814814814815,
context,30,in_vivo_clearance,fnn_ridge,observed,9,2,2,0.3109519914946509,0.40176734826456656,0.8300891569616778,0.3398924207687377,-0.3866452919940153,0.3381481481481481,
context,30,in_vivo_clearance,memory,expected,0,2,2,-0.03775245654238968,0.4930566069868978,1.0187013578779551,0.38901076157887776,-0.13982681271930533,0.44259259259259254,
context,30,in_vivo_clearance,memory,expected,1,2,2,-0.06500937903968529,0.49948978839561725,1.0319929161770856,0.40721208810806264,-0.12572508888940015,0.4372222222222222,
context,30,in_vivo_clearance,memory,expected,2,2,2,-0.06698623333499021,0.4999531461697393,1.032950256950929,0.40766991198062896,-0.10076838694512842,0.45425925925925925,
context,30,in_vivo_clearance,memory,expected,4,2,2,-0.0621240427170775,0.49881271760705814,1.0305940242001588,0.4074445309241612,-0.07756494618952273,0.46555555555555556,
context,30,in_vivo_clearance,memory,expected,9,2,2,-0.06494904004135349,0.4994756386890525,1.0319636815515134,0.4077334590752919,-0.03482681065797807,0.48074074074074075,
context,30,in_vivo_clearance,memory,observed,0,2,2,-0.03775245654238968,0.4930566069868978,1.0187013578779551,0.38901076157887776,-0.13982681271930533,0.44259259259259254,
context,30,in_vivo_clearance,memory,observed,1,2,2,0.12747328626774224,0.4521049519246659,0.9340913840370533,0.36252642055352535,-0.1122185672322909,0.44759259259259254,
context,30,in_vivo_clearance,memory,observed,2,2,2,0.16097983790641968,0.4433391623013723,0.9159804376151165,0.36073846916357677,-0.09547627071539559,0.46166666666666667,
context,30,in_vivo_clearance,memory,observed,4,2,2,0.26028503140203907,0.4162766982109071,0.8600668396107136,0.34657500286897025,0.006926448022325834,0.5096296296296297,
context,30,in_vivo_clearance,memory,observed,9,2,2,0.36423468845264817,0.38592091150193264,0.7973489270998938,0.32525669038295746,0.19636358593901002,0.5820370370370369,
context,30,in_vivo_clearance,memory,shuffled_history,0,2,2,-0.03895592596528341,0.49334242014622043,1.019291874766636,0.3891319260994593,-0.1087986420840025,0.4546296296296296,
context,30,in_vivo_clearance,memory,shuffled_history,1,2,2,0.12844731084858074,0.45185253311917345,0.9335698630265542,0.3622065059343974,-0.11879863987366358,0.4477777777777777,
context,30,in_vivo_clearance,memory,shuffled_history,2,2,2,0.16255635536803126,0.4429224496917256,0.9151194701414503,0.3603383457660675,-0.10047627041737237,0.45999999999999996,
context,30,in_vivo_clearance,memory,shuffled_history,4,2,2,0.2617673730274942,0.41585939306421194,0.8592046478997339,0.3461608930428823,0.00859311483800413,0.512962962962963,
context,30,in_vivo_clearance,memory,shuffled_history,9,2,2,0.36549496359172196,0.3855382169829043,0.7965582442033213,0.3249269129832585,0.1863635855416457,0.5787037037037037,
context,30,in_vivo_clearance,residual_memory,expected,0,2,2,-0.7560291983684302,0.6413805181078753,1.3251525189080804,0.5172794616222381,-0.4990480097631613,0.2866666666666666,
context,30,in_vivo_clearance,residual_memory,expected,1,2,2,-0.7758047011282467,0.6449818570735927,1.3325932241791743,0.5199814132849375,-0.4957146762559811,0.2883333333333333,
context,30,in_vivo_clearance,residual_memory,expected,2,2,2,-0.7724163317819359,0.6443662262437034,1.3313212729397574,0.5195001075665155,-0.4957146762559811,0.2883333333333333,
context,30,in_vivo_clearance,residual_memory,expected,4,2,2,-0.7725950296894648,0.6443987084523327,1.3313883842401002,0.5193737367788951,-0.4957146762559811,0.2883333333333333,
context,30,in_vivo_clearance,residual_memory,expected,9,2,2,-0.7722341282622815,0.6443331051282714,1.3312528415978242,0.5193440941969553,-0.4957146762559811,0.2883333333333333,
context,30,in_vivo_clearance,residual_memory,observed,0,2,2,-0.7560291983684302,0.6413805181078753,1.3251525189080804,0.5172794616222381,-0.4990480097631613,0.2866666666666666,
context,30,in_vivo_clearance,residual_memory,observed,1,2,2,-0.19424482170426427,0.5289280281673241,1.0928150903534706,0.41830189526081085,-0.49404800881942107,0.2866666666666666,
context,30,in_vivo_clearance,residual_memory,observed,2,2,2,-0.008534177721002623,0.48606596012313735,1.0042580234785294,0.395375478665034,-0.44310643275578815,0.3101851851851852,
context,30,in_vivo_clearance,residual_memory,observed,4,2,2,0.07730824243232559,0.4649199883267751,0.9605684554302595,0.38502496818701426,-0.4557146759082873,0.30333333333333334,
context,30,in_vivo_clearance,residual_memory,observed,9,2,2,0.1730231399519383,0.440145814625451,0.909382680750003,0.367738565603892,-0.4623813440402348,0.30333333333333334,
context,30,in_vivo_clearance,residual_memory,shuffled_history,0,2,2,-0.7558879703413941,0.6413547261886567,1.3250992303753686,0.5172727394104004,-0.4990480097631613,0.2866666666666666,
context,30,in_vivo_clearance,residual_memory,shuffled_history,1,2,2,-0.19403915135179406,0.5288824807652821,1.0927209851338053,0.41826177477836607,-0.49404800881942107,0.2866666666666666,
context,30,in_vivo_clearance,residual_memory,shuffled_history,2,2,2,-0.008326999405098734,0.48601603246501185,1.0041548682375139,0.39532801767190295,-0.44310643275578815,0.3101851851851852,
context,30,in_vivo_clearance,residual_memory,shuffled_history,4,2,2,0.07745831765877675,0.4648821773192958,0.9604903343299314,0.3849837058782577,-0.45904800941546753,0.30166666666666664,
context,30,in_vivo_clearance,residual_memory,shuffled_history,9,2,2,0.1731264494411936,0.4401183213171689,0.9093258769873462,0.36770202398300167,-0.4623813440402348,0.30333333333333334,
context,30,microsomal_clearance,fnn,observed,0,71,45,0.09372174978271963,0.6520861202498335,0.9519864758583918,0.5052266637680118,0.31053477754203307,0.6330776014109347,
context,30,microsomal_clearance,fnn,observed,1,71,45,0.09372174978271963,0.6520861202498335,0.9519864758583918,0.5052266637680118,0.31053477754203307,0.6330776014109347,
context,30,microsomal_clearance,fnn,observed,2,71,45,0.09372174978271963,0.6520861202498335,0.9519864758583918,0.5052266637680118,0.31053477754203307,0.6330776014109347,
context,30,microsomal_clearance,fnn,observed,4,71,45,0.09372174978271963,0.6520861202498335,0.9519864758583918,0.5052266637680118,0.31053477754203307,0.6330776014109347,
context,30,microsomal_clearance,fnn,observed,9,71,45,0.09372174978271963,0.6520861202498335,0.9519864758583918,0.5052266637680118,0.31053477754203307,0.6330776014109347,
context,30,microsomal_clearance,fnn_anchor,expected,0,71,45,0.09372174978271963,0.6520861202498335,0.9519864758583918,0.5052266637680118,0.31053477754203307,0.6330776014109347,
context,30,microsomal_clearance,fnn_anchor,expected,1,71,45,0.06852154127948573,0.6610899964245361,0.9651313168271529,0.5142098398051912,0.3199940636221574,0.6370127244951188,
context,30,microsomal_clearance,fnn_anchor,expected,2,71,45,0.058645981920125045,0.6645852036301005,0.9702340017129244,0.5168581185990095,0.32322447071134675,0.638136224755943,
context,30,microsomal_clearance,fnn_anchor,expected,4,71,45,0.05286334672721582,0.6666233157039115,0.97320946012294,0.5186179189614846,0.3241395596401202,0.6384430658022207,
context,30,microsomal_clearance,fnn_anchor,expected,9,71,45,0.04508761051630383,0.6693541210885583,0.9771961878168048,0.5211156600573813,0.3267290211314249,0.6394916722557566,
context,30,microsomal_clearance,fnn_anchor,observed,0,71,45,0.09372174978271963,0.6520861202498335,0.9519864758583918,0.5052266637680118,0.31053477754203307,0.6330776014109347,
context,30,microsomal_clearance,fnn_anchor,observed,1,71,45,0.34896328130608156,0.5526840346842001,0.8068684643074845,0.4304637844181956,0.3200495494460618,0.6370361986735227,
context,30,microsomal_clearance,fnn_anchor,observed,2,71,45,0.40281799635754023,0.529331249085545,0.7727755195672672,0.4142268658383911,0.3232378867374667,0.638136224755943,
context,30,microsomal_clearance,fnn_anchor,observed,4,71,45,0.4606196352433677,0.5030622673194785,0.7344251934381284,0.39169097202484593,0.3241118167001846,0.6384430658022207,
context,30,microsomal_clearance,fnn_anchor,observed,9,71,45,0.49097120667724603,0.4887033904729371,0.713462538135503,0.3806952596102522,0.3267073764042597,0.6394916722557566,
context,30,microsomal_clearance,fnn_ridge,expected,0,71,45,0.09372174978271963,0.6520861202498335,0.9519864758583918,0.5052266637680118,0.31053477754203307,0.6330776014109347,
context,30,microsomal_clearance,fnn_ridge,expected,1,71,45,0.09372174978271963,0.6520861202498335,0.9519864758583918,0.5052266637680118,0.31053477754203307,0.6330776014109347,
context,30,microsomal_clearance,fnn_ridge,expected,2,71,45,0.09372174978271963,0.6520861202498335,0.9519864758583918,0.5052266637680118,0.31053477754203307,0.6330776014109347,
context,30,microsomal_clearance,fnn_ridge,expected,4,71,45,0.09372174978271963,0.6520861202498335,0.9519864758583918,0.5052266637680118,0.31053477754203307,0.6330776014109347,
context,30,microsomal_clearance,fnn_ridge,expected,9,71,45,0.09372174978271963,0.6520861202498335,0.9519864758583918,0.5052266637680118,0.31053477754203307,0.6330776014109347,
context,30,microsomal_clearance,fnn_ridge,observed,0,71,45,0.09372174978271963,0.6520861202498335,0.9519864758583918,0.5052266637680118,0.31053477754203307,0.6330776014109347,
context,30,microsomal_clearance,fnn_ridge,observed,1,71,45,0.35371030229748823,0.5506654060563427,0.8039214499579619,0.42706688121730735,0.3104504264094399,0.6330874754701045,
context,30,microsomal_clearance,fnn_ridge,observed,2,71,45,0.41599764721293775,0.5234575593665042,0.764200466361453,0.4087116384842026,0.30948535116213527,0.6325878108155104,
context,30,microsomal_clearance,fnn_ridge,observed,4,71,45,0.47693351017998764,0.49539614929005477,0.7232333577898715,0.3845114269586795,0.3116509125239071,0.6336102416970962,
context,30,microsomal_clearance,fnn_ridge,observed,9,71,45,0.5136211765520101,0.4777068914001214,0.6974086488193202,0.3714743837084568,0.31494121461869623,0.6347895397073802,
context,30,microsomal_clearance,memory,expected,0,71,45,0.07660169859955268,0.6582164216906282,0.9609361588578335,0.5108129931587568,0.315728249766193,0.634559362346921,
context,30,microsomal_clearance,memory,expected,1,71,45,0.07247444544144122,0.6596857751564155,0.9630812813872767,0.5124761233153475,0.3166969658009199,0.6349160394465557,
context,30,microsomal_clearance,memory,expected,2,71,45,0.0726845711253109,0.6596110468777321,0.9629721848914895,0.5123900763263725,0.3169521866954113,0.635046451548799,
context,30,microsomal_clearance,memory,expected,4,71,45,0.07056157836176014,0.6603656708508855,0.9640738673142426,0.5130073523451464,0.3161420771649061,0.6345098057480686,
context,30,microsomal_clearance,memory,expected,9,71,45,0.06836754723362504,0.6611446405845866,0.9652110923349229,0.513359474031858,0.3162019250449035,0.6344333283652532,
context,30,microsomal_clearance,memory,observed,0,71,45,0.07660169859955268,0.6582164216906282,0.9609361588578335,0.5108129931587568,0.315728249766193,0.634559362346921,
context,30,microsomal_clearance,memory,observed,1,71,45,0.3290377242993128,0.561077985528039,0.81912286972144,0.4346108439256887,0.31688658850589146,0.6349747248925651,
context,30,microsomal_clearance,memory,observed,2,71,45,0.3937905564366081,0.5333171213921138,0.7785945309102754,0.4146976550797901,0.31560120338095027,0.633930123953598,
context,30,microsomal_clearance,memory,observed,4,71,45,0.45887829239522304,0.5038736594759794,0.7356097522496402,0.38995155038967944,0.31688817403374947,0.6359489964478227,
context,30,microsomal_clearance,memory,observed,9,71,45,0.4994680708130941,0.4846074326462928,0.7074828119374392,0.37668690454372217,0.32383578672449326,0.6382449946593138,
context,30,microsomal_clearance,memory,shuffled_history,0,71,45,0.08065598354034698,0.6567698451890699,0.9588242886262597,0.5095718335517695,0.31483118166300733,0.6344166542464664,
context,30,microsomal_clearance,memory,shuffled_history,1,71,45,0.33308728592790426,0.5593822429604943,0.8166472396770198,0.43317397959075615,0.31541266645468574,0.6345705405271135,
context,30,microsomal_clearance,memory,shuffled_history,2,71,45,0.3971542090961335,0.5318354644096734,0.7764314463646269,0.41339475436249806,0.31611259328682373,0.6343674702536204,
context,30,microsomal_clearance,memory,shuffled_history,4,71,45,0.4616051723749367,0.5026024682106458,0.7337539285244498,0.38886530246812967,0.31448203187764284,0.6346744976029013,
context,30,microsomal_clearance,memory,shuffled_history,9,71,45,0.5018531639599179,0.4834514483720728,0.7057951799495957,0.3757121069232623,0.3240153992013208,0.6386049010110044,
context,30,microsomal_clearance,residual_memory,expected,0,71,45,0.09959805567489644,0.6499686198200381,0.9488951176632239,0.5073760928962151,0.2984678186439308,0.6274501328961424,
context,30,microsomal_clearance,residual_memory,expected,1,71,45,0.09442539789131987,0.6518329263427456,0.9516168357635757,0.5088768063800435,0.2982756802206884,0.6272499503191992,
context,30,microsomal_clearance,residual_memory,expected,2,71,45,0.09621411327818996,0.6511888491444504,0.9506765415859434,0.5085674457678773,0.2979957158259959,0.627088611918424,
context,30,microsomal_clearance,residual_memory,expected,4,71,45,0.0959669664443702,0.6512778792253855,0.9508065174133115,0.5085318560107772,0.298718640536855,0.6274742591350572,
context,30,microsomal_clearance,residual_memory,expected,9,71,45,0.09577905860532765,0.6513455614093783,0.9509053272511793,0.5084836115159899,0.298917410756866,0.6275498981543582,
context,30,microsomal_clearance,residual_memory,observed,0,71,45,0.09959805567489644,0.6499686198200381,0.9488951176632239,0.5073760928962151,0.2984678186439308,0.6274501328961424,
context,30,microsomal_clearance,residual_memory,observed,1,71,45,0.3039098402906587,0.5714877488584928,0.834320178174627,0.44182498755869176,0.2979738324062474,0.6271590344536354,
context,30,microsomal_clearance,residual_memory,observed,2,71,45,0.39408378711250147,0.5331881198914622,0.7784062004426086,0.41432772288439973,0.29186189288237496,0.6250245609459226,
context,30,microsomal_clearance,residual_memory,observed,4,71,45,0.47129674458279547,0.49805828614090997,0.7271198356647992,0.3855504538097851,0.3056965466664524,0.6316087885336711,
context,30,microsomal_clearance,residual_memory,observed,9,71,45,0.5120192905535697,0.47849290726618343,0.6985561605529153,0.37204201077351545,0.3160364523160781,0.6362672019772957,
context,30,microsomal_clearance,residual_memory,shuffled_history,0,71,45,0.09967525670307675,0.649940754863906,0.9488544373595579,0.5073461466020263,0.298415991733697,0.6274214422336489,
context,30,microsomal_clearance,residual_memory,shuffled_history,1,71,45,0.30391750570583265,0.5714846022094123,0.8343155843529277,0.44180761118170236,0.2979786588457191,0.6270640199220011,
context,30,microsomal_clearance,residual_memory,shuffled_history,2,71,45,0.3941109535048146,0.5331761669516872,0.7783887502367859,0.41431385803110715,0.2914667918254029,0.6248080768561989,
context,30,microsomal_clearance,residual_memory,shuffled_history,4,71,45,0.4713513846053192,0.49803254900117117,0.7270822617796976,0.3855306015579913,0.305587103416056,0.6315383659984599,
context,30,microsomal_clearance,residual_memory,shuffled_history,9,71,45,0.5120652854556399,0.47847035642287233,0.6985232383710367,0.3720230300073893,0.31646800686371596,0.6364114005017759,
context,30,permeability,fnn,observed,0,13,12,0.3218222758503867,0.7996308094905784,0.8235154668551243,0.6008379578284728,0.3918918334329739,0.6592714692714693,
context,30,permeability,fnn,observed,1,13,12,0.3218222758503867,0.7996308094905784,0.8235154668551243,0.6008379578284728,0.3918918334329739,0.6592714692714693,
context,30,permeability,fnn,observed,2,13,12,0.3218222758503867,0.7996308094905784,0.8235154668551243,0.6008379578284728,0.3918918334329739,0.6592714692714693,
context,30,permeability,fnn,observed,4,13,12,0.3218222758503867,0.7996308094905784,0.8235154668551243,0.6008379578284728,0.3918918334329739,0.6592714692714693,
context,30,permeability,fnn,observed,9,13,12,0.3218222758503867,0.7996308094905784,0.8235154668551243,0.6008379578284728,0.3918918334329739,0.6592714692714693,
context,30,permeability,fnn_anchor,expected,0,13,12,0.3218222758503867,0.7996308094905784,0.8235154668551243,0.6008379578284728,0.3918918334329739,0.6592714692714693,
context,30,permeability,fnn_anchor,expected,1,13,12,0.29763828742121357,0.8137634378837123,0.8380702312925727,0.6154767933869973,0.3815349256763091,0.6557427757427756,
context,30,permeability,fnn_anchor,expected,2,13,12,0.2916562575692775,0.8172215107492989,0.8416315954327775,0.6187749711978129,0.384939264315061,0.6566585266585268,
context,30,permeability,fnn_anchor,expected,4,13,12,0.2841032302678971,0.8215669499178254,0.8461068311579235,0.6226507323521836,0.38685234964658044,0.656914936914937,
context,30,permeability,fnn_anchor,expected,9,13,12,0.28139364310568726,0.8231202498774552,0.8477065275756185,0.6241307515670091,0.387011303485204,0.6568050468050468,
context,30,permeability,fnn_anchor,observed,0,13,12,0.3218222758503867,0.7996308094905784,0.8235154668551243,0.6008379578284728,0.3918918334329739,0.6592714692714693,
context,30,permeability,fnn_anchor,observed,1,13,12,0.4946409194073931,0.6902680875747121,0.7108861235054507,0.530833219564878,0.3815349256763091,0.6557427757427756,
context,30,permeability,fnn_anchor,observed,2,13,12,0.5326350454219602,0.6638131180240823,0.683640954432983,0.5152311698901347,0.384939264315061,0.6566585266585268,
context,30,permeability,fnn_anchor,observed,4,13,12,0.5853245066042072,0.6252762653140542,0.6439530211092985,0.4892273345971719,0.38685234964658044,0.656914936914937,
context,30,permeability,fnn_anchor,observed,9,13,12,0.6153749033538917,0.6021941994091395,0.6201815029861084,0.47109404209332584,0.387011303485204,0.6568050468050468,
context,30,permeability,fnn_ridge,expected,0,13,12,0.3218222758503867,0.7996308094905784,0.8235154668551243,0.6008379578284728,0.3918918334329739,0.6592714692714693,
context,30,permeability,fnn_ridge,expected,1,13,12,0.3218222758503867,0.7996308094905784,0.8235154668551243,0.6008379578284728,0.3918918334329739,0.6592714692714693,
context,30,permeability,fnn_ridge,expected,2,13,12,0.3218222758503867,0.7996308094905784,0.8235154668551243,0.6008379578284728,0.3918918334329739,0.6592714692714693,
context,30,permeability,fnn_ridge,expected,4,13,12,0.3218222758503867,0.7996308094905784,0.8235154668551243,0.6008379578284728,0.3918918334329739,0.6592714692714693,
context,30,permeability,fnn_ridge,expected,9,13,12,0.3218222758503867,0.7996308094905784,0.8235154668551243,0.6008379578284728,0.3918918334329739,0.6592714692714693,
context,30,permeability,fnn_ridge,observed,0,13,12,0.3218222758503867,0.7996308094905784,0.8235154668551243,0.6008379578284728,0.3918918334329739,0.6592714692714693,
context,30,permeability,fnn_ridge,observed,1,13,12,0.5028199230974781,0.6846594664156096,0.7051099750411434,0.5244301515970474,0.39235136505120843,0.6596560846560847,
context,30,permeability,fnn_ridge,observed,2,13,12,0.540341154682928,0.6583177569570444,0.6779814490950855,0.510035380140329,0.39163542319184697,0.6597842897842898,
context,30,permeability,fnn_ridge,observed,4,13,12,0.5998198017926799,0.6142505530715677,0.6325979751843347,0.4812552771354332,0.39361343307372854,0.6602971102971105,
context,30,permeability,fnn_ridge,observed,9,13,12,0.634766821885261,0.5868172473739398,0.6043452474494517,0.4633934161296258,0.39614649665279267,0.6607916157916158,
context,30,permeability,memory,expected,0,13,12,0.1618766382712079,0.888938532549546,0.9154907764302118,0.6756199336051941,0.38172505809328494,0.6510378510378511,
context,30,permeability,memory,expected,1,13,12,0.15441586510259075,0.8928863252552217,0.9195564881492649,0.6797218405894744,0.3812122375537188,0.6507814407814407,
context,30,permeability,memory,expected,2,13,12,0.14977783802567146,0.8953317163419215,0.9220749221046675,0.6809891759126614,0.3830004484225542,0.6516788766788767,
context,30,permeability,memory,expected,4,13,12,0.147213669643683,0.8966808066361039,0.923464309194631,0.6821038964772834,0.3830004484798665,0.6516788766788768,
context,30,permeability,memory,expected,9,13,12,0.14662780464193537,0.8969887640273106,0.9237814651518316,0.6817717897586333,0.38269074916457524,0.6514224664224664,
context,30,permeability,memory,observed,0,13,12,0.1618766382712079,0.888938532549546,0.9154907764302118,0.6756199336051941,0.38172505809328494,0.6510378510378511,
context,30,permeability,memory,observed,1,13,12,0.4176151830488499,0.7410078022434892,0.7631414134687948,0.5643053432611318,0.38121223761103096,0.6507814407814407,
context,30,permeability,memory,observed,2,13,12,0.49526694126482984,0.6898404146242267,0.7104456761323629,0.5227543583283057,0.39526817405071013,0.6567785917785917,
context,30,permeability,memory,observed,4,13,12,0.5409158392901698,0.6579061001284322,0.6775574962391236,0.5038168649795728,0.3971163340486012,0.6594708994708995,
context,30,permeability,memory,observed,9,13,12,0.5865028272396519,0.6243872568253114,0.6430374582871111,0.4792994102300743,0.3911922545387195,0.656935286935287,
context,30,permeability,memory,shuffled_history,0,13,12,0.1719616346153502,0.883574123113129,0.9099661341965699,0.6697280817612623,0.3848219646093173,0.6525763125763125,
context,30,permeability,memory,shuffled_history,1,13,12,0.42120167537859854,0.7387226095640984,0.7607879629840376,0.561905032243484,0.38549962639808655,0.6527045177045177,
context,30,permeability,memory,shuffled_history,2,13,12,0.49664966202291505,0.6888948545745764,0.7094718725764151,0.5224502322918329,0.4050117634618893,0.6611660561660562,
context,30,permeability,memory,shuffled_history,4,13,12,0.5430829680259104,0.6563514246234712,0.6759563831891001,0.5041248369369751,0.3973527610493012,0.6596275946275946,
context,30,permeability,memory,shuffled_history,9,13,12,0.5874696973675951,0.6236568350173054,0.6422852190673586,0.4805083004633586,0.3922112344358211,0.6577045177045177,
context,30,permeability,residual_memory,expected,0,13,12,0.1989852926591431,0.8690364727016748,0.8949942498926219,0.648637543274806,0.42300232815054745,0.671131461131461,
context,30,permeability,residual_memory,expected,1,13,12,0.19384551464103272,0.8718201371267915,0.8978610612778389,0.6509447743495306,0.4217136157819858,0.6706186406186406,
context,30,permeability,residual_memory,expected,2,13,12,0.19217470677555681,0.8727231216058876,0.8987910175477074,0.6515356524479696,0.42248284650536677,0.670875050875051,
context,30,permeability,residual_memory,expected,4,13,12,0.192473989739659,0.872561443480146,0.8986245101600229,0.6513778638534056,0.42197668714783126,0.670875050875051,
context,30,permeability,residual_memory,expected,9,13,12,0.19263386142102412,0.872475065599854,0.8985355522064644,0.6513447195138687,0.4223979386190573,0.671003256003256,
context,30,permeability,residual_memory,observed,0,13,12,0.1989852926591431,0.8690364727016748,0.8949942498926219,0.648637543274806,0.42300232815054745,0.671131461131461,
context,30,permeability,residual_memory,observed,1,13,12,0.4472869163161012,0.7218843576780335,0.7434467591454675,0.5551541973382998,0.4219700263287776,0.670875050875051,
context,30,permeability,residual_memory,observed,2,13,12,0.5251116681876575,0.6691346322805853,0.6891214202245802,0.5103475031333091,0.41743153526614873,0.6684493284493284,
context,30,permeability,residual_memory,observed,4,13,12,0.5784525746049578,0.6304359628907704,0.6492668368206111,0.48813753183071434,0.41755356148649486,0.6671754171754173,
context,30,permeability,residual_memory,observed,9,13,12,0.6281707257494655,0.5920924839559483,0.6097780532706425,0.4577440179158479,0.4182097472250461,0.6695482295482295,
context,30,permeability,residual_memory,shuffled_history,0,13,12,0.2154462818791547,0.8600606958230691,0.8857503700935413,0.6429394431908926,0.4279207509297592,0.6742083842083841,
context,30,permeability,residual_memory,shuffled_history,1,13,12,0.45314529300449524,0.7180484284138937,0.7394962521848942,0.553302912070201,0.42765767981226627,0.6744647944647946,
context,30,permeability,residual_memory,shuffled_history,2,13,12,0.5279921999886354,0.6671021593684466,0.6870282381469954,0.5101523797022991,0.42183047632376347,0.671013431013431,
context,30,permeability,residual_memory,shuffled_history,4,13,12,0.5806082911245503,0.6288219296092142,0.6476045930005823,0.4874105897316567,0.4190537427671445,0.6696113146113146,
context,30,permeability,residual_memory,shuffled_history,9,13,12,0.6300156827497412,0.5906217234740188,0.6082633617523406,0.457145278713642,0.41554741490727815,0.6678530728530728,
context,30,protein_binding,fnn,observed,0,9,7,0.1937974374944491,0.7303032739309795,0.8978878340336007,0.5382577394114599,0.5349621255088735,0.7309112286890064,
context,30,protein_binding,fnn,observed,1,9,7,0.1937974374944491,0.7303032739309795,0.8978878340336007,0.5382577394114599,0.5349621255088735,0.7309112286890064,
context,30,protein_binding,fnn,observed,2,9,7,0.1937974374944491,0.7303032739309795,0.8978878340336007,0.5382577394114599,0.5349621255088735,0.7309112286890064,
context,30,protein_binding,fnn,observed,4,9,7,0.1937974374944491,0.7303032739309795,0.8978878340336007,0.5382577394114599,0.5349621255088735,0.7309112286890064,
context,30,protein_binding,fnn,observed,9,9,7,0.1937974374944491,0.7303032739309795,0.8978878340336007,0.5382577394114599,0.5349621255088735,0.7309112286890064,
context,30,protein_binding,fnn_anchor,expected,0,9,7,0.1937974374944491,0.7303032739309795,0.8978878340336007,0.5382577394114599,0.5349621255088735,0.7309112286890064,
context,30,protein_binding,fnn_anchor,expected,1,9,7,0.17021265869302704,0.7409084758957962,0.9109266388172941,0.5488251767335115,0.528528891917732,0.7290828924162258,
context,30,protein_binding,fnn_anchor,expected,2,9,7,0.16074199798435063,0.745124607133493,0.9161102564733403,0.5525644941683168,0.5296400030454,0.7290417401528512,
context,30,protein_binding,fnn_anchor,expected,4,9,7,0.15243291096629374,0.7488040813235041,0.9206340690164069,0.5558592191448919,0.5345230070805108,0.7313815402704292,
context,30,protein_binding,fnn_anchor,expected,9,9,7,0.14918415350688308,0.7502378062707145,0.9223967944941683,0.5569164845237025,0.5268681535290347,0.7269077013521458,
context,30,protein_binding,fnn_anchor,observed,0,9,7,0.1937974374944491,0.7303032739309795,0.8978878340336007,0.5382577394114599,0.5349621255088735,0.7309112286890064,
context,30,protein_binding,fnn_anchor,observed,1,9,7,0.40231865508285614,0.6288050353591293,0.7730985350633798,0.46891381967950746,0.528528891917732,0.7290828924162258,
context,30,protein_binding,fnn_anchor,observed,2,9,7,0.47223185816871127,0.5908847015856241,0.726476525313302,0.442620850028815,0.5296400030454,0.7290417401528512,
context,30,protein_binding,fnn_anchor,observed,4,9,7,0.5383413181409779,0.5526391705762971,0.6794546944859695,0.4118650735307623,0.5345230070805108,0.7313815402704292,
context,30,protein_binding,fnn_anchor,observed,9,9,7,0.553029814384045,0.5437765037773431,0.6685582888693813,0.401122972369194,0.5268681535290347,0.7269077013521458,
context,30,protein_binding,fnn_ridge,expected,0,9,7,0.1937974374944491,0.7303032739309795,0.8978878340336007,0.5382577394114599,0.5349621255088735,0.7309112286890064,
context,30,protein_binding,fnn_ridge,expected,1,9,7,0.1937974374944491,0.7303032739309795,0.8978878340336007,0.5382577394114599,0.5349621255088735,0.7309112286890064,
context,30,protein_binding,fnn_ridge,expected,2,9,7,0.1937974374944491,0.7303032739309795,0.8978878340336007,0.5382577394114599,0.5349621255088735,0.7309112286890064,
context,30,protein_binding,fnn_ridge,expected,4,9,7,0.1937974374944491,0.7303032739309795,0.8978878340336007,0.5382577394114599,0.5349621255088735,0.7309112286890064,
context,30,protein_binding,fnn_ridge,expected,9,9,7,0.1937974374944491,0.7303032739309795,0.8978878340336007,0.5382577394114599,0.5349621255088735,0.7309112286890064,
context,30,protein_binding,fnn_ridge,observed,0,9,7,0.1937974374944491,0.7303032739309795,0.8978878340336007,0.5382577394114599,0.5349621255088735,0.7309112286890064,
context,30,protein_binding,fnn_ridge,observed,1,9,7,0.30422142526497953,0.6784481867869541,0.834133427417353,0.5054558775601564,0.5349621255088735,0.7309112286890064,
context,30,protein_binding,fnn_ridge,observed,2,9,7,0.41051763186471046,0.6244771763721073,0.7677775512056142,0.4619315367495573,0.5349621255088735,0.7309112286890064,
context,30,protein_binding,fnn_ridge,observed,4,9,7,0.49574484146811915,0.5775722717580694,0.7101092581651649,0.4256041091901284,0.5349621255088735,0.7309112286890064,
context,30,protein_binding,fnn_ridge,observed,9,9,7,0.5469621547130785,0.5474549689741084,0.6730808608829414,0.39640458460207334,0.5357028662882469,0.7312815990593768,
context,30,protein_binding,memory,expected,0,9,7,0.23893115161993483,0.7095665490936677,0.8723925999113388,0.5224648332375067,0.5271394844408389,0.728095238095238,
context,30,protein_binding,memory,expected,1,9,7,0.24226565632454478,0.708010415034669,0.8704793757898318,0.5220373138895742,0.5263987436614654,0.7277248677248677,
context,30,protein_binding,memory,expected,2,9,7,0.23773284721307797,0.710124936352046,0.8730791217220362,0.5236373505768953,0.5241393067494586,0.726387419165197,
context,30,protein_binding,memory,expected,4,9,7,0.2370979229106588,0.7104206212237992,0.8734426581575583,0.5240419812114152,0.5254596569195942,0.7271693121693121,
context,30,protein_binding,memory,expected,9,9,7,0.2360137057815983,0.7109252578991708,0.874063095101493,0.5238942209879558,0.5221708732898587,0.7257495590828924,
context,30,protein_binding,memory,observed,0,9,7,0.23893115161993483,0.7095665490936677,0.8723925999113388,0.5224648332375067,0.5271394844408389,0.728095238095238,
context,30,protein_binding,memory,observed,1,9,7,0.42774240137665287,0.6152858740430212,0.7564770972232716,0.4635667378814132,0.5250892866816785,0.7267989417989418,
context,30,protein_binding,memory,observed,2,9,7,0.5224147321212598,0.56209098665297,0.6910754429718512,0.42042321417066786,0.5328241869531295,0.729426807760141,
context,30,protein_binding,memory,observed,4,9,7,0.585065289975978,0.5239273178606324,0.6441542594938126,0.3903376291195551,0.5294267768109286,0.7280276308054086,
context,30,protein_binding,memory,observed,9,9,7,0.6084401664113548,0.5089559877417225,0.625747419961637,0.375335417676855,0.5282279437062917,0.7270870076425633,
context,30,protein_binding,memory,shuffled_history,0,9,7,0.2359797116856489,0.710941074277543,0.8740825409046625,0.5222899629893126,0.5261811548912966,0.7267577895355672,
context,30,protein_binding,memory,shuffled_history,1,9,7,0.42634246972974854,0.6160380108609128,0.7574018288004403,0.4637140641609828,0.5276626364224486,0.7271281599059376,
context,30,protein_binding,memory,shuffled_history,2,9,7,0.5201627571271634,0.5634146520312375,0.6927028532298943,0.4212408806438799,0.5304215902531588,0.72831569664903,
context,30,protein_binding,memory,shuffled_history,4,9,7,0.584421679512571,0.5243334955510477,0.6446536438176931,0.3905115341477923,0.5294267766453601,0.7276572604350382,
context,30,protein_binding,memory,shuffled_history,9,9,7,0.6085148171946932,0.5089074692638706,0.625687767824581,0.3748242235404473,0.5249534625422071,0.7261199294532628,
context,30,protein_binding,residual_memory,expected,0,9,7,0.0558159378818579,0.7903318662573561,0.9716913409710627,0.5894142083768492,0.5062486423662416,0.7213786008230453,
context,30,protein_binding,residual_memory,expected,1,9,7,0.05443252714235347,0.7909106482106624,0.9724029374994949,0.590390176596465,0.5066190126041571,0.7213786008230453,
context,30,protein_binding,residual_memory,expected,2,9,7,0.053166533566489926,0.7914399350694193,0.9730536811674421,0.5906661097429418,0.5066190126041571,0.7213786008230453,
context,30,protein_binding,residual_memory,expected,4,9,7,0.053214717805960765,0.7914197966723869,0.9730289215609366,0.5907785277675699,0.5062486422282677,0.7210082304526749,
context,30,protein_binding,residual_memory,expected,9,9,7,0.05299730467494501,0.7915106595017735,0.9731406349161744,0.5911520168737129,0.5056101807289655,0.7208230452674897,
context,30,protein_binding,residual_memory,observed,0,9,7,0.0558159378818579,0.7903318662573561,0.9716913409710627,0.5894142083768492,0.5062486423662416,0.7213786008230453,
context,30,protein_binding,residual_memory,observed,1,9,7,0.3382092787461136,0.6616700808949868,0.813505206654442,0.4901893577531532,0.5060490247276095,0.7209670781893004,
context,30,protein_binding,residual_memory,observed,2,9,7,0.4559275150172828,0.5999423805805295,0.7376126930732125,0.44588332692782084,0.5085638065029072,0.7219194591416814,
context,30,protein_binding,residual_memory,observed,4,9,7,0.5182924208926365,0.5645116385462557,0.6940515680461817,0.42058170177870324,0.5088112520950812,0.722689594356261,
context,30,protein_binding,residual_memory,observed,9,9,7,0.5456120518293583,0.5482701003077995,0.6740830424885658,0.40185165301517206,0.5047324928972456,0.7193827160493826,
context,30,protein_binding,residual_memory,shuffled_history,0,9,7,0.05570990350157812,0.790376243196314,0.9717459011997025,0.5894199828527591,0.5066190126041571,0.7217489711934156,
context,30,protein_binding,residual_memory,shuffled_history,1,9,7,0.33779221444889995,0.6618785421912692,0.8137615040975458,0.490393190604669,0.5053082840310203,0.72059670781893,
context,30,protein_binding,residual_memory,shuffled_history,2,9,7,0.4557209075133578,0.6000562816101577,0.7377527312634242,0.4459555706712935,0.5078230657235339,0.7215490887713111,
context,30,protein_binding,residual_memory,shuffled_history,4,9,7,0.5181560303798393,0.5645915507024644,0.6941498178492599,0.4206195257714501,0.5102927335710437,0.7230599647266315,
context,30,protein_binding,residual_memory,shuffled_history,9,9,7,0.5454801764727646,0.5483496557515104,0.6741808537234171,0.40200143997316007,0.5062139744283977,0.7201234567901236,
context,3,macro,fnn,observed,0,4625,2500,0.034813363763508166,,0.9824391259698952,,0.21215002426120202,0.5959643320198031,6.0
context,3,macro,fnn,observed,1,4625,2500,0.03481336376358577,,0.9824391259698558,,0.21215002426120202,0.5959643320198031,6.0
context,3,macro,fnn,observed,2,1460,920,0.058318263437079666,,0.9704028733278361,,0.21679003007243844,0.5972876144278993,6.0
context,3,macro,fnn,observed,4,1460,920,0.058318263437079666,,0.9704028733278361,,0.21679003007243844,0.5972876144278993,6.0
context,3,macro,fnn,observed,9,580,392,0.037154610252658406,,0.9812468546432859,,0.21573857850303554,0.5908659955395108,6.0
context,3,macro,fnn_anchor,expected,0,4625,2500,0.034813363763654494,,0.9824391259698209,,0.21215002426120202,0.5959643320198031,6.0
context,3,macro,fnn_anchor,expected,1,4625,2500,-0.002601695494553783,,1.00130000274371,,0.21280032454975759,0.5963518693444955,6.0
context,3,macro,fnn_anchor,expected,2,1460,920,0.00883884429549453,,0.9955707688077757,,0.21909588610204977,0.5984267755534552,6.0
context,3,macro,fnn_anchor,expected,4,1460,920,-0.0022167816123006743,,1.0011077772209647,,0.21953084554697566,0.5987983837041597,6.0
context,3,macro,fnn_anchor,expected,9,580,392,-0.032180485214280206,,1.0159628365320654,,0.218072776111406,0.5916626574627287,6.0
context,3,macro,fnn_anchor,observed,0,4625,2500,0.034813363763654494,,0.9824391259698209,,0.21215002426120202,0.5959643320198031,6.0
context,3,macro,fnn_anchor,observed,1,4625,2500,0.26582831544879815,,0.8568381904135703,,0.21276398493793522,0.5963339536152348,6.0
context,3,macro,fnn_anchor,observed,2,1460,920,0.3638116717745161,,0.797614147458208,,0.21910570471311783,0.5984311825069728,6.0
context,3,macro,fnn_anchor,observed,4,1460,920,0.4276984449267098,,0.7565061500564885,,0.2195321157365966,0.5988001696146993,6.0
context,3,macro,fnn_anchor,observed,9,580,392,0.4531936840151816,,0.7394635325591238,,0.21807319376981904,0.5916617642865946,6.0
context,3,macro,fnn_ridge,expected,0,4625,2500,0.034813363763508166,,0.9824391259698952,,0.21215002426120202,0.5959643320198031,6.0
context,3,macro,fnn_ridge,expected,1,4625,2500,0.03481336376358577,,0.9824391259698558,,0.21215002426120202,0.5959643320198031,6.0
context,3,macro,fnn_ridge,expected,2,1460,920,0.058318263437079666,,0.9704028733278361,,0.21679003007243844,0.5972876144278993,6.0
context,3,macro,fnn_ridge,expected,4,1460,920,0.058318263437079666,,0.9704028733278361,,0.21679003007243844,0.5972876144278993,6.0
context,3,macro,fnn_ridge,expected,9,580,392,0.037154610252658406,,0.9812468546432859,,0.21573857850303554,0.5908659955395108,6.0
context,3,macro,fnn_ridge,observed,0,4625,2500,0.034813363763508166,,0.9824391259698952,,0.21215002426120202,0.5959643320198031,6.0
context,3,macro,fnn_ridge,observed,1,4625,2500,0.2661231270594541,,0.8566661385513878,,0.21226562828146148,0.5960090314374041,6.0
context,3,macro,fnn_ridge,observed,2,1460,920,0.369287680213992,,0.7941739858406393,,0.21720455677021952,0.5974957398712838,6.0
context,3,macro,fnn_ridge,observed,4,1460,920,0.43903109607247676,,0.7489785737439512,,0.2175811681363916,0.59767351799308,6.0
context,3,macro,fnn_ridge,observed,9,580,392,0.4679727853640736,,0.7294019568358221,,0.21786388398803624,0.591822148577575,6.0
context,3,macro,memory,expected,0,4625,2500,-0.0022131188790642797,,1.0011059478791764,,0.20907131482725042,0.5942083541539654,6.0
context,3,macro,memory,expected,1,4625,2500,-0.020088308790273252,,1.0099942122558294,,0.20865670213808155,0.5940334324178385,6.0
context,3,macro,memory,expected,2,1460,920,0.0011506408798230099,,0.999424513968002,,0.20957986730496916,0.5937643133433411,6.0
context,3,macro,memory,expected,4,1460,920,0.0005539955976545663,,0.999722963826652,,0.20931544737526098,0.5934116872413718,6.0
context,3,macro,memory,expected,9,580,392,-0.009150960317073428,,1.0045650602708984,,0.221276354911877,0.59314362322776,6.0
context,3,macro,memory,observed,0,4625,2500,-0.0022131188790642797,,1.0011059478791764,,0.20907131482725042,0.5942083541539654,6.0
context,3,macro,memory,observed,1,4625,2500,0.22700243367936315,,0.8792028015882553,,0.20811186382050897,0.5938676453826702,6.0
context,3,macro,memory,observed,2,1460,920,0.3488266088625372,,0.806953153000509,,0.21283867530717626,0.5952129375534492,6.0
context,3,macro,memory,observed,4,1460,920,0.41598808822955186,,0.7642067205739872,,0.21774308548639643,0.5974510457290213,6.0
context,3,macro,memory,observed,9,580,392,0.4325392149675231,,0.753299930328204,,0.23583668991827714,0.5994897502783606,6.0
context,3,macro,memory,shuffled_history,0,4625,2500,0.0033645986231906253,,0.9983162832373363,,0.20860669243156957,0.5939107666324847,6.0
context,3,macro,memory,shuffled_history,1,4625,2500,0.23045309731690708,,0.8772382245907281,,0.20827329334623493,0.593859270406443,6.0
context,3,macro,memory,shuffled_history,2,1460,920,0.3512380568730428,,0.8054575985903648,,0.21294322102014815,0.5952667722003174,6.0
context,3,macro,memory,shuffled_history,4,1460,920,0.4179977164717788,,0.7628907415405047,,0.21721692557538766,0.5972037304719637,6.0
context,3,macro,memory,shuffled_history,9,580,392,0.43567371547388856,,0.7512165363769034,,0.236212960391454,0.5996079420777656,6.0
context,3,macro,residual_memory,expected,0,4625,2500,-0.008361321583483275,,1.0041719581742379,,0.2205579461256073,0.6002019732429188,6.0
context,3,macro,residual_memory,expected,1,4625,2500,-0.013030894521204761,,1.0064943589117648,,0.21954688886373522,0.5997065656376351,6.0
context,3,macro,residual_memory,expected,2,1460,920,0.03444981163739652,,0.9826241338185234,,0.22358796048851085,0.6006079543534524,6.0
context,3,macro,residual_memory,expected,4,1460,920,0.03436348601569313,,0.9826680589010243,,0.223541340303543,0.6005977161391528,6.0
context,3,macro,residual_memory,expected,9,580,392,0.015200492114689915,,0.9923706504554184,,0.21749331705444472,0.5925661444296565,6.0
context,3,macro,residual_memory,observed,0,4625,2500,-0.008361321583483275,,1.0041719581742379,,0.2205579461256073,0.6002019732429188,6.0
context,3,macro,residual_memory,observed,1,4625,2500,0.22750432973845278,,0.8789173284567482,,0.21944597613685987,0.599616339763379,6.0
context,3,macro,residual_memory,observed,2,1460,920,0.3744208204561365,,0.7909356355253336,,0.2265998856006891,0.601844579865162,6.0
context,3,macro,residual_memory,observed,4,1460,920,0.44628164492251,,0.74412254036381,,0.2323242278222379,0.6042131050112277,6.0
context,3,macro,residual_memory,observed,9,580,392,0.46761522654057647,,0.7296470197701238,,0.23228150100217912,0.5991203451597481,6.0
context,3,macro,residual_memory,shuffled_history,0,4625,2500,-0.007598007109667015,,1.0037918146257554,,0.22076166254871557,0.60024831351058,6.0
context,3,macro,residual_memory,shuffled_history,1,4625,2500,0.2278723011661822,,0.8787079713043564,,0.21949439770832582,0.5996104102045724,6.0
context,3,macro,residual_memory,shuffled_history,2,1460,920,0.37496385702933205,,0.7905922735333732,,0.22670528625084171,0.6018659348795548,6.0
context,3,macro,residual_memory,shuffled_history,4,1460,920,0.44665842778855097,,0.7438693246877768,,0.23233839313337312,0.6042671215379053,6.0
context,3,macro,residual_memory,shuffled_history,9,580,392,0.4679943052279593,,0.729387204968692,,0.2330550569903759,0.5994335864791747,6.0
context,5,macro,fnn,observed,0,2501,1486,0.04220868011847887,,0.978668135724016,,0.212150024261202,0.5959643320198031,6.0
context,5,macro,fnn,observed,1,2501,1486,0.0422086801186378,,0.9786681357239349,,0.212150024261202,0.5959643320198031,6.0
context,5,macro,fnn,observed,2,1460,920,0.058318263437079666,,0.9704028733278361,,0.21679003007243844,0.5972876144278993,6.0
context,5,macro,fnn,observed,4,1460,920,0.058318263437079666,,0.9704028733278361,,0.21679003007243844,0.5972876144278993,6.0
context,5,macro,fnn,observed,9,580,392,0.037154610252658406,,0.9812468546432859,,0.21573857850303554,0.5908659955395108,6.0
context,5,macro,fnn_anchor,expected,0,2501,1486,0.04220868011877985,,0.9786681357238622,,0.212150024261202,0.5959643320198031,6.0
context,5,macro,fnn_anchor,expected,1,2501,1486,0.005828361309203352,,0.9970815607014286,,0.21280032454975759,0.5963518693444955,6.0
context,5,macro,fnn_anchor,expected,2,1460,920,0.00883884429549453,,0.9955707688077757,,0.21909588610204977,0.5984267755534552,6.0
context,5,macro,fnn_anchor,expected,4,1460,920,-0.0022167816123006743,,1.0011077772209647,,0.21953084554697566,0.5987983837041597,6.0
context,5,macro,fnn_anchor,expected,9,580,392,-0.032180485214280206,,1.0159628365320654,,0.218072776111406,0.5916626574627287,6.0
context,5,macro,fnn_anchor,observed,0,2501,1486,0.04220868011877985,,0.9786681357238622,,0.212150024261202,0.5959643320198031,6.0
context,5,macro,fnn_anchor,observed,1,2501,1486,0.2833779187152408,,0.8465353396549722,,0.21276398493793522,0.5963339536152348,6.0
context,5,macro,fnn_anchor,observed,2,1460,920,0.3638116717745161,,0.797614147458208,,0.21910570471311783,0.5984311825069728,6.0
context,5,macro,fnn_anchor,observed,4,1460,920,0.4276984449267098,,0.7565061500564885,,0.2195321157365966,0.5988001696146993,6.0
context,5,macro,fnn_anchor,observed,9,580,392,0.4531936840151816,,0.7394635325591238,,0.21807319376981904,0.5916617642865946,6.0
context,5,macro,fnn_ridge,expected,0,2501,1486,0.04220868011847887,,0.978668135724016,,0.212150024261202,0.5959643320198031,6.0
context,5,macro,fnn_ridge,expected,1,2501,1486,0.0422086801186378,,0.9786681357239349,,0.212150024261202,0.5959643320198031,6.0
context,5,macro,fnn_ridge,expected,2,1460,920,0.058318263437079666,,0.9704028733278361,,0.21679003007243844,0.5972876144278993,6.0
context,5,macro,fnn_ridge,expected,4,1460,920,0.058318263437079666,,0.9704028733278361,,0.21679003007243844,0.5972876144278993,6.0
context,5,macro,fnn_ridge,expected,9,580,392,0.037154610252658406,,0.9812468546432859,,0.21573857850303554,0.5908659955395108,6.0
context,5,macro,fnn_ridge,observed,0,2501,1486,0.04220868011847887,,0.978668135724016,,0.212150024261202,0.5959643320198031,6.0
context,5,macro,fnn_ridge,observed,1,2501,1486,0.2811430681326401,,0.847854310520009,,0.21226562828146148,0.5960090314374041,6.0
context,5,macro,fnn_ridge,observed,2,1460,920,0.369287680213992,,0.7941739858406393,,0.21720455677021952,0.5974957398712838,6.0
context,5,macro,fnn_ridge,observed,4,1460,920,0.43903109607247676,,0.7489785737439512,,0.2175811681363916,0.59767351799308,6.0
context,5,macro,fnn_ridge,observed,9,580,392,0.4679727853640736,,0.7294019568358221,,0.21786388398803624,0.591822148577575,6.0
context,5,macro,memory,expected,0,2501,1486,-0.0011529757237463227,,1.0005763217884713,,0.20907131482725042,0.5942083541539654,6.0
context,5,macro,memory,expected,1,2501,1486,-0.01867201983623216,,1.0092928315589247,,0.20865670213808155,0.5940334324178386,6.0
context,5,macro,memory,expected,2,1460,920,0.0011506408798230099,,0.999424513968002,,0.20957986730496916,0.5937643133433411,6.0
context,5,macro,memory,expected,4,1460,920,0.0005539955976545663,,0.999722963826652,,0.20931544737526098,0.5934116872413718,6.0
context,5,macro,memory,expected,9,580,392,-0.009150960317073428,,1.0045650602708984,,0.221276354911877,0.59314362322776,6.0
context,5,macro,memory,observed,0,2501,1486,-0.0011529757237463227,,1.0005763217884713,,0.20907131482725042,0.5942083541539654,6.0
context,5,macro,memory,observed,1,2501,1486,0.24645970680235138,,0.8680669865843584,,0.20811186382050897,0.5938676453826701,6.0
context,5,macro,memory,observed,2,1460,920,0.3488266088625372,,0.806953153000509,,0.21283867530717626,0.5952129375534492,6.0
context,5,macro,memory,observed,4,1460,920,0.41598808822955186,,0.7642067205739872,,0.21774308548639643,0.5974510457290213,6.0
context,5,macro,memory,observed,9,580,392,0.4325392149675231,,0.753299930328204,,0.23583668991827714,0.5994897502783606,6.0
context,5,macro,memory,shuffled_history,0,2501,1486,0.004514872330151483,,0.9977400100576547,,0.2086066924315696,0.5939107666324847,6.0
context,5,macro,memory,shuffled_history,1,2501,1486,0.2503704852917373,,0.8658114775794225,,0.20827329334623498,0.593859270406443,6.0
context,5,macro,memory,shuffled_history,2,1460,920,0.3512380568730428,,0.8054575985903648,,0.21294322102014815,0.5952667722003174,6.0
context,5,macro,memory,shuffled_history,4,1460,920,0.4179977164717788,,0.7628907415405047,,0.21721692557538766,0.5972037304719637,6.0
context,5,macro,memory,shuffled_history,9,580,392,0.43567371547388856,,0.7512165363769034,,0.236212960391454,0.5996079420777656,6.0
context,5,macro,residual_memory,expected,0,2501,1486,0.015174091870032677,,0.9923839519711952,,0.22055794612560722,0.6002019732429188,6.0
context,5,macro,residual_memory,expected,1,2501,1486,0.010225271738210825,,0.9948742273583074,,0.21954688886373522,0.5997065656376351,6.0
context,5,macro,residual_memory,expected,2,1460,920,0.03444981163739652,,0.9826241338185234,,0.22358796048851085,0.6006079543534524,6.0
context,5,macro,residual_memory,expected,4,1460,920,0.03436348601569313,,0.9826680589010243,,0.223541340303543,0.6005977161391528,6.0
context,5,macro,residual_memory,expected,9,580,392,0.015200492114689915,,0.9923706504554184,,0.21749331705444472,0.5925661444296565,6.0
context,5,macro,residual_memory,observed,0,2501,1486,0.015174091870032677,,0.9923839519711952,,0.22055794612560722,0.6002019732429188,6.0
context,5,macro,residual_memory,observed,1,2501,1486,0.2574686260107097,,0.8617026018234425,,0.21944597613685982,0.599616339763379,6.0
context,5,macro,residual_memory,observed,2,1460,920,0.3744208204561365,,0.7909356355253336,,0.2265998856006891,0.601844579865162,6.0
context,5,macro,residual_memory,observed,4,1460,920,0.44628164492251,,0.74412254036381,,0.2323242278222379,0.6042131050112277,6.0
context,5,macro,residual_memory,observed,9,580,392,0.46761522654057647,,0.7296470197701238,,0.23228150100217912,0.5991203451597481,6.0
context,5,macro,residual_memory,shuffled_history,0,2501,1486,0.015829680425062293,,0.9920535870480676,,0.22076166254871557,0.60024831351058,6.0
context,5,macro,residual_memory,shuffled_history,1,2501,1486,0.25776421321016435,,0.8615310712852066,,0.21949439770832582,0.5996104102045724,6.0
context,5,macro,residual_memory,shuffled_history,2,1460,920,0.37496385702933205,,0.7905922735333732,,0.22670528625084171,0.6018659348795548,6.0
context,5,macro,residual_memory,shuffled_history,4,1460,920,0.44665842778855097,,0.7438693246877768,,0.23233839313337312,0.6042671215379053,6.0
context,5,macro,residual_memory,shuffled_history,9,580,392,0.4679943052279593,,0.729387204968692,,0.2330550569903759,0.5994335864791747,6.0
context,8,macro,fnn,observed,0,1460,920,0.05831826343684452,,0.9704028733279574,,0.21679003007243844,0.5972876144278993,6.0
context,8,macro,fnn,observed,1,1460,920,0.058318263437079666,,0.9704028733278361,,0.21679003007243844,0.5972876144278993,6.0
context,8,macro,fnn,observed,2,1460,920,0.058318263437079666,,0.9704028733278361,,0.21679003007243844,0.5972876144278993,6.0
context,8,macro,fnn,observed,4,1460,920,0.058318263437079666,,0.9704028733278361,,0.21679003007243844,0.5972876144278993,6.0
context,8,macro,fnn,observed,9,580,392,0.037154610252658406,,0.9812468546432859,,0.21573857850303554,0.5908659955395108,6.0
context,8,macro,fnn_anchor,expected,0,1460,920,0.05831826343684452,,0.9704028733279574,,0.21679003007243844,0.5972876144278993,6.0
context,8,macro,fnn_anchor,expected,1,1460,920,0.021980225643963753,,0.9889488229205978,,0.2191918943665114,0.5986753068761682,6.0
context,8,macro,fnn_anchor,expected,2,1460,920,0.00883884429549453,,0.9955707688077757,,0.21909588610204977,0.5984267755534552,6.0
context,8,macro,fnn_anchor,expected,4,1460,920,-0.0022167816123006743,,1.0011077772209647,,0.21953084554697566,0.5987983837041597,6.0
context,8,macro,fnn_anchor,expected,9,580,392,-0.032180485214280206,,1.0159628365320654,,0.218072776111406,0.5916626574627287,6.0
context,8,macro,fnn_anchor,observed,0,1460,920,0.05831826343684452,,0.9704028733279574,,0.21679003007243844,0.5972876144278993,6.0
context,8,macro,fnn_anchor,observed,1,1460,920,0.29029541634301154,,0.842439661730731,,0.2191944853708885,0.5986767199042874,6.0
context,8,macro,fnn_anchor,observed,2,1460,920,0.3638116717745161,,0.797614147458208,,0.21910570471311783,0.5984311825069728,6.0
context,8,macro,fnn_anchor,observed,4,1460,920,0.4276984449267098,,0.7565061500564885,,0.2195321157365966,0.5988001696146993,6.0
context,8,macro,fnn_anchor,observed,9,580,392,0.4531936840151816,,0.7394635325591238,,0.21807319376981904,0.5916617642865946,6.0
context,8,macro,fnn_ridge,expected,0,1460,920,0.05831826343684452,,0.9704028733279574,,0.21679003007243844,0.5972876144278993,6.0
context,8,macro,fnn_ridge,expected,1,1460,920,0.058318263437079666,,0.9704028733278361,,0.21679003007243844,0.5972876144278993,6.0
context,8,macro,fnn_ridge,expected,2,1460,920,0.058318263437079666,,0.9704028733278361,,0.21679003007243844,0.5972876144278993,6.0
context,8,macro,fnn_ridge,expected,4,1460,920,0.058318263437079666,,0.9704028733278361,,0.21679003007243844,0.5972876144278993,6.0
context,8,macro,fnn_ridge,expected,9,580,392,0.037154610252658406,,0.9812468546432859,,0.21573857850303554,0.5908659955395108,6.0
context,8,macro,fnn_ridge,observed,0,1460,920,0.05831826343684452,,0.9704028733279574,,0.21679003007243844,0.5972876144278993,6.0
context,8,macro,fnn_ridge,observed,1,1460,920,0.2886655134408774,,0.8434064776601627,,0.21693071069043524,0.5973576740882577,6.0
context,8,macro,fnn_ridge,observed,2,1460,920,0.369287680213992,,0.7941739858406393,,0.21720455677021952,0.5974957398712838,6.0
context,8,macro,fnn_ridge,observed,4,1460,920,0.43903109607247676,,0.7489785737439512,,0.2175811681363916,0.59767351799308,6.0
context,8,macro,fnn_ridge,observed,9,580,392,0.4679727853640736,,0.7294019568358221,,0.21786388398803624,0.591822148577575,6.0
context,8,macro,memory,expected,0,1460,920,0.01730999943662302,,0.9913072180526968,,0.20954094781567476,0.5937199972763897,6.0
context,8,macro,memory,expected,1,1460,920,0.0017447443440068249,,0.9991272469790788,,0.20978828916923484,0.5939319587839205,6.0
context,8,macro,memory,expected,2,1460,920,0.0011506408798230099,,0.999424513968002,,0.20957986730496916,0.5937643133433411,6.0
context,8,macro,memory,expected,4,1460,920,0.0005539955976545663,,0.999722963826652,,0.20931544737526098,0.5934116872413718,6.0
context,8,macro,memory,expected,9,580,392,-0.009150960317073428,,1.0045650602708984,,0.221276354911877,0.59314362322776,6.0
context,8,macro,memory,observed,0,1460,920,0.01730999943662302,,0.9913072180526968,,0.20954094781567476,0.5937199972763897,6.0
context,8,macro,memory,observed,1,1460,920,0.2512915539590295,,0.8652794034535727,,0.209427993161855,0.5937497092565037,6.0
context,8,macro,memory,observed,2,1460,920,0.3488266088625372,,0.806953153000509,,0.21283867530717626,0.5952129375534492,6.0
context,8,macro,memory,observed,4,1460,920,0.41598808822955186,,0.7642067205739872,,0.21774308548639643,0.5974510457290213,6.0
context,8,macro,memory,observed,9,580,392,0.4325392149675231,,0.753299930328204,,0.23583668991827714,0.5994897502783606,6.0
context,8,macro,memory,shuffled_history,0,1460,920,0.02255011436891437,,0.9886606524137013,,0.2092109507800076,0.5935117719376413,6.0
context,8,macro,memory,shuffled_history,1,1460,920,0.2544922641227794,,0.863427898482103,,0.20884862943104765,0.5935479151514644,6.0
context,8,macro,memory,shuffled_history,2,1460,920,0.3512380568730428,,0.8054575985903648,,0.21294322102014815,0.5952667722003174,6.0
context,8,macro,memory,shuffled_history,4,1460,920,0.4179977164717788,,0.7628907415405047,,0.21721692557538766,0.5972037304719637,6.0
context,8,macro,memory,shuffled_history,9,580,392,0.43567371547388856,,0.7512165363769034,,0.236212960391454,0.5996079420777656,6.0
context,8,macro,residual_memory,expected,0,1460,920,0.0376836577075802,,0.9809772384170897,,0.22423731708057462,0.6008727268952456,6.0
context,8,macro,residual_memory,expected,1,1460,920,0.03432715521391141,,0.9826865445227633,,0.2236503167492483,0.6006033073846737,6.0
context,8,macro,residual_memory,expected,2,1460,920,0.03444981163739652,,0.9826241338185234,,0.22358796048851085,0.6006079543534524,6.0
context,8,macro,residual_memory,expected,4,1460,920,0.03436348601569313,,0.9826680589010243,,0.223541340303543,0.6005977161391528,6.0
context,8,macro,residual_memory,expected,9,580,392,0.015200492114689915,,0.9923706504554184,,0.21749331705444472,0.5925661444296565,6.0
context,8,macro,residual_memory,observed,0,1460,920,0.0376836577075802,,0.9809772384170897,,0.22423731708057462,0.6008727268952456,6.0
context,8,macro,residual_memory,observed,1,1460,920,0.2610347867056646,,0.8596308587378279,,0.22375784426310227,0.6006280852196978,6.0
context,8,macro,residual_memory,observed,2,1460,920,0.3744208204561365,,0.7909356355253336,,0.2265998856006891,0.601844579865162,6.0
context,8,macro,residual_memory,observed,4,1460,920,0.44628164492251,,0.74412254036381,,0.2323242278222379,0.6042131050112277,6.0
context,8,macro,residual_memory,observed,9,580,392,0.46761522654057647,,0.7296470197701238,,0.23228150100217912,0.5991203451597481,6.0
context,8,macro,residual_memory,shuffled_history,0,1460,920,0.03859655321693243,,0.9805118289868142,,0.22451288269620298,0.6009912300130327,6.0
context,8,macro,residual_memory,shuffled_history,1,1460,920,0.26158239261950367,,0.8593122874604414,,0.22401379621365827,0.6007047511336188,6.0
context,8,macro,residual_memory,shuffled_history,2,1460,920,0.37496385702933205,,0.7905922735333732,,0.22670528625084171,0.6018659348795548,6.0
context,8,macro,residual_memory,shuffled_history,4,1460,920,0.44665842778855097,,0.7438693246877768,,0.23233839313337312,0.6042671215379053,6.0
context,8,macro,residual_memory,shuffled_history,9,580,392,0.4679943052279593,,0.729387204968692,,0.2330550569903759,0.5994335864791747,6.0
context,15,macro,fnn,observed,0,580,392,0.037154610252146926,,0.9812468546435466,,0.21573857850303554,0.5908659955395108,6.0
context,15,macro,fnn,observed,1,580,392,0.037154610252658406,,0.9812468546432859,,0.21573857850303554,0.5908659955395108,6.0
context,15,macro,fnn,observed,2,580,392,0.037154610252658406,,0.9812468546432859,,0.21573857850303554,0.5908659955395108,6.0
context,15,macro,fnn,observed,4,580,392,0.037154610252658406,,0.9812468546432859,,0.21573857850303554,0.5908659955395108,6.0
context,15,macro,fnn,observed,9,580,392,0.037154610252658406,,0.9812468546432859,,0.21573857850303554,0.5908659955395108,6.0
context,15,macro,fnn_anchor,expected,0,580,392,0.037154610252146926,,0.9812468546435466,,0.21573857850303554,0.5908659955395108,6.0
context,15,macro,fnn_anchor,expected,1,580,392,0.0005618324127658983,,0.9997190443255716,,0.21624503973593934,0.5912777391048686,6.0
context,15,macro,fnn_anchor,expected,2,580,392,-0.011369589063719968,,1.0056687272972746,,0.21618042580283772,0.5909365233607372,6.0
context,15,macro,fnn_anchor,expected,4,580,392,-0.024168975557868472,,1.0120123396272738,,0.21850425470781729,0.5921048800881165,6.0
context,15,macro,fnn_anchor,expected,9,580,392,-0.032180485214280206,,1.0159628365320654,,0.218072776111406,0.5916626574627287,6.0
context,15,macro,fnn_anchor,observed,0,580,392,0.037154610252146926,,0.9812468546435466,,0.21573857850303554,0.5908659955395108,6.0
context,15,macro,fnn_anchor,observed,1,580,392,0.28082726489347337,,0.8480405268066654,,0.21625065496729046,0.5912808014230434,6.0
context,15,macro,fnn_anchor,observed,2,580,392,0.3441151643029618,,0.8098671716380644,,0.21617680669023365,0.5909347370084684,6.0
context,15,macro,fnn_anchor,observed,4,580,392,0.40776867508712344,,0.7695656729044484,,0.21850461420857928,0.5921057732642508,6.0
context,15,macro,fnn_anchor,observed,9,580,392,0.4531936840151816,,0.7394635325591238,,0.21807319376981904,0.5916617642865946,6.0
context,15,macro,fnn_ridge,expected,0,580,392,0.037154610252146926,,0.9812468546435466,,0.21573857850303554,0.5908659955395108,6.0
context,15,macro,fnn_ridge,expected,1,580,392,0.037154610252658406,,0.9812468546432859,,0.21573857850303554,0.5908659955395108,6.0
context,15,macro,fnn_ridge,expected,2,580,392,0.037154610252658406,,0.9812468546432859,,0.21573857850303554,0.5908659955395108,6.0
context,15,macro,fnn_ridge,expected,4,580,392,0.037154610252658406,,0.9812468546432859,,0.21573857850303554,0.5908659955395108,6.0
context,15,macro,fnn_ridge,expected,9,580,392,0.037154610252658406,,0.9812468546432859,,0.21573857850303554,0.5908659955395108,6.0
context,15,macro,fnn_ridge,observed,0,580,392,0.037154610252146926,,0.9812468546435466,,0.21573857850303554,0.5908659955395108,6.0
context,15,macro,fnn_ridge,observed,1,580,392,0.2667043842350787,,0.8563268159791104,,0.21589195184290588,0.5909669403105099,6.0
context,15,macro,fnn_ridge,observed,2,580,392,0.3433618156797551,,0.8103321444446375,,0.21623255967891897,0.5911327071202838,6.0
context,15,macro,fnn_ridge,observed,4,580,392,0.41397364779487056,,0.7655235804370297,,0.21643776305506768,0.5912122269927148,6.0
context,15,macro,fnn_ridge,observed,9,580,392,0.4679727853640736,,0.7294019568358221,,0.21786388398803624,0.591822148577575,6.0
context,15,macro,memory,expected,0,580,392,0.006267765011224021,,0.9968611914347835,,0.22154657390404564,0.5932862062967,6.0
context,15,macro,memory,expected,1,580,392,-0.006101754113395974,,1.0030462372759275,,0.22317452093035747,0.5938385257439164,6.0
context,15,macro,memory,expected,2,580,392,-0.008108508847555318,,1.0040460690862523,,0.22294322151976764,0.5939840674433102,6.0
context,15,macro,memory,expected,4,580,392,-0.008115574049866237,,1.004049587445693,,0.22404083901350336,0.5939193654455419,6.0
context,15,macro,memory,expected,9,580,392,-0.009150960317073428,,1.0045650602708984,,0.221276354911877,0.59314362322776,6.0
context,15,macro,memory,observed,0,580,392,0.006267765011224021,,0.9968611914347835,,0.22154657390404564,0.5932862062967,6.0
context,15,macro,memory,observed,1,580,392,0.23519571892349522,,0.8745308920081124,,0.22225602420984103,0.5937472333447027,6.0
context,15,macro,memory,observed,2,580,392,0.3182006082255063,,0.8257114458298939,,0.21708380016872283,0.5918686438047825,6.0
context,15,macro,memory,observed,4,580,392,0.3843786211954421,,0.7846154337027522,,0.22425938118786404,0.5945382051880661,6.0
context,15,macro,memory,observed,9,580,392,0.4325392149675231,,0.753299930328204,,0.23583668991827714,0.5994897502783606,6.0
context,15,macro,memory,shuffled_history,0,580,392,0.012660890349855161,,0.9936493896994779,,0.22180392013405947,0.5933754896473307,6.0
context,15,macro,memory,shuffled_history,1,580,392,0.23982784190863848,,0.8718785225542384,,0.22195671975310227,0.5936294221900152,6.0
context,15,macro,memory,shuffled_history,2,580,392,0.32188665841764014,,0.8234763758495807,,0.21685488345542306,0.5917900549191427,6.0
context,15,macro,memory,shuffled_history,4,580,392,0.3876707817230885,,0.7825146760776512,,0.22350275539562214,0.5944045801106429,6.0
context,15,macro,memory,shuffled_history,9,580,392,0.43567371547388856,,0.7512165363769034,,0.236212960391454,0.5996079420777656,6.0
context,15,macro,residual_memory,expected,0,580,392,0.01801530913753054,,0.9909514069128059,,0.21755019937372985,0.5924680497836606,6.0
context,15,macro,residual_memory,expected,1,580,392,0.014578016892495401,,0.9926842313180484,,0.21742485952107285,0.592508914939624,6.0
context,15,macro,residual_memory,expected,2,580,392,0.014689622035906588,,0.9926280159073153,,0.21752824705870719,0.5925810533761313,6.0
context,15,macro,residual_memory,expected,4,580,392,0.014896335120058815,,0.9925238863019576,,0.217472668396274,0.5925348808674167,6.0
context,15,macro,residual_memory,expected,9,580,392,0.015200492114689915,,0.9923706504554184,,0.21749331705444472,0.5925661444296565,6.0
context,15,macro,residual_memory,observed,0,580,392,0.01801530913753054,,0.9909514069128059,,0.21755019937372985,0.5924680497836606,6.0
context,15,macro,residual_memory,observed,1,580,392,0.24557349758821578,,0.868577286378008,,0.2174164009916679,0.5924454961525377,6.0
context,15,macro,residual_memory,observed,2,580,392,0.3512868078841184,,0.80542733509354,,0.22153063208013898,0.5943960535649305,6.0
context,15,macro,residual_memory,observed,4,580,392,0.4192854330824128,,0.7620463023449344,,0.2243197487904672,0.5953241035359599,6.0
context,15,macro,residual_memory,observed,9,580,392,0.46761522654057647,,0.7296470197701238,,0.23228150100217912,0.5991203451597481,6.0
context,15,macro,residual_memory,shuffled_history,0,580,392,0.01946768261792749,,0.9902183180400534,,0.21803070370481892,0.5926789787581933,6.0
context,15,macro,residual_memory,shuffled_history,1,580,392,0.24635338453496422,,0.8681282252438496,,0.2181624338447956,0.5927366425080993,6.0
context,15,macro,residual_memory,shuffled_history,2,580,392,0.35191267667030207,,0.8050387092119843,,0.2217719170786265,0.59448987617391,6.0
context,15,macro,residual_memory,shuffled_history,4,580,392,0.41963742067188153,,0.7618153183863648,,0.2249068236127695,0.5956110913929878,6.0
context,15,macro,residual_memory,shuffled_history,9,580,392,0.4679943052279593,,0.729387204968692,,0.2330550569903759,0.5994335864791747,6.0
context,20,macro,fnn,observed,0,329,224,0.04751900053297261,,0.9759513304806892,,0.23774235729696458,0.6020711299806104,6.0
context,20,macro,fnn,observed,1,329,224,0.04751900053297261,,0.9759513304806892,,0.23774235729696458,0.6020711299806104,6.0
context,20,macro,fnn,observed,2,329,224,0.04751900053297261,,0.9759513304806892,,0.23774235729696458,0.6020711299806104,6.0
context,20,macro,fnn,observed,4,329,224,0.04751900053297261,,0.9759513304806892,,0.23774235729696458,0.6020711299806104,6.0
context,20,macro,fnn,observed,9,329,224,0.04751900053297261,,0.9759513304806892,,0.23774235729696458,0.6020711299806104,6.0
context,20,macro,fnn_anchor,expected,0,329,224,0.04751900053297261,,0.9759513304806892,,0.23774235729696458,0.6020711299806104,6.0
context,20,macro,fnn_anchor,expected,1,329,224,0.008092653364302186,,0.9959454536447756,,0.23928749986854425,0.6030699379017394,6.0
context,20,macro,fnn_anchor,expected,2,329,224,-0.0037129493764354593,,1.0018547546308474,,0.23970700990608115,0.6027788086538736,6.0
context,20,macro,fnn_anchor,expected,4,329,224,-0.017286292912124895,,1.0086061138581923,,0.24262252476597346,0.6043249060378247,6.0
context,20,macro,fnn_anchor,expected,9,329,224,-0.02517542825907974,,1.012509470700931,,0.24258010829812826,0.6039958322673497,6.0
context,20,macro,fnn_anchor,observed,0,329,224,0.04751900053297261,,0.9759513304806892,,0.23774235729696458,0.6020711299806104,6.0
context,20,macro,fnn_anchor,observed,1,329,224,0.2822947952808906,,0.8471748371612021,,0.23929479611701476,0.603073059000366,6.0
context,20,macro,fnn_anchor,observed,2,329,224,0.3507889922983396,,0.8057363140020812,,0.2397051655720592,0.6027788086538736,6.0
context,20,macro,fnn_anchor,observed,4,329,224,0.41282733576663516,,0.7662719257765906,,0.2426233150446856,0.6043264665871382,6.0
context,20,macro,fnn_anchor,observed,9,329,224,0.4644650522314066,,0.7318025333166,,0.24258130398237107,0.603997392816663,6.0
context,20,macro,fnn_ridge,expected,0,329,224,0.04751900053297261,,0.9759513304806892,,0.23774235729696458,0.6020711299806104,6.0
context,20,macro,fnn_ridge,expected,1,329,224,0.04751900053297261,,0.9759513304806892,,0.23774235729696458,0.6020711299806104,6.0
context,20,macro,fnn_ridge,expected,2,329,224,0.04751900053297261,,0.9759513304806892,,0.23774235729696458,0.6020711299806104,6.0
context,20,macro,fnn_ridge,expected,4,329,224,0.04751900053297261,,0.9759513304806892,,0.23774235729696458,0.6020711299806104,6.0
context,20,macro,fnn_ridge,expected,9,329,224,0.04751900053297261,,0.9759513304806892,,0.23774235729696458,0.6020711299806104,6.0
context,20,macro,fnn_ridge,observed,0,329,224,0.04751900053297261,,0.9759513304806892,,0.23774235729696458,0.6020711299806104,6.0
context,20,macro,fnn_ridge,observed,1,329,224,0.2616916205846276,,0.859248729655955,,0.23780644062874381,0.6020805227916417,6.0
context,20,macro,fnn_ridge,observed,2,329,224,0.34516378388185825,,0.809219510465573,,0.2382474575571165,0.6023801194687196,6.0
context,20,macro,fnn_ridge,observed,4,329,224,0.4154567678017204,,0.7645542702766623,,0.23863555853822227,0.6024892669553017,6.0
context,20,macro,fnn_ridge,observed,9,329,224,0.4774184741364286,,0.722898005159491,,0.2409291215228729,0.6033759480575257,6.0
context,20,macro,memory,expected,0,329,224,0.040830505754372616,,0.9793719897187316,,0.23015833231785146,0.5985566060830131,6.0
context,20,macro,memory,expected,1,329,224,0.03611041799373079,,0.9817787846588808,,0.23431906231674693,0.6000475066069817,6.0
context,20,macro,memory,expected,2,329,224,0.033433514302879073,,0.983141132135728,,0.23442660617755537,0.6004904836079019,6.0
context,20,macro,memory,expected,4,329,224,0.0333227002813599,,0.9831974876486617,,0.23488802735756606,0.600619188639057,6.0
context,20,macro,memory,expected,9,329,224,0.03140603813455789,,0.9841717136076621,,0.23556366145744254,0.6012758169425902,6.0
context,20,macro,memory,observed,0,329,224,0.040830505754372616,,0.9793719897187316,,0.23015833231785146,0.5985566060830131,6.0
context,20,macro,memory,observed,1,329,224,0.2544892304720552,,0.8634296552284644,,0.2343671301920397,0.6005635821745763,6.0
context,20,macro,memory,observed,2,329,224,0.3322809939343598,,0.8171407504620243,,0.23136343332348333,0.5996743028223183,6.0
context,20,macro,memory,observed,4,329,224,0.3944220206595433,,0.7781889098030482,,0.243980232086205,0.6048148321701302,6.0
context,20,macro,memory,observed,9,329,224,0.44704247575292416,,0.7436111377911683,,0.2538251647454896,0.6084770280884902,6.0
context,20,macro,memory,shuffled_history,0,329,224,0.04649910477443473,,0.9764737043185368,,0.23092441597611182,0.5989770929917596,6.0
context,20,macro,memory,shuffled_history,1,329,224,0.258977006501849,,0.8608269242409597,,0.23288236488971226,0.6000255493224619,6.0
context,20,macro,memory,shuffled_history,2,329,224,0.33591613093918493,,0.8149134120020453,,0.2304096583853428,0.599260879951436,6.0
context,20,macro,memory,shuffled_history,4,329,224,0.39775956825045605,,0.7760415141920848,,0.24301382414546469,0.6046292773479546,6.0
context,20,macro,memory,shuffled_history,9,329,224,0.4502352998047181,,0.741461192642799,,0.25267937467383833,0.6081309035457729,6.0
context,20,macro,residual_memory,expected,0,329,224,0.022427947971166744,,0.9887224342700196,,0.22897517066321493,0.5985930816695096,6.0
context,20,macro,residual_memory,expected,1,329,224,0.02063453716351299,,0.9896289521009816,,0.22841590946908596,0.5984205237291146,6.0
context,20,macro,residual_memory,expected,2,329,224,0.01963185289668588,,0.9901354185682453,,0.22859315302653568,0.5984714994249404,6.0
context,20,macro,residual_memory,expected,4,329,224,0.019746744564654972,,0.9900773987094873,,0.22838621122798464,0.5984064435728995,6.0
context,20,macro,residual_memory,expected,9,329,224,0.01974388688527699,,0.9900788418680216,,0.228260531070914,0.5983695029316985,6.0
context,20,macro,residual_memory,observed,0,329,224,0.022427947971166744,,0.9887224342700196,,0.22897517066321493,0.5985930816695096,6.0
context,20,macro,residual_memory,observed,1,329,224,0.25569608222437684,,0.8627305012433623,,0.22929122878277786,0.5985589839718819,6.0
context,20,macro,residual_memory,observed,2,329,224,0.3548232353802185,,0.8032289615170644,,0.23395503412919982,0.6006818398351351,6.0
context,20,macro,residual_memory,observed,4,329,224,0.4231470328604285,,0.7595083720009751,,0.23360708832540925,0.6000962155599406,6.0
context,20,macro,residual_memory,observed,9,329,224,0.476498658785882,,0.7235339254064856,,0.24144053443972635,0.6037670905185081,6.0
context,20,macro,residual_memory,shuffled_history,0,329,224,0.02428067889918865,,0.9877850581481841,,0.22962636405856887,0.5989700765431337,6.0
context,20,macro,residual_memory,shuffled_history,1,329,224,0.25626875649631087,,0.8623985409911645,,0.2302164841255566,0.5989734998624278,6.0
context,20,macro,residual_memory,shuffled_history,2,329,224,0.35523479576169326,,0.8029727294487071,,0.23448622528636545,0.6009659157917767,6.0
context,20,macro,residual_memory,shuffled_history,4,329,224,0.4234719450858235,,0.7592944454651149,,0.2342234394811998,0.6004726921749471,6.0
context,20,macro,residual_memory,shuffled_history,9,329,224,0.47679028316168326,,0.7233323695496536,,0.24208776981065303,0.6039593921324856,6.0
context,25,macro,fnn,observed,0,205,148,0.07164715617609063,,0.9635106869277109,,0.24279357418549039,0.6048690482434264,6.0
context,25,macro,fnn,observed,1,205,148,0.07164715617609063,,0.9635106869277109,,0.24279357418549039,0.6048690482434264,6.0
context,25,macro,fnn,observed,2,205,148,0.07164715617609063,,0.9635106869277109,,0.24279357418549039,0.6048690482434264,6.0
context,25,macro,fnn,observed,4,205,148,0.07164715617609063,,0.9635106869277109,,0.24279357418549039,0.6048690482434264,6.0
context,25,macro,fnn,observed,9,205,148,0.07164715617609063,,0.9635106869277109,,0.24279357418549039,0.6048690482434264,6.0
context,25,macro,fnn_anchor,expected,0,205,148,0.07164715617609063,,0.9635106869277109,,0.24279357418549039,0.6048690482434264,6.0
context,25,macro,fnn_anchor,expected,1,205,148,0.015722723802710687,,0.9921074922594272,,0.24453055447093872,0.6061063050292714,6.0
context,25,macro,fnn_anchor,expected,2,205,148,-0.0029061425155151497,,1.001452017080956,,0.2462825587045526,0.6061858705165243,6.0
context,25,macro,fnn_anchor,expected,4,205,148,-0.01995423397713214,,1.0099278360245014,,0.2500663228573512,0.6083353787234976,6.0
context,25,macro,fnn_anchor,expected,9,205,148,-0.03224343333298182,,1.0159938155978028,,0.24871584211557182,0.6074869946773594,6.0
context,25,macro,fnn_anchor,observed,0,205,148,0.07164715617609063,,0.9635106869277109,,0.24279357418549039,0.6048690482434264,6.0
context,25,macro,fnn_anchor,observed,1,205,148,0.2958312874067026,,0.8391476107296603,,0.24453641681245242,0.6061087851880015,6.0
context,25,macro,fnn_anchor,observed,2,205,148,0.37892331820933906,,0.7880841844566232,,0.246283976171598,0.6061858705165243,6.0
context,25,macro,fnn_anchor,observed,4,205,148,0.44629641804019277,,0.7441126137620617,,0.2500633916836377,0.6083353787234976,6.0
context,25,macro,fnn_anchor,observed,9,205,148,0.49037495125218794,,0.7138802762002968,,0.2487135552470767,0.6074869946773594,6.0
context,25,macro,fnn_ridge,expected,0,205,148,0.07164715617609063,,0.9635106869277109,,0.24279357418549039,0.6048690482434264,6.0
context,25,macro,fnn_ridge,expected,1,205,148,0.07164715617609063,,0.9635106869277109,,0.24279357418549039,0.6048690482434264,6.0
context,25,macro,fnn_ridge,expected,2,205,148,0.07164715617609063,,0.9635106869277109,,0.24279357418549039,0.6048690482434264,6.0
context,25,macro,fnn_ridge,expected,4,205,148,0.07164715617609063,,0.9635106869277109,,0.24279357418549039,0.6048690482434264,6.0
context,25,macro,fnn_ridge,expected,9,205,148,0.07164715617609063,,0.9635106869277109,,0.24279357418549039,0.6048690482434264,6.0
context,25,macro,fnn_ridge,observed,0,205,148,0.07164715617609063,,0.9635106869277109,,0.24279357418549039,0.6048690482434264,6.0
context,25,macro,fnn_ridge,observed,1,205,148,0.2912928229748845,,0.8418474784811768,,0.2427006399087769,0.6047965541364313,6.0
context,25,macro,fnn_ridge,observed,2,205,148,0.3823155438118835,,0.7859290401735494,,0.24305560089191794,0.6050947849480709,6.0
context,25,macro,fnn_ridge,observed,4,205,148,0.45890716666682185,,0.735590125907885,,0.2434004160631067,0.6051859161137988,6.0
context,25,macro,fnn_ridge,observed,9,205,148,0.513738386988576,,0.6973246109319705,,0.24566382011614807,0.606003310628106,6.0
context,25,macro,memory,expected,0,205,148,0.08089790064426287,,0.9586981273350528,,0.245289212477012,0.6047840353034798,6.0
context,25,macro,memory,expected,1,205,148,0.06958766760492872,,0.9645788367961797,,0.25313166877044874,0.6074397751262078,6.0
context,25,macro,memory,expected,2,205,148,0.06814638943522631,,0.9653256500087283,,0.2544515733790876,0.608918960587728,6.0
context,25,macro,memory,expected,4,205,148,0.06815072937188309,,0.9653234020928514,,0.25917841901598243,0.6108736282543599,6.0
context,25,macro,memory,expected,9,205,148,0.06810212892459334,,0.9653485749072233,,0.25930257410009777,0.6108379201559905,6.0
context,25,macro,memory,observed,0,205,148,0.08089790064426287,,0.9586981273350528,,0.245289212477012,0.6047840353034798,6.0
context,25,macro,memory,observed,1,205,148,0.2897546330274691,,0.8427605632518236,,0.25297600293712125,0.6081903289394296,6.0
context,25,macro,memory,observed,2,205,148,0.37543727974062335,,0.7902928066605293,,0.24703143308793832,0.6055506902671048,6.0
context,25,macro,memory,observed,4,205,148,0.4433310887318707,,0.7461024804060963,,0.26733618934373865,0.6143008469261609,6.0
context,25,macro,memory,observed,9,205,148,0.49178879111003,,0.7128893384600236,,0.28500540453458195,0.621705051807619,6.0
context,25,macro,memory,shuffled_history,0,205,148,0.08458066387916335,,0.9567754888796204,,0.24764521701533385,0.6059477954560872,6.0
context,25,macro,memory,shuffled_history,1,205,148,0.2932464854804218,,0.8406863353948237,,0.25169921174334015,0.6077990813457917,6.0
context,25,macro,memory,shuffled_history,2,205,148,0.37798064450012436,,0.7886820370084993,,0.2473496615127765,0.6057073280802846,6.0
context,25,macro,memory,shuffled_history,4,205,148,0.44553010309637414,,0.744627354388506,,0.26742233785690367,0.6145871610809547,6.0
context,25,macro,memory,shuffled_history,9,205,148,0.49369552695288726,,0.711550752263753,,0.2841748850618844,0.621749348138175,6.0
context,25,macro,residual_memory,expected,0,205,148,-7.999849954115623e-05,,1.0000399984498327,,0.22674199977496956,0.5985092801882882,6.0
context,25,macro,residual_memory,expected,1,205,148,-0.003595067307018862,,1.001795920987413,,0.22661020459385503,0.5985434828499218,6.0
context,25,macro,residual_memory,expected,2,205,148,-0.003950411275062034,,1.0019732587624592,,0.22646704754814115,0.5984368131659191,6.0
context,25,macro,residual_memory,expected,4,205,148,-0.003753706541625675,,1.001875095279659,,0.22635099292346014,0.5984719564944573,6.0
context,25,macro,residual_memory,expected,9,205,148,-0.003569394307359105,,1.0017831074176482,,0.22623537610824218,0.5984307431901391,6.0
context,25,macro,residual_memory,observed,0,205,148,-7.999849954115623e-05,,1.0000399984498327,,0.22674199977496956,0.5985092801882882,6.0
context,25,macro,residual_memory,observed,1,205,148,0.27596922691619763,,0.8508999783075578,,0.22770393560838018,0.5985989488053868,6.0
context,25,macro,residual_memory,observed,2,205,148,0.3896771905912803,,0.7812315978048505,,0.22967132070760035,0.5992064973604518,6.0
context,25,macro,residual_memory,observed,4,205,148,0.4598905908662889,,0.734921362550927,,0.23093068933225216,0.5992682513938388,6.0
context,25,macro,residual_memory,observed,9,205,148,0.507817848923339,,0.701556947850038,,0.23854472243251446,0.6025899072249619,6.0
context,25,macro,residual_memory,shuffled_history,0,205,148,0.002750553175720686,,0.9986237764164637,,0.2275035297691469,0.598965179588072,6.0
context,25,macro,residual_memory,shuffled_history,1,205,148,0.2768985273303946,,0.8503537338482177,,0.22889978323824156,0.5992324119925333,6.0
context,25,macro,residual_memory,shuffled_history,2,205,148,0.3903054843964928,,0.7808293767549395,,0.23049299613837504,0.5996225767302723,6.0
context,25,macro,residual_memory,shuffled_history,4,205,148,0.46038522856447034,,0.7345847612328542,,0.23175797499547088,0.599753487782301,6.0
context,25,macro,residual_memory,shuffled_history,9,205,148,0.5082713955776437,,0.7012336304131144,,0.23943729310496475,0.6028762003978131,6.0
context,30,macro,fnn,observed,0,120,86,0.05018304908402051,,0.9745855277583283,,0.24744582612521593,0.6054272015707199,6.0
context,30,macro,fnn,observed,1,120,86,0.05018304908402051,,0.9745855277583283,,0.24744582612521593,0.6054272015707199,6.0
context,30,macro,fnn,observed,2,120,86,0.05018304908402051,,0.9745855277583283,,0.24744582612521593,0.6054272015707199,6.0
context,30,macro,fnn,observed,4,120,86,0.05018304908402051,,0.9745855277583283,,0.24744582612521593,0.6054272015707199,6.0
context,30,macro,fnn,observed,9,120,86,0.05018304908402051,,0.9745855277583283,,0.24744582612521593,0.6054272015707199,6.0
context,30,macro,fnn_anchor,expected,0,120,86,0.05018304908402051,,0.9745855277583283,,0.24744582612521593,0.6054272015707199,6.0
context,30,macro,fnn_anchor,expected,1,120,86,-0.015339725880731181,,1.007640672998431,,0.24643209116367668,0.6057316633259513,6.0
context,30,macro,fnn_anchor,expected,2,120,86,-0.03636167962366813,,1.0180185065231713,,0.24668922891290465,0.6047763200231249,6.0
context,30,macro,fnn_anchor,expected,4,120,86,-0.05761891223285145,,1.0284060055410273,,0.25084319124194954,0.6073005058418465,6.0
context,30,macro,fnn_anchor,expected,9,120,86,-0.0722778605175347,,1.0355085033535625,,0.2505231457587522,0.6071363628377843,6.0
context,30,macro,fnn_anchor,observed,0,120,86,0.05018304908402051,,0.9745855277583283,,0.24744582612521593,0.6054272015707199,6.0
context,30,macro,fnn_anchor,observed,1,120,86,0.27721190622530306,,0.8501694500361071,,0.24644133880099406,0.6057355756890186,6.0
context,30,macro,fnn_anchor,observed,2,120,86,0.37289529430380086,,0.7918994290288378,,0.24669146491725794,0.6047763200231249,6.0
context,30,macro,fnn_anchor,observed,4,120,86,0.4393903857947214,,0.748738682188438,,0.2508385674186269,0.6073005058418465,6.0
context,30,macro,fnn_anchor,observed,9,120,86,0.49504408319704035,,0.7106025026714722,,0.25051953830422463,0.6071363628377843,6.0
context,30,macro,fnn_ridge,expected,0,120,86,0.05018304908402051,,0.9745855277583283,,0.24744582612521593,0.6054272015707199,6.0
context,30,macro,fnn_ridge,expected,1,120,86,0.05018304908402051,,0.9745855277583283,,0.24744582612521593,0.6054272015707199,6.0
context,30,macro,fnn_ridge,expected,2,120,86,0.05018304908402051,,0.9745855277583283,,0.24744582612521593,0.6054272015707199,6.0
context,30,macro,fnn_ridge,expected,4,120,86,0.05018304908402051,,0.9745855277583283,,0.24744582612521593,0.6054272015707199,6.0
context,30,macro,fnn_ridge,expected,9,120,86,0.05018304908402051,,0.9745855277583283,,0.24744582612521593,0.6054272015707199,6.0
context,30,macro,fnn_ridge,observed,0,120,86,0.05018304908402051,,0.9745855277583283,,0.24744582612521593,0.6054272015707199,6.0
context,30,macro,fnn_ridge,observed,1,120,86,0.2771816616598445,,0.8501872372249277,,0.24728613401787544,0.6052985053669065,6.0
context,30,macro,fnn_ridge,observed,2,120,86,0.3792437467405607,,0.787880862351307,,0.24704799193174143,0.6052782621125083,6.0
context,30,macro,fnn_ridge,observed,4,120,86,0.4553827311858119,,0.7379818892182843,,0.2474701904079649,0.6055063595671316,6.0
context,30,macro,fnn_ridge,observed,9,120,86,0.5235772138234256,,0.6902338633945558,,0.2496212070769016,0.6060029194105224,6.0
context,30,macro,memory,expected,0,120,86,0.11607128964499508,,0.9401748296753136,,0.2827564854457036,0.6175550029362626,6.0
context,30,macro,memory,expected,1,120,86,0.11299207267051341,,0.9418109828036019,,0.28439308167022864,0.6163193992619853,6.0
context,30,macro,memory,expected,2,120,86,0.1077062757506984,,0.9446130023715011,,0.28647931475881955,0.6181986854120397,6.0
context,30,macro,memory,expected,4,120,86,0.10751167991223566,,0.9447159996992559,,0.2898157618517228,0.6199714823445263,6.0
context,30,macro,memory,expected,9,120,86,0.10581215212321247,,0.9456150632666485,,0.29501667260169295,0.6217045078320509,6.0
context,30,macro,memory,observed,0,120,86,0.11607128964499508,,0.9401748296753136,,0.2827564854457036,0.6175550029362626,6.0
context,30,macro,memory,observed,1,120,86,0.313870642890077,,0.8283292564614164,,0.28711788439059743,0.6182057233795301,6.0
context,30,macro,memory,observed,2,120,86,0.4104379130548967,,0.7678294647544488,,0.2929638198162304,0.6218196551499563,6.0
context,30,macro,memory,observed,4,120,86,0.46887282794590335,,0.728784722709043,,0.3086152314529195,0.6300019466938807,6.0
context,30,macro,memory,observed,9,120,86,0.5184792527961575,,0.6939169598762107,,0.34082561968309477,0.6423465764248889,6.0
context,30,macro,memory,shuffled_history,0,120,86,0.11734856616435352,,0.9394953080434445,,0.2875399698296135,0.6196762724442041,6.0
context,30,macro,memory,shuffled_history,1,120,86,0.31492548282180716,,0.8276922841117904,,0.2861403261684885,0.6185538652804237,6.0
context,30,macro,memory,shuffled_history,2,120,86,0.411206828188506,,0.7673285944179937,,0.29244200799100883,0.6217611359435499,6.0
context,30,macro,memory,shuffled_history,4,120,86,0.46985534885105484,,0.7281103289673518,,0.3073227912788283,0.6298063868199171,6.0
context,30,macro,memory,shuffled_history,9,120,86,0.5193129296832831,,0.6933159960052248,,0.3391969208518834,0.6422944416260145,6.0
context,30,macro,residual_memory,expected,0,120,86,-0.0031711641277483347,,1.0015843270178244,,0.23682554324765526,0.5992042344151434,6.0
context,30,macro,residual_memory,expected,1,120,86,-0.006763044337537753,,1.0033758240746773,,0.23750508706039652,0.5996023758754914,6.0
context,30,macro,residual_memory,expected,2,120,86,-0.007586160383250958,,1.003785913620654,,0.23758465739648607,0.599479332295875,6.0
context,30,macro,residual_memory,expected,4,120,86,-0.007348769847032292,,1.0036676590620186,,0.2378277304768774,0.5996783070083475,6.0
context,30,macro,residual_memory,expected,9,120,86,-0.007308878304353876,,1.0036477859808957,,0.23793904698251903,0.5998044327084169,6.0
context,30,macro,residual_memory,observed,0,120,86,-0.0031711641277483347,,1.0015843270178244,,0.23682554324765526,0.5992042344151434,6.0
context,30,macro,residual_memory,observed,1,120,86,0.26735751068802144,,0.8559453775282501,,0.2372322415571125,0.5990829761066133,6.0
context,30,macro,residual_memory,observed,2,120,86,0.3986349778825888,,0.7754772866547487,,0.23999948448805086,0.5999373614404587,6.0
context,30,macro,residual_memory,observed,4,120,86,0.46001012277800224,,0.7348400351246506,,0.242087662049151,0.6007931421625671,6.0
context,30,macro,residual_memory,observed,9,120,86,0.5136224961002742,,0.6974077027820426,,0.24274745553254518,0.6015524249485517,6.0
context,30,macro,residual_memory,shuffled_history,0,120,86,-0.0004742890569725544,,1.0002371164163888,,0.2375594820660143,0.5996628904348323,6.0
context,30,macro,residual_memory,shuffled_history,1,120,86,0.2682567941378006,,0.8554199003192522,,0.238085309196018,0.5996314803323477,6.0
context,30,macro,residual_memory,shuffled_history,2,120,86,0.3991942739732905,,0.7751165886669628,,0.24073085220985355,0.6004454742196983,6.0
context,30,macro,residual_memory,shuffled_history,4,120,86,0.4604261319677283,,0.7345569195319528,,0.24207218953162613,0.6010022027941629,6.0
context,30,macro,residual_memory,shuffled_history,9,120,86,0.5139926308440003,,0.6971422875970155,,0.24342596354463142,0.601684364018871,6.0
ordered_pairs,3,cellular_clearance,fnn,observed,0,524,222,-0.10553345421619187,0.7522483935319841,1.051443509759888,0.5083694735961837,0.18835548400930424,,
ordered_pairs,3,cellular_clearance,memory,observed,0,524,222,-0.09680543847078948,0.74927306706164,1.0472847933923177,0.5156000334618549,0.19612059038517987,,
ordered_pairs,3,cellular_clearance,residual_memory,observed,0,524,222,-0.0629086566034116,0.7376040563707824,1.0309746149170753,0.4995000264803358,0.22823314100572498,,
ordered_pairs,3,efflux,fnn,observed,0,341,251,0.04190558858830762,0.6890329216249389,0.9788229724580908,0.5012320304174036,0.23713915686297946,,
ordered_pairs,3,efflux,memory,observed,0,341,251,-0.029392682264284486,0.7142107086974633,1.0145899084183148,0.5252303405325672,0.23897746627914565,,
ordered_pairs,3,efflux,residual_memory,observed,0,341,251,-0.018276614306699912,0.7103439799671248,1.0090969300848656,0.5222774129935762,0.22728774050290712,,
ordered_pairs,3,in_vivo_clearance,fnn,observed,0,537,399,-0.07476610843844989,0.577800567180696,1.0367092690038273,0.41695168598371524,0.06881489447703783,,
ordered_pairs,3,in_vivo_clearance,memory,observed,0,537,399,-0.04573588417163332,0.5699437398590841,1.022612284383301,0.4129460796668683,0.03604854765455449,,
ordered_pairs,3,in_vivo_clearance,residual_memory,observed,0,537,399,-0.18793638611595687,0.6074598446601764,1.0899249451755644,0.424672370854861,0.0663914135819371,,
ordered_pairs,3,microsomal_clearance,fnn,observed,0,1827,897,0.12845087811651057,0.632858747981161,0.9335679524723893,0.47321444097620213,0.3166392446274619,,
ordered_pairs,3,microsomal_clearance,memory,observed,0,1827,897,0.09139049380918862,0.6461740172763736,0.9532101060053924,0.48523838541896885,0.30899573446330564,,
ordered_pairs,3,microsomal_clearance,residual_memory,observed,0,1827,897,0.10283811431376166,0.6420905237024864,0.947186299355221,0.482244252308222,0.31342113534412497,,
ordered_pairs,3,permeability,fnn,observed,0,516,376,0.08610613411992107,0.7076123284535883,0.9559779630724126,0.5173267633748131,0.27422822254095663,,
ordered_pairs,3,permeability,memory,observed,0,516,376,-0.03257673326158628,0.7521573040059149,1.016157828913199,0.558995961614577,0.24456210533156775,,
ordered_pairs,3,permeability,residual_memory,observed,0,516,376,0.02057836996985629,0.732541705374085,0.9896573295995659,0.5413145754175518,0.2388982861164523,,
ordered_pairs,3,protein_binding,fnn,observed,0,880,355,0.09646720258086272,1.006306966131984,0.9505434221639416,0.6381092971564106,0.392464518690815,,
ordered_pairs,3,protein_binding,memory,observed,0,880,355,0.07023219145603588,1.0208120101146758,0.9642446829223194,0.6576063461605838,0.3843645938557947,,
ordered_pairs,3,protein_binding,residual_memory,observed,0,880,355,0.05629249228695088,1.0284358881431577,0.9714460909968443,0.6635957743401517,0.3678738451260998,,
ordered_pairs,5,cellular_clearance,fnn,observed,0,299,155,-0.08605150330637912,0.701076283901855,1.0421379483093296,0.4973413420593531,0.17809689760022634,,
ordered_pairs,5,cellular_clearance,memory,observed,0,299,155,-0.11270605404129319,0.7096272609374349,1.05484882994735,0.5052190508567287,0.18452658070628977,,
ordered_pairs,5,cellular_clearance,residual_memory,observed,0,299,155,-0.047048620513945094,0.688372464625822,1.0232539374534286,0.48367063266394866,0.25081642240260965,,
ordered_pairs,5,efflux,fnn,observed,0,228,185,0.050043541642814104,0.7049207726608527,0.9746570978334821,0.5209253448298778,0.27036786345640956,,
ordered_pairs,5,efflux,memory,observed,0,228,185,-0.013776925421137731,0.7282150659446239,1.0068648992894418,0.5412516950889481,0.2748290758686773,,
ordered_pairs,5,efflux,residual_memory,observed,0,228,185,0.002736042636351299,0.7222599281877781,0.9986310416583538,0.5390475464362741,0.26387460851863803,,
ordered_pairs,5,in_vivo_clearance,fnn,observed,0,229,179,-0.058951728708844575,0.559693405490917,1.0290538026307685,0.41115174089507317,0.054548716616343175,,
ordered_pairs,5,in_vivo_clearance,memory,observed,0,229,179,-0.05336705742761816,0.5582156064709416,1.026336717372821,0.4069260670844804,0.03740295817848471,,
ordered_pairs,5,in_vivo_clearance,residual_memory,observed,0,229,179,-0.07004316204682359,0.5626168775497548,1.034428906231271,0.41483647029751264,0.08009139150273466,,
ordered_pairs,5,microsomal_clearance,fnn,observed,0,1013,531,0.07774172390935052,0.613000479538487,0.9603427909297021,0.4521926308152631,0.2975054971806481,,
ordered_pairs,5,microsomal_clearance,memory,observed,0,1013,531,0.04673708311484037,0.6232192840045099,0.9763518407240085,0.46284223148318615,0.2819726532549298,,
ordered_pairs,5,microsomal_clearance,residual_memory,observed,0,1013,531,0.05289808774941551,0.6212020645410996,0.9731916112722019,0.46114943553580784,0.28844708588137163,,
ordered_pairs,5,permeability,fnn,observed,0,319,253,0.11562223335487254,0.7494731218073241,0.9404136146638497,0.5459241143444223,0.3272650290150499,,
ordered_pairs,5,permeability,memory,observed,0,319,253,-0.001793617786025603,0.7976755580237025,1.0008964071201503,0.5908192013820844,0.27235203645160433,,
ordered_pairs,5,permeability,residual_memory,observed,0,319,253,0.061478243761519114,0.7720747097652759,0.9687733255196909,0.567108964528387,0.29849210685551286,,
ordered_pairs,5,protein_binding,fnn,observed,0,413,183,0.11809847904126547,0.9914844775027517,0.9390961191266496,0.6221275884398282,0.42631518495319737,,
ordered_pairs,5,protein_binding,memory,observed,0,413,183,0.09529004065772118,1.0042239139126161,0.9511624253208696,0.6429894935442182,0.4206622814529227,,
ordered_pairs,5,protein_binding,residual_memory,observed,0,413,183,0.07506076722197064,1.0153890464509128,0.9617376111903024,0.6491664926540632,0.3968054658544194,,
ordered_pairs,8,cellular_clearance,fnn,observed,0,186,105,-0.028082087784981002,0.6514613943192727,1.013943828712903,0.488217222550098,0.21089805132336575,,
ordered_pairs,8,cellular_clearance,memory,observed,0,186,105,-0.06409318897591376,0.6627727131612371,1.0315489270877625,0.4967266488113695,0.20545251028381534,,
ordered_pairs,8,cellular_clearance,residual_memory,observed,0,186,105,0.008556962962250836,0.6397476094422528,0.9957123264466244,0.478088275877572,0.27772522273630085,,
ordered_pairs,8,efflux,fnn,observed,0,139,114,0.07223730539593642,0.6940487293686525,0.9632043888002502,0.5190166859539072,0.294797323922004,,
ordered_pairs,8,efflux,memory,observed,0,139,114,0.019403445516145368,0.713537318871374,0.9902507533366761,0.535768119706455,0.3009470367772672,,
ordered_pairs,8,efflux,residual_memory,observed,0,139,114,0.04398004911499376,0.704538918627187,0.9777627272937981,0.5309248669174441,0.2876040751523948,,
ordered_pairs,8,in_vivo_clearance,fnn,observed,0,84,67,-0.06903236013231706,0.6083591183616625,1.0339402111013563,0.45194556274450487,0.02818970096192489,,
ordered_pairs,8,in_vivo_clearance,memory,observed,0,84,67,-0.04080906389079675,0.6002748236006527,1.020200501808736,0.4412321235075856,-0.006010759753477141,,
ordered_pairs,8,in_vivo_clearance,residual_memory,observed,0,84,67,-0.0721454620600046,0.6092442679772309,1.0354445721814396,0.4541226937982061,0.04789326285283611,,
ordered_pairs,8,microsomal_clearance,fnn,observed,0,674,378,0.08781120718204327,0.615747706822939,0.9550857515521612,0.45726088836608325,0.31047674005844494,,
ordered_pairs,8,microsomal_clearance,memory,observed,0,674,378,0.058545148381433876,0.6255473461142095,0.9702859638367269,0.4664502276378872,0.2927311645381933,,
ordered_pairs,8,microsomal_clearance,residual_memory,observed,0,674,378,0.06159345318851017,0.6245338057296491,0.9687138621964124,0.46565182076137523,0.3002576613435102,,
ordered_pairs,8,permeability,fnn,observed,0,200,163,0.13846885845373413,0.7162757238873084,0.9281870186262389,0.5341028888120802,0.33455361320101423,,
ordered_pairs,8,permeability,memory,observed,0,200,163,0.018920098489531356,0.7643582042530448,0.9904947761146793,0.5749116526051175,0.30721733341441604,,
ordered_pairs,8,permeability,residual_memory,observed,0,200,163,0.09311151198636403,0.7348888980532031,0.9523069295209586,0.5512079221830868,0.31886794481508396,,
ordered_pairs,8,protein_binding,fnn,observed,0,177,93,0.1350551907324904,0.9546999603476855,0.9300240906920152,0.6232894297561388,0.44695004673034905,,
ordered_pairs,8,protein_binding,memory,observed,0,177,93,0.10538803995429025,0.9709347751882988,0.9458392886985134,0.643507062484857,0.4405965918593231,,
ordered_pairs,8,protein_binding,residual_memory,observed,0,177,93,0.09045133394381655,0.9790067288896767,0.9537026088127176,0.6485360029895686,0.42316031222091477,,
ordered_pairs,15,cellular_clearance,fnn,observed,0,79,53,-0.07781383333967984,0.6498114256428719,1.038178131796119,0.4956018605020794,0.1793786687463036,,
ordered_pairs,15,cellular_clearance,memory,observed,0,79,53,-0.09562022507597212,0.6551571529624466,1.0467187898743253,0.5013777646244494,0.17291181163892572,,
ordered_pairs,15,cellular_clearance,residual_memory,observed,0,79,53,-0.011258221342191677,0.6294286388411493,1.0056133557894862,0.47651992259356835,0.26270977998528205,,
ordered_pairs,15,efflux,fnn,observed,0,54,49,0.05718477206101569,0.7209254546385847,0.9709867290231027,0.5451916355168444,0.2543796968279768,,
ordered_pairs,15,efflux,memory,observed,0,54,49,0.022523678279275483,0.7340576832559289,0.9886740219712079,0.5545510861453482,0.27337095067200995,,
ordered_pairs,15,efflux,residual_memory,observed,0,54,49,0.03291398365740961,0.7301458440527216,0.9834053164095619,0.5531701453730035,0.2579852429615063,,
ordered_pairs,15,in_vivo_clearance,fnn,observed,0,20,16,-0.09201717905831441,0.5837356566989609,1.0449962579159384,0.46056147099277966,0.020655960360202112,,
ordered_pairs,15,in_vivo_clearance,memory,observed,0,20,16,-0.03592870115976665,0.568547062465391,1.0178058268450652,0.44359265058932457,0.03409970804800789,,
ordered_pairs,15,in_vivo_clearance,residual_memory,observed,0,20,16,-0.11850313458943229,0.590772253616701,1.0575930855435054,0.46894751597574097,0.04700507558895944,,
ordered_pairs,15,microsomal_clearance,fnn,observed,0,311,183,0.06777117593866833,0.6192705949378786,0.9655199760032579,0.4654682900611906,0.31261509982390423,,
ordered_pairs,15,microsomal_clearance,memory,observed,0,311,183,0.04491126577581073,0.6268174184084764,0.9772864136087175,0.4713388841532196,0.2946755430991891,,
ordered_pairs,15,microsomal_clearance,residual_memory,observed,0,311,183,0.04520543985690251,0.6267208788764558,0.977135896456116,0.47196884027450187,0.2989873929787708,,
ordered_pairs,15,permeability,fnn,observed,0,72,62,0.14533949079643338,0.750690299325392,0.9244785066206604,0.5614981102414768,0.35961303256963423,,
ordered_pairs,15,permeability,memory,observed,0,72,62,0.03258634784978465,0.7986750012693344,0.9835718845870979,0.5995354896196555,0.33632832469024276,,
ordered_pairs,15,permeability,residual_memory,observed,0,72,62,0.12429650115700841,0.759875649573323,0.9357903070896768,0.5736200166859713,0.35229355782661986,,
ordered_pairs,15,protein_binding,fnn,observed,0,44,29,0.17827344552311408,0.8604821510725257,0.9064913427478973,0.5790524715981586,0.48492776474668575,,
ordered_pairs,15,protein_binding,memory,observed,0,44,29,0.1232076313259668,0.8888461302845766,0.9363719179225919,0.6078436014190132,0.45842612721707854,,
ordered_pairs,15,protein_binding,residual_memory,observed,0,44,29,0.12370663268520676,0.8885931635803925,0.9361054253206704,0.6081591203051955,0.4549684612424237,,
ordered_pairs,20,cellular_clearance,fnn,observed,0,50,33,-0.02070493741806323,0.6776202665975166,1.010299429584152,0.5171121758319747,0.25000975883192106,,
ordered_pairs,20,cellular_clearance,memory,observed,0,50,33,-0.046674200444347,0.68618629298253,1.023070965497676,0.5271810002961769,0.22941431508803958,,
ordered_pairs,20,cellular_clearance,residual_memory,observed,0,50,33,0.0546920783603837,0.6521131042399405,0.9722694696634345,0.4936564156339085,0.3434698208762519,,
ordered_pairs,20,efflux,fnn,observed,0,26,25,0.04352832852251787,0.7613167691360122,0.977993697054067,0.5697151963684138,0.25207961919334887,,
ordered_pairs,20,efflux,memory,observed,0,26,25,0.012684274904318893,0.7734947442171127,0.9936376226249091,0.5792094783815301,0.2842073625074778,,
ordered_pairs,20,efflux,residual_memory,observed,0,26,25,0.04162257191235108,0.7620748482881411,0.9789675316820518,0.5779033925778922,0.24563855307312135,,
ordered_pairs,20,in_vivo_clearance,fnn,observed,0,9,7,-0.1972860162295842,0.5464865823265831,1.0942056553635537,0.4272513780465404,-0.05363334449996094,,
ordered_pairs,20,in_vivo_clearance,memory,observed,0,9,7,-0.042003065741290646,0.5098178611486841,1.0207855140730058,0.39618297684068704,-0.033772032401442026,,
ordered_pairs,20,in_vivo_clearance,residual_memory,observed,0,9,7,-0.2956470843120198,0.5684914132522666,1.1382649446908306,0.4523570564710045,-0.034367764085106806,,
ordered_pairs,20,microsomal_clearance,fnn,observed,0,178,108,0.0906623451880495,0.609165445739948,0.9535919750144454,0.464117411640707,0.339800947956092,,
ordered_pairs,20,microsomal_clearance,memory,observed,0,178,108,0.06743935449707994,0.6168949498039569,0.9656917963319974,0.47055086011700353,0.3201110512429499,,
ordered_pairs,20,microsomal_clearance,residual_memory,observed,0,178,108,0.05968839873920795,0.6194532987852519,0.9696966542485295,0.47327527191289787,0.3185151096028263,,
ordered_pairs,20,permeability,fnn,observed,0,40,34,0.1738652571274425,0.7428468462862293,0.908919546974625,0.5639462310763151,0.3514420825629846,,
ordered_pairs,20,permeability,memory,observed,0,40,34,0.09231763738304555,0.7786473123883407,0.9527236549057415,0.5902826791469055,0.32266538918305354,,
ordered_pairs,20,permeability,residual_memory,observed,0,40,34,0.15963283841433662,0.7492183010974188,0.9167154201744745,0.5706142356541773,0.364196177855848,,
ordered_pairs,20,protein_binding,fnn,observed,0,26,17,0.21113018331037414,0.9639749820085092,0.8881834363967985,0.6136868759841262,0.5659864343151659,,
ordered_pairs,20,protein_binding,memory,observed,0,26,17,0.19415776821440855,0.9742896855836685,0.8976871569681675,0.6252035947576758,0.5390488035279887,,
ordered_pairs,20,protein_binding,residual_memory,observed,0,26,17,0.16374553374811762,0.9925041197480678,0.9144694999024748,0.6508098276927868,0.527693777546252,,
ordered_pairs,25,cellular_clearance,fnn,observed,0,31,24,0.054078699277029685,0.6527988935770904,0.9725848552815175,0.5042039576848844,0.2964396198079804,,
ordered_pairs,25,cellular_clearance,memory,observed,0,31,24,-0.011099149051351676,0.6749145322874429,1.0055342605060016,0.5245648297243316,0.24281237389156088,,
ordered_pairs,25,cellular_clearance,residual_memory,observed,0,31,24,0.11922615063477404,0.6299181368541606,0.9384955244247177,0.48635485058530514,0.36989586029467825,,
ordered_pairs,25,efflux,fnn,observed,0,18,18,0.11627333062670286,0.7394973553193555,0.9400673749116587,0.5572740027708514,0.2798330885436166,,
ordered_pairs,25,efflux,memory,observed,0,18,18,0.06222774721218749,0.761774329660362,0.9683864170814317,0.5718414778572332,0.3360230076757909,,
ordered_pairs,25,efflux,residual_memory,observed,0,18,18,0.07419457205576097,0.7568982581150019,0.9621878340242299,0.5762828000056303,0.275740042643181,,
ordered_pairs,25,in_vivo_clearance,fnn,observed,0,5,3,-0.3298281117982691,0.5083121972528243,1.153181734072418,0.3971457701812168,-0.09227101416518751,,
ordered_pairs,25,in_vivo_clearance,memory,observed,0,5,3,-0.01997618937241774,0.4451719511699501,1.0099387057502143,0.34427601909705696,-0.07363036492094037,,
ordered_pairs,25,in_vivo_clearance,residual_memory,observed,0,5,3,-0.6098637059898238,0.5592774783176042,1.2688040455443952,0.44713377126192516,-0.08407320274161044,,
ordered_pairs,25,microsomal_clearance,fnn,observed,0,112,71,0.08452853088375156,0.629392997399446,0.956802732602833,0.4807253070941675,0.3444109637044834,,
ordered_pairs,25,microsomal_clearance,memory,observed,0,112,71,0.06467140899570367,0.636182333369296,0.9671238757285937,0.48625441718198503,0.3256449078377163,,
ordered_pairs,25,microsomal_clearance,residual_memory,observed,0,112,71,0.0704958151159174,0.6341984472712506,0.9641079736648186,0.4857948360669491,0.3287690994287648,,
ordered_pairs,25,permeability,fnn,observed,0,24,21,0.2241734536027007,0.7697724670129996,0.8808101647899502,0.578574668156877,0.4030529858049803,,
ordered_pairs,25,permeability,memory,observed,0,24,21,0.14918010906565482,0.8061184714460985,0.9223989868459013,0.6086905302229929,0.3791848352003022,,
ordered_pairs,25,permeability,residual_memory,observed,0,24,21,0.20333016025332729,0.7800442564670982,0.8925636334439538,0.5890989870156459,0.4156253885252485,,
ordered_pairs,25,protein_binding,fnn,observed,0,15,11,0.25414911491353653,0.6713770440719482,0.8636265889181872,0.5076077297088163,0.5310368825723378,,
ordered_pairs,25,protein_binding,memory,observed,0,15,11,0.23159158669909918,0.6814539897568187,0.876589078930887,0.513364363336153,0.5135949537442253,,
ordered_pairs,25,protein_binding,residual_memory,observed,0,15,11,0.0970701932368705,0.7386989434100704,0.9502261871592097,0.5639963370370917,0.4726091480467827,,
ordered_pairs,30,cellular_clearance,fnn,observed,0,20,15,0.05180986500433582,0.6516033886758545,0.9737505507036514,0.5105512660997642,0.261789966090095,,
ordered_pairs,30,cellular_clearance,memory,observed,0,20,15,-0.015023180931772684,0.6741764816195958,1.0074835884180808,0.5299545288926477,0.2270969512974649,,
ordered_pairs,30,cellular_clearance,residual_memory,observed,0,20,15,0.14277100239960472,0.6195609609326054,0.9258666197678774,0.48276049514585423,0.35100734886306356,,
ordered_pairs,30,efflux,fnn,observed,0,5,5,0.34765190314306493,0.7366297737042509,0.8076806899121305,0.5895392102216558,0.5174691336353747,,
ordered_pairs,30,efflux,memory,observed,0,5,5,0.2991558415286144,0.7635197889490619,0.8371643557100276,0.6108122152324958,0.5463081774473239,,
ordered_pairs,30,efflux,residual_memory,observed,0,5,5,0.32106978925821583,0.7514881483467486,0.8239722147874794,0.6027924916546121,0.5327137000167453,,
ordered_pairs,30,in_vivo_clearance,fnn,observed,0,2,2,-0.5730438866096128,0.5847051200111192,1.2542104634428837,0.4736066815438261,-0.3335792631200142,,
ordered_pairs,30,in_vivo_clearance,memory,observed,0,2,2,-0.039729505930128806,0.47536440788951173,1.0196712734651932,0.38844014661250353,-0.06723290705128832,,
ordered_pairs,30,in_vivo_clearance,residual_memory,observed,0,2,2,-0.7201209790308931,0.6114289156343539,1.311533826872526,0.49421611724237213,-0.3733135657352412,,
ordered_pairs,30,microsomal_clearance,fnn,observed,0,71,45,0.11104739800732355,0.6494473974756254,0.9428428299524139,0.5012893037680705,0.3777024712126129,,
ordered_pairs,30,microsomal_clearance,memory,observed,0,71,45,0.07917548045133371,0.6609873006663395,0.9595960189312304,0.5117991828278465,0.3459452549281919,,
ordered_pairs,30,microsomal_clearance,residual_memory,observed,0,71,45,0.09620656955035667,0.6548461343444136,0.9506805091352422,0.5075827337857645,0.35855221619077304,,
ordered_pairs,30,permeability,fnn,observed,0,13,12,0.3083646614803027,0.8247076788967134,0.8316461618499164,0.6299583016067338,0.4841475981696288,,
ordered_pairs,30,permeability,memory,observed,0,13,12,0.19516264071779854,0.8896424849571594,0.8971272815393596,0.6811188613689354,0.44690122247519426,,
ordered_pairs,30,permeability,residual_memory,observed,0,13,12,0.2470949250557164,0.8604617372835792,0.8677010285485915,0.6604793320049188,0.4844315175725133,,
ordered_pairs,30,protein_binding,fnn,observed,0,9,7,0.23730360113542226,0.7165203135129182,0.8733249102508056,0.5390657849024484,0.5205977766013639,,
ordered_pairs,30,protein_binding,memory,observed,0,9,7,0.26267025665870336,0.7045041180238443,0.8586790688850501,0.5320095342416205,0.5588867385792352,,
ordered_pairs,30,protein_binding,residual_memory,observed,0,9,7,0.12458031612910447,0.7676456850756783,0.935638650265633,0.5878806840194358,0.5227458824359315,,
ordered_pairs,3,macro,fnn,observed,0,4625,2500,0.028771706791826706,,0.9855091542995292,,0.24627358686809253,,6.0
ordered_pairs,3,macro,memory,observed,0,4625,2500,-0.007148008817178179,,1.0035676403796499,,0.2348448396615914,,6.0
ordered_pairs,3,macro,residual_memory,observed,0,4625,2500,-0.014902113409249925,,1.007423502509868,,0.24035092694620772,,6.0
ordered_pairs,5,macro,fnn,observed,0,2501,1486,0.03608379098884649,,0.9817923451581569,,0.2590165314703124,,6.0
ordered_pairs,5,macro,memory,observed,0,2501,1486,-0.006602755150585522,,1.0032959459454551,,0.2452909309854848,,6.0
ordered_pairs,5,macro,residual_memory,observed,0,2501,1486,0.012513559801414645,,0.9937235230176377,,0.26308784683588105,,6.0
ordered_pairs,8,macro,fnn,observed,0,1460,920,0.05607635230781769,,0.9715573311401556,,0.2709775793661838,,6.0
ordered_pairs,8,macro,memory,observed,0,1460,920,0.016225746579115057,,0.9918539476258008,,0.2568223128532563,,6.0
ordered_pairs,8,macro,residual_memory,observed,0,1460,920,0.03759130818932179,,0.9810243074514914,,0.2759180798535068,,6.0
ordered_pairs,15,macro,fnn,observed,0,580,392,0.04645631198687287,,0.9764956159723028,,0.26859503717911776,,6.0
ordered_pairs,15,macro,memory,observed,0,580,392,0.015279999499183147,,0.9923305903280504,,0.2616354108942423,,6.0
ordered_pairs,15,macro,residual_memory,observed,0,580,392,0.03272686690415055,,0.9835004489555912,,0.27899158509726035,,6.0
ordered_pairs,20,macro,fnn,observed,0,329,224,0.05019919341678943,,0.9745772450571636,,0.2842809163932586,,6.0
ordered_pairs,20,macro,memory,observed,0,329,224,0.046320294802202545,,0.9765652590573748,,0.2769458148580113,,6.0
ordered_pairs,20,macro,residual_memory,observed,0,329,224,0.03062238947706286,,0.984569759094264,,0.2941909458115321,,6.0
ordered_pairs,25,macro,fnn,observed,0,205,148,0.06722916958424204,,0.9658006162846232,,0.2937504210447018,,6.0
ordered_pairs,25,macro,memory,observed,0,205,148,0.0794325855914793,,0.9594620442771673,,0.28727161890477587,,6.0
ordered_pairs,25,macro,residual_memory,observed,0,205,148,-0.0075911357821955945,,1.0037883919343735,,0.2964277226995075,,6.0
ordered_pairs,30,macro,fnn,observed,0,120,86,0.08052225702680608,,0.9588940207203266,,0.30468794709817687,,6.0
ordered_pairs,30,macro,memory,observed,0,120,86,0.1302352554157581,,0.9326117866423531,,0.342984239612687,,6.0
ordered_pairs,30,macro,residual_memory,observed,0,120,86,0.03526693722701749,,0.9822082583510396,,0.31268951655729754,,6.0
