method,baseline,cutoff,measurements,metric,endpoint,improvement,lower,upper
mean_only,unchanged,3,1,r2,cellular_clearance,0.012699205146233803,-2.8914577361559584e-05,0.02077706814483478
mean_only,unchanged,3,1,r2,efflux,0.012523646976143795,0.0035425899001078807,0.02165982883061107
mean_only,unchanged,3,1,r2,in_vivo_clearance,-0.006812664268756998,-0.01963134563825398,0.0024915674919581843
mean_only,unchanged,3,1,r2,microsomal_clearance,0.027156586349069825,0.019992936781434847,0.03476397470994947
mean_only,unchanged,3,1,r2,permeability,0.010930215260995793,0.0048018453719066816,0.01737566787645802
mean_only,unchanged,3,1,r2,protein_binding,0.011113848601092909,-0.002437813416828739,0.022020266319602952
mean_only,unchanged,3,1,r2,macro,0.011268473010796523,0.0062821669529476605,0.014808070533145281
mean_only,unchanged,3,1,rho,cellular_clearance,0.015892569865548267,-0.0013396027426336755,0.030042381175143507
mean_only,unchanged,3,1,rho,efflux,0.04197916305346185,0.009424353307124494,0.07937024261498493
mean_only,unchanged,3,1,rho,in_vivo_clearance,-0.008742167779336212,-0.04638842041019454,0.024063118220812682
mean_only,unchanged,3,1,rho,microsomal_clearance,0.0031824235086233684,-0.005541029010242627,0.012279308618044193
mean_only,unchanged,3,1,rho,permeability,0.005510256687021554,-0.006774440881936389,0.01828101564432239
mean_only,unchanged,3,1,rho,protein_binding,0.004092641114244211,-0.01071447153562021,0.019029258542412747
mean_only,unchanged,3,1,rho,macro,0.010319147741593841,0.0010372263342068818,0.01919610477177193
mean_only,unchanged,3,1,nll,cellular_clearance,0.012483821540116598,0.004540991054773096,0.021434511601502674
mean_only,unchanged,3,1,nll,efflux,0.013729196736857676,0.006260028811706849,0.02090772635198995
mean_only,unchanged,3,1,nll,in_vivo_clearance,0.015766047468102874,0.0026631075315428797,0.03264625886863012
mean_only,unchanged,3,1,nll,microsomal_clearance,0.011508769335080537,0.005319550289893967,0.01801851185338902
mean_only,unchanged,3,1,nll,permeability,0.011241113249599508,0.006575480545999492,0.016218945134613843
mean_only,unchanged,3,1,nll,protein_binding,0.021147715449947677,0.01102389350642536,0.03437076493749709
mean_only,unchanged,3,1,nll,macro,0.014312777296617478,0.010773270564440227,0.018868711583682207
mean_only,unchanged,3,2,r2,cellular_clearance,0.015147522682801638,-0.012868014613285553,0.02777665801865258
mean_only,unchanged,3,2,r2,efflux,0.0068706364462809005,-0.012276401639510088,0.02765042340501146
mean_only,unchanged,3,2,r2,in_vivo_clearance,-0.04107938859867715,-0.13234309271217315,0.010644295203998268
mean_only,unchanged,3,2,r2,microsomal_clearance,0.0024828071945223844,-0.004184481171897986,0.009693429578103869
mean_only,unchanged,3,2,r2,permeability,-0.01344140023787559,-0.029063008210502842,-0.00020626640429031296
mean_only,unchanged,3,2,r2,protein_binding,0.0021748039295853465,-0.012572987138057259,0.012968652732716548
mean_only,unchanged,3,2,r2,macro,-0.004640836430560412,-0.022205218371016803,0.006281485115610687
mean_only,unchanged,3,2,rho,cellular_clearance,0.000956608061305674,-0.014457015453437187,0.017501407328158296
mean_only,unchanged,3,2,rho,efflux,0.03538524356886715,0.011481036574749236,0.061234946457505726
mean_only,unchanged,3,2,rho,in_vivo_clearance,0.003839015700411068,-0.02963406069317791,0.029974445410506048
mean_only,unchanged,3,2,rho,microsomal_clearance,0.0017525421041143566,-0.006008108847668809,0.010473615078104008
mean_only,unchanged,3,2,rho,permeability,0.012498233238970183,0.0006709712257754796,0.025205482236482363
mean_only,unchanged,3,2,rho,protein_binding,0.01297471545312504,0.00045247001617763097,0.02606198211057045
mean_only,unchanged,3,2,rho,macro,0.011234393021132246,0.004091363411680879,0.018247427280297848
mean_only,unchanged,3,2,nll,cellular_clearance,-0.008509584006590614,-0.02518989399085369,0.0015605569679504158
mean_only,unchanged,3,2,nll,efflux,0.009358179089720541,-0.007538130685080858,0.027374857700000813
mean_only,unchanged,3,2,nll,in_vivo_clearance,-0.003019043627970347,-0.025311525435445095,0.014890008966689156
mean_only,unchanged,3,2,nll,microsomal_clearance,0.00687713328071826,-0.0007297956595895912,0.013772556112402589
mean_only,unchanged,3,2,nll,permeability,-0.01095161318353694,-0.023483760554443296,-0.0001317112278524009
mean_only,unchanged,3,2,nll,protein_binding,0.0031121391407967504,-0.008190941534353404,0.015866617943014402
mean_only,unchanged,3,2,nll,macro,-0.0005221315511437248,-0.007350163723167507,0.004809959252950452
mean_only,unchanged,3,3,r2,cellular_clearance,-0.008957402999122972,-0.027140285428625326,0.00651096271723828
mean_only,unchanged,3,3,r2,efflux,-0.0028153201456743962,-0.019734676867576975,0.014290682172347071
mean_only,unchanged,3,3,r2,in_vivo_clearance,0.014361563295631298,-0.022831693420619692,0.04586605732632278
mean_only,unchanged,3,3,r2,microsomal_clearance,-0.008620919555680824,-0.015610319482668129,-0.001238852977508063
mean_only,unchanged,3,3,r2,permeability,-0.014122620703195558,-0.031331032442590064,0.0023322933183520557
mean_only,unchanged,3,3,r2,protein_binding,0.006915305099372684,-0.015405725510804182,0.023431884081722507
mean_only,unchanged,3,3,r2,macro,-0.0022065658347782944,-0.01140644571745896,0.00527635300501723
mean_only,unchanged,3,3,rho,cellular_clearance,0.0011970494697539692,-0.019222966668510963,0.021509727468347138
mean_only,unchanged,3,3,rho,efflux,-0.004230969529048053,-0.03308746587688228,0.024985693488800545
mean_only,unchanged,3,3,rho,in_vivo_clearance,0.017395613129649847,-0.021744227685292303,0.06250358646406481
mean_only,unchanged,3,3,rho,microsomal_clearance,0.0033553997669875215,-0.007229280474887504,0.013302633137855584
mean_only,unchanged,3,3,rho,permeability,0.001505301135695644,-0.012901256839550653,0.014989597957981245
mean_only,unchanged,3,3,rho,protein_binding,0.017832284075126242,-0.004599689621257263,0.03307146156132718
mean_only,unchanged,3,3,rho,macro,0.006175779674694196,-0.0032550295926837354,0.015590731316385295
mean_only,unchanged,3,3,nll,cellular_clearance,-0.015599195843720624,-0.03398586911410749,-0.0008585015169219414
mean_only,unchanged,3,3,nll,efflux,-0.011177824026439732,-0.03094443415860089,0.007590222764261033
mean_only,unchanged,3,3,nll,in_vivo_clearance,0.027931788035744646,-0.007638287224032083,0.07177688620712876
mean_only,unchanged,3,3,nll,microsomal_clearance,0.0022374532603072006,-0.005738237867578872,0.009989683543297073
mean_only,unchanged,3,3,nll,permeability,-0.023948882873371623,-0.039182074530811066,-0.008656707702790391
mean_only,unchanged,3,3,nll,protein_binding,0.0004252289704953765,-0.015980208991574187,0.018192379792392077
mean_only,unchanged,3,3,nll,macro,-0.0033552387461641257,-0.012447559627466031,0.005285093897881187
mean_only,unchanged,3,5,r2,cellular_clearance,-0.0031971237851346826,-0.02356117991792417,0.014580264119194565
mean_only,unchanged,3,5,r2,efflux,-0.004252093617831691,-0.016855428350375425,0.007815748779465679
mean_only,unchanged,3,5,r2,in_vivo_clearance,0.01890681422683347,-0.009752642411753372,0.04471566107580504
mean_only,unchanged,3,5,r2,microsomal_clearance,-0.007899747876048737,-0.013814342855879427,-0.0014938495374666834
mean_only,unchanged,3,5,r2,permeability,-0.010971406052057469,-0.023198437790149212,0.0009304548810052
mean_only,unchanged,3,5,r2,protein_binding,0.012096428109395561,-0.004810389700755331,0.023370050300165684
mean_only,unchanged,3,5,r2,macro,0.0007804785008594086,-0.007189173980295508,0.0073211113054587424
mean_only,unchanged,3,5,rho,cellular_clearance,-0.006294327552005436,-0.030311442681539857,0.019280372580646996
mean_only,unchanged,3,5,rho,efflux,0.007221483446056135,-0.01742998547314189,0.031858649142187306
mean_only,unchanged,3,5,rho,in_vivo_clearance,0.004613516311205555,-0.03912129723833355,0.048038707273102804
mean_only,unchanged,3,5,rho,microsomal_clearance,0.0023126826211574973,-0.007523291889188674,0.011810194413038535
mean_only,unchanged,3,5,rho,permeability,0.009975772784401973,-0.007389760194457474,0.02736691632722817
mean_only,unchanged,3,5,rho,protein_binding,0.011598737078638916,-0.014604057577854986,0.0279673710395885
mean_only,unchanged,3,5,rho,macro,0.004904644114909107,-0.006267400061972636,0.01473048995919778
mean_only,unchanged,3,5,nll,cellular_clearance,-0.016519169824467515,-0.04012937041352355,0.0016954265246744249
mean_only,unchanged,3,5,nll,efflux,-0.010942958101203926,-0.03368983335997889,0.010540717114852733
mean_only,unchanged,3,5,nll,in_vivo_clearance,0.0249612630929856,-0.004142777164683142,0.05754051798311323
mean_only,unchanged,3,5,nll,microsomal_clearance,0.00399479817496627,-0.0034867641801978834,0.011209887604040793
mean_only,unchanged,3,5,nll,permeability,-0.026589742157194864,-0.041518555601466195,-0.012905261832715492
mean_only,unchanged,3,5,nll,protein_binding,0.0004113069866986363,-0.015891463125874684,0.01960582247782671
mean_only,unchanged,3,5,nll,macro,-0.004114083638035967,-0.013661958743485967,0.004053245675443095
mean_only,unchanged,3,10,r2,cellular_clearance,0.002394200966094338,-0.010278636605893851,0.016637931088062632
mean_only,unchanged,3,10,r2,efflux,-0.0030160040134033558,-0.019440580927831092,0.01324225685442322
mean_only,unchanged,3,10,r2,in_vivo_clearance,0.016753954398959773,-0.012701761638473303,0.042151533152678784
mean_only,unchanged,3,10,r2,microsomal_clearance,-0.006383679476640239,-0.01225049782389843,-0.00014412719387952327
mean_only,unchanged,3,10,r2,permeability,0.006973952563560512,-0.009800800956482404,0.02388323039324985
mean_only,unchanged,3,10,r2,protein_binding,0.021912109715950034,-0.005961078365682889,0.036776769727115736
mean_only,unchanged,3,10,r2,macro,0.00643908902575351,-0.0012375748383808892,0.012049156438312239
mean_only,unchanged,3,10,rho,cellular_clearance,-0.004833158352916584,-0.03220291142890755,0.018135034310761213
mean_only,unchanged,3,10,rho,efflux,0.000599135955174765,-0.031744676671403106,0.029884314388188917
mean_only,unchanged,3,10,rho,in_vivo_clearance,0.020681850425899033,-0.02385242166520343,0.07515624965770518
mean_only,unchanged,3,10,rho,microsomal_clearance,-0.003792611710266709,-0.01567257301985026,0.007100276545148464
mean_only,unchanged,3,10,rho,permeability,0.0155285978068908,-0.0011427477303598344,0.03329057646729053
mean_only,unchanged,3,10,rho,protein_binding,-0.009071844821852276,-0.029460185843104367,0.0062825592892349095
mean_only,unchanged,3,10,rho,macro,0.0031853282171548382,-0.007877925351598633,0.01419204117996125
mean_only,unchanged,3,10,nll,cellular_clearance,-0.008254798759664506,-0.02726823073359405,0.009485351962808756
mean_only,unchanged,3,10,nll,efflux,-0.011841832711121334,-0.045877850034491144,0.024791772644619556
mean_only,unchanged,3,10,nll,in_vivo_clearance,-0.023866691614811097,-0.06162958157461694,0.011030938346800702
mean_only,unchanged,3,10,nll,microsomal_clearance,0.006566778350061279,-0.0015981733167736874,0.014684686214228946
mean_only,unchanged,3,10,nll,permeability,-0.01732048645057767,-0.03724612003262338,0.0011623001765405513
mean_only,unchanged,3,10,nll,protein_binding,-0.009265605418534766,-0.03796931968292528,0.02232348788025927
mean_only,unchanged,3,10,nll,macro,-0.010663772767441348,-0.02209171282524469,9.146602781030284e-05
kernel_only,unchanged,3,1,r2,cellular_clearance,-0.010014251008275694,-0.014570215723781135,-0.00046350649360836445
kernel_only,unchanged,3,1,r2,efflux,-0.005751463590046118,-0.01494353795935855,0.0032682545739942913
kernel_only,unchanged,3,1,r2,in_vivo_clearance,0.00791272476153424,-0.0016840719435739933,0.020323638155331496
kernel_only,unchanged,3,1,r2,microsomal_clearance,-0.001330027967290749,-0.0073733830289763914,0.005050918854867832
kernel_only,unchanged,3,1,r2,permeability,-0.014539146885151441,-0.02445935904859512,-0.0066006231874134865
kernel_only,unchanged,3,1,r2,protein_binding,-0.008320592338191978,-0.014668558143076691,0.0007450566433884552
kernel_only,unchanged,3,1,r2,macro,-0.00534045950457029,-0.008634602472562059,-0.0009465704389636899
kernel_only,unchanged,3,1,rho,cellular_clearance,0.011145930932648351,-0.0034016886281062002,0.030980500048251387
kernel_only,unchanged,3,1,rho,efflux,0.007193179644200256,-0.007293778716866232,0.021117402149371783
kernel_only,unchanged,3,1,rho,in_vivo_clearance,-0.022375930508454996,-0.07753211528818317,0.02658241559404321
kernel_only,unchanged,3,1,rho,microsomal_clearance,0.005099697353183758,-0.0018740113455579137,0.012924850587750407
kernel_only,unchanged,3,1,rho,permeability,0.010623036812081314,-0.005937965900774116,0.025352245853868197
kernel_only,unchanged,3,1,rho,protein_binding,0.0009453532198257386,-0.008941675649548127,0.011706333874335291
kernel_only,unchanged,3,1,rho,macro,0.002105211242247403,-0.008228595987506068,0.011359130643527754
kernel_only,unchanged,3,1,nll,cellular_clearance,-0.0061917023727332925,-0.011438722547012328,0.0026132026463130545
kernel_only,unchanged,3,1,nll,efflux,-0.0003479082140680636,-0.006389012960544439,0.006635153139039314
kernel_only,unchanged,3,1,nll,in_vivo_clearance,-0.0014695509913260133,-0.015435729438893488,0.011514311441158618
kernel_only,unchanged,3,1,nll,microsomal_clearance,-0.0004761299528311853,-0.005958323434910864,0.005049542781285671
kernel_only,unchanged,3,1,nll,permeability,-0.009839646694157206,-0.015900908273813692,-0.004742337962101431
kernel_only,unchanged,3,1,nll,protein_binding,0.0002101465983875536,-0.009429099439073786,0.007783755480784591
kernel_only,unchanged,3,1,nll,macro,-0.0030191319377880347,-0.006042457568302381,0.0006316770217496287
kernel_only,unchanged,3,2,r2,cellular_clearance,0.062460348755242194,0.019728455647970475,0.11366287622239354
kernel_only,unchanged,3,2,r2,efflux,0.017611183248543452,0.0072801564783795255,0.028943264835511972
kernel_only,unchanged,3,2,r2,in_vivo_clearance,0.03825004823839381,0.025977652006200582,0.054114913710080044
kernel_only,unchanged,3,2,r2,microsomal_clearance,0.00530342446581905,0.000693816908996567,0.010148643952825906
kernel_only,unchanged,3,2,r2,permeability,0.0019058154549503577,-0.007440154629207658,0.011052191134888619
kernel_only,unchanged,3,2,r2,protein_binding,0.00030617888263482465,-0.028558612961943675,0.02152660078208692
kernel_only,unchanged,3,2,r2,macro,0.020972833174263947,0.011165762596951631,0.03002230993142555
kernel_only,unchanged,3,2,rho,cellular_clearance,-0.004049125368579175,-0.01796928083150173,0.013650323422923763
kernel_only,unchanged,3,2,rho,efflux,0.00721080635739913,-0.005465845539984272,0.01899613537674234
kernel_only,unchanged,3,2,rho,in_vivo_clearance,-0.006836583980479794,-0.038020252390892885,0.01868180779404287
kernel_only,unchanged,3,2,rho,microsomal_clearance,0.0012499684203862594,-0.006189868330845854,0.009680663411679821
kernel_only,unchanged,3,2,rho,permeability,0.006350141481338418,-0.009274913085411028,0.02084438170579592
kernel_only,unchanged,3,2,rho,protein_binding,0.013561583123335169,0.003727886357352727,0.029710319121150738
kernel_only,unchanged,3,2,rho,macro,0.002914465005566668,-0.0032969725762012386,0.009036031297584178
kernel_only,unchanged,3,2,nll,cellular_clearance,-0.006070688397652104,-0.015080644650272014,0.008980557404037103
kernel_only,unchanged,3,2,nll,efflux,0.005866650807449907,-0.005539050120215478,0.019028996396150837
kernel_only,unchanged,3,2,nll,in_vivo_clearance,0.03093692057036101,0.011041392177933216,0.062485047816366136
kernel_only,unchanged,3,2,nll,microsomal_clearance,-0.0017125818924479353,-0.006722929270461689,0.0037473031577050188
kernel_only,unchanged,3,2,nll,permeability,-0.009586109403033208,-0.021199654802879445,0.0008240767118863279
kernel_only,unchanged,3,2,nll,protein_binding,0.001347059025918419,-0.01846446126717941,0.011940521561678316
kernel_only,unchanged,3,2,nll,macro,0.0034635417850993485,-0.0011314694973023742,0.009467509915414596
kernel_only,unchanged,3,3,r2,cellular_clearance,0.015666267457073956,0.00855133903410474,0.024201790525760335
kernel_only,unchanged,3,3,r2,efflux,0.01061475455654055,0.0035711634482458194,0.01725891056323548
kernel_only,unchanged,3,3,r2,in_vivo_clearance,0.04176542970861804,0.023062070935103603,0.06083706263852152
kernel_only,unchanged,3,3,r2,microsomal_clearance,0.003962977442747613,-0.001078973268900997,0.009110442529253877
kernel_only,unchanged,3,3,r2,permeability,0.004384030337344607,-0.005702987419828386,0.014325324397009991
kernel_only,unchanged,3,3,r2,protein_binding,0.011012367101786711,-0.015438957392218422,0.03195951660853098
kernel_only,unchanged,3,3,r2,macro,0.014567637767351913,0.008285135845331498,0.01966486774930924
kernel_only,unchanged,3,3,rho,cellular_clearance,0.002721623718016258,-0.012517586177096331,0.02036588041223341
kernel_only,unchanged,3,3,rho,efflux,-0.010467385928884312,-0.027274301980277183,0.005069322260231471
kernel_only,unchanged,3,3,rho,in_vivo_clearance,0.033185407572558945,0.004161800988781527,0.06373054594628652
kernel_only,unchanged,3,3,rho,microsomal_clearance,0.008668621227285216,0.0005421269962265309,0.016037541933020667
kernel_only,unchanged,3,3,rho,permeability,0.0036767026020420894,-0.010812535942943255,0.017204564373121515
kernel_only,unchanged,3,3,rho,protein_binding,0.023752351018987945,0.006609788720157295,0.03637494008087619
kernel_only,unchanged,3,3,rho,macro,0.010256220035001021,0.003371895985335634,0.01716594063982083
kernel_only,unchanged,3,3,nll,cellular_clearance,0.0015306849106600682,-0.010536453523272728,0.014134538154042323
kernel_only,unchanged,3,3,nll,efflux,0.0018664205275990462,-0.01085082500808264,0.013242267537413562
kernel_only,unchanged,3,3,nll,in_vivo_clearance,0.039514495363604775,0.016628876582136326,0.07289140237470226
kernel_only,unchanged,3,3,nll,microsomal_clearance,0.0013580718254520832,-0.0045098846264056275,0.007006530036311276
kernel_only,unchanged,3,3,nll,permeability,-0.010626354117704217,-0.021497352628187413,-0.0005774831188729815
kernel_only,unchanged,3,3,nll,protein_binding,-0.0012802689713070554,-0.027733100257751057,0.01633430190310457
kernel_only,unchanged,3,3,nll,macro,0.005393841589717449,-0.0010560060633979162,0.011471641814017853
kernel_only,unchanged,3,5,r2,cellular_clearance,0.014653188616563223,0.006217792458029736,0.023491699697121317
kernel_only,unchanged,3,5,r2,efflux,0.008134774616691147,0.0014081210937434046,0.014578559482572374
kernel_only,unchanged,3,5,r2,in_vivo_clearance,0.03322479201028958,0.018265231453298322,0.04760641840746449
kernel_only,unchanged,3,5,r2,microsomal_clearance,0.003885287789933951,-0.00038433346167319674,0.008300107359733291
kernel_only,unchanged,3,5,r2,permeability,0.006461324687275197,-0.001593452114131204,0.014231649584748261
kernel_only,unchanged,3,5,r2,protein_binding,0.01677501723607986,0.0024669335543712695,0.02706295037584205
kernel_only,unchanged,3,5,r2,macro,0.013855730826138826,0.009162257472401484,0.017795516839792882
kernel_only,unchanged,3,5,rho,cellular_clearance,-0.0018110307551224781,-0.01843214641199247,0.015102580730258665
kernel_only,unchanged,3,5,rho,efflux,-0.015967432119780113,-0.03249272849664669,-0.00044701720173234835
kernel_only,unchanged,3,5,rho,in_vivo_clearance,0.008909774403132144,-0.019268172554556453,0.03884911917562274
kernel_only,unchanged,3,5,rho,microsomal_clearance,0.010540420808740975,0.002726818346625549,0.01770180448403916
kernel_only,unchanged,3,5,rho,permeability,0.011599514542768396,-0.003420493632150368,0.02639417478886391
kernel_only,unchanged,3,5,rho,protein_binding,0.01764103149621543,-0.004310491316060889,0.0340769507817073
kernel_only,unchanged,3,5,rho,macro,0.005152046395992393,-0.0028361695890432802,0.012772923724636969
kernel_only,unchanged,3,5,nll,cellular_clearance,-8.91009830106976e-06,-0.016381779107337215,0.01366094257133697
kernel_only,unchanged,3,5,nll,efflux,0.0006494093216358691,-0.012958690839305427,0.012408244033026324
kernel_only,unchanged,3,5,nll,in_vivo_clearance,0.03349618609860419,0.01487546256631043,0.05787162614348997
kernel_only,unchanged,3,5,nll,microsomal_clearance,0.005083120085690553,-0.0010913541447598737,0.01047225572384016
kernel_only,unchanged,3,5,nll,permeability,-0.005558362680982798,-0.016238391526689874,0.004935523959248673
kernel_only,unchanged,3,5,nll,protein_binding,0.003206764077320563,-0.013914954161993929,0.019222866309694008
kernel_only,unchanged,3,5,nll,macro,0.006144701133994551,0.0004917919107376689,0.011615290628832568
kernel_only,unchanged,3,10,r2,cellular_clearance,0.01385689937895578,0.006010520953158311,0.022081849459415923
kernel_only,unchanged,3,10,r2,efflux,0.010410982034888501,0.003840659741778457,0.017082821112321806
kernel_only,unchanged,3,10,r2,in_vivo_clearance,0.02750619895558878,0.00971364378952862,0.04353958483099276
kernel_only,unchanged,3,10,r2,microsomal_clearance,0.006562668299456006,0.002896125307195632,0.010209830943696733
kernel_only,unchanged,3,10,r2,permeability,0.014979943945504713,0.004535375059977307,0.024749502978190882
kernel_only,unchanged,3,10,r2,protein_binding,0.026070083081010147,-0.004488748536208568,0.04363371931534265
kernel_only,unchanged,3,10,r2,macro,0.016564462615900655,0.009228702128339643,0.021382520778283735
kernel_only,unchanged,3,10,rho,cellular_clearance,-0.0038575349896936536,-0.030027747862720763,0.01664521100715242
kernel_only,unchanged,3,10,rho,efflux,-0.0015493929731073173,-0.020201362102164763,0.016539845558976935
kernel_only,unchanged,3,10,rho,in_vivo_clearance,0.021899376548826694,-0.028594951037236513,0.058076675196902613
kernel_only,unchanged,3,10,rho,microsomal_clearance,0.009431541571400739,0.0016259518079736893,0.01681120909987517
kernel_only,unchanged,3,10,rho,permeability,0.008798202427311063,-0.007975048388128502,0.024558191989469635
kernel_only,unchanged,3,10,rho,protein_binding,0.013778228340952684,-0.00589244056879237,0.03482304619054382
kernel_only,unchanged,3,10,rho,macro,0.008083403487615035,-0.002591234926500759,0.017267018014045
kernel_only,unchanged,3,10,nll,cellular_clearance,-0.003279803469586916,-0.018997371059817383,0.009781327203920878
kernel_only,unchanged,3,10,nll,efflux,-0.001352896895035651,-0.013254519893060547,0.009375169802325486
kernel_only,unchanged,3,10,nll,in_vivo_clearance,0.0018756765729857129,-0.026454436598375704,0.02634686473382632
kernel_only,unchanged,3,10,nll,microsomal_clearance,0.008440210275853573,0.00026495669941841164,0.01569947036706719
kernel_only,unchanged,3,10,nll,permeability,0.004280848735158244,-0.01559325199798087,0.02187308797038437
kernel_only,unchanged,3,10,nll,protein_binding,0.004156960145361775,-0.023724600051365317,0.04524339382651441
kernel_only,unchanged,3,10,nll,macro,0.002353499227456123,-0.00546286514880528,0.010592394786171851
mean_and_kernel,unchanged,3,1,r2,cellular_clearance,-0.01218143265628481,-0.02585970668108822,0.007560423523305963
mean_and_kernel,unchanged,3,1,r2,efflux,-0.01309986796722162,-0.025443810993593132,-0.0010035344799617634
mean_and_kernel,unchanged,3,1,r2,in_vivo_clearance,0.0029380880023850055,-0.010631762892811522,0.01891635649980246
mean_and_kernel,unchanged,3,1,r2,microsomal_clearance,-0.0062836515957295615,-0.012050893931856719,0.0005944577652023075
mean_and_kernel,unchanged,3,1,r2,permeability,-0.029995913748380985,-0.043136253591171486,-0.018900471155966464
mean_and_kernel,unchanged,3,1,r2,protein_binding,-0.016688328167240443,-0.029231064259159653,-0.0005799057093342891
mean_and_kernel,unchanged,3,1,r2,macro,-0.012551851022078736,-0.01869732795650052,-0.00457903545713079
mean_and_kernel,unchanged,3,1,rho,cellular_clearance,0.003769808632485357,-0.008975063050855756,0.020371448732466078
mean_and_kernel,unchanged,3,1,rho,efflux,0.001992324195735817,-0.014207888816566394,0.01675699292567857
mean_and_kernel,unchanged,3,1,rho,in_vivo_clearance,-0.020268427845215344,-0.07569487656209506,0.028645690282017387
mean_and_kernel,unchanged,3,1,rho,microsomal_clearance,0.0024470019326844256,-0.004315473124982955,0.008921269469559349
mean_and_kernel,unchanged,3,1,rho,permeability,-0.011447055632127199,-0.03223571343563339,0.006898887525263179
mean_and_kernel,unchanged,3,1,rho,protein_binding,-0.0008868541678476687,-0.013631833279831237,0.012009959138285946
mean_and_kernel,unchanged,3,1,rho,macro,-0.004065533814047436,-0.015423697267649562,0.005492488918593995
mean_and_kernel,unchanged,3,1,nll,cellular_clearance,-0.007344711177837014,-0.016472932111301564,0.006959662797937057
mean_and_kernel,unchanged,3,1,nll,efflux,-0.004995863844424758,-0.0143171321318656,0.005655976916465399
mean_and_kernel,unchanged,3,1,nll,in_vivo_clearance,-0.005209696587320534,-0.019358509117155608,0.008550789148749556
mean_and_kernel,unchanged,3,1,nll,microsomal_clearance,-0.0020154710110026094,-0.0064483038367123355,0.002885694532612018
mean_and_kernel,unchanged,3,1,nll,permeability,-0.022243267022971497,-0.029990224827957296,-0.015212986220527275
mean_and_kernel,unchanged,3,1,nll,protein_binding,-0.0053732396637107575,-0.01315028693974472,0.008311423031549046
mean_and_kernel,unchanged,3,1,nll,macro,-0.00786370821787786,-0.01224569085595364,-0.0016414797928310228
mean_and_kernel,unchanged,3,2,r2,cellular_clearance,0.06655263783964535,0.02358628326884141,0.11536817154789121
mean_and_kernel,unchanged,3,2,r2,efflux,0.017732208264662392,0.0053617810703704295,0.031386034503987935
mean_and_kernel,unchanged,3,2,r2,in_vivo_clearance,0.03788927185301873,0.024648516928430387,0.05475217153876917
mean_and_kernel,unchanged,3,2,r2,microsomal_clearance,0.005936894123129769,0.0010445487302612143,0.01086574230597473
mean_and_kernel,unchanged,3,2,r2,permeability,0.0028726468379379993,-0.007876712395606037,0.012859816366811341
mean_and_kernel,unchanged,3,2,r2,protein_binding,0.001466632261985349,-0.02612292225124715,0.022231191087777824
mean_and_kernel,unchanged,3,2,r2,macro,0.022075048530063267,0.012962031218655178,0.031176912063424742
mean_and_kernel,unchanged,3,2,rho,cellular_clearance,-0.007232209082002468,-0.025171131096501785,0.01644128360758477
mean_and_kernel,unchanged,3,2,rho,efflux,0.002627436786141028,-0.013420054645158075,0.016856912462293844
mean_and_kernel,unchanged,3,2,rho,in_vivo_clearance,-0.00565036243529993,-0.03878975714218164,0.021398303898123763
mean_and_kernel,unchanged,3,2,rho,microsomal_clearance,0.006510987977038572,-0.0005297768570968668,0.013594562258897972
mean_and_kernel,unchanged,3,2,rho,permeability,-0.005081520253453091,-0.023064134114840762,0.011701846392112091
mean_and_kernel,unchanged,3,2,rho,protein_binding,0.010741417726724531,-0.0026531923238485343,0.026408492449097074
mean_and_kernel,unchanged,3,2,rho,macro,0.00031929178652477345,-0.00686778140694804,0.007094927083820816
mean_and_kernel,unchanged,3,2,nll,cellular_clearance,-0.006561923924682594,-0.017856627609160628,0.01139282293282683
mean_and_kernel,unchanged,3,2,nll,efflux,0.0005644349932796648,-0.013608268758654724,0.01627970294453315
mean_and_kernel,unchanged,3,2,nll,in_vivo_clearance,0.029479791693015595,0.00919645875471514,0.060783221820004035
mean_and_kernel,unchanged,3,2,nll,microsomal_clearance,-0.0014706022519079347,-0.006718923739137013,0.003816808547476369
mean_and_kernel,unchanged,3,2,nll,permeability,-0.013388062159796222,-0.02631221053032931,-0.0011179342294958302
mean_and_kernel,unchanged,3,2,nll,protein_binding,-0.000840463917592675,-0.023704844714255963,0.011130418208665789
mean_and_kernel,unchanged,3,2,nll,macro,0.0012971957387193057,-0.0036742571508150265,0.007812200854134769
mean_and_kernel,unchanged,3,3,r2,cellular_clearance,0.013894806232055499,0.0026814125939375443,0.025195100650388033
mean_and_kernel,unchanged,3,3,r2,efflux,0.009782708290250998,0.00029237314027536203,0.018070682283544696
mean_and_kernel,unchanged,3,3,r2,in_vivo_clearance,0.0409952707592756,0.022238403941181803,0.06031693701025035
mean_and_kernel,unchanged,3,3,r2,microsomal_clearance,0.006761126637186147,0.0017703084956905788,0.012166681801571598
mean_and_kernel,unchanged,3,3,r2,permeability,0.0009552142121676216,-0.009898023901951684,0.0119077482124802
mean_and_kernel,unchanged,3,3,r2,protein_binding,0.013228246080966581,-0.013368351028934994,0.034912975297503125
mean_and_kernel,unchanged,3,3,r2,macro,0.014269562035317075,0.0074277988811153675,0.0199083089141322
mean_and_kernel,unchanged,3,3,rho,cellular_clearance,0.0029017977653995513,-0.013813523354341963,0.022870582897354347
mean_and_kernel,unchanged,3,3,rho,efflux,-0.020511158350870008,-0.03911730804860764,-0.0030720301305774233
mean_and_kernel,unchanged,3,3,rho,in_vivo_clearance,0.022858969707574166,-0.0071617522744670675,0.05267993125362668
mean_and_kernel,unchanged,3,3,rho,microsomal_clearance,0.013628268058784946,0.005357134237956991,0.021546539059874102
mean_and_kernel,unchanged,3,3,rho,permeability,0.00502381079437004,-0.011536113923870406,0.021608537848989393
mean_and_kernel,unchanged,3,3,rho,protein_binding,0.02365087810387639,0.0025636694691722754,0.03805670812375435
mean_and_kernel,unchanged,3,3,rho,macro,0.007925427679855846,1.5868980355341857e-05,0.015322949584859054
mean_and_kernel,unchanged,3,3,nll,cellular_clearance,-0.006143804708184975,-0.028066046393167936,0.011886137666628452
mean_and_kernel,unchanged,3,3,nll,efflux,-0.006823815324132352,-0.021705739518919024,0.006540312312184704
mean_and_kernel,unchanged,3,3,nll,in_vivo_clearance,0.03692293983579852,0.015040432319145928,0.06820159633261072
mean_and_kernel,unchanged,3,3,nll,microsomal_clearance,0.005319721638964427,-0.0009254404061606567,0.011587074294211618
mean_and_kernel,unchanged,3,3,nll,permeability,-0.018219018920732365,-0.0317859266471685,-0.005084747972298596
mean_and_kernel,unchanged,3,3,nll,protein_binding,0.0012057088895803946,-0.028840277237069965,0.020296625764304632
mean_and_kernel,unchanged,3,3,nll,macro,0.002043621901882275,-0.005351136988513151,0.008516499097146583
mean_and_kernel,unchanged,3,5,r2,cellular_clearance,0.011408889909482755,-0.0035160143902565086,0.023811898951500574
mean_and_kernel,unchanged,3,5,r2,efflux,0.00731825130201583,-0.0010472878322299686,0.015344654016850943
mean_and_kernel,unchanged,3,5,r2,in_vivo_clearance,0.03165203630270906,0.01579321897123586,0.046861548041836384
mean_and_kernel,unchanged,3,5,r2,microsomal_clearance,0.007210907659217781,0.002985744123361516,0.011598361929226864
mean_and_kernel,unchanged,3,5,r2,permeability,0.0019779531491537798,-0.007699638546888792,0.011289543076742287
mean_and_kernel,unchanged,3,5,r2,protein_binding,0.019248040236653507,0.003412736258421493,0.03066851295100211
mean_and_kernel,unchanged,3,5,r2,macro,0.013136013093205452,0.007402468114631621,0.017919139772127623
mean_and_kernel,unchanged,3,5,rho,cellular_clearance,0.004165949761984516,-0.01243160463678238,0.020437233008889263
mean_and_kernel,unchanged,3,5,rho,efflux,-0.012291157166722962,-0.03146440450769225,0.005955944842845268
mean_and_kernel,unchanged,3,5,rho,in_vivo_clearance,0.007411879123676394,-0.020951167642479934,0.035532174652748015
mean_and_kernel,unchanged,3,5,rho,microsomal_clearance,0.015193164731404777,0.007849529023259067,0.022250265893263895
mean_and_kernel,unchanged,3,5,rho,permeability,0.010201214451342817,-0.0058681854035883725,0.025671274700659344
mean_and_kernel,unchanged,3,5,rho,protein_binding,0.012906107439643415,-0.016899711605117922,0.03163927312810862
mean_and_kernel,unchanged,3,5,rho,macro,0.0062645263902214934,-0.0029214817929966415,0.013835440934346105
mean_and_kernel,unchanged,3,5,nll,cellular_clearance,-0.00955565508875583,-0.04175379974077948,0.011987530611231808
mean_and_kernel,unchanged,3,5,nll,efflux,-0.00839668938825457,-0.023881074174742053,0.00642281226319612
mean_and_kernel,unchanged,3,5,nll,in_vivo_clearance,0.03094680578656086,0.012383094103275422,0.05320780257940762
mean_and_kernel,unchanged,3,5,nll,microsomal_clearance,0.009039898499465229,0.002957051960312292,0.014576451946716782
mean_and_kernel,unchanged,3,5,nll,permeability,-0.015155034109070873,-0.02966188462368668,-0.0013258029708989416
mean_and_kernel,unchanged,3,5,nll,protein_binding,0.005143379809437124,-0.01428444090677768,0.021806146439719384
mean_and_kernel,unchanged,3,5,nll,macro,0.002003784251563657,-0.005620089465969449,0.008306802303810912
mean_and_kernel,unchanged,3,10,r2,cellular_clearance,0.0143450146606491,0.003512156590258427,0.023703610381201258
mean_and_kernel,unchanged,3,10,r2,efflux,0.008572856655003815,-0.0006282752096649537,0.017134131546018595
mean_and_kernel,unchanged,3,10,r2,in_vivo_clearance,0.028836996840495132,0.011107417018179069,0.04445241509976311
mean_and_kernel,unchanged,3,10,r2,microsomal_clearance,0.008195076385400178,0.00429287076562032,0.012048254206437002
mean_and_kernel,unchanged,3,10,r2,permeability,0.012166133702824773,-0.0021510510720023713,0.0245887905196698
mean_and_kernel,unchanged,3,10,r2,protein_binding,0.02732643504266988,-0.006284554604196116,0.0458813672505324
mean_and_kernel,unchanged,3,10,r2,macro,0.016573752214507145,0.00833843352673478,0.022176435691700042
mean_and_kernel,unchanged,3,10,rho,cellular_clearance,-0.0027987956871990184,-0.03590157494567818,0.023297999808876875
mean_and_kernel,unchanged,3,10,rho,efflux,0.0014307733418212991,-0.019421295217615254,0.02149219287186456
mean_and_kernel,unchanged,3,10,rho,in_vivo_clearance,0.02692535519599914,-0.023298540355336624,0.061862027832706036
mean_and_kernel,unchanged,3,10,rho,microsomal_clearance,0.013355536295258576,0.004874366924238842,0.021428506660091762
mean_and_kernel,unchanged,3,10,rho,permeability,0.006673713297479676,-0.017193492327135188,0.028948223527783517
mean_and_kernel,unchanged,3,10,rho,protein_binding,0.020755927834772692,0.0008946857663492147,0.04149881185039697
mean_and_kernel,unchanged,3,10,rho,macro,0.011057085046355393,-0.0010075704270949251,0.02112852459624887
mean_and_kernel,unchanged,3,10,nll,cellular_clearance,-0.005559962381379734,-0.027140414139368425,0.011519531713809818
mean_and_kernel,unchanged,3,10,nll,efflux,-0.009786473351357102,-0.025595918081896152,0.005044274933257305
mean_and_kernel,unchanged,3,10,nll,in_vivo_clearance,0.0027602223242522337,-0.025863330943966745,0.026519331251428597
mean_and_kernel,unchanged,3,10,nll,microsomal_clearance,0.007981193224762468,0.0005467336000843231,0.014431729204375255
mean_and_kernel,unchanged,3,10,nll,permeability,0.00204454166544453,-0.02044051854993088,0.02252772755497301
mean_and_kernel,unchanged,3,10,nll,protein_binding,0.003366080456587247,-0.02661646607642672,0.043745449052616465
mean_and_kernel,unchanged,3,10,nll,macro,0.00013426698971827412,-0.008823680228197054,0.008859001063614457
mean_and_kernel,kernel_only,3,1,r2,cellular_clearance,-0.002167181648009119,-0.016619299876104235,0.014348556859357556
mean_and_kernel,kernel_only,3,1,r2,efflux,-0.007348404377175502,-0.013548167177651107,-0.0013294355418876035
mean_and_kernel,kernel_only,3,1,r2,in_vivo_clearance,-0.004974636759149236,-0.009858067565151002,-0.0004973582341569677
mean_and_kernel,kernel_only,3,1,r2,microsomal_clearance,-0.004953623628438812,-0.00964848685595358,-0.00021521145591175917
mean_and_kernel,kernel_only,3,1,r2,permeability,-0.015456766863229542,-0.0254860612266479,-0.006520038997678704
mean_and_kernel,kernel_only,3,1,r2,protein_binding,-0.008367735829048465,-0.016048314632509716,0.002166567430732276
mean_and_kernel,kernel_only,3,1,r2,macro,-0.007211391517508446,-0.011102712462161981,-0.0019001269245131956
mean_and_kernel,kernel_only,3,1,rho,cellular_clearance,-0.007376122300162995,-0.01833737581045701,0.001885837527952707
mean_and_kernel,kernel_only,3,1,rho,efflux,-0.005200855448464437,-0.012920314259308957,0.0027131343777649438
mean_and_kernel,kernel_only,3,1,rho,in_vivo_clearance,0.002107502663239643,-0.004371125445988173,0.00852156160645772
mean_and_kernel,kernel_only,3,1,rho,microsomal_clearance,-0.0026526954204993325,-0.009284915638958183,0.0031248682490852588
mean_and_kernel,kernel_only,3,1,rho,permeability,-0.022070092444208517,-0.035979779484425684,-0.008875370562195995
mean_and_kernel,kernel_only,3,1,rho,protein_binding,-0.0018322073876734066,-0.011447755637094818,0.006313901787164159
mean_and_kernel,kernel_only,3,1,rho,macro,-0.006170745056294842,-0.010221751737646065,-0.0027875055008268193
mean_and_kernel,kernel_only,3,1,nll,cellular_clearance,-0.0011530088051037207,-0.00731676393948534,0.008644381756737847
mean_and_kernel,kernel_only,3,1,nll,efflux,-0.004647955630356695,-0.009597302953873912,0.0006921683127387377
mean_and_kernel,kernel_only,3,1,nll,in_vivo_clearance,-0.0037401455959945188,-0.005438330507545588,-0.0017458922080313374
mean_and_kernel,kernel_only,3,1,nll,microsomal_clearance,-0.0015393410581714243,-0.005085413800472931,0.0017145638448031123
mean_and_kernel,kernel_only,3,1,nll,permeability,-0.012403620328814285,-0.01933232097257118,-0.006058087562150975
mean_and_kernel,kernel_only,3,1,nll,protein_binding,-0.005583386262098309,-0.012953835383327129,0.006973245838519424
mean_and_kernel,kernel_only,3,1,nll,macro,-0.004844576280089826,-0.0076610123677841365,-0.0008642712897313386
mean_and_kernel,kernel_only,3,2,r2,cellular_clearance,0.00409228908440317,-0.0022326670573227284,0.012272403079270876
mean_and_kernel,kernel_only,3,2,r2,efflux,0.00012102501611893545,-0.004344194864085476,0.005099894366943905
mean_and_kernel,kernel_only,3,2,r2,in_vivo_clearance,-0.0003607763853750955,-0.002342359369919504,0.001994416314494178
mean_and_kernel,kernel_only,3,2,r2,microsomal_clearance,0.000633469657310718,-0.002765398374466335,0.0037390158174505513
mean_and_kernel,kernel_only,3,2,r2,permeability,0.0009668313829876418,-0.0052176012326602015,0.0069388252921332785
mean_and_kernel,kernel_only,3,2,r2,protein_binding,0.0011604533793505268,-0.002055235692015403,0.005297744576012922
mean_and_kernel,kernel_only,3,2,r2,macro,0.0011022153557993161,-0.000630779154852721,0.0033977008871950913
mean_and_kernel,kernel_only,3,2,rho,cellular_clearance,-0.003183083713423292,-0.014037067367929151,0.010655091725847336
mean_and_kernel,kernel_only,3,2,rho,efflux,-0.004583369571258101,-0.013821959000234583,0.004194843193717726
mean_and_kernel,kernel_only,3,2,rho,in_vivo_clearance,0.0011862215451798595,-0.010659228233255125,0.012300329590089556
mean_and_kernel,kernel_only,3,2,rho,microsomal_clearance,0.005261019556652314,-0.001622537343713709,0.0113300590492256
mean_and_kernel,kernel_only,3,2,rho,permeability,-0.011431661734791506,-0.02481864052477566,0.0009383963244220289
mean_and_kernel,kernel_only,3,2,rho,protein_binding,-0.00282016539661064,-0.01454587634273959,0.004144580989100399
mean_and_kernel,kernel_only,3,2,rho,macro,-0.0025951732190418945,-0.006900163001080719,0.0011530952374235997
mean_and_kernel,kernel_only,3,2,nll,cellular_clearance,-0.0004912355270304875,-0.0061093826959038216,0.007610595745148251
mean_and_kernel,kernel_only,3,2,nll,efflux,-0.0053022158141702415,-0.010516429258348434,0.0006634048141066972
mean_and_kernel,kernel_only,3,2,nll,in_vivo_clearance,-0.0014571288773454157,-0.002994285555613189,0.0004015887998692295
mean_and_kernel,kernel_only,3,2,nll,microsomal_clearance,0.00024197964054000132,-0.0039205759705006685,0.0037657415641044324
mean_and_kernel,kernel_only,3,2,nll,permeability,-0.0038019527567630137,-0.011801550976969959,0.0035180941181374293
mean_and_kernel,kernel_only,3,2,nll,protein_binding,-0.0021875229435110916,-0.008601361078545476,0.002640365641409727
mean_and_kernel,kernel_only,3,2,nll,macro,-0.0021663460463800413,-0.004193998545069129,0.0002694355933964728
mean_and_kernel,kernel_only,3,3,r2,cellular_clearance,-0.001771461225018454,-0.009151904399031503,0.004491808527474017
mean_and_kernel,kernel_only,3,3,r2,efflux,-0.0008320462662895548,-0.005098193759139196,0.0028530266474690756
mean_and_kernel,kernel_only,3,3,r2,in_vivo_clearance,-0.0007701589493424317,-0.0022275892055993295,0.0007778462880750397
mean_and_kernel,kernel_only,3,3,r2,microsomal_clearance,0.002798149194438534,0.0004819854984455742,0.00528739016099675
mean_and_kernel,kernel_only,3,3,r2,permeability,-0.0034288161251769846,-0.00898712316660409,0.0016361830212145393
mean_and_kernel,kernel_only,3,3,r2,protein_binding,0.0022158789791798753,-0.0018602402273785836,0.00666393955567754
mean_and_kernel,kernel_only,3,3,r2,macro,-0.0002980757320348359,-0.002224416708015069,0.0015048416149883203
mean_and_kernel,kernel_only,3,3,rho,cellular_clearance,0.00018017404738328915,-0.01209682344503626,0.012150384117646197
mean_and_kernel,kernel_only,3,3,rho,efflux,-0.010043772421985698,-0.019575459549386817,-0.0009278603966492914
mean_and_kernel,kernel_only,3,3,rho,in_vivo_clearance,-0.010326437864984783,-0.025313079561638866,0.0019063694203243936
mean_and_kernel,kernel_only,3,3,rho,microsomal_clearance,0.004959646831499731,-0.0013447519239028363,0.011535991998568166
mean_and_kernel,kernel_only,3,3,rho,permeability,0.0013471081923279496,-0.011789166101026621,0.01467111215798531
mean_and_kernel,kernel_only,3,3,rho,protein_binding,-0.00010147291511155485,-0.010732799348427344,0.00816402829171203
mean_and_kernel,kernel_only,3,3,rho,macro,-0.0023307923551451775,-0.0069461648632315335,0.0017339023865256939
mean_and_kernel,kernel_only,3,3,nll,cellular_clearance,-0.007674489618845042,-0.020356128131188343,0.0019330718994522184
mean_and_kernel,kernel_only,3,3,nll,efflux,-0.0086902358517314,-0.016255955147778473,-0.0013173873156437706
mean_and_kernel,kernel_only,3,3,nll,in_vivo_clearance,-0.0025915555278062576,-0.005936278978495016,-0.00014315779929745766
mean_and_kernel,kernel_only,3,3,nll,microsomal_clearance,0.003961649813512345,-7.420077363089773e-05,0.008811137740683855
mean_and_kernel,kernel_only,3,3,nll,permeability,-0.007592664803028148,-0.016519236935837765,0.0009789201539664991
mean_and_kernel,kernel_only,3,3,nll,protein_binding,0.0024859778608874506,-0.004652861842962448,0.00881252639082133
mean_and_kernel,kernel_only,3,3,nll,macro,-0.0033502196878351757,-0.006418615200636403,-0.00035404369785988106
mean_and_kernel,kernel_only,3,5,r2,cellular_clearance,-0.0032442987070804724,-0.01125091016507162,0.0030944426308955183
mean_and_kernel,kernel_only,3,5,r2,efflux,-0.0008165233146753161,-0.004025822065980852,0.0020003709517967313
mean_and_kernel,kernel_only,3,5,r2,in_vivo_clearance,-0.001572755707580515,-0.003905231103744297,0.0004275364577903494
mean_and_kernel,kernel_only,3,5,r2,microsomal_clearance,0.0033256198692838282,0.0016166540337376068,0.005231565142577295
mean_and_kernel,kernel_only,3,5,r2,permeability,-0.004483371538121416,-0.0092639360258364,1.1256679819774808e-05
mean_and_kernel,kernel_only,3,5,r2,protein_binding,0.002473023000573642,-0.0017083632881774932,0.006098647792454975
mean_and_kernel,kernel_only,3,5,r2,macro,-0.000719717732933375,-0.0027397365580325195,0.0009735340298845884
mean_and_kernel,kernel_only,3,5,rho,cellular_clearance,0.005976980517106997,-0.006783405728874138,0.017730590406461074
mean_and_kernel,kernel_only,3,5,rho,efflux,0.0036762749530571534,-0.0052237877726728455,0.012828915909529276
mean_and_kernel,kernel_only,3,5,rho,in_vivo_clearance,-0.0014978952794557525,-0.014538934797445223,0.010909801073853889
mean_and_kernel,kernel_only,3,5,rho,microsomal_clearance,0.004652743922663802,-0.0006773515501894265,0.010275031473372822
mean_and_kernel,kernel_only,3,5,rho,permeability,-0.0013983000914255777,-0.012725224179438546,0.009617715739929629
mean_and_kernel,kernel_only,3,5,rho,protein_binding,-0.00473492405657201,-0.02033261690033877,0.005324367046483172
mean_and_kernel,kernel_only,3,5,rho,macro,0.001112479994229102,-0.004049469547269066,0.005404427671427769
mean_and_kernel,kernel_only,3,5,nll,cellular_clearance,-0.009546744990454763,-0.027651762163362507,0.0020688502373725037
mean_and_kernel,kernel_only,3,5,nll,efflux,-0.009046098709890442,-0.016374335624783874,-0.001748635945190996
mean_and_kernel,kernel_only,3,5,nll,in_vivo_clearance,-0.002549380312043337,-0.006888601116171015,0.0008503660303450131
mean_and_kernel,kernel_only,3,5,nll,microsomal_clearance,0.003956778413774677,0.0004785847153914568,0.007943346111631179
mean_and_kernel,kernel_only,3,5,nll,permeability,-0.009596671428088075,-0.017791143968574587,-0.0017838889303010926
mean_and_kernel,kernel_only,3,5,nll,protein_binding,0.001936615732116563,-0.004415675661589263,0.007097322151852756
mean_and_kernel,kernel_only,3,5,nll,macro,-0.0041409168824308945,-0.007846934911518838,-0.0012159057125175948
mean_and_kernel,kernel_only,3,10,r2,cellular_clearance,0.0004881152816933216,-0.004973809667226665,0.0045504497991366855
mean_and_kernel,kernel_only,3,10,r2,efflux,-0.0018381253798846848,-0.006070376241699463,0.0014974484837186265
mean_and_kernel,kernel_only,3,10,r2,in_vivo_clearance,0.001330797884906352,-0.0005991168445698577,0.0033840507006292304
mean_and_kernel,kernel_only,3,10,r2,microsomal_clearance,0.001632408085944171,0.0002924730643169791,0.003111533392932877
mean_and_kernel,kernel_only,3,10,r2,permeability,-0.0028138102426799416,-0.010077436324993305,0.002936154285405519
mean_and_kernel,kernel_only,3,10,r2,protein_binding,0.0012563519616597381,-0.002742416460217754,0.003636006740573172
mean_and_kernel,kernel_only,3,10,r2,macro,9.289598606492715e-06,-0.0018936764196309677,0.0015314781415653067
mean_and_kernel,kernel_only,3,10,rho,cellular_clearance,0.0010587393024946345,-0.012443095720774797,0.012593096970327075
mean_and_kernel,kernel_only,3,10,rho,efflux,0.0029801663149286147,-0.009372838827500464,0.014449011157297038
mean_and_kernel,kernel_only,3,10,rho,in_vivo_clearance,0.005025978647172441,-0.010634086115285761,0.016000650342553834
mean_and_kernel,kernel_only,3,10,rho,microsomal_clearance,0.0039239947238578375,-0.002368937623487181,0.010488570960079716
mean_and_kernel,kernel_only,3,10,rho,permeability,-0.0021244891298313855,-0.01553333073392527,0.013043659990790728
mean_and_kernel,kernel_only,3,10,rho,protein_binding,0.006977699493820006,-0.010467663469528307,0.029357062229020674
mean_and_kernel,kernel_only,3,10,rho,macro,0.0029736815587403584,-0.003413205784876619,0.008573032642596332
mean_and_kernel,kernel_only,3,10,nll,cellular_clearance,-0.002280158911792817,-0.015168668844078931,0.011164113506948644
mean_and_kernel,kernel_only,3,10,nll,efflux,-0.008433576456321451,-0.015440166731618079,-0.002420018996137382
mean_and_kernel,kernel_only,3,10,nll,in_vivo_clearance,0.000884545751266521,-0.001137829950430795,0.0027138943166862602
mean_and_kernel,kernel_only,3,10,nll,microsomal_clearance,-0.0004590170510911043,-0.005537237069875889,0.004710013823738647
mean_and_kernel,kernel_only,3,10,nll,permeability,-0.0022363070697137134,-0.013472054123930195,0.00746701401200502
mean_and_kernel,kernel_only,3,10,nll,protein_binding,-0.0007908796887745276,-0.009985017274652844,0.008067397801269978
mean_and_kernel,kernel_only,3,10,nll,macro,-0.0022192322377378487,-0.0058972497728734165,0.0012656950745644415
weighted_selected,mean_and_kernel,3,1,r2,cellular_clearance,0.013093458420481128,6.0477915135120695e-05,0.04117292176005273
weighted_selected,mean_and_kernel,3,1,r2,efflux,0.008120761835233366,0.0017482709117083639,0.014537675351027565
weighted_selected,mean_and_kernel,3,1,r2,in_vivo_clearance,-0.009368540462609556,-0.019587676763868335,-0.0016290396561205625
weighted_selected,mean_and_kernel,3,1,r2,microsomal_clearance,0.005392501516494251,0.001376398188584621,0.009457615855921614
weighted_selected,mean_and_kernel,3,1,r2,permeability,0.0012752771067059746,-0.003151366964308646,0.005525257309820479
weighted_selected,mean_and_kernel,3,1,r2,protein_binding,0.0063401338364835825,0.001287503295809992,0.01004251868329445
weighted_selected,mean_and_kernel,3,1,r2,macro,0.004142265375464791,0.0004004070022518182,0.008449793548029539
weighted_selected,mean_and_kernel,3,1,rho,cellular_clearance,0.009466704893191756,-0.006165478156156004,0.029394910830134617
weighted_selected,mean_and_kernel,3,1,rho,efflux,0.04468570037897177,0.01301854475337606,0.08170708652486097
weighted_selected,mean_and_kernel,3,1,rho,in_vivo_clearance,0.012484630442024264,-0.028232162353659756,0.058069981791400736
weighted_selected,mean_and_kernel,3,1,rho,microsomal_clearance,0.0037800194620203533,-0.0008747197003488693,0.008887639801394391
weighted_selected,mean_and_kernel,3,1,rho,permeability,0.002963334221544687,-0.003986472392570875,0.009682692288425129
weighted_selected,mean_and_kernel,3,1,rho,protein_binding,0.00015281523856739774,-0.012042715034239732,0.007289918890638797
weighted_selected,mean_and_kernel,3,1,rho,macro,0.012255534106053371,0.002932114225689575,0.02243554988264521
weighted_selected,mean_and_kernel,3,1,nll,cellular_clearance,0.009127155697006886,0.002542921841371541,0.019767890762840693
weighted_selected,mean_and_kernel,3,1,nll,efflux,0.003316787728255001,-0.0016618549509042585,0.007633488195391894
weighted_selected,mean_and_kernel,3,1,nll,in_vivo_clearance,0.008062632760368105,-0.002288225943470406,0.0242459326132858
weighted_selected,mean_and_kernel,3,1,nll,microsomal_clearance,0.0015039796283533805,-0.0009212273388226833,0.003911366210436977
weighted_selected,mean_and_kernel,3,1,nll,permeability,0.0030934674341441667,0.00035459170542890287,0.0056434969900142845
weighted_selected,mean_and_kernel,3,1,nll,protein_binding,0.0007436103094973345,-0.0029925621118571184,0.007382307709860117
weighted_selected,mean_and_kernel,3,1,nll,macro,0.004307938926270813,0.001888771909677898,0.007915053143668025
weighted_selected,mean_and_kernel,3,2,r2,cellular_clearance,-0.008985560061563563,-0.03400012913746618,0.003165392787923777
weighted_selected,mean_and_kernel,3,2,r2,efflux,-0.0018681590677032591,-0.01670026952443949,0.010309861481437862
weighted_selected,mean_and_kernel,3,2,r2,in_vivo_clearance,-0.00808415772486303,-0.016055847177652766,-0.0005292823946983707
weighted_selected,mean_and_kernel,3,2,r2,microsomal_clearance,-0.0019343703325342052,-0.005036709063083692,0.0009920587589665425
weighted_selected,mean_and_kernel,3,2,r2,permeability,-0.011702639371787208,-0.023407988194652098,-0.00043155657973666144
weighted_selected,mean_and_kernel,3,2,r2,protein_binding,-0.0246812905852553,-0.04146411248004062,-0.0011762412531389453
weighted_selected,mean_and_kernel,3,2,r2,macro,-0.009542696190617761,-0.014178009546145046,-0.004210685766387785
weighted_selected,mean_and_kernel,3,2,rho,cellular_clearance,0.004593211600978505,-0.011615332415309917,0.0223906615299492
weighted_selected,mean_and_kernel,3,2,rho,efflux,0.014894572393131003,-0.002486087665303652,0.034971418898755
weighted_selected,mean_and_kernel,3,2,rho,in_vivo_clearance,0.00939814816981424,-0.010436098329910019,0.03034946712919191
weighted_selected,mean_and_kernel,3,2,rho,microsomal_clearance,-0.0047524113001999714,-0.0094540121097406,-0.0003812360389607081
weighted_selected,mean_and_kernel,3,2,rho,permeability,-0.0027491072902274573,-0.011671737284253348,0.005993026305751446
weighted_selected,mean_and_kernel,3,2,rho,protein_binding,-0.012800426615408617,-0.023061795975589383,-0.0036208863873824727
weighted_selected,mean_and_kernel,3,2,rho,macro,0.0014306644930146169,-0.00404774081920101,0.007638527324967243
weighted_selected,mean_and_kernel,3,2,nll,cellular_clearance,-0.008802255599626076,-0.023192514537340222,0.0034154126451854156
weighted_selected,mean_and_kernel,3,2,nll,efflux,0.00730007267671028,-0.0018806192217771427,0.016403859973782468
weighted_selected,mean_and_kernel,3,2,nll,in_vivo_clearance,-0.002424722189518617,-0.009564722465907565,0.00643052497674925
weighted_selected,mean_and_kernel,3,2,nll,microsomal_clearance,-0.0007551567243132826,-0.003969150289661063,0.0022737068790338265
weighted_selected,mean_and_kernel,3,2,nll,permeability,-0.005928966590079901,-0.015591091132406601,0.0032200676851730143
weighted_selected,mean_and_kernel,3,2,nll,protein_binding,-0.016407774008413704,-0.028282333570666344,0.0028880412055766343
weighted_selected,mean_and_kernel,3,2,nll,macro,-0.0045031337392068835,-0.008448910131652124,0.0012821275007531701
weighted_selected,mean_and_kernel,3,3,r2,cellular_clearance,-0.011176639952644882,-0.028192861857045802,0.0013001931879001935
weighted_selected,mean_and_kernel,3,3,r2,efflux,-0.004008374298501546,-0.014998374880299802,0.007300745018314653
weighted_selected,mean_and_kernel,3,3,r2,in_vivo_clearance,-0.005339063524432146,-0.011385343703904411,8.208044483274456e-05
weighted_selected,mean_and_kernel,3,3,r2,microsomal_clearance,-0.0026492997014945867,-0.005252899472099159,-0.00017092176903954915
weighted_selected,mean_and_kernel,3,3,r2,permeability,-0.002694880247420814,-0.010431503778989862,0.004324071804016439
weighted_selected,mean_and_kernel,3,3,r2,protein_binding,-0.0295156266197631,-0.045702819869084026,-0.01178743238100496
weighted_selected,mean_and_kernel,3,3,r2,macro,-0.009230647390709513,-0.013848800134585398,-0.004047823001020799
weighted_selected,mean_and_kernel,3,3,rho,cellular_clearance,0.0012652592780235444,-0.01366785217478652,0.016783728678056314
weighted_selected,mean_and_kernel,3,3,rho,efflux,0.03006759710925565,0.014271464486626187,0.04710326676361025
weighted_selected,mean_and_kernel,3,3,rho,in_vivo_clearance,0.007625233044936545,-0.00987142267970018,0.025550864333748462
weighted_selected,mean_and_kernel,3,3,rho,microsomal_clearance,-0.0031607905688786977,-0.00754212584477893,0.0012192452842624522
weighted_selected,mean_and_kernel,3,3,rho,permeability,-0.008734720693280297,-0.017873954441432725,0.0001141071299382697
weighted_selected,mean_and_kernel,3,3,rho,protein_binding,-0.012087594129231343,-0.021198539377154203,-0.0015237032260418343
weighted_selected,mean_and_kernel,3,3,rho,macro,0.0024958306734709002,-0.002587710270714524,0.008124039450191186
weighted_selected,mean_and_kernel,3,3,nll,cellular_clearance,-0.007362595984685734,-0.018215769931609293,0.0034882563596999195
weighted_selected,mean_and_kernel,3,3,nll,efflux,0.005534535441246792,-0.006723017569526265,0.018334372415673886
weighted_selected,mean_and_kernel,3,3,nll,in_vivo_clearance,-0.005735856363256421,-0.018219169315112742,0.005238619380050036
weighted_selected,mean_and_kernel,3,3,nll,microsomal_clearance,-0.005383350343902223,-0.008715506236857221,-0.00237428596488954
weighted_selected,mean_and_kernel,3,3,nll,permeability,-0.0007182321436539668,-0.008256417635924789,0.006897521221433814
weighted_selected,mean_and_kernel,3,3,nll,protein_binding,-0.02055545498503336,-0.032772462674924535,-0.007945309564037117
weighted_selected,mean_and_kernel,3,3,nll,macro,-0.005703492396547486,-0.00983486198792398,-0.0009515795450229458
weighted_selected,mean_and_kernel,3,5,r2,cellular_clearance,-0.001978141822403554,-0.014631211390150937,0.010511602924795114
weighted_selected,mean_and_kernel,3,5,r2,efflux,0.0022317643784312505,-0.005604820743047546,0.009956844597530592
weighted_selected,mean_and_kernel,3,5,r2,in_vivo_clearance,-0.002294808971079789,-0.00834564178645239,0.002516293083134177
weighted_selected,mean_and_kernel,3,5,r2,microsomal_clearance,-0.001722525968708463,-0.004021490677555281,0.0005553386927142102
weighted_selected,mean_and_kernel,3,5,r2,permeability,-0.0030983805986569872,-0.008419067890384543,0.002067057785904629
weighted_selected,mean_and_kernel,3,5,r2,protein_binding,-0.02587669375617327,-0.04716012976726364,-0.011025442729891727
weighted_selected,mean_and_kernel,3,5,r2,macro,-0.005456464456431802,-0.010003639823451987,-0.0014089101291510449
weighted_selected,mean_and_kernel,3,5,rho,cellular_clearance,-0.010626632546652172,-0.02894351045741546,0.0073453024463232715
weighted_selected,mean_and_kernel,3,5,rho,efflux,0.016386709536174885,0.0035698628502616094,0.03109248620773244
weighted_selected,mean_and_kernel,3,5,rho,in_vivo_clearance,-0.0011685861895481733,-0.01723966911934887,0.017526261444548014
weighted_selected,mean_and_kernel,3,5,rho,microsomal_clearance,0.0002787516529181738,-0.004382499438701887,0.004767681343806159
weighted_selected,mean_and_kernel,3,5,rho,permeability,-0.0092757030547493,-0.017770449767792167,-0.0010215815140060338
weighted_selected,mean_and_kernel,3,5,rho,protein_binding,-0.009078344635370765,-0.02165416114063601,0.0002270603512724178
weighted_selected,mean_and_kernel,3,5,rho,macro,-0.002247300872871225,-0.007509258749611515,0.0036033656855907156
weighted_selected,mean_and_kernel,3,5,nll,cellular_clearance,0.003824868510487652,-0.011558689199590293,0.02820695991780751
weighted_selected,mean_and_kernel,3,5,nll,efflux,0.014168247049848126,0.0045806741168701055,0.024882501948068445
weighted_selected,mean_and_kernel,3,5,nll,in_vivo_clearance,-0.0005405748965845255,-0.012164451360613964,0.009991645710476296
weighted_selected,mean_and_kernel,3,5,nll,microsomal_clearance,-0.004643769462280956,-0.007868209286327863,-0.0016220505706777332
weighted_selected,mean_and_kernel,3,5,nll,permeability,-0.004452375552403172,-0.011597440336625785,0.00250520188221253
weighted_selected,mean_and_kernel,3,5,nll,protein_binding,-0.011991980774965778,-0.026452785325853018,-0.0026682576782703325
weighted_selected,mean_and_kernel,3,5,nll,macro,-0.0006059308543164421,-0.005114733645309801,0.004416125242197344
weighted_selected,mean_and_kernel,3,10,r2,cellular_clearance,-0.007320517660020009,-0.01594606756228084,1.8115250885201874e-05
weighted_selected,mean_and_kernel,3,10,r2,efflux,-0.0050459091209151576,-0.013583906366629504,0.002975731992230144
weighted_selected,mean_and_kernel,3,10,r2,in_vivo_clearance,0.013338374294418214,0.0016726977283287692,0.0309661516596458
weighted_selected,mean_and_kernel,3,10,r2,microsomal_clearance,-0.0014013407346806302,-0.003429387733631288,0.0005796947766811652
weighted_selected,mean_and_kernel,3,10,r2,permeability,0.0003487966230140501,-0.0036616913725574973,0.004568778000790307
weighted_selected,mean_and_kernel,3,10,r2,protein_binding,-0.0005691431695813223,-0.006900563846062185,0.0034530463881304375
weighted_selected,mean_and_kernel,3,10,r2,macro,-0.00010828996129414261,-0.0031320105145588597,0.0036347293144419575
weighted_selected,mean_and_kernel,3,10,rho,cellular_clearance,-0.01650539100520433,-0.03526510966196381,0.0005470838509578709
weighted_selected,mean_and_kernel,3,10,rho,efflux,0.003515499740563057,-0.013060741017717462,0.019105692879248848
weighted_selected,mean_and_kernel,3,10,rho,in_vivo_clearance,0.0055129886791110165,-0.014989447125233701,0.032451966004058086
weighted_selected,mean_and_kernel,3,10,rho,microsomal_clearance,-0.0016518628560791876,-0.007147589463369724,0.003514488599986877
weighted_selected,mean_and_kernel,3,10,rho,permeability,-0.0018284320934779117,-0.013002471126823572,0.009835881196435484
weighted_selected,mean_and_kernel,3,10,rho,protein_binding,-0.0070172892149650634,-0.018542595868736193,0.010402321886044532
weighted_selected,mean_and_kernel,3,10,rho,macro,-0.0029957477916754036,-0.009037861364014278,0.0047126233458772235
weighted_selected,mean_and_kernel,3,10,nll,cellular_clearance,-0.011625625576926686,-0.026755846398209715,8.339307302265676e-05
weighted_selected,mean_and_kernel,3,10,nll,efflux,-0.0018295783311127797,-0.017708991932749864,0.01608219037629186
weighted_selected,mean_and_kernel,3,10,nll,in_vivo_clearance,0.0220425468196875,0.003838069309542383,0.04887292520571127
weighted_selected,mean_and_kernel,3,10,nll,microsomal_clearance,-0.0018463311976571906,-0.0055120152697709516,0.0016059055581615987
weighted_selected,mean_and_kernel,3,10,nll,permeability,-0.007815682670481843,-0.016351111104468376,-0.00023004807731952264
weighted_selected,mean_and_kernel,3,10,nll,protein_binding,-0.002754243495277803,-0.014634948406841562,0.008176129630765609
weighted_selected,mean_and_kernel,3,10,nll,macro,-0.0006381524086281334,-0.005601871076300218,0.005650141791579613
mean_and_kernel,gp,3,1,r2,cellular_clearance,-0.052981305554714996,-0.1131401020318036,-0.019247272440506346
mean_and_kernel,gp,3,1,r2,efflux,0.015467917567370945,-0.03110479521312004,0.06623692829898202
mean_and_kernel,gp,3,1,r2,in_vivo_clearance,-0.009770525809825546,-0.02251356369104119,0.005879916004113182
mean_and_kernel,gp,3,1,r2,microsomal_clearance,-0.06485681940384334,-0.08013379120159816,-0.04840937593306598
mean_and_kernel,gp,3,1,r2,permeability,0.0032973895491771273,-0.026713413756626458,0.03600752079112835
mean_and_kernel,gp,3,1,r2,protein_binding,-0.017562792247547334,-0.05028000315983002,0.03043975385934393
mean_and_kernel,gp,3,1,r2,macro,-0.021067689316563856,-0.03332062995127266,-0.0072241083499542825
mean_and_kernel,gp,3,1,rho,cellular_clearance,0.10594431955450533,0.04294291857129547,0.1553263734712849
mean_and_kernel,gp,3,1,rho,efflux,0.0641194397553488,0.005393718039546399,0.12810885670942587
mean_and_kernel,gp,3,1,rho,in_vivo_clearance,0.11044536092588497,0.03899802307052092,0.19571271987641137
mean_and_kernel,gp,3,1,rho,microsomal_clearance,0.02092630527143656,0.0026055198838656193,0.03859784665762291
mean_and_kernel,gp,3,1,rho,permeability,0.09896599226436993,0.0521302260349661,0.15096482846753187
mean_and_kernel,gp,3,1,rho,protein_binding,0.01640211286335477,-0.013404376048736339,0.06763841044088247
mean_and_kernel,gp,3,1,rho,macro,0.06946725510581672,0.0491170726737684,0.09365495443972385
mean_and_kernel,gp,3,1,nll,cellular_clearance,0.1699656198699551,0.0031301837663476567,0.30289859823253645
mean_and_kernel,gp,3,1,nll,efflux,0.03950776969816042,0.009826959081963916,0.07491010723161398
mean_and_kernel,gp,3,1,nll,in_vivo_clearance,-0.0157487483800181,-0.03927978358096073,0.008266578721799549
mean_and_kernel,gp,3,1,nll,microsomal_clearance,-0.021787951970110287,-0.036337674375943214,-0.005593861354704565
mean_and_kernel,gp,3,1,nll,permeability,0.0599049359524541,0.03327040340979523,0.09270562321643722
mean_and_kernel,gp,3,1,nll,protein_binding,0.24356801381069376,0.1530553762111332,0.423296568630467
mean_and_kernel,gp,3,1,nll,macro,0.07923493983018916,0.05314564892387412,0.11463604679710945
mean_and_kernel,gp,3,2,r2,cellular_clearance,0.006831063018013341,-0.017498669286021194,0.0191119438547923
mean_and_kernel,gp,3,2,r2,efflux,0.012706642596101785,-0.018248964710719705,0.045587993175457274
mean_and_kernel,gp,3,2,r2,in_vivo_clearance,-0.009411267607231887,-0.02266715382175047,0.007148967559299773
mean_and_kernel,gp,3,2,r2,microsomal_clearance,-0.016514858437770695,-0.025849628067733936,-0.006374172946668351
mean_and_kernel,gp,3,2,r2,permeability,0.020659861153336664,0.00010125630373759735,0.04078000329308468
mean_and_kernel,gp,3,2,r2,protein_binding,0.038191572682990886,0.005802866411309617,0.09257957035235943
mean_and_kernel,gp,3,2,r2,macro,0.00874383556757335,-0.0011450191136513506,0.022030094057163344
mean_and_kernel,gp,3,2,rho,cellular_clearance,0.07532920818074774,0.03404105045095419,0.11751514778206834
mean_and_kernel,gp,3,2,rho,efflux,0.036255883444664065,-0.008598986627392382,0.08623103746866297
mean_and_kernel,gp,3,2,rho,in_vivo_clearance,-0.0039671057015363085,-0.05397575955056487,0.03771958003209775
mean_and_kernel,gp,3,2,rho,microsomal_clearance,0.014087994679217631,-0.0016324698462640962,0.028366530319074004
mean_and_kernel,gp,3,2,rho,permeability,0.0649276474627224,0.029647219179438584,0.10112558930562604
mean_and_kernel,gp,3,2,rho,protein_binding,0.02349006794326082,-0.003984833350740946,0.06685533666760614
mean_and_kernel,gp,3,2,rho,macro,0.03502061600151272,0.019603516684864306,0.05135827624913952
mean_and_kernel,gp,3,2,nll,cellular_clearance,0.16874582590399706,0.0026946698622534494,0.28802301768639266
mean_and_kernel,gp,3,2,nll,efflux,0.018316701483284015,-0.022878960010941217,0.06404294851671145
mean_and_kernel,gp,3,2,nll,in_vivo_clearance,-0.014708827991420943,-0.04505971045651746,0.02532587234343338
mean_and_kernel,gp,3,2,nll,microsomal_clearance,-0.013046151353383016,-0.03128226730548037,0.006876805233006632
mean_and_kernel,gp,3,2,nll,permeability,0.0606542008683543,0.027520154727316094,0.0973703444359405
mean_and_kernel,gp,3,2,nll,protein_binding,0.33306141202307366,0.19658647055235284,0.6155938528410408
mean_and_kernel,gp,3,2,nll,macro,0.09217052682231751,0.06136098772504465,0.13480872438373875
mean_and_kernel,gp,3,3,r2,cellular_clearance,-0.004534498853251224,-0.022617266887468363,0.015412211878899396
mean_and_kernel,gp,3,3,r2,efflux,0.012535863916242668,-0.013703747966811857,0.0409354930563613
mean_and_kernel,gp,3,3,r2,in_vivo_clearance,0.006113999146749517,-0.012416735874656009,0.02374137168123675
mean_and_kernel,gp,3,3,r2,microsomal_clearance,-0.008674282394255255,-0.01482374860743227,-0.0022598090053145867
mean_and_kernel,gp,3,3,r2,permeability,0.0247160848914864,0.003136248985165083,0.04861507602023929
mean_and_kernel,gp,3,3,r2,protein_binding,0.03480271434668513,0.007695721901206194,0.07458448378659226
mean_and_kernel,gp,3,3,r2,macro,0.010826646842276208,0.0024730337374930544,0.020995956680758168
mean_and_kernel,gp,3,3,rho,cellular_clearance,0.035620387123131474,-0.005547178586877925,0.08738922700613497
mean_and_kernel,gp,3,3,rho,efflux,0.05118352953390645,0.007452094387907441,0.0998989586475913
mean_and_kernel,gp,3,3,rho,in_vivo_clearance,0.02973120012616767,-0.025974401281677585,0.08653455725440545
mean_and_kernel,gp,3,3,rho,microsomal_clearance,0.003996826709205816,-0.011572380614800894,0.018034844949569917
mean_and_kernel,gp,3,3,rho,permeability,0.08872436839754322,0.05131344420304112,0.12701298050703583
mean_and_kernel,gp,3,3,rho,protein_binding,0.026960051868530833,-0.0075948227010128894,0.07362567986647817
mean_and_kernel,gp,3,3,rho,macro,0.03936939395974758,0.02274611042754362,0.05883872233161428
mean_and_kernel,gp,3,3,nll,cellular_clearance,0.0031196575969329268,-0.035796302895203365,0.038810077631578614
mean_and_kernel,gp,3,3,nll,efflux,0.008165099769579744,-0.03333504882415915,0.04766619780048422
mean_and_kernel,gp,3,3,nll,in_vivo_clearance,0.05265121421709901,-0.015252966467939883,0.14566362124038507
mean_and_kernel,gp,3,3,nll,microsomal_clearance,-0.00900480929739366,-0.02983656805949067,0.01657249595120746
mean_and_kernel,gp,3,3,nll,permeability,0.05946452785689937,0.02089066320244423,0.0999704804070389
mean_and_kernel,gp,3,3,nll,protein_binding,0.22173841802705102,0.126918867648626,0.35099354169674135
mean_and_kernel,gp,3,3,nll,macro,0.056022351361694735,0.033134376773375565,0.08524835416946926
mean_and_kernel,gp,3,5,r2,cellular_clearance,-0.005905387793515762,-0.025647232697802308,0.011638393887665683
mean_and_kernel,gp,3,5,r2,efflux,0.012549608954675663,-0.008228281975543403,0.03421722275767896
mean_and_kernel,gp,3,5,r2,in_vivo_clearance,-0.0019905375560622857,-0.019677581229827695,0.013816548832840982
mean_and_kernel,gp,3,5,r2,microsomal_clearance,-0.008324105283376642,-0.01489545236391208,-0.0019402662679197434
mean_and_kernel,gp,3,5,r2,permeability,0.012346033167509011,-0.005007631411095444,0.030832904073111952
mean_and_kernel,gp,3,5,r2,protein_binding,0.038747247334946534,0.013956118935268455,0.07330059703613712
mean_and_kernel,gp,3,5,r2,macro,0.007903809804029419,0.0007650600825441647,0.01566406019758212
mean_and_kernel,gp,3,5,rho,cellular_clearance,0.03777824162409801,0.002282605584439788,0.08092825131311732
mean_and_kernel,gp,3,5,rho,efflux,0.022636536904642124,-0.01923552276628262,0.06482534769181385
mean_and_kernel,gp,3,5,rho,in_vivo_clearance,-0.012914657201764056,-0.06040162114769127,0.031276354061850614
mean_and_kernel,gp,3,5,rho,microsomal_clearance,0.0019279776011286716,-0.010729179486373693,0.013791911733424218
mean_and_kernel,gp,3,5,rho,permeability,0.05287531753728026,0.022395038601926046,0.0841971133147371
mean_and_kernel,gp,3,5,rho,protein_binding,0.020495315106642892,-0.012590173378964578,0.0689718448022639
mean_and_kernel,gp,3,5,rho,macro,0.020466455262004652,0.005692835724845914,0.03820547963263384
mean_and_kernel,gp,3,5,nll,cellular_clearance,-0.0031015279214661054,-0.046374823458833446,0.03360804490518297
mean_and_kernel,gp,3,5,nll,efflux,0.010046919171898492,-0.027637147004618917,0.045959962892150624
mean_and_kernel,gp,3,5,nll,in_vivo_clearance,0.047930880975293425,-0.034368531862263456,0.15599748644332717
mean_and_kernel,gp,3,5,nll,microsomal_clearance,-0.012344840573698978,-0.029561369198628697,0.00822406789497408
mean_and_kernel,gp,3,5,nll,permeability,0.055230857137147614,0.016211027923498208,0.09573577524579918
mean_and_kernel,gp,3,5,nll,protein_binding,0.2602989874255081,0.13459955625346923,0.45558905142340905
mean_and_kernel,gp,3,5,nll,macro,0.059676879369113756,0.031239476460656678,0.09933302534180283
mean_and_kernel,gp,3,10,r2,cellular_clearance,0.005882168743936774,-0.012417114683484764,0.02224201592684307
mean_and_kernel,gp,3,10,r2,efflux,0.00615927050785071,-0.016401887020305067,0.027648461924721875
mean_and_kernel,gp,3,10,r2,in_vivo_clearance,-0.01626847293145174,-0.0349827694241307,0.0017566145676179887
mean_and_kernel,gp,3,10,r2,microsomal_clearance,-0.008200880970954456,-0.016573572442869076,-6.385670392364769e-05
mean_and_kernel,gp,3,10,r2,permeability,0.000777015920690819,-0.019829984944098177,0.017715839530454077
mean_and_kernel,gp,3,10,r2,protein_binding,0.014003722148907626,-0.008795895046885745,0.06464688210737592
mean_and_kernel,gp,3,10,r2,macro,0.0003921372364966219,-0.006390529937798428,0.009924217613526125
mean_and_kernel,gp,3,10,rho,cellular_clearance,-0.010995178962188287,-0.06412826190052746,0.035384700697224325
mean_and_kernel,gp,3,10,rho,efflux,-0.012757732721999461,-0.05438327908235914,0.030783639450949633
mean_and_kernel,gp,3,10,rho,in_vivo_clearance,-0.016883098729432916,-0.11317452065953491,0.05795311106611953
mean_and_kernel,gp,3,10,rho,microsomal_clearance,-0.002340861211457713,-0.01678440898426978,0.011281206730646096
mean_and_kernel,gp,3,10,rho,permeability,-0.02201581092987877,-0.056896362077146746,0.01479739682602725
mean_and_kernel,gp,3,10,rho,protein_binding,0.04560136896091837,-0.010947741712801013,0.11677246173917691
mean_and_kernel,gp,3,10,rho,macro,-0.003231885599006463,-0.024478434901303518,0.017115209521039242
mean_and_kernel,gp,3,10,nll,cellular_clearance,0.0058262267944377945,-0.031586734230361964,0.043125543660591285
mean_and_kernel,gp,3,10,nll,efflux,-0.012991303454738139,-0.07914395145289002,0.06100456309928565
mean_and_kernel,gp,3,10,nll,in_vivo_clearance,0.02685777574489323,-0.10227565637346382,0.22074786553632456
mean_and_kernel,gp,3,10,nll,microsomal_clearance,-0.011459581214245548,-0.03522475044649271,0.01853664796871077
mean_and_kernel,gp,3,10,nll,permeability,0.024533027528361975,-0.029238691540126725,0.07974320055838809
mean_and_kernel,gp,3,10,nll,protein_binding,0.1517961627413943,0.030610054894521788,0.2504431580650048
mean_and_kernel,gp,3,10,nll,macro,0.030760384690017267,-0.004876471564270646,0.06712977122540521
weighted_selected,gp,3,1,r2,cellular_clearance,-0.03988784713423388,-0.08955241842364536,-0.006834597059289271
weighted_selected,gp,3,1,r2,efflux,0.023588679402604316,-0.019898525083530835,0.07099112571779423
weighted_selected,gp,3,1,r2,in_vivo_clearance,-0.019139066272435102,-0.034022396758064705,-0.0018286278454470995
weighted_selected,gp,3,1,r2,microsomal_clearance,-0.05946431788734911,-0.07436100312094518,-0.04342669758067072
weighted_selected,gp,3,1,r2,permeability,0.004572666655883102,-0.026573861584865594,0.03851898554553301
weighted_selected,gp,3,1,r2,protein_binding,-0.011222658411063745,-0.04186799957795986,0.03368221198019071
weighted_selected,gp,3,1,r2,macro,-0.016925423941099072,-0.02849473015041519,-0.0029040815262589195
weighted_selected,gp,3,1,rho,cellular_clearance,0.11541102444769706,0.05249196056688393,0.1665857730409145
weighted_selected,gp,3,1,rho,efflux,0.10880514013432056,0.05179682416563925,0.17315224098118343
weighted_selected,gp,3,1,rho,in_vivo_clearance,0.1229299913679092,0.05034515489530583,0.21132710533757512
weighted_selected,gp,3,1,rho,microsomal_clearance,0.024706324733456915,0.006772445798761936,0.04210336242931814
weighted_selected,gp,3,1,rho,permeability,0.10192932648591461,0.05526862026615811,0.1529506132836328
weighted_selected,gp,3,1,rho,protein_binding,0.01655492810192217,-0.014309071758142786,0.06428548824582402
weighted_selected,gp,3,1,rho,macro,0.08172278921187008,0.06050870822293864,0.10702980181140079
weighted_selected,gp,3,1,nll,cellular_clearance,0.17909277556696196,0.016405690996967193,0.31149586682805597
weighted_selected,gp,3,1,nll,efflux,0.04282455742641542,0.014300298941504822,0.07607561492719517
weighted_selected,gp,3,1,nll,in_vivo_clearance,-0.0076861156196499966,-0.02752035414611582,0.016343091813858103
weighted_selected,gp,3,1,nll,microsomal_clearance,-0.020283972341756912,-0.03438304694220089,-0.0043145153847782775
weighted_selected,gp,3,1,nll,permeability,0.06299840338659826,0.03660499282787947,0.09563356461540606
weighted_selected,gp,3,1,nll,protein_binding,0.24431162412019114,0.15164488525297767,0.4265969578173845
weighted_selected,gp,3,1,nll,macro,0.08354287875645998,0.05788485084091678,0.11979095143778114
weighted_selected,gp,3,2,r2,cellular_clearance,-0.0021544970435502203,-0.03919861157089948,0.013061176522811545
weighted_selected,gp,3,2,r2,efflux,0.01083848352839852,-0.013312180842804671,0.037751835100336494
weighted_selected,gp,3,2,r2,in_vivo_clearance,-0.01749542533209492,-0.03283620120644052,0.0019453488714790946
weighted_selected,gp,3,2,r2,microsomal_clearance,-0.0184492287703049,-0.027490786877388155,-0.008827868892926607
weighted_selected,gp,3,2,r2,permeability,0.008957221781549455,-0.01091855317936923,0.03130112153295468
weighted_selected,gp,3,2,r2,protein_binding,0.013510282097735575,-0.01969187913920175,0.07169409216387912
weighted_selected,gp,3,2,r2,macro,-0.0007988606230444149,-0.011092452309420887,0.012620226657170133
weighted_selected,gp,3,2,rho,cellular_clearance,0.07992241978172623,0.038221413671006094,0.1218844324120069
weighted_selected,gp,3,2,rho,efflux,0.05115045583779507,0.009964648045502233,0.09812669522087879
weighted_selected,gp,3,2,rho,in_vivo_clearance,0.005431042468277936,-0.04157041859234183,0.04596409846497548
weighted_selected,gp,3,2,rho,microsomal_clearance,0.009335583379017659,-0.006385806848897868,0.023946471809334898
weighted_selected,gp,3,2,rho,permeability,0.06217854017249493,0.028345613119255392,0.0969329157698935
weighted_selected,gp,3,2,rho,protein_binding,0.010689641327852203,-0.017519286350250827,0.054193113528549136
weighted_selected,gp,3,2,rho,macro,0.03645128049452734,0.02181680571886788,0.05281283753146915
weighted_selected,gp,3,2,nll,cellular_clearance,0.15994357030437106,-0.015405782240725127,0.28484299728016405
weighted_selected,gp,3,2,nll,efflux,0.025616774159994294,-0.013711214580794332,0.06897561379592955
weighted_selected,gp,3,2,nll,in_vivo_clearance,-0.017133550180939566,-0.049760528422413394,0.027745848015471232
weighted_selected,gp,3,2,nll,microsomal_clearance,-0.013801308077696299,-0.032436893118506935,0.006110882120978519
weighted_selected,gp,3,2,nll,permeability,0.0547252342782744,0.021115444728307016,0.0947973896448258
weighted_selected,gp,3,2,nll,protein_binding,0.3166536380146599,0.17384037719895634,0.6071030498097975
weighted_selected,gp,3,2,nll,macro,0.08766739308311063,0.05733459003083577,0.13295939856781333
weighted_selected,gp,3,3,r2,cellular_clearance,-0.0157111388058961,-0.03701976142339496,0.0028506261464755463
weighted_selected,gp,3,3,r2,efflux,0.008527489617741113,-0.018985589382965434,0.03984080266737548
weighted_selected,gp,3,3,r2,in_vivo_clearance,0.000774935622317373,-0.019366778074799328,0.02002561979720481
weighted_selected,gp,3,3,r2,microsomal_clearance,-0.011323582095749843,-0.017745284576033884,-0.004601842503861074
weighted_selected,gp,3,3,r2,permeability,0.022021204644065585,-7.460909982141938e-05,0.04671359059948968
weighted_selected,gp,3,3,r2,protein_binding,0.0052870877269220375,-0.026407539746055992,0.04651790220331433
weighted_selected,gp,3,3,r2,macro,0.0015959994515666943,-0.0077089876522938834,0.013060588258254808
weighted_selected,gp,3,3,rho,cellular_clearance,0.03688564640115502,-0.0034586730899644337,0.08766047192864768
weighted_selected,gp,3,3,rho,efflux,0.0812511266431621,0.04008349609917381,0.12701802597938291
weighted_selected,gp,3,3,rho,in_vivo_clearance,0.03735643317110421,-0.019480366794496443,0.0949437065738719
weighted_selected,gp,3,3,rho,microsomal_clearance,0.0008360361403271186,-0.014296710590350679,0.015273937425939747
weighted_selected,gp,3,3,rho,permeability,0.07998964770426292,0.04509473832163745,0.11684243235680401
weighted_selected,gp,3,3,rho,protein_binding,0.014872457739299495,-0.01955570640739886,0.06265437930039862
weighted_selected,gp,3,3,rho,macro,0.041865224633218484,0.025603636149198628,0.06164642166529464
weighted_selected,gp,3,3,nll,cellular_clearance,-0.004242938387752816,-0.038330445058824575,0.028845347524553522
weighted_selected,gp,3,3,nll,efflux,0.013699635210826537,-0.024067744112163836,0.049533421724245616
weighted_selected,gp,3,3,nll,in_vivo_clearance,0.04691535785384259,-0.01994700831726359,0.139358464087459
weighted_selected,gp,3,3,nll,microsomal_clearance,-0.014388159641295886,-0.03487791437745449,0.01046710717315376
weighted_selected,gp,3,3,nll,permeability,0.058746295713245404,0.02055713845250475,0.09925813881220834
weighted_selected,gp,3,3,nll,protein_binding,0.20118296304201763,0.10754011996428778,0.3304490015958146
weighted_selected,gp,3,3,nll,macro,0.05031885896514724,0.027931899051849212,0.07989053282803867
weighted_selected,gp,3,5,r2,cellular_clearance,-0.007883529615919316,-0.025051838536791292,0.006889017284672266
weighted_selected,gp,3,5,r2,efflux,0.014781373333106914,-0.004436897179684267,0.03637525404871964
weighted_selected,gp,3,5,r2,in_vivo_clearance,-0.0042853465271420746,-0.023618498174578017,0.013420241177582184
weighted_selected,gp,3,5,r2,microsomal_clearance,-0.010046631252085105,-0.016772806717617706,-0.003443647458294642
weighted_selected,gp,3,5,r2,permeability,0.009247652568852027,-0.008484776256327256,0.02826827922470626
weighted_selected,gp,3,5,r2,protein_binding,0.012870553578773258,-0.01241900791524005,0.04379519682444192
weighted_selected,gp,3,5,r2,macro,0.0024473453475976174,-0.00462648454345831,0.01004317736997311
weighted_selected,gp,3,5,rho,cellular_clearance,0.02715160907744585,-0.010736920727199978,0.07277914538580137
weighted_selected,gp,3,5,rho,efflux,0.03902324644081701,-8.528424076958642e-05,0.08097087555231053
weighted_selected,gp,3,5,rho,in_vivo_clearance,-0.014083243391312228,-0.059437882851415394,0.030541154602351316
weighted_selected,gp,3,5,rho,microsomal_clearance,0.0022067292540468445,-0.010990177123722848,0.014647415559050291
weighted_selected,gp,3,5,rho,permeability,0.04359961448253096,0.011916054570862488,0.07535064915030315
weighted_selected,gp,3,5,rho,protein_binding,0.011416970471272134,-0.02321301467512434,0.058557461727974255
weighted_selected,gp,3,5,rho,macro,0.018219154389133425,0.0036488400788583157,0.03616649587891442
weighted_selected,gp,3,5,nll,cellular_clearance,0.0007233405890215484,-0.03044693616414784,0.03068253191545423
weighted_selected,gp,3,5,nll,efflux,0.024215166221746624,-0.012357451022343466,0.058483495280722504
weighted_selected,gp,3,5,nll,in_vivo_clearance,0.0473903060787089,-0.035141774384510174,0.1572853528751233
weighted_selected,gp,3,5,nll,microsomal_clearance,-0.016988610035979936,-0.03374477100435256,0.0033972935101789638
weighted_selected,gp,3,5,nll,permeability,0.050778481584744434,0.011601985249247538,0.09188564620742867
weighted_selected,gp,3,5,nll,protein_binding,0.2483070066505424,0.1218462826971237,0.43681088428243736
weighted_selected,gp,3,5,nll,macro,0.05907094851479733,0.031495904625652354,0.09812890371057773
weighted_selected,gp,3,10,r2,cellular_clearance,-0.001438348916083235,-0.023873150434980325,0.01747315543931389
weighted_selected,gp,3,10,r2,efflux,0.0011133613869355504,-0.020413526092428802,0.023917840222860972
weighted_selected,gp,3,10,r2,in_vivo_clearance,-0.002930098637033528,-0.02882086601376681,0.026594907841488297
weighted_selected,gp,3,10,r2,microsomal_clearance,-0.00960222170563509,-0.019039804154417132,-0.001152031982952021
weighted_selected,gp,3,10,r2,permeability,0.0011258125437048703,-0.01863690652657306,0.017554262642371313
weighted_selected,gp,3,10,r2,protein_binding,0.013434578979326305,-0.00906226913882301,0.062231925959627635
weighted_selected,gp,3,10,r2,macro,0.00028384727520247886,-0.007381828010593068,0.01068325293902681
weighted_selected,gp,3,10,rho,cellular_clearance,-0.027500569967392613,-0.0852515628618272,0.019694417190753002
weighted_selected,gp,3,10,rho,efflux,-0.009242232981436402,-0.05172201915687375,0.03420529278774036
weighted_selected,gp,3,10,rho,in_vivo_clearance,-0.011370110050321892,-0.10822436770562266,0.06869193509579595
weighted_selected,gp,3,10,rho,microsomal_clearance,-0.003992724067536899,-0.01766920239082274,0.00857243274116752
weighted_selected,gp,3,10,rho,permeability,-0.023844243023356686,-0.059706148380716764,0.016389302338871606
weighted_selected,gp,3,10,rho,protein_binding,0.0385840797459533,-0.017546214940490124,0.10916439597295512
weighted_selected,gp,3,10,rho,macro,-0.006227633390681866,-0.02659305464052371,0.015878750987212597
weighted_selected,gp,3,10,nll,cellular_clearance,-0.005799398782488897,-0.04737846499167712,0.03281958659299389
weighted_selected,gp,3,10,nll,efflux,-0.014820881785850918,-0.08066051149981211,0.055770351439746686
weighted_selected,gp,3,10,nll,in_vivo_clearance,0.04890032256458073,-0.07918147577868456,0.24536043757622888
weighted_selected,gp,3,10,nll,microsomal_clearance,-0.013305912411902744,-0.03627940528349694,0.015392541834148192
weighted_selected,gp,3,10,nll,permeability,0.016717344857880137,-0.03703849183354559,0.07298889426789942
weighted_selected,gp,3,10,nll,protein_binding,0.14904191924611646,0.022984056592464833,0.2510194397947273
weighted_selected,gp,3,10,nll,macro,0.03012223228138913,-0.004052801126767606,0.06561744344894477
gp,gp_single,3,1,r2,cellular_clearance,0.04184661416780455,0.02004677153906732,0.10021607424552172
gp,gp_single,3,1,r2,efflux,0.022182928258712167,0.009742442342307006,0.03664391227850799
gp,gp_single,3,1,r2,in_vivo_clearance,0.036951985777442575,-0.002028679900367321,0.0814264340730571
gp,gp_single,3,1,r2,microsomal_clearance,0.021323711715414303,0.011978780953554582,0.03118689163421658
gp,gp_single,3,1,r2,permeability,0.018268214243911316,0.005473109063710903,0.03059780123931971
gp,gp_single,3,1,r2,protein_binding,0.012924433550559328,0.0011085814184152042,0.029586116362379414
gp,gp_single,3,1,r2,macro,0.02558298128564071,0.018314347862451216,0.03315684171057021
gp,gp_single,3,1,rho,cellular_clearance,0.006557255935341644,-0.03291196369780153,0.05718071573272855
gp,gp_single,3,1,rho,efflux,0.002550132961029604,-0.0328996012556201,0.03605706578480978
gp,gp_single,3,1,rho,in_vivo_clearance,0.016553927098216906,-0.040218029130751655,0.07416435006560645
gp,gp_single,3,1,rho,microsomal_clearance,0.011139494985324076,0.0012719136877416205,0.021903922916459033
gp,gp_single,3,1,rho,permeability,0.02377546181322329,-0.0066305557332848545,0.056822439832120174
gp,gp_single,3,1,rho,protein_binding,0.009401654920794,-0.006475932206447815,0.03472176413222481
gp,gp_single,3,1,rho,macro,0.011662987952321588,-0.003747467063768602,0.02993553169335897
gp,gp_single,3,1,nll,cellular_clearance,0.022603289311504796,0.010017993693913773,0.04314315082487706
gp,gp_single,3,1,nll,efflux,0.007489039393092656,-0.0022759449214988887,0.017015541990517694
gp,gp_single,3,1,nll,in_vivo_clearance,0.016599646332367803,-0.0003196053085442483,0.03498739914840198
gp,gp_single,3,1,nll,microsomal_clearance,0.013573104271365762,0.008839054459833738,0.019111654344756406
gp,gp_single,3,1,nll,permeability,0.010577524403192234,0.002540019677438196,0.017783740753654485
gp,gp_single,3,1,nll,protein_binding,0.013391130166897745,-0.0033518660044704117,0.02616363777032888
gp,gp_single,3,1,nll,macro,0.014038955646403499,0.008530942234707326,0.018126657696958436
gp,gp_single,3,2,r2,cellular_clearance,0.013707323238724879,0.0021220527183258,0.04457383358790054
gp,gp_single,3,2,r2,efflux,0.010719160517103239,0.003279603901363246,0.018979425957005885
gp,gp_single,3,2,r2,in_vivo_clearance,0.015630147132514857,0.0002679281031794948,0.03144304521093361
gp,gp_single,3,2,r2,microsomal_clearance,0.009243312779890983,0.0029899162744430633,0.015376681696915235
gp,gp_single,3,2,r2,permeability,0.00914653218882646,0.000611158138187063,0.017202637956775544
gp,gp_single,3,2,r2,protein_binding,0.0020589729139858268,-0.004975140080250251,0.010511335686102359
gp,gp_single,3,2,r2,macro,0.01008424146184104,0.0063679092004106826,0.01435725309720511
gp,gp_single,3,2,rho,cellular_clearance,0.0043102028737298905,-0.02568252693015903,0.04313241487351188
gp,gp_single,3,2,rho,efflux,0.013313747500986335,-0.004772910054433978,0.03157218077943412
gp,gp_single,3,2,rho,in_vivo_clearance,0.03142194976029404,0.005004469160523905,0.06269646801870751
gp,gp_single,3,2,rho,microsomal_clearance,0.007531421853585416,-0.0010114293542952259,0.016185170014949977
gp,gp_single,3,2,rho,permeability,0.019633555461956734,0.0003663511822361913,0.03996715753333924
gp,gp_single,3,2,rho,protein_binding,-0.0016913603547631488,-0.015705943253745427,0.01735086843932232
gp,gp_single,3,2,rho,macro,0.012419919515964876,0.002597388969028409,0.02448662864505059
gp,gp_single,3,2,nll,cellular_clearance,0.01159844115188498,0.0017762348044802888,0.027212321892536116
gp,gp_single,3,2,nll,efflux,0.0030805908314057405,-0.00865713940853468,0.012599632867765538
gp,gp_single,3,2,nll,in_vivo_clearance,0.010978813683619602,0.001049986972163318,0.020778676895491153
gp,gp_single,3,2,nll,microsomal_clearance,0.006862427939990061,0.0030521538747066593,0.01113159418246957
gp,gp_single,3,2,nll,permeability,0.007693485912359042,0.0005436496181921123,0.013902842893515009
gp,gp_single,3,2,nll,protein_binding,-0.00046476299333577764,-0.027074033175561115,0.012848403485329923
gp,gp_single,3,2,nll,macro,0.006624832754320609,0.00040940800126333324,0.010604800544807405
gp,gp_single,3,3,r2,cellular_clearance,0.012751366472671933,-0.005743444753495763,0.03402382483507025
gp,gp_single,3,3,r2,efflux,0.007115328595892826,0.0009432924259701987,0.013458001808625131
gp,gp_single,3,3,r2,in_vivo_clearance,0.007641682841629961,-0.003729074563814705,0.01941503615139204
gp,gp_single,3,3,r2,microsomal_clearance,0.006333571030135447,0.0002585436226425129,0.012339708405342016
gp,gp_single,3,3,r2,permeability,0.008271700840634532,0.0028331885385557494,0.014119313658194074
gp,gp_single,3,3,r2,protein_binding,0.0038866313910054418,-0.011673138239905805,0.01870038169825488
gp,gp_single,3,3,r2,macro,0.00766671352866169,0.0021949542901124777,0.012593832746045978
gp,gp_single,3,3,rho,cellular_clearance,0.0071385624217253,-0.0209244486797933,0.039300054542733005
gp,gp_single,3,3,rho,efflux,-0.0060818476818619,-0.021637809992829618,0.008546140603733376
gp,gp_single,3,3,rho,in_vivo_clearance,0.010680808167580382,-0.023476247748668095,0.045385164166672674
gp,gp_single,3,3,rho,microsomal_clearance,0.010073687097325255,0.0011605161467531924,0.019858498464562797
gp,gp_single,3,3,rho,permeability,-0.005405774102531611,-0.019061844233670182,0.008068185810870704
gp,gp_single,3,3,rho,protein_binding,0.004307244640506376,-0.01288778798842693,0.021834577983920255
gp,gp_single,3,3,rho,macro,0.003452113423790634,-0.004513897043262562,0.012956828246378307
gp,gp_single,3,3,nll,cellular_clearance,0.015090359586296984,0.0015768472829966675,0.03039717217551669
gp,gp_single,3,3,nll,efflux,0.0028466624298992297,-0.00832381214959339,0.011782573537998829
gp,gp_single,3,3,nll,in_vivo_clearance,0.006984850933998833,-0.002286088527234263,0.015816621091024722
gp,gp_single,3,3,nll,microsomal_clearance,0.005385723092403435,0.00103086851621632,0.009914954837331636
gp,gp_single,3,3,nll,permeability,0.008423772655767698,0.0027918938693866358,0.014101761444946062
gp,gp_single,3,3,nll,protein_binding,0.006957635125076908,-0.017339832883548713,0.021629657193132062
gp,gp_single,3,3,nll,macro,0.007614833970573848,0.0021553150723515315,0.011598866476778527
gp,gp_single,3,5,r2,cellular_clearance,0.006889872760537703,-0.008498884506888363,0.021797445094123933
gp,gp_single,3,5,r2,efflux,0.005506757058276716,0.0011065302906005307,0.009847226020222375
gp,gp_single,3,5,r2,in_vivo_clearance,0.006784587362395401,-0.001828940381904221,0.015108072825320154
gp,gp_single,3,5,r2,microsomal_clearance,0.005154534076182108,0.0006444709280687599,0.009827475707543089
gp,gp_single,3,5,r2,permeability,0.007168155036210634,0.0024224994377193185,0.012368204688627999
gp,gp_single,3,5,r2,protein_binding,0.004180306680849037,-0.007845799816490313,0.01598750349295954
gp,gp_single,3,5,r2,macro,0.005947368829075266,0.0013660490160372382,0.009863729343399194
gp,gp_single,3,5,rho,cellular_clearance,-0.009327457005554452,-0.034453140220905516,0.015504188020823925
gp,gp_single,3,5,rho,efflux,0.004844668558968601,-0.0070311968660816465,0.016404870398114012
gp,gp_single,3,5,rho,in_vivo_clearance,0.006093860277411494,-0.02336536090220466,0.03134671057331245
gp,gp_single,3,5,rho,microsomal_clearance,0.006206411080491821,-0.0010284904786087652,0.013868930485921822
gp,gp_single,3,5,rho,permeability,0.0028572331267435296,-0.01029436723091509,0.016495418195512045
gp,gp_single,3,5,rho,protein_binding,0.005415370840783048,-0.01189936969108437,0.022397701814469925
gp,gp_single,3,5,rho,macro,0.002681681146474007,-0.004993978455550909,0.009871162527103162
gp,gp_single,3,5,nll,cellular_clearance,0.011642283501655871,0.0011150910453200462,0.023222208133283243
gp,gp_single,3,5,nll,efflux,0.0029776851474825465,-0.006113595020529863,0.011184970892417306
gp,gp_single,3,5,nll,in_vivo_clearance,0.007455003306778051,-0.0011771841664277407,0.015581138497397229
gp,gp_single,3,5,nll,microsomal_clearance,0.005152595568383033,0.0013853798358188327,0.00925767509754639
gp,gp_single,3,5,nll,permeability,0.008302086245216172,0.002704647289865354,0.014100638070180513
gp,gp_single,3,5,nll,protein_binding,0.00022684136518188905,-0.03173699033223198,0.019522195301006122
gp,gp_single,3,5,nll,macro,0.005959415855782927,-0.00036878924031077633,0.01023918098098534
gp,gp_single,3,10,r2,cellular_clearance,0.009804121860217655,-0.0016734425240453664,0.021991604183127497
gp,gp_single,3,10,r2,efflux,0.0028804994081436455,-0.0019186162365295927,0.0071695531987991164
gp,gp_single,3,10,r2,in_vivo_clearance,0.008989685593777138,0.0018537220501054,0.020548205197548106
gp,gp_single,3,10,r2,microsomal_clearance,0.0033243868095922118,0.00023844683686797814,0.0067615124250371
gp,gp_single,3,10,r2,permeability,0.006981359389472151,0.0028584881428652424,0.01196384198971378
gp,gp_single,3,10,r2,protein_binding,0.013897732083218161,0.0026146670563112957,0.03598652033936797
gp,gp_single,3,10,r2,macro,0.007646297524070161,0.004531691700993573,0.011900059839450713
gp,gp_single,3,10,rho,cellular_clearance,0.0173543651731448,-0.001421370508744478,0.039012275785505104
gp,gp_single,3,10,rho,efflux,0.0022906298281923985,-0.010985325408540783,0.016496803782404285
gp,gp_single,3,10,rho,in_vivo_clearance,0.02357793505625545,-0.011254399458802116,0.060964784482568715
gp,gp_single,3,10,rho,microsomal_clearance,0.010567223453656438,0.003096814607138771,0.018748300348125923
gp,gp_single,3,10,rho,permeability,0.011107371794457619,-0.00038888553819845564,0.02417037806435633
gp,gp_single,3,10,rho,protein_binding,0.0002874134117397221,-0.014416986429981375,0.016812063275723762
gp,gp_single,3,10,rho,macro,0.010864156452907739,0.0037677490462166654,0.01802035842891277
gp,gp_single,3,10,nll,cellular_clearance,0.013645315293998844,0.0007346805434168566,0.02738371346902151
gp,gp_single,3,10,nll,efflux,0.00506818166469208,-0.003466382930037918,0.013969844519732188
gp,gp_single,3,10,nll,in_vivo_clearance,0.009977082833995454,-0.0011018519262790123,0.02162892180185373
gp,gp_single,3,10,nll,microsomal_clearance,0.004174481751836598,-0.0002748600697081348,0.008787282059610825
gp,gp_single,3,10,nll,permeability,0.011093458079969813,0.00526801590568961,0.017815526537482633
gp,gp_single,3,10,nll,protein_binding,0.02874988799628583,0.012717223258383308,0.05213726935094759
gp,gp_single,3,10,nll,macro,0.012118067936796437,0.0084263931213235,0.017024979306813466
mean_only,unchanged,15,1,r2,cellular_clearance,-0.0020083830373083212,-0.02162884430032136,0.015496177542449844
mean_only,unchanged,15,1,r2,efflux,0.009539875856116467,-0.011940704188680176,0.03362545852139195
mean_only,unchanged,15,1,r2,in_vivo_clearance,-0.02642079163028217,-0.0804974887036343,0.023238622408887705
mean_only,unchanged,15,1,r2,microsomal_clearance,0.014525263040417449,0.0050470105744284555,0.024970841425946046
mean_only,unchanged,15,1,r2,permeability,0.008503314221415465,-0.00023249927891340593,0.018414919739920335
mean_only,unchanged,15,1,r2,protein_binding,0.006487777262512424,-0.01976534071610908,0.03328546255349884
mean_only,unchanged,15,1,r2,macro,0.0017711759521452195,-0.01009678362030191,0.013268171387654626
mean_only,unchanged,15,1,rho,cellular_clearance,-0.0009186054208095664,-0.015488942181546953,0.01329718360614043
mean_only,unchanged,15,1,rho,efflux,0.05745102367881271,-0.0067105630897990026,0.12578415750922556
mean_only,unchanged,15,1,rho,in_vivo_clearance,-0.01490907356142998,-0.1236232180438108,0.05313207755500278
mean_only,unchanged,15,1,rho,microsomal_clearance,0.00584028103122991,-0.005617638303765389,0.01826190061756053
mean_only,unchanged,15,1,rho,permeability,-0.00784097300428483,-0.020983520726812938,0.004342992070565616
mean_only,unchanged,15,1,rho,protein_binding,-0.01732124154822844,-0.034541569042076364,0.0012067770949681083
mean_only,unchanged,15,1,rho,macro,0.0037169018625483013,-0.017878887379142977,0.020922553953658597
mean_only,unchanged,15,1,nll,cellular_clearance,0.0037213647640351837,-0.0065221286480258,0.013451726240186852
mean_only,unchanged,15,1,nll,efflux,0.011972836311663002,-0.0011846497516351633,0.02628828996641744
mean_only,unchanged,15,1,nll,in_vivo_clearance,0.03739236487201765,0.004330233513043207,0.08714914776576654
mean_only,unchanged,15,1,nll,microsomal_clearance,0.007358400757912525,0.0012058358436407967,0.014072053180435308
mean_only,unchanged,15,1,nll,permeability,0.00999939428619204,0.001074087886428197,0.018794585055715022
mean_only,unchanged,15,1,nll,protein_binding,0.0033853387465072036,-0.04381299836776545,0.037801083044779624
mean_only,unchanged,15,1,nll,macro,0.012304949956387935,0.0024425315725688083,0.02239620891685615
mean_only,unchanged,15,2,r2,cellular_clearance,-0.021030670517774467,-0.04646329587149896,0.0008400796647468899
mean_only,unchanged,15,2,r2,efflux,-0.0002891698480944218,-0.030797734232355656,0.03412078892859134
mean_only,unchanged,15,2,r2,in_vivo_clearance,-0.012861892260117668,-0.07577734648405482,0.04202974365326232
mean_only,unchanged,15,2,r2,microsomal_clearance,-0.011134290008335622,-0.02072891430918736,-0.00029308137687312276
mean_only,unchanged,15,2,r2,permeability,0.0016818745025690201,-0.017580627555514847,0.021143962320864143
mean_only,unchanged,15,2,r2,protein_binding,-0.003812371377640789,-0.028642154985905017,0.010753959573883098
mean_only,unchanged,15,2,r2,macro,-0.007907753251565659,-0.02233197035191532,0.004816249834908938
mean_only,unchanged,15,2,rho,cellular_clearance,0.008507495105299507,-0.01124998924606206,0.028533511444973965
mean_only,unchanged,15,2,rho,efflux,0.04345710930173045,-0.005618348664104561,0.09398015893241833
mean_only,unchanged,15,2,rho,in_vivo_clearance,-0.01787339746952057,-0.08022493934540563,0.04429112750007981
mean_only,unchanged,15,2,rho,microsomal_clearance,0.010168054520848825,-0.0010995555108315482,0.021046729629272284
mean_only,unchanged,15,2,rho,permeability,0.00443018628284335,-0.01174411020925574,0.020231874717866256
mean_only,unchanged,15,2,rho,protein_binding,0.007679825990150372,-0.011566743067715405,0.02368729841272571
mean_only,unchanged,15,2,rho,macro,0.009394878955225323,-0.005659074857286935,0.02363795600230322
mean_only,unchanged,15,2,nll,cellular_clearance,-0.01657483207874779,-0.035872235480763966,0.0020733350219816356
mean_only,unchanged,15,2,nll,efflux,-0.01238589412144151,-0.0401950792439026,0.01627007903674054
mean_only,unchanged,15,2,nll,in_vivo_clearance,-0.019651126711391305,-0.07482080541398604,0.03614808452321138
mean_only,unchanged,15,2,nll,microsomal_clearance,0.005289576188344128,-0.004981326205033494,0.015575165515296334
mean_only,unchanged,15,2,nll,permeability,-0.006468958039586351,-0.023447406587852954,0.008958466870370514
mean_only,unchanged,15,2,nll,protein_binding,-0.015160890256870481,-0.04434226647375757,0.009669009282900189
mean_only,unchanged,15,2,nll,macro,-0.010825354169948885,-0.023435337119861024,0.001441928217381087
mean_only,unchanged,15,3,r2,cellular_clearance,-0.007953669807343014,-0.027439525794123235,0.011148843268109675
mean_only,unchanged,15,3,r2,efflux,-0.0049045272530985375,-0.030712147783577465,0.02054354103064703
mean_only,unchanged,15,3,r2,in_vivo_clearance,-0.005612095364273437,-0.03552580044844943,0.020814574019110375
mean_only,unchanged,15,3,r2,microsomal_clearance,-0.008931665237697926,-0.015981182231342213,-0.0010955731366289604
mean_only,unchanged,15,3,r2,permeability,0.0027916964195158975,-0.014998032442827717,0.018999361678838866
mean_only,unchanged,15,3,r2,protein_binding,0.013534018957762373,-0.01586037862172194,0.02866286074776949
mean_only,unchanged,15,3,r2,macro,-0.001846040380855774,-0.011488184499557998,0.005021798361960992
mean_only,unchanged,15,3,rho,cellular_clearance,0.0018387992408067438,-0.019790181948018834,0.023983670384092288
mean_only,unchanged,15,3,rho,efflux,0.004091365594002926,-0.03890470073836739,0.04815376434234966
mean_only,unchanged,15,3,rho,in_vivo_clearance,0.008551956862211229,-0.047225419195445116,0.07091048283927245
mean_only,unchanged,15,3,rho,microsomal_clearance,0.0059870856343362845,-0.006706498349899999,0.017463637759467517
mean_only,unchanged,15,3,rho,permeability,0.014320031998472085,-0.003940524609499088,0.03252480555181455
mean_only,unchanged,15,3,rho,protein_binding,0.0012050984624885908,-0.01992324114457931,0.026571310987075138
mean_only,unchanged,15,3,rho,macro,0.005999056298719643,-0.007648938488334,0.020194670044912915
mean_only,unchanged,15,3,nll,cellular_clearance,-0.011615022019513005,-0.029012551829515013,0.006132242523543786
mean_only,unchanged,15,3,nll,efflux,-0.011710112266190145,-0.041457147442599915,0.01900649291191565
mean_only,unchanged,15,3,nll,in_vivo_clearance,-0.020660936777460677,-0.050818446823196424,0.010612267756040687
mean_only,unchanged,15,3,nll,microsomal_clearance,0.004633152177555025,-0.005522423546322646,0.014338340552121303
mean_only,unchanged,15,3,nll,permeability,-0.011523038457014259,-0.031478197049831756,0.005830465224852414
mean_only,unchanged,15,3,nll,protein_binding,-0.007739364408445019,-0.029323898806094147,0.01350609889751601
mean_only,unchanged,15,3,nll,macro,-0.009769220291844679,-0.019276688435539337,-0.0006656228336063375
mean_only,unchanged,15,5,r2,cellular_clearance,0.0027196983108253134,-0.013016627294040631,0.0205111820018105
mean_only,unchanged,15,5,r2,efflux,-0.005363966719846561,-0.027242262095015023,0.014533173011071626
mean_only,unchanged,15,5,r2,in_vivo_clearance,0.028017558709869814,-0.0070595586898994,0.05653743601028561
mean_only,unchanged,15,5,r2,microsomal_clearance,-0.007291285148320206,-0.013649395210308952,-0.00036673990703497554
mean_only,unchanged,15,5,r2,permeability,0.0018921331696298393,-0.012688933015815864,0.018056527959533115
mean_only,unchanged,15,5,r2,protein_binding,0.02163912729244569,-0.007730404850387382,0.0359481777019069
mean_only,unchanged,15,5,r2,macro,0.006935544269100649,-0.0019549110180669864,0.012905240391360654
mean_only,unchanged,15,5,rho,cellular_clearance,-0.0004069371514586673,-0.024424061148188805,0.02166038362355614
mean_only,unchanged,15,5,rho,efflux,-0.0005062787000227874,-0.03597695925298566,0.03234639904510533
mean_only,unchanged,15,5,rho,in_vivo_clearance,0.013886386789381481,-0.044992368342401466,0.06339122197891653
mean_only,unchanged,15,5,rho,microsomal_clearance,0.011745423732254798,-0.00027547189605817737,0.022252313799735704
mean_only,unchanged,15,5,rho,permeability,0.016091318666521044,-0.005365453178793943,0.03840758175802379
mean_only,unchanged,15,5,rho,protein_binding,0.0013093163174661864,-0.022401800331346308,0.021209324251990066
mean_only,unchanged,15,5,rho,macro,0.007019871609023676,-0.006956585099366191,0.019647447938297435
mean_only,unchanged,15,5,nll,cellular_clearance,-0.008071083232072675,-0.025223760630937172,0.009560255399145219
mean_only,unchanged,15,5,nll,efflux,-0.02036430863573151,-0.04869223522821866,0.010826525863934766
mean_only,unchanged,15,5,nll,in_vivo_clearance,-0.010928474432421556,-0.0500446113941842,0.023926301345756656
mean_only,unchanged,15,5,nll,microsomal_clearance,0.006918980979167225,-0.002319060831857458,0.015762506004325567
mean_only,unchanged,15,5,nll,permeability,-0.018088747611469627,-0.03594537604465566,-0.001621354665786189
mean_only,unchanged,15,5,nll,protein_binding,-0.005203364667555776,-0.02927224349048825,0.019403153301575788
mean_only,unchanged,15,5,nll,macro,-0.009289499600013988,-0.01957606607111029,0.00031435301594498894
mean_only,unchanged,15,10,r2,cellular_clearance,0.002394200966094338,-0.01031018888679085,0.016195058775158033
mean_only,unchanged,15,10,r2,efflux,-0.0030160040134033558,-0.019825593950552698,0.013082213742583075
mean_only,unchanged,15,10,r2,in_vivo_clearance,0.016753954398959773,-0.011671761020483739,0.04228163912676362
mean_only,unchanged,15,10,r2,microsomal_clearance,-0.006383679476640239,-0.012093059475804047,0.00016024752988879533
mean_only,unchanged,15,10,r2,permeability,0.006973952563560512,-0.009261433543746443,0.024669700308648766
mean_only,unchanged,15,10,r2,protein_binding,0.021912109715950034,-0.005814704544388272,0.036747250457905875
mean_only,unchanged,15,10,r2,macro,0.00643908902575351,-0.0011276082493987176,0.011972353418853754
mean_only,unchanged,15,10,rho,cellular_clearance,-0.004833158352916584,-0.033609237507661725,0.01731361183501662
mean_only,unchanged,15,10,rho,efflux,0.000599135955174765,-0.032961258746114684,0.02974299477370882
mean_only,unchanged,15,10,rho,in_vivo_clearance,0.020681850425899033,-0.02299351201363263,0.07602270612756101
mean_only,unchanged,15,10,rho,microsomal_clearance,-0.003792611710266709,-0.015614052541711596,0.007152034718988043
mean_only,unchanged,15,10,rho,permeability,0.0155285978068908,-0.0006581579506133008,0.03340179981462033
mean_only,unchanged,15,10,rho,protein_binding,-0.009071844821852276,-0.029400173543977587,0.006071771119588178
mean_only,unchanged,15,10,rho,macro,0.0031853282171548382,-0.00817800738601813,0.014326526461342848
mean_only,unchanged,15,10,nll,cellular_clearance,-0.008254798759664506,-0.027557527236559787,0.009978893252180359
mean_only,unchanged,15,10,nll,efflux,-0.011841832711121334,-0.046307823814212244,0.02469054987072419
mean_only,unchanged,15,10,nll,in_vivo_clearance,-0.023866691614811097,-0.05895647690428424,0.011511811844963105
mean_only,unchanged,15,10,nll,microsomal_clearance,0.006566778350061279,-0.0017403367458504605,0.015152985925002709
mean_only,unchanged,15,10,nll,permeability,-0.01732048645057767,-0.038109312937797034,0.0017581870512176894
mean_only,unchanged,15,10,nll,protein_binding,-0.009265605418534766,-0.038350761091050754,0.02369594824600759
mean_only,unchanged,15,10,nll,macro,-0.010663772767441348,-0.021557820469561374,0.0005692019232471639
kernel_only,unchanged,15,1,r2,cellular_clearance,8.164150482391076e-06,-0.011606665531263771,0.012584838135141208
kernel_only,unchanged,15,1,r2,efflux,-0.0075002955600692025,-0.01612433458963587,0.0012392102854718978
kernel_only,unchanged,15,1,r2,in_vivo_clearance,-0.011702777279226856,-0.050466723284555655,0.0181986320266052
kernel_only,unchanged,15,1,r2,microsomal_clearance,-0.0023286344637914826,-0.010833957032079478,0.00642699675205539
kernel_only,unchanged,15,1,r2,permeability,-0.009540398312165183,-0.02390289713015924,0.0032618974107861153
kernel_only,unchanged,15,1,r2,protein_binding,-0.026381146164078953,-0.04957541419397283,-0.005507385780894327
kernel_only,unchanged,15,1,r2,macro,-0.009574181271474882,-0.017195201807925446,-0.0022840682811342506
kernel_only,unchanged,15,1,rho,cellular_clearance,0.005155113733884254,-0.009452555665739748,0.02061521464946811
kernel_only,unchanged,15,1,rho,efflux,-0.008497127186920908,-0.021000133226231007,0.0030750924107083495
kernel_only,unchanged,15,1,rho,in_vivo_clearance,-0.04813959229737521,-0.2130940871054866,0.08846318197076458
kernel_only,unchanged,15,1,rho,microsomal_clearance,-0.0007869503043148226,-0.00904168684105645,0.007779293227045878
kernel_only,unchanged,15,1,rho,permeability,-0.011974162039243516,-0.03317340791350537,0.007237835831623854
kernel_only,unchanged,15,1,rho,protein_binding,0.00525850228344401,-0.011069191350598325,0.025868187076570934
kernel_only,unchanged,15,1,rho,macro,-0.0098307026350877,-0.03741028135608605,0.013203667520263323
kernel_only,unchanged,15,1,nll,cellular_clearance,-0.0005787641777591473,-0.00838799382546927,0.008244076073617532
kernel_only,unchanged,15,1,nll,efflux,-0.00418315758005904,-0.011204959654321802,0.0031038308885495275
kernel_only,unchanged,15,1,nll,in_vivo_clearance,-0.007384768442201708,-0.030283136239393146,0.016629103233130278
kernel_only,unchanged,15,1,nll,microsomal_clearance,-0.0012769847925999055,-0.007255575793658615,0.005082361029376802
kernel_only,unchanged,15,1,nll,permeability,-0.003800053691298163,-0.013381612893453,0.005209887009238096
kernel_only,unchanged,15,1,nll,protein_binding,-0.01791692168023123,-0.042755474099949224,0.001038446355394284
kernel_only,unchanged,15,1,nll,macro,-0.005856775060691532,-0.011902889808591685,-0.00029497781300119103
kernel_only,unchanged,15,2,r2,cellular_clearance,0.014687506402571729,0.0022134465218537113,0.029407021792329086
kernel_only,unchanged,15,2,r2,efflux,0.004960990615588449,-0.006784408915689913,0.017500920911900603
kernel_only,unchanged,15,2,r2,in_vivo_clearance,0.04060840492780184,-0.004643757668891812,0.0785409561641405
kernel_only,unchanged,15,2,r2,microsomal_clearance,0.0051959143959003674,-0.0005773225956688501,0.01139970507728983
kernel_only,unchanged,15,2,r2,permeability,0.007139122519029145,-0.00674380467707276,0.020244656278452712
kernel_only,unchanged,15,2,r2,protein_binding,0.009997357549155579,-0.014208656435607545,0.02088407772681423
kernel_only,unchanged,15,2,r2,macro,0.013764882735007852,0.004216766992549621,0.021072397206338436
kernel_only,unchanged,15,2,rho,cellular_clearance,0.0029591359313362623,-0.008466986662209634,0.01715388579228099
kernel_only,unchanged,15,2,rho,efflux,-0.005864929932135122,-0.020142803435292258,0.00881373053942141
kernel_only,unchanged,15,2,rho,in_vivo_clearance,-0.06619483798742296,-0.14734975146567997,-0.006853394431116867
kernel_only,unchanged,15,2,rho,microsomal_clearance,0.0003119372704130918,-0.009889314950061043,0.009386082408439944
kernel_only,unchanged,15,2,rho,permeability,-0.007226613577869202,-0.02468168176749581,0.008127518346444916
kernel_only,unchanged,15,2,rho,protein_binding,0.012256872120567348,-0.0018952863728627484,0.028179203224065166
kernel_only,unchanged,15,2,rho,macro,-0.010626406029185097,-0.024975077960321047,0.0005871490126593762
kernel_only,unchanged,15,2,nll,cellular_clearance,-7.321880981011566e-05,-0.012858694553584576,0.013916192743166057
kernel_only,unchanged,15,2,nll,efflux,-0.014178132753459697,-0.03290019413135693,0.0031017001706543056
kernel_only,unchanged,15,2,nll,in_vivo_clearance,0.027000525775287,-0.01620718087940164,0.07880367982792272
kernel_only,unchanged,15,2,nll,microsomal_clearance,-0.0013162550383814082,-0.010378880655527216,0.00684754177653072
kernel_only,unchanged,15,2,nll,permeability,-0.011360925317710682,-0.026740948161446995,0.0021388424441047063
kernel_only,unchanged,15,2,nll,protein_binding,0.004823737633730208,-0.01721522256665438,0.02805053204485316
kernel_only,unchanged,15,2,nll,macro,0.0008159552482758839,-0.008764912401089257,0.011184459960911507
kernel_only,unchanged,15,3,r2,cellular_clearance,0.013580002312730243,0.0027128436533698412,0.02596492460470324
kernel_only,unchanged,15,3,r2,efflux,0.007494877999933495,-0.0014070835333838186,0.016781911594044054
kernel_only,unchanged,15,3,r2,in_vivo_clearance,0.024744155345833012,0.00477558703138237,0.04295866582979276
kernel_only,unchanged,15,3,r2,microsomal_clearance,0.004078428762401568,-0.0005438860926214254,0.00904945043129842
kernel_only,unchanged,15,3,r2,permeability,0.007674200672091434,-0.004539509995052444,0.019556228077936187
kernel_only,unchanged,15,3,r2,protein_binding,0.03045752244805637,-0.00881154026113485,0.05274417253476558
kernel_only,unchanged,15,3,r2,macro,0.01467153125684102,0.005756309426540875,0.02026354138374121
kernel_only,unchanged,15,3,rho,cellular_clearance,0.0003879366927964132,-0.017265100546794577,0.021114105650915024
kernel_only,unchanged,15,3,rho,efflux,-0.011096247202820273,-0.03479357734267478,0.009829601707075888
kernel_only,unchanged,15,3,rho,in_vivo_clearance,-0.019461033716797835,-0.08408062681333038,0.03726195992419618
kernel_only,unchanged,15,3,rho,microsomal_clearance,0.00600811681127281,-0.004246101463786,0.015279703534051354
kernel_only,unchanged,15,3,rho,permeability,0.0030826682017909162,-0.013848794923985708,0.018411527078927164
kernel_only,unchanged,15,3,rho,protein_binding,0.022023535031599525,0.008035906085493979,0.04011487423656654
kernel_only,unchanged,15,3,rho,macro,0.00015749596964025983,-0.01220755054520845,0.012744223965622503
kernel_only,unchanged,15,3,nll,cellular_clearance,-0.0005801833139229649,-0.014384576557643372,0.012483271454499335
kernel_only,unchanged,15,3,nll,efflux,-0.009193972594776655,-0.025689346541882454,0.006183727467718245
kernel_only,unchanged,15,3,nll,in_vivo_clearance,0.006564147983892735,-0.018464911828013665,0.03467452232616259
kernel_only,unchanged,15,3,nll,microsomal_clearance,0.0023526509303715237,-0.005944021154787566,0.009570760527530876
kernel_only,unchanged,15,3,nll,permeability,-0.009325689715786593,-0.02324961563027212,0.0028112888165206084
kernel_only,unchanged,15,3,nll,protein_binding,0.008691612079706772,-0.016186194195710667,0.04214860531089543
kernel_only,unchanged,15,3,nll,macro,-0.00024857243841919723,-0.007278554032106923,0.007593098934189259
kernel_only,unchanged,15,5,r2,cellular_clearance,0.01580027961163013,0.006051137802340181,0.02804233006969826
kernel_only,unchanged,15,5,r2,efflux,0.004703544402280603,-0.004345830732590397,0.013893783398518848
kernel_only,unchanged,15,5,r2,in_vivo_clearance,0.03237298287691025,0.014114989276537825,0.05008050682920091
kernel_only,unchanged,15,5,r2,microsomal_clearance,0.0040106979596952275,-0.0004597178156823557,0.008528718466014959
kernel_only,unchanged,15,5,r2,permeability,0.008347690782127536,-0.0029537750298300855,0.019051980677531815
kernel_only,unchanged,15,5,r2,protein_binding,0.028205965920768128,-0.004924328904492611,0.04537531078308861
kernel_only,unchanged,15,5,r2,macro,0.015573526925568645,0.008614608766847696,0.019985419569984994
kernel_only,unchanged,15,5,rho,cellular_clearance,0.0053280887645137,-0.01454301530888511,0.021391445889827936
kernel_only,unchanged,15,5,rho,efflux,-0.006160310745515206,-0.026173687565207,0.014942714524037469
kernel_only,unchanged,15,5,rho,in_vivo_clearance,-0.0019090747460722818,-0.04720873779850078,0.03776493669663378
kernel_only,unchanged,15,5,rho,microsomal_clearance,0.008221082505735569,-0.0016321954358941293,0.017195660312101506
kernel_only,unchanged,15,5,rho,permeability,0.01283429965583814,-0.001634637237436051,0.026709597392362495
kernel_only,unchanged,15,5,rho,protein_binding,0.014639571128469532,-0.0035227403771408215,0.036297356375522644
kernel_only,unchanged,15,5,rho,macro,0.005492276093828242,-0.004400070392059335,0.015512634231389967
kernel_only,unchanged,15,5,nll,cellular_clearance,-0.000596468877140273,-0.014310233711908893,0.012200461172456618
kernel_only,unchanged,15,5,nll,efflux,-0.007625653822689104,-0.018915181891673124,0.0033391908081582154
kernel_only,unchanged,15,5,nll,in_vivo_clearance,0.0061272834517947985,-0.016871695118255103,0.03041064824935645
kernel_only,unchanged,15,5,nll,microsomal_clearance,0.005330818709645859,-0.004421393551552919,0.013242135185754449
kernel_only,unchanged,15,5,nll,permeability,-0.006858116292326854,-0.020853542978086264,0.00545606998545345
kernel_only,unchanged,15,5,nll,protein_binding,0.011164965159729366,-0.013488645570585482,0.04648659086888623
kernel_only,unchanged,15,5,nll,macro,0.001257138054835632,-0.005488128163735228,0.009173217404683548
kernel_only,unchanged,15,10,r2,cellular_clearance,0.01385689937895578,0.006068713680309829,0.021888938373637822
kernel_only,unchanged,15,10,r2,efflux,0.010410982034888501,0.0038198440899534954,0.017025395394897218
kernel_only,unchanged,15,10,r2,in_vivo_clearance,0.02750619895558878,0.011317429215665394,0.043942128366535174
kernel_only,unchanged,15,10,r2,microsomal_clearance,0.006562668299456006,0.003171716186122342,0.010316984239410106
kernel_only,unchanged,15,10,r2,permeability,0.014979943945504713,0.004568179142062653,0.024713095740191125
kernel_only,unchanged,15,10,r2,protein_binding,0.026070083081010147,-0.0051048849207537125,0.043502444248078594
kernel_only,unchanged,15,10,r2,macro,0.016564462615900655,0.00926632541892102,0.02121687548622392
kernel_only,unchanged,15,10,rho,cellular_clearance,-0.0038575349896936536,-0.02983226100177188,0.016159441153465293
kernel_only,unchanged,15,10,rho,efflux,-0.0015493929731073173,-0.02093421991681679,0.017016841770216284
kernel_only,unchanged,15,10,rho,in_vivo_clearance,0.021899376548826694,-0.026545735532662953,0.05863280746839283
kernel_only,unchanged,15,10,rho,microsomal_clearance,0.009431541571400739,0.0015615804345585238,0.01679114094419179
kernel_only,unchanged,15,10,rho,permeability,0.008798202427311063,-0.007760224133605696,0.025090131533846056
kernel_only,unchanged,15,10,rho,protein_binding,0.013778228340952684,-0.006836908587430772,0.03444796995369531
kernel_only,unchanged,15,10,rho,macro,0.008083403487615035,-0.0022917644633811763,0.017232740051937766
kernel_only,unchanged,15,10,nll,cellular_clearance,-0.003279803469586916,-0.019570628574327696,0.009398515897204555
kernel_only,unchanged,15,10,nll,efflux,-0.001352896895035651,-0.013356240852753531,0.009405487763398564
kernel_only,unchanged,15,10,nll,in_vivo_clearance,0.0018756765729857129,-0.024450257503827746,0.027595567630671853
kernel_only,unchanged,15,10,nll,microsomal_clearance,0.008440210275853573,0.0002978326318907594,0.01601996708035517
kernel_only,unchanged,15,10,nll,permeability,0.004280848735158244,-0.015764359222624008,0.021818048446077636
kernel_only,unchanged,15,10,nll,protein_binding,0.004156960145361775,-0.023752843506062146,0.0451093897205673
kernel_only,unchanged,15,10,nll,macro,0.002353499227456123,-0.0054281171906729025,0.010756098739354278
mean_and_kernel,unchanged,15,1,r2,cellular_clearance,-0.007321886810369739,-0.0237618025288598,0.010378353888268431
mean_and_kernel,unchanged,15,1,r2,efflux,-0.013525134343269808,-0.02660101901255393,-0.001098783086862684
mean_and_kernel,unchanged,15,1,r2,in_vivo_clearance,-0.01570301565074935,-0.05587847431534088,0.016025390130832002
mean_and_kernel,unchanged,15,1,r2,microsomal_clearance,-0.004143558631891009,-0.01441605043963135,0.006506355159101813
mean_and_kernel,unchanged,15,1,r2,permeability,-0.025903592978439204,-0.04514481568393871,-0.01029251789351243
mean_and_kernel,unchanged,15,1,r2,protein_binding,-0.03518554711320486,-0.05469445113102201,-0.00388567166613139
mean_and_kernel,unchanged,15,1,r2,macro,-0.016963789254653996,-0.0254578137792821,-0.007275332977547211
mean_and_kernel,unchanged,15,1,rho,cellular_clearance,0.005890925247907069,-0.009598182293941706,0.021387709441461733
mean_and_kernel,unchanged,15,1,rho,efflux,-0.019490403888954063,-0.03642861062007678,-0.0025567393208689618
mean_and_kernel,unchanged,15,1,rho,in_vivo_clearance,-0.04967855956405401,-0.21290310716163366,0.08137908116984348
mean_and_kernel,unchanged,15,1,rho,microsomal_clearance,0.004069356550285481,-0.004452925841421721,0.012022516145387054
mean_and_kernel,unchanged,15,1,rho,permeability,-0.033048447801007165,-0.059459141329534164,-0.008657982608967208
mean_and_kernel,unchanged,15,1,rho,protein_binding,0.0007137066910438504,-0.020279193743752182,0.024995637099569007
mean_and_kernel,unchanged,15,1,rho,macro,-0.015257237127463137,-0.04308869127463742,0.00787545370091219
mean_and_kernel,unchanged,15,1,nll,cellular_clearance,-0.0013939863826913956,-0.01367544820177563,0.01199741537618098
mean_and_kernel,unchanged,15,1,nll,efflux,-0.007659115590157817,-0.01769981031111646,0.003087081985730734
mean_and_kernel,unchanged,15,1,nll,in_vivo_clearance,-0.013301734039067366,-0.038268649225530096,0.014296363545592203
mean_and_kernel,unchanged,15,1,nll,microsomal_clearance,-0.001393555166459169,-0.007489337463013342,0.00509511568614382
mean_and_kernel,unchanged,15,1,nll,permeability,-0.018572762732618764,-0.030888657032503566,-0.006917045348825494
mean_and_kernel,unchanged,15,1,nll,protein_binding,-0.01922612638134547,-0.04161985935163869,0.002421546748358163
mean_and_kernel,unchanged,15,1,nll,macro,-0.01025788004872333,-0.01662012733354263,-0.0031028092410380547
mean_and_kernel,unchanged,15,2,r2,cellular_clearance,0.010462190482675309,-0.003676888976309409,0.026605962602489066
mean_and_kernel,unchanged,15,2,r2,efflux,0.005675918720107377,-0.006797087352559218,0.01866205198581701
mean_and_kernel,unchanged,15,2,r2,in_vivo_clearance,0.042416805491211615,-0.0031244979740369188,0.07993370958135126
mean_and_kernel,unchanged,15,2,r2,microsomal_clearance,0.007689322219224766,0.0014557618364441287,0.01494752084359674
mean_and_kernel,unchanged,15,2,r2,permeability,0.00016993328451249458,-0.018288028951997125,0.016970697875842627
mean_and_kernel,unchanged,15,2,r2,protein_binding,0.016043431595843267,-0.002458558353526361,0.02862850987877207
mean_and_kernel,unchanged,15,2,r2,macro,0.013742933632262472,0.004426958029748572,0.021537426207321915
mean_and_kernel,unchanged,15,2,rho,cellular_clearance,0.004400535959129904,-0.009149164778023574,0.01784739952029853
mean_and_kernel,unchanged,15,2,rho,efflux,-0.0018871637820093777,-0.01821214540334905,0.015521369061424126
mean_and_kernel,unchanged,15,2,rho,in_vivo_clearance,-0.04828247405588625,-0.13203362852280986,0.02025649559059562
mean_and_kernel,unchanged,15,2,rho,microsomal_clearance,0.006388574838201001,-0.0031345088617992403,0.015693059033105212
mean_and_kernel,unchanged,15,2,rho,permeability,-0.01734153412075505,-0.03907456271007197,0.0028133331833420385
mean_and_kernel,unchanged,15,2,rho,protein_binding,0.021585111108354538,-0.0005627724092782435,0.04335824123570714
mean_and_kernel,unchanged,15,2,rho,macro,-0.005856158342160873,-0.021003968927934213,0.006334423493755369
mean_and_kernel,unchanged,15,2,nll,cellular_clearance,-0.007706228275336857,-0.024308097004917845,0.011231946738700128
mean_and_kernel,unchanged,15,2,nll,efflux,-0.021968821320604463,-0.046743380713625896,-0.0007736706937930811
mean_and_kernel,unchanged,15,2,nll,in_vivo_clearance,0.02338623284090922,-0.02237782051137456,0.07305251863104228
mean_and_kernel,unchanged,15,2,nll,microsomal_clearance,0.00016775549608251828,-0.00936911511235374,0.008952443244788996
mean_and_kernel,unchanged,15,2,nll,permeability,-0.01025017803904628,-0.028559012499257234,0.006531503806232847
mean_and_kernel,unchanged,15,2,nll,protein_binding,0.015915337581003306,-0.005377212494064804,0.04117052342596766
mean_and_kernel,unchanged,15,2,nll,macro,-7.598361949875895e-05,-0.010480160157418756,0.011067898920059617
mean_and_kernel,unchanged,15,3,r2,cellular_clearance,0.01327028764061384,-0.0002535827262450192,0.026736556393288886
mean_and_kernel,unchanged,15,3,r2,efflux,0.008248022636600467,-0.0012905466579623797,0.018322833503094972
mean_and_kernel,unchanged,15,3,r2,in_vivo_clearance,0.027375367882184122,0.007408192371904784,0.04497124524386954
mean_and_kernel,unchanged,15,3,r2,microsomal_clearance,0.006941979749020919,0.0012884072993876244,0.01294642496444849
mean_and_kernel,unchanged,15,3,r2,permeability,0.0014402701603106044,-0.016953963552331464,0.017623869204892943
mean_and_kernel,unchanged,15,3,r2,protein_binding,0.03585139719879233,6.853218382481824e-05,0.05448558624686935
mean_and_kernel,unchanged,15,3,r2,macro,0.015521220877920383,0.006151453380458046,0.02180967283086182
mean_and_kernel,unchanged,15,3,rho,cellular_clearance,-0.001931666997417588,-0.01988611445240727,0.018605253176263818
mean_and_kernel,unchanged,15,3,rho,efflux,-0.016472982049540254,-0.03868989171659841,0.00564264994800424
mean_and_kernel,unchanged,15,3,rho,in_vivo_clearance,-0.0176525817066431,-0.07991795147241498,0.03497862409646895
mean_and_kernel,unchanged,15,3,rho,microsomal_clearance,0.010206128614692504,-0.0009670564115343499,0.020679830482797413
mean_and_kernel,unchanged,15,3,rho,permeability,0.013053489900711509,-0.010327519061905679,0.03360405775015664
mean_and_kernel,unchanged,15,3,rho,protein_binding,0.020978819338999918,-0.002021532364728683,0.04535129294335616
mean_and_kernel,unchanged,15,3,rho,macro,0.001363534516800498,-0.011501537094736542,0.01327667029439588
mean_and_kernel,unchanged,15,3,nll,cellular_clearance,-0.004971181805401596,-0.023503119732686657,0.013149327430271685
mean_and_kernel,unchanged,15,3,nll,efflux,-0.015530257979509783,-0.03780036523044762,0.0031425001426608782
mean_and_kernel,unchanged,15,3,nll,in_vivo_clearance,0.0067824251909186575,-0.018504291902916366,0.0322796040877004
mean_and_kernel,unchanged,15,3,nll,microsomal_clearance,0.004588279713592804,-0.0045123947193803455,0.012628239315956856
mean_and_kernel,unchanged,15,3,nll,permeability,-0.014068560108745829,-0.032197704310123205,0.0025427680829673976
mean_and_kernel,unchanged,15,3,nll,protein_binding,0.015339957293192735,-0.011087340547278052,0.050236650772552044
mean_and_kernel,unchanged,15,3,nll,macro,-0.0013098896159921686,-0.009713327301304761,0.00711650065652602
mean_and_kernel,unchanged,15,5,r2,cellular_clearance,0.01768412111389196,0.005509959015182278,0.03048000829442992
mean_and_kernel,unchanged,15,5,r2,efflux,0.004542735899597363,-0.005525664510651198,0.014469888171609331
mean_and_kernel,unchanged,15,5,r2,in_vivo_clearance,0.03450297795977632,0.015797154900805365,0.05189037411462739
mean_and_kernel,unchanged,15,5,r2,microsomal_clearance,0.006980927983271428,0.0018531195023116323,0.012254866117497402
mean_and_kernel,unchanged,15,5,r2,permeability,0.0028433714794447182,-0.01306535568597212,0.017081764018896523
mean_and_kernel,unchanged,15,5,r2,protein_binding,0.03146283256740741,-0.0024220108139938437,0.04806532045701178
mean_and_kernel,unchanged,15,5,r2,macro,0.016336161167231533,0.008219319247101588,0.02160556917914311
mean_and_kernel,unchanged,15,5,rho,cellular_clearance,0.0075234685508582646,-0.019518067192725485,0.02878732720023347
mean_and_kernel,unchanged,15,5,rho,efflux,-0.01419585434788908,-0.037206219022122594,0.008464105960599178
mean_and_kernel,unchanged,15,5,rho,in_vivo_clearance,0.006129892319440838,-0.04373875907041077,0.04715994840126106
mean_and_kernel,unchanged,15,5,rho,microsomal_clearance,0.015236128852317416,0.005174212859739875,0.024502390835918514
mean_and_kernel,unchanged,15,5,rho,permeability,0.0004814968030485758,-0.019540171262415675,0.01965187371987016
mean_and_kernel,unchanged,15,5,rho,protein_binding,0.019782861485851542,-0.00202151653942996,0.04649155535615264
mean_and_kernel,unchanged,15,5,rho,macro,0.005826332277271259,-0.005667291761522831,0.017254504472331463
mean_and_kernel,unchanged,15,5,nll,cellular_clearance,-0.0020413128047803326,-0.021862891603090108,0.016313451817766902
mean_and_kernel,unchanged,15,5,nll,efflux,-0.01475436256841202,-0.030361450885269498,-0.000365706947031681
mean_and_kernel,unchanged,15,5,nll,in_vivo_clearance,0.0074509370921715876,-0.015129161051865897,0.030934204738204695
mean_and_kernel,unchanged,15,5,nll,microsomal_clearance,0.007442500634789373,-0.0025826459734457036,0.015305177804870604
mean_and_kernel,unchanged,15,5,nll,permeability,-0.011462507324199678,-0.03015791967901561,0.004978581058345375
mean_and_kernel,unchanged,15,5,nll,protein_binding,0.014230338609170801,-0.01279401208264831,0.04978647154442837
mean_and_kernel,unchanged,15,5,nll,macro,0.00014426560645662152,-0.007714474151361306,0.008655794296101204
mean_and_kernel,unchanged,15,10,r2,cellular_clearance,0.0143450146606491,0.003968786631742465,0.023495827295120918
mean_and_kernel,unchanged,15,10,r2,efflux,0.008572856655003815,-0.0004077661969513471,0.017171431072933382
mean_and_kernel,unchanged,15,10,r2,in_vivo_clearance,0.028836996840495132,0.012860144456593954,0.04507208300915868
mean_and_kernel,unchanged,15,10,r2,microsomal_clearance,0.008195076385400178,0.00437513305192885,0.01226957854971911
mean_and_kernel,unchanged,15,10,r2,permeability,0.012166133702824773,-0.0017941801275051345,0.02440782843681157
mean_and_kernel,unchanged,15,10,r2,protein_binding,0.02732643504266988,-0.006683554436031002,0.045923659693302234
mean_and_kernel,unchanged,15,10,r2,macro,0.016573752214507145,0.008165153450466077,0.021970291850201204
mean_and_kernel,unchanged,15,10,rho,cellular_clearance,-0.0027987956871990184,-0.03747309539415935,0.02207405749209925
mean_and_kernel,unchanged,15,10,rho,efflux,0.0014307733418212991,-0.02080423292903953,0.02147339435003962
mean_and_kernel,unchanged,15,10,rho,in_vivo_clearance,0.02692535519599914,-0.021499084964849056,0.06238152078747972
mean_and_kernel,unchanged,15,10,rho,microsomal_clearance,0.013355536295258576,0.004512581000800218,0.021628165684194615
mean_and_kernel,unchanged,15,10,rho,permeability,0.006673713297479676,-0.016495326997454294,0.02946005199254425
mean_and_kernel,unchanged,15,10,rho,protein_binding,0.020755927834772692,0.0011689931370672559,0.0413461080863037
mean_and_kernel,unchanged,15,10,rho,macro,0.011057085046355393,-0.0007812095283613553,0.020919689274325536
mean_and_kernel,unchanged,15,10,nll,cellular_clearance,-0.005559962381379734,-0.02757006228531124,0.011793793706673262
mean_and_kernel,unchanged,15,10,nll,efflux,-0.009786473351357102,-0.025917745960461976,0.00473113281233762
mean_and_kernel,unchanged,15,10,nll,in_vivo_clearance,0.0027602223242522337,-0.023329872906513775,0.027606274060900136
mean_and_kernel,unchanged,15,10,nll,microsomal_clearance,0.007981193224762468,0.0005412879510695494,0.014563879183752324
mean_and_kernel,unchanged,15,10,nll,permeability,0.00204454166544453,-0.0206090321132754,0.02288176132864174
mean_and_kernel,unchanged,15,10,nll,protein_binding,0.003366080456587247,-0.02700281947516751,0.04451089190968553
mean_and_kernel,unchanged,15,10,nll,macro,0.00013426698971827412,-0.008719086995344988,0.009159445995233176
mean_and_kernel,kernel_only,15,1,r2,cellular_clearance,-0.00733005096085213,-0.017610965719146665,0.003439714643530064
mean_and_kernel,kernel_only,15,1,r2,efflux,-0.006024838783200603,-0.014110932435902461,0.0015965274829789532
mean_and_kernel,kernel_only,15,1,r2,in_vivo_clearance,-0.004000238371522493,-0.013674356464788089,0.0021341227352697574
mean_and_kernel,kernel_only,15,1,r2,microsomal_clearance,-0.0018149241680995257,-0.008414332476073977,0.005354114281597907
mean_and_kernel,kernel_only,15,1,r2,permeability,-0.016363194666274023,-0.0268866995624122,-0.006077680521054715
mean_and_kernel,kernel_only,15,1,r2,protein_binding,-0.008804400949125907,-0.018003884395282516,0.010514633337362845
mean_and_kernel,kernel_only,15,1,r2,macro,-0.007389607983179114,-0.01144160920733824,-0.0019145250391606906
mean_and_kernel,kernel_only,15,1,rho,cellular_clearance,0.0007358115140228145,-0.00823909918110277,0.009570494544853465
mean_and_kernel,kernel_only,15,1,rho,efflux,-0.010993276702033152,-0.024024955233215312,0.0008202236866894631
mean_and_kernel,kernel_only,15,1,rho,in_vivo_clearance,-0.0015389672666788034,-0.019999999062946194,0.014005263056409912
mean_and_kernel,kernel_only,15,1,rho,microsomal_clearance,0.004856306854600303,-0.002116557402802361,0.011456113055683495
mean_and_kernel,kernel_only,15,1,rho,permeability,-0.02107428576176366,-0.038908447102819106,-0.004686022662205664
mean_and_kernel,kernel_only,15,1,rho,protein_binding,-0.004544795592400158,-0.020631460795698945,0.008673864716198304
mean_and_kernel,kernel_only,15,1,rho,macro,-0.005426534492375443,-0.010725628964359938,-0.00042551627672810795
mean_and_kernel,kernel_only,15,1,nll,cellular_clearance,-0.0008152222049322481,-0.007704842837634758,0.006344655690756083
mean_and_kernel,kernel_only,15,1,nll,efflux,-0.003475958010098778,-0.009869642618468382,0.003721604895672527
mean_and_kernel,kernel_only,15,1,nll,in_vivo_clearance,-0.005916965596865659,-0.011885822123479063,-4.569249926679938e-05
mean_and_kernel,kernel_only,15,1,nll,microsomal_clearance,-0.00011657037385926296,-0.00462699897300745,0.004689837607239982
mean_and_kernel,kernel_only,15,1,nll,permeability,-0.0147727090413206,-0.022632505058333068,-0.006588394760370787
mean_and_kernel,kernel_only,15,1,nll,protein_binding,-0.0013092047011142368,-0.012909046345873828,0.013680117709781246
mean_and_kernel,kernel_only,15,1,nll,macro,-0.004401104988031797,-0.007912092513315892,-0.0001868876755020343
mean_and_kernel,kernel_only,15,2,r2,cellular_clearance,-0.00422531591989642,-0.010291374630811602,0.0011229636985876563
mean_and_kernel,kernel_only,15,2,r2,efflux,0.0007149281045189283,-0.0043797113181800115,0.005649464647278688
mean_and_kernel,kernel_only,15,2,r2,in_vivo_clearance,0.0018084005634097665,-0.0020586249601552324,0.0056410194593396
mean_and_kernel,kernel_only,15,2,r2,microsomal_clearance,0.0024934078233243987,-0.0012677454027331069,0.006780714318508328
mean_and_kernel,kernel_only,15,2,r2,permeability,-0.00696918923451665,-0.016336930642785043,0.0018723074560560709
mean_and_kernel,kernel_only,15,2,r2,protein_binding,0.006046074046687692,-0.0020211417467786096,0.023424249836505505
mean_and_kernel,kernel_only,15,2,r2,macro,-2.194910274538062e-05,-0.0021637792922977158,0.003303926961897024
mean_and_kernel,kernel_only,15,2,rho,cellular_clearance,0.0014414000277936435,-0.009646007826024858,0.011070310660961043
mean_and_kernel,kernel_only,15,2,rho,efflux,0.003977766150125743,-0.008531746690045219,0.017111526230248832
mean_and_kernel,kernel_only,15,2,rho,in_vivo_clearance,0.01791236393153668,-0.003292722382272276,0.044137835555807935
mean_and_kernel,kernel_only,15,2,rho,microsomal_clearance,0.006076637567787908,-0.0005816727792837401,0.013462239793751645
mean_and_kernel,kernel_only,15,2,rho,permeability,-0.010114920542885854,-0.02787364014118732,0.005212665482190576
mean_and_kernel,kernel_only,15,2,rho,protein_binding,0.009328238987787191,-0.006990616720997633,0.025084985750396756
mean_and_kernel,kernel_only,15,2,rho,macro,0.004770247687024219,-0.0018694519506604463,0.011012855156331623
mean_and_kernel,kernel_only,15,2,nll,cellular_clearance,-0.007633009465526743,-0.017304333374008978,0.0023642180017047383
mean_and_kernel,kernel_only,15,2,nll,efflux,-0.007790688567144764,-0.015924857786168853,-0.0004189442218103897
mean_and_kernel,kernel_only,15,2,nll,in_vivo_clearance,-0.0036142929343777747,-0.013463653987409495,0.0025445849989696326
mean_and_kernel,kernel_only,15,2,nll,microsomal_clearance,0.001484010534463928,-0.003983610093534452,0.00733145912579884
mean_and_kernel,kernel_only,15,2,nll,permeability,0.0011107472786644017,-0.009640234319669006,0.01206548655046868
mean_and_kernel,kernel_only,15,2,nll,protein_binding,0.011091599947273097,-0.0002544592525529767,0.026583313507931007
mean_and_kernel,kernel_only,15,2,nll,macro,-0.0008919388677746422,-0.004408673343478182,0.003176294840135435
mean_and_kernel,kernel_only,15,3,r2,cellular_clearance,-0.00030971467211640317,-0.006967420664851107,0.004688967510739652
mean_and_kernel,kernel_only,15,3,r2,efflux,0.0007531446366669718,-0.0031236015922458693,0.004540671001538815
mean_and_kernel,kernel_only,15,3,r2,in_vivo_clearance,0.0026312125363511085,0.0003713420529972091,0.0051139596739843375
mean_and_kernel,kernel_only,15,3,r2,microsomal_clearance,0.002863550986619351,-0.0003543927476577014,0.006251197561523677
mean_and_kernel,kernel_only,15,3,r2,permeability,-0.00623393051178083,-0.014878239741582061,0.000968358664071922
mean_and_kernel,kernel_only,15,3,r2,protein_binding,0.005393874750735951,0.0001520036105012597,0.017291961655394015
mean_and_kernel,kernel_only,15,3,r2,macro,0.0008496896210793582,-0.0011500059844244469,0.0030484713281008886
mean_and_kernel,kernel_only,15,3,rho,cellular_clearance,-0.002319603690214003,-0.013200517610303716,0.007048501205423437
mean_and_kernel,kernel_only,15,3,rho,efflux,-0.005376734846719986,-0.0170553707985412,0.007008165352086335
mean_and_kernel,kernel_only,15,3,rho,in_vivo_clearance,0.0018084520101547311,-0.011081467201223674,0.012442376768074064
mean_and_kernel,kernel_only,15,3,rho,microsomal_clearance,0.004198011803419694,-0.0035006753983352077,0.0113114793283468
mean_and_kernel,kernel_only,15,3,rho,permeability,0.009970821698920595,-0.00435270486176084,0.023048166081957186
mean_and_kernel,kernel_only,15,3,rho,protein_binding,-0.00104471569259961,-0.02103373514064157,0.014584093159967731
mean_and_kernel,kernel_only,15,3,rho,macro,0.001206038547160237,-0.004546681911252752,0.006053826284414724
mean_and_kernel,kernel_only,15,3,nll,cellular_clearance,-0.00439099849147863,-0.01526790564033933,0.006678063316575556
mean_and_kernel,kernel_only,15,3,nll,efflux,-0.006336285384733128,-0.015603685304356869,0.0009654577080648923
mean_and_kernel,kernel_only,15,3,nll,in_vivo_clearance,0.00021827720702592284,-0.0060953832294946934,0.0048192355598893925
mean_and_kernel,kernel_only,15,3,nll,microsomal_clearance,0.0022356287832212807,-0.0027326638736272792,0.007552187861418341
mean_and_kernel,kernel_only,15,3,nll,permeability,-0.004742870392959234,-0.0154648126901006,0.005225918302934481
mean_and_kernel,kernel_only,15,3,nll,protein_binding,0.0066483452134859615,-0.002899291766041069,0.017936039943102257
mean_and_kernel,kernel_only,15,3,nll,macro,-0.0010613171775729709,-0.004697679968236805,0.0025175382482554463
mean_and_kernel,kernel_only,15,5,r2,cellular_clearance,0.0018838415022618253,-0.0037192626539583797,0.005954820158774782
mean_and_kernel,kernel_only,15,5,r2,efflux,-0.000160808502683241,-0.004839362528040148,0.0040767460499012195
mean_and_kernel,kernel_only,15,5,r2,in_vivo_clearance,0.0021299950828660695,-0.00034135688953958724,0.004985870962087564
mean_and_kernel,kernel_only,15,5,r2,microsomal_clearance,0.002970230023576198,0.0009325444980456857,0.0052537666741016235
mean_and_kernel,kernel_only,15,5,r2,permeability,-0.005504319302682818,-0.013251338850314308,0.001072366977173199
mean_and_kernel,kernel_only,15,5,r2,protein_binding,0.003256866646639285,-2.821723377138403e-05,0.009199006721953952
mean_and_kernel,kernel_only,15,5,r2,macro,0.0007626342416628866,-0.001212956506789054,0.0026050494578732735
mean_and_kernel,kernel_only,15,5,rho,cellular_clearance,0.0021953797863445653,-0.008781824594625221,0.011918825651092221
mean_and_kernel,kernel_only,15,5,rho,efflux,-0.008035543602373872,-0.01890815669594593,0.00249434333435167
mean_and_kernel,kernel_only,15,5,rho,in_vivo_clearance,0.008038967065513122,-0.0043268298982824865,0.01888888746706975
mean_and_kernel,kernel_only,15,5,rho,microsomal_clearance,0.00701504634658185,0.0006800112312778047,0.013473346173524208
mean_and_kernel,kernel_only,15,5,rho,permeability,-0.012352802852789564,-0.026888187525893698,0.0011659016119400806
mean_and_kernel,kernel_only,15,5,rho,protein_binding,0.0051432903573820085,-0.012198091893687956,0.023112749298923315
mean_and_kernel,kernel_only,15,5,rho,macro,0.00033405618344301826,-0.004929074674175729,0.005198249500040377
mean_and_kernel,kernel_only,15,5,nll,cellular_clearance,-0.0014448439276400595,-0.013136963342247404,0.010772830607645594
mean_and_kernel,kernel_only,15,5,nll,efflux,-0.0071287087457229175,-0.015111620700819032,-0.00012341202505457519
mean_and_kernel,kernel_only,15,5,nll,in_vivo_clearance,0.0013236536403767886,-0.002919064657661614,0.004876128515793625
mean_and_kernel,kernel_only,15,5,nll,microsomal_clearance,0.0021116819251435145,-0.002546295478889206,0.0070893234226997
mean_and_kernel,kernel_only,15,5,nll,permeability,-0.004604391031872825,-0.01527227499193092,0.005315159224285916
mean_and_kernel,kernel_only,15,5,nll,protein_binding,0.0030653734494414334,-0.0049435818493790895,0.012307055807344893
mean_and_kernel,kernel_only,15,5,nll,macro,-0.0011128724483790108,-0.004434448636355397,0.0022331663267187107
mean_and_kernel,kernel_only,15,10,r2,cellular_clearance,0.0004881152816933216,-0.005019688849454239,0.004556775990347178
mean_and_kernel,kernel_only,15,10,r2,efflux,-0.0018381253798846848,-0.005722366470192182,0.0014663104633543885
mean_and_kernel,kernel_only,15,10,r2,in_vivo_clearance,0.001330797884906352,-0.0006183617284047968,0.0033674102386772164
mean_and_kernel,kernel_only,15,10,r2,microsomal_clearance,0.001632408085944171,0.0003316295316912703,0.00311100837310477
mean_and_kernel,kernel_only,15,10,r2,permeability,-0.0028138102426799416,-0.010145588469699738,0.0032367831436469043
mean_and_kernel,kernel_only,15,10,r2,protein_binding,0.0012563519616597381,-0.0028646913374623315,0.003711249752228466
mean_and_kernel,kernel_only,15,10,r2,macro,9.289598606492715e-06,-0.001883317029766464,0.0015195113889152866
mean_and_kernel,kernel_only,15,10,rho,cellular_clearance,0.0010587393024946345,-0.013084628382746903,0.012415495051218237
mean_and_kernel,kernel_only,15,10,rho,efflux,0.0029801663149286147,-0.00893575411175892,0.014189825350577003
mean_and_kernel,kernel_only,15,10,rho,in_vivo_clearance,0.005025978647172441,-0.010000000338897948,0.01587663058657199
mean_and_kernel,kernel_only,15,10,rho,microsomal_clearance,0.0039239947238578375,-0.002369879135242252,0.010376457525205765
mean_and_kernel,kernel_only,15,10,rho,permeability,-0.0021244891298313855,-0.015713910973144923,0.013418349694906578
mean_and_kernel,kernel_only,15,10,rho,protein_binding,0.006977699493820006,-0.011015703669205951,0.028867210072572872
mean_and_kernel,kernel_only,15,10,rho,macro,0.0029736815587403584,-0.0033598839367460125,0.008577550638950826
mean_and_kernel,kernel_only,15,10,nll,cellular_clearance,-0.002280158911792817,-0.01563914336244095,0.01226463307976342
mean_and_kernel,kernel_only,15,10,nll,efflux,-0.008433576456321451,-0.015395737632799921,-0.002433301155599196
mean_and_kernel,kernel_only,15,10,nll,in_vivo_clearance,0.000884545751266521,-0.0011640391237782565,0.002671045824918888
mean_and_kernel,kernel_only,15,10,nll,microsomal_clearance,-0.0004590170510911043,-0.005471808379235027,0.004829341154129984
mean_and_kernel,kernel_only,15,10,nll,permeability,-0.0022363070697137134,-0.013479568255973568,0.00772484504140112
mean_and_kernel,kernel_only,15,10,nll,protein_binding,-0.0007908796887745276,-0.009864837978964794,0.008596909929493173
mean_and_kernel,kernel_only,15,10,nll,macro,-0.0022192322377378487,-0.005874914265859259,0.0012574071649861232
weighted_selected,mean_and_kernel,15,1,r2,cellular_clearance,-0.0011061937317096541,-0.016011544120563517,0.012572785696306257
weighted_selected,mean_and_kernel,15,1,r2,efflux,0.01038630178434513,-0.0010988936476215951,0.020983748452400527
weighted_selected,mean_and_kernel,15,1,r2,in_vivo_clearance,0.005163073038408433,-0.010478654501843675,0.023191941969887275
weighted_selected,mean_and_kernel,15,1,r2,microsomal_clearance,-0.0025709657452218713,-0.007645835368649171,0.0019685622622273116
weighted_selected,mean_and_kernel,15,1,r2,permeability,0.0032592872988140326,-0.002346033190265947,0.008867366339973719
weighted_selected,mean_and_kernel,15,1,r2,protein_binding,0.006603039917812405,-0.004421427206981099,0.02126551440805187
weighted_selected,mean_and_kernel,15,1,r2,macro,0.0036224237604080786,-0.001293574942181748,0.008514839687472782
weighted_selected,mean_and_kernel,15,1,rho,cellular_clearance,-0.0007641581696830061,-0.019606018684737447,0.017947565426918676
weighted_selected,mean_and_kernel,15,1,rho,efflux,0.08308168030171481,0.025767102085573174,0.14928621705679684
weighted_selected,mean_and_kernel,15,1,rho,in_vivo_clearance,0.07307793572545052,-0.019971992300124843,0.20281092232470938
weighted_selected,mean_and_kernel,15,1,rho,microsomal_clearance,0.0007354224973708008,-0.004125952468467619,0.005700792370438437
weighted_selected,mean_and_kernel,15,1,rho,permeability,-0.001268040668219321,-0.010077444011707112,0.006434950060091207
weighted_selected,mean_and_kernel,15,1,rho,protein_binding,-0.005413665972424277,-0.027246801680094506,0.015471354469568129
weighted_selected,mean_and_kernel,15,1,rho,macro,0.024908195619034925,0.005349098124961191,0.04933583030163268
weighted_selected,mean_and_kernel,15,1,nll,cellular_clearance,-0.0028469810011885394,-0.012286848247464788,0.00593327274919933
weighted_selected,mean_and_kernel,15,1,nll,efflux,0.009675278683091733,0.0027236514510010925,0.01712027588852661
weighted_selected,mean_and_kernel,15,1,nll,in_vivo_clearance,0.010907808496269466,0.0011121060600986076,0.021720371361332588
weighted_selected,mean_and_kernel,15,1,nll,microsomal_clearance,-0.0018625054780001887,-0.004808870708903727,0.00076293574160916
weighted_selected,mean_and_kernel,15,1,nll,permeability,0.004103098619360035,-0.00038382759561519697,0.008748150729537982
weighted_selected,mean_and_kernel,15,1,nll,protein_binding,-0.002592247409073667,-0.01542241541455553,0.012298922191573428
weighted_selected,mean_and_kernel,15,1,nll,macro,0.0028974086517431397,-0.0006429563878808278,0.006653462900215915
weighted_selected,mean_and_kernel,15,2,r2,cellular_clearance,-0.01255993007162961,-0.0266178443240761,0.0013243009702324688
weighted_selected,mean_and_kernel,15,2,r2,efflux,-0.001783847587384209,-0.017078997875382296,0.012229013049125884
weighted_selected,mean_and_kernel,15,2,r2,in_vivo_clearance,-0.008419170501597474,-0.023898225083535913,0.00846819614819192
weighted_selected,mean_and_kernel,15,2,r2,microsomal_clearance,-0.006095473824460007,-0.009820490980513755,-0.0029025472422023013
weighted_selected,mean_and_kernel,15,2,r2,permeability,-0.01530879866503998,-0.025383215666437815,-0.004527571555922205
weighted_selected,mean_and_kernel,15,2,r2,protein_binding,-0.017751033504106676,-0.026339951525439557,-0.00029565064029044854
weighted_selected,mean_and_kernel,15,2,r2,macro,-0.010319709025702992,-0.014458851653637141,-0.004673855167159537
weighted_selected,mean_and_kernel,15,2,rho,cellular_clearance,0.005114899792625938,-0.012669783354633386,0.02442332663253811
weighted_selected,mean_and_kernel,15,2,rho,efflux,0.014291742830364792,-0.014135979621559916,0.04474598093482024
weighted_selected,mean_and_kernel,15,2,rho,in_vivo_clearance,0.03162660259753466,-0.005373707991476879,0.07999999951363046
weighted_selected,mean_and_kernel,15,2,rho,microsomal_clearance,-0.006600900599626046,-0.01182235866275241,-0.0017173145162193949
weighted_selected,mean_and_kernel,15,2,rho,permeability,-0.004708462715562858,-0.017899462820605904,0.007110798665834165
weighted_selected,mean_and_kernel,15,2,rho,protein_binding,-0.019083025492727754,-0.04491400253493976,0.0004378103697672392
weighted_selected,mean_and_kernel,15,2,rho,macro,0.0034401427354347892,-0.005693867998303553,0.013743098728418054
weighted_selected,mean_and_kernel,15,2,nll,cellular_clearance,-0.012714655537288474,-0.02953386753667062,0.001723743774512699
weighted_selected,mean_and_kernel,15,2,nll,efflux,0.0164351043943166,-0.00034802707947516554,0.03903492988169054
weighted_selected,mean_and_kernel,15,2,nll,in_vivo_clearance,0.0015326013510194845,-0.019446404881602458,0.02180816860441238
weighted_selected,mean_and_kernel,15,2,nll,microsomal_clearance,-0.003993767436368191,-0.007375809943203773,-0.0009267176740343896
weighted_selected,mean_and_kernel,15,2,nll,permeability,-0.01118058889338403,-0.020970536107743902,-0.0014166858625403456
weighted_selected,mean_and_kernel,15,2,nll,protein_binding,-0.006315553161249463,-0.017925029080287515,0.005658078689835149
weighted_selected,mean_and_kernel,15,2,nll,macro,-0.002706143213825679,-0.008948200999364804,0.00401106611725575
weighted_selected,mean_and_kernel,15,3,r2,cellular_clearance,-0.009797981001920251,-0.018332836233404953,-0.0014050304787158112
weighted_selected,mean_and_kernel,15,3,r2,efflux,-0.012539620633564258,-0.02901795702939765,0.004982724645754747
weighted_selected,mean_and_kernel,15,3,r2,in_vivo_clearance,0.0033526558475187847,-0.0069245892893279185,0.013413634151602185
weighted_selected,mean_and_kernel,15,3,r2,microsomal_clearance,-0.004768145396170758,-0.007762715674564012,-0.002252017161914589
weighted_selected,mean_and_kernel,15,3,r2,permeability,-0.005828810761159155,-0.014278576893156448,0.003982685141128231
weighted_selected,mean_and_kernel,15,3,r2,protein_binding,-0.022171379739028742,-0.035460228793448026,0.0005665946282428127
weighted_selected,mean_and_kernel,15,3,r2,macro,-0.008625546947387397,-0.014269279225120952,-0.0012199306997558574
weighted_selected,mean_and_kernel,15,3,rho,cellular_clearance,0.010943818914948973,-0.004721161527353619,0.028353933548547074
weighted_selected,mean_and_kernel,15,3,rho,efflux,0.021800835816948496,0.0014290387244321892,0.043392161198299035
weighted_selected,mean_and_kernel,15,3,rho,in_vivo_clearance,0.03452597878873348,0.005216384909148869,0.07256575643883216
weighted_selected,mean_and_kernel,15,3,rho,microsomal_clearance,-0.0035374839934619526,-0.00828362402652325,0.0013145481119571055
weighted_selected,mean_and_kernel,15,3,rho,permeability,-0.010216934554692768,-0.01958156754106523,-0.0001347937226095944
weighted_selected,mean_and_kernel,15,3,rho,protein_binding,-0.010667637741249627,-0.029132679629477763,0.007166481908038224
weighted_selected,mean_and_kernel,15,3,rho,macro,0.007141429538537767,-0.0005933191676582005,0.01647096455266845
weighted_selected,mean_and_kernel,15,3,nll,cellular_clearance,-0.010626772393390042,-0.023740920630020066,0.00037827025183912605
weighted_selected,mean_and_kernel,15,3,nll,efflux,0.004739843423929167,-0.009266252685731653,0.021176703628993754
weighted_selected,mean_and_kernel,15,3,nll,in_vivo_clearance,0.010367054212545143,-0.005144447457253559,0.029875421458337676
weighted_selected,mean_and_kernel,15,3,nll,microsomal_clearance,-0.00416060291545003,-0.007555620453949165,-0.0010916653228593472
weighted_selected,mean_and_kernel,15,3,nll,permeability,-0.005694760385144866,-0.01343236767186573,0.002395884444278173
weighted_selected,mean_and_kernel,15,3,nll,protein_binding,-0.002554735773764435,-0.019624615039861362,0.008645822577204126
weighted_selected,mean_and_kernel,15,3,nll,macro,-0.0013216623052125104,-0.006433532556874259,0.004137563800325032
weighted_selected,mean_and_kernel,15,5,r2,cellular_clearance,-0.002384774623098611,-0.008428199935677665,0.00345675335089041
weighted_selected,mean_and_kernel,15,5,r2,efflux,3.4141822602398766e-05,-0.011320423075579181,0.01124449592337785
weighted_selected,mean_and_kernel,15,5,r2,in_vivo_clearance,0.005507923471442605,-0.0007527418828354695,0.013680771912898003
weighted_selected,mean_and_kernel,15,5,r2,microsomal_clearance,-0.0010279626669073127,-0.0033245507329160745,0.001155769378485347
weighted_selected,mean_and_kernel,15,5,r2,permeability,-0.0031115679000156327,-0.009996392132174748,0.004057705323866575
weighted_selected,mean_and_kernel,15,5,r2,protein_binding,-0.020346415208003253,-0.033797162125909275,0.002832704538219651
weighted_selected,mean_and_kernel,15,5,r2,macro,-0.003554775850663301,-0.007749132354836803,0.0023305623647470884
weighted_selected,mean_and_kernel,15,5,rho,cellular_clearance,-0.0035989530856096307,-0.018977278798923518,0.01243991273945818
weighted_selected,mean_and_kernel,15,5,rho,efflux,0.02797370777913819,0.01270188811198901,0.044244938683056206
weighted_selected,mean_and_kernel,15,5,rho,in_vivo_clearance,0.019422065243124967,-0.018949097664893735,0.07447881334085087
weighted_selected,mean_and_kernel,15,5,rho,microsomal_clearance,-0.0003431250474662948,-0.005218444394827343,0.004225592317468468
weighted_selected,mean_and_kernel,15,5,rho,permeability,-0.0008389467683931139,-0.009752697767246325,0.008055234188213944
weighted_selected,mean_and_kernel,15,5,rho,protein_binding,-0.0010695310478860576,-0.01608455093413152,0.0105262890255877
weighted_selected,mean_and_kernel,15,5,rho,macro,0.006924202845484677,-0.000654544119382943,0.016089556981301344
weighted_selected,mean_and_kernel,15,5,nll,cellular_clearance,-0.003697006598770896,-0.01420798171361754,0.006202603770160442
weighted_selected,mean_and_kernel,15,5,nll,efflux,0.008278759975004766,-0.007166040710356168,0.025928481759651997
weighted_selected,mean_and_kernel,15,5,nll,in_vivo_clearance,0.014963272382902255,0.00017027651347504855,0.0351966804537546
weighted_selected,mean_and_kernel,15,5,nll,microsomal_clearance,-0.0014598447860356611,-0.004613383565779171,0.0017034625114221121
weighted_selected,mean_and_kernel,15,5,nll,permeability,-0.0050483283025745075,-0.013458071489839678,0.003271312292076154
weighted_selected,mean_and_kernel,15,5,nll,protein_binding,-0.002852414190102341,-0.014620450087297815,0.006929887224551003
weighted_selected,mean_and_kernel,15,5,nll,macro,0.0016974064134039357,-0.0030751825823617227,0.007481762347536434
weighted_selected,mean_and_kernel,15,10,r2,cellular_clearance,-0.007320517660020009,-0.016000750085087154,-0.0004706490763975198
weighted_selected,mean_and_kernel,15,10,r2,efflux,-0.0050459091209151576,-0.013225555064446554,0.0032486542314017616
weighted_selected,mean_and_kernel,15,10,r2,in_vivo_clearance,0.013338374294418214,0.0017816570660306576,0.0295378970847491
weighted_selected,mean_and_kernel,15,10,r2,microsomal_clearance,-0.0014013407346806302,-0.0034030105852685876,0.0005952762247268107
weighted_selected,mean_and_kernel,15,10,r2,permeability,0.0003487966230140501,-0.0035487197802905727,0.004535276910282111
weighted_selected,mean_and_kernel,15,10,r2,protein_binding,-0.0005691431695813223,-0.0071124998354321544,0.0035198547416289013
weighted_selected,mean_and_kernel,15,10,r2,macro,-0.00010828996129414261,-0.0031206944083122614,0.003460991688716269
weighted_selected,mean_and_kernel,15,10,rho,cellular_clearance,-0.01650539100520433,-0.03472683914247553,-0.00016423310780171478
weighted_selected,mean_and_kernel,15,10,rho,efflux,0.003515499740563057,-0.012525527318692935,0.01942265822531658
weighted_selected,mean_and_kernel,15,10,rho,in_vivo_clearance,0.0055129886791110165,-0.015334605676587648,0.032747042741892586
weighted_selected,mean_and_kernel,15,10,rho,microsomal_clearance,-0.0016518628560791876,-0.0071958424440756365,0.0038097310052336076
weighted_selected,mean_and_kernel,15,10,rho,permeability,-0.0018284320934779117,-0.013140563475526232,0.00993066087522915
weighted_selected,mean_and_kernel,15,10,rho,protein_binding,-0.0070172892149650634,-0.01859438301130646,0.010362831997338697
weighted_selected,mean_and_kernel,15,10,rho,macro,-0.0029957477916754036,-0.00905182626731574,0.004450882284627469
weighted_selected,mean_and_kernel,15,10,nll,cellular_clearance,-0.011625625576926686,-0.02663446616159916,9.279487660023308e-05
weighted_selected,mean_and_kernel,15,10,nll,efflux,-0.0018295783311127797,-0.017265413197997962,0.016609936948054956
weighted_selected,mean_and_kernel,15,10,nll,in_vivo_clearance,0.0220425468196875,0.003518196667772286,0.046980763022779
weighted_selected,mean_and_kernel,15,10,nll,microsomal_clearance,-0.0018463311976571906,-0.005407263162052103,0.0015942796359399516
weighted_selected,mean_and_kernel,15,10,nll,permeability,-0.007815682670481843,-0.01601676459014937,-3.45353684247976e-05
weighted_selected,mean_and_kernel,15,10,nll,protein_binding,-0.002754243495277803,-0.014761200576161544,0.00822311516460868
weighted_selected,mean_and_kernel,15,10,nll,macro,-0.0006381524086281334,-0.005620476475460504,0.005540696527235863
mean_and_kernel,gp,15,1,r2,cellular_clearance,0.003728075890739208,-0.037321198197143544,0.050322931558039435
mean_and_kernel,gp,15,1,r2,efflux,0.01081483553004003,-0.077981282547272,0.10688025920788173
mean_and_kernel,gp,15,1,r2,in_vivo_clearance,-0.005449032440176567,-0.05680194613595586,0.0471258892288176
mean_and_kernel,gp,15,1,r2,microsomal_clearance,-0.0391305979673239,-0.056569924388722506,-0.021461776455404855
mean_and_kernel,gp,15,1,r2,permeability,0.03639433428977399,-0.020970119231564555,0.10504952519464303
mean_and_kernel,gp,15,1,r2,protein_binding,0.004253688752358675,-0.05635254224340833,0.15309944176754436
mean_and_kernel,gp,15,1,r2,macro,0.0017685506759019057,-0.022427430115522454,0.03831687428390668
mean_and_kernel,gp,15,1,rho,cellular_clearance,0.10509702094236202,0.03696798403896056,0.16715918631722143
mean_and_kernel,gp,15,1,rho,efflux,0.08044428896415712,-0.01935844011852382,0.19378350209987566
mean_and_kernel,gp,15,1,rho,in_vivo_clearance,-0.01055195744403512,-0.2156498924312426,0.21033633523044326
mean_and_kernel,gp,15,1,rho,microsomal_clearance,-0.0021054694045502943,-0.023802975694992352,0.017632348312659352
mean_and_kernel,gp,15,1,rho,permeability,0.11864361471865835,0.02736909185099627,0.2265590983739773
mean_and_kernel,gp,15,1,rho,protein_binding,0.05188238926607878,-0.007072634762184395,0.11889370719271967
mean_and_kernel,gp,15,1,rho,macro,0.05723498117377848,0.013193807417988937,0.10807279291033065
mean_and_kernel,gp,15,1,nll,cellular_clearance,0.0201597469928603,-0.01498932169697925,0.05849530138168348
mean_and_kernel,gp,15,1,nll,efflux,-0.006046790668793522,-0.05621359458168421,0.04879824720617941
mean_and_kernel,gp,15,1,nll,in_vivo_clearance,0.0034958912084229717,-0.08267697865974234,0.07696092114539005
mean_and_kernel,gp,15,1,nll,microsomal_clearance,-0.015015517101688686,-0.026852608500397803,-0.0030274108533440494
mean_and_kernel,gp,15,1,nll,permeability,0.03672172135558477,-1.9781709241832845e-05,0.07761897662264132
mean_and_kernel,gp,15,1,nll,protein_binding,0.10765949887548212,0.027353137532738433,0.18081844352288307
mean_and_kernel,gp,15,1,nll,macro,0.02449575844364466,0.000268734573555318,0.04831791217113825
mean_and_kernel,gp,15,2,r2,cellular_clearance,0.0190657661128353,-0.007544811652153913,0.05195889137408632
mean_and_kernel,gp,15,2,r2,efflux,0.0305038290788226,-0.033682251165436994,0.1024323339181775
mean_and_kernel,gp,15,2,r2,in_vivo_clearance,-0.023382555457695037,-0.056860898520972536,0.004967813581639638
mean_and_kernel,gp,15,2,r2,microsomal_clearance,-0.00811343041830055,-0.016862414702228726,0.0011907890453593502
mean_and_kernel,gp,15,2,r2,permeability,0.03381851022222362,-0.002744507029496596,0.07747743735519387
mean_and_kernel,gp,15,2,r2,protein_binding,0.011858215350454343,-0.03516757209794808,0.11950928958938624
mean_and_kernel,gp,15,2,r2,macro,0.01062505581472338,-0.007861447138985308,0.03905003911763515
mean_and_kernel,gp,15,2,rho,cellular_clearance,0.0588924091535232,0.008242628860104205,0.1052808435254448
mean_and_kernel,gp,15,2,rho,efflux,0.04132785964829099,-0.035059847750563804,0.12154162628696494
mean_and_kernel,gp,15,2,rho,in_vivo_clearance,-0.042357119827340944,-0.14841177090845015,0.06239721546784632
mean_and_kernel,gp,15,2,rho,microsomal_clearance,-0.002392748235562344,-0.023747231581019112,0.015852227897787202
mean_and_kernel,gp,15,2,rho,permeability,0.08785877317581958,0.027237643209470214,0.16116970672283495
mean_and_kernel,gp,15,2,rho,protein_binding,0.06088863493925174,0.003672177846841213,0.12997207032277153
mean_and_kernel,gp,15,2,rho,macro,0.0340363014756637,0.006856856447614931,0.06449170472481815
mean_and_kernel,gp,15,2,nll,cellular_clearance,0.00338622479900248,-0.03314676869101641,0.04684827092860524
mean_and_kernel,gp,15,2,nll,efflux,-0.015267149305716486,-0.08174289790548948,0.05523411862350384
mean_and_kernel,gp,15,2,nll,in_vivo_clearance,0.027316532200837053,-0.05495228340661319,0.1450131001362673
mean_and_kernel,gp,15,2,nll,microsomal_clearance,-0.009489787680055341,-0.03681032281364728,0.025068905091140067
mean_and_kernel,gp,15,2,nll,permeability,0.03901010473804672,-0.0068081053870010086,0.08762574677850497
mean_and_kernel,gp,15,2,nll,protein_binding,0.12684695000246796,0.021813732028539812,0.21318591387454056
mean_and_kernel,gp,15,2,nll,macro,0.028633812459097064,-9.359124342884318e-05,0.0586397765563736
mean_and_kernel,gp,15,3,r2,cellular_clearance,0.014230867720517059,-0.009752317664911081,0.03899059730081314
mean_and_kernel,gp,15,3,r2,efflux,0.010226406099646116,-0.03186285430931033,0.058180100799026614
mean_and_kernel,gp,15,3,r2,in_vivo_clearance,-0.01388326087357043,-0.04239718497534629,0.01646726359905343
mean_and_kernel,gp,15,3,r2,microsomal_clearance,-0.006335823395262092,-0.014227982925409307,0.0016630123582172564
mean_and_kernel,gp,15,3,r2,permeability,0.025101392238174983,-0.006138201518319102,0.059305806423855675
mean_and_kernel,gp,15,3,r2,protein_binding,0.019423263362454337,-0.01391694070948075,0.09862080876664638
mean_and_kernel,gp,15,3,r2,macro,0.008127140858659995,-0.003991119779360922,0.026928133054590537
mean_and_kernel,gp,15,3,rho,cellular_clearance,0.03280461090159609,-0.014170071661002037,0.07800256197749425
mean_and_kernel,gp,15,3,rho,efflux,0.003348806788226691,-0.0593061406505732,0.07188406244491577
mean_and_kernel,gp,15,3,rho,in_vivo_clearance,-0.0578084520553223,-0.15669834236012417,0.02544831823686306
mean_and_kernel,gp,15,3,rho,microsomal_clearance,-0.011095196514554031,-0.03152503354260044,0.006977850199076191
mean_and_kernel,gp,15,3,rho,permeability,0.06599782367045942,0.02121795521171968,0.11896156847787202
mean_and_kernel,gp,15,3,rho,protein_binding,0.05811228565889463,-0.003125946466358255,0.13395313230225453
mean_and_kernel,gp,15,3,rho,macro,0.015226646408216749,-0.006922248411777461,0.03936366432320891
mean_and_kernel,gp,15,3,nll,cellular_clearance,0.01970954047035397,-0.014103643276277687,0.057948111440085145
mean_and_kernel,gp,15,3,nll,efflux,-0.010209998272121143,-0.07842080322065602,0.061525103961047066
mean_and_kernel,gp,15,3,nll,in_vivo_clearance,0.03181285883357884,-0.05252221282325775,0.14595073411858397
mean_and_kernel,gp,15,3,nll,microsomal_clearance,0.0002514265693774126,-0.026125054650368493,0.037062237879622
mean_and_kernel,gp,15,3,nll,permeability,0.04515224790576268,4.82089996316136e-06,0.09538064943240908
mean_and_kernel,gp,15,3,nll,protein_binding,0.14161785234048613,0.028645629398949657,0.23075168448584588
mean_and_kernel,gp,15,3,nll,macro,0.038055654641239646,0.00783875690052931,0.06710884454738807
mean_and_kernel,gp,15,5,r2,cellular_clearance,0.010292689457615942,-0.008831785134789345,0.027718575131586938
mean_and_kernel,gp,15,5,r2,efflux,0.005337997345355591,-0.030435322885193777,0.041811914948110734
mean_and_kernel,gp,15,5,r2,in_vivo_clearance,-0.017645753432702013,-0.04011972708580129,0.005792592083110465
mean_and_kernel,gp,15,5,r2,microsomal_clearance,-0.006413651931635185,-0.014967097491336595,0.0013027757905339635
mean_and_kernel,gp,15,5,r2,permeability,0.012878972983961092,-0.013915509111181272,0.03863494257822659
mean_and_kernel,gp,15,5,r2,protein_binding,0.02078747795223828,-0.009397563428509245,0.08899343120687268
mean_and_kernel,gp,15,5,r2,macro,0.004206288729138951,-0.005272476528645565,0.018604120791869513
mean_and_kernel,gp,15,5,rho,cellular_clearance,0.014925772912031107,-0.025814345072190475,0.057061415951622896
mean_and_kernel,gp,15,5,rho,efflux,-0.009724119907335292,-0.05832136077205048,0.04299340538704555
mean_and_kernel,gp,15,5,rho,in_vivo_clearance,-0.05259092515279805,-0.13840983141044072,0.013795674117739394
mean_and_kernel,gp,15,5,rho,microsomal_clearance,-0.009255963492640115,-0.02695742159561256,0.006859589412184502
mean_and_kernel,gp,15,5,rho,permeability,0.02510146591592053,-0.015592080964710741,0.07073026460166307
mean_and_kernel,gp,15,5,rho,protein_binding,0.053918189751696266,-0.0007264407358011244,0.12206531866705903
mean_and_kernel,gp,15,5,rho,macro,0.0037290700044790744,-0.01572951106553502,0.024477172727374458
mean_and_kernel,gp,15,5,nll,cellular_clearance,0.01360140580419327,-0.017732103135073427,0.04855888452465834
mean_and_kernel,gp,15,5,nll,efflux,-0.009747575870418024,-0.07374683523552188,0.06047986033048772
mean_and_kernel,gp,15,5,nll,in_vivo_clearance,0.03023686623622123,-0.06991592177246422,0.16553590530052134
mean_and_kernel,gp,15,5,nll,microsomal_clearance,-0.002988189412040563,-0.026940748102817248,0.029690416747660212
mean_and_kernel,gp,15,5,nll,permeability,0.03280778577890789,-0.017544532569282872,0.08502398097216596
mean_and_kernel,gp,15,5,nll,protein_binding,0.14769397105945575,0.03547313430165288,0.23643830479873323
mean_and_kernel,gp,15,5,nll,macro,0.03526737726605326,0.004358788272362903,0.06500976817101345
mean_and_kernel,gp,15,10,r2,cellular_clearance,0.005882168743936774,-0.013123331571947967,0.021804058579151915
mean_and_kernel,gp,15,10,r2,efflux,0.00615927050785071,-0.01660576219838411,0.028412662367510142
mean_and_kernel,gp,15,10,r2,in_vivo_clearance,-0.01626847293145174,-0.03431650057611554,0.0008961833763233134
mean_and_kernel,gp,15,10,r2,microsomal_clearance,-0.008200880970954456,-0.016451719731245172,-0.00048254805545695615
mean_and_kernel,gp,15,10,r2,permeability,0.000777015920690819,-0.020955205230556124,0.017362270606636438
mean_and_kernel,gp,15,10,r2,protein_binding,0.014003722148907626,-0.008644163598046933,0.0646070467789737
mean_and_kernel,gp,15,10,r2,macro,0.0003921372364966219,-0.006253085070272243,0.010064882463656244
mean_and_kernel,gp,15,10,rho,cellular_clearance,-0.010995178962188287,-0.06453487910139533,0.03320992436205195
mean_and_kernel,gp,15,10,rho,efflux,-0.012757732721999461,-0.05594642343345328,0.029731374727886384
mean_and_kernel,gp,15,10,rho,in_vivo_clearance,-0.016883098729432916,-0.11327122984754495,0.05963691704353731
mean_and_kernel,gp,15,10,rho,microsomal_clearance,-0.002340861211457713,-0.016357926114258525,0.011523694819464013
mean_and_kernel,gp,15,10,rho,permeability,-0.02201581092987877,-0.05900094875173245,0.016628164308196292
mean_and_kernel,gp,15,10,rho,protein_binding,0.04560136896091837,-0.011216583428406339,0.11463130333588233
mean_and_kernel,gp,15,10,rho,macro,-0.003231885599006463,-0.024853593002702422,0.016768596524760628
mean_and_kernel,gp,15,10,nll,cellular_clearance,0.0058262267944377945,-0.030754822790360136,0.0421897048379614
mean_and_kernel,gp,15,10,nll,efflux,-0.012991303454738139,-0.0781403676061771,0.0618003621708284
mean_and_kernel,gp,15,10,nll,in_vivo_clearance,0.02685777574489323,-0.1062237882824548,0.21960556038440118
mean_and_kernel,gp,15,10,nll,microsomal_clearance,-0.011459581214245548,-0.03531364954896663,0.018959663613280837
mean_and_kernel,gp,15,10,nll,permeability,0.024533027528361975,-0.029030009561584254,0.0821824152242204
mean_and_kernel,gp,15,10,nll,protein_binding,0.1517961627413943,0.02989405412014868,0.24838445864820174
mean_and_kernel,gp,15,10,nll,macro,0.030760384690017267,-0.005964369774963012,0.06680395668879027
weighted_selected,gp,15,1,r2,cellular_clearance,0.0026218821590295537,-0.036896270492707786,0.048809537229449744
weighted_selected,gp,15,1,r2,efflux,0.021201137314385148,-0.06239775240762219,0.11136125734767113
weighted_selected,gp,15,1,r2,in_vivo_clearance,-0.0002859594017681342,-0.05589814718456185,0.05984188379718303
weighted_selected,gp,15,1,r2,microsomal_clearance,-0.04170156371254576,-0.05866030275926681,-0.02431920621456274
weighted_selected,gp,15,1,r2,permeability,0.039653621588588026,-0.016646025058717706,0.10780050218378011
weighted_selected,gp,15,1,r2,protein_binding,0.010856728670171076,-0.05034554574775857,0.15970556645701395
weighted_selected,gp,15,1,r2,macro,0.0053909744363099844,-0.017777090295072916,0.04151416645136378
weighted_selected,gp,15,1,rho,cellular_clearance,0.10433286277267906,0.038226427665356756,0.1631115343924248
weighted_selected,gp,15,1,rho,efflux,0.16352596926587196,0.08580086204693549,0.26352305782553975
weighted_selected,gp,15,1,rho,in_vivo_clearance,0.0625259782814154,-0.13888118921492368,0.28631569753375796
weighted_selected,gp,15,1,rho,microsomal_clearance,-0.0013700469071794936,-0.02282808841472963,0.01774903631047993
weighted_selected,gp,15,1,rho,permeability,0.117375574050439,0.028593793338537645,0.22241079448979004
weighted_selected,gp,15,1,rho,protein_binding,0.0464687232936545,-0.019202680905041618,0.1216206352836984
weighted_selected,gp,15,1,rho,macro,0.0821431767928134,0.03984941740731217,0.1327414675409477
weighted_selected,gp,15,1,nll,cellular_clearance,0.017312765991671766,-0.01673510531790153,0.05423110811717687
weighted_selected,gp,15,1,nll,efflux,0.0036284880142982002,-0.043958858676741146,0.05521493089771064
weighted_selected,gp,15,1,nll,in_vivo_clearance,0.014403699704692435,-0.06963551674134881,0.08647706500030289
weighted_selected,gp,15,1,nll,microsomal_clearance,-0.016878022579688876,-0.028779214400032817,-0.0049742469858207634
weighted_selected,gp,15,1,nll,permeability,0.040824819974944804,0.004976797156685937,0.08157040019957335
weighted_selected,gp,15,1,nll,protein_binding,0.10506725146640844,0.02217445914352631,0.18476410814858416
weighted_selected,gp,15,1,nll,macro,0.027393167095387794,0.0031755420956190565,0.05124498849570252
weighted_selected,gp,15,2,r2,cellular_clearance,0.00650583604120569,-0.020090490128817102,0.040141605999152244
weighted_selected,gp,15,2,r2,efflux,0.028719981491438385,-0.03157736387037152,0.09692073228477906
weighted_selected,gp,15,2,r2,in_vivo_clearance,-0.031801725959292516,-0.06607433405777695,0.0008736041946908031
weighted_selected,gp,15,2,r2,microsomal_clearance,-0.014208904242760558,-0.022714055677698547,-0.005631892974657462
weighted_selected,gp,15,2,r2,permeability,0.01850971155718364,-0.020204094110303168,0.06481913774432854
weighted_selected,gp,15,2,r2,protein_binding,-0.0058928181536523246,-0.05806327241296573,0.11098941849096511
weighted_selected,gp,15,2,r2,macro,0.0003053467890203861,-0.018583026241754785,0.030711579087863424
weighted_selected,gp,15,2,rho,cellular_clearance,0.06400730894614916,0.01868136039489229,0.10668037485285951
weighted_selected,gp,15,2,rho,efflux,0.05561960247865579,-0.011720758974667945,0.12711582088921825
weighted_selected,gp,15,2,rho,in_vivo_clearance,-0.01073051722980628,-0.11888181886595423,0.10309402775023208
weighted_selected,gp,15,2,rho,microsomal_clearance,-0.008993648835188392,-0.029848547847193627,0.008781237136908275
weighted_selected,gp,15,2,rho,permeability,0.08315031046025674,0.025943986516873338,0.15126978948129713
weighted_selected,gp,15,2,rho,protein_binding,0.041805609446524,-0.01913661276422762,0.11132383466050538
weighted_selected,gp,15,2,rho,macro,0.037476444211098504,0.01003534173638608,0.06912704627943503
weighted_selected,gp,15,2,nll,cellular_clearance,-0.009328430738285994,-0.052245619678617405,0.03883490782055715
weighted_selected,gp,15,2,nll,efflux,0.0011679550886001214,-0.05954925848167889,0.06781852653281192
weighted_selected,gp,15,2,nll,in_vivo_clearance,0.02884913355185654,-0.051583431005147916,0.15198423518411167
weighted_selected,gp,15,2,nll,microsomal_clearance,-0.013483555116423532,-0.03977885025020476,0.020043777677879807
weighted_selected,gp,15,2,nll,permeability,0.027829515844662683,-0.019391152163672813,0.07963142698356097
weighted_selected,gp,15,2,nll,protein_binding,0.1205313968412185,0.010954385558097636,0.21189127960327878
weighted_selected,gp,15,2,nll,macro,0.025927669245271387,-0.002017975950915726,0.05780834026901356
weighted_selected,gp,15,3,r2,cellular_clearance,0.004432886718596808,-0.018825736593471292,0.02868688333309949
weighted_selected,gp,15,3,r2,efflux,-0.0023132145339181437,-0.045682799525926784,0.04854412822721322
weighted_selected,gp,15,3,r2,in_vivo_clearance,-0.010530605026051647,-0.03934418189631024,0.018802523865733625
weighted_selected,gp,15,3,r2,microsomal_clearance,-0.011103968791432852,-0.018575369659427212,-0.003672201408723775
weighted_selected,gp,15,3,r2,permeability,0.019272581477015827,-0.01149594374292173,0.05510632754871237
weighted_selected,gp,15,3,r2,protein_binding,-0.0027481163765743985,-0.04626931816428543,0.0938519306253498
weighted_selected,gp,15,3,r2,macro,-0.0004984060887274015,-0.014739999167144554,0.022513153921216788
weighted_selected,gp,15,3,rho,cellular_clearance,0.04374842981654505,0.0025757302211817453,0.08500573842599801
weighted_selected,gp,15,3,rho,efflux,0.02514964260517519,-0.03293986882633282,0.09127754674073713
weighted_selected,gp,15,3,rho,in_vivo_clearance,-0.023282473266588822,-0.11717579606472266,0.05868024353996874
weighted_selected,gp,15,3,rho,microsomal_clearance,-0.014632680508015987,-0.034028586638077944,0.0030557790642806526
weighted_selected,gp,15,3,rho,permeability,0.05578088911576667,0.007643145688473862,0.11181661216121647
weighted_selected,gp,15,3,rho,protein_binding,0.047444647917644994,-0.012627358135326753,0.1217154372262827
weighted_selected,gp,15,3,rho,macro,0.02236807594675452,0.001227970072755079,0.046461060893769605
weighted_selected,gp,15,3,nll,cellular_clearance,0.009082768076963921,-0.027734354174219406,0.048710427409488895
weighted_selected,gp,15,3,nll,efflux,-0.005470154848191978,-0.0715369805483184,0.06456393599511542
weighted_selected,gp,15,3,nll,in_vivo_clearance,0.04217991304612398,-0.03911971505270307,0.15882515108726478
weighted_selected,gp,15,3,nll,microsomal_clearance,-0.003909176346072621,-0.02932998551124833,0.03251200585482834
weighted_selected,gp,15,3,nll,permeability,0.03945748752061781,-0.00741269084647237,0.09175641127333944
weighted_selected,gp,15,3,nll,protein_binding,0.1390631165667217,0.01741482764105812,0.2326916262811655
weighted_selected,gp,15,3,nll,macro,0.03673399233602714,0.007302959237132537,0.06689731990482269
weighted_selected,gp,15,5,r2,cellular_clearance,0.007907914834517332,-0.010016769582548785,0.02389695857339535
weighted_selected,gp,15,5,r2,efflux,0.00537213916795799,-0.02764311613798201,0.041506546931396424
weighted_selected,gp,15,5,r2,in_vivo_clearance,-0.012137829961259403,-0.03555803123284376,0.011570450000661793
weighted_selected,gp,15,5,r2,microsomal_clearance,-0.0074416145985424995,-0.015948098539423864,0.00012374755397182697
weighted_selected,gp,15,5,r2,permeability,0.00976740508394546,-0.01465608537254181,0.03657049572415128
weighted_selected,gp,15,5,r2,protein_binding,0.00044106274423501887,-0.04074705079902715,0.08444576924013437
weighted_selected,gp,15,5,r2,macro,0.0006515128784756497,-0.010125231192505609,0.01854908283632554
weighted_selected,gp,15,5,rho,cellular_clearance,0.011326819826421477,-0.02666412385812694,0.05035148442152835
weighted_selected,gp,15,5,rho,efflux,0.018249587871802902,-0.02744657704326556,0.06939152497537031
weighted_selected,gp,15,5,rho,in_vivo_clearance,-0.03316885990967308,-0.11639976455270765,0.03651808761725903
weighted_selected,gp,15,5,rho,microsomal_clearance,-0.00959908854010641,-0.028333278535899894,0.007844372057384303
weighted_selected,gp,15,5,rho,permeability,0.024262519147527414,-0.01598414861248956,0.07109449691541675
weighted_selected,gp,15,5,rho,protein_binding,0.05284865870381021,-6.913950153078755e-05,0.11677078819081252
weighted_selected,gp,15,5,rho,macro,0.010653272849963752,-0.009138953258725822,0.031827817708782465
weighted_selected,gp,15,5,nll,cellular_clearance,0.009904399205422378,-0.0223231421550504,0.045224686730286366
weighted_selected,gp,15,5,nll,efflux,-0.00146881589541327,-0.06316997894341368,0.06432118626095626
weighted_selected,gp,15,5,nll,in_vivo_clearance,0.045200138619123476,-0.05379349679153131,0.1819864222502144
weighted_selected,gp,15,5,nll,microsomal_clearance,-0.004448034198076228,-0.027954729117133186,0.02760634595317731
weighted_selected,gp,15,5,nll,permeability,0.02775945747633338,-0.021321373693914417,0.08086321442220869
weighted_selected,gp,15,5,nll,protein_binding,0.1448415568693534,0.026962098957997026,0.23767299095461003
weighted_selected,gp,15,5,nll,macro,0.03696478367945719,0.007801099795323599,0.06705055641522581
weighted_selected,gp,15,10,r2,cellular_clearance,-0.001438348916083235,-0.023634482858461148,0.016467371707077166
weighted_selected,gp,15,10,r2,efflux,0.0011133613869355504,-0.020291556461487847,0.024306031584262283
weighted_selected,gp,15,10,r2,in_vivo_clearance,-0.002930098637033528,-0.02703576105496385,0.023966601281139203
weighted_selected,gp,15,10,r2,microsomal_clearance,-0.00960222170563509,-0.018780534087108478,-0.0014707370180324071
weighted_selected,gp,15,10,r2,permeability,0.0011258125437048703,-0.019695381782172647,0.01734378608721337
weighted_selected,gp,15,10,r2,protein_binding,0.013434578979326305,-0.008953629626509802,0.06319453862417657
weighted_selected,gp,15,10,r2,macro,0.00028384727520247886,-0.007225777134610959,0.011229338730804646
weighted_selected,gp,15,10,rho,cellular_clearance,-0.027500569967392613,-0.0831887793610392,0.017965160946794977
weighted_selected,gp,15,10,rho,efflux,-0.009242232981436402,-0.05439567392514434,0.03614677162187075
weighted_selected,gp,15,10,rho,in_vivo_clearance,-0.011370110050321892,-0.10608438933080733,0.06840976308644671
weighted_selected,gp,15,10,rho,microsomal_clearance,-0.003992724067536899,-0.017367382519196204,0.00883560147370968
weighted_selected,gp,15,10,rho,permeability,-0.023844243023356686,-0.06221810049788939,0.01727399282409013
weighted_selected,gp,15,10,rho,protein_binding,0.0385840797459533,-0.01750848513369005,0.10657310622965083
weighted_selected,gp,15,10,rho,macro,-0.006227633390681866,-0.02807927577529037,0.01537487810080616
weighted_selected,gp,15,10,nll,cellular_clearance,-0.005799398782488897,-0.04640443145716542,0.03391835565259218
weighted_selected,gp,15,10,nll,efflux,-0.014820881785850918,-0.07873307749214924,0.057800416490651985
weighted_selected,gp,15,10,nll,in_vivo_clearance,0.04890032256458073,-0.08448613415480476,0.2462006594872317
weighted_selected,gp,15,10,nll,microsomal_clearance,-0.013305912411902744,-0.0365352234018401,0.01572512056730914
weighted_selected,gp,15,10,nll,permeability,0.016717344857880137,-0.03692359551641608,0.07499153355186268
weighted_selected,gp,15,10,nll,protein_binding,0.14904191924611646,0.022035407379595057,0.24800026910469672
weighted_selected,gp,15,10,nll,macro,0.03012223228138913,-0.00525257568500092,0.06615926241840436
gp,gp_single,15,1,r2,cellular_clearance,0.08046684884561547,0.02241088085868391,0.15441481952865604
gp,gp_single,15,1,r2,efflux,0.0012592527144153676,-0.013691564181461785,0.01692866434514986
gp,gp_single,15,1,r2,in_vivo_clearance,0.022175930012028333,-0.002534801140166448,0.04726419898926977
gp,gp_single,15,1,r2,microsomal_clearance,0.020657379494659615,0.008233023033873526,0.03426732612937914
gp,gp_single,15,1,r2,permeability,0.017425480495182777,0.00015749057787597367,0.038934943230745714
gp,gp_single,15,1,r2,protein_binding,0.06471130352571043,0.022685832252002616,0.14727971336280415
gp,gp_single,15,1,r2,macro,0.034449365847935336,0.019550283246985586,0.057100226092144726
gp,gp_single,15,1,rho,cellular_clearance,0.037113894832424305,-0.011156063468693904,0.09192675913340691
gp,gp_single,15,1,rho,efflux,-0.05070567940100212,-0.09561178980724962,-0.006301976739037423
gp,gp_single,15,1,rho,in_vivo_clearance,-0.057217527059893546,-0.15576316572581914,0.04167859423078218
gp,gp_single,15,1,rho,microsomal_clearance,0.01500490286092515,0.0024746042850654574,0.029493735286238654
gp,gp_single,15,1,rho,permeability,-0.009734404585109359,-0.0498266721858446,0.029883619690882973
gp,gp_single,15,1,rho,protein_binding,0.0016151185341162367,-0.0177612781335111,0.03027043025279948
gp,gp_single,15,1,rho,macro,-0.010653949136423223,-0.03306675603604163,0.012871343551206364
gp,gp_single,15,1,nll,cellular_clearance,0.03828425380445495,0.013810414545961335,0.0692009529874946
gp,gp_single,15,1,nll,efflux,0.003462065268647316,-0.004750161917511214,0.011941021975121448
gp,gp_single,15,1,nll,in_vivo_clearance,0.0080921754012976,-0.0021788082927897516,0.021247155356152
gp,gp_single,15,1,nll,microsomal_clearance,0.009957497597799481,0.0038009544374414646,0.016745160272124703
gp,gp_single,15,1,nll,permeability,0.011890933035034476,0.0003111834092053456,0.025093574327846032
gp,gp_single,15,1,nll,protein_binding,0.03294378105484557,0.011085958083548704,0.054744388696762535
gp,gp_single,15,1,nll,macro,0.017438451027013233,0.010964933437330175,0.02545111751967183
gp,gp_single,15,2,r2,cellular_clearance,0.043625674475817874,0.012361244708943503,0.08550707494601169
gp,gp_single,15,2,r2,efflux,-0.0017767705564845902,-0.011524522869736849,0.009803000503609764
gp,gp_single,15,2,r2,in_vivo_clearance,0.02021989734682999,0.004849824014260112,0.040595506808091576
gp,gp_single,15,2,r2,microsomal_clearance,0.006291339939659119,-0.0016157254824779727,0.014325986086503258
gp,gp_single,15,2,r2,permeability,0.007922737389925922,-0.0006083744490652131,0.018228887471088678
gp,gp_single,15,2,r2,protein_binding,0.03816173045080045,0.014090106221918954,0.09238257080171751
gp,gp_single,15,2,r2,macro,0.019074101507758127,0.010402004311019177,0.03300611505775698
gp,gp_single,15,2,rho,cellular_clearance,0.029260688585552565,-0.008925397436474988,0.07260870372750797
gp,gp_single,15,2,rho,efflux,0.0028689469661944862,-0.0318988095575903,0.0387503640668945
gp,gp_single,15,2,rho,in_vivo_clearance,0.05988638634844704,-0.01819124299884105,0.13875324729401062
gp,gp_single,15,2,rho,microsomal_clearance,0.015994022926763808,0.004959369015789429,0.028151982071609776
gp,gp_single,15,2,rho,permeability,0.0018009880735435422,-0.01964877511086611,0.022191477674703246
gp,gp_single,15,2,rho,protein_binding,0.01648797429404374,-0.007161176423789356,0.037591381140294707
gp,gp_single,15,2,rho,macro,0.021049834532424195,0.004493225535766225,0.03721360712815527
gp,gp_single,15,2,nll,cellular_clearance,0.028735071402147972,0.007108571504779246,0.054793366041989346
gp,gp_single,15,2,nll,efflux,0.0023643083805919636,-0.00592077500749805,0.011196284581695887
gp,gp_single,15,2,nll,in_vivo_clearance,0.00782714947845135,9.741571427814077e-06,0.01875219540980248
gp,gp_single,15,2,nll,microsomal_clearance,0.003432725060192781,-0.002474911232664256,0.009461893048403832
gp,gp_single,15,2,nll,permeability,0.008723794340381147,0.0009530989120533039,0.016672754036172726
gp,gp_single,15,2,nll,protein_binding,0.03455768121238321,0.014782825014885525,0.05736333623908571
gp,gp_single,15,2,nll,macro,0.014273454979024736,0.008743780021931259,0.021494859689452854
gp,gp_single,15,3,r2,cellular_clearance,0.033410484610259875,0.00856119153506698,0.06777616331976002
gp,gp_single,15,3,r2,efflux,0.00318561036359862,-0.0065706869284732775,0.013963193994035308
gp,gp_single,15,3,r2,in_vivo_clearance,0.011500194997619617,0.001905864063841023,0.023233549482058746
gp,gp_single,15,3,r2,microsomal_clearance,0.004086402975944459,-0.0025737544826623686,0.010764508196817148
gp,gp_single,15,3,r2,permeability,0.0077387965110503245,0.0010689807244598376,0.015790781375997334
gp,gp_single,15,3,r2,protein_binding,0.02717963137722626,0.004984050059823916,0.0730570551522067
gp,gp_single,15,3,r2,macro,0.014516853472616525,0.0074848677592301615,0.025869478295089992
gp,gp_single,15,3,rho,cellular_clearance,0.013261772997504395,-0.020705840240091113,0.05218426447809794
gp,gp_single,15,3,rho,efflux,0.005719911811129118,-0.015493150206288695,0.02934388797804485
gp,gp_single,15,3,rho,in_vivo_clearance,0.0430292672849154,0.0045415892428536065,0.0752203083922668
gp,gp_single,15,3,rho,microsomal_clearance,0.019068125010513172,0.009316300704832534,0.030178485978630883
gp,gp_single,15,3,rho,permeability,0.0007556609173191703,-0.01569082173880818,0.01818811066144659
gp,gp_single,15,3,rho,protein_binding,0.0020701171282081023,-0.0191278889429336,0.019738999611570905
gp,gp_single,15,3,rho,macro,0.013984142524931562,0.0039625250286670684,0.023300232993211607
gp,gp_single,15,3,nll,cellular_clearance,0.026803218728193304,0.00679399685003502,0.052108713010154455
gp,gp_single,15,3,nll,efflux,0.004418293302516452,-0.0052693868058307294,0.013661053761645569
gp,gp_single,15,3,nll,in_vivo_clearance,0.005530592370795016,-0.0012503445253509715,0.014847872723382699
gp,gp_single,15,3,nll,microsomal_clearance,0.002853939445131,-0.00304768368796316,0.008755082958931648
gp,gp_single,15,3,nll,permeability,0.009587754577305941,0.0027480068543714775,0.01672949220569043
gp,gp_single,15,3,nll,protein_binding,0.030454907947558927,0.009882711191985156,0.05596602286144248
gp,gp_single,15,3,nll,macro,0.013274784395250108,0.007728226865314316,0.020544307037398523
gp,gp_single,15,5,r2,cellular_clearance,0.019093630300767984,0.003126868458395355,0.037662419702093684
gp,gp_single,15,5,r2,efflux,0.0015051238487913397,-0.005070185994791786,0.008379972682586325
gp,gp_single,15,5,r2,in_vivo_clearance,0.01070885048430664,0.00411854770488892,0.019091341305863752
gp,gp_single,15,5,r2,microsomal_clearance,0.00429622932521954,-4.706820474815763e-05,0.008808918132296643
gp,gp_single,15,5,r2,permeability,0.008494683580376248,0.002235243213217325,0.016799893992293074
gp,gp_single,15,5,r2,protein_binding,0.0214973670367726,0.0041203571558745275,0.059433657743459566
gp,gp_single,15,5,r2,macro,0.01093264742937239,0.006245123862780683,0.0190166639897173
gp,gp_single,15,5,rho,cellular_clearance,0.015587992818437525,-0.008683861530681163,0.04259267278220922
gp,gp_single,15,5,rho,efflux,0.0014381665791928175,-0.012619315084783386,0.015924277693978754
gp,gp_single,15,5,rho,in_vivo_clearance,0.025594213165128284,-0.008778059948751922,0.0645878286676795
gp,gp_single,15,5,rho,microsomal_clearance,0.008931513912761405,0.00031980088551815703,0.018636221779127594
gp,gp_single,15,5,rho,permeability,0.009467006663634916,-0.004605029715617151,0.025766140164180613
gp,gp_single,15,5,rho,protein_binding,0.011869037129009656,-0.006681858605805612,0.03086134621482852
gp,gp_single,15,5,rho,macro,0.012147988378027432,0.004387965769749397,0.019599844796097096
gp,gp_single,15,5,nll,cellular_clearance,0.018375816730722624,0.002714296052963636,0.03586846629678414
gp,gp_single,15,5,nll,efflux,0.004910773592016276,-0.0036741283344772775,0.013611281812403671
gp,gp_single,15,5,nll,in_vivo_clearance,0.00853788196253694,0.0010046905282053665,0.016515400182344632
gp,gp_single,15,5,nll,microsomal_clearance,0.0037377787551437906,-0.0010074390250362514,0.008628801666111931
gp,gp_single,15,5,nll,permeability,0.010646298090726071,0.0039350784197334,0.01873206207417356
gp,gp_single,15,5,nll,protein_binding,0.029029316236126524,0.010852075376822342,0.05190218500727072
gp,gp_single,15,5,nll,macro,0.012539644227878705,0.007932695823231297,0.01841472619813486
gp,gp_single,15,10,r2,cellular_clearance,0.009804121860217655,-0.0014579197244611773,0.02217661348679732
gp,gp_single,15,10,r2,efflux,0.0028804994081436455,-0.0018681677352537372,0.0069437236586160625
gp,gp_single,15,10,r2,in_vivo_clearance,0.008989685593777138,0.0018313768478855977,0.02023201143873726
gp,gp_single,15,10,r2,microsomal_clearance,0.0033243868095922118,0.00021546120258168907,0.006744088719295771
gp,gp_single,15,10,r2,permeability,0.006981359389472151,0.0030034864837378047,0.011953685356223343
gp,gp_single,15,10,r2,protein_binding,0.013897732083218161,0.0026775203897311146,0.03554030173116123
gp,gp_single,15,10,r2,macro,0.007646297524070161,0.0046152524071222285,0.011966521537146892
gp,gp_single,15,10,rho,cellular_clearance,0.0173543651731448,-0.0013933691757644932,0.03932460462156817
gp,gp_single,15,10,rho,efflux,0.0022906298281923985,-0.011757243269848347,0.01669719152159684
gp,gp_single,15,10,rho,in_vivo_clearance,0.02357793505625545,-0.011785530164222813,0.0602721625992315
gp,gp_single,15,10,rho,microsomal_clearance,0.010567223453656438,0.0030859914180576473,0.018737546891711525
gp,gp_single,15,10,rho,permeability,0.011107371794457619,-0.00017229532219645497,0.02495104117418639
gp,gp_single,15,10,rho,protein_binding,0.0002874134117397221,-0.014523525042234196,0.016300201586041205
gp,gp_single,15,10,rho,macro,0.010864156452907739,0.0033281648806699413,0.01801538818654964
gp,gp_single,15,10,nll,cellular_clearance,0.013645315293998844,0.0007582161201938337,0.02746070798910099
gp,gp_single,15,10,nll,efflux,0.00506818166469208,-0.0036881989089885335,0.013994773388935268
gp,gp_single,15,10,nll,in_vivo_clearance,0.009977082833995454,-0.000816568812756773,0.021142706562468003
gp,gp_single,15,10,nll,microsomal_clearance,0.004174481751836598,-0.0003368482007654756,0.00879536243522163
gp,gp_single,15,10,nll,permeability,0.011093458079969813,0.005284432015478339,0.01777811990455857
gp,gp_single,15,10,nll,protein_binding,0.02874988799628583,0.012189762819321624,0.05169822654549676
gp,gp_single,15,10,nll,macro,0.012118067936796437,0.00824668176249808,0.016950121953972226
