method,top_k,mean_acquisitions,pools,groups,endpoint,minimum_pool_size
original_ei,1,2.509333333333333,4625,2011,all,3
original_ei,2,1.716954954954955,4625,2011,all,3
original_ei,3,1.0602882882882882,4625,2011,all,3
original_ei,4,0.7587387387387388,4625,2011,all,3
original_ppo,1,2.570252252252252,4625,2011,all,3
original_ppo,2,1.7595135135135136,4625,2011,all,3
original_ppo,3,1.096018018018018,4625,2011,all,3
original_ppo,4,0.7796576576576576,4625,2011,all,3
previous_ei,1,2.5034594594594592,4625,2011,all,3
previous_ei,2,1.715963963963964,4625,2011,all,3
previous_ei,3,1.0586486486486486,4625,2011,all,3
previous_ei,4,0.756990990990991,4625,2011,all,3
previous_ppo,1,2.5427927927927927,4625,2011,all,3
previous_ppo,2,1.7485585585585586,4625,2011,all,3
previous_ppo,3,1.0886126126126126,4625,2011,all,3
previous_ppo,4,0.7737837837837838,4625,2011,all,3
tuned_ei,1,2.496468468468468,4625,2011,all,3
tuned_ei,2,1.7134054054054053,4625,2011,all,3
tuned_ei,3,1.0588108108108107,4625,2011,all,3
tuned_ei,4,0.755981981981982,4625,2011,all,3
tuned_ppo,1,2.551171171171171,4625,2011,all,3
tuned_ppo,2,1.7528288288288287,4625,2011,all,3
tuned_ppo,3,1.0927567567567567,4625,2011,all,3
tuned_ppo,4,0.776036036036036,4625,2011,all,3
original_ei,1,2.4456759715380403,1827,897,microsomal_clearance,3
original_ei,2,1.7249133369823024,1827,897,microsomal_clearance,3
original_ei,3,1.0899014778325122,1827,897,microsomal_clearance,3
original_ei,4,0.8301404853128992,1827,897,microsomal_clearance,3
original_ppo,1,2.5171501550811892,1827,897,microsomal_clearance,3
original_ppo,2,1.7896825396825398,1827,897,microsomal_clearance,3
original_ppo,3,1.1360153256704981,1827,897,microsomal_clearance,3
original_ppo,4,0.8598339719029374,1827,897,microsomal_clearance,3
previous_ei,1,2.4558474730888524,1827,897,microsomal_clearance,3
previous_ei,2,1.7436599160737092,1827,897,microsomal_clearance,3
previous_ei,3,1.0918171866447728,1827,897,microsomal_clearance,3
previous_ei,4,0.8288177339901478,1827,897,microsomal_clearance,3
previous_ppo,1,2.4932037949279326,1827,897,microsomal_clearance,3
previous_ppo,2,1.7848932676518883,1827,897,microsomal_clearance,3
previous_ppo,3,1.1302225871191387,1827,897,microsomal_clearance,3
previous_ppo,4,0.8566411238825031,1827,897,microsomal_clearance,3
tuned_ei,1,2.4401569056741472,1827,897,microsomal_clearance,3
tuned_ei,2,1.736498814085021,1827,897,microsomal_clearance,3
tuned_ei,3,1.0901751505199782,1827,897,microsomal_clearance,3
tuned_ei,4,0.8272669220945084,1827,897,microsomal_clearance,3
tuned_ppo,1,2.505792738551359,1827,897,microsomal_clearance,3
tuned_ppo,2,1.7970260901295383,1827,897,microsomal_clearance,3
tuned_ppo,3,1.1335978835978837,1827,897,microsomal_clearance,3
tuned_ppo,4,0.8568235723408137,1827,897,microsomal_clearance,3
original_ei,1,2.3913718187461206,537,399,in_vivo_clearance,3
original_ei,2,1.621818746120422,537,399,in_vivo_clearance,3
original_ei,3,0.8710428305400373,537,399,in_vivo_clearance,3
original_ei,4,0.5350713842333954,537,399,in_vivo_clearance,3
original_ppo,1,2.4546865301055245,537,399,in_vivo_clearance,3
original_ppo,2,1.6415270018621975,537,399,in_vivo_clearance,3
original_ppo,3,0.893699565487275,537,399,in_vivo_clearance,3
original_ppo,4,0.5459342023587834,537,399,in_vivo_clearance,3
previous_ei,1,2.3820608317815024,537,399,in_vivo_clearance,3
previous_ei,2,1.6194909993792674,537,399,in_vivo_clearance,3
previous_ei,3,0.8665425201738051,537,399,in_vivo_clearance,3
previous_ei,4,0.5336747361887026,537,399,in_vivo_clearance,3
previous_ppo,1,2.45592799503414,537,399,in_vivo_clearance,3
previous_ppo,2,1.649441340782123,537,399,in_vivo_clearance,3
previous_ppo,3,0.8981998758535071,537,399,in_vivo_clearance,3
previous_ppo,4,0.5507448789571695,537,399,in_vivo_clearance,3
tuned_ei,1,2.384854127870888,537,399,in_vivo_clearance,3
tuned_ei,2,1.617783985102421,537,399,in_vivo_clearance,3
tuned_ei,3,0.8730602110490379,537,399,in_vivo_clearance,3
tuned_ei,4,0.5367783985102421,537,399,in_vivo_clearance,3
tuned_ppo,1,2.4633767846058348,537,399,in_vivo_clearance,3
tuned_ppo,2,1.655027932960894,537,399,in_vivo_clearance,3
tuned_ppo,3,0.9072004965859715,537,399,in_vivo_clearance,3
tuned_ppo,4,0.5605214152700186,537,399,in_vivo_clearance,3
original_ei,1,2.1233901515151516,880,355,protein_binding,3
original_ei,2,1.4197916666666668,880,355,protein_binding,3
original_ei,3,0.7512310606060606,880,355,protein_binding,3
original_ei,4,0.46875,880,355,protein_binding,3
original_ppo,1,2.140340909090909,880,355,protein_binding,3
original_ppo,2,1.428598484848485,880,355,protein_binding,3
original_ppo,3,0.7620265151515152,880,355,protein_binding,3
original_ppo,4,0.4856060606060606,880,355,protein_binding,3
previous_ei,1,2.122159090909091,880,355,protein_binding,3
previous_ei,2,1.4140151515151513,880,355,protein_binding,3
previous_ei,3,0.7547348484848484,880,355,protein_binding,3
previous_ei,4,0.4752840909090909,880,355,protein_binding,3
previous_ppo,1,2.1259469696969697,880,355,protein_binding,3
previous_ppo,2,1.4262310606060604,880,355,protein_binding,3
previous_ppo,3,0.7678977272727273,880,355,protein_binding,3
previous_ppo,4,0.48333333333333334,880,355,protein_binding,3
tuned_ei,1,2.121685606060606,880,355,protein_binding,3
tuned_ei,2,1.4196969696969697,880,355,protein_binding,3
tuned_ei,3,0.758996212121212,880,355,protein_binding,3
tuned_ei,4,0.47755681818181817,880,355,protein_binding,3
tuned_ppo,1,2.125852272727273,880,355,protein_binding,3
tuned_ppo,2,1.428409090909091,880,355,protein_binding,3
tuned_ppo,3,0.7689393939393939,880,355,protein_binding,3
tuned_ppo,4,0.48409090909090907,880,355,protein_binding,3
original_ei,1,2.717875318066158,524,222,cellular_clearance,3
original_ei,2,1.8637086513994912,524,222,cellular_clearance,3
original_ei,3,1.2391857506361323,524,222,cellular_clearance,3
original_ei,4,0.9254134860050891,524,222,cellular_clearance,3
original_ppo,1,2.752226463104326,524,222,cellular_clearance,3
original_ppo,2,1.8872455470737912,524,222,cellular_clearance,3
original_ppo,3,1.2670165394402035,524,222,cellular_clearance,3
original_ppo,4,0.9147582697201018,524,222,cellular_clearance,3
previous_ei,1,2.66412213740458,524,222,cellular_clearance,3
previous_ei,2,1.828562340966921,524,222,cellular_clearance,3
previous_ei,3,1.2261450381679388,524,222,cellular_clearance,3
previous_ei,4,0.9118956743002544,524,222,cellular_clearance,3
previous_ppo,1,2.7138994910941476,524,222,cellular_clearance,3
previous_ppo,2,1.8584605597964376,524,222,cellular_clearance,3
previous_ppo,3,1.251113231552163,524,222,cellular_clearance,3
previous_ppo,4,0.8998091603053435,524,222,cellular_clearance,3
tuned_ei,1,2.670165394402036,524,222,cellular_clearance,3
tuned_ei,2,1.8249045801526718,524,222,cellular_clearance,3
tuned_ei,3,1.2212150127226462,524,222,cellular_clearance,3
tuned_ei,4,0.9026717557251909,524,222,cellular_clearance,3
tuned_ppo,1,2.7312340966921123,524,222,cellular_clearance,3
tuned_ppo,2,1.8414440203562341,524,222,cellular_clearance,3
tuned_ppo,3,1.2453880407124682,524,222,cellular_clearance,3
tuned_ppo,4,0.8948791348600509,524,222,cellular_clearance,3
original_ei,1,3.0392441860465116,516,376,permeability,3
original_ei,2,1.9935400516795867,516,376,permeability,3
original_ei,3,1.3070090439276485,516,376,permeability,3
original_ei,4,0.9291020671834626,516,376,permeability,3
original_ppo,1,3.175387596899225,516,376,permeability,3
original_ppo,2,2.06734496124031,516,376,permeability,3
original_ppo,3,1.3806524547803616,516,376,permeability,3
original_ppo,4,0.9794896640826873,516,376,permeability,3
previous_ei,1,3.0316537467700257,516,376,permeability,3
previous_ei,2,1.9796511627906976,516,376,permeability,3
previous_ei,3,1.303294573643411,516,376,permeability,3
previous_ei,4,0.9312015503875969,516,376,permeability,3
previous_ppo,1,3.1338824289405682,516,376,permeability,3
previous_ppo,2,2.0298772609819125,516,376,permeability,3
previous_ppo,3,1.3615956072351423,516,376,permeability,3
previous_ppo,4,0.9589793281653747,516,376,permeability,3
tuned_ei,1,3.0146963824289403,516,376,permeability,3
tuned_ei,2,1.9785206718346253,516,376,permeability,3
tuned_ei,3,1.303294573643411,516,376,permeability,3
tuned_ei,4,0.9313630490956072,516,376,permeability,3
tuned_ppo,1,3.1396963824289403,516,376,permeability,3
tuned_ppo,2,2.0285852713178296,516,376,permeability,3
tuned_ppo,3,1.3632105943152455,516,376,permeability,3
tuned_ppo,4,0.9589793281653747,516,376,permeability,3
original_ei,1,2.909824046920821,341,251,efflux,3
original_ei,2,1.9469696969696968,341,251,efflux,3
original_ei,3,1.348973607038123,341,251,efflux,3
original_ei,4,0.9628543499511241,341,251,efflux,3
original_ppo,1,2.9508797653958942,341,251,efflux,3
original_ppo,2,1.9755620723362657,341,251,efflux,3
original_ppo,3,1.3687683284457477,341,251,efflux,3
original_ppo,4,0.967008797653959,341,251,efflux,3
previous_ei,1,2.887585532746823,341,251,efflux,3
previous_ei,2,1.9266862170087977,341,251,efflux,3
previous_ei,3,1.3401759530791788,341,251,efflux,3
previous_ei,4,0.9491691104594331,341,251,efflux,3
previous_ppo,1,2.8636363636363638,341,251,efflux,3
previous_ppo,2,1.9472140762463344,341,251,efflux,3
previous_ppo,3,1.3304007820136854,341,251,efflux,3
previous_ppo,4,0.9567448680351907,341,251,efflux,3
tuned_ei,1,2.8900293255131966,341,251,efflux,3
tuned_ei,2,1.9257086999022481,341,251,efflux,3
tuned_ei,3,1.337487781036168,341,251,efflux,3
tuned_ei,4,0.946969696969697,341,251,efflux,3
tuned_ppo,1,2.8629032258064515,341,251,efflux,3
tuned_ppo,2,1.9538123167155426,341,251,efflux,3
tuned_ppo,3,1.3580156402737047,341,251,efflux,3
tuned_ppo,4,0.9765395894428153,341,251,efflux,3
original_ei,1,3.3896441423430628,2501,1209,all,5
original_ei,2,2.284986005597761,2501,1209,all,5
original_ei,3,1.8131080900972942,2501,1209,all,5
original_ei,4,1.403105424496868,2501,1209,all,5
original_ppo,1,3.491503398640544,2501,1209,all,5
original_ppo,2,2.3633213381314144,2501,1209,all,5
original_ppo,3,1.8791816606690657,2501,1209,all,5
original_ppo,4,1.441789950686392,2501,1209,all,5
previous_ei,1,3.379481540717047,2501,1209,all,5
previous_ei,2,2.2817539650806347,2501,1209,all,5
previous_ei,3,1.8100759696121551,2501,1209,all,5
previous_ei,4,1.3998733839797415,2501,1209,all,5
previous_ppo,1,3.4412235105957616,2501,1209,all,5
previous_ppo,2,2.340263894442223,2501,1209,all,5
previous_ppo,3,1.8654871384779421,2501,1209,all,5
previous_ppo,4,1.4309276289484207,2501,1209,all,5
tuned_ei,1,3.3658536585365852,2501,1209,all,5
tuned_ei,2,2.276889244302279,2501,1209,all,5
tuned_ei,3,1.8103758496601359,2501,1209,all,5
tuned_ei,4,1.398007463681194,2501,1209,all,5
tuned_ppo,1,3.453451952552313,2501,1209,all,5
tuned_ppo,2,2.34906037584966,2501,1209,all,5
tuned_ppo,3,1.8731507397041183,2501,1209,all,5
tuned_ppo,4,1.4350926296148208,2501,1209,all,5
original_ei,1,3.2968081605791375,1013,531,microsomal_clearance,5
original_ei,2,2.2736097400460675,1013,531,microsomal_clearance,5
original_ei,3,1.8376110562685093,1013,531,microsomal_clearance,5
original_ei,4,1.4972030273116157,1013,531,microsomal_clearance,5
original_ppo,1,3.4123889437314907,1013,531,microsomal_clearance,5
original_ppo,2,2.3874629812438304,1013,531,microsomal_clearance,5
original_ppo,3,1.9207798617966436,1013,531,microsomal_clearance,5
original_ppo,4,1.550756827903916,1013,531,microsomal_clearance,5
previous_ei,1,3.315893385982231,1013,531,microsomal_clearance,5
previous_ei,2,2.303718328397499,1013,531,microsomal_clearance,5
previous_ei,3,1.84106614017769,1013,531,microsomal_clearance,5
previous_ei,4,1.494817374136229,1013,531,microsomal_clearance,5
previous_ppo,1,3.3770154656136886,1013,531,microsomal_clearance,5
previous_ppo,2,2.377262257321487,1013,531,microsomal_clearance,5
previous_ppo,3,1.9103323461665023,1013,531,microsomal_clearance,5
previous_ppo,4,1.544998354721948,1013,531,microsomal_clearance,5
tuned_ei,1,3.288910825929582,1013,531,microsomal_clearance,5
tuned_ei,2,2.292694965449161,1013,531,microsomal_clearance,5
tuned_ei,3,1.8381046396841065,1013,531,microsomal_clearance,5
tuned_ei,4,1.4920204014478449,1013,531,microsomal_clearance,5
tuned_ppo,1,3.395113524185587,1013,531,microsomal_clearance,5
tuned_ppo,2,2.4002138861467586,1013,531,microsomal_clearance,5
tuned_ppo,3,1.916419874958868,1013,531,microsomal_clearance,5
tuned_ppo,4,1.5453274103323462,1013,531,microsomal_clearance,5
original_ei,1,3.4581513828238717,229,179,in_vivo_clearance,5
original_ei,2,2.3256914119359537,229,179,in_vivo_clearance,5
original_ei,3,1.777292576419214,229,179,in_vivo_clearance,5
original_ei,4,1.254730713245997,229,179,in_vivo_clearance,5
original_ppo,1,3.554949053857351,229,179,in_vivo_clearance,5
original_ppo,2,2.3686317321688497,229,179,in_vivo_clearance,5
original_ppo,3,1.8304221251819506,229,179,in_vivo_clearance,5
original_ppo,4,1.280203784570597,229,179,in_vivo_clearance,5
previous_ei,1,3.4348617176128093,229,179,in_vivo_clearance,5
previous_ei,2,2.3202328966521106,229,179,in_vivo_clearance,5
previous_ei,3,1.7667394468704511,229,179,in_vivo_clearance,5
previous_ei,4,1.2514556040756912,229,179,in_vivo_clearance,5
previous_ppo,1,3.5673216885007277,229,179,in_vivo_clearance,5
previous_ppo,2,2.3951965065502185,229,179,in_vivo_clearance,5
previous_ppo,3,1.8409752547307132,229,179,in_vivo_clearance,5
previous_ppo,4,1.2914847161572052,229,179,in_vivo_clearance,5
tuned_ei,1,3.4319505094614264,229,179,in_vivo_clearance,5
tuned_ei,2,2.3100436681222707,229,179,in_vivo_clearance,5
tuned_ei,3,1.782023289665211,229,179,in_vivo_clearance,5
tuned_ei,4,1.2587336244541485,229,179,in_vivo_clearance,5
tuned_ppo,1,3.556768558951965,229,179,in_vivo_clearance,5
tuned_ppo,2,2.398835516739447,229,179,in_vivo_clearance,5
tuned_ppo,3,1.8620815138282387,229,179,in_vivo_clearance,5
tuned_ppo,4,1.314410480349345,229,179,in_vivo_clearance,5
original_ei,1,2.8478611783696532,413,183,protein_binding,5
original_ei,2,1.8847861178369651,413,183,protein_binding,5
original_ei,3,1.4227199354317999,413,183,protein_binding,5
original_ei,4,0.9987893462469734,413,183,protein_binding,5
original_ppo,1,2.8710653753026634,413,183,protein_binding,5
original_ppo,2,1.9013317191283292,413,183,protein_binding,5
original_ppo,3,1.445722356739306,413,183,protein_binding,5
original_ppo,4,1.0347054075867634,413,183,protein_binding,5
previous_ei,1,2.839790153349475,413,183,protein_binding,5
previous_ei,2,1.8722760290556901,413,183,protein_binding,5
previous_ei,3,1.430185633575464,413,183,protein_binding,5
previous_ei,4,1.0127118644067796,413,183,protein_binding,5
previous_ppo,1,2.8339386602098466,413,183,protein_binding,5
previous_ppo,2,1.8916464891041163,413,183,protein_binding,5
previous_ppo,3,1.458232445520581,413,183,protein_binding,5
previous_ppo,4,1.0298627925746568,413,183,protein_binding,5
tuned_ei,1,2.8383777239709445,413,183,protein_binding,5
tuned_ei,2,1.8904358353510895,413,183,protein_binding,5
tuned_ei,3,1.4392655367231637,413,183,protein_binding,5
tuned_ei,4,1.0175544794188862,413,183,protein_binding,5
tuned_ppo,1,2.826472962066182,413,183,protein_binding,5
tuned_ppo,2,1.894269572235674,413,183,protein_binding,5
tuned_ppo,3,1.4604519774011298,413,183,protein_binding,5
tuned_ppo,4,1.0314769975786926,413,183,protein_binding,5
original_ei,1,3.646878483835006,299,155,cellular_clearance,5
original_ei,2,2.45958751393534,299,155,cellular_clearance,5
original_ei,3,2.039576365663322,299,155,cellular_clearance,5
original_ei,4,1.6217948717948718,299,155,cellular_clearance,5
original_ppo,1,3.7249163879598663,299,155,cellular_clearance,5
original_ppo,2,2.511426978818283,299,155,cellular_clearance,5
original_ppo,3,2.08835005574136,299,155,cellular_clearance,5
original_ppo,4,1.6031215161649943,299,155,cellular_clearance,5
previous_ei,1,3.55546265328874,299,155,cellular_clearance,5
previous_ei,2,2.394370122630992,299,155,cellular_clearance,5
previous_ei,3,2.016722408026756,299,155,cellular_clearance,5
previous_ei,4,1.5981047937569677,299,155,cellular_clearance,5
previous_ppo,1,3.649386845039019,299,155,cellular_clearance,5
previous_ppo,2,2.4565217391304346,299,155,cellular_clearance,5
previous_ppo,3,2.060479375696767,299,155,cellular_clearance,5
previous_ppo,4,1.5769230769230769,299,155,cellular_clearance,5
tuned_ei,1,3.559364548494983,299,155,cellular_clearance,5
tuned_ei,2,2.3854515050167224,299,155,cellular_clearance,5
tuned_ei,3,2.008082497212932,299,155,cellular_clearance,5
tuned_ei,4,1.5819397993311037,299,155,cellular_clearance,5
tuned_ppo,1,3.688963210702341,299,155,cellular_clearance,5
tuned_ppo,2,2.4370122630992195,299,155,cellular_clearance,5
tuned_ppo,3,2.0504459308807137,299,155,cellular_clearance,5
tuned_ppo,4,1.5682831661092531,299,155,cellular_clearance,5
original_ei,1,3.972048066875653,319,253,permeability,5
original_ei,2,2.578108672936259,319,253,permeability,5
original_ei,3,1.9832810867293624,319,253,permeability,5
original_ei,4,1.502873563218391,319,253,permeability,5
original_ppo,1,4.200104493207942,319,253,permeability,5
original_ppo,2,2.7071577847439916,319,253,permeability,5
original_ppo,3,2.102403343782654,319,253,permeability,5
original_ppo,4,1.5843782654127483,319,253,permeability,5
previous_ei,1,3.9626436781609193,319,253,permeability,5
previous_ei,2,2.559299895506792,319,253,permeability,5
previous_ei,3,1.9772727272727273,319,253,permeability,5
previous_ei,4,1.506269592476489,319,253,permeability,5
previous_ppo,1,4.114420062695925,319,253,permeability,5
previous_ppo,2,2.639237199582027,319,253,permeability,5
previous_ppo,3,2.0715778474399165,319,253,permeability,5
previous_ppo,4,1.551201671891327,319,253,permeability,5
tuned_ei,1,3.9391327063740853,319,253,permeability,5
tuned_ei,2,2.5498955067920583,319,253,permeability,5
tuned_ei,3,1.9772727272727273,319,253,permeability,5
tuned_ei,4,1.5065308254963428,319,253,permeability,5
tuned_ppo,1,4.1321839080459775,319,253,permeability,5
tuned_ppo,2,2.638453500522466,319,253,permeability,5
tuned_ppo,3,2.0741901776384535,319,253,permeability,5
tuned_ppo,4,1.551201671891327,319,253,permeability,5
original_ei,1,3.5625,228,185,efflux,5
original_ei,2,2.380482456140351,228,185,efflux,5
original_ei,3,1.912280701754386,228,185,efflux,5
original_ei,4,1.4400584795321636,228,185,efflux,5
original_ppo,1,3.6056286549707606,228,185,efflux,5
original_ppo,2,2.412280701754386,228,185,efflux,5
original_ppo,3,1.9418859649122806,228,185,efflux,5
original_ppo,4,1.4462719298245614,228,185,efflux,5
previous_ei,1,3.537280701754386,228,185,efflux,5
previous_ei,2,2.3512426900584797,228,185,efflux,5
previous_ei,3,1.8991228070175439,228,185,efflux,5
previous_ei,4,1.419590643274854,228,185,efflux,5
previous_ppo,1,3.485014619883041,228,185,efflux,5
previous_ppo,2,2.3625730994152043,228,185,efflux,5
previous_ppo,3,1.8845029239766082,228,185,efflux,5
previous_ppo,4,1.430921052631579,228,185,efflux,5
tuned_ei,1,3.54093567251462,228,185,efflux,5
tuned_ei,2,2.3490497076023393,228,185,efflux,5
tuned_ei,3,1.8951023391812865,228,185,efflux,5
tuned_ei,4,1.4163011695906433,228,185,efflux,5
tuned_ppo,1,3.486111111111111,228,185,efflux,5
tuned_ppo,2,2.3753654970760234,228,185,efflux,5
tuned_ppo,3,1.9258040935672514,228,185,efflux,5
tuned_ppo,4,1.4605263157894737,228,185,efflux,5
original_ei,1,4.606595995288575,1132,630,all,10
original_ei,2,3.0588928150765606,1132,630,all,10
original_ei,3,2.444640753828033,1132,630,all,10
original_ei,4,2.0665488810365136,1132,630,all,10
original_ppo,1,4.7582449941107186,1132,630,all,10
original_ppo,2,3.226663722025913,1132,630,all,10
original_ppo,3,2.5761925795053005,1132,630,all,10
original_ppo,4,2.144361012956419,1132,630,all,10
previous_ei,1,4.596805064782096,1132,630,all,10
previous_ei,2,3.062941696113074,1132,630,all,10
previous_ei,3,2.441990577149588,1132,630,all,10
previous_ei,4,2.0604387514723204,1132,630,all,10
previous_ppo,1,4.687868080094229,1132,630,all,10
previous_ppo,2,3.18801531213192,1132,630,all,10
previous_ppo,3,2.544758539458186,1132,630,all,10
previous_ppo,4,2.1194787985865724,1132,630,all,10
tuned_ei,1,4.577812131919906,1132,630,all,10
tuned_ei,2,3.0530771495877502,1132,630,all,10
tuned_ei,3,2.4418433451118964,1132,630,all,10
tuned_ei,4,2.055580094228504,1132,630,all,10
tuned_ppo,1,4.719375736160188,1132,630,all,10
tuned_ppo,2,3.2080388692579507,1132,630,all,10
tuned_ppo,3,2.5599234393404005,1132,630,all,10
tuned_ppo,4,2.1276501766784452,1132,630,all,10
original_ei,1,4.263583638583638,546,318,microsomal_clearance,10
original_ei,2,2.931318681318681,546,318,microsomal_clearance,10
original_ei,3,2.3522588522588523,546,318,microsomal_clearance,10
original_ei,4,2.047313797313797,546,318,microsomal_clearance,10
original_ppo,1,4.40995115995116,546,318,microsomal_clearance,10
original_ppo,2,3.1163003663003663,546,318,microsomal_clearance,10
original_ppo,3,2.489010989010989,546,318,microsomal_clearance,10
original_ppo,4,2.1506410256410255,546,318,microsomal_clearance,10
previous_ei,1,4.301739926739927,546,318,microsomal_clearance,10
previous_ei,2,2.987026862026862,546,318,microsomal_clearance,10
previous_ei,3,2.358058608058608,546,318,microsomal_clearance,10
previous_ei,4,2.041361416361416,546,318,microsomal_clearance,10
previous_ppo,1,4.37973137973138,546,318,microsomal_clearance,10
previous_ppo,2,3.1016483516483517,546,318,microsomal_clearance,10
previous_ppo,3,2.463827838827839,546,318,microsomal_clearance,10
previous_ppo,4,2.133241758241758,546,318,microsomal_clearance,10
tuned_ei,1,4.252747252747253,546,318,microsomal_clearance,10
tuned_ei,2,2.9633699633699635,546,318,microsomal_clearance,10
tuned_ei,3,2.353021978021978,546,318,microsomal_clearance,10
tuned_ei,4,2.0347985347985347,546,318,microsomal_clearance,10
tuned_ppo,1,4.407051282051282,546,318,microsomal_clearance,10
tuned_ppo,2,3.130952380952381,546,318,microsomal_clearance,10
tuned_ppo,3,2.4723748473748475,546,318,microsomal_clearance,10
tuned_ppo,4,2.1285103785103785,546,318,microsomal_clearance,10
original_ei,1,5.4757575757575765,55,45,in_vivo_clearance,10
original_ei,2,3.5318181818181817,55,45,in_vivo_clearance,10
original_ei,3,2.689393939393939,55,45,in_vivo_clearance,10
original_ei,4,2.184848484848485,55,45,in_vivo_clearance,10
original_ppo,1,5.696969696969696,55,45,in_vivo_clearance,10
original_ppo,2,3.6651515151515155,55,45,in_vivo_clearance,10
original_ppo,3,2.8833333333333333,55,45,in_vivo_clearance,10
original_ppo,4,2.303030303030303,55,45,in_vivo_clearance,10
previous_ei,1,5.456060606060606,55,45,in_vivo_clearance,10
previous_ei,2,3.556060606060606,55,45,in_vivo_clearance,10
previous_ei,3,2.690909090909091,55,45,in_vivo_clearance,10
previous_ei,4,2.184848484848485,55,45,in_vivo_clearance,10
previous_ppo,1,5.6893939393939394,55,45,in_vivo_clearance,10
previous_ppo,2,3.6924242424242424,55,45,in_vivo_clearance,10
previous_ppo,3,2.9136363636363636,55,45,in_vivo_clearance,10
previous_ppo,4,2.3181818181818183,55,45,in_vivo_clearance,10
tuned_ei,1,5.5590909090909095,55,45,in_vivo_clearance,10
tuned_ei,2,3.5318181818181817,55,45,in_vivo_clearance,10
tuned_ei,3,2.7181818181818183,55,45,in_vivo_clearance,10
tuned_ei,4,2.2393939393939393,55,45,in_vivo_clearance,10
tuned_ppo,1,5.754545454545455,55,45,in_vivo_clearance,10
tuned_ppo,2,3.7954545454545454,55,45,in_vivo_clearance,10
tuned_ppo,3,3.036363636363636,55,45,in_vivo_clearance,10
tuned_ppo,4,2.443939393939394,55,45,in_vivo_clearance,10
original_ei,1,4.521428571428571,105,61,protein_binding,10
original_ei,2,2.7071428571428573,105,61,protein_binding,10
original_ei,3,1.9865079365079366,105,61,protein_binding,10
original_ei,4,1.5626984126984127,105,61,protein_binding,10
original_ppo,1,4.697619047619048,105,61,protein_binding,10
original_ppo,2,2.9285714285714284,105,61,protein_binding,10
original_ppo,3,2.1174603174603175,105,61,protein_binding,10
original_ppo,4,1.6833333333333333,105,61,protein_binding,10
previous_ei,1,4.500793650793651,105,61,protein_binding,10
previous_ei,2,2.7111111111111112,105,61,protein_binding,10
previous_ei,3,2.038888888888889,105,61,protein_binding,10
previous_ei,4,1.6103174603174604,105,61,protein_binding,10
previous_ppo,1,4.615873015873016,105,61,protein_binding,10
previous_ppo,2,2.933333333333333,105,61,protein_binding,10
previous_ppo,3,2.1865079365079367,105,61,protein_binding,10
previous_ppo,4,1.676984126984127,105,61,protein_binding,10
tuned_ei,1,4.526984126984127,105,61,protein_binding,10
tuned_ei,2,2.7547619047619047,105,61,protein_binding,10
tuned_ei,3,2.0484126984126987,105,61,protein_binding,10
tuned_ei,4,1.6261904761904762,105,61,protein_binding,10
tuned_ppo,1,4.621428571428571,105,61,protein_binding,10
tuned_ppo,2,2.9515873015873018,105,61,protein_binding,10
tuned_ppo,3,2.1912698412698415,105,61,protein_binding,10
tuned_ppo,4,1.6912698412698413,105,61,protein_binding,10
original_ei,1,4.723509933774834,151,92,cellular_clearance,10
original_ei,2,3.1561810154525385,151,92,cellular_clearance,10
original_ei,3,2.6953642384105962,151,92,cellular_clearance,10
original_ei,4,2.3222958057395147,151,92,cellular_clearance,10
original_ppo,1,4.807395143487859,151,92,cellular_clearance,10
original_ppo,2,3.2522075055187636,151,92,cellular_clearance,10
original_ppo,3,2.7693156732891833,151,92,cellular_clearance,10
original_ppo,4,2.2660044150110377,151,92,cellular_clearance,10
previous_ei,1,4.589955849889625,151,92,cellular_clearance,10
previous_ei,2,3.0480132450331126,151,92,cellular_clearance,10
previous_ei,3,2.653973509933775,151,92,cellular_clearance,10
previous_ei,4,2.2864238410596025,151,92,cellular_clearance,10
previous_ppo,1,4.720198675496689,151,92,cellular_clearance,10
previous_ppo,2,3.1915011037527594,151,92,cellular_clearance,10
previous_ppo,3,2.7400662251655628,151,92,cellular_clearance,10
previous_ppo,4,2.217439293598234,151,92,cellular_clearance,10
tuned_ei,1,4.599337748344371,151,92,cellular_clearance,10
tuned_ei,2,3.0270419426048565,151,92,cellular_clearance,10
tuned_ei,3,2.6374172185430464,151,92,cellular_clearance,10
tuned_ei,4,2.2549668874172184,151,92,cellular_clearance,10
tuned_ppo,1,4.772626931567329,151,92,cellular_clearance,10
tuned_ppo,2,3.1429359823399556,151,92,cellular_clearance,10
tuned_ppo,3,2.7218543046357615,151,92,cellular_clearance,10
tuned_ppo,4,2.2108167770419427,151,92,cellular_clearance,10
original_ei,1,5.567204301075269,155,129,permeability,10
original_ei,2,3.509677419354839,155,129,permeability,10
original_ei,3,2.7333333333333334,155,129,permeability,10
original_ei,4,2.2338709677419355,155,129,permeability,10
original_ppo,1,5.837634408602151,155,129,permeability,10
original_ppo,2,3.71989247311828,155,129,permeability,10
original_ppo,3,2.9311827956989247,155,129,permeability,10
original_ppo,4,2.3586021505376342,155,129,permeability,10
previous_ei,1,5.553763440860215,155,129,permeability,10
previous_ei,2,3.4661290322580647,155,129,permeability,10
previous_ei,3,2.7215053763440857,155,129,permeability,10
previous_ei,4,2.2424731182795696,155,129,permeability,10
previous_ppo,1,5.7505376344086025,155,129,permeability,10
previous_ppo,2,3.6032258064516127,155,129,permeability,10
previous_ppo,3,2.867741935483871,155,129,permeability,10
previous_ppo,4,2.3166666666666664,155,129,permeability,10
tuned_ei,1,5.514516129032258,155,129,permeability,10
tuned_ei,2,3.475806451612903,155,129,permeability,10
tuned_ei,3,2.736021505376344,155,129,permeability,10
tuned_ei,4,2.232795698924731,155,129,permeability,10
tuned_ppo,1,5.803225806451613,155,129,permeability,10
tuned_ppo,2,3.625268817204301,155,129,permeability,10
tuned_ppo,3,2.8553763440860216,155,129,permeability,10
tuned_ppo,4,2.300537634408602,155,129,permeability,10
original_ei,1,4.455555555555555,120,100,efflux,10
original_ei,2,3.0256944444444445,120,100,efflux,10
original_ei,3,2.4652777777777777,120,100,efflux,10
original_ei,4,2.0027777777777778,120,100,efflux,10
original_ppo,1,4.509722222222222,120,100,efflux,10
original_ppo,2,3.1194444444444445,120,100,efflux,10
original_ppo,3,2.531944444444444,120,100,efflux,10
original_ppo,4,2.0166666666666666,120,100,efflux,10
previous_ei,1,4.402083333333334,120,100,efflux,10
previous_ei,2,2.9881944444444444,120,100,efflux,10
previous_ei,3,2.4347222222222222,120,100,efflux,10
previous_ei,4,1.9645833333333333,120,100,efflux,10
previous_ppo,1,4.280555555555555,120,100,efflux,10
previous_ppo,2,3.031944444444444,120,100,efflux,10
previous_ppo,3,2.3944444444444444,120,100,efflux,10
previous_ppo,4,1.975,120,100,efflux,10
tuned_ei,1,4.414583333333334,120,100,efflux,10
tuned_ei,2,2.9895833333333335,120,100,efflux,10
tuned_ei,3,2.4375,120,100,efflux,10
tuned_ei,4,1.9618055555555556,120,100,efflux,10
tuned_ppo,1,4.284722222222222,120,100,efflux,10
tuned_ppo,2,3.0569444444444445,120,100,efflux,10
tuned_ppo,3,2.4770833333333333,120,100,efflux,10
tuned_ppo,4,2.0326388888888887,120,100,efflux,10
original_ei,1,5.5168103448275865,580,334,all,15
original_ei,2,3.5747126436781613,580,334,all,15
original_ei,3,2.8439655172413794,580,334,all,15
original_ei,4,2.373419540229885,580,334,all,15
original_ppo,1,5.714367816091954,580,334,all,15
original_ppo,2,3.8527298850574714,580,334,all,15
original_ppo,3,3.0791666666666666,580,334,all,15
original_ppo,4,2.542528735632184,580,334,all,15
previous_ei,1,5.511781609195403,580,334,all,15
previous_ei,2,3.6050287356321835,580,334,all,15
previous_ei,3,2.855316091954023,580,334,all,15
previous_ei,4,2.375,580,334,all,15
previous_ppo,1,5.610919540229886,580,334,all,15
previous_ppo,2,3.807902298850575,580,334,all,15
previous_ppo,3,3.0397988505747127,580,334,all,15
previous_ppo,4,2.501436781609195,580,334,all,15
tuned_ei,1,5.4767241379310345,580,334,all,15
tuned_ei,2,3.5798850574712646,580,334,all,15
tuned_ei,3,2.857614942528736,580,334,all,15
tuned_ei,4,2.3747126436781607,580,334,all,15
tuned_ppo,1,5.666379310344827,580,334,all,15
tuned_ppo,2,3.842528735632184,580,334,all,15
tuned_ppo,3,3.063505747126437,580,334,all,15
tuned_ppo,4,2.5114942528735633,580,334,all,15
original_ei,1,4.885048231511254,311,183,microsomal_clearance,15
original_ei,2,3.3065380493033225,311,183,microsomal_clearance,15
original_ei,3,2.5758306538049305,311,183,microsomal_clearance,15
original_ei,4,2.2583065380493035,311,183,microsomal_clearance,15
original_ppo,1,5.048231511254019,311,183,microsomal_clearance,15
original_ppo,2,3.6203108252947485,311,183,microsomal_clearance,15
original_ppo,3,2.841907824222937,311,183,microsomal_clearance,15
original_ppo,4,2.467309753483387,311,183,microsomal_clearance,15
previous_ei,1,4.955519828510182,311,183,microsomal_clearance,15
previous_ei,2,3.431404072883173,311,183,microsomal_clearance,15
previous_ei,3,2.6079849946409435,311,183,microsomal_clearance,15
previous_ei,4,2.2617899249732045,311,183,microsomal_clearance,15
previous_ppo,1,5.003751339764202,311,183,microsomal_clearance,15
previous_ppo,2,3.5940514469453375,311,183,microsomal_clearance,15
previous_ppo,3,2.797427652733119,311,183,microsomal_clearance,15
previous_ppo,4,2.430600214362272,311,183,microsomal_clearance,15
tuned_ei,1,4.881832797427653,311,183,microsomal_clearance,15
tuned_ei,2,3.377813504823151,311,183,microsomal_clearance,15
tuned_ei,3,2.597266881028939,311,183,microsomal_clearance,15
tuned_ei,4,2.254823151125402,311,183,microsomal_clearance,15
tuned_ppo,1,5.045819935691318,311,183,microsomal_clearance,15
tuned_ppo,2,3.642015005359057,311,183,microsomal_clearance,15
tuned_ppo,3,2.814576634512326,311,183,microsomal_clearance,15
tuned_ppo,4,2.427384780278671,311,183,microsomal_clearance,15
original_ei,1,6.775,20,16,in_vivo_clearance,15
original_ei,2,4.408333333333333,20,16,in_vivo_clearance,15
original_ei,3,3.6625,20,16,in_vivo_clearance,15
original_ei,4,2.916666666666667,20,16,in_vivo_clearance,15
original_ppo,1,6.875,20,16,in_vivo_clearance,15
original_ppo,2,4.783333333333333,20,16,in_vivo_clearance,15
original_ppo,3,3.9791666666666665,20,16,in_vivo_clearance,15
original_ppo,4,3.1083333333333334,20,16,in_vivo_clearance,15
previous_ei,1,6.6125,20,16,in_vivo_clearance,15
previous_ei,2,4.391666666666667,20,16,in_vivo_clearance,15
previous_ei,3,3.6291666666666664,20,16,in_vivo_clearance,15
previous_ei,4,2.875,20,16,in_vivo_clearance,15
previous_ppo,1,6.875,20,16,in_vivo_clearance,15
previous_ppo,2,5.054166666666667,20,16,in_vivo_clearance,15
previous_ppo,3,4.129166666666666,20,16,in_vivo_clearance,15
previous_ppo,4,3.191666666666667,20,16,in_vivo_clearance,15
tuned_ei,1,6.6625,20,16,in_vivo_clearance,15
tuned_ei,2,4.35,20,16,in_vivo_clearance,15
tuned_ei,3,3.7916666666666665,20,16,in_vivo_clearance,15
tuned_ei,4,3.0541666666666667,20,16,in_vivo_clearance,15
tuned_ppo,1,6.6875,20,16,in_vivo_clearance,15
tuned_ppo,2,5.045833333333333,20,16,in_vivo_clearance,15
tuned_ppo,3,4.320833333333334,20,16,in_vivo_clearance,15
tuned_ppo,4,3.3958333333333335,20,16,in_vivo_clearance,15
original_ei,1,5.609848484848485,44,29,protein_binding,15
original_ei,2,2.929924242424242,44,29,protein_binding,15
original_ei,3,2.212121212121212,44,29,protein_binding,15
original_ei,4,1.6439393939393938,44,29,protein_binding,15
original_ppo,1,5.767045454545454,44,29,protein_binding,15
original_ppo,2,3.159090909090909,44,29,protein_binding,15
original_ppo,3,2.327651515151515,44,29,protein_binding,15
original_ppo,4,1.803030303030303,44,29,protein_binding,15
previous_ei,1,5.634469696969696,44,29,protein_binding,15
previous_ei,2,2.9943181818181817,44,29,protein_binding,15
previous_ei,3,2.327651515151515,44,29,protein_binding,15
previous_ei,4,1.753787878787879,44,29,protein_binding,15
previous_ppo,1,5.871212121212121,44,29,protein_binding,15
previous_ppo,2,3.3731060606060606,44,29,protein_binding,15
previous_ppo,3,2.5700757575757573,44,29,protein_binding,15
previous_ppo,4,1.8825757575757576,44,29,protein_binding,15
tuned_ei,1,5.681818181818182,44,29,protein_binding,15
tuned_ei,2,3.0681818181818183,44,29,protein_binding,15
tuned_ei,3,2.3693181818181817,44,29,protein_binding,15
tuned_ei,4,1.8049242424242424,44,29,protein_binding,15
tuned_ppo,1,5.882575757575757,44,29,protein_binding,15
tuned_ppo,2,3.458333333333333,44,29,protein_binding,15
tuned_ppo,3,2.643939393939394,44,29,protein_binding,15
tuned_ppo,4,1.9734848484848484,44,29,protein_binding,15
original_ei,1,5.9978902953586495,79,53,cellular_clearance,15
original_ei,2,3.764767932489452,79,53,cellular_clearance,15
original_ei,3,3.3227848101265822,79,53,cellular_clearance,15
original_ei,4,2.812236286919831,79,53,cellular_clearance,15
original_ppo,1,6.204641350210971,79,53,cellular_clearance,15
original_ppo,2,3.9377637130801686,79,53,cellular_clearance,15
original_ppo,3,3.4388185654008443,79,53,cellular_clearance,15
original_ppo,4,2.8090717299578056,79,53,cellular_clearance,15
previous_ei,1,5.784810126582278,79,53,cellular_clearance,15
previous_ei,2,3.569620253164557,79,53,cellular_clearance,15
previous_ei,3,3.255274261603376,79,53,cellular_clearance,15
previous_ei,4,2.7563291139240507,79,53,cellular_clearance,15
previous_ppo,1,6.012658227848101,79,53,cellular_clearance,15
previous_ppo,2,3.8871308016877633,79,53,cellular_clearance,15
previous_ppo,3,3.435654008438819,79,53,cellular_clearance,15
previous_ppo,4,2.7373417721518987,79,53,cellular_clearance,15
tuned_ei,1,5.824894514767933,79,53,cellular_clearance,15
tuned_ei,2,3.5443037974683542,79,53,cellular_clearance,15
tuned_ei,3,3.228902953586498,79,53,cellular_clearance,15
tuned_ei,4,2.7025316455696204,79,53,cellular_clearance,15
tuned_ppo,1,6.194092827004219,79,53,cellular_clearance,15
tuned_ppo,2,3.8312236286919834,79,53,cellular_clearance,15
tuned_ppo,3,3.407172995780591,79,53,cellular_clearance,15
tuned_ppo,4,2.7204641350210967,79,53,cellular_clearance,15
original_ei,1,7.260416666666667,72,62,permeability,15
original_ei,2,4.6030092592592595,72,62,permeability,15
original_ei,3,3.474537037037037,72,62,permeability,15
original_ei,4,2.7395833333333335,72,62,permeability,15
original_ppo,1,7.773148148148148,72,62,permeability,15
original_ppo,2,4.875,72,62,permeability,15
original_ppo,3,3.818287037037037,72,62,permeability,15
original_ppo,4,3.021990740740741,72,62,permeability,15
previous_ei,1,7.28587962962963,72,62,permeability,15
previous_ei,2,4.568287037037037,72,62,permeability,15
previous_ei,3,3.4953703703703702,72,62,permeability,15
previous_ei,4,2.7881944444444446,72,62,permeability,15
previous_ppo,1,7.556712962962964,72,62,permeability,15
previous_ppo,2,4.642361111111111,72,62,permeability,15
previous_ppo,3,3.675925925925926,72,62,permeability,15
previous_ppo,4,2.8946759259259256,72,62,permeability,15
tuned_ei,1,7.224537037037036,72,62,permeability,15
tuned_ei,2,4.585648148148149,72,62,permeability,15
tuned_ei,3,3.5057870370370368,72,62,permeability,15
tuned_ei,4,2.7858796296296298,72,62,permeability,15
tuned_ppo,1,7.670138888888889,72,62,permeability,15
tuned_ppo,2,4.715277777777778,72,62,permeability,15
tuned_ppo,3,3.655092592592593,72,62,permeability,15
tuned_ppo,4,2.8587962962962963,72,62,permeability,15
original_ei,1,5.584876543209877,54,49,efflux,15
original_ei,2,3.6867283950617287,54,49,efflux,15
original_ei,3,3.058641975308642,54,49,efflux,15
original_ei,4,2.299382716049383,54,49,efflux,15
original_ppo,1,5.6157407407407405,54,49,efflux,15
original_ppo,2,3.9243827160493825,54,49,efflux,15
original_ppo,3,3.212962962962963,54,49,efflux,15
original_ppo,4,2.339506172839506,54,49,efflux,15
previous_ei,1,5.442901234567902,54,49,efflux,15
previous_ei,2,3.5787037037037037,54,49,efflux,15
previous_ei,3,2.9845679012345676,54,49,efflux,15
previous_ei,4,2.239197530864198,54,49,efflux,15
previous_ppo,1,5.24537037037037,54,49,efflux,15
previous_ppo,2,3.7037037037037037,54,49,efflux,15
previous_ppo,3,2.9876543209876547,54,49,efflux,15
previous_ppo,4,2.2885802469135803,54,49,efflux,15
tuned_ei,1,5.45679012345679,54,49,efflux,15
tuned_ei,2,3.5864197530864197,54,49,efflux,15
tuned_ei,3,3.0015432098765435,54,49,efflux,15
tuned_ei,4,2.25,54,49,efflux,15
tuned_ppo,1,5.242283950617284,54,49,efflux,15
tuned_ppo,2,3.7175925925925926,54,49,efflux,15
tuned_ppo,3,3.08179012345679,54,49,efflux,15
tuned_ppo,4,2.337962962962963,54,49,efflux,15
original_ei,1,6.132725430597771,329,197,all,20
original_ei,2,3.9488348530901725,329,197,all,20
original_ei,3,3.1231003039513676,329,197,all,20
original_ei,4,2.6684397163120566,329,197,all,20
original_ppo,1,6.357396149949342,329,197,all,20
original_ppo,2,4.2803951367781155,329,197,all,20
original_ppo,3,3.385511651469098,329,197,all,20
original_ppo,4,2.8905775075987843,329,197,all,20
previous_ei,1,6.124620060790273,329,197,all,20
previous_ei,2,3.958206686930091,329,197,all,20
previous_ei,3,3.111195542046606,329,197,all,20
previous_ei,4,2.6324721377912867,329,197,all,20
previous_ppo,1,6.201114488348531,329,197,all,20
previous_ppo,2,4.209979736575481,329,197,all,20
previous_ppo,3,3.312563323201621,329,197,all,20
previous_ppo,4,2.7892603850050657,329,197,all,20
tuned_ei,1,6.093211752786221,329,197,all,20
tuned_ei,2,3.917679837892604,329,197,all,20
tuned_ei,3,3.088905775075988,329,197,all,20
tuned_ei,4,2.6175278622087133,329,197,all,20
tuned_ppo,1,6.239614994934144,329,197,all,20
tuned_ppo,2,4.218844984802431,329,197,all,20
tuned_ppo,3,3.3112968591692,329,197,all,20
tuned_ppo,4,2.7791286727456943,329,197,all,20
original_ei,1,5.512640449438202,178,108,microsomal_clearance,20
original_ei,2,3.661985018726592,178,108,microsomal_clearance,20
original_ei,3,2.75749063670412,178,108,microsomal_clearance,20
original_ei,4,2.5051498127340825,178,108,microsomal_clearance,20
original_ppo,1,5.672752808988764,178,108,microsomal_clearance,20
original_ppo,2,4.026217228464419,178,108,microsomal_clearance,20
original_ppo,3,3.1025280898876404,178,108,microsomal_clearance,20
original_ppo,4,2.817883895131086,178,108,microsomal_clearance,20
previous_ei,1,5.591292134831461,178,108,microsomal_clearance,20
previous_ei,2,3.779494382022472,178,108,microsomal_clearance,20
previous_ei,3,2.7841760299625467,178,108,microsomal_clearance,20
previous_ei,4,2.484550561797753,178,108,microsomal_clearance,20
previous_ppo,1,5.594569288389513,178,108,microsomal_clearance,20
previous_ppo,2,3.947565543071161,178,108,microsomal_clearance,20
previous_ppo,3,3.0037453183520597,178,108,microsomal_clearance,20
previous_ppo,4,2.700374531835206,178,108,microsomal_clearance,20
tuned_ei,1,5.510299625468165,178,108,microsomal_clearance,20
tuned_ei,2,3.703183520599251,178,108,microsomal_clearance,20
tuned_ei,3,2.7354868913857677,178,108,microsomal_clearance,20
tuned_ei,4,2.455992509363296,178,108,microsomal_clearance,20
tuned_ppo,1,5.617977528089888,178,108,microsomal_clearance,20
tuned_ppo,2,3.9911048689138573,178,108,microsomal_clearance,20
tuned_ppo,3,2.994850187265918,178,108,microsomal_clearance,20
tuned_ppo,4,2.6774344569288386,178,108,microsomal_clearance,20
original_ei,1,9.055555555555555,9,7,in_vivo_clearance,20
original_ei,2,5.787037037037037,9,7,in_vivo_clearance,20
original_ei,3,4.666666666666667,9,7,in_vivo_clearance,20
original_ei,4,4.5,9,7,in_vivo_clearance,20
original_ppo,1,9.75,9,7,in_vivo_clearance,20
original_ppo,2,6.37962962962963,9,7,in_vivo_clearance,20
original_ppo,3,5.055555555555555,9,7,in_vivo_clearance,20
original_ppo,4,4.842592592592593,9,7,in_vivo_clearance,20
previous_ei,1,8.87962962962963,9,7,in_vivo_clearance,20
previous_ei,2,5.731481481481482,9,7,in_vivo_clearance,20
previous_ei,3,4.546296296296297,9,7,in_vivo_clearance,20
previous_ei,4,4.407407407407407,9,7,in_vivo_clearance,20
previous_ppo,1,9.601851851851853,9,7,in_vivo_clearance,20
previous_ppo,2,7.0092592592592595,9,7,in_vivo_clearance,20
previous_ppo,3,5.314814814814815,9,7,in_vivo_clearance,20
previous_ppo,4,5.0092592592592595,9,7,in_vivo_clearance,20
tuned_ei,1,9.11111111111111,9,7,in_vivo_clearance,20
tuned_ei,2,5.787037037037037,9,7,in_vivo_clearance,20
tuned_ei,3,4.824074074074074,9,7,in_vivo_clearance,20
tuned_ei,4,4.685185185185185,9,7,in_vivo_clearance,20
tuned_ppo,1,9.49074074074074,9,7,in_vivo_clearance,20
tuned_ppo,2,6.907407407407407,9,7,in_vivo_clearance,20
tuned_ppo,3,5.703703703703704,9,7,in_vivo_clearance,20
tuned_ppo,4,5.342592592592593,9,7,in_vivo_clearance,20
original_ei,1,5.33974358974359,26,17,protein_binding,20
original_ei,2,3.4294871794871797,26,17,protein_binding,20
original_ei,3,2.4038461538461537,26,17,protein_binding,20
original_ei,4,1.6538461538461537,26,17,protein_binding,20
original_ppo,1,5.689102564102564,26,17,protein_binding,20
original_ppo,2,3.7628205128205128,26,17,protein_binding,20
original_ppo,3,2.5705128205128203,26,17,protein_binding,20
original_ppo,4,1.887820512820513,26,17,protein_binding,20
previous_ei,1,5.378205128205129,26,17,protein_binding,20
previous_ei,2,3.4166666666666665,26,17,protein_binding,20
previous_ei,3,2.4615384615384617,26,17,protein_binding,20
previous_ei,4,1.6730769230769231,26,17,protein_binding,20
previous_ppo,1,5.887820512820513,26,17,protein_binding,20
previous_ppo,2,4.153846153846154,26,17,protein_binding,20
previous_ppo,3,3.0064102564102564,26,17,protein_binding,20
previous_ppo,4,2.0448717948717947,26,17,protein_binding,20
tuned_ei,1,5.4326923076923075,26,17,protein_binding,20
tuned_ei,2,3.4839743589743595,26,17,protein_binding,20
tuned_ei,3,2.4903846153846154,26,17,protein_binding,20
tuned_ei,4,1.7211538461538463,26,17,protein_binding,20
tuned_ppo,1,5.679487179487179,26,17,protein_binding,20
tuned_ppo,2,4.044871794871795,26,17,protein_binding,20
tuned_ppo,3,2.8974358974358974,26,17,protein_binding,20
tuned_ppo,4,1.9647435897435899,26,17,protein_binding,20
original_ei,1,6.161666666666666,50,33,cellular_clearance,20
original_ei,2,3.845,50,33,cellular_clearance,20
original_ei,3,3.436666666666667,50,33,cellular_clearance,20
original_ei,4,2.9516666666666667,50,33,cellular_clearance,20
original_ppo,1,6.193333333333333,50,33,cellular_clearance,20
original_ppo,2,3.985,50,33,cellular_clearance,20
original_ppo,3,3.45,50,33,cellular_clearance,20
original_ppo,4,2.783333333333333,50,33,cellular_clearance,20
previous_ei,1,5.921666666666666,50,33,cellular_clearance,20
previous_ei,2,3.641666666666667,50,33,cellular_clearance,20
previous_ei,3,3.34,50,33,cellular_clearance,20
previous_ei,4,2.831666666666667,50,33,cellular_clearance,20
previous_ppo,1,5.865,50,33,cellular_clearance,20
previous_ppo,2,3.89,50,33,cellular_clearance,20
previous_ppo,3,3.4316666666666666,50,33,cellular_clearance,20
previous_ppo,4,2.716666666666667,50,33,cellular_clearance,20
tuned_ei,1,5.975,50,33,cellular_clearance,20
tuned_ei,2,3.5316666666666667,50,33,cellular_clearance,20
tuned_ei,3,3.255,50,33,cellular_clearance,20
tuned_ei,4,2.7583333333333333,50,33,cellular_clearance,20
tuned_ppo,1,6.09,50,33,cellular_clearance,20
tuned_ppo,2,3.808333333333333,50,33,cellular_clearance,20
tuned_ppo,3,3.3433333333333333,50,33,cellular_clearance,20
tuned_ppo,4,2.6733333333333333,50,33,cellular_clearance,20
original_ei,1,8.327083333333333,40,34,permeability,20
original_ei,2,5.19375,40,34,permeability,20
original_ei,3,4.325,40,34,permeability,20
original_ei,4,3.3270833333333334,40,34,permeability,20
original_ppo,1,9.289583333333335,40,34,permeability,20
original_ppo,2,5.725,40,34,permeability,20
original_ppo,3,4.7375,40,34,permeability,20
original_ppo,4,3.7270833333333337,40,34,permeability,20
previous_ei,1,8.345833333333333,40,34,permeability,20
previous_ei,2,5.141666666666667,40,34,permeability,20
previous_ei,3,4.28125,40,34,permeability,20
previous_ei,4,3.3229166666666665,40,34,permeability,20
previous_ppo,1,9.004166666666666,40,34,permeability,20
previous_ppo,2,5.320833333333334,40,34,permeability,20
previous_ppo,3,4.4625,40,34,permeability,20
previous_ppo,4,3.4645833333333336,40,34,permeability,20
tuned_ei,1,8.272916666666667,40,34,permeability,20
tuned_ei,2,5.177083333333334,40,34,permeability,20
tuned_ei,3,4.329166666666667,40,34,permeability,20
tuned_ei,4,3.31875,40,34,permeability,20
tuned_ppo,1,9.14375,40,34,permeability,20
tuned_ppo,2,5.40625,40,34,permeability,20
tuned_ppo,3,4.483333333333333,40,34,permeability,20
tuned_ppo,4,3.4270833333333335,40,34,permeability,20
original_ei,1,6.727564102564102,26,25,efflux,20
original_ei,2,4.080128205128205,26,25,efflux,20
original_ei,3,3.3589743589743586,26,25,efflux,20
original_ei,4,2.6089743589743586,26,25,efflux,20
original_ppo,1,6.342948717948717,26,25,efflux,20
original_ppo,2,4.157051282051282,26,25,efflux,20
original_ppo,3,3.355769230769231,26,25,efflux,20
original_ppo,4,2.6346153846153846,26,25,efflux,20
previous_ei,1,6.541666666666667,26,25,efflux,20
previous_ei,2,3.8974358974358974,26,25,efflux,20
previous_ei,3,3.2628205128205128,26,25,efflux,20
previous_ei,4,2.544871794871795,26,25,efflux,20
previous_ppo,1,5.823717948717948,26,25,efflux,20
previous_ppo,2,4.0,26,25,efflux,20
previous_ppo,3,3.0416666666666665,26,25,efflux,20
previous_ppo,4,2.474358974358974,26,25,efflux,20
tuned_ei,1,6.573717948717948,26,25,efflux,20
tuned_ei,2,3.9775641025641026,26,25,efflux,20
tuned_ei,3,3.2788461538461537,26,25,efflux,20
tuned_ei,4,2.5544871794871797,26,25,efflux,20
tuned_ppo,1,5.75,26,25,efflux,20
tuned_ppo,2,3.9839743589743586,26,25,efflux,20
tuned_ppo,3,3.198717948717949,26,25,efflux,20
tuned_ppo,4,2.6089743589743586,26,25,efflux,20
original_ei,1,6.462195121951219,205,129,all,25
original_ei,2,4.18739837398374,205,129,all,25
original_ei,3,3.2552845528455285,205,129,all,25
original_ei,4,2.7691056910569105,205,129,all,25
original_ppo,1,6.668292682926829,205,129,all,25
original_ppo,2,4.5024390243902435,205,129,all,25
original_ppo,3,3.4939024390243905,205,129,all,25
original_ppo,4,2.9743902439024392,205,129,all,25
previous_ei,1,6.4036585365853655,205,129,all,25
previous_ei,2,4.20609756097561,205,129,all,25
previous_ei,3,3.246747967479675,205,129,all,25
previous_ei,4,2.747967479674797,205,129,all,25
previous_ppo,1,6.354471544715447,205,129,all,25
previous_ppo,2,4.360569105691057,205,129,all,25
previous_ppo,3,3.3601626016260164,205,129,all,25
previous_ppo,4,2.825609756097561,205,129,all,25
tuned_ei,1,6.354471544715447,205,129,all,25
tuned_ei,2,4.147967479674797,205,129,all,25
tuned_ei,3,3.2345528455284556,205,129,all,25
tuned_ei,4,2.7471544715447154,205,129,all,25
tuned_ppo,1,6.419105691056911,205,129,all,25
tuned_ppo,2,4.40609756097561,205,129,all,25
tuned_ppo,3,3.388211382113821,205,129,all,25
tuned_ppo,4,2.841463414634146,205,129,all,25
original_ei,1,5.532738095238095,112,71,microsomal_clearance,25
original_ei,2,3.883184523809524,112,71,microsomal_clearance,25
original_ei,3,2.9092261904761902,112,71,microsomal_clearance,25
original_ei,4,2.633184523809524,112,71,microsomal_clearance,25
original_ppo,1,5.682291666666666,112,71,microsomal_clearance,25
original_ppo,2,4.241815476190476,112,71,microsomal_clearance,25
original_ppo,3,3.2328869047619047,112,71,microsomal_clearance,25
original_ppo,4,2.959077380952381,112,71,microsomal_clearance,25
previous_ei,1,5.505208333333334,112,71,microsomal_clearance,25
previous_ei,2,4.009672619047619,112,71,microsomal_clearance,25
previous_ei,3,2.9375,112,71,microsomal_clearance,25
previous_ei,4,2.5982142857142856,112,71,microsomal_clearance,25
previous_ppo,1,5.438244047619048,112,71,microsomal_clearance,25
previous_ppo,2,4.101190476190476,112,71,microsomal_clearance,25
previous_ppo,3,3.1078869047619047,112,71,microsomal_clearance,25
previous_ppo,4,2.7857142857142856,112,71,microsomal_clearance,25
tuned_ei,1,5.414434523809524,112,71,microsomal_clearance,25
tuned_ei,2,3.90625,112,71,microsomal_clearance,25
tuned_ei,3,2.900297619047619,112,71,microsomal_clearance,25
tuned_ei,4,2.595982142857143,112,71,microsomal_clearance,25
tuned_ppo,1,5.540178571428571,112,71,microsomal_clearance,25
tuned_ppo,2,4.191220238095238,112,71,microsomal_clearance,25
tuned_ppo,3,3.1205357142857144,112,71,microsomal_clearance,25
tuned_ppo,4,2.7961309523809526,112,71,microsomal_clearance,25
original_ei,1,9.966666666666665,5,3,in_vivo_clearance,25
original_ei,2,7.366666666666667,5,3,in_vivo_clearance,25
original_ei,3,5.516666666666667,5,3,in_vivo_clearance,25
original_ei,4,5.216666666666667,5,3,in_vivo_clearance,25
original_ppo,1,10.6,5,3,in_vivo_clearance,25
original_ppo,2,7.133333333333335,5,3,in_vivo_clearance,25
original_ppo,3,4.75,5,3,in_vivo_clearance,25
original_ppo,4,4.366666666666666,5,3,in_vivo_clearance,25
previous_ei,1,9.833333333333332,5,3,in_vivo_clearance,25
previous_ei,2,7.366666666666665,5,3,in_vivo_clearance,25
previous_ei,3,5.383333333333334,5,3,in_vivo_clearance,25
previous_ei,4,5.133333333333333,5,3,in_vivo_clearance,25
previous_ppo,1,10.316666666666666,5,3,in_vivo_clearance,25
previous_ppo,2,8.133333333333333,5,3,in_vivo_clearance,25
previous_ppo,3,5.083333333333334,5,3,in_vivo_clearance,25
previous_ppo,4,4.533333333333333,5,3,in_vivo_clearance,25
tuned_ei,1,10.116666666666667,5,3,in_vivo_clearance,25
tuned_ei,2,7.366666666666665,5,3,in_vivo_clearance,25
tuned_ei,3,5.8,5,3,in_vivo_clearance,25
tuned_ei,4,5.55,5,3,in_vivo_clearance,25
tuned_ppo,1,10.233333333333334,5,3,in_vivo_clearance,25
tuned_ppo,2,8.183333333333334,5,3,in_vivo_clearance,25
tuned_ppo,3,6.0166666666666675,5,3,in_vivo_clearance,25
tuned_ppo,4,5.366666666666667,5,3,in_vivo_clearance,25
original_ei,1,5.333333333333333,15,11,protein_binding,25
original_ei,2,2.6333333333333333,15,11,protein_binding,25
original_ei,3,1.8777777777777778,15,11,protein_binding,25
original_ei,4,1.7833333333333334,15,11,protein_binding,25
original_ppo,1,5.688888888888888,15,11,protein_binding,25
original_ppo,2,3.0833333333333335,15,11,protein_binding,25
original_ppo,3,2.2333333333333334,15,11,protein_binding,25
original_ppo,4,2.0833333333333335,15,11,protein_binding,25
previous_ei,1,5.361111111111112,15,11,protein_binding,25
previous_ei,2,2.638888888888889,15,11,protein_binding,25
previous_ei,3,1.8944444444444446,15,11,protein_binding,25
previous_ei,4,1.8055555555555558,15,11,protein_binding,25
previous_ppo,1,5.288888888888889,15,11,protein_binding,25
previous_ppo,2,2.944444444444444,15,11,protein_binding,25
previous_ppo,3,2.211111111111111,15,11,protein_binding,25
previous_ppo,4,2.1166666666666667,15,11,protein_binding,25
tuned_ei,1,5.438888888888888,15,11,protein_binding,25
tuned_ei,2,2.6722222222222225,15,11,protein_binding,25
tuned_ei,3,1.9166666666666667,15,11,protein_binding,25
tuned_ei,4,1.8777777777777778,15,11,protein_binding,25
tuned_ppo,1,4.944444444444445,15,11,protein_binding,25
tuned_ppo,2,2.7666666666666666,15,11,protein_binding,25
tuned_ppo,3,2.061111111111111,15,11,protein_binding,25
tuned_ppo,4,1.9666666666666666,15,11,protein_binding,25
original_ei,1,6.741935483870968,31,24,cellular_clearance,25
original_ei,2,4.647849462365592,31,24,cellular_clearance,25
original_ei,3,4.064516129032258,31,24,cellular_clearance,25
original_ei,4,3.3172043010752685,31,24,cellular_clearance,25
original_ppo,1,6.723118279569892,31,24,cellular_clearance,25
original_ppo,2,4.879032258064516,31,24,cellular_clearance,25
original_ppo,3,4.088709677419355,31,24,cellular_clearance,25
original_ppo,4,3.0806451612903225,31,24,cellular_clearance,25
previous_ei,1,6.505376344086021,31,24,cellular_clearance,25
previous_ei,2,4.424731182795699,31,24,cellular_clearance,25
previous_ei,3,3.9973118279569895,31,24,cellular_clearance,25
previous_ei,4,3.2795698924731185,31,24,cellular_clearance,25
previous_ppo,1,6.35752688172043,31,24,cellular_clearance,25
previous_ppo,2,4.774193548387097,31,24,cellular_clearance,25
previous_ppo,3,4.104838709677419,31,24,cellular_clearance,25
previous_ppo,4,3.013440860215054,31,24,cellular_clearance,25
tuned_ei,1,6.540322580645161,31,24,cellular_clearance,25
tuned_ei,2,4.354838709677419,31,24,cellular_clearance,25
tuned_ei,3,3.967741935483871,31,24,cellular_clearance,25
tuned_ei,4,3.2446236559139785,31,24,cellular_clearance,25
tuned_ppo,1,6.637096774193548,31,24,cellular_clearance,25
tuned_ppo,2,4.771505376344086,31,24,cellular_clearance,25
tuned_ppo,3,4.091397849462365,31,24,cellular_clearance,25
tuned_ppo,4,3.032258064516129,31,24,cellular_clearance,25
original_ei,1,9.569444444444445,24,21,permeability,25
original_ei,2,5.256944444444445,24,21,permeability,25
original_ei,3,4.194444444444445,24,21,permeability,25
original_ei,4,3.121527777777778,24,21,permeability,25
original_ppo,1,10.666666666666666,24,21,permeability,25
original_ppo,2,5.635416666666667,24,21,permeability,25
original_ppo,3,4.506944444444445,24,21,permeability,25
original_ppo,4,3.5104166666666665,24,21,permeability,25
previous_ei,1,9.65625,24,21,permeability,25
previous_ei,2,5.246527777777778,24,21,permeability,25
previous_ei,3,4.145833333333333,24,21,permeability,25
previous_ei,4,3.163194444444444,24,21,permeability,25
previous_ppo,1,10.368055555555555,24,21,permeability,25
previous_ppo,2,5.159722222222222,24,21,permeability,25
previous_ppo,3,4.083333333333333,24,21,permeability,25
previous_ppo,4,3.1701388888888893,24,21,permeability,25
tuned_ei,1,9.48263888888889,24,21,permeability,25
tuned_ei,2,5.222222222222222,24,21,permeability,25
tuned_ei,3,4.142361111111112,24,21,permeability,25
tuned_ei,4,3.090277777777778,24,21,permeability,25
tuned_ppo,1,10.506944444444445,24,21,permeability,25
tuned_ppo,2,5.354166666666667,24,21,permeability,25
tuned_ppo,3,4.114583333333333,24,21,permeability,25
tuned_ppo,4,3.1041666666666665,24,21,permeability,25
original_ei,1,7.587962962962964,18,18,efflux,25
original_ei,2,4.273148148148149,18,18,efflux,25
original_ei,3,3.2824074074074074,18,18,efflux,25
original_ei,4,2.3425925925925926,18,18,efflux,25
original_ppo,1,7.101851851851851,18,18,efflux,25
original_ppo,2,4.416666666666667,18,18,efflux,25
original_ppo,3,3.4444444444444446,18,18,efflux,25
original_ppo,4,2.5277777777777777,18,18,efflux,25
previous_ei,1,7.398148148148148,18,18,efflux,25
previous_ei,2,4.092592592592593,18,18,efflux,25
previous_ei,3,3.2129629629629632,18,18,efflux,25
previous_ei,4,2.3333333333333335,18,18,efflux,25
previous_ppo,1,6.486111111111111,18,18,efflux,25
previous_ppo,2,4.328703703703704,18,18,efflux,25
previous_ppo,3,3.1620370370370368,18,18,efflux,25
previous_ppo,4,2.4074074074074074,18,18,efflux,25
tuned_ei,1,7.430555555555555,18,18,efflux,25
tuned_ei,2,4.1990740740740735,18,18,efflux,25
tuned_ei,3,3.226851851851852,18,18,efflux,25
tuned_ei,4,2.3194444444444446,18,18,efflux,25
tuned_ppo,1,6.231481481481482,18,18,efflux,25
tuned_ppo,2,4.166666666666667,18,18,efflux,25
tuned_ppo,3,3.25,18,18,efflux,25
tuned_ppo,4,2.4722222222222223,18,18,efflux,25
original_ei,1,6.532638888888888,120,76,all,30
original_ei,2,4.297222222222222,120,76,all,30
original_ei,3,3.325,120,76,all,30
original_ei,4,2.9006944444444445,120,76,all,30
original_ppo,1,6.479166666666667,120,76,all,30
original_ppo,2,4.658333333333333,120,76,all,30
original_ppo,3,3.493055555555556,120,76,all,30
original_ppo,4,2.9715277777777778,120,76,all,30
previous_ei,1,6.425,120,76,all,30
previous_ei,2,4.323611111111111,120,76,all,30
previous_ei,3,3.2979166666666666,120,76,all,30
previous_ei,4,2.8291666666666666,120,76,all,30
previous_ppo,1,6.109027777777778,120,76,all,30
previous_ppo,2,4.464583333333334,120,76,all,30
previous_ppo,3,3.376388888888889,120,76,all,30
previous_ppo,4,2.850694444444444,120,76,all,30
tuned_ei,1,6.358333333333333,120,76,all,30
tuned_ei,2,4.239583333333333,120,76,all,30
tuned_ei,3,3.307638888888889,120,76,all,30
tuned_ei,4,2.8618055555555557,120,76,all,30
tuned_ppo,1,6.202777777777778,120,76,all,30
tuned_ppo,2,4.583333333333333,120,76,all,30
tuned_ppo,3,3.472916666666667,120,76,all,30
tuned_ppo,4,2.9284722222222226,120,76,all,30
original_ei,1,5.589201877934272,71,45,microsomal_clearance,30
original_ei,2,3.923708920187793,71,45,microsomal_clearance,30
original_ei,3,2.7746478873239435,71,45,microsomal_clearance,30
original_ei,4,2.585680751173709,71,45,microsomal_clearance,30
original_ppo,1,5.643192488262911,71,45,microsomal_clearance,30
original_ppo,2,4.303990610328638,71,45,microsomal_clearance,30
original_ppo,3,2.937793427230047,71,45,microsomal_clearance,30
original_ppo,4,2.693661971830986,71,45,microsomal_clearance,30
previous_ei,1,5.480046948356807,71,45,microsomal_clearance,30
previous_ei,2,4.03755868544601,71,45,microsomal_clearance,30
previous_ei,3,2.789906103286385,71,45,microsomal_clearance,30
previous_ei,4,2.4847417840375585,71,45,microsomal_clearance,30
previous_ppo,1,5.149061032863849,71,45,microsomal_clearance,30
previous_ppo,2,3.987089201877934,71,45,microsomal_clearance,30
previous_ppo,3,2.7699530516431925,71,45,microsomal_clearance,30
previous_ppo,4,2.488262910798122,71,45,microsomal_clearance,30
tuned_ei,1,5.381455399061033,71,45,microsomal_clearance,30
tuned_ei,2,3.908450704225352,71,45,microsomal_clearance,30
tuned_ei,3,2.7746478873239435,71,45,microsomal_clearance,30
tuned_ei,4,2.509389671361502,71,45,microsomal_clearance,30
tuned_ppo,1,5.245305164319249,71,45,microsomal_clearance,30
tuned_ppo,2,4.117370892018779,71,45,microsomal_clearance,30
tuned_ppo,3,2.787558685446009,71,45,microsomal_clearance,30
tuned_ppo,4,2.494131455399061,71,45,microsomal_clearance,30
original_ei,1,14.916666666666666,2,2,in_vivo_clearance,30
original_ei,2,9.583333333333332,2,2,in_vivo_clearance,30
original_ei,3,7.416666666666666,2,2,in_vivo_clearance,30
original_ei,4,7.083333333333333,2,2,in_vivo_clearance,30
original_ppo,1,17.833333333333332,2,2,in_vivo_clearance,30
original_ppo,2,11.041666666666668,2,2,in_vivo_clearance,30
original_ppo,3,7.333333333333334,2,2,in_vivo_clearance,30
original_ppo,4,6.75,2,2,in_vivo_clearance,30
previous_ei,1,14.416666666666668,2,2,in_vivo_clearance,30
previous_ei,2,9.416666666666666,2,2,in_vivo_clearance,30
previous_ei,3,7.375,2,2,in_vivo_clearance,30
previous_ei,4,7.041666666666666,2,2,in_vivo_clearance,30
previous_ppo,1,16.958333333333332,2,2,in_vivo_clearance,30
previous_ppo,2,13.5,2,2,in_vivo_clearance,30
previous_ppo,3,8.125,2,2,in_vivo_clearance,30
previous_ppo,4,7.125,2,2,in_vivo_clearance,30
tuned_ei,1,14.666666666666668,2,2,in_vivo_clearance,30
tuned_ei,2,9.0,2,2,in_vivo_clearance,30
tuned_ei,3,8.041666666666668,2,2,in_vivo_clearance,30
tuned_ei,4,7.708333333333333,2,2,in_vivo_clearance,30
tuned_ppo,1,16.75,2,2,in_vivo_clearance,30
tuned_ppo,2,13.625,2,2,in_vivo_clearance,30
tuned_ppo,3,10.458333333333334,2,2,in_vivo_clearance,30
tuned_ppo,4,9.208333333333334,2,2,in_vivo_clearance,30
original_ei,1,5.342592592592593,9,7,protein_binding,30
original_ei,2,3.2314814814814814,9,7,protein_binding,30
original_ei,3,2.009259259259259,9,7,protein_binding,30
original_ei,4,1.9351851851851853,9,7,protein_binding,30
original_ppo,1,5.37962962962963,9,7,protein_binding,30
original_ppo,2,3.768518518518518,9,7,protein_binding,30
original_ppo,3,2.3796296296296298,9,7,protein_binding,30
original_ppo,4,2.2962962962962963,9,7,protein_binding,30
previous_ei,1,5.435185185185186,9,7,protein_binding,30
previous_ei,2,3.1944444444444446,9,7,protein_binding,30
previous_ei,3,1.990740740740741,9,7,protein_binding,30
previous_ei,4,1.9166666666666667,9,7,protein_binding,30
previous_ppo,1,5.314814814814815,9,7,protein_binding,30
previous_ppo,2,3.7222222222222223,9,7,protein_binding,30
previous_ppo,3,2.518518518518518,9,7,protein_binding,30
previous_ppo,4,2.518518518518518,9,7,protein_binding,30
tuned_ei,1,5.5,9,7,protein_binding,30
tuned_ei,2,3.2129629629629632,9,7,protein_binding,30
tuned_ei,3,1.990740740740741,9,7,protein_binding,30
tuned_ei,4,1.9537037037037035,9,7,protein_binding,30
tuned_ppo,1,4.796296296296296,9,7,protein_binding,30
tuned_ppo,2,3.4259259259259256,9,7,protein_binding,30
tuned_ppo,3,2.268518518518518,9,7,protein_binding,30
tuned_ppo,4,2.268518518518518,9,7,protein_binding,30
original_ei,1,7.058333333333333,20,15,cellular_clearance,30
original_ei,2,5.425,20,15,cellular_clearance,30
original_ei,3,4.8625,20,15,cellular_clearance,30
original_ei,4,4.179166666666666,20,15,cellular_clearance,30
original_ppo,1,6.7,20,15,cellular_clearance,30
original_ppo,2,5.591666666666667,20,15,cellular_clearance,30
original_ppo,3,5.079166666666667,20,15,cellular_clearance,30
original_ppo,4,3.8583333333333334,20,15,cellular_clearance,30
previous_ei,1,6.770833333333333,20,15,cellular_clearance,30
previous_ei,2,5.158333333333333,20,15,cellular_clearance,30
previous_ei,3,4.745833333333333,20,15,cellular_clearance,30
previous_ei,4,4.095833333333333,20,15,cellular_clearance,30
previous_ppo,1,6.441666666666667,20,15,cellular_clearance,30
previous_ppo,2,5.6125,20,15,cellular_clearance,30
previous_ppo,3,5.079166666666667,20,15,cellular_clearance,30
previous_ppo,4,3.8,20,15,cellular_clearance,30
tuned_ei,1,6.741666666666667,20,15,cellular_clearance,30
tuned_ei,2,5.1083333333333325,20,15,cellular_clearance,30
tuned_ei,3,4.729166666666666,20,15,cellular_clearance,30
tuned_ei,4,4.075,20,15,cellular_clearance,30
tuned_ppo,1,6.4833333333333325,20,15,cellular_clearance,30
tuned_ppo,2,5.604166666666666,20,15,cellular_clearance,30
tuned_ppo,3,5.108333333333333,20,15,cellular_clearance,30
tuned_ppo,4,3.8208333333333337,20,15,cellular_clearance,30
original_ei,1,10.916666666666668,13,12,permeability,30
original_ei,2,5.121794871794871,13,12,permeability,30
original_ei,3,4.621794871794872,13,12,permeability,30
original_ei,4,3.173076923076923,13,12,permeability,30
original_ppo,1,10.346153846153847,13,12,permeability,30
original_ppo,2,5.102564102564102,13,12,permeability,30
original_ppo,3,4.538461538461538,13,12,permeability,30
original_ppo,4,3.3653846153846154,13,12,permeability,30
previous_ei,1,11.08974358974359,13,12,permeability,30
previous_ei,2,5.2243589743589745,13,12,permeability,30
previous_ei,3,4.519230769230769,13,12,permeability,30
previous_ei,4,3.2628205128205128,13,12,permeability,30
previous_ppo,1,10.544871794871796,13,12,permeability,30
previous_ppo,2,4.788461538461538,13,12,permeability,30
previous_ppo,3,4.2243589743589745,13,12,permeability,30
previous_ppo,4,3.3205128205128207,13,12,permeability,30
tuned_ei,1,10.974358974358976,13,12,permeability,30
tuned_ei,2,5.282051282051283,13,12,permeability,30
tuned_ei,3,4.615384615384615,13,12,permeability,30
tuned_ei,4,3.333333333333333,13,12,permeability,30
tuned_ppo,1,11.211538461538462,13,12,permeability,30
tuned_ppo,2,5.371794871794871,13,12,permeability,30
tuned_ppo,3,4.788461538461538,13,12,permeability,30
tuned_ppo,4,3.826923076923077,13,12,permeability,30
original_ei,1,5.216666666666667,5,5,efflux,30
original_ei,2,2.75,5,5,efflux,30
original_ei,3,2.35,5,5,efflux,30
original_ei,4,1.6166666666666667,5,5,efflux,30
original_ppo,1,4.85,5,5,efflux,30
original_ppo,2,3.85,5,5,efflux,30
original_ppo,3,2.7833333333333337,5,5,efflux,30
original_ppo,4,2.05,5,5,efflux,30
previous_ei,1,4.916666666666667,5,5,efflux,30
previous_ei,2,2.7,5,5,efflux,30
previous_ei,3,2.2666666666666666,5,5,efflux,30
previous_ei,4,1.4833333333333332,5,5,efflux,30
previous_ppo,1,3.9666666666666672,5,5,efflux,30
previous_ppo,2,3.5333333333333328,5,5,efflux,30
previous_ppo,3,2.6166666666666663,5,5,efflux,30
previous_ppo,4,1.8666666666666665,5,5,efflux,30
tuned_ei,1,4.916666666666667,5,5,efflux,30
tuned_ei,2,2.7,5,5,efflux,30
tuned_ei,3,2.2666666666666666,5,5,efflux,30
tuned_ei,4,1.4833333333333332,5,5,efflux,30
tuned_ppo,1,3.9666666666666672,5,5,efflux,30
tuned_ppo,2,3.5333333333333328,5,5,efflux,30
tuned_ppo,3,2.6166666666666663,5,5,efflux,30
tuned_ppo,4,1.8666666666666665,5,5,efflux,30
original_ei,1,7.27,75,50,all,35
original_ei,2,4.807777777777778,75,50,all,35
original_ei,3,3.6677777777777774,75,50,all,35
original_ei,4,3.2466666666666666,75,50,all,35
original_ppo,1,7.041111111111111,75,50,all,35
original_ppo,2,4.961111111111111,75,50,all,35
original_ppo,3,3.7277777777777774,75,50,all,35
original_ppo,4,3.263333333333333,75,50,all,35
previous_ei,1,6.973333333333334,75,50,all,35
previous_ei,2,4.733333333333333,75,50,all,35
previous_ei,3,3.5366666666666666,75,50,all,35
previous_ei,4,3.1055555555555556,75,50,all,35
previous_ppo,1,6.5811111111111105,75,50,all,35
previous_ppo,2,4.558888888888889,75,50,all,35
previous_ppo,3,3.4722222222222223,75,50,all,35
previous_ppo,4,3.027777777777778,75,50,all,35
tuned_ei,1,6.882222222222222,75,50,all,35
tuned_ei,2,4.615555555555556,75,50,all,35
tuned_ei,3,3.57,75,50,all,35
tuned_ei,4,3.147777777777778,75,50,all,35
tuned_ppo,1,6.698888888888889,75,50,all,35
tuned_ppo,2,4.731111111111111,75,50,all,35
tuned_ppo,3,3.5833333333333335,75,50,all,35
tuned_ppo,4,3.1011111111111114,75,50,all,35
original_ei,1,6.242753623188405,46,31,microsomal_clearance,35
original_ei,2,4.476449275362318,46,31,microsomal_clearance,35
original_ei,3,3.0652173913043477,46,31,microsomal_clearance,35
original_ei,4,2.9456521739130435,46,31,microsomal_clearance,35
original_ppo,1,6.157608695652174,46,31,microsomal_clearance,35
original_ppo,2,4.61231884057971,46,31,microsomal_clearance,35
original_ppo,3,3.106884057971014,46,31,microsomal_clearance,35
original_ppo,4,3.01268115942029,46,31,microsomal_clearance,35
previous_ei,1,5.934782608695652,46,31,microsomal_clearance,35
previous_ei,2,4.471014492753623,46,31,microsomal_clearance,35
previous_ei,3,2.9184782608695654,46,31,microsomal_clearance,35
previous_ei,4,2.7210144927536235,46,31,microsomal_clearance,35
previous_ppo,1,5.3768115942028984,46,31,microsomal_clearance,35
previous_ppo,2,4.074275362318841,46,31,microsomal_clearance,35
previous_ppo,3,2.8043478260869565,46,31,microsomal_clearance,35
previous_ppo,4,2.6340579710144927,46,31,microsomal_clearance,35
tuned_ei,1,5.788043478260869,46,31,microsomal_clearance,35
tuned_ei,2,4.318840579710145,46,31,microsomal_clearance,35
tuned_ei,3,2.9420289855072466,46,31,microsomal_clearance,35
tuned_ei,4,2.7626811594202896,46,31,microsomal_clearance,35
tuned_ppo,1,5.565217391304348,46,31,microsomal_clearance,35
tuned_ppo,2,4.300724637681159,46,31,microsomal_clearance,35
tuned_ppo,3,2.8351449275362315,46,31,microsomal_clearance,35
tuned_ppo,4,2.6539855072463765,46,31,microsomal_clearance,35
original_ei,1,10.25,1,1,in_vivo_clearance,35
original_ei,2,6.25,1,1,in_vivo_clearance,35
original_ei,3,2.1666666666666665,1,1,in_vivo_clearance,35
original_ei,4,2.1666666666666665,1,1,in_vivo_clearance,35
original_ppo,1,11.416666666666666,1,1,in_vivo_clearance,35
original_ppo,2,9.583333333333334,1,1,in_vivo_clearance,35
original_ppo,3,4.166666666666667,1,1,in_vivo_clearance,35
original_ppo,4,4.0,1,1,in_vivo_clearance,35
previous_ei,1,9.333333333333334,1,1,in_vivo_clearance,35
previous_ei,2,5.833333333333333,1,1,in_vivo_clearance,35
previous_ei,3,2.1666666666666665,1,1,in_vivo_clearance,35
previous_ei,4,2.1666666666666665,1,1,in_vivo_clearance,35
previous_ppo,1,9.416666666666666,1,1,in_vivo_clearance,35
previous_ppo,2,8.75,1,1,in_vivo_clearance,35
previous_ppo,3,2.75,1,1,in_vivo_clearance,35
previous_ppo,4,2.75,1,1,in_vivo_clearance,35
tuned_ei,1,9.833333333333334,1,1,in_vivo_clearance,35
tuned_ei,2,5.0,1,1,in_vivo_clearance,35
tuned_ei,3,3.5,1,1,in_vivo_clearance,35
tuned_ei,4,3.5,1,1,in_vivo_clearance,35
tuned_ppo,1,9.0,1,1,in_vivo_clearance,35
tuned_ppo,2,9.0,1,1,in_vivo_clearance,35
tuned_ppo,3,7.416666666666667,1,1,in_vivo_clearance,35
tuned_ppo,4,6.916666666666667,1,1,in_vivo_clearance,35
original_ei,1,5.083333333333333,6,5,protein_binding,35
original_ei,2,2.486111111111111,6,5,protein_binding,35
original_ei,3,1.875,6,5,protein_binding,35
original_ei,4,1.8194444444444446,6,5,protein_binding,35
original_ppo,1,5.333333333333333,6,5,protein_binding,35
original_ppo,2,3.3055555555555554,6,5,protein_binding,35
original_ppo,3,2.763888888888889,6,5,protein_binding,35
original_ppo,4,2.638888888888889,6,5,protein_binding,35
previous_ei,1,5.097222222222222,6,5,protein_binding,35
previous_ei,2,2.4444444444444446,6,5,protein_binding,35
previous_ei,3,1.8194444444444444,6,5,protein_binding,35
previous_ei,4,1.763888888888889,6,5,protein_binding,35
previous_ppo,1,6.083333333333333,6,5,protein_binding,35
previous_ppo,2,3.694444444444444,6,5,protein_binding,35
previous_ppo,3,3.0277777777777772,6,5,protein_binding,35
previous_ppo,4,3.0277777777777772,6,5,protein_binding,35
tuned_ei,1,5.194444444444445,6,5,protein_binding,35
tuned_ei,2,2.4722222222222223,6,5,protein_binding,35
tuned_ei,3,1.8472222222222223,6,5,protein_binding,35
tuned_ei,4,1.7916666666666667,6,5,protein_binding,35
tuned_ppo,1,5.291666666666667,6,5,protein_binding,35
tuned_ppo,2,3.2361111111111107,6,5,protein_binding,35
tuned_ppo,3,2.569444444444444,6,5,protein_binding,35
tuned_ppo,4,2.569444444444444,6,5,protein_binding,35
original_ei,1,7.358974358974359,13,9,cellular_clearance,35
original_ei,2,6.096153846153846,13,9,cellular_clearance,35
original_ei,3,5.230769230769231,13,9,cellular_clearance,35
original_ei,4,4.564102564102564,13,9,cellular_clearance,35
original_ppo,1,6.493589743589744,13,9,cellular_clearance,35
original_ppo,2,5.884615384615385,13,9,cellular_clearance,35
original_ppo,3,5.096153846153846,13,9,cellular_clearance,35
original_ppo,4,3.916666666666667,13,9,cellular_clearance,35
previous_ei,1,6.955128205128205,13,9,cellular_clearance,35
previous_ei,2,5.717948717948717,13,9,cellular_clearance,35
previous_ei,3,5.083333333333333,13,9,cellular_clearance,35
previous_ei,4,4.512820512820513,13,9,cellular_clearance,35
previous_ppo,1,6.0,13,9,cellular_clearance,35
previous_ppo,2,5.512820512820513,13,9,cellular_clearance,35
previous_ppo,3,4.6923076923076925,13,9,cellular_clearance,35
previous_ppo,4,3.621794871794872,13,9,cellular_clearance,35
tuned_ei,1,6.820512820512819,13,9,cellular_clearance,35
tuned_ei,2,5.653846153846154,13,9,cellular_clearance,35
tuned_ei,3,5.070512820512821,13,9,cellular_clearance,35
tuned_ei,4,4.455128205128205,13,9,cellular_clearance,35
tuned_ppo,1,5.9743589743589745,13,9,cellular_clearance,35
tuned_ppo,2,5.435897435897436,13,9,cellular_clearance,35
tuned_ppo,3,4.673076923076923,13,9,cellular_clearance,35
tuned_ppo,4,3.5833333333333335,13,9,cellular_clearance,35
original_ei,1,14.520833333333334,8,7,permeability,35
original_ei,2,6.09375,8,7,permeability,35
original_ei,3,6.0,8,7,permeability,35
original_ei,4,4.322916666666667,8,7,permeability,35
original_ppo,1,13.989583333333334,8,7,permeability,35
original_ppo,2,6.114583333333333,8,7,permeability,35
original_ppo,3,5.677083333333334,8,7,permeability,35
original_ppo,4,4.28125,8,7,permeability,35
previous_ei,1,14.208333333333334,8,7,permeability,35
previous_ei,2,6.0625,8,7,permeability,35
previous_ei,3,5.864583333333333,8,7,permeability,35
previous_ei,4,4.416666666666667,8,7,permeability,35
previous_ppo,1,14.635416666666666,8,7,permeability,35
previous_ppo,2,5.833333333333333,8,7,permeability,35
previous_ppo,3,5.614583333333333,8,7,permeability,35
previous_ppo,4,4.614583333333334,8,7,permeability,35
tuned_ei,1,14.28125,8,7,permeability,35
tuned_ei,2,6.020833333333333,8,7,permeability,35
tuned_ei,3,5.875,8,7,permeability,35
tuned_ei,4,4.479166666666667,8,7,permeability,35
tuned_ppo,1,15.34375,8,7,permeability,35
tuned_ppo,2,6.583333333333333,8,7,permeability,35
tuned_ppo,3,6.270833333333333,8,7,permeability,35
tuned_ppo,4,5.072916666666666,8,7,permeability,35
original_ei,1,5.5,1,1,efflux,35
original_ei,2,5.5,1,1,efflux,35
original_ei,3,4.666666666666667,1,1,efflux,35
original_ei,4,1.0,1,1,efflux,35
original_ppo,1,5.083333333333333,1,1,efflux,35
original_ppo,2,5.083333333333333,1,1,efflux,35
original_ppo,3,4.25,1,1,efflux,35
original_ppo,4,1.1666666666666667,1,1,efflux,35
previous_ei,1,6.0,1,1,efflux,35
previous_ei,2,6.0,1,1,efflux,35
previous_ei,3,4.916666666666667,1,1,efflux,35
previous_ei,4,1.0,1,1,efflux,35
previous_ppo,1,5.25,1,1,efflux,35
previous_ppo,2,5.25,1,1,efflux,35
previous_ppo,3,4.583333333333333,1,1,efflux,35
previous_ppo,4,1.0,1,1,efflux,35
tuned_ei,1,6.0,1,1,efflux,35
tuned_ei,2,6.0,1,1,efflux,35
tuned_ei,3,4.916666666666667,1,1,efflux,35
tuned_ei,4,1.0,1,1,efflux,35
tuned_ppo,1,5.25,1,1,efflux,35
tuned_ppo,2,5.25,1,1,efflux,35
tuned_ppo,3,4.583333333333333,1,1,efflux,35
tuned_ppo,4,1.0,1,1,efflux,35
original_ei,1,7.16025641025641,52,34,all,40
original_ei,2,4.875,52,34,all,40
original_ei,3,3.7035256410256414,52,34,all,40
original_ei,4,3.275641025641026,52,34,all,40
original_ppo,1,7.080128205128205,52,34,all,40
original_ppo,2,4.935897435897436,52,34,all,40
original_ppo,3,3.7099358974358974,52,34,all,40
original_ppo,4,3.2836538461538463,52,34,all,40
previous_ei,1,6.764423076923077,52,34,all,40
previous_ei,2,4.794871794871795,52,34,all,40
previous_ei,3,3.4711538461538463,52,34,all,40
previous_ei,4,3.0576923076923075,52,34,all,40
previous_ppo,1,6.174679487179487,52,34,all,40
previous_ppo,2,4.328525641025641,52,34,all,40
previous_ppo,3,3.1746794871794872,52,34,all,40
previous_ppo,4,2.8461538461538463,52,34,all,40
tuned_ei,1,6.698717948717948,52,34,all,40
tuned_ei,2,4.677884615384615,52,34,all,40
tuned_ei,3,3.5336538461538463,52,34,all,40
tuned_ei,4,3.144230769230769,52,34,all,40
tuned_ppo,1,6.586538461538462,52,34,all,40
tuned_ppo,2,4.7131410256410255,52,34,all,40
tuned_ppo,3,3.4391025641025643,52,34,all,40
tuned_ppo,4,3.0641025641025643,52,34,all,40
original_ei,1,6.421875,32,21,microsomal_clearance,40
original_ei,2,4.809895833333333,32,21,microsomal_clearance,40
original_ei,3,3.1640625,32,21,microsomal_clearance,40
original_ei,4,3.125,32,21,microsomal_clearance,40
original_ppo,1,6.3203125,32,21,microsomal_clearance,40
original_ppo,2,4.96875,32,21,microsomal_clearance,40
original_ppo,3,3.2708333333333335,32,21,microsomal_clearance,40
original_ppo,4,3.2369791666666665,32,21,microsomal_clearance,40
previous_ei,1,5.955729166666667,32,21,microsomal_clearance,40
previous_ei,2,4.7265625,32,21,microsomal_clearance,40
previous_ei,3,2.84375,32,21,microsomal_clearance,40
previous_ei,4,2.7604166666666665,32,21,microsomal_clearance,40
previous_ppo,1,5.291666666666667,32,21,microsomal_clearance,40
previous_ppo,2,4.213541666666667,32,21,microsomal_clearance,40
previous_ppo,3,2.6796875,32,21,microsomal_clearance,40
previous_ppo,4,2.6614583333333335,32,21,microsomal_clearance,40
tuned_ei,1,5.700520833333333,32,21,microsomal_clearance,40
tuned_ei,2,4.489583333333333,32,21,microsomal_clearance,40
tuned_ei,3,2.8307291666666665,32,21,microsomal_clearance,40
tuned_ei,4,2.7708333333333335,32,21,microsomal_clearance,40
tuned_ppo,1,5.651041666666667,32,21,microsomal_clearance,40
tuned_ppo,2,4.559895833333333,32,21,microsomal_clearance,40
tuned_ppo,3,2.7213541666666665,32,21,microsomal_clearance,40
tuned_ppo,4,2.6875,32,21,microsomal_clearance,40
original_ei,1,10.25,1,1,in_vivo_clearance,40
original_ei,2,6.25,1,1,in_vivo_clearance,40
original_ei,3,2.1666666666666665,1,1,in_vivo_clearance,40
original_ei,4,2.1666666666666665,1,1,in_vivo_clearance,40
original_ppo,1,11.416666666666666,1,1,in_vivo_clearance,40
original_ppo,2,9.583333333333334,1,1,in_vivo_clearance,40
original_ppo,3,4.166666666666667,1,1,in_vivo_clearance,40
original_ppo,4,4.0,1,1,in_vivo_clearance,40
previous_ei,1,9.333333333333334,1,1,in_vivo_clearance,40
previous_ei,2,5.833333333333333,1,1,in_vivo_clearance,40
previous_ei,3,2.1666666666666665,1,1,in_vivo_clearance,40
previous_ei,4,2.1666666666666665,1,1,in_vivo_clearance,40
previous_ppo,1,9.416666666666666,1,1,in_vivo_clearance,40
previous_ppo,2,8.75,1,1,in_vivo_clearance,40
previous_ppo,3,2.75,1,1,in_vivo_clearance,40
previous_ppo,4,2.75,1,1,in_vivo_clearance,40
tuned_ei,1,9.833333333333334,1,1,in_vivo_clearance,40
tuned_ei,2,5.0,1,1,in_vivo_clearance,40
tuned_ei,3,3.5,1,1,in_vivo_clearance,40
tuned_ei,4,3.5,1,1,in_vivo_clearance,40
tuned_ppo,1,9.0,1,1,in_vivo_clearance,40
tuned_ppo,2,9.0,1,1,in_vivo_clearance,40
tuned_ppo,3,7.416666666666667,1,1,in_vivo_clearance,40
tuned_ppo,4,6.916666666666667,1,1,in_vivo_clearance,40
original_ei,1,3.416666666666667,2,2,protein_binding,40
original_ei,2,3.208333333333333,2,2,protein_binding,40
original_ei,3,2.125,2,2,protein_binding,40
original_ei,4,1.9583333333333335,2,2,protein_binding,40
original_ppo,1,2.041666666666667,2,2,protein_binding,40
original_ppo,2,2.041666666666667,2,2,protein_binding,40
original_ppo,3,1.9583333333333333,2,2,protein_binding,40
original_ppo,4,1.5833333333333333,2,2,protein_binding,40
previous_ei,1,3.166666666666667,2,2,protein_binding,40
previous_ei,2,3.166666666666667,2,2,protein_binding,40
previous_ei,3,2.0416666666666665,2,2,protein_binding,40
previous_ei,4,1.875,2,2,protein_binding,40
previous_ppo,1,1.625,2,2,protein_binding,40
previous_ppo,2,1.625,2,2,protein_binding,40
previous_ppo,3,1.625,2,2,protein_binding,40
previous_ppo,4,1.625,2,2,protein_binding,40
tuned_ei,1,3.25,2,2,protein_binding,40
tuned_ei,2,3.25,2,2,protein_binding,40
tuned_ei,3,2.125,2,2,protein_binding,40
tuned_ei,4,1.9583333333333335,2,2,protein_binding,40
tuned_ppo,1,1.625,2,2,protein_binding,40
tuned_ppo,2,1.625,2,2,protein_binding,40
tuned_ppo,3,1.625,2,2,protein_binding,40
tuned_ppo,4,1.625,2,2,protein_binding,40
original_ei,1,5.4259259259259265,9,6,cellular_clearance,40
original_ei,2,4.972222222222222,9,6,cellular_clearance,40
original_ei,3,4.925925925925926,9,6,cellular_clearance,40
original_ei,4,4.527777777777778,9,6,cellular_clearance,40
original_ppo,1,4.87037037037037,9,6,cellular_clearance,40
original_ppo,2,4.490740740740741,9,6,cellular_clearance,40
original_ppo,3,4.212962962962964,9,6,cellular_clearance,40
original_ppo,4,3.5555555555555554,9,6,cellular_clearance,40
previous_ei,1,5.194444444444445,9,6,cellular_clearance,40
previous_ei,2,4.814814814814814,9,6,cellular_clearance,40
previous_ei,3,4.814814814814814,9,6,cellular_clearance,40
previous_ei,4,4.481481481481482,9,6,cellular_clearance,40
previous_ppo,1,4.203703703703703,9,6,cellular_clearance,40
previous_ppo,2,3.9259259259259256,9,6,cellular_clearance,40
previous_ppo,3,3.6481481481481475,9,6,cellular_clearance,40
previous_ppo,4,3.1018518518518516,9,6,cellular_clearance,40
tuned_ei,1,5.444444444444445,9,6,cellular_clearance,40
tuned_ei,2,5.037037037037036,9,6,cellular_clearance,40
tuned_ei,3,4.9907407407407405,9,6,cellular_clearance,40
tuned_ei,4,4.666666666666667,9,6,cellular_clearance,40
tuned_ppo,1,4.472222222222222,9,6,cellular_clearance,40
tuned_ppo,2,4.194444444444445,9,6,cellular_clearance,40
tuned_ppo,3,3.8981481481481484,9,6,cellular_clearance,40
tuned_ppo,4,3.3703703703703707,9,6,cellular_clearance,40
original_ei,1,13.630952380952381,7,6,permeability,40
original_ei,2,5.238095238095238,7,6,permeability,40
original_ei,3,5.1309523809523805,7,6,permeability,40
original_ei,4,3.2142857142857144,7,6,permeability,40
original_ppo,1,14.5,7,6,permeability,40
original_ppo,2,5.5,7,6,permeability,40
original_ppo,3,5.428571428571429,7,6,permeability,40
original_ppo,4,3.8333333333333335,7,6,permeability,40
previous_ei,1,13.25,7,6,permeability,40
previous_ei,2,5.226190476190476,7,6,permeability,40
previous_ei,3,5.0,7,6,permeability,40
previous_ei,4,3.345238095238095,7,6,permeability,40
previous_ppo,1,13.714285714285714,7,6,permeability,40
previous_ppo,2,5.380952380952381,7,6,permeability,40
previous_ppo,3,5.130952380952381,7,6,permeability,40
previous_ppo,4,3.988095238095238,7,6,permeability,40
tuned_ei,1,13.511904761904761,7,6,permeability,40
tuned_ei,2,5.25,7,6,permeability,40
tuned_ei,3,5.083333333333334,7,6,permeability,40
tuned_ei,4,3.488095238095238,7,6,permeability,40
tuned_ppo,1,14.845238095238097,7,6,permeability,40
tuned_ppo,2,6.273809523809524,7,6,permeability,40
tuned_ppo,3,5.916666666666666,7,6,permeability,40
tuned_ppo,4,4.5476190476190474,7,6,permeability,40
original_ei,1,5.5,1,1,efflux,40
original_ei,2,5.5,1,1,efflux,40
original_ei,3,4.666666666666667,1,1,efflux,40
original_ei,4,1.0,1,1,efflux,40
original_ppo,1,5.083333333333333,1,1,efflux,40
original_ppo,2,5.083333333333333,1,1,efflux,40
original_ppo,3,4.25,1,1,efflux,40
original_ppo,4,1.1666666666666667,1,1,efflux,40
previous_ei,1,6.0,1,1,efflux,40
previous_ei,2,6.0,1,1,efflux,40
previous_ei,3,4.916666666666667,1,1,efflux,40
previous_ei,4,1.0,1,1,efflux,40
previous_ppo,1,5.25,1,1,efflux,40
previous_ppo,2,5.25,1,1,efflux,40
previous_ppo,3,4.583333333333333,1,1,efflux,40
previous_ppo,4,1.0,1,1,efflux,40
tuned_ei,1,6.0,1,1,efflux,40
tuned_ei,2,6.0,1,1,efflux,40
tuned_ei,3,4.916666666666667,1,1,efflux,40
tuned_ei,4,1.0,1,1,efflux,40
tuned_ppo,1,5.25,1,1,efflux,40
tuned_ppo,2,5.25,1,1,efflux,40
tuned_ppo,3,4.583333333333333,1,1,efflux,40
tuned_ppo,4,1.0,1,1,efflux,40
original_ei,1,7.030555555555555,30,20,all,45
original_ei,2,4.583333333333333,30,20,all,45
original_ei,3,4.363888888888889,30,20,all,45
original_ei,4,4.169444444444444,30,20,all,45
original_ppo,1,6.975,30,20,all,45
original_ppo,2,4.733333333333333,30,20,all,45
original_ppo,3,4.497222222222222,30,20,all,45
original_ppo,4,4.158333333333333,30,20,all,45
previous_ei,1,6.288888888888889,30,20,all,45
previous_ei,2,4.341666666666667,30,20,all,45
previous_ei,3,4.0,30,20,all,45
previous_ei,4,3.8027777777777776,30,20,all,45
previous_ppo,1,5.944444444444444,30,20,all,45
previous_ppo,2,3.8833333333333333,30,20,all,45
previous_ppo,3,3.6194444444444445,30,20,all,45
previous_ppo,4,3.3805555555555555,30,20,all,45
tuned_ei,1,6.277777777777778,30,20,all,45
tuned_ei,2,4.302777777777778,30,20,all,45
tuned_ei,3,4.077777777777778,30,20,all,45
tuned_ei,4,3.9027777777777777,30,20,all,45
tuned_ppo,1,6.247222222222222,30,20,all,45
tuned_ppo,2,4.236111111111111,30,20,all,45
tuned_ppo,3,3.9138888888888888,30,20,all,45
tuned_ppo,4,3.6472222222222217,30,20,all,45
original_ei,1,5.314814814814814,18,11,microsomal_clearance,45
original_ei,2,4.125,18,11,microsomal_clearance,45
original_ei,3,3.9166666666666665,18,11,microsomal_clearance,45
original_ei,4,3.9027777777777777,18,11,microsomal_clearance,45
original_ppo,1,5.162037037037037,18,11,microsomal_clearance,45
original_ppo,2,4.388888888888889,18,11,microsomal_clearance,45
original_ppo,3,4.162037037037037,18,11,microsomal_clearance,45
original_ppo,4,4.101851851851851,18,11,microsomal_clearance,45
previous_ei,1,4.226851851851851,18,11,microsomal_clearance,45
previous_ei,2,3.717592592592593,18,11,microsomal_clearance,45
previous_ei,3,3.3287037037037037,18,11,microsomal_clearance,45
previous_ei,4,3.2546296296296298,18,11,microsomal_clearance,45
previous_ppo,1,3.675925925925926,18,11,microsomal_clearance,45
previous_ppo,2,3.2314814814814814,18,11,microsomal_clearance,45
previous_ppo,3,3.0,18,11,microsomal_clearance,45
previous_ppo,4,2.9675925925925926,18,11,microsomal_clearance,45
tuned_ei,1,4.023148148148149,18,11,microsomal_clearance,45
tuned_ei,2,3.5370370370370368,18,11,microsomal_clearance,45
tuned_ei,3,3.3240740740740744,18,11,microsomal_clearance,45
tuned_ei,4,3.3055555555555554,18,11,microsomal_clearance,45
tuned_ppo,1,3.837962962962963,18,11,microsomal_clearance,45
tuned_ppo,2,3.4027777777777777,18,11,microsomal_clearance,45
tuned_ppo,3,3.1157407407407405,18,11,microsomal_clearance,45
tuned_ppo,4,3.0555555555555554,18,11,microsomal_clearance,45
original_ei,1,4.75,1,1,protein_binding,45
original_ei,2,4.333333333333333,1,1,protein_binding,45
original_ei,3,2.1666666666666665,1,1,protein_binding,45
original_ei,4,1.8333333333333333,1,1,protein_binding,45
original_ppo,1,3.0833333333333335,1,1,protein_binding,45
original_ppo,2,3.0833333333333335,1,1,protein_binding,45
original_ppo,3,2.9166666666666665,1,1,protein_binding,45
original_ppo,4,2.1666666666666665,1,1,protein_binding,45
previous_ei,1,4.416666666666667,1,1,protein_binding,45
previous_ei,2,4.416666666666667,1,1,protein_binding,45
previous_ei,3,2.1666666666666665,1,1,protein_binding,45
previous_ei,4,1.8333333333333333,1,1,protein_binding,45
previous_ppo,1,2.25,1,1,protein_binding,45
previous_ppo,2,2.25,1,1,protein_binding,45
previous_ppo,3,2.25,1,1,protein_binding,45
previous_ppo,4,2.25,1,1,protein_binding,45
tuned_ei,1,4.416666666666667,1,1,protein_binding,45
tuned_ei,2,4.416666666666667,1,1,protein_binding,45
tuned_ei,3,2.1666666666666665,1,1,protein_binding,45
tuned_ei,4,1.8333333333333333,1,1,protein_binding,45
tuned_ppo,1,2.25,1,1,protein_binding,45
tuned_ppo,2,2.25,1,1,protein_binding,45
tuned_ppo,3,2.25,1,1,protein_binding,45
tuned_ppo,4,2.25,1,1,protein_binding,45
original_ei,1,5.904761904761904,7,5,cellular_clearance,45
original_ei,2,5.321428571428571,7,5,cellular_clearance,45
original_ei,3,5.321428571428571,7,5,cellular_clearance,45
original_ei,4,5.083333333333334,7,5,cellular_clearance,45
original_ppo,1,5.523809523809525,7,5,cellular_clearance,45
original_ppo,2,5.035714285714286,7,5,cellular_clearance,45
original_ppo,3,4.702380952380953,7,5,cellular_clearance,45
original_ppo,4,3.857142857142857,7,5,cellular_clearance,45
previous_ei,1,5.714285714285714,7,5,cellular_clearance,45
previous_ei,2,5.226190476190476,7,5,cellular_clearance,45
previous_ei,3,5.226190476190476,7,5,cellular_clearance,45
previous_ei,4,5.083333333333334,7,5,cellular_clearance,45
previous_ppo,1,4.702380952380952,7,5,cellular_clearance,45
previous_ppo,2,4.345238095238095,7,5,cellular_clearance,45
previous_ppo,3,3.9880952380952377,7,5,cellular_clearance,45
previous_ppo,4,3.3095238095238093,7,5,cellular_clearance,45
tuned_ei,1,5.928571428571429,7,5,cellular_clearance,45
tuned_ei,2,5.404761904761904,7,5,cellular_clearance,45
tuned_ei,3,5.404761904761904,7,5,cellular_clearance,45
tuned_ei,4,5.261904761904762,7,5,cellular_clearance,45
tuned_ppo,1,5.011904761904762,7,5,cellular_clearance,45
tuned_ppo,2,4.654761904761905,7,5,cellular_clearance,45
tuned_ppo,3,4.297619047619048,7,5,cellular_clearance,45
tuned_ppo,4,3.6190476190476195,7,5,cellular_clearance,45
original_ei,1,17.291666666666668,4,4,permeability,45
original_ei,2,5.416666666666667,4,4,permeability,45
original_ei,3,5.25,4,4,permeability,45
original_ei,4,4.354166666666667,4,4,permeability,45
original_ppo,1,18.645833333333336,4,4,permeability,45
original_ppo,2,6.166666666666667,4,4,permeability,45
original_ppo,3,6.041666666666667,4,4,permeability,45
original_ppo,4,5.4375,4,4,permeability,45
previous_ei,1,17.041666666666668,4,4,permeability,45
previous_ei,2,5.583333333333333,4,4,permeability,45
previous_ei,3,5.333333333333333,4,4,permeability,45
previous_ei,4,4.520833333333333,4,4,permeability,45
previous_ppo,1,19.25,4,4,permeability,45
previous_ppo,2,6.416666666666667,4,4,permeability,45
previous_ppo,3,6.104166666666667,4,4,permeability,45
previous_ppo,4,5.645833333333334,4,4,permeability,45
tuned_ei,1,17.5,4,4,permeability,45
tuned_ei,2,5.791666666666667,4,4,permeability,45
tuned_ei,3,5.625,4,4,permeability,45
tuned_ei,4,4.729166666666667,4,4,permeability,45
tuned_ppo,1,20.25,4,4,permeability,45
tuned_ppo,2,7.75,4,4,permeability,45
tuned_ppo,3,7.25,4,4,permeability,45
tuned_ppo,4,6.708333333333333,4,4,permeability,45
original_ei,1,8.366666666666665,20,14,all,50
original_ei,2,5.145833333333333,20,14,all,50
original_ei,3,4.879166666666666,20,14,all,50
original_ei,4,4.645833333333333,20,14,all,50
original_ppo,1,7.858333333333334,20,14,all,50
original_ppo,2,4.908333333333333,20,14,all,50
original_ppo,3,4.7041666666666675,20,14,all,50
original_ppo,4,4.545833333333333,20,14,all,50
previous_ei,1,7.333333333333333,20,14,all,50
previous_ei,2,4.825,20,14,all,50
previous_ei,3,4.379166666666666,20,14,all,50
previous_ei,4,4.129166666666666,20,14,all,50
previous_ppo,1,6.6083333333333325,20,14,all,50
previous_ppo,2,3.7875,20,14,all,50
previous_ppo,3,3.5958333333333337,20,14,all,50
previous_ppo,4,3.5041666666666664,20,14,all,50
tuned_ei,1,7.308333333333333,20,14,all,50
tuned_ei,2,4.770833333333334,20,14,all,50
tuned_ei,3,4.5,20,14,all,50
tuned_ei,4,4.25,20,14,all,50
tuned_ppo,1,6.9375,20,14,all,50
tuned_ppo,2,4.191666666666666,20,14,all,50
tuned_ppo,3,3.9125,20,14,all,50
tuned_ppo,4,3.8041666666666663,20,14,all,50
original_ei,1,5.398809523809524,14,8,microsomal_clearance,50
original_ei,2,4.345238095238096,14,8,microsomal_clearance,50
original_ei,3,4.166666666666667,14,8,microsomal_clearance,50
original_ei,4,4.166666666666667,14,8,microsomal_clearance,50
original_ppo,1,5.202380952380952,14,8,microsomal_clearance,50
original_ppo,2,4.601190476190476,14,8,microsomal_clearance,50
original_ppo,3,4.380952380952381,14,8,microsomal_clearance,50
original_ppo,4,4.380952380952381,14,8,microsomal_clearance,50
previous_ei,1,4.017857142857143,14,8,microsomal_clearance,50
previous_ei,2,3.7976190476190474,14,8,microsomal_clearance,50
previous_ei,3,3.392857142857143,14,8,microsomal_clearance,50
previous_ei,4,3.363095238095238,14,8,microsomal_clearance,50
previous_ppo,1,3.369047619047619,14,8,microsomal_clearance,50
previous_ppo,2,3.077380952380952,14,8,microsomal_clearance,50
previous_ppo,3,2.9285714285714284,14,8,microsomal_clearance,50
previous_ppo,4,2.9285714285714284,14,8,microsomal_clearance,50
tuned_ei,1,3.851190476190476,14,8,microsomal_clearance,50
tuned_ei,2,3.6607142857142856,14,8,microsomal_clearance,50
tuned_ei,3,3.482142857142857,14,8,microsomal_clearance,50
tuned_ei,4,3.476190476190476,14,8,microsomal_clearance,50
tuned_ppo,1,3.5535714285714284,14,8,microsomal_clearance,50
tuned_ppo,2,3.2738095238095233,14,8,microsomal_clearance,50
tuned_ppo,3,3.0535714285714284,14,8,microsomal_clearance,50
tuned_ppo,4,3.0535714285714284,14,8,microsomal_clearance,50
original_ei,1,4.75,1,1,protein_binding,50
original_ei,2,4.333333333333333,1,1,protein_binding,50
original_ei,3,2.1666666666666665,1,1,protein_binding,50
original_ei,4,1.8333333333333333,1,1,protein_binding,50
original_ppo,1,3.0833333333333335,1,1,protein_binding,50
original_ppo,2,3.0833333333333335,1,1,protein_binding,50
original_ppo,3,2.9166666666666665,1,1,protein_binding,50
original_ppo,4,2.1666666666666665,1,1,protein_binding,50
previous_ei,1,4.416666666666667,1,1,protein_binding,50
previous_ei,2,4.416666666666667,1,1,protein_binding,50
previous_ei,3,2.1666666666666665,1,1,protein_binding,50
previous_ei,4,1.8333333333333333,1,1,protein_binding,50
previous_ppo,1,2.25,1,1,protein_binding,50
previous_ppo,2,2.25,1,1,protein_binding,50
previous_ppo,3,2.25,1,1,protein_binding,50
previous_ppo,4,2.25,1,1,protein_binding,50
tuned_ei,1,4.416666666666667,1,1,protein_binding,50
tuned_ei,2,4.416666666666667,1,1,protein_binding,50
tuned_ei,3,2.1666666666666665,1,1,protein_binding,50
tuned_ei,4,1.8333333333333333,1,1,protein_binding,50
tuned_ppo,1,2.25,1,1,protein_binding,50
tuned_ppo,2,2.25,1,1,protein_binding,50
tuned_ppo,3,2.25,1,1,protein_binding,50
tuned_ppo,4,2.25,1,1,protein_binding,50
original_ei,1,17.833333333333332,1,1,cellular_clearance,50
original_ei,2,16.083333333333332,1,1,cellular_clearance,50
original_ei,3,16.083333333333332,1,1,cellular_clearance,50
original_ei,4,15.333333333333334,1,1,cellular_clearance,50
original_ppo,1,6.666666666666667,1,1,cellular_clearance,50
original_ppo,2,6.0,1,1,cellular_clearance,50
original_ppo,3,5.666666666666667,1,1,cellular_clearance,50
original_ppo,4,5.666666666666667,1,1,cellular_clearance,50
previous_ei,1,17.833333333333332,1,1,cellular_clearance,50
previous_ei,2,16.583333333333332,1,1,cellular_clearance,50
previous_ei,3,16.583333333333332,1,1,cellular_clearance,50
previous_ei,4,15.583333333333334,1,1,cellular_clearance,50
previous_ppo,1,5.75,1,1,cellular_clearance,50
previous_ppo,2,4.75,1,1,cellular_clearance,50
previous_ppo,3,4.25,1,1,cellular_clearance,50
previous_ppo,4,4.25,1,1,cellular_clearance,50
tuned_ei,1,17.833333333333332,1,1,cellular_clearance,50
tuned_ei,2,16.583333333333332,1,1,cellular_clearance,50
tuned_ei,3,16.583333333333332,1,1,cellular_clearance,50
tuned_ei,4,15.583333333333334,1,1,cellular_clearance,50
tuned_ppo,1,5.75,1,1,cellular_clearance,50
tuned_ppo,2,4.75,1,1,cellular_clearance,50
tuned_ppo,3,4.25,1,1,cellular_clearance,50
tuned_ppo,4,4.25,1,1,cellular_clearance,50
original_ei,1,17.291666666666668,4,4,permeability,50
original_ei,2,5.416666666666667,4,4,permeability,50
original_ei,3,5.25,4,4,permeability,50
original_ei,4,4.354166666666667,4,4,permeability,50
original_ppo,1,18.645833333333336,4,4,permeability,50
original_ppo,2,6.166666666666667,4,4,permeability,50
original_ppo,3,6.041666666666667,4,4,permeability,50
original_ppo,4,5.4375,4,4,permeability,50
previous_ei,1,17.041666666666668,4,4,permeability,50
previous_ei,2,5.583333333333333,4,4,permeability,50
previous_ei,3,5.333333333333333,4,4,permeability,50
previous_ei,4,4.520833333333333,4,4,permeability,50
previous_ppo,1,19.25,4,4,permeability,50
previous_ppo,2,6.416666666666667,4,4,permeability,50
previous_ppo,3,6.104166666666667,4,4,permeability,50
previous_ppo,4,5.645833333333334,4,4,permeability,50
tuned_ei,1,17.5,4,4,permeability,50
tuned_ei,2,5.791666666666667,4,4,permeability,50
tuned_ei,3,5.625,4,4,permeability,50
tuned_ei,4,4.729166666666667,4,4,permeability,50
tuned_ppo,1,20.25,4,4,permeability,50
tuned_ppo,2,7.75,4,4,permeability,50
tuned_ppo,3,7.25,4,4,permeability,50
tuned_ppo,4,6.708333333333333,4,4,permeability,50
original_ei,1,6.462121212121212,11,9,all,60
original_ei,2,4.901515151515151,11,9,all,60
original_ei,3,4.416666666666667,11,9,all,60
original_ei,4,4.386363636363637,11,9,all,60
original_ppo,1,6.992424242424243,11,9,all,60
original_ppo,2,6.03030303030303,11,9,all,60
original_ppo,3,5.6893939393939394,11,9,all,60
original_ppo,4,5.621212121212121,11,9,all,60
previous_ei,1,4.7727272727272725,11,9,all,60
previous_ei,2,4.325757575757576,11,9,all,60
previous_ei,3,3.515151515151515,11,9,all,60
previous_ei,4,3.446969696969697,11,9,all,60
previous_ppo,1,4.840909090909091,11,9,all,60
previous_ppo,2,4.257575757575758,11,9,all,60
previous_ppo,3,3.9545454545454546,11,9,all,60
previous_ppo,4,3.9545454545454546,11,9,all,60
tuned_ei,1,4.666666666666667,11,9,all,60
tuned_ei,2,4.242424242424242,11,9,all,60
tuned_ei,3,3.75,11,9,all,60
tuned_ei,4,3.7121212121212124,11,9,all,60
tuned_ppo,1,5.462121212121212,11,9,all,60
tuned_ppo,2,4.863636363636363,11,9,all,60
tuned_ppo,3,4.401515151515151,11,9,all,60
tuned_ppo,4,4.401515151515151,11,9,all,60
original_ei,1,7.21875,8,6,microsomal_clearance,60
original_ei,2,5.375,8,6,microsomal_clearance,60
original_ei,3,5.0625,8,6,microsomal_clearance,60
original_ei,4,5.0625,8,6,microsomal_clearance,60
original_ppo,1,7.354166666666667,8,6,microsomal_clearance,60
original_ppo,2,6.302083333333333,8,6,microsomal_clearance,60
original_ppo,3,5.916666666666666,8,6,microsomal_clearance,60
original_ppo,4,5.916666666666666,8,6,microsomal_clearance,60
previous_ei,1,4.916666666666666,8,6,microsomal_clearance,60
previous_ei,2,4.53125,8,6,microsomal_clearance,60
previous_ei,3,3.8229166666666665,8,6,microsomal_clearance,60
previous_ei,4,3.770833333333333,8,6,microsomal_clearance,60
previous_ppo,1,4.104166666666666,8,6,microsomal_clearance,60
previous_ppo,2,3.59375,8,6,microsomal_clearance,60
previous_ppo,3,3.333333333333333,8,6,microsomal_clearance,60
previous_ppo,4,3.333333333333333,8,6,microsomal_clearance,60
tuned_ei,1,4.625,8,6,microsomal_clearance,60
tuned_ei,2,4.291666666666666,8,6,microsomal_clearance,60
tuned_ei,3,3.9791666666666665,8,6,microsomal_clearance,60
tuned_ei,4,3.96875,8,6,microsomal_clearance,60
tuned_ppo,1,4.427083333333333,8,6,microsomal_clearance,60
tuned_ppo,2,3.9375,8,6,microsomal_clearance,60
tuned_ppo,3,3.552083333333333,8,6,microsomal_clearance,60
tuned_ppo,4,3.552083333333333,8,6,microsomal_clearance,60
original_ei,1,4.75,1,1,protein_binding,60
original_ei,2,4.333333333333333,1,1,protein_binding,60
original_ei,3,2.1666666666666665,1,1,protein_binding,60
original_ei,4,1.8333333333333333,1,1,protein_binding,60
original_ppo,1,3.0833333333333335,1,1,protein_binding,60
original_ppo,2,3.0833333333333335,1,1,protein_binding,60
original_ppo,3,2.9166666666666665,1,1,protein_binding,60
original_ppo,4,2.1666666666666665,1,1,protein_binding,60
previous_ei,1,4.416666666666667,1,1,protein_binding,60
previous_ei,2,4.416666666666667,1,1,protein_binding,60
previous_ei,3,2.1666666666666665,1,1,protein_binding,60
previous_ei,4,1.8333333333333333,1,1,protein_binding,60
previous_ppo,1,2.25,1,1,protein_binding,60
previous_ppo,2,2.25,1,1,protein_binding,60
previous_ppo,3,2.25,1,1,protein_binding,60
previous_ppo,4,2.25,1,1,protein_binding,60
tuned_ei,1,4.416666666666667,1,1,protein_binding,60
tuned_ei,2,4.416666666666667,1,1,protein_binding,60
tuned_ei,3,2.1666666666666665,1,1,protein_binding,60
tuned_ei,4,1.8333333333333333,1,1,protein_binding,60
tuned_ppo,1,2.25,1,1,protein_binding,60
tuned_ppo,2,2.25,1,1,protein_binding,60
tuned_ppo,3,2.25,1,1,protein_binding,60
tuned_ppo,4,2.25,1,1,protein_binding,60
original_ei,1,4.291666666666666,2,2,permeability,60
original_ei,2,3.2916666666666665,2,2,permeability,60
original_ei,3,2.9583333333333335,2,2,permeability,60
original_ei,4,2.9583333333333335,2,2,permeability,60
original_ppo,1,7.5,2,2,permeability,60
original_ppo,2,6.416666666666667,2,2,permeability,60
original_ppo,3,6.166666666666667,2,2,permeability,60
original_ppo,4,6.166666666666667,2,2,permeability,60
previous_ei,1,4.375,2,2,permeability,60
previous_ei,2,3.458333333333333,2,2,permeability,60
previous_ei,3,2.958333333333333,2,2,permeability,60
previous_ei,4,2.958333333333333,2,2,permeability,60
previous_ppo,1,9.083333333333334,2,2,permeability,60
previous_ppo,2,7.916666666666667,2,2,permeability,60
previous_ppo,3,7.291666666666667,2,2,permeability,60
previous_ppo,4,7.291666666666667,2,2,permeability,60
tuned_ei,1,4.958333333333333,2,2,permeability,60
tuned_ei,2,3.958333333333333,2,2,permeability,60
tuned_ei,3,3.625,2,2,permeability,60
tuned_ei,4,3.625,2,2,permeability,60
tuned_ppo,1,11.208333333333334,2,2,permeability,60
tuned_ppo,2,9.875,2,2,permeability,60
tuned_ppo,3,8.875,2,2,permeability,60
tuned_ppo,4,8.875,2,2,permeability,60
original_ei,1,9.107142857142858,7,6,all,70
original_ei,2,6.797619047619047,7,6,all,70
original_ei,3,6.035714285714286,7,6,all,70
original_ei,4,5.988095238095238,7,6,all,70
original_ppo,1,9.380952380952381,7,6,all,70
original_ppo,2,8.035714285714286,7,6,all,70
original_ppo,3,7.571428571428571,7,6,all,70
original_ppo,4,7.464285714285714,7,6,all,70
previous_ei,1,6.476190476190476,7,6,all,70
previous_ei,2,5.916666666666666,7,6,all,70
previous_ei,3,4.642857142857143,7,6,all,70
previous_ei,4,4.535714285714286,7,6,all,70
previous_ppo,1,5.607142857142857,7,6,all,70
previous_ppo,2,4.8809523809523805,7,6,all,70
previous_ppo,3,4.583333333333334,7,6,all,70
previous_ppo,4,4.583333333333334,7,6,all,70
tuned_ei,1,6.1309523809523805,7,6,all,70
tuned_ei,2,5.607142857142857,7,6,all,70
tuned_ei,3,4.833333333333334,7,6,all,70
tuned_ei,4,4.773809523809524,7,6,all,70
tuned_ppo,1,5.976190476190476,7,6,all,70
tuned_ppo,2,5.273809523809524,7,6,all,70
tuned_ppo,3,4.833333333333334,7,6,all,70
tuned_ppo,4,4.833333333333334,7,6,all,70
original_ei,1,10.383333333333333,5,4,microsomal_clearance,70
original_ei,2,7.633333333333333,5,4,microsomal_clearance,70
original_ei,3,7.133333333333333,5,4,microsomal_clearance,70
original_ei,4,7.133333333333333,5,4,microsomal_clearance,70
original_ppo,1,10.5,5,4,microsomal_clearance,70
original_ppo,2,9.016666666666667,5,4,microsomal_clearance,70
original_ppo,3,8.4,5,4,microsomal_clearance,70
original_ppo,4,8.4,5,4,microsomal_clearance,70
previous_ei,1,6.75,5,4,microsomal_clearance,70
previous_ei,2,6.333333333333333,5,4,microsomal_clearance,70
previous_ei,3,5.2,5,4,microsomal_clearance,70
previous_ei,4,5.116666666666666,5,4,microsomal_clearance,70
previous_ppo,1,5.383333333333333,5,4,microsomal_clearance,70
previous_ppo,2,4.766666666666667,5,4,microsomal_clearance,70
previous_ppo,3,4.35,5,4,microsomal_clearance,70
previous_ppo,4,4.35,5,4,microsomal_clearance,70
tuned_ei,1,6.283333333333333,5,4,microsomal_clearance,70
tuned_ei,2,5.95,5,4,microsomal_clearance,70
tuned_ei,3,5.45,5,4,microsomal_clearance,70
tuned_ei,4,5.433333333333333,5,4,microsomal_clearance,70
tuned_ppo,1,5.9,5,4,microsomal_clearance,70
tuned_ppo,2,5.316666666666666,5,4,microsomal_clearance,70
tuned_ppo,3,4.7,5,4,microsomal_clearance,70
tuned_ppo,4,4.7,5,4,microsomal_clearance,70
original_ei,1,4.75,1,1,protein_binding,70
original_ei,2,4.333333333333333,1,1,protein_binding,70
original_ei,3,2.1666666666666665,1,1,protein_binding,70
original_ei,4,1.8333333333333333,1,1,protein_binding,70
original_ppo,1,3.0833333333333335,1,1,protein_binding,70
original_ppo,2,3.0833333333333335,1,1,protein_binding,70
original_ppo,3,2.9166666666666665,1,1,protein_binding,70
original_ppo,4,2.1666666666666665,1,1,protein_binding,70
previous_ei,1,4.416666666666667,1,1,protein_binding,70
previous_ei,2,4.416666666666667,1,1,protein_binding,70
previous_ei,3,2.1666666666666665,1,1,protein_binding,70
previous_ei,4,1.8333333333333333,1,1,protein_binding,70
previous_ppo,1,2.25,1,1,protein_binding,70
previous_ppo,2,2.25,1,1,protein_binding,70
previous_ppo,3,2.25,1,1,protein_binding,70
previous_ppo,4,2.25,1,1,protein_binding,70
tuned_ei,1,4.416666666666667,1,1,protein_binding,70
tuned_ei,2,4.416666666666667,1,1,protein_binding,70
tuned_ei,3,2.1666666666666665,1,1,protein_binding,70
tuned_ei,4,1.8333333333333333,1,1,protein_binding,70
tuned_ppo,1,2.25,1,1,protein_binding,70
tuned_ppo,2,2.25,1,1,protein_binding,70
tuned_ppo,3,2.25,1,1,protein_binding,70
tuned_ppo,4,2.25,1,1,protein_binding,70
original_ei,1,7.083333333333333,1,1,permeability,70
original_ei,2,5.083333333333333,1,1,permeability,70
original_ei,3,4.416666666666667,1,1,permeability,70
original_ei,4,4.416666666666667,1,1,permeability,70
original_ppo,1,10.083333333333334,1,1,permeability,70
original_ppo,2,8.083333333333334,1,1,permeability,70
original_ppo,3,8.083333333333334,1,1,permeability,70
original_ppo,4,8.083333333333334,1,1,permeability,70
previous_ei,1,7.166666666666667,1,1,permeability,70
previous_ei,2,5.333333333333333,1,1,permeability,70
previous_ei,3,4.333333333333333,1,1,permeability,70
previous_ei,4,4.333333333333333,1,1,permeability,70
previous_ppo,1,10.083333333333334,1,1,permeability,70
previous_ppo,2,8.083333333333334,1,1,permeability,70
previous_ppo,3,8.083333333333334,1,1,permeability,70
previous_ppo,4,8.083333333333334,1,1,permeability,70
tuned_ei,1,7.083333333333333,1,1,permeability,70
tuned_ei,2,5.083333333333333,1,1,permeability,70
tuned_ei,3,4.416666666666667,1,1,permeability,70
tuned_ei,4,4.416666666666667,1,1,permeability,70
tuned_ppo,1,10.083333333333334,1,1,permeability,70
tuned_ppo,2,8.083333333333334,1,1,permeability,70
tuned_ppo,3,8.083333333333334,1,1,permeability,70
tuned_ppo,4,8.083333333333334,1,1,permeability,70
