kind,cutoff,endpoint,method,control,k,pools,groups,r2,rmse,nrmse,mae,rho,concordance,endpoints,panel
context,3,cellular_clearance,current_refit,expected,0,79,53,-0.039302192065328256,0.6329220039082196,1.0194617168218374,0.48044547312535607,0.1951729314104659,0.5860598993465178,,large
context,3,cellular_clearance,current_refit,expected,1,79,53,-0.039302192065328256,0.6329220039082196,1.0194617168218374,0.48044547312535607,0.1951729314104659,0.5860598993465178,,large
context,3,cellular_clearance,current_refit,expected,2,79,53,-0.039302192065328256,0.6329220039082196,1.0194617168218374,0.48044547312535607,0.1951729314104659,0.5860598993465178,,large
context,3,cellular_clearance,current_refit,expected,4,79,53,-0.039302192065328256,0.6329220039082196,1.0194617168218374,0.48044547312535607,0.1951729314104659,0.5860598993465178,,large
context,3,cellular_clearance,current_refit,expected,9,79,53,-0.039302192065328256,0.6329220039082196,1.0194617168218374,0.48044547312535607,0.1951729314104659,0.5860598993465178,,large
context,3,cellular_clearance,current_refit,observed,0,79,53,-0.039302192065328256,0.6329220039082196,1.0194617168218374,0.48044547312535607,0.1951729314104659,0.5860598993465178,,large
context,3,cellular_clearance,current_refit,observed,1,79,53,0.26177585768072187,0.5334250354659655,0.8591997103812816,0.40619144994341266,0.21823413817614745,0.5948975525512596,,large
context,3,cellular_clearance,current_refit,observed,2,79,53,0.3595440069338097,0.4968484276345767,0.8002849449203642,0.374565142680935,0.2554988431694561,0.6097868767760268,,large
context,3,cellular_clearance,current_refit,observed,4,79,53,0.44447480121146277,0.4627337266846403,0.7453356282833508,0.3483299547799373,0.29243493163381834,0.6246788799908147,,large
context,3,cellular_clearance,current_refit,observed,9,79,53,0.530074071412781,0.42559251071186127,0.685511435781504,0.3135392712766864,0.365487177918896,0.6566360017987503,,large
context,3,cellular_clearance,current_remap,expected,0,79,53,-0.039302192065328256,0.6329220039082196,1.0194617168218374,0.48044547312535607,0.1951729314104659,0.5860598993465178,,large
context,3,cellular_clearance,current_remap,expected,1,79,53,-0.039302192065328256,0.6329220039082196,1.0194617168218374,0.48044547312535607,0.1951729314104659,0.5860598993465178,,large
context,3,cellular_clearance,current_remap,expected,2,79,53,-0.039302192065328256,0.6329220039082196,1.0194617168218374,0.48044547312535607,0.1951729314104659,0.5860598993465178,,large
context,3,cellular_clearance,current_remap,expected,4,79,53,-0.039302192065328256,0.6329220039082196,1.0194617168218374,0.48044547312535607,0.1951729314104659,0.5860598993465178,,large
context,3,cellular_clearance,current_remap,expected,9,79,53,-0.039302192065328256,0.6329220039082196,1.0194617168218374,0.48044547312535607,0.1951729314104659,0.5860598993465178,,large
context,3,cellular_clearance,current_remap,observed,0,79,53,-0.039302192065328256,0.6329220039082196,1.0194617168218374,0.48044547312535607,0.1951729314104659,0.5860598993465178,,large
context,3,cellular_clearance,current_remap,observed,1,79,53,0.2607871748799948,0.533782116511503,0.8597748688581245,0.406589730915965,0.21649916868809563,0.5941275103571667,,large
context,3,cellular_clearance,current_remap,observed,2,79,53,0.3578980626910222,0.4974864574711377,0.8013126339382013,0.37522634352540346,0.24782477785949233,0.6067211075710172,,large
context,3,cellular_clearance,current_remap,observed,4,79,53,0.4433988804606901,0.4631816127493072,0.7460570484482469,0.34912805304782274,0.287610963043466,0.6225112421902658,,large
context,3,cellular_clearance,current_remap,observed,9,79,53,0.5293922137387392,0.42590116396032796,0.6860085905156442,0.3147147054150597,0.36552996005777616,0.6564220174708421,,large
context,3,cellular_clearance,gp_linear,expected,0,79,53,-0.039302192065328256,0.6329220039082196,1.0194617168218374,0.48044547312535607,0.1951729314104659,0.5860598993465178,,large
context,3,cellular_clearance,gp_linear,expected,1,79,53,-0.039302192065328256,0.6329220039082196,1.0194617168218374,0.48044547312535607,0.1951729314104659,0.5860598993465178,,large
context,3,cellular_clearance,gp_linear,expected,2,79,53,-0.039302192065328256,0.6329220039082196,1.0194617168218374,0.48044547312535607,0.1951729314104659,0.5860598993465178,,large
context,3,cellular_clearance,gp_linear,expected,4,79,53,-0.039302192065328256,0.6329220039082196,1.0194617168218374,0.48044547312535607,0.1951729314104659,0.5860598993465178,,large
context,3,cellular_clearance,gp_linear,expected,9,79,53,-0.039302192065328256,0.6329220039082196,1.0194617168218374,0.48044547312535607,0.1951729314104659,0.5860598993465178,,large
context,3,cellular_clearance,gp_linear,observed,0,79,53,-0.039302192065328256,0.6329220039082196,1.0194617168218374,0.48044547312535607,0.1951729314104659,0.5860598993465178,,large
context,3,cellular_clearance,gp_linear,observed,1,79,53,0.26141872263062094,0.5335540489532068,0.8594075153088778,0.406186667725416,0.21957147309769337,0.5955398404087373,,large
context,3,cellular_clearance,gp_linear,observed,2,79,53,0.3591089321394617,0.49701715860965506,0.8005567236995379,0.37452981874265084,0.2558198966601714,0.6099447697503755,,large
context,3,cellular_clearance,gp_linear,observed,4,79,53,0.4435574274847751,0.46311563974456604,0.7459507842446611,0.34840357035920144,0.2931231844800733,0.6248823157955166,,large
context,3,cellular_clearance,gp_linear,observed,9,79,53,0.5292205237341602,0.42597884680669074,0.6861337160246826,0.3135223364737227,0.36593271235757235,0.6570190973717194,,large
context,3,cellular_clearance,morgan_braun_blanquet,expected,0,79,53,-0.039302192065328256,0.6329220039082196,1.0194617168218374,0.48044547312535607,0.1951729314104659,0.5860598993465178,,large
context,3,cellular_clearance,morgan_braun_blanquet,expected,1,79,53,-0.039302192065328256,0.6329220039082196,1.0194617168218374,0.48044547312535607,0.1951729314104659,0.5860598993465178,,large
context,3,cellular_clearance,morgan_braun_blanquet,expected,2,79,53,-0.039302192065328256,0.6329220039082196,1.0194617168218374,0.48044547312535607,0.1951729314104659,0.5860598993465178,,large
context,3,cellular_clearance,morgan_braun_blanquet,expected,4,79,53,-0.039302192065328256,0.6329220039082196,1.0194617168218374,0.48044547312535607,0.1951729314104659,0.5860598993465178,,large
context,3,cellular_clearance,morgan_braun_blanquet,expected,9,79,53,-0.039302192065328256,0.6329220039082196,1.0194617168218374,0.48044547312535607,0.1951729314104659,0.5860598993465178,,large
context,3,cellular_clearance,morgan_braun_blanquet,observed,0,79,53,-0.039302192065328256,0.6329220039082196,1.0194617168218374,0.48044547312535607,0.1951729314104659,0.5860598993465178,,large
context,3,cellular_clearance,morgan_braun_blanquet,observed,1,79,53,0.25254342726077494,0.5367502500122865,0.8645557082913888,0.4105486068350666,0.2229214239478246,0.5970260101227551,,large
context,3,cellular_clearance,morgan_braun_blanquet,observed,2,79,53,0.3425663868829565,0.5033907433386271,0.8108228000722745,0.3817707984596713,0.246477412438078,0.6058852626845393,,large
context,3,cellular_clearance,morgan_braun_blanquet,observed,4,79,53,0.4263696300931825,0.4702137676580163,0.7573838986318745,0.35602500716795676,0.266469270422834,0.6161113981457561,,large
context,3,cellular_clearance,morgan_braun_blanquet,observed,9,79,53,0.5144907453028685,0.4325915472728774,0.6967849414971103,0.3229503356718532,0.331678324248042,0.6430563688203832,,large
context,3,cellular_clearance,morgan_cosine,expected,0,79,53,-0.039302192065328256,0.6329220039082196,1.0194617168218374,0.48044547312535607,0.1951729314104659,0.5860598993465178,,large
context,3,cellular_clearance,morgan_cosine,expected,1,79,53,-0.039302192065328256,0.6329220039082196,1.0194617168218374,0.48044547312535607,0.1951729314104659,0.5860598993465178,,large
context,3,cellular_clearance,morgan_cosine,expected,2,79,53,-0.039302192065328256,0.6329220039082196,1.0194617168218374,0.48044547312535607,0.1951729314104659,0.5860598993465178,,large
context,3,cellular_clearance,morgan_cosine,expected,4,79,53,-0.039302192065328256,0.6329220039082196,1.0194617168218374,0.48044547312535607,0.1951729314104659,0.5860598993465178,,large
context,3,cellular_clearance,morgan_cosine,expected,9,79,53,-0.039302192065328256,0.6329220039082196,1.0194617168218374,0.48044547312535607,0.1951729314104659,0.5860598993465178,,large
context,3,cellular_clearance,morgan_cosine,observed,0,79,53,-0.039302192065328256,0.6329220039082196,1.0194617168218374,0.48044547312535607,0.1951729314104659,0.5860598993465178,,large
context,3,cellular_clearance,morgan_cosine,observed,1,79,53,0.2563585699724166,0.5353786662841515,0.8623464675103525,0.40995035780638284,0.22542897750245455,0.5987802462757255,,large
context,3,cellular_clearance,morgan_cosine,observed,2,79,53,0.3458071836043557,0.5021484867248704,0.8088218693851226,0.3816430279411,0.24738122374863514,0.6058432360285887,,large
context,3,cellular_clearance,morgan_cosine,observed,4,79,53,0.4303122937112135,0.4685950499753602,0.7547765936280659,0.35533965194033773,0.26593930168125485,0.614938335390415,,large
context,3,cellular_clearance,morgan_cosine,observed,9,79,53,0.5176616594133842,0.43117658178046187,0.6945058247319571,0.32196521015379925,0.3387080765506669,0.645785757340911,,large
context,3,cellular_clearance,morgan_dice,expected,0,79,53,-0.039302192065328256,0.6329220039082196,1.0194617168218374,0.48044547312535607,0.1951729314104659,0.5860598993465178,,large
context,3,cellular_clearance,morgan_dice,expected,1,79,53,-0.039302192065328256,0.6329220039082196,1.0194617168218374,0.48044547312535607,0.1951729314104659,0.5860598993465178,,large
context,3,cellular_clearance,morgan_dice,expected,2,79,53,-0.039302192065328256,0.6329220039082196,1.0194617168218374,0.48044547312535607,0.1951729314104659,0.5860598993465178,,large
context,3,cellular_clearance,morgan_dice,expected,4,79,53,-0.039302192065328256,0.6329220039082196,1.0194617168218374,0.48044547312535607,0.1951729314104659,0.5860598993465178,,large
context,3,cellular_clearance,morgan_dice,expected,9,79,53,-0.039302192065328256,0.6329220039082196,1.0194617168218374,0.48044547312535607,0.1951729314104659,0.5860598993465178,,large
context,3,cellular_clearance,morgan_dice,observed,0,79,53,-0.039302192065328256,0.6329220039082196,1.0194617168218374,0.48044547312535607,0.1951729314104659,0.5860598993465178,,large
context,3,cellular_clearance,morgan_dice,observed,1,79,53,0.25647340308006716,0.5353373281021163,0.862279883170153,0.4099293995739989,0.22634573798939045,0.5989595711702402,,large
context,3,cellular_clearance,morgan_dice,observed,2,79,53,0.34631313060499813,0.5019542705431749,0.8085090410100569,0.38153919129023844,0.24853252171795745,0.6062370475616407,,large
context,3,cellular_clearance,morgan_dice,observed,4,79,53,0.4306798708405144,0.46844385080559126,0.754533053722291,0.35524209170573895,0.26706937363764977,0.6154778170058461,,large
context,3,cellular_clearance,morgan_dice,observed,9,79,53,0.5182531789168652,0.43091211223746484,0.6940798376866562,0.32181323382471066,0.3381072218718381,0.6453936201766219,,large
context,3,cellular_clearance,morgan_hamming,expected,0,79,53,-0.039302192065328256,0.6329220039082196,1.0194617168218374,0.48044547312535607,0.1951729314104659,0.5860598993465178,,large
context,3,cellular_clearance,morgan_hamming,expected,1,79,53,-0.039302192065328256,0.6329220039082196,1.0194617168218374,0.48044547312535607,0.1951729314104659,0.5860598993465178,,large
context,3,cellular_clearance,morgan_hamming,expected,2,79,53,-0.039302192065328256,0.6329220039082196,1.0194617168218374,0.48044547312535607,0.1951729314104659,0.5860598993465178,,large
context,3,cellular_clearance,morgan_hamming,expected,4,79,53,-0.039302192065328256,0.6329220039082196,1.0194617168218374,0.48044547312535607,0.1951729314104659,0.5860598993465178,,large
context,3,cellular_clearance,morgan_hamming,expected,9,79,53,-0.039302192065328256,0.6329220039082196,1.0194617168218374,0.48044547312535607,0.1951729314104659,0.5860598993465178,,large
context,3,cellular_clearance,morgan_hamming,observed,0,79,53,-0.039302192065328256,0.6329220039082196,1.0194617168218374,0.48044547312535607,0.1951729314104659,0.5860598993465178,,large
context,3,cellular_clearance,morgan_hamming,observed,1,79,53,0.2527979815055942,0.5366588442407766,0.8644084789579553,0.4107503775433822,0.22032185914928792,0.5959482189500273,,large
context,3,cellular_clearance,morgan_hamming,observed,2,79,53,0.3425840889060031,0.5033839661566063,0.81081188391266,0.38240149322436434,0.2389794220804964,0.6021656524775874,,large
context,3,cellular_clearance,morgan_hamming,observed,4,79,53,0.4278021922776105,0.46962625382888656,0.7564375768841666,0.3568933589371232,0.2537231554131377,0.6093680453897452,,large
context,3,cellular_clearance,morgan_hamming,observed,9,79,53,0.518517879330979,0.43079371157339297,0.693889127072201,0.32238515506694904,0.3312108342689299,0.6427762469263373,,large
context,3,cellular_clearance,morgan_pearson,expected,0,79,53,-0.039302192065328256,0.6329220039082196,1.0194617168218374,0.48044547312535607,0.1951729314104659,0.5860598993465178,,large
context,3,cellular_clearance,morgan_pearson,expected,1,79,53,-0.039302192065328256,0.6329220039082196,1.0194617168218374,0.48044547312535607,0.1951729314104659,0.5860598993465178,,large
context,3,cellular_clearance,morgan_pearson,expected,2,79,53,-0.039302192065328256,0.6329220039082196,1.0194617168218374,0.48044547312535607,0.1951729314104659,0.5860598993465178,,large
context,3,cellular_clearance,morgan_pearson,expected,4,79,53,-0.039302192065328256,0.6329220039082196,1.0194617168218374,0.48044547312535607,0.1951729314104659,0.5860598993465178,,large
context,3,cellular_clearance,morgan_pearson,expected,9,79,53,-0.039302192065328256,0.6329220039082196,1.0194617168218374,0.48044547312535607,0.1951729314104659,0.5860598993465178,,large
context,3,cellular_clearance,morgan_pearson,observed,0,79,53,-0.039302192065328256,0.6329220039082196,1.0194617168218374,0.48044547312535607,0.1951729314104659,0.5860598993465178,,large
context,3,cellular_clearance,morgan_pearson,observed,1,79,53,0.2563923791234548,0.5353664958326417,0.8623268642901862,0.4099374281047004,0.22542788136945516,0.5987380521828984,,large
context,3,cellular_clearance,morgan_pearson,observed,2,79,53,0.3457520047963558,0.5021696634865225,0.8088559792717392,0.38165304810070144,0.24810290785869174,0.6061901652362772,,large
context,3,cellular_clearance,morgan_pearson,observed,4,79,53,0.43019234062191314,0.4686443809199383,0.7548560520907857,0.3553390218155912,0.26656257602232797,0.6153994565477388,,large
context,3,cellular_clearance,morgan_pearson,observed,9,79,53,0.5174927681723958,0.43125206362411983,0.694627405036401,0.32196403174117805,0.3390348006317899,0.6459428131308781,,large
context,3,cellular_clearance,morgan_selected,expected,0,79,53,-0.039302192065328256,0.6329220039082196,1.0194617168218374,0.48044547312535607,0.1951729314104659,0.5860598993465178,,large
context,3,cellular_clearance,morgan_selected,expected,1,79,53,-0.039302192065328256,0.6329220039082196,1.0194617168218374,0.48044547312535607,0.1951729314104659,0.5860598993465178,,large
context,3,cellular_clearance,morgan_selected,expected,2,79,53,-0.039302192065328256,0.6329220039082196,1.0194617168218374,0.48044547312535607,0.1951729314104659,0.5860598993465178,,large
context,3,cellular_clearance,morgan_selected,expected,4,79,53,-0.039302192065328256,0.6329220039082196,1.0194617168218374,0.48044547312535607,0.1951729314104659,0.5860598993465178,,large
context,3,cellular_clearance,morgan_selected,expected,9,79,53,-0.039302192065328256,0.6329220039082196,1.0194617168218374,0.48044547312535607,0.1951729314104659,0.5860598993465178,,large
context,3,cellular_clearance,morgan_selected,observed,0,79,53,-0.039302192065328256,0.6329220039082196,1.0194617168218374,0.48044547312535607,0.1951729314104659,0.5860598993465178,,large
context,3,cellular_clearance,morgan_selected,observed,1,79,53,0.25876865954224293,0.5345103999152018,0.8609479313278806,0.4091831013160624,0.2292377370286831,0.6003641991255011,,large
context,3,cellular_clearance,morgan_selected,observed,2,79,53,0.34921906665395874,0.5008373200742032,0.8067099437505659,0.38062816384741244,0.2538621273669609,0.6085163657586804,,large
context,3,cellular_clearance,morgan_selected,observed,4,79,53,0.4336253743787587,0.46723048045388926,0.7525786507875714,0.3541013012142508,0.274362851834597,0.6182895844695122,,large
context,3,cellular_clearance,morgan_selected,observed,9,79,53,0.5196192621303801,0.4303007125507973,0.693095042450615,0.3210696416873323,0.3398707383936221,0.6466636288833394,,large
context,3,cellular_clearance,morgan_sokal,expected,0,79,53,-0.039302192065328256,0.6329220039082196,1.0194617168218374,0.48044547312535607,0.1951729314104659,0.5860598993465178,,large
context,3,cellular_clearance,morgan_sokal,expected,1,79,53,-0.039302192065328256,0.6329220039082196,1.0194617168218374,0.48044547312535607,0.1951729314104659,0.5860598993465178,,large
context,3,cellular_clearance,morgan_sokal,expected,2,79,53,-0.039302192065328256,0.6329220039082196,1.0194617168218374,0.48044547312535607,0.1951729314104659,0.5860598993465178,,large
context,3,cellular_clearance,morgan_sokal,expected,4,79,53,-0.039302192065328256,0.6329220039082196,1.0194617168218374,0.48044547312535607,0.1951729314104659,0.5860598993465178,,large
context,3,cellular_clearance,morgan_sokal,expected,9,79,53,-0.039302192065328256,0.6329220039082196,1.0194617168218374,0.48044547312535607,0.1951729314104659,0.5860598993465178,,large
context,3,cellular_clearance,morgan_sokal,observed,0,79,53,-0.039302192065328256,0.6329220039082196,1.0194617168218374,0.48044547312535607,0.1951729314104659,0.5860598993465178,,large
context,3,cellular_clearance,morgan_sokal,observed,1,79,53,0.25265138097998585,0.536711487708072,0.8644932729755704,0.41124440133550644,0.22098793844126122,0.5959105456528603,,large
context,3,cellular_clearance,morgan_sokal,observed,2,79,53,0.3435554021911741,0.5030119609623362,0.810212686773557,0.38271367103487075,0.24195733079672485,0.6033343618741451,,large
context,3,cellular_clearance,morgan_sokal,observed,4,79,53,0.4301591121633782,0.4686580452706217,0.7548780615679739,0.3569911769384621,0.2547654048545983,0.61028995283064,,large
context,3,cellular_clearance,morgan_sokal,observed,9,79,53,0.5180981996376623,0.43098141947050844,0.694191472406812,0.3230782985323923,0.3282944114756332,0.6407973104853756,,large
context,3,cellular_clearance,morgan_tanimoto,expected,0,79,53,-0.039302192065328256,0.6329220039082196,1.0194617168218374,0.48044547312535607,0.1951729314104659,0.5860598993465178,,large
context,3,cellular_clearance,morgan_tanimoto,expected,1,79,53,-0.039302192065328256,0.6329220039082196,1.0194617168218374,0.48044547312535607,0.1951729314104659,0.5860598993465178,,large
context,3,cellular_clearance,morgan_tanimoto,expected,2,79,53,-0.039302192065328256,0.6329220039082196,1.0194617168218374,0.48044547312535607,0.1951729314104659,0.5860598993465178,,large
context,3,cellular_clearance,morgan_tanimoto,expected,4,79,53,-0.039302192065328256,0.6329220039082196,1.0194617168218374,0.48044547312535607,0.1951729314104659,0.5860598993465178,,large
context,3,cellular_clearance,morgan_tanimoto,expected,9,79,53,-0.039302192065328256,0.6329220039082196,1.0194617168218374,0.48044547312535607,0.1951729314104659,0.5860598993465178,,large
context,3,cellular_clearance,morgan_tanimoto,observed,0,79,53,-0.039302192065328256,0.6329220039082196,1.0194617168218374,0.48044547312535607,0.1951729314104659,0.5860598993465178,,large
context,3,cellular_clearance,morgan_tanimoto,observed,1,79,53,0.25558162166424014,0.5356582721136076,0.8627968349129242,0.41017725601268606,0.22471137626320797,0.597880440502502,,large
context,3,cellular_clearance,morgan_tanimoto,observed,2,79,53,0.34464117304438235,0.5025957935107361,0.809542356492616,0.3819431533279204,0.24967141534182274,0.607075404001263,,large
context,3,cellular_clearance,morgan_tanimoto,observed,4,79,53,0.43065215029029136,0.4684552550776022,0.7545514228398941,0.3557140086429376,0.26677271688330656,0.6153487231742203,,large
context,3,cellular_clearance,morgan_tanimoto,observed,9,79,53,0.517728305061649,0.4311467924882898,0.6944578424485902,0.3220180315847994,0.3422646798806138,0.64626563142838,,large
context,3,cellular_clearance,previous_delta_anchor,observed,0,79,53,-0.11425307168391274,0.6553468151728593,1.0555818640370405,0.5008991254861517,0.2180043870276232,0.5928212635265077,,large
context,3,cellular_clearance,previous_delta_anchor,observed,1,79,53,0.1676304978761547,0.5664183999983307,0.9123428643464283,0.4371783649175273,0.2207003471060918,0.5931517839203193,,large
context,3,cellular_clearance,previous_delta_anchor,observed,2,79,53,0.26908073764588003,0.5307792993643052,0.8549381628832111,0.4094734355150694,0.21815653711991728,0.5931236545251012,,large
context,3,cellular_clearance,previous_delta_anchor,observed,4,79,53,0.3300108951969981,0.5081748216209839,0.8185286218593715,0.3942320857932416,0.22150981065227113,0.5940961279026378,,large
context,3,cellular_clearance,previous_delta_anchor,observed,9,79,53,0.37755380798885585,0.48981285671289176,0.7889525917386571,0.37996449001709887,0.21815063636938306,0.5927202990901002,,large
context,3,cellular_clearance,tanimoto_minimol,expected,0,79,53,-0.039302192065328256,0.6329220039082196,1.0194617168218374,0.48044547312535607,0.1951729314104659,0.5860598993465178,,large
context,3,cellular_clearance,tanimoto_minimol,expected,1,79,53,-0.039302192065328256,0.6329220039082196,1.0194617168218374,0.48044547312535607,0.1951729314104659,0.5860598993465178,,large
context,3,cellular_clearance,tanimoto_minimol,expected,2,79,53,-0.039302192065328256,0.6329220039082196,1.0194617168218374,0.48044547312535607,0.1951729314104659,0.5860598993465178,,large
context,3,cellular_clearance,tanimoto_minimol,expected,4,79,53,-0.039302192065328256,0.6329220039082196,1.0194617168218374,0.48044547312535607,0.1951729314104659,0.5860598993465178,,large
context,3,cellular_clearance,tanimoto_minimol,expected,9,79,53,-0.039302192065328256,0.6329220039082196,1.0194617168218374,0.48044547312535607,0.1951729314104659,0.5860598993465178,,large
context,3,cellular_clearance,tanimoto_minimol,observed,0,79,53,-0.039302192065328256,0.6329220039082196,1.0194617168218374,0.48044547312535607,0.1951729314104659,0.5860598993465178,,large
context,3,cellular_clearance,tanimoto_minimol,observed,1,79,53,0.2660148391499594,0.5318913317698772,0.856729339319041,0.40587067614794836,0.22373159286762326,0.5977344355463704,,large
context,3,cellular_clearance,tanimoto_minimol,observed,2,79,53,0.36150385898498893,0.4960876450808918,0.7990595353382695,0.37451099151879613,0.2562223019749907,0.6109175780016648,,large
context,3,cellular_clearance,tanimoto_minimol,observed,4,79,53,0.44701463175351075,0.46167471833904644,0.7436298597060834,0.34777538054471563,0.2917292716112406,0.623950744854904,,large
context,3,cellular_clearance,tanimoto_minimol,observed,9,79,53,0.534579502050413,0.423547405776181,0.6822173392325842,0.3123742703094837,0.35906767738685963,0.6531970157964734,,large
context,3,cellular_clearance,tanimoto_minimol_remap,expected,0,79,53,-0.039302192065328256,0.6329220039082196,1.0194617168218374,0.48044547312535607,0.1951729314104659,0.5860598993465178,,large
context,3,cellular_clearance,tanimoto_minimol_remap,expected,1,79,53,-0.039302192065328256,0.6329220039082196,1.0194617168218374,0.48044547312535607,0.1951729314104659,0.5860598993465178,,large
context,3,cellular_clearance,tanimoto_minimol_remap,expected,2,79,53,-0.039302192065328256,0.6329220039082196,1.0194617168218374,0.48044547312535607,0.1951729314104659,0.5860598993465178,,large
context,3,cellular_clearance,tanimoto_minimol_remap,expected,4,79,53,-0.039302192065328256,0.6329220039082196,1.0194617168218374,0.48044547312535607,0.1951729314104659,0.5860598993465178,,large
context,3,cellular_clearance,tanimoto_minimol_remap,expected,9,79,53,-0.039302192065328256,0.6329220039082196,1.0194617168218374,0.48044547312535607,0.1951729314104659,0.5860598993465178,,large
context,3,cellular_clearance,tanimoto_minimol_remap,observed,0,79,53,-0.039302192065328256,0.6329220039082196,1.0194617168218374,0.48044547312535607,0.1951729314104659,0.5860598993465178,,large
context,3,cellular_clearance,tanimoto_minimol_remap,observed,1,79,53,0.2568901847153485,0.535187266191846,0.8620381750738487,0.4083627435692693,0.2179044557711372,0.5950668312331966,,large
context,3,cellular_clearance,tanimoto_minimol_remap,observed,2,79,53,0.35279049331576584,0.4994611545442028,0.8044933229581425,0.3774038556200393,0.24772707752502277,0.6073838227274031,,large
context,3,cellular_clearance,tanimoto_minimol_remap,observed,4,79,53,0.4384412738716785,0.4652398027141798,0.7493722213481905,0.3515218210925776,0.2789219320211917,0.6190895021862471,,large
context,3,cellular_clearance,tanimoto_minimol_remap,observed,9,79,53,0.5270906599176908,0.42694134956528057,0.6876840408809188,0.316301979899583,0.35190201217162304,0.6488661413932659,,large
context,3,cellular_clearance,tanimoto_morgan,expected,0,79,53,-0.039302192065328256,0.6329220039082196,1.0194617168218374,0.48044547312535607,0.1951729314104659,0.5860598993465178,,large
context,3,cellular_clearance,tanimoto_morgan,expected,1,79,53,-0.039302192065328256,0.6329220039082196,1.0194617168218374,0.48044547312535607,0.1951729314104659,0.5860598993465178,,large
context,3,cellular_clearance,tanimoto_morgan,expected,2,79,53,-0.039302192065328256,0.6329220039082196,1.0194617168218374,0.48044547312535607,0.1951729314104659,0.5860598993465178,,large
context,3,cellular_clearance,tanimoto_morgan,expected,4,79,53,-0.039302192065328256,0.6329220039082196,1.0194617168218374,0.48044547312535607,0.1951729314104659,0.5860598993465178,,large
context,3,cellular_clearance,tanimoto_morgan,expected,9,79,53,-0.039302192065328256,0.6329220039082196,1.0194617168218374,0.48044547312535607,0.1951729314104659,0.5860598993465178,,large
context,3,cellular_clearance,tanimoto_morgan,observed,0,79,53,-0.039302192065328256,0.6329220039082196,1.0194617168218374,0.48044547312535607,0.1951729314104659,0.5860598993465178,,large
context,3,cellular_clearance,tanimoto_morgan,observed,1,79,53,0.25558162166424014,0.5356582721136076,0.8627968349129242,0.41017725601268595,0.22471137626320797,0.597880440502502,,large
context,3,cellular_clearance,tanimoto_morgan,observed,2,79,53,0.34464117304438235,0.5025957935107361,0.809542356492616,0.38194315332792034,0.24967141534182274,0.607075404001263,,large
context,3,cellular_clearance,tanimoto_morgan,observed,4,79,53,0.43065215029029136,0.4684552550776022,0.7545514228398941,0.3557140086429375,0.26677271688330656,0.6153487231742203,,large
context,3,cellular_clearance,tanimoto_morgan,observed,9,79,53,0.5177283050616491,0.43114679248828974,0.6944578424485902,0.32201803158479936,0.3422646798806138,0.64626563142838,,large
context,3,cellular_clearance,tanimoto_morgan_remap,expected,0,79,53,-0.039302192065328256,0.6329220039082196,1.0194617168218374,0.48044547312535607,0.1951729314104659,0.5860598993465178,,large
context,3,cellular_clearance,tanimoto_morgan_remap,expected,1,79,53,-0.039302192065328256,0.6329220039082196,1.0194617168218374,0.48044547312535607,0.1951729314104659,0.5860598993465178,,large
context,3,cellular_clearance,tanimoto_morgan_remap,expected,2,79,53,-0.039302192065328256,0.6329220039082196,1.0194617168218374,0.48044547312535607,0.1951729314104659,0.5860598993465178,,large
context,3,cellular_clearance,tanimoto_morgan_remap,expected,4,79,53,-0.039302192065328256,0.6329220039082196,1.0194617168218374,0.48044547312535607,0.1951729314104659,0.5860598993465178,,large
context,3,cellular_clearance,tanimoto_morgan_remap,expected,9,79,53,-0.039302192065328256,0.6329220039082196,1.0194617168218374,0.48044547312535607,0.1951729314104659,0.5860598993465178,,large
context,3,cellular_clearance,tanimoto_morgan_remap,observed,0,79,53,-0.039302192065328256,0.6329220039082196,1.0194617168218374,0.48044547312535607,0.1951729314104659,0.5860598993465178,,large
context,3,cellular_clearance,tanimoto_morgan_remap,observed,1,79,53,0.2516854485199779,0.5370582198947546,0.8650517623125348,0.41137643947781216,0.21847397758407827,0.5947247576949204,,large
context,3,cellular_clearance,tanimoto_morgan_remap,observed,2,79,53,0.34189413418999437,0.503648046366524,0.8112372438504075,0.38297894774479496,0.24027596064532594,0.602446109245386,,large
context,3,cellular_clearance,tanimoto_morgan_remap,observed,4,79,53,0.42795275415032874,0.46956446360596743,0.756338049981403,0.3577650132217262,0.2530755118680534,0.6084863227991617,,large
context,3,cellular_clearance,tanimoto_morgan_remap,observed,9,79,53,0.5162950340123433,0.43178698325530973,0.6954890121257536,0.3244166277099473,0.32048349922054553,0.6378152597185147,,large
context,3,efflux,current_refit,expected,0,54,49,0.15883500415905838,0.6882028151995269,0.9171504761166194,0.521537737986095,0.2433587326221565,0.6031824417009601,,large
context,3,efflux,current_refit,expected,1,54,49,0.15883500415905838,0.6882028151995269,0.9171504761166194,0.521537737986095,0.2433587326221565,0.6031824417009601,,large
context,3,efflux,current_refit,expected,2,54,49,0.15883500415905838,0.6882028151995269,0.9171504761166194,0.521537737986095,0.2433587326221565,0.6031824417009601,,large
context,3,efflux,current_refit,expected,4,54,49,0.15883500415905838,0.6882028151995269,0.9171504761166194,0.521537737986095,0.2433587326221565,0.6031824417009601,,large
context,3,efflux,current_refit,expected,9,54,49,0.15883500415905838,0.6882028151995269,0.9171504761166194,0.521537737986095,0.2433587326221565,0.6031824417009601,,large
context,3,efflux,current_refit,observed,0,54,49,0.15883500415905838,0.6882028151995269,0.9171504761166194,0.521537737986095,0.2433587326221565,0.6031824417009601,,large
context,3,efflux,current_refit,observed,1,54,49,0.36482913948290674,0.5980274678888161,0.7969760727381301,0.4474874170982946,0.25541539024624593,0.6074385165588869,,large
context,3,efflux,current_refit,observed,2,54,49,0.4552281658606524,0.5538385374681362,0.7380866034140896,0.41352577000996776,0.2770685915965573,0.616404565941603,,large
context,3,efflux,current_refit,observed,4,54,49,0.5333092720926087,0.5126139672096278,0.6831476618619077,0.3820879485025167,0.3405678624364328,0.6419138252008624,,large
context,3,efflux,current_refit,observed,9,54,49,0.6016214226114871,0.47361324269718247,0.6311723832587361,0.34503085772659364,0.3936194333487314,0.6645887223202037,,large
context,3,efflux,current_remap,expected,0,54,49,0.15883500415905838,0.6882028151995269,0.9171504761166194,0.521537737986095,0.2433587326221565,0.6031824417009601,,large
context,3,efflux,current_remap,expected,1,54,49,0.15883500415905838,0.6882028151995269,0.9171504761166194,0.521537737986095,0.2433587326221565,0.6031824417009601,,large
context,3,efflux,current_remap,expected,2,54,49,0.15883500415905838,0.6882028151995269,0.9171504761166194,0.521537737986095,0.2433587326221565,0.6031824417009601,,large
context,3,efflux,current_remap,expected,4,54,49,0.15883500415905838,0.6882028151995269,0.9171504761166194,0.521537737986095,0.2433587326221565,0.6031824417009601,,large
context,3,efflux,current_remap,expected,9,54,49,0.15883500415905838,0.6882028151995269,0.9171504761166194,0.521537737986095,0.2433587326221565,0.6031824417009601,,large
context,3,efflux,current_remap,observed,0,54,49,0.15883500415905838,0.6882028151995269,0.9171504761166194,0.521537737986095,0.2433587326221565,0.6031824417009601,,large
context,3,efflux,current_remap,observed,1,54,49,0.36477026871279206,0.5980551813152627,0.7970130057202379,0.44779710907453346,0.2533912542974894,0.6062289339604153,,large
context,3,efflux,current_remap,observed,2,54,49,0.45603326947316103,0.5534291346263429,0.7375410026072035,0.4137107842826377,0.2757052248105764,0.6171367332941408,,large
context,3,efflux,current_remap,observed,4,54,49,0.5349986330641832,0.5116853274350402,0.6819100871345259,0.3810756020171328,0.333512924576628,0.6386770037232999,,large
context,3,efflux,current_remap,observed,9,54,49,0.6076068526140231,0.4700418816982754,0.6264129208325582,0.3417887724692043,0.3985837925949776,0.6676019008426415,,large
context,3,efflux,gp_linear,expected,0,54,49,0.15883500415905838,0.6882028151995269,0.9171504761166194,0.521537737986095,0.2433587326221565,0.6031824417009601,,large
context,3,efflux,gp_linear,expected,1,54,49,0.15883500415905838,0.6882028151995269,0.9171504761166194,0.521537737986095,0.2433587326221565,0.6031824417009601,,large
context,3,efflux,gp_linear,expected,2,54,49,0.15883500415905838,0.6882028151995269,0.9171504761166194,0.521537737986095,0.2433587326221565,0.6031824417009601,,large
context,3,efflux,gp_linear,expected,4,54,49,0.15883500415905838,0.6882028151995269,0.9171504761166194,0.521537737986095,0.2433587326221565,0.6031824417009601,,large
context,3,efflux,gp_linear,expected,9,54,49,0.15883500415905838,0.6882028151995269,0.9171504761166194,0.521537737986095,0.2433587326221565,0.6031824417009601,,large
context,3,efflux,gp_linear,observed,0,54,49,0.15883500415905838,0.6882028151995269,0.9171504761166194,0.521537737986095,0.2433587326221565,0.6031824417009601,,large
context,3,efflux,gp_linear,observed,1,54,49,0.36419526701305405,0.5983257959799361,0.7973736470356579,0.44765263194356253,0.25432285263272275,0.6072447579854988,,large
context,3,efflux,gp_linear,observed,2,54,49,0.4551263653913711,0.5538902824242625,0.7381555626076586,0.41327603614893965,0.27581697635519964,0.6163849696257103,,large
context,3,efflux,gp_linear,observed,4,54,49,0.5331062431985552,0.5127254587433625,0.6832962438075046,0.38159061824862484,0.342288824710434,0.6429967666078776,,large
context,3,efflux,gp_linear,observed,9,54,49,0.601363871002873,0.4737663133576388,0.6313763766543115,0.34428704335056737,0.3960591181643067,0.6659491965510483,,large
context,3,efflux,morgan_braun_blanquet,expected,0,54,49,0.15883500415905838,0.6882028151995269,0.9171504761166194,0.521537737986095,0.24335873262215652,0.6031824417009601,,large
context,3,efflux,morgan_braun_blanquet,expected,1,54,49,0.15883500415905838,0.6882028151995269,0.9171504761166194,0.521537737986095,0.24335873262215652,0.6031824417009601,,large
context,3,efflux,morgan_braun_blanquet,expected,2,54,49,0.15883500415905838,0.6882028151995269,0.9171504761166194,0.521537737986095,0.24335873262215652,0.6031824417009601,,large
context,3,efflux,morgan_braun_blanquet,expected,4,54,49,0.15883500415905838,0.6882028151995269,0.9171504761166194,0.521537737986095,0.24335873262215652,0.6031824417009601,,large
context,3,efflux,morgan_braun_blanquet,expected,9,54,49,0.15883500415905838,0.6882028151995269,0.9171504761166194,0.521537737986095,0.24335873262215652,0.6031824417009601,,large
context,3,efflux,morgan_braun_blanquet,observed,0,54,49,0.15883500415905838,0.6882028151995269,0.9171504761166194,0.521537737986095,0.24335873262215652,0.6031824417009601,,large
context,3,efflux,morgan_braun_blanquet,observed,1,54,49,0.3525063839570284,0.6038006753044973,0.8046698801638915,0.4527877986146155,0.25091018246749874,0.6060704487556339,,large
context,3,efflux,morgan_braun_blanquet,observed,2,54,49,0.4338398140162405,0.5646060293644182,0.7524361673814992,0.4242885566223383,0.27535787846579496,0.6156973838918284,,large
context,3,efflux,morgan_braun_blanquet,observed,4,54,49,0.5041442600179769,0.5283887001744159,0.7041702492877863,0.39619140129066677,0.3015941910997087,0.6255163629237702,,large
context,3,efflux,morgan_braun_blanquet,observed,9,54,49,0.5853571091468535,0.483184462914084,0.6439277062319547,0.3568501306272626,0.36570016133940625,0.6574603174603175,,large
context,3,efflux,morgan_cosine,expected,0,54,49,0.15883500415905838,0.6882028151995269,0.9171504761166194,0.521537737986095,0.24335873262215652,0.6031824417009601,,large
context,3,efflux,morgan_cosine,expected,1,54,49,0.15883500415905838,0.6882028151995269,0.9171504761166194,0.521537737986095,0.24335873262215652,0.6031824417009601,,large
context,3,efflux,morgan_cosine,expected,2,54,49,0.15883500415905838,0.6882028151995269,0.9171504761166194,0.521537737986095,0.24335873262215652,0.6031824417009601,,large
context,3,efflux,morgan_cosine,expected,4,54,49,0.15883500415905838,0.6882028151995269,0.9171504761166194,0.521537737986095,0.24335873262215652,0.6031824417009601,,large
context,3,efflux,morgan_cosine,expected,9,54,49,0.15883500415905838,0.6882028151995269,0.9171504761166194,0.521537737986095,0.24335873262215652,0.6031824417009601,,large
context,3,efflux,morgan_cosine,observed,0,54,49,0.15883500415905838,0.6882028151995269,0.9171504761166194,0.521537737986095,0.24335873262215652,0.6031824417009601,,large
context,3,efflux,morgan_cosine,observed,1,54,49,0.34974719602996907,0.6050858064764415,0.8063825419551387,0.4537634333766316,0.24600663433656822,0.6042847344699197,,large
context,3,efflux,morgan_cosine,observed,2,54,49,0.43028255948578986,0.5663769967046068,0.7547962907395678,0.4255998593290527,0.26771312106071893,0.6121132177150694,,large
context,3,efflux,morgan_cosine,observed,4,54,49,0.5017879024968113,0.5296426909153561,0.705841411014676,0.3970273854876749,0.2964911747398418,0.6245318930041152,,large
context,3,efflux,morgan_cosine,observed,9,54,49,0.5812003940409425,0.48560033892097865,0.6471472830500469,0.3577863410604909,0.35497998364147804,0.6520882324123065,,large
context,3,efflux,morgan_dice,expected,0,54,49,0.15883500415905838,0.6882028151995269,0.9171504761166194,0.521537737986095,0.24335873262215652,0.6031824417009601,,large
context,3,efflux,morgan_dice,expected,1,54,49,0.15883500415905838,0.6882028151995269,0.9171504761166194,0.521537737986095,0.24335873262215652,0.6031824417009601,,large
context,3,efflux,morgan_dice,expected,2,54,49,0.15883500415905838,0.6882028151995269,0.9171504761166194,0.521537737986095,0.24335873262215652,0.6031824417009601,,large
context,3,efflux,morgan_dice,expected,4,54,49,0.15883500415905838,0.6882028151995269,0.9171504761166194,0.521537737986095,0.24335873262215652,0.6031824417009601,,large
context,3,efflux,morgan_dice,expected,9,54,49,0.15883500415905838,0.6882028151995269,0.9171504761166194,0.521537737986095,0.24335873262215652,0.6031824417009601,,large
context,3,efflux,morgan_dice,observed,0,54,49,0.15883500415905838,0.6882028151995269,0.9171504761166194,0.521537737986095,0.24335873262215652,0.6031824417009601,,large
context,3,efflux,morgan_dice,observed,1,54,49,0.3499262364479161,0.6050024986665637,0.8062715197451067,0.4537034857005476,0.24669466425695694,0.6045539388594944,,large
context,3,efflux,morgan_dice,observed,2,54,49,0.430693668012349,0.5661726107967798,0.7545239108124082,0.4254729928780091,0.267575777573412,0.6120779443464628,,large
context,3,efflux,morgan_dice,observed,4,54,49,0.5021759542530962,0.5294363843904386,0.7055664715297233,0.3969178985179195,0.29717499789146257,0.6249777091906721,,large
context,3,efflux,morgan_dice,observed,9,54,49,0.5817038503125636,0.4853083710546296,0.646758184863119,0.35764615552376594,0.35535370089536106,0.6524644816774445,,large
context,3,efflux,morgan_hamming,expected,0,54,49,0.15883500415905838,0.6882028151995269,0.9171504761166194,0.521537737986095,0.24335873262215652,0.6031824417009601,,large
context,3,efflux,morgan_hamming,expected,1,54,49,0.15883500415905838,0.6882028151995269,0.9171504761166194,0.521537737986095,0.24335873262215652,0.6031824417009601,,large
context,3,efflux,morgan_hamming,expected,2,54,49,0.15883500415905838,0.6882028151995269,0.9171504761166194,0.521537737986095,0.24335873262215652,0.6031824417009601,,large
context,3,efflux,morgan_hamming,expected,4,54,49,0.15883500415905838,0.6882028151995269,0.9171504761166194,0.521537737986095,0.24335873262215652,0.6031824417009601,,large
context,3,efflux,morgan_hamming,expected,9,54,49,0.15883500415905838,0.6882028151995269,0.9171504761166194,0.521537737986095,0.24335873262215652,0.6031824417009601,,large
context,3,efflux,morgan_hamming,observed,0,54,49,0.15883500415905838,0.6882028151995269,0.9171504761166194,0.521537737986095,0.24335873262215652,0.6031824417009601,,large
context,3,efflux,morgan_hamming,observed,1,54,49,0.3529731469065883,0.6035830032016672,0.8043797940608726,0.45278535975783424,0.24609977241753547,0.6043454830491867,,large
context,3,efflux,morgan_hamming,observed,2,54,49,0.43264651638281293,0.5652007271340423,0.7532287060496214,0.4244165557230399,0.26724990201740734,0.6122837056633353,,large
context,3,efflux,morgan_hamming,observed,4,54,49,0.5030938259983617,0.5289480804345574,0.7049157212047681,0.39600281713663277,0.3067412982004998,0.6283103076621595,,large
context,3,efflux,morgan_hamming,observed,9,54,49,0.5821751195715883,0.4850349100490255,0.6463937503011703,0.35722681705453324,0.3612931280397603,0.6552089457182049,,large
context,3,efflux,morgan_pearson,expected,0,54,49,0.15883500415905838,0.6882028151995269,0.9171504761166194,0.521537737986095,0.24335873262215652,0.6031824417009601,,large
context,3,efflux,morgan_pearson,expected,1,54,49,0.15883500415905838,0.6882028151995269,0.9171504761166194,0.521537737986095,0.24335873262215652,0.6031824417009601,,large
context,3,efflux,morgan_pearson,expected,2,54,49,0.15883500415905838,0.6882028151995269,0.9171504761166194,0.521537737986095,0.24335873262215652,0.6031824417009601,,large
context,3,efflux,morgan_pearson,expected,4,54,49,0.15883500415905838,0.6882028151995269,0.9171504761166194,0.521537737986095,0.24335873262215652,0.6031824417009601,,large
context,3,efflux,morgan_pearson,expected,9,54,49,0.15883500415905838,0.6882028151995269,0.9171504761166194,0.521537737986095,0.24335873262215652,0.6031824417009601,,large
context,3,efflux,morgan_pearson,observed,0,54,49,0.15883500415905838,0.6882028151995269,0.9171504761166194,0.521537737986095,0.24335873262215652,0.6031824417009601,,large
context,3,efflux,morgan_pearson,observed,1,54,49,0.3496543559706742,0.6051290005978724,0.8064401056676967,0.45379779843056167,0.2441980692247346,0.603396531452087,,large
context,3,efflux,morgan_pearson,observed,2,54,49,0.4298664780873437,0.5665837798436018,0.7550718653960405,0.4255252497724609,0.2667771952692579,0.6116039584558103,,large
context,3,efflux,morgan_pearson,observed,4,54,49,0.5014354136271764,0.5298300209143008,0.7060910609636859,0.3967281748626179,0.29972009697526886,0.6254115226337448,,large
context,3,efflux,morgan_pearson,observed,9,54,49,0.5817576982653676,0.4852771327760018,0.6467165543997094,0.3574625602420938,0.3563524407506612,0.6531650499706054,,large
context,3,efflux,morgan_selected,expected,0,54,49,0.15883500415905838,0.6882028151995269,0.9171504761166194,0.521537737986095,0.24335873262215652,0.6031824417009601,,large
context,3,efflux,morgan_selected,expected,1,54,49,0.15883500415905838,0.6882028151995269,0.9171504761166194,0.521537737986095,0.24335873262215652,0.6031824417009601,,large
context,3,efflux,morgan_selected,expected,2,54,49,0.15883500415905838,0.6882028151995269,0.9171504761166194,0.521537737986095,0.24335873262215652,0.6031824417009601,,large
context,3,efflux,morgan_selected,expected,4,54,49,0.15883500415905838,0.6882028151995269,0.9171504761166194,0.521537737986095,0.24335873262215652,0.6031824417009601,,large
context,3,efflux,morgan_selected,expected,9,54,49,0.15883500415905838,0.6882028151995269,0.9171504761166194,0.521537737986095,0.24335873262215652,0.6031824417009601,,large
context,3,efflux,morgan_selected,observed,0,54,49,0.15883500415905838,0.6882028151995269,0.9171504761166194,0.521537737986095,0.24335873262215652,0.6031824417009601,,large
context,3,efflux,morgan_selected,observed,1,54,49,0.3528905724366401,0.603621517025508,0.804431120459272,0.45264156818187257,0.24448882577909842,0.6038482265334117,,large
context,3,efflux,morgan_selected,observed,2,54,49,0.43235916546934017,0.5653438393126239,0.7534194280284122,0.4245718266088749,0.26872448139963,0.6128715951401138,,large
context,3,efflux,morgan_selected,observed,4,54,49,0.5033751234948544,0.5287983410650112,0.704716167336287,0.3964252197037275,0.294631041547399,0.6227025769155398,,large
context,3,efflux,morgan_selected,observed,9,54,49,0.5831386236140705,0.4844753420971627,0.6456480282521813,0.3575622935783232,0.3677376044175335,0.6582627865961199,,large
context,3,efflux,morgan_sokal,expected,0,54,49,0.15883500415905838,0.6882028151995269,0.9171504761166194,0.521537737986095,0.24335873262215652,0.6031824417009601,,large
context,3,efflux,morgan_sokal,expected,1,54,49,0.15883500415905838,0.6882028151995269,0.9171504761166194,0.521537737986095,0.24335873262215652,0.6031824417009601,,large
context,3,efflux,morgan_sokal,expected,2,54,49,0.15883500415905838,0.6882028151995269,0.9171504761166194,0.521537737986095,0.24335873262215652,0.6031824417009601,,large
context,3,efflux,morgan_sokal,expected,4,54,49,0.15883500415905838,0.6882028151995269,0.9171504761166194,0.521537737986095,0.24335873262215652,0.6031824417009601,,large
context,3,efflux,morgan_sokal,expected,9,54,49,0.15883500415905838,0.6882028151995269,0.9171504761166194,0.521537737986095,0.24335873262215652,0.6031824417009601,,large
context,3,efflux,morgan_sokal,observed,0,54,49,0.15883500415905838,0.6882028151995269,0.9171504761166194,0.521537737986095,0.24335873262215652,0.6031824417009601,,large
context,3,efflux,morgan_sokal,observed,1,54,49,0.351646325437046,0.6042015530663352,0.8052041198124572,0.45419314163744234,0.24584087076719296,0.6036875367430924,,large
context,3,efflux,morgan_sokal,observed,2,54,49,0.431267147060176,0.565887377768718,0.7541437879740335,0.4267174600803092,0.26669786688905106,0.6119525279247502,,large
context,3,efflux,morgan_sokal,observed,4,54,49,0.5011027284552725,0.5300067655138512,0.7063266040187978,0.3990735122695312,0.29249608490698004,0.6229423868312757,,large
context,3,efflux,morgan_sokal,observed,9,54,49,0.5766683841386707,0.48822071356898133,0.6506393900320894,0.3618422550554338,0.3535488719285746,0.6514643347050755,,large
context,3,efflux,morgan_tanimoto,expected,0,54,49,0.15883500415905838,0.6882028151995269,0.9171504761166194,0.521537737986095,0.24335873262215652,0.6031824417009601,,large
context,3,efflux,morgan_tanimoto,expected,1,54,49,0.15883500415905838,0.6882028151995269,0.9171504761166194,0.521537737986095,0.24335873262215652,0.6031824417009601,,large
context,3,efflux,morgan_tanimoto,expected,2,54,49,0.15883500415905838,0.6882028151995269,0.9171504761166194,0.521537737986095,0.24335873262215652,0.6031824417009601,,large
context,3,efflux,morgan_tanimoto,expected,4,54,49,0.15883500415905838,0.6882028151995269,0.9171504761166194,0.521537737986095,0.24335873262215652,0.6031824417009601,,large
context,3,efflux,morgan_tanimoto,expected,9,54,49,0.15883500415905838,0.6882028151995269,0.9171504761166194,0.521537737986095,0.24335873262215652,0.6031824417009601,,large
context,3,efflux,morgan_tanimoto,observed,0,54,49,0.15883500415905838,0.6882028151995269,0.9171504761166194,0.521537737986095,0.24335873262215652,0.6031824417009601,,large
context,3,efflux,morgan_tanimoto,observed,1,54,49,0.35098305949413955,0.6045105232241511,0.8056158765229621,0.4537094612077948,0.24387894575228722,0.6034487066431511,,large
context,3,efflux,morgan_tanimoto,observed,2,54,49,0.4311304328159594,0.5659553888006149,0.7542344245551516,0.4257738733119981,0.2685337235510278,0.6126180678032528,,large
context,3,efflux,morgan_tanimoto,observed,4,54,49,0.5013049799125211,0.5298993230471445,0.706183418162363,0.3976215014968556,0.29628464624222606,0.624306780325299,,large
context,3,efflux,morgan_tanimoto,observed,9,54,49,0.5798982896942878,0.4863546514697025,0.6481525362950546,0.3587513643494165,0.35564669174088404,0.6525421320791691,,large
context,3,efflux,previous_delta_anchor,observed,0,54,49,-0.009370174201444925,0.7538780231265269,1.0046741631999128,0.5592751515062179,0.13021593362652928,0.554698706643151,,large
context,3,efflux,previous_delta_anchor,observed,1,54,49,0.2003170142261742,0.6710189378141538,0.894249957100265,0.5048966120092226,0.14358884114630904,0.560352733686067,,large
context,3,efflux,previous_delta_anchor,observed,2,54,49,0.28089870963339103,0.6363131277630834,0.8479984023372974,0.4782633527161369,0.14302795132962465,0.5605033803644914,,large
context,3,efflux,previous_delta_anchor,observed,4,54,49,0.35004254276102786,0.6049483753204978,0.8061993904977677,0.45639559886764236,0.14053091545431437,0.5591718106995885,,large
context,3,efflux,previous_delta_anchor,observed,9,54,49,0.40453642193470984,0.579033180017685,0.7716628655477016,0.43608431870034386,0.14373316905072067,0.5606606407995296,,large
context,3,efflux,tanimoto_minimol,expected,0,54,49,0.15883500415905838,0.6882028151995269,0.9171504761166194,0.521537737986095,0.2433587326221565,0.6031824417009601,,large
context,3,efflux,tanimoto_minimol,expected,1,54,49,0.15883500415905838,0.6882028151995269,0.9171504761166194,0.521537737986095,0.2433587326221565,0.6031824417009601,,large
context,3,efflux,tanimoto_minimol,expected,2,54,49,0.15883500415905838,0.6882028151995269,0.9171504761166194,0.521537737986095,0.2433587326221565,0.6031824417009601,,large
context,3,efflux,tanimoto_minimol,expected,4,54,49,0.15883500415905838,0.6882028151995269,0.9171504761166194,0.521537737986095,0.2433587326221565,0.6031824417009601,,large
context,3,efflux,tanimoto_minimol,expected,9,54,49,0.15883500415905838,0.6882028151995269,0.9171504761166194,0.521537737986095,0.2433587326221565,0.6031824417009601,,large
context,3,efflux,tanimoto_minimol,observed,0,54,49,0.15883500415905838,0.6882028151995269,0.9171504761166194,0.521537737986095,0.2433587326221565,0.6031824417009601,,large
context,3,efflux,tanimoto_minimol,observed,1,54,49,0.36094519907848377,0.5998530893792752,0.799409032299183,0.4489299014851302,0.25200247444844737,0.6061623064863805,,large
context,3,efflux,tanimoto_minimol,observed,2,54,49,0.4507048315087471,0.5561330926681011,0.7411444990629378,0.4152283431655221,0.2714001960542986,0.615440672153635,,large
context,3,efflux,tanimoto_minimol,observed,4,54,49,0.5309899298683765,0.5138861734433683,0.6848430989150899,0.3819461289390245,0.32211590501999365,0.6336383009994122,,large
context,3,efflux,tanimoto_minimol,observed,9,54,49,0.6041414710108982,0.47211288367951754,0.6291728927640651,0.34257432446846847,0.39201769444056744,0.6652292768959434,,large
context,3,efflux,tanimoto_minimol_remap,expected,0,54,49,0.15883500415905838,0.6882028151995269,0.9171504761166194,0.521537737986095,0.2433587326221565,0.6031824417009601,,large
context,3,efflux,tanimoto_minimol_remap,expected,1,54,49,0.15883500415905838,0.6882028151995269,0.9171504761166194,0.521537737986095,0.2433587326221565,0.6031824417009601,,large
context,3,efflux,tanimoto_minimol_remap,expected,2,54,49,0.15883500415905838,0.6882028151995269,0.9171504761166194,0.521537737986095,0.2433587326221565,0.6031824417009601,,large
context,3,efflux,tanimoto_minimol_remap,expected,4,54,49,0.15883500415905838,0.6882028151995269,0.9171504761166194,0.521537737986095,0.2433587326221565,0.6031824417009601,,large
context,3,efflux,tanimoto_minimol_remap,expected,9,54,49,0.15883500415905838,0.6882028151995269,0.9171504761166194,0.521537737986095,0.2433587326221565,0.6031824417009601,,large
context,3,efflux,tanimoto_minimol_remap,observed,0,54,49,0.15883500415905838,0.6882028151995269,0.9171504761166194,0.521537737986095,0.2433587326221565,0.6031824417009601,,large
context,3,efflux,tanimoto_minimol_remap,observed,1,54,49,0.363065896837823,0.5988569586682863,0.7980815141087889,0.4481266236795593,0.2540087945607223,0.606891779345483,,large
context,3,efflux,tanimoto_minimol_remap,observed,2,54,49,0.4550451886297632,0.5539315409308262,0.7382105467752658,0.41465406776656094,0.2884666017826292,0.6217639133842837,,large
context,3,efflux,tanimoto_minimol_remap,observed,4,54,49,0.5328590365508669,0.5128611773805679,0.6834771126008048,0.38256274116311095,0.3236167540322421,0.6354507152655302,,large
context,3,efflux,tanimoto_minimol_remap,observed,9,54,49,0.6151014591086466,0.46553140211377303,0.6204019188327462,0.3400281168041881,0.3963715114710973,0.6648162845385067,,large
context,3,efflux,tanimoto_morgan,expected,0,54,49,0.15883500415905838,0.6882028151995269,0.9171504761166194,0.521537737986095,0.2433587326221565,0.6031824417009601,,large
context,3,efflux,tanimoto_morgan,expected,1,54,49,0.15883500415905838,0.6882028151995269,0.9171504761166194,0.521537737986095,0.2433587326221565,0.6031824417009601,,large
context,3,efflux,tanimoto_morgan,expected,2,54,49,0.15883500415905838,0.6882028151995269,0.9171504761166194,0.521537737986095,0.2433587326221565,0.6031824417009601,,large
context,3,efflux,tanimoto_morgan,expected,4,54,49,0.15883500415905838,0.6882028151995269,0.9171504761166194,0.521537737986095,0.2433587326221565,0.6031824417009601,,large
context,3,efflux,tanimoto_morgan,expected,9,54,49,0.15883500415905838,0.6882028151995269,0.9171504761166194,0.521537737986095,0.2433587326221565,0.6031824417009601,,large
context,3,efflux,tanimoto_morgan,observed,0,54,49,0.15883500415905838,0.6882028151995269,0.9171504761166194,0.521537737986095,0.2433587326221565,0.6031824417009601,,large
context,3,efflux,tanimoto_morgan,observed,1,54,49,0.34833221456942665,0.6057437966642523,0.8072594288272967,0.4536843545283095,0.24384195678712697,0.6037348128551833,,large
context,3,efflux,tanimoto_morgan,observed,2,54,49,0.4291700699726829,0.5669297103222725,0.7555328781908284,0.4249366873017812,0.2685162893101062,0.6129519400352732,,large
context,3,efflux,tanimoto_morgan,observed,4,54,49,0.5011076130085197,0.530004170939024,0.706323146294584,0.39632669747967947,0.29495260903349285,0.6242849794238684,,large
context,3,efflux,tanimoto_morgan,observed,9,54,49,0.5814816113615547,0.4854372750638294,0.6469299719741274,0.3566716447909613,0.3605373770314919,0.654730305702528,,large
context,3,efflux,tanimoto_morgan_remap,expected,0,54,49,0.15883500415905838,0.6882028151995269,0.9171504761166194,0.521537737986095,0.2433587326221565,0.6031824417009601,,large
context,3,efflux,tanimoto_morgan_remap,expected,1,54,49,0.15883500415905838,0.6882028151995269,0.9171504761166194,0.521537737986095,0.2433587326221565,0.6031824417009601,,large
context,3,efflux,tanimoto_morgan_remap,expected,2,54,49,0.15883500415905838,0.6882028151995269,0.9171504761166194,0.521537737986095,0.2433587326221565,0.6031824417009601,,large
context,3,efflux,tanimoto_morgan_remap,expected,4,54,49,0.15883500415905838,0.6882028151995269,0.9171504761166194,0.521537737986095,0.2433587326221565,0.6031824417009601,,large
context,3,efflux,tanimoto_morgan_remap,expected,9,54,49,0.15883500415905838,0.6882028151995269,0.9171504761166194,0.521537737986095,0.2433587326221565,0.6031824417009601,,large
context,3,efflux,tanimoto_morgan_remap,observed,0,54,49,0.15883500415905838,0.6882028151995269,0.9171504761166194,0.521537737986095,0.2433587326221565,0.6031824417009601,,large
context,3,efflux,tanimoto_morgan_remap,observed,1,54,49,0.35118112998551465,0.6044182722937872,0.8054929360425734,0.4538428837685185,0.2475880642991063,0.6044072114442484,,large
context,3,efflux,tanimoto_morgan_remap,observed,2,54,49,0.4305801612862159,0.5662290489505222,0.7545991245116734,0.4260038757795936,0.26598305310248704,0.6114040760337056,,large
context,3,efflux,tanimoto_morgan_remap,observed,4,54,49,0.5008732797970656,0.5301286296419491,0.7064890092584133,0.3985895559874792,0.2897618462668457,0.6221004801097393,,large
context,3,efflux,tanimoto_morgan_remap,observed,9,54,49,0.5775152681515168,0.4877321210616774,0.6499882551619554,0.36159835627961484,0.35827405735794154,0.6534898589065257,,large
context,3,in_vivo_clearance,current_refit,expected,0,20,16,-0.03597604011275468,0.5706731025053834,1.0178290819743532,0.44406727706395815,-0.026843089094971795,0.48668518518518517,,large
context,3,in_vivo_clearance,current_refit,expected,1,20,16,-0.03597604011275468,0.5706731025053834,1.0178290819743532,0.44406727706395815,-0.026843089094971795,0.48668518518518517,,large
context,3,in_vivo_clearance,current_refit,expected,2,20,16,-0.03597604011275468,0.5706731025053834,1.0178290819743532,0.44406727706395815,-0.026843089094971795,0.48668518518518517,,large
context,3,in_vivo_clearance,current_refit,expected,4,20,16,-0.03597604011275468,0.5706731025053834,1.0178290819743532,0.44406727706395815,-0.026843089094971795,0.48668518518518517,,large
context,3,in_vivo_clearance,current_refit,expected,9,20,16,-0.03597604011275468,0.5706731025053834,1.0178290819743532,0.44406727706395815,-0.026843089094971795,0.48668518518518517,,large
context,3,in_vivo_clearance,current_refit,observed,0,20,16,-0.03597604011275468,0.5706731025053834,1.0178290819743532,0.44406727706395815,-0.026843089094971795,0.48668518518518517,,large
context,3,in_vivo_clearance,current_refit,observed,1,20,16,0.2333645764901593,0.4909157764415176,0.8755771944893498,0.3790668365952453,0.031038967528127747,0.512537037037037,,large
context,3,in_vivo_clearance,current_refit,observed,2,20,16,0.34832128364225035,0.45261538955730407,0.8072661991919082,0.3477755573350083,0.10337339717240446,0.5385925925925926,,large
context,3,in_vivo_clearance,current_refit,observed,4,20,16,0.43449913289274844,0.4216277486538674,0.7519979169567237,0.3247663762923566,0.16499139606773108,0.5672592592592592,,large
context,3,in_vivo_clearance,current_refit,observed,9,20,16,0.5308872981645043,0.38401761314486105,0.6849180256318967,0.29244408502231345,0.26236698586202245,0.6046666666666667,,large
context,3,in_vivo_clearance,current_remap,expected,0,20,16,-0.03597604011275468,0.5706731025053834,1.0178290819743532,0.44406727706395815,-0.026843089094971795,0.48668518518518517,,large
context,3,in_vivo_clearance,current_remap,expected,1,20,16,-0.03597604011275468,0.5706731025053834,1.0178290819743532,0.44406727706395815,-0.026843089094971795,0.48668518518518517,,large
context,3,in_vivo_clearance,current_remap,expected,2,20,16,-0.03597604011275468,0.5706731025053834,1.0178290819743532,0.44406727706395815,-0.026843089094971795,0.48668518518518517,,large
context,3,in_vivo_clearance,current_remap,expected,4,20,16,-0.03597604011275468,0.5706731025053834,1.0178290819743532,0.44406727706395815,-0.026843089094971795,0.48668518518518517,,large
context,3,in_vivo_clearance,current_remap,expected,9,20,16,-0.03597604011275468,0.5706731025053834,1.0178290819743532,0.44406727706395815,-0.026843089094971795,0.48668518518518517,,large
context,3,in_vivo_clearance,current_remap,observed,0,20,16,-0.03597604011275468,0.5706731025053834,1.0178290819743532,0.44406727706395815,-0.026843089094971795,0.48668518518518517,,large
context,3,in_vivo_clearance,current_remap,observed,1,20,16,0.232701909397943,0.49112790038695897,0.8759555300368033,0.37945490268900356,0.030709963920141924,0.5127037037037038,,large
context,3,in_vivo_clearance,current_remap,observed,2,20,16,0.34655821434867207,0.45322723499315426,0.8083574615548049,0.34823584925124357,0.0992500277592131,0.5368333333333333,,large
context,3,in_vivo_clearance,current_remap,observed,4,20,16,0.4334992524021787,0.4220003309062334,0.752662439343044,0.32469214554027237,0.1624448653998517,0.5661851851851851,,large
context,3,in_vivo_clearance,current_remap,observed,9,20,16,0.5336762351213453,0.38287439375529786,0.6828790265329978,0.2912655395651219,0.275243616448831,0.6121296296296296,,large
context,3,in_vivo_clearance,gp_linear,expected,0,20,16,-0.03597604011275468,0.5706731025053834,1.0178290819743532,0.44406727706395815,-0.026843089094971795,0.48668518518518517,,large
context,3,in_vivo_clearance,gp_linear,expected,1,20,16,-0.03597604011275468,0.5706731025053834,1.0178290819743532,0.44406727706395815,-0.026843089094971795,0.48668518518518517,,large
context,3,in_vivo_clearance,gp_linear,expected,2,20,16,-0.03597604011275468,0.5706731025053834,1.0178290819743532,0.44406727706395815,-0.026843089094971795,0.48668518518518517,,large
context,3,in_vivo_clearance,gp_linear,expected,4,20,16,-0.03597604011275468,0.5706731025053834,1.0178290819743532,0.44406727706395815,-0.026843089094971795,0.48668518518518517,,large
context,3,in_vivo_clearance,gp_linear,expected,9,20,16,-0.03597604011275468,0.5706731025053834,1.0178290819743532,0.44406727706395815,-0.026843089094971795,0.48668518518518517,,large
context,3,in_vivo_clearance,gp_linear,observed,0,20,16,-0.03597604011275468,0.5706731025053834,1.0178290819743532,0.44406727706395815,-0.026843089094971795,0.48668518518518517,,large
context,3,in_vivo_clearance,gp_linear,observed,1,20,16,0.23310206148857615,0.4909998201221635,0.8757270913426305,0.37913683500211504,0.03287663058680858,0.5137222222222222,,large
context,3,in_vivo_clearance,gp_linear,observed,2,20,16,0.34875473266342916,0.45246484119229174,0.8069976873179816,0.34759515703140237,0.10696755481910661,0.5404444444444445,,large
context,3,in_vivo_clearance,gp_linear,observed,4,20,16,0.43536639406012556,0.4213043170745265,0.7514210576899442,0.32445433909378696,0.1693940050066248,0.5697222222222221,,large
context,3,in_vivo_clearance,gp_linear,observed,9,20,16,0.5321647358449698,0.3834943988066604,0.6839848420506336,0.2918110220287367,0.2644698029594196,0.6050185185185186,,large
context,3,in_vivo_clearance,morgan_braun_blanquet,expected,0,20,16,-0.03597604011275468,0.5706731025053834,1.0178290819743532,0.44406727706395815,-0.026843089094971795,0.48668518518518517,,large
context,3,in_vivo_clearance,morgan_braun_blanquet,expected,1,20,16,-0.03597604011275468,0.5706731025053834,1.0178290819743532,0.44406727706395815,-0.026843089094971795,0.48668518518518517,,large
context,3,in_vivo_clearance,morgan_braun_blanquet,expected,2,20,16,-0.03597604011275468,0.5706731025053834,1.0178290819743532,0.44406727706395815,-0.026843089094971795,0.48668518518518517,,large
context,3,in_vivo_clearance,morgan_braun_blanquet,expected,4,20,16,-0.03597604011275468,0.5706731025053834,1.0178290819743532,0.44406727706395815,-0.026843089094971795,0.48668518518518517,,large
context,3,in_vivo_clearance,morgan_braun_blanquet,expected,9,20,16,-0.03597604011275468,0.5706731025053834,1.0178290819743532,0.44406727706395815,-0.026843089094971795,0.48668518518518517,,large
context,3,in_vivo_clearance,morgan_braun_blanquet,observed,0,20,16,-0.03597604011275468,0.5706731025053834,1.0178290819743532,0.44406727706395815,-0.026843089094971795,0.48668518518518517,,large
context,3,in_vivo_clearance,morgan_braun_blanquet,observed,1,20,16,0.23773752882806232,0.48951366188961903,0.8730764406235789,0.3788414191493831,0.03430412156684409,0.5149166666666666,,large
context,3,in_vivo_clearance,morgan_braun_blanquet,observed,2,20,16,0.33800780069789305,0.4561828811509735,0.8136290305182743,0.35335234829113615,0.07539937552448964,0.53075,,large
context,3,in_vivo_clearance,morgan_braun_blanquet,observed,4,20,16,0.4424696917250709,0.4186458481379585,0.7466795217996334,0.32473678142390044,0.14741565363336245,0.5595833333333334,,large
context,3,in_vivo_clearance,morgan_braun_blanquet,observed,9,20,16,0.5422265416739083,0.37934804671310673,0.6765895789369591,0.2935158341089174,0.2708594227222708,0.609787037037037,,large
context,3,in_vivo_clearance,morgan_cosine,expected,0,20,16,-0.03597604011275468,0.5706731025053834,1.0178290819743532,0.44406727706395815,-0.026843089094971795,0.48668518518518517,,large
context,3,in_vivo_clearance,morgan_cosine,expected,1,20,16,-0.03597604011275468,0.5706731025053834,1.0178290819743532,0.44406727706395815,-0.026843089094971795,0.48668518518518517,,large
context,3,in_vivo_clearance,morgan_cosine,expected,2,20,16,-0.03597604011275468,0.5706731025053834,1.0178290819743532,0.44406727706395815,-0.026843089094971795,0.48668518518518517,,large
context,3,in_vivo_clearance,morgan_cosine,expected,4,20,16,-0.03597604011275468,0.5706731025053834,1.0178290819743532,0.44406727706395815,-0.026843089094971795,0.48668518518518517,,large
context,3,in_vivo_clearance,morgan_cosine,expected,9,20,16,-0.03597604011275468,0.5706731025053834,1.0178290819743532,0.44406727706395815,-0.026843089094971795,0.48668518518518517,,large
context,3,in_vivo_clearance,morgan_cosine,observed,0,20,16,-0.03597604011275468,0.5706731025053834,1.0178290819743532,0.44406727706395815,-0.026843089094971795,0.48668518518518517,,large
context,3,in_vivo_clearance,morgan_cosine,observed,1,20,16,0.2389554175859262,0.48912245050942255,0.8723786920908109,0.37863759605387237,0.028393949488198688,0.5122500000000001,,large
context,3,in_vivo_clearance,morgan_cosine,observed,2,20,16,0.33910279072945115,0.4558054428374458,0.8129558470609267,0.353196510841732,0.0811688592885535,0.5325833333333333,,large
context,3,in_vivo_clearance,morgan_cosine,observed,4,20,16,0.44524176771438817,0.4176037843916793,0.7448209397470051,0.3249501942691498,0.15802170414516375,0.5647685185185185,,large
context,3,in_vivo_clearance,morgan_cosine,observed,9,20,16,0.5413768549952922,0.37969994298899523,0.6772172066661536,0.2939643386085952,0.26805963088077417,0.6097129629629628,,large
context,3,in_vivo_clearance,morgan_dice,expected,0,20,16,-0.03597604011275468,0.5706731025053834,1.0178290819743532,0.44406727706395815,-0.026843089094971795,0.48668518518518517,,large
context,3,in_vivo_clearance,morgan_dice,expected,1,20,16,-0.03597604011275468,0.5706731025053834,1.0178290819743532,0.44406727706395815,-0.026843089094971795,0.48668518518518517,,large
context,3,in_vivo_clearance,morgan_dice,expected,2,20,16,-0.03597604011275468,0.5706731025053834,1.0178290819743532,0.44406727706395815,-0.026843089094971795,0.48668518518518517,,large
context,3,in_vivo_clearance,morgan_dice,expected,4,20,16,-0.03597604011275468,0.5706731025053834,1.0178290819743532,0.44406727706395815,-0.026843089094971795,0.48668518518518517,,large
context,3,in_vivo_clearance,morgan_dice,expected,9,20,16,-0.03597604011275468,0.5706731025053834,1.0178290819743532,0.44406727706395815,-0.026843089094971795,0.48668518518518517,,large
context,3,in_vivo_clearance,morgan_dice,observed,0,20,16,-0.03597604011275468,0.5706731025053834,1.0178290819743532,0.44406727706395815,-0.026843089094971795,0.48668518518518517,,large
context,3,in_vivo_clearance,morgan_dice,observed,1,20,16,0.2390242548034841,0.4891003292101467,0.8723392374509563,0.3786221186047973,0.02822728282153203,0.5119166666666667,,large
context,3,in_vivo_clearance,morgan_dice,observed,2,20,16,0.3392792295324586,0.4557445959055413,0.8128473229749492,0.35315144870766146,0.08351085207258188,0.5334351851851852,,large
context,3,in_vivo_clearance,morgan_dice,observed,4,20,16,0.4454193731090238,0.41753693128538644,0.744701703295337,0.3248662579991946,0.15735936720384464,0.5646203703703703,,large
context,3,in_vivo_clearance,morgan_dice,observed,9,20,16,0.5416463723055678,0.3795883581859943,0.6770181885994144,0.2938328018319133,0.26988863448876005,0.6100277777777777,,large
context,3,in_vivo_clearance,morgan_hamming,expected,0,20,16,-0.03597604011275468,0.5706731025053834,1.0178290819743532,0.44406727706395815,-0.026843089094971795,0.48668518518518517,,large
context,3,in_vivo_clearance,morgan_hamming,expected,1,20,16,-0.03597604011275468,0.5706731025053834,1.0178290819743532,0.44406727706395815,-0.026843089094971795,0.48668518518518517,,large
context,3,in_vivo_clearance,morgan_hamming,expected,2,20,16,-0.03597604011275468,0.5706731025053834,1.0178290819743532,0.44406727706395815,-0.026843089094971795,0.48668518518518517,,large
context,3,in_vivo_clearance,morgan_hamming,expected,4,20,16,-0.03597604011275468,0.5706731025053834,1.0178290819743532,0.44406727706395815,-0.026843089094971795,0.48668518518518517,,large
context,3,in_vivo_clearance,morgan_hamming,expected,9,20,16,-0.03597604011275468,0.5706731025053834,1.0178290819743532,0.44406727706395815,-0.026843089094971795,0.48668518518518517,,large
context,3,in_vivo_clearance,morgan_hamming,observed,0,20,16,-0.03597604011275468,0.5706731025053834,1.0178290819743532,0.44406727706395815,-0.026843089094971795,0.48668518518518517,,large
context,3,in_vivo_clearance,morgan_hamming,observed,1,20,16,0.23704861496202678,0.48973481706963234,0.8734708839096889,0.37916748227043595,0.032983777409553314,0.5149351851851851,,large
context,3,in_vivo_clearance,morgan_hamming,observed,2,20,16,0.33442219459889244,0.45741664433977286,0.8158295198147144,0.3545791137718608,0.08319916736598618,0.5351574074074075,,large
context,3,in_vivo_clearance,morgan_hamming,observed,4,20,16,0.4375561573476475,0.4204865717962226,0.7499625608337742,0.3267334869116221,0.1427738690078375,0.5576388888888888,,large
context,3,in_vivo_clearance,morgan_hamming,observed,9,20,16,0.537665694511772,0.3812331061797977,0.6799516934961101,0.2957084459086169,0.2686364696260862,0.6065277777777778,,large
context,3,in_vivo_clearance,morgan_pearson,expected,0,20,16,-0.03597604011275468,0.5706731025053834,1.0178290819743532,0.44406727706395815,-0.026843089094971795,0.48668518518518517,,large
context,3,in_vivo_clearance,morgan_pearson,expected,1,20,16,-0.03597604011275468,0.5706731025053834,1.0178290819743532,0.44406727706395815,-0.026843089094971795,0.48668518518518517,,large
context,3,in_vivo_clearance,morgan_pearson,expected,2,20,16,-0.03597604011275468,0.5706731025053834,1.0178290819743532,0.44406727706395815,-0.026843089094971795,0.48668518518518517,,large
context,3,in_vivo_clearance,morgan_pearson,expected,4,20,16,-0.03597604011275468,0.5706731025053834,1.0178290819743532,0.44406727706395815,-0.026843089094971795,0.48668518518518517,,large
context,3,in_vivo_clearance,morgan_pearson,expected,9,20,16,-0.03597604011275468,0.5706731025053834,1.0178290819743532,0.44406727706395815,-0.026843089094971795,0.48668518518518517,,large
context,3,in_vivo_clearance,morgan_pearson,observed,0,20,16,-0.03597604011275468,0.5706731025053834,1.0178290819743532,0.44406727706395815,-0.026843089094971795,0.48668518518518517,,large
context,3,in_vivo_clearance,morgan_pearson,observed,1,20,16,0.23907363772147194,0.4890844590635217,0.872310932109949,0.37859553118803485,0.028983777409553314,0.5126018518518519,,large
context,3,in_vivo_clearance,morgan_pearson,observed,2,20,16,0.33908611981028636,0.45581119157391176,0.8129661002709238,0.3532041269857251,0.08223703858317048,0.5330648148148148,,large
context,3,in_vivo_clearance,morgan_pearson,observed,4,20,16,0.44524231777368917,0.4176035773583363,0.744820570490847,0.32494646841835995,0.1593550374784971,0.5652685185185184,,large
context,3,in_vivo_clearance,morgan_pearson,observed,9,20,16,0.5413590803583036,0.3797073008418792,0.6772303298300338,0.29389460039277526,0.2703334443701856,0.6105648148148147,,large
context,3,in_vivo_clearance,morgan_selected,expected,0,20,16,-0.03597604011275468,0.5706731025053834,1.0178290819743532,0.44406727706395815,-0.026843089094971795,0.48668518518518517,,large
context,3,in_vivo_clearance,morgan_selected,expected,1,20,16,-0.03597604011275468,0.5706731025053834,1.0178290819743532,0.44406727706395815,-0.026843089094971795,0.48668518518518517,,large
context,3,in_vivo_clearance,morgan_selected,expected,2,20,16,-0.03597604011275468,0.5706731025053834,1.0178290819743532,0.44406727706395815,-0.026843089094971795,0.48668518518518517,,large
context,3,in_vivo_clearance,morgan_selected,expected,4,20,16,-0.03597604011275468,0.5706731025053834,1.0178290819743532,0.44406727706395815,-0.026843089094971795,0.48668518518518517,,large
context,3,in_vivo_clearance,morgan_selected,expected,9,20,16,-0.03597604011275468,0.5706731025053834,1.0178290819743532,0.44406727706395815,-0.026843089094971795,0.48668518518518517,,large
context,3,in_vivo_clearance,morgan_selected,observed,0,20,16,-0.03597604011275468,0.5706731025053834,1.0178290819743532,0.44406727706395815,-0.026843089094971795,0.48668518518518517,,large
context,3,in_vivo_clearance,morgan_selected,observed,1,20,16,0.2384483817129005,0.4892853590571464,0.8726692490784235,0.3787178065567976,0.020867971136113543,0.5090462962962963,,large
context,3,in_vivo_clearance,morgan_selected,observed,2,20,16,0.3315589584959271,0.45839946432466977,0.8175824371303929,0.35577386491373264,0.07258336109254639,0.52875,,large
context,3,in_vivo_clearance,morgan_selected,observed,4,20,16,0.4337760381373684,0.4218972260621057,0.7524785457822911,0.32847828221139463,0.13547407716634097,0.5533981481481481,,large
context,3,in_vivo_clearance,morgan_selected,observed,9,20,16,0.5328860200258806,0.3831986588721814,0.6834573724630669,0.2970082633041047,0.26899578131150476,0.6086018518518518,,large
context,3,in_vivo_clearance,morgan_sokal,expected,0,20,16,-0.03597604011275468,0.5706731025053834,1.0178290819743532,0.44406727706395815,-0.026843089094971795,0.48668518518518517,,large
context,3,in_vivo_clearance,morgan_sokal,expected,1,20,16,-0.03597604011275468,0.5706731025053834,1.0178290819743532,0.44406727706395815,-0.026843089094971795,0.48668518518518517,,large
context,3,in_vivo_clearance,morgan_sokal,expected,2,20,16,-0.03597604011275468,0.5706731025053834,1.0178290819743532,0.44406727706395815,-0.026843089094971795,0.48668518518518517,,large
context,3,in_vivo_clearance,morgan_sokal,expected,4,20,16,-0.03597604011275468,0.5706731025053834,1.0178290819743532,0.44406727706395815,-0.026843089094971795,0.48668518518518517,,large
context,3,in_vivo_clearance,morgan_sokal,expected,9,20,16,-0.03597604011275468,0.5706731025053834,1.0178290819743532,0.44406727706395815,-0.026843089094971795,0.48668518518518517,,large
context,3,in_vivo_clearance,morgan_sokal,observed,0,20,16,-0.03597604011275468,0.5706731025053834,1.0178290819743532,0.44406727706395815,-0.026843089094971795,0.48668518518518517,,large
context,3,in_vivo_clearance,morgan_sokal,observed,1,20,16,0.23705793737349679,0.48973182505499563,0.8734655474754017,0.3792713293177893,0.01684632250937591,0.5076574074074074,,large
context,3,in_vivo_clearance,morgan_sokal,observed,2,20,16,0.33179884915394275,0.4583172015593529,0.8174357166444693,0.3557682659612328,0.05974027199757461,0.5233981481481482,,large
context,3,in_vivo_clearance,morgan_sokal,observed,4,20,16,0.43278007238473126,0.42226811338072234,0.7531400451544644,0.32823481926539994,0.11795675826495089,0.5498055555555554,,large
context,3,in_vivo_clearance,morgan_sokal,observed,9,20,16,0.5252979670592588,0.38629856392961004,0.6889862356685663,0.29852189651048955,0.2444070497010935,0.5982685185185185,,large
context,3,in_vivo_clearance,morgan_tanimoto,expected,0,20,16,-0.03597604011275468,0.5706731025053834,1.0178290819743532,0.44406727706395815,-0.026843089094971795,0.48668518518518517,,large
context,3,in_vivo_clearance,morgan_tanimoto,expected,1,20,16,-0.03597604011275468,0.5706731025053834,1.0178290819743532,0.44406727706395815,-0.026843089094971795,0.48668518518518517,,large
context,3,in_vivo_clearance,morgan_tanimoto,expected,2,20,16,-0.03597604011275468,0.5706731025053834,1.0178290819743532,0.44406727706395815,-0.026843089094971795,0.48668518518518517,,large
context,3,in_vivo_clearance,morgan_tanimoto,expected,4,20,16,-0.03597604011275468,0.5706731025053834,1.0178290819743532,0.44406727706395815,-0.026843089094971795,0.48668518518518517,,large
context,3,in_vivo_clearance,morgan_tanimoto,expected,9,20,16,-0.03597604011275468,0.5706731025053834,1.0178290819743532,0.44406727706395815,-0.026843089094971795,0.48668518518518517,,large
context,3,in_vivo_clearance,morgan_tanimoto,observed,0,20,16,-0.03597604011275468,0.5706731025053834,1.0178290819743532,0.44406727706395815,-0.026843089094971795,0.48668518518518517,,large
context,3,in_vivo_clearance,morgan_tanimoto,observed,1,20,16,0.23730213083079266,0.4896534450022494,0.8733257520359785,0.37913796944412237,0.023705634194794416,0.5100462962962962,,large
context,3,in_vivo_clearance,morgan_tanimoto,observed,2,20,16,0.33438159735607187,0.4574305943026991,0.8158544003950264,0.35483333605518863,0.07030088815243996,0.5283611111111112,,large
context,3,in_vivo_clearance,morgan_tanimoto,observed,4,20,16,0.4374249684832975,0.4205356077491013,0.7500500193431785,0.3270045691647121,0.1367608798317949,0.5555648148148149,,large
context,3,in_vivo_clearance,morgan_tanimoto,observed,9,20,16,0.5336779732023984,0.3828736802302754,0.6828777539191049,0.29641100151333566,0.2524654732340721,0.6016944444444444,,large
context,3,in_vivo_clearance,previous_delta_anchor,observed,0,20,16,-0.22982776894546486,0.6217770619094205,1.1089760001665794,0.465885171751317,0.045691548707808394,0.518,,large
context,3,in_vivo_clearance,previous_delta_anchor,observed,1,20,16,0.03216416053618676,0.5515862086991768,0.983786480626672,0.4171902168048245,0.0325876352994678,0.5128333333333333,,large
context,3,in_vivo_clearance,previous_delta_anchor,observed,2,20,16,0.1433546563375946,0.5189351375768656,0.9255513727840315,0.3948199226839167,0.043357119063531645,0.5163333333333332,,large
context,3,in_vivo_clearance,previous_delta_anchor,observed,4,20,16,0.25889522273937327,0.4826722770933473,0.8608744259534179,0.3658261434389488,0.042048667771340045,0.5162777777777778,,large
context,3,in_vivo_clearance,previous_delta_anchor,observed,9,20,16,0.3212667106736319,0.46191506216423006,0.8238527109419305,0.35357525750142527,0.03735711906353165,0.5148333333333334,,large
context,3,in_vivo_clearance,tanimoto_minimol,expected,0,20,16,-0.03597604011275468,0.5706731025053834,1.0178290819743532,0.44406727706395815,-0.026843089094971795,0.48668518518518517,,large
context,3,in_vivo_clearance,tanimoto_minimol,expected,1,20,16,-0.03597604011275468,0.5706731025053834,1.0178290819743532,0.44406727706395815,-0.026843089094971795,0.48668518518518517,,large
context,3,in_vivo_clearance,tanimoto_minimol,expected,2,20,16,-0.03597604011275468,0.5706731025053834,1.0178290819743532,0.44406727706395815,-0.026843089094971795,0.48668518518518517,,large
context,3,in_vivo_clearance,tanimoto_minimol,expected,4,20,16,-0.03597604011275468,0.5706731025053834,1.0178290819743532,0.44406727706395815,-0.026843089094971795,0.48668518518518517,,large
context,3,in_vivo_clearance,tanimoto_minimol,expected,9,20,16,-0.03597604011275468,0.5706731025053834,1.0178290819743532,0.44406727706395815,-0.026843089094971795,0.48668518518518517,,large
context,3,in_vivo_clearance,tanimoto_minimol,observed,0,20,16,-0.03597604011275468,0.5706731025053834,1.0178290819743532,0.44406727706395815,-0.026843089094971795,0.48668518518518517,,large
context,3,in_vivo_clearance,tanimoto_minimol,observed,1,20,16,0.2290291358863189,0.4923019213982048,0.8780494656417035,0.3804320678382563,0.03811690258438317,0.5168611111111111,,large
context,3,in_vivo_clearance,tanimoto_minimol,observed,2,20,16,0.3426408551580554,0.4545837451787291,0.8107768773478586,0.34935220764211283,0.10855414932605711,0.5441574074074074,,large
context,3,in_vivo_clearance,tanimoto_minimol,observed,4,20,16,0.43199125582116593,0.4225616294764465,0.7536635483946627,0.32553385180896033,0.16635936720384462,0.5689907407407407,,large
context,3,in_vivo_clearance,tanimoto_minimol,observed,9,20,16,0.5345281205983953,0.3825245142757403,0.6822549958788171,0.2911716056645438,0.25735832641132733,0.6025092592592592,,large
context,3,in_vivo_clearance,tanimoto_minimol_remap,expected,0,20,16,-0.03597604011275468,0.5706731025053834,1.0178290819743532,0.44406727706395815,-0.026843089094971795,0.48668518518518517,,large
context,3,in_vivo_clearance,tanimoto_minimol_remap,expected,1,20,16,-0.03597604011275468,0.5706731025053834,1.0178290819743532,0.44406727706395815,-0.026843089094971795,0.48668518518518517,,large
context,3,in_vivo_clearance,tanimoto_minimol_remap,expected,2,20,16,-0.03597604011275468,0.5706731025053834,1.0178290819743532,0.44406727706395815,-0.026843089094971795,0.48668518518518517,,large
context,3,in_vivo_clearance,tanimoto_minimol_remap,expected,4,20,16,-0.03597604011275468,0.5706731025053834,1.0178290819743532,0.44406727706395815,-0.026843089094971795,0.48668518518518517,,large
context,3,in_vivo_clearance,tanimoto_minimol_remap,expected,9,20,16,-0.03597604011275468,0.5706731025053834,1.0178290819743532,0.44406727706395815,-0.026843089094971795,0.48668518518518517,,large
context,3,in_vivo_clearance,tanimoto_minimol_remap,observed,0,20,16,-0.03597604011275468,0.5706731025053834,1.0178290819743532,0.44406727706395815,-0.026843089094971795,0.48668518518518517,,large
context,3,in_vivo_clearance,tanimoto_minimol_remap,observed,1,20,16,0.2347461435292354,0.49047323304055696,0.8747878922749015,0.37912618086569155,0.04617642242830514,0.5198055555555554,,large
context,3,in_vivo_clearance,tanimoto_minimol_remap,observed,2,20,16,0.34802619626770126,0.45271785260202874,0.8074489480656339,0.3475604424732895,0.11391236470053219,0.5448611111111111,,large
context,3,in_vivo_clearance,tanimoto_minimol_remap,observed,4,20,16,0.43490516984215055,0.4214763543800829,0.7517278963546913,0.32404232578610187,0.1782825284585326,0.5735277777777777,,large
context,3,in_vivo_clearance,tanimoto_minimol_remap,observed,9,20,16,0.5323313558738914,0.3834261017552711,0.6838630302378603,0.29176659959369255,0.2643713155873699,0.6068981481481481,,large
context,3,in_vivo_clearance,tanimoto_morgan,expected,0,20,16,-0.03597604011275468,0.5706731025053834,1.0178290819743532,0.44406727706395815,-0.026843089094971795,0.48668518518518517,,large
context,3,in_vivo_clearance,tanimoto_morgan,expected,1,20,16,-0.03597604011275468,0.5706731025053834,1.0178290819743532,0.44406727706395815,-0.026843089094971795,0.48668518518518517,,large
context,3,in_vivo_clearance,tanimoto_morgan,expected,2,20,16,-0.03597604011275468,0.5706731025053834,1.0178290819743532,0.44406727706395815,-0.026843089094971795,0.48668518518518517,,large
context,3,in_vivo_clearance,tanimoto_morgan,expected,4,20,16,-0.03597604011275468,0.5706731025053834,1.0178290819743532,0.44406727706395815,-0.026843089094971795,0.48668518518518517,,large
context,3,in_vivo_clearance,tanimoto_morgan,expected,9,20,16,-0.03597604011275468,0.5706731025053834,1.0178290819743532,0.44406727706395815,-0.026843089094971795,0.48668518518518517,,large
context,3,in_vivo_clearance,tanimoto_morgan,observed,0,20,16,-0.03597604011275468,0.5706731025053834,1.0178290819743532,0.44406727706395815,-0.026843089094971795,0.48668518518518517,,large
context,3,in_vivo_clearance,tanimoto_morgan,observed,1,20,16,0.23777518770377382,0.4895015697543374,0.8730548735882677,0.379205397474085,0.02532577019358171,0.5116018518518517,,large
context,3,in_vivo_clearance,tanimoto_morgan,observed,2,20,16,0.3354580394342176,0.45706056488660746,0.8151944311425234,0.3540623401425351,0.07635284485661027,0.5303055555555555,,large
context,3,in_vivo_clearance,tanimoto_morgan,observed,4,20,16,0.43873048991651864,0.4200473731990244,0.7491792242737925,0.3269431818859583,0.15080308077432678,0.5622129629629629,,large
context,3,in_vivo_clearance,tanimoto_morgan,observed,9,20,16,0.5394954318167869,0.3804779729779437,0.6786048689651535,0.2941841235385225,0.2589308354312918,0.6046574074074075,,large
context,3,in_vivo_clearance,tanimoto_morgan_remap,expected,0,20,16,-0.03597604011275468,0.5706731025053834,1.0178290819743532,0.44406727706395815,-0.026843089094971795,0.48668518518518517,,large
context,3,in_vivo_clearance,tanimoto_morgan_remap,expected,1,20,16,-0.03597604011275468,0.5706731025053834,1.0178290819743532,0.44406727706395815,-0.026843089094971795,0.48668518518518517,,large
context,3,in_vivo_clearance,tanimoto_morgan_remap,expected,2,20,16,-0.03597604011275468,0.5706731025053834,1.0178290819743532,0.44406727706395815,-0.026843089094971795,0.48668518518518517,,large
context,3,in_vivo_clearance,tanimoto_morgan_remap,expected,4,20,16,-0.03597604011275468,0.5706731025053834,1.0178290819743532,0.44406727706395815,-0.026843089094971795,0.48668518518518517,,large
context,3,in_vivo_clearance,tanimoto_morgan_remap,expected,9,20,16,-0.03597604011275468,0.5706731025053834,1.0178290819743532,0.44406727706395815,-0.026843089094971795,0.48668518518518517,,large
context,3,in_vivo_clearance,tanimoto_morgan_remap,observed,0,20,16,-0.03597604011275468,0.5706731025053834,1.0178290819743532,0.44406727706395815,-0.026843089094971795,0.48668518518518517,,large
context,3,in_vivo_clearance,tanimoto_morgan_remap,observed,1,20,16,0.23915519298213495,0.4890582485907663,0.8722641841884058,0.3787499470118853,0.01901298917604259,0.5093240740740741,,large
context,3,in_vivo_clearance,tanimoto_morgan_remap,observed,2,20,16,0.3354440547951183,0.45706537405878817,0.8152030085842923,0.354894589446775,0.06144157646702146,0.5249537037037036,,large
context,3,in_vivo_clearance,tanimoto_morgan_remap,observed,4,20,16,0.43968782087740543,0.41968899280804606,0.7485400317435231,0.32657184356567664,0.11723380516876639,0.5488425925925926,,large
context,3,in_vivo_clearance,tanimoto_morgan_remap,observed,9,20,16,0.527008456108203,0.3856019629893168,0.6877438068727315,0.29771787427273216,0.23902175966358988,0.5968425925925926,,large
context,3,microsomal_clearance,current_refit,expected,0,311,183,0.09064709131478899,0.6152985152895671,0.9535999730941749,0.46088257191407134,0.27953093655730155,0.6237228332343615,,large
context,3,microsomal_clearance,current_refit,expected,1,311,183,0.09064709131273074,0.6152985152902635,0.953599973095254,0.46088257191744725,0.27953093655730155,0.6237228332343615,,large
context,3,microsomal_clearance,current_refit,expected,2,311,183,0.09064709131273074,0.6152985152902635,0.953599973095254,0.46088257191744725,0.27953093655730155,0.6237228332343615,,large
context,3,microsomal_clearance,current_refit,expected,4,311,183,0.09064709131273074,0.6152985152902635,0.953599973095254,0.46088257191744725,0.27953093655730155,0.6237228332343615,,large
context,3,microsomal_clearance,current_refit,expected,9,311,183,0.09064709131273074,0.6152985152902635,0.953599973095254,0.46088257191744725,0.27953093655730155,0.6237228332343615,,large
context,3,microsomal_clearance,current_refit,observed,0,311,183,0.09064709131478899,0.6152985152895671,0.9535999730941749,0.46088257191407134,0.27953093655730155,0.6237228332343615,,large
context,3,microsomal_clearance,current_refit,observed,1,311,183,0.3395114862113251,0.5243874287515741,0.8127044443022783,0.39310840921101114,0.3049975216760595,0.6349383541376536,,large
context,3,microsomal_clearance,current_refit,observed,2,311,183,0.4354220599664683,0.4848211857382125,0.7513840163548408,0.361049705360884,0.32389198970697536,0.642678256994116,,large
context,3,microsomal_clearance,current_refit,observed,4,311,183,0.5246148743426498,0.4448795384205148,0.6894817805115304,0.32965561486901723,0.35978923791802886,0.6582102375605475,,large
context,3,microsomal_clearance,current_refit,observed,9,311,183,0.6093787466263735,0.40327153803166405,0.6249970026917141,0.296398134758963,0.42069441359042886,0.6853153514293654,,large
context,3,microsomal_clearance,current_remap,expected,0,311,183,0.09064709131478899,0.6152985152895671,0.9535999730941749,0.46088257191407134,0.27953093655730155,0.6237228332343615,,large
context,3,microsomal_clearance,current_remap,expected,1,311,183,0.09064709131273074,0.6152985152902635,0.953599973095254,0.46088257191744725,0.27953093655730155,0.6237228332343615,,large
context,3,microsomal_clearance,current_remap,expected,2,311,183,0.09064709131273074,0.6152985152902635,0.953599973095254,0.46088257191744725,0.27953093655730155,0.6237228332343615,,large
context,3,microsomal_clearance,current_remap,expected,4,311,183,0.09064709131273074,0.6152985152902635,0.953599973095254,0.46088257191744725,0.27953093655730155,0.6237228332343615,,large
context,3,microsomal_clearance,current_remap,expected,9,311,183,0.09064709131273074,0.6152985152902635,0.953599973095254,0.46088257191744725,0.27953093655730155,0.6237228332343615,,large
context,3,microsomal_clearance,current_remap,observed,0,311,183,0.09064709131478899,0.6152985152895671,0.9535999730941749,0.46088257191407134,0.27953093655730155,0.6237228332343615,,large
context,3,microsomal_clearance,current_remap,observed,1,311,183,0.339496360330369,0.5243934332287491,0.812713750141851,0.3932056333070494,0.30452966602107084,0.6344703723754597,,large
context,3,microsomal_clearance,current_remap,observed,2,311,183,0.43507170224019165,0.48497159411583507,0.751617121784628,0.36132104627381323,0.32390384144743173,0.6426788571706719,,large
context,3,microsomal_clearance,current_remap,observed,4,311,183,0.5239532558782823,0.4451890118979863,0.6899614077046032,0.3301325523543091,0.35941294057891443,0.6580184386187486,,large
context,3,microsomal_clearance,current_remap,observed,9,311,183,0.6085859596071377,0.40368056133213603,0.6256309138724383,0.29692349119683514,0.42005459531221195,0.6849791860593231,,large
context,3,microsomal_clearance,gp_linear,expected,0,311,183,0.09064709131478899,0.6152985152895671,0.9535999730941749,0.46088257191407134,0.27953093655730155,0.6237228332343615,,large
context,3,microsomal_clearance,gp_linear,expected,1,311,183,0.09064709131273074,0.6152985152902635,0.953599973095254,0.46088257191744725,0.27953093655730155,0.6237228332343615,,large
context,3,microsomal_clearance,gp_linear,expected,2,311,183,0.09064709131273074,0.6152985152902635,0.953599973095254,0.46088257191744725,0.27953093655730155,0.6237228332343615,,large
context,3,microsomal_clearance,gp_linear,expected,4,311,183,0.09064709131273074,0.6152985152902635,0.953599973095254,0.46088257191744725,0.27953093655730155,0.6237228332343615,,large
context,3,microsomal_clearance,gp_linear,expected,9,311,183,0.09064709131273074,0.6152985152902635,0.953599973095254,0.46088257191744725,0.27953093655730155,0.6237228332343615,,large
context,3,microsomal_clearance,gp_linear,observed,0,311,183,0.09064709131478899,0.6152985152895671,0.9535999730941749,0.46088257191407134,0.27953093655730155,0.6237228332343615,,large
context,3,microsomal_clearance,gp_linear,observed,1,311,183,0.3395812031973541,0.5243597525126552,0.8126615512023723,0.3929434914387745,0.3050328349966693,0.6349812053260032,,large
context,3,microsomal_clearance,gp_linear,observed,2,311,183,0.4355941848330316,0.4847472755325868,0.7512694690768209,0.360715080048377,0.32387382408511195,0.6427054397937175,,large
context,3,microsomal_clearance,gp_linear,observed,4,311,183,0.5244559649885552,0.4449538882574538,0.6895970091375432,0.3292530530785297,0.3611649387467996,0.6587841079526567,,large
context,3,microsomal_clearance,gp_linear,observed,9,311,183,0.6093685189033023,0.40327681747124866,0.625005184855852,0.2957574491321076,0.42146461545470193,0.685833228184291,,large
context,3,microsomal_clearance,morgan_braun_blanquet,expected,0,311,183,0.09064709131478865,0.6152985152895672,0.953599973094175,0.46088257191407134,0.27953093655730155,0.6237228332343615,,large
context,3,microsomal_clearance,morgan_braun_blanquet,expected,1,311,183,0.09064709131273052,0.6152985152902636,0.9535999730952541,0.46088257191744725,0.27953093655730155,0.6237228332343615,,large
context,3,microsomal_clearance,morgan_braun_blanquet,expected,2,311,183,0.09064709131273052,0.6152985152902636,0.9535999730952541,0.46088257191744725,0.27953093655730155,0.6237228332343615,,large
context,3,microsomal_clearance,morgan_braun_blanquet,expected,4,311,183,0.09064709131273052,0.6152985152902636,0.9535999730952541,0.46088257191744725,0.27953093655730155,0.6237228332343615,,large
context,3,microsomal_clearance,morgan_braun_blanquet,expected,9,311,183,0.09064709131273052,0.6152985152902636,0.9535999730952541,0.46088257191744725,0.27953093655730155,0.6237228332343615,,large
context,3,microsomal_clearance,morgan_braun_blanquet,observed,0,311,183,0.09064709131478865,0.6152985152895672,0.953599973094175,0.46088257191407134,0.27953093655730155,0.6237228332343615,,large
context,3,microsomal_clearance,morgan_braun_blanquet,observed,1,311,183,0.34061687545675856,0.5239484393211951,0.8120240911101354,0.39340192238192023,0.3034954207993923,0.634148249719085,,large
context,3,microsomal_clearance,morgan_braun_blanquet,observed,2,311,183,0.4334718988409131,0.485657796861566,0.7526806103249153,0.3629471526456542,0.32097810590896164,0.6421386385227744,,large
context,3,microsomal_clearance,morgan_braun_blanquet,observed,4,311,183,0.5194641147893913,0.44728316218015446,0.6932069569837054,0.333323106499386,0.35495862605676504,0.6564374537377969,,large
context,3,microsomal_clearance,morgan_braun_blanquet,observed,9,311,183,0.5947055922907803,0.4107758875343892,0.6366273695885369,0.30527726235478914,0.40449127181353284,0.6778217488118665,,large
context,3,microsomal_clearance,morgan_cosine,expected,0,311,183,0.09064709131478865,0.6152985152895672,0.953599973094175,0.46088257191407134,0.27953093655730155,0.6237228332343615,,large
context,3,microsomal_clearance,morgan_cosine,expected,1,311,183,0.09064709131273052,0.6152985152902636,0.9535999730952541,0.46088257191744725,0.27953093655730155,0.6237228332343615,,large
context,3,microsomal_clearance,morgan_cosine,expected,2,311,183,0.09064709131273052,0.6152985152902636,0.9535999730952541,0.46088257191744725,0.27953093655730155,0.6237228332343615,,large
context,3,microsomal_clearance,morgan_cosine,expected,4,311,183,0.09064709131273052,0.6152985152902636,0.9535999730952541,0.46088257191744725,0.27953093655730155,0.6237228332343615,,large
context,3,microsomal_clearance,morgan_cosine,expected,9,311,183,0.09064709131273052,0.6152985152902636,0.9535999730952541,0.46088257191744725,0.27953093655730155,0.6237228332343615,,large
context,3,microsomal_clearance,morgan_cosine,observed,0,311,183,0.09064709131478865,0.6152985152895672,0.953599973094175,0.46088257191407134,0.27953093655730155,0.6237228332343615,,large
context,3,microsomal_clearance,morgan_cosine,observed,1,311,183,0.3390217418297744,0.524581806248535,0.8130056938116889,0.39388688287831625,0.3034301482037719,0.6344314625040203,,large
context,3,microsomal_clearance,morgan_cosine,observed,2,311,183,0.43152344003883913,0.4864922408768314,0.7539738456744776,0.36372557606014766,0.32010222780569425,0.6417945911940259,,large
context,3,microsomal_clearance,morgan_cosine,observed,4,311,183,0.5163356682199103,0.44873678034135944,0.6954597988238355,0.33461051192644,0.35270375840729207,0.65561689829161,,large
context,3,microsomal_clearance,morgan_cosine,observed,9,311,183,0.5916560652254184,0.4123183769433246,0.6390179455810154,0.3066139228471265,0.40294983571325804,0.6774249305037405,,large
context,3,microsomal_clearance,morgan_dice,expected,0,311,183,0.09064709131478865,0.6152985152895672,0.953599973094175,0.46088257191407134,0.27953093655730155,0.6237228332343615,,large
context,3,microsomal_clearance,morgan_dice,expected,1,311,183,0.09064709131273052,0.6152985152902636,0.9535999730952541,0.46088257191744725,0.27953093655730155,0.6237228332343615,,large
context,3,microsomal_clearance,morgan_dice,expected,2,311,183,0.09064709131273052,0.6152985152902636,0.9535999730952541,0.46088257191744725,0.27953093655730155,0.6237228332343615,,large
context,3,microsomal_clearance,morgan_dice,expected,4,311,183,0.09064709131273052,0.6152985152902636,0.9535999730952541,0.46088257191744725,0.27953093655730155,0.6237228332343615,,large
context,3,microsomal_clearance,morgan_dice,expected,9,311,183,0.09064709131273052,0.6152985152902636,0.9535999730952541,0.46088257191744725,0.27953093655730155,0.6237228332343615,,large
context,3,microsomal_clearance,morgan_dice,observed,0,311,183,0.09064709131478865,0.6152985152895672,0.953599973094175,0.46088257191407134,0.27953093655730155,0.6237228332343615,,large
context,3,microsomal_clearance,morgan_dice,observed,1,311,183,0.3391830294924041,0.5245177998047664,0.8129064955501315,0.3938423764974077,0.30368030984506833,0.6345150382708759,,large
context,3,microsomal_clearance,morgan_dice,observed,2,311,183,0.43175317300659777,0.4863939302270171,0.7538214821782424,0.36363307264105554,0.32018237973903413,0.641787530849345,,large
context,3,microsomal_clearance,morgan_dice,observed,4,311,183,0.5166903887699278,0.4485721978584024,0.6952047261275431,0.3344830721942609,0.353424568541673,0.6559441835465479,,large
context,3,microsomal_clearance,morgan_dice,observed,9,311,183,0.5921209196096071,0.41208362068989346,0.6386541163966556,0.30642088291389796,0.4030973419534252,0.677608520731543,,large
context,3,microsomal_clearance,morgan_hamming,expected,0,311,183,0.09064709131478865,0.6152985152895672,0.953599973094175,0.46088257191407134,0.2795309365573015,0.6237228332343615,,large
context,3,microsomal_clearance,morgan_hamming,expected,1,311,183,0.09064709131273052,0.6152985152902636,0.9535999730952541,0.46088257191744725,0.2795309365573015,0.6237228332343615,,large
context,3,microsomal_clearance,morgan_hamming,expected,2,311,183,0.09064709131273052,0.6152985152902636,0.9535999730952541,0.46088257191744725,0.2795309365573015,0.6237228332343615,,large
context,3,microsomal_clearance,morgan_hamming,expected,4,311,183,0.09064709131273052,0.6152985152902636,0.9535999730952541,0.46088257191744725,0.2795309365573015,0.6237228332343615,,large
context,3,microsomal_clearance,morgan_hamming,expected,9,311,183,0.09064709131273052,0.6152985152902636,0.9535999730952541,0.46088257191744725,0.2795309365573015,0.6237228332343615,,large
context,3,microsomal_clearance,morgan_hamming,observed,0,311,183,0.09064709131478865,0.6152985152895672,0.953599973094175,0.46088257191407134,0.2795309365573015,0.6237228332343615,,large
context,3,microsomal_clearance,morgan_hamming,observed,1,311,183,0.3394616680478888,0.5244072046640188,0.8127350933435268,0.39365479406562914,0.3037000207561704,0.6348230989728272,,large
context,3,microsomal_clearance,morgan_hamming,observed,2,311,183,0.43157337398762763,0.48647087411008305,0.7539407311005105,0.3634641504613128,0.319466527534745,0.6416316290817069,,large
context,3,microsomal_clearance,morgan_hamming,observed,4,311,183,0.5166615260922449,0.44858559175868334,0.6952254842191525,0.3344499372263167,0.35263817295320954,0.6557851981946367,,large
context,3,microsomal_clearance,morgan_hamming,observed,9,311,183,0.592654002792933,0.41181424346194884,0.6382366310445264,0.30614911789942845,0.4018769991510808,0.67735312197802,,large
context,3,microsomal_clearance,morgan_pearson,expected,0,311,183,0.09064709131478865,0.6152985152895672,0.953599973094175,0.46088257191407134,0.27953093655730155,0.6237228332343615,,large
context,3,microsomal_clearance,morgan_pearson,expected,1,311,183,0.09064709131273052,0.6152985152902636,0.9535999730952541,0.46088257191744725,0.27953093655730155,0.6237228332343615,,large
context,3,microsomal_clearance,morgan_pearson,expected,2,311,183,0.09064709131273052,0.6152985152902636,0.9535999730952541,0.46088257191744725,0.27953093655730155,0.6237228332343615,,large
context,3,microsomal_clearance,morgan_pearson,expected,4,311,183,0.09064709131273052,0.6152985152902636,0.9535999730952541,0.46088257191744725,0.27953093655730155,0.6237228332343615,,large
context,3,microsomal_clearance,morgan_pearson,expected,9,311,183,0.09064709131273052,0.6152985152902636,0.9535999730952541,0.46088257191744725,0.27953093655730155,0.6237228332343615,,large
context,3,microsomal_clearance,morgan_pearson,observed,0,311,183,0.09064709131478865,0.6152985152895672,0.953599973094175,0.46088257191407134,0.27953093655730155,0.6237228332343615,,large
context,3,microsomal_clearance,morgan_pearson,observed,1,311,183,0.3390353277564403,0.5245764150223604,0.8129973383988165,0.3938801390426163,0.3034365060498708,0.6344336741782577,,large
context,3,microsomal_clearance,morgan_pearson,observed,2,311,183,0.4315288458255305,0.48648992778274935,0.7539702608024201,0.36371478863555096,0.3201505661988214,0.6417908483607011,,large
context,3,microsomal_clearance,morgan_pearson,observed,4,311,183,0.5163149234763085,0.44874640357489826,0.6954747130727986,0.3346110426411946,0.352738517514493,0.6556504987271397,,large
context,3,microsomal_clearance,morgan_pearson,observed,9,311,183,0.5916396253049243,0.4123266768255244,0.6390308088778472,0.3066184507226055,0.4028535322025273,0.6773648963078542,,large
context,3,microsomal_clearance,morgan_selected,expected,0,311,183,0.09064709131478865,0.6152985152895672,0.953599973094175,0.46088257191407134,0.27953093655730155,0.6237228332343615,,large
context,3,microsomal_clearance,morgan_selected,expected,1,311,183,0.09064709131273052,0.6152985152902636,0.9535999730952541,0.46088257191744725,0.27953093655730155,0.6237228332343615,,large
context,3,microsomal_clearance,morgan_selected,expected,2,311,183,0.09064709131273052,0.6152985152902636,0.9535999730952541,0.46088257191744725,0.27953093655730155,0.6237228332343615,,large
context,3,microsomal_clearance,morgan_selected,expected,4,311,183,0.09064709131273052,0.6152985152902636,0.9535999730952541,0.46088257191744725,0.27953093655730155,0.6237228332343615,,large
context,3,microsomal_clearance,morgan_selected,expected,9,311,183,0.09064709131273052,0.6152985152902636,0.9535999730952541,0.46088257191744725,0.27953093655730155,0.6237228332343615,,large
context,3,microsomal_clearance,morgan_selected,observed,0,311,183,0.09064709131478865,0.6152985152895672,0.953599973094175,0.46088257191407134,0.27953093655730155,0.6237228332343615,,large
context,3,microsomal_clearance,morgan_selected,observed,1,311,183,0.33941084955007805,0.524427376902738,0.8127663566178918,0.39390882279890277,0.30182349452339674,0.6335962790201229,,large
context,3,microsomal_clearance,morgan_selected,observed,2,311,183,0.43146437948887517,0.4865175117103958,0.7540130108367659,0.3639387655392914,0.3191368545581518,0.6413161205195032,,large
context,3,microsomal_clearance,morgan_selected,observed,4,311,183,0.5156637338605605,0.44904837765283573,0.6959427175705192,0.33508101487675135,0.3511343522446831,0.6550423521101506,,large
context,3,microsomal_clearance,morgan_selected,observed,9,311,183,0.5907300471121857,0.4127856277509507,0.639742098730273,0.3073249122993407,0.3981665736977338,0.6753570596493133,,large
context,3,microsomal_clearance,morgan_sokal,expected,0,311,183,0.09064709131478865,0.6152985152895672,0.953599973094175,0.46088257191407134,0.2795309365573015,0.6237228332343615,,large
context,3,microsomal_clearance,morgan_sokal,expected,1,311,183,0.09064709131273052,0.6152985152902636,0.9535999730952541,0.46088257191744725,0.2795309365573015,0.6237228332343615,,large
context,3,microsomal_clearance,morgan_sokal,expected,2,311,183,0.09064709131273052,0.6152985152902636,0.9535999730952541,0.46088257191744725,0.2795309365573015,0.6237228332343615,,large
context,3,microsomal_clearance,morgan_sokal,expected,4,311,183,0.09064709131273052,0.6152985152902636,0.9535999730952541,0.46088257191744725,0.2795309365573015,0.6237228332343615,,large
context,3,microsomal_clearance,morgan_sokal,expected,9,311,183,0.09064709131273052,0.6152985152902636,0.9535999730952541,0.46088257191744725,0.2795309365573015,0.6237228332343615,,large
context,3,microsomal_clearance,morgan_sokal,observed,0,311,183,0.09064709131478865,0.6152985152895672,0.953599973094175,0.46088257191407134,0.2795309365573015,0.6237228332343615,,large
context,3,microsomal_clearance,morgan_sokal,observed,1,311,183,0.33713728463625503,0.525329068624652,0.8141638135926609,0.3947298091535284,0.29986624938689593,0.6323691778823395,,large
context,3,microsomal_clearance,morgan_sokal,observed,2,311,183,0.4284237148065241,0.48781678291870145,0.7560266431769954,0.36527008990182475,0.31659120337964475,0.6401072042587825,,large
context,3,microsomal_clearance,morgan_sokal,observed,4,311,183,0.5110434575331322,0.4511851195005528,0.6992542759732455,0.33684658315368826,0.3465770380128545,0.6531181955236146,,large
context,3,microsomal_clearance,morgan_sokal,observed,9,311,183,0.5849511170745175,0.4156896980971177,0.6442428757273785,0.3096879826679905,0.3915390417932595,0.6726536777725659,,large
context,3,microsomal_clearance,morgan_tanimoto,expected,0,311,183,0.09064709131478865,0.6152985152895672,0.953599973094175,0.46088257191407134,0.27953093655730155,0.6237228332343615,,large
context,3,microsomal_clearance,morgan_tanimoto,expected,1,311,183,0.09064709131273052,0.6152985152902636,0.9535999730952541,0.46088257191744725,0.27953093655730155,0.6237228332343615,,large
context,3,microsomal_clearance,morgan_tanimoto,expected,2,311,183,0.09064709131273052,0.6152985152902636,0.9535999730952541,0.46088257191744725,0.27953093655730155,0.6237228332343615,,large
context,3,microsomal_clearance,morgan_tanimoto,expected,4,311,183,0.09064709131273052,0.6152985152902636,0.9535999730952541,0.46088257191744725,0.27953093655730155,0.6237228332343615,,large
context,3,microsomal_clearance,morgan_tanimoto,expected,9,311,183,0.09064709131273052,0.6152985152902636,0.9535999730952541,0.46088257191744725,0.27953093655730155,0.6237228332343615,,large
context,3,microsomal_clearance,morgan_tanimoto,observed,0,311,183,0.09064709131478865,0.6152985152895672,0.953599973094175,0.46088257191407134,0.27953093655730155,0.6237228332343615,,large
context,3,microsomal_clearance,morgan_tanimoto,observed,1,311,183,0.33815567941398295,0.5249253666131366,0.8135381494349341,0.3942786633909712,0.30283304901924757,0.6339838489383288,,large
context,3,microsomal_clearance,morgan_tanimoto,observed,2,311,183,0.43037097233386845,0.48698512199525557,0.7547377211098777,0.3644189945976619,0.3185592801450039,0.6409871127105917,,large
context,3,microsomal_clearance,morgan_tanimoto,observed,4,311,183,0.5147359436957014,0.4494782683802734,0.6966089694400285,0.33549743367273976,0.3511098599373866,0.6550133664179816,,large
context,3,microsomal_clearance,morgan_tanimoto,observed,9,311,183,0.5897269847077453,0.41329115760665003,0.6405255773911411,0.3077793182318232,0.3994476326039465,0.6761646518894961,,large
context,3,microsomal_clearance,previous_delta_anchor,observed,0,311,183,-0.009533369897264388,0.6483059034491955,1.0047553781380145,0.4928307195944114,0.2558992264624716,0.6118208585387233,,large
context,3,microsomal_clearance,previous_delta_anchor,observed,1,311,183,0.24485934383421792,0.5607038824381918,0.8689882946080356,0.42717303652319083,0.2599795604679762,0.6141753984254176,,large
context,3,microsomal_clearance,previous_delta_anchor,observed,2,311,183,0.33371194495687106,0.5266846370250969,0.8162646966781847,0.4017128821554645,0.2596445153313848,0.6141527733220238,,large
context,3,microsomal_clearance,previous_delta_anchor,observed,4,311,183,0.3977847921052461,0.5007206428463016,0.7760252624075803,0.3817416711559673,0.25892461578878373,0.6137894825370901,,large
context,3,microsomal_clearance,previous_delta_anchor,observed,9,311,183,0.4493880319203253,0.4787871216103642,0.7420323227998055,0.36649411616492056,0.26014757759168033,0.6136195876766808,,large
context,3,microsomal_clearance,tanimoto_minimol,expected,0,311,183,0.09064709131478899,0.6152985152895671,0.9535999730941749,0.46088257191407134,0.27953093655730155,0.6237228332343615,,large
context,3,microsomal_clearance,tanimoto_minimol,expected,1,311,183,0.09064709131273074,0.6152985152902635,0.953599973095254,0.46088257191744725,0.27953093655730155,0.6237228332343615,,large
context,3,microsomal_clearance,tanimoto_minimol,expected,2,311,183,0.09064709131273074,0.6152985152902635,0.953599973095254,0.46088257191744725,0.27953093655730155,0.6237228332343615,,large
context,3,microsomal_clearance,tanimoto_minimol,expected,4,311,183,0.09064709131273074,0.6152985152902635,0.953599973095254,0.46088257191744725,0.27953093655730155,0.6237228332343615,,large
context,3,microsomal_clearance,tanimoto_minimol,expected,9,311,183,0.09064709131273074,0.6152985152902635,0.953599973095254,0.46088257191744725,0.27953093655730155,0.6237228332343615,,large
context,3,microsomal_clearance,tanimoto_minimol,observed,0,311,183,0.09064709131478899,0.6152985152895671,0.9535999730941749,0.46088257191407134,0.27953093655730155,0.6237228332343615,,large
context,3,microsomal_clearance,tanimoto_minimol,observed,1,311,183,0.34121865703457954,0.523709295734333,0.8116534623627379,0.3927821479150092,0.3040344444021267,0.6342649737637106,,large
context,3,microsomal_clearance,tanimoto_minimol,observed,2,311,183,0.43719255813016933,0.4840603970370464,0.7502049332481296,0.36082420415664046,0.3238694464925921,0.6428211545425601,,large
context,3,microsomal_clearance,tanimoto_minimol,observed,4,311,183,0.5264080464917404,0.4440396937773677,0.6881801751781721,0.32929857127684964,0.36176914745022665,0.6587532685655739,,large
context,3,microsomal_clearance,tanimoto_minimol,observed,9,311,183,0.6113322259971274,0.4022619027258115,0.6234322529376167,0.2961649598044662,0.4228445017533667,0.6861846516424044,,large
context,3,microsomal_clearance,tanimoto_minimol_remap,expected,0,311,183,0.09064709131478899,0.6152985152895671,0.9535999730941749,0.46088257191407134,0.27953093655730155,0.6237228332343615,,large
context,3,microsomal_clearance,tanimoto_minimol_remap,expected,1,311,183,0.09064709131273074,0.6152985152902635,0.953599973095254,0.46088257191744725,0.27953093655730155,0.6237228332343615,,large
context,3,microsomal_clearance,tanimoto_minimol_remap,expected,2,311,183,0.09064709131273074,0.6152985152902635,0.953599973095254,0.46088257191744725,0.27953093655730155,0.6237228332343615,,large
context,3,microsomal_clearance,tanimoto_minimol_remap,expected,4,311,183,0.09064709131273074,0.6152985152902635,0.953599973095254,0.46088257191744725,0.27953093655730155,0.6237228332343615,,large
context,3,microsomal_clearance,tanimoto_minimol_remap,expected,9,311,183,0.09064709131273074,0.6152985152902635,0.953599973095254,0.46088257191744725,0.27953093655730155,0.6237228332343615,,large
context,3,microsomal_clearance,tanimoto_minimol_remap,observed,0,311,183,0.09064709131478899,0.6152985152895671,0.9535999730941749,0.46088257191407134,0.27953093655730155,0.6237228332343615,,large
context,3,microsomal_clearance,tanimoto_minimol_remap,observed,1,311,183,0.33863099964409116,0.5247368385469922,0.8132459654716455,0.39364589024242275,0.30148667265563317,0.632799883718324,,large
context,3,microsomal_clearance,tanimoto_minimol_remap,observed,2,311,183,0.433495505070738,0.4856476785029401,0.7526649287227763,0.36233892975587295,0.3210908796953905,0.6411834097697671,,large
context,3,microsomal_clearance,tanimoto_minimol_remap,observed,4,311,183,0.5209474084293286,0.4465923032250815,0.6921362521719776,0.33172139191611594,0.35608487681122925,0.6565996085822682,,large
context,3,microsomal_clearance,tanimoto_minimol_remap,observed,9,311,183,0.6045350946047684,0.40576409194373225,0.628860004607728,0.2992347181370301,0.41617355594652056,0.6841546388314367,,large
context,3,microsomal_clearance,tanimoto_morgan,expected,0,311,183,0.09064709131478899,0.6152985152895671,0.9535999730941749,0.46088257191407134,0.27953093655730155,0.6237228332343615,,large
context,3,microsomal_clearance,tanimoto_morgan,expected,1,311,183,0.09064709131273074,0.6152985152902635,0.953599973095254,0.46088257191744725,0.27953093655730155,0.6237228332343615,,large
context,3,microsomal_clearance,tanimoto_morgan,expected,2,311,183,0.09064709131273074,0.6152985152902635,0.953599973095254,0.46088257191744725,0.27953093655730155,0.6237228332343615,,large
context,3,microsomal_clearance,tanimoto_morgan,expected,4,311,183,0.09064709131273074,0.6152985152902635,0.953599973095254,0.46088257191744725,0.27953093655730155,0.6237228332343615,,large
context,3,microsomal_clearance,tanimoto_morgan,expected,9,311,183,0.09064709131273074,0.6152985152902635,0.953599973095254,0.46088257191744725,0.27953093655730155,0.6237228332343615,,large
context,3,microsomal_clearance,tanimoto_morgan,observed,0,311,183,0.09064709131478899,0.6152985152895671,0.9535999730941749,0.46088257191407134,0.27953093655730155,0.6237228332343615,,large
context,3,microsomal_clearance,tanimoto_morgan,observed,1,311,183,0.33980432140268135,0.5242711692601828,0.8125242633899117,0.3935424802921357,0.30326389366148265,0.6341467823582928,,large
context,3,microsomal_clearance,tanimoto_morgan,observed,2,311,183,0.43223131517100954,0.4861892529827162,0.7535042699474174,0.3631350176676017,0.31993067787636237,0.6415318694763841,,large
context,3,microsomal_clearance,tanimoto_morgan,observed,4,311,183,0.517335061906324,0.4482729290911062,0.6947409143656907,0.33380957298655917,0.3536213928436856,0.6558032575004515,,large
context,3,microsomal_clearance,tanimoto_morgan,observed,9,311,183,0.5925763316359609,0.4118535031629967,0.6382974763885872,0.30579548137730755,0.4044253378700772,0.6781621225064993,,large
context,3,microsomal_clearance,tanimoto_morgan_remap,expected,0,311,183,0.09064709131478899,0.6152985152895671,0.9535999730941749,0.46088257191407134,0.27953093655730155,0.6237228332343615,,large
context,3,microsomal_clearance,tanimoto_morgan_remap,expected,1,311,183,0.09064709131273074,0.6152985152902635,0.953599973095254,0.46088257191744725,0.27953093655730155,0.6237228332343615,,large
context,3,microsomal_clearance,tanimoto_morgan_remap,expected,2,311,183,0.09064709131273074,0.6152985152902635,0.953599973095254,0.46088257191744725,0.27953093655730155,0.6237228332343615,,large
context,3,microsomal_clearance,tanimoto_morgan_remap,expected,4,311,183,0.09064709131273074,0.6152985152902635,0.953599973095254,0.46088257191744725,0.27953093655730155,0.6237228332343615,,large
context,3,microsomal_clearance,tanimoto_morgan_remap,expected,9,311,183,0.09064709131273074,0.6152985152902635,0.953599973095254,0.46088257191744725,0.27953093655730155,0.6237228332343615,,large
context,3,microsomal_clearance,tanimoto_morgan_remap,observed,0,311,183,0.09064709131478899,0.6152985152895671,0.9535999730941749,0.46088257191407134,0.27953093655730155,0.6237228332343615,,large
context,3,microsomal_clearance,tanimoto_morgan_remap,observed,1,311,183,0.3376198736790341,0.5251378041244973,0.8138673886579839,0.3944751569299764,0.30146541860998816,0.6334700174679057,,large
context,3,microsomal_clearance,tanimoto_morgan_remap,observed,2,311,183,0.42915912497481945,0.4875028607882384,0.7555401213868,0.36489477159550227,0.31834618905483647,0.6411766621717561,,large
context,3,microsomal_clearance,tanimoto_morgan_remap,observed,4,311,183,0.5120124552577459,0.4507378259919722,0.6985610529812366,0.33654394867744647,0.3478012867451445,0.6539431500141639,,large
context,3,microsomal_clearance,tanimoto_morgan_remap,observed,9,311,183,0.586695297362094,0.41481534193426733,0.6428877838611541,0.3090280060359417,0.39354298908797597,0.6737018057888075,,large
context,3,permeability,current_refit,expected,0,72,62,0.16696033054045512,0.7371944176945405,0.9127100686743544,0.5490791164796746,0.2593036211494549,0.6081685405643739,,large
context,3,permeability,current_refit,expected,1,72,62,0.16696033054045512,0.7371944176945405,0.9127100686743544,0.5490791164796746,0.2593036211494549,0.6081685405643739,,large
context,3,permeability,current_refit,expected,2,72,62,0.16696033054045512,0.7371944176945405,0.9127100686743544,0.5490791164796746,0.2593036211494549,0.6081685405643739,,large
context,3,permeability,current_refit,expected,4,72,62,0.16696033054045512,0.7371944176945405,0.9127100686743544,0.5490791164796746,0.2593036211494549,0.6081685405643739,,large
context,3,permeability,current_refit,expected,9,72,62,0.16696033054045512,0.7371944176945405,0.9127100686743544,0.5490791164796746,0.2593036211494549,0.6081685405643739,,large
context,3,permeability,current_refit,observed,0,72,62,0.16696033054045512,0.7371944176945405,0.9127100686743544,0.5490791164796746,0.2593036211494549,0.6081685405643739,,large
context,3,permeability,current_refit,observed,1,72,62,0.4156479528621807,0.6174282284804525,0.7644292296464201,0.4617513584553205,0.2785804590577314,0.6167315182245737,,large
context,3,permeability,current_refit,observed,2,72,62,0.4965344472131442,0.5731048411880688,0.7095530655186092,0.4272657861307434,0.30319712929660386,0.6265081202233981,,large
context,3,permeability,current_refit,observed,4,72,62,0.5686283234421896,0.5304873223859778,0.6567889132421546,0.3955347357367431,0.3489707816176688,0.6450404174015285,,large
context,3,permeability,current_refit,observed,9,72,62,0.6456602132342846,0.4807941293322565,0.5952644679180132,0.35533320495397347,0.42441252317830747,0.6752322163433274,,large
context,3,permeability,current_remap,expected,0,72,62,0.16696033054045512,0.7371944176945405,0.9127100686743544,0.5490791164796746,0.2593036211494549,0.6081685405643739,,large
context,3,permeability,current_remap,expected,1,72,62,0.16696033054045512,0.7371944176945405,0.9127100686743544,0.5490791164796746,0.2593036211494549,0.6081685405643739,,large
context,3,permeability,current_remap,expected,2,72,62,0.16696033054045512,0.7371944176945405,0.9127100686743544,0.5490791164796746,0.2593036211494549,0.6081685405643739,,large
context,3,permeability,current_remap,expected,4,72,62,0.16696033054045512,0.7371944176945405,0.9127100686743544,0.5490791164796746,0.2593036211494549,0.6081685405643739,,large
context,3,permeability,current_remap,expected,9,72,62,0.16696033054045512,0.7371944176945405,0.9127100686743544,0.5490791164796746,0.2593036211494549,0.6081685405643739,,large
context,3,permeability,current_remap,observed,0,72,62,0.16696033054045512,0.7371944176945405,0.9127100686743544,0.5490791164796746,0.2593036211494549,0.6081685405643739,,large
context,3,permeability,current_remap,observed,1,72,62,0.41655537096714046,0.6169486518035177,0.7638354724892393,0.46143514987523127,0.277029725192067,0.615775462962963,,large
context,3,permeability,current_remap,observed,2,72,62,0.49745645067930755,0.5725798332827733,0.7089030605948126,0.4267446482490288,0.3044086680190285,0.6267631172839506,,large
context,3,permeability,current_remap,observed,4,72,62,0.5708936684105335,0.5290925638330738,0.655062082240658,0.39436256958024074,0.35334304447400666,0.646957671957672,,large
context,3,permeability,current_remap,observed,9,72,62,0.6483998460945639,0.47893185565019786,0.5929588129924676,0.35348836240777703,0.4291972257870474,0.6777630805408583,,large
context,3,permeability,gp_linear,expected,0,72,62,0.16696033054045512,0.7371944176945405,0.9127100686743544,0.5490791164796746,0.2593036211494549,0.6081685405643739,,large
context,3,permeability,gp_linear,expected,1,72,62,0.16696033054045512,0.7371944176945405,0.9127100686743544,0.5490791164796746,0.2593036211494549,0.6081685405643739,,large
context,3,permeability,gp_linear,expected,2,72,62,0.16696033054045512,0.7371944176945405,0.9127100686743544,0.5490791164796746,0.2593036211494549,0.6081685405643739,,large
context,3,permeability,gp_linear,expected,4,72,62,0.16696033054045512,0.7371944176945405,0.9127100686743544,0.5490791164796746,0.2593036211494549,0.6081685405643739,,large
context,3,permeability,gp_linear,expected,9,72,62,0.16696033054045512,0.7371944176945405,0.9127100686743544,0.5490791164796746,0.2593036211494549,0.6081685405643739,,large
context,3,permeability,gp_linear,observed,0,72,62,0.16696033054045512,0.7371944176945405,0.9127100686743544,0.5490791164796746,0.2593036211494549,0.6081685405643739,,large
context,3,permeability,gp_linear,observed,1,72,62,0.4153000386570286,0.6176120047570745,0.7646567604768635,0.461564714187022,0.2779121695151486,0.6166903659611993,,large
context,3,permeability,gp_linear,observed,2,72,62,0.49587895285938755,0.573477800955307,0.7100148217753011,0.4273034857913312,0.30451837779327645,0.627295157260435,,large
context,3,permeability,gp_linear,observed,4,72,62,0.5686750692167848,0.5304585783654562,0.6567533256735097,0.3951647389225619,0.3505495268172549,0.6458164315108759,,large
context,3,permeability,gp_linear,observed,9,72,62,0.6454209822833028,0.48095640496948305,0.5954653791083888,0.3542264008230841,0.42604732596650297,0.6766468253968254,,large
context,3,permeability,morgan_braun_blanquet,expected,0,72,62,0.1669603305404549,0.7371944176945406,0.9127100686743546,0.5490791164796746,0.2593036211494549,0.6081685405643739,,large
context,3,permeability,morgan_braun_blanquet,expected,1,72,62,0.1669603305404549,0.7371944176945406,0.9127100686743546,0.5490791164796746,0.2593036211494549,0.6081685405643739,,large
context,3,permeability,morgan_braun_blanquet,expected,2,72,62,0.1669603305404549,0.7371944176945406,0.9127100686743546,0.5490791164796746,0.2593036211494549,0.6081685405643739,,large
context,3,permeability,morgan_braun_blanquet,expected,4,72,62,0.1669603305404549,0.7371944176945406,0.9127100686743546,0.5490791164796746,0.2593036211494549,0.6081685405643739,,large
context,3,permeability,morgan_braun_blanquet,expected,9,72,62,0.1669603305404549,0.7371944176945406,0.9127100686743546,0.5490791164796746,0.2593036211494549,0.6081685405643739,,large
context,3,permeability,morgan_braun_blanquet,observed,0,72,62,0.1669603305404549,0.7371944176945406,0.9127100686743546,0.5490791164796746,0.2593036211494549,0.6081685405643739,,large
context,3,permeability,morgan_braun_blanquet,observed,1,72,62,0.41749406140888445,0.616452154881679,0.7632207666141662,0.4644632401404003,0.2715803532910547,0.6117403365667254,,large
context,3,permeability,morgan_braun_blanquet,observed,2,72,62,0.4856348932240664,0.579275213743235,0.717192517233646,0.4342053632704612,0.2885765201284312,0.6196092372134039,,large
context,3,permeability,morgan_braun_blanquet,observed,4,72,62,0.5493584476029987,0.5422066172681691,0.6712984078612143,0.40693793628431174,0.3333937110964278,0.6402827380952381,,large
context,3,permeability,morgan_braun_blanquet,observed,9,72,62,0.6271628848550479,0.49318375834125827,0.6106038938173848,0.3683257541772967,0.3978655575594361,0.6683258009994122,,large
context,3,permeability,morgan_cosine,expected,0,72,62,0.1669603305404549,0.7371944176945406,0.9127100686743546,0.5490791164796746,0.2593036211494549,0.6081685405643739,,large
context,3,permeability,morgan_cosine,expected,1,72,62,0.1669603305404549,0.7371944176945406,0.9127100686743546,0.5490791164796746,0.2593036211494549,0.6081685405643739,,large
context,3,permeability,morgan_cosine,expected,2,72,62,0.1669603305404549,0.7371944176945406,0.9127100686743546,0.5490791164796746,0.2593036211494549,0.6081685405643739,,large
context,3,permeability,morgan_cosine,expected,4,72,62,0.1669603305404549,0.7371944176945406,0.9127100686743546,0.5490791164796746,0.2593036211494549,0.6081685405643739,,large
context,3,permeability,morgan_cosine,expected,9,72,62,0.1669603305404549,0.7371944176945406,0.9127100686743546,0.5490791164796746,0.2593036211494549,0.6081685405643739,,large
context,3,permeability,morgan_cosine,observed,0,72,62,0.1669603305404549,0.7371944176945406,0.9127100686743546,0.5490791164796746,0.2593036211494549,0.6081685405643739,,large
context,3,permeability,morgan_cosine,observed,1,72,62,0.4161223855880013,0.6171775340234258,0.7641188483554104,0.465599595087762,0.27138834153100777,0.6117642195767196,,large
context,3,permeability,morgan_cosine,observed,2,72,62,0.4852115749229713,0.5795135341150928,0.7174875783433666,0.4347774367775083,0.2856592774839311,0.6185087815990593,,large
context,3,permeability,morgan_cosine,observed,4,72,62,0.548275914515763,0.5428574721721593,0.6721042221889675,0.40808907058483046,0.33404902728864794,0.6389390432098766,,large
context,3,permeability,morgan_cosine,observed,9,72,62,0.6278049919385935,0.49275889016684077,0.6100778704898305,0.36976191599458136,0.4093920278760648,0.6721125440917107,,large
context,3,permeability,morgan_dice,expected,0,72,62,0.1669603305404549,0.7371944176945406,0.9127100686743546,0.5490791164796746,0.2593036211494549,0.6081685405643739,,large
context,3,permeability,morgan_dice,expected,1,72,62,0.1669603305404549,0.7371944176945406,0.9127100686743546,0.5490791164796746,0.2593036211494549,0.6081685405643739,,large
context,3,permeability,morgan_dice,expected,2,72,62,0.1669603305404549,0.7371944176945406,0.9127100686743546,0.5490791164796746,0.2593036211494549,0.6081685405643739,,large
context,3,permeability,morgan_dice,expected,4,72,62,0.1669603305404549,0.7371944176945406,0.9127100686743546,0.5490791164796746,0.2593036211494549,0.6081685405643739,,large
context,3,permeability,morgan_dice,expected,9,72,62,0.1669603305404549,0.7371944176945406,0.9127100686743546,0.5490791164796746,0.2593036211494549,0.6081685405643739,,large
context,3,permeability,morgan_dice,observed,0,72,62,0.1669603305404549,0.7371944176945406,0.9127100686743546,0.5490791164796746,0.2593036211494549,0.6081685405643739,,large
context,3,permeability,morgan_dice,observed,1,72,62,0.4161377121672164,0.6171694336251509,0.7641088193659222,0.46558571470311727,0.27209120488585026,0.6120522854203408,,large
context,3,permeability,morgan_dice,observed,2,72,62,0.4852252869496757,0.5795058160336599,0.7174780226949982,0.4347657021051048,0.2855227939980131,0.618519069664903,,large
context,3,permeability,morgan_dice,observed,4,72,62,0.5483563019350404,0.5428091674057545,0.6720444167352033,0.4080204805600682,0.3343541626697728,0.6389904835390946,,large
context,3,permeability,morgan_dice,observed,9,72,62,0.627909619860393,0.4926896254517373,0.6099921148175663,0.3696050199631953,0.4097684117538623,0.6722668650793651,,large
context,3,permeability,morgan_hamming,expected,0,72,62,0.1669603305404549,0.7371944176945406,0.9127100686743546,0.5490791164796746,0.2593036211494549,0.6081685405643739,,large
context,3,permeability,morgan_hamming,expected,1,72,62,0.1669603305404549,0.7371944176945406,0.9127100686743546,0.5490791164796746,0.2593036211494549,0.6081685405643739,,large
context,3,permeability,morgan_hamming,expected,2,72,62,0.1669603305404549,0.7371944176945406,0.9127100686743546,0.5490791164796746,0.2593036211494549,0.6081685405643739,,large
context,3,permeability,morgan_hamming,expected,4,72,62,0.1669603305404549,0.7371944176945406,0.9127100686743546,0.5490791164796746,0.2593036211494549,0.6081685405643739,,large
context,3,permeability,morgan_hamming,expected,9,72,62,0.1669603305404549,0.7371944176945406,0.9127100686743546,0.5490791164796746,0.2593036211494549,0.6081685405643739,,large
context,3,permeability,morgan_hamming,observed,0,72,62,0.1669603305404549,0.7371944176945406,0.9127100686743546,0.5490791164796746,0.2593036211494549,0.6081685405643739,,large
context,3,permeability,morgan_hamming,observed,1,72,62,0.41712936363519415,0.6166451001683507,0.763459649467348,0.4644874993416727,0.2732040915604333,0.612513043797766,,large
context,3,permeability,morgan_hamming,observed,2,72,62,0.48385867813945493,0.5802745337014936,0.7184297612575254,0.434175651748906,0.2885615369027309,0.6199913653733098,,large
context,3,permeability,morgan_hamming,observed,4,72,62,0.5454321647163668,0.5445635233785789,0.6742164602585977,0.4083947512968708,0.3358487808608061,0.6406371252204585,,large
context,3,permeability,morgan_hamming,observed,9,72,62,0.6257295887470431,0.49413082111079587,0.611776438948867,0.36980610645724266,0.4086648311306545,0.6719097222222222,,large
context,3,permeability,morgan_pearson,expected,0,72,62,0.1669603305404549,0.7371944176945406,0.9127100686743546,0.5490791164796746,0.2593036211494549,0.6081685405643739,,large
context,3,permeability,morgan_pearson,expected,1,72,62,0.1669603305404549,0.7371944176945406,0.9127100686743546,0.5490791164796746,0.2593036211494549,0.6081685405643739,,large
context,3,permeability,morgan_pearson,expected,2,72,62,0.1669603305404549,0.7371944176945406,0.9127100686743546,0.5490791164796746,0.2593036211494549,0.6081685405643739,,large
context,3,permeability,morgan_pearson,expected,4,72,62,0.1669603305404549,0.7371944176945406,0.9127100686743546,0.5490791164796746,0.2593036211494549,0.6081685405643739,,large
context,3,permeability,morgan_pearson,expected,9,72,62,0.1669603305404549,0.7371944176945406,0.9127100686743546,0.5490791164796746,0.2593036211494549,0.6081685405643739,,large
context,3,permeability,morgan_pearson,observed,0,72,62,0.1669603305404549,0.7371944176945406,0.9127100686743546,0.5490791164796746,0.2593036211494549,0.6081685405643739,,large
context,3,permeability,morgan_pearson,observed,1,72,62,0.4161433200136193,0.6171664697415682,0.76410514982323,0.4655935873708558,0.2714809341236004,0.6118105158730158,,large
context,3,permeability,morgan_pearson,observed,2,72,62,0.48520151227586106,0.5795191980067117,0.7174945907281385,0.43477544878478197,0.28561298118763484,0.618462485302763,,large
context,3,permeability,morgan_pearson,observed,4,72,62,0.5482619677614342,0.5428658523334189,0.672114597549083,0.4080964559507938,0.33428050877012944,0.639031635802469,,large
context,3,permeability,morgan_pearson,observed,9,72,62,0.6277833431743114,0.4927732206464466,0.6100956128556315,0.3697715354080031,0.4094858231701428,0.6722102807172252,,large
context,3,permeability,morgan_selected,expected,0,72,62,0.1669603305404549,0.7371944176945406,0.9127100686743546,0.5490791164796746,0.2593036211494549,0.6081685405643739,,large
context,3,permeability,morgan_selected,expected,1,72,62,0.1669603305404549,0.7371944176945406,0.9127100686743546,0.5490791164796746,0.2593036211494549,0.6081685405643739,,large
context,3,permeability,morgan_selected,expected,2,72,62,0.1669603305404549,0.7371944176945406,0.9127100686743546,0.5490791164796746,0.2593036211494549,0.6081685405643739,,large
context,3,permeability,morgan_selected,expected,4,72,62,0.1669603305404549,0.7371944176945406,0.9127100686743546,0.5490791164796746,0.2593036211494549,0.6081685405643739,,large
context,3,permeability,morgan_selected,expected,9,72,62,0.1669603305404549,0.7371944176945406,0.9127100686743546,0.5490791164796746,0.2593036211494549,0.6081685405643739,,large
context,3,permeability,morgan_selected,observed,0,72,62,0.1669603305404549,0.7371944176945406,0.9127100686743546,0.5490791164796746,0.2593036211494549,0.6081685405643739,,large
context,3,permeability,morgan_selected,observed,1,72,62,0.41779454462888754,0.6162931372559783,0.763023889122164,0.4639636369603281,0.2723838482630099,0.612242247207525,,large
context,3,permeability,morgan_selected,observed,2,72,62,0.48431040484167276,0.580020550084475,0.7181153077036635,0.4337533683427423,0.2887665510403242,0.6196441431510876,,large
context,3,permeability,morgan_selected,observed,4,72,62,0.545918494325133,0.544272138663054,0.6738557009292621,0.40802812494234647,0.33388299380900555,0.6405461860670195,,large
context,3,permeability,morgan_selected,observed,9,72,62,0.6249960119730611,0.49461483672942386,0.6123756918974975,0.3695061691126176,0.4028814021980737,0.6699292695473251,,large
context,3,permeability,morgan_sokal,expected,0,72,62,0.1669603305404549,0.7371944176945406,0.9127100686743546,0.5490791164796746,0.2593036211494549,0.6081685405643739,,large
context,3,permeability,morgan_sokal,expected,1,72,62,0.1669603305404549,0.7371944176945406,0.9127100686743546,0.5490791164796746,0.2593036211494549,0.6081685405643739,,large
context,3,permeability,morgan_sokal,expected,2,72,62,0.1669603305404549,0.7371944176945406,0.9127100686743546,0.5490791164796746,0.2593036211494549,0.6081685405643739,,large
context,3,permeability,morgan_sokal,expected,4,72,62,0.1669603305404549,0.7371944176945406,0.9127100686743546,0.5490791164796746,0.2593036211494549,0.6081685405643739,,large
context,3,permeability,morgan_sokal,expected,9,72,62,0.1669603305404549,0.7371944176945406,0.9127100686743546,0.5490791164796746,0.2593036211494549,0.6081685405643739,,large
context,3,permeability,morgan_sokal,observed,0,72,62,0.1669603305404549,0.7371944176945406,0.9127100686743546,0.5490791164796746,0.2593036211494549,0.6081685405643739,,large
context,3,permeability,morgan_sokal,observed,1,72,62,0.4171043521698149,0.6166583304043242,0.7634760296369396,0.46540150642645955,0.2697289259940199,0.6104392636684304,,large
context,3,permeability,morgan_sokal,observed,2,72,62,0.48444784696197396,0.5799432510974557,0.7180196049120289,0.4361693097376278,0.28768556004913165,0.6182192460317462,,large
context,3,permeability,morgan_sokal,observed,4,72,62,0.5438855267428532,0.5454891579659479,0.6753624754582881,0.41148676328838163,0.32326865347757244,0.633136941504997,,large
context,3,permeability,morgan_sokal,observed,9,72,62,0.6168836822654659,0.4999361269225279,0.6189639066492764,0.3767087195000549,0.3943312041530878,0.6653378527336861,,large
context,3,permeability,morgan_tanimoto,expected,0,72,62,0.1669603305404549,0.7371944176945406,0.9127100686743546,0.5490791164796746,0.2593036211494549,0.6081685405643739,,large
context,3,permeability,morgan_tanimoto,expected,1,72,62,0.1669603305404549,0.7371944176945406,0.9127100686743546,0.5490791164796746,0.2593036211494549,0.6081685405643739,,large
context,3,permeability,morgan_tanimoto,expected,2,72,62,0.1669603305404549,0.7371944176945406,0.9127100686743546,0.5490791164796746,0.2593036211494549,0.6081685405643739,,large
context,3,permeability,morgan_tanimoto,expected,4,72,62,0.1669603305404549,0.7371944176945406,0.9127100686743546,0.5490791164796746,0.2593036211494549,0.6081685405643739,,large
context,3,permeability,morgan_tanimoto,expected,9,72,62,0.1669603305404549,0.7371944176945406,0.9127100686743546,0.5490791164796746,0.2593036211494549,0.6081685405643739,,large
context,3,permeability,morgan_tanimoto,observed,0,72,62,0.1669603305404549,0.7371944176945406,0.9127100686743546,0.5490791164796746,0.2593036211494549,0.6081685405643739,,large
context,3,permeability,morgan_tanimoto,observed,1,72,62,0.41726136745402864,0.6165752698216098,0.763373193494487,0.4651444369385047,0.27265716995076555,0.6120640432098765,,large
context,3,permeability,morgan_tanimoto,observed,2,72,62,0.4853987859618365,0.5794081498534056,0.7173571035670891,0.43493447112447875,0.28520140468776933,0.617188969723692,,large
context,3,permeability,morgan_tanimoto,observed,4,72,62,0.5464603934855174,0.5439472755502912,0.6734534924658736,0.4091927137180367,0.3319064936314143,0.6377915564373898,,large
context,3,permeability,morgan_tanimoto,observed,9,72,62,0.623919110665714,0.4953245218592195,0.6132543431026689,0.37235473147002424,0.4037906649043996,0.6697991990005878,,large
context,3,permeability,previous_delta_anchor,observed,0,72,62,0.08862278834999171,0.7710779418345988,0.9546607835508948,0.5720908629599661,0.25299168749625117,0.601236221340388,,large
context,3,permeability,previous_delta_anchor,observed,1,72,62,0.3512662898163528,0.6505526192939061,0.8054400723726423,0.4949829284887477,0.2453896129722049,0.5987207892416225,,large
context,3,permeability,previous_delta_anchor,observed,2,72,62,0.40347409179955773,0.6238265469222557,0.7723508970671571,0.47232486067544915,0.2488633773448615,0.6013089726631393,,large
context,3,permeability,previous_delta_anchor,observed,4,72,62,0.4459885261090679,0.6011856097237427,0.7443194703156246,0.459158462846191,0.25538001653027975,0.6029932760141095,,large
context,3,permeability,previous_delta_anchor,observed,9,72,62,0.4835711541954232,0.5804361370106342,0.7186298392111038,0.44392419050714055,0.25790485422018444,0.6048737874779542,,large
context,3,permeability,tanimoto_minimol,expected,0,72,62,0.16696033054045512,0.7371944176945405,0.9127100686743544,0.5490791164796746,0.2593036211494549,0.6081685405643739,,large
context,3,permeability,tanimoto_minimol,expected,1,72,62,0.16696033054045512,0.7371944176945405,0.9127100686743544,0.5490791164796746,0.2593036211494549,0.6081685405643739,,large
context,3,permeability,tanimoto_minimol,expected,2,72,62,0.16696033054045512,0.7371944176945405,0.9127100686743544,0.5490791164796746,0.2593036211494549,0.6081685405643739,,large
context,3,permeability,tanimoto_minimol,expected,4,72,62,0.16696033054045512,0.7371944176945405,0.9127100686743544,0.5490791164796746,0.2593036211494549,0.6081685405643739,,large
context,3,permeability,tanimoto_minimol,expected,9,72,62,0.16696033054045512,0.7371944176945405,0.9127100686743544,0.5490791164796746,0.2593036211494549,0.6081685405643739,,large
context,3,permeability,tanimoto_minimol,observed,0,72,62,0.16696033054045512,0.7371944176945405,0.9127100686743544,0.5490791164796746,0.2593036211494549,0.6081685405643739,,large
context,3,permeability,tanimoto_minimol,observed,1,72,62,0.4127135586831284,0.6189765322695893,0.7663461628512741,0.4626681989481807,0.27496924318695665,0.6152404835390946,,large
context,3,permeability,tanimoto_minimol,observed,2,72,62,0.4948158500394386,0.5740821645200814,0.7107630758280578,0.42740119163519336,0.30219248999035425,0.6263578409758966,,large
context,3,permeability,tanimoto_minimol,observed,4,72,62,0.5672540591592661,0.531331663943859,0.6578342806822506,0.3955327177478593,0.3495741671543573,0.6453790049970606,,large
context,3,permeability,tanimoto_minimol,observed,9,72,62,0.644238457121812,0.4817577350256307,0.5964574946114668,0.3547730291396813,0.4225284777472086,0.675951278659612,,large
context,3,permeability,tanimoto_minimol_remap,expected,0,72,62,0.16696033054045512,0.7371944176945405,0.9127100686743544,0.5490791164796746,0.2593036211494549,0.6081685405643739,,large
context,3,permeability,tanimoto_minimol_remap,expected,1,72,62,0.16696033054045512,0.7371944176945405,0.9127100686743544,0.5490791164796746,0.2593036211494549,0.6081685405643739,,large
context,3,permeability,tanimoto_minimol_remap,expected,2,72,62,0.16696033054045512,0.7371944176945405,0.9127100686743544,0.5490791164796746,0.2593036211494549,0.6081685405643739,,large
context,3,permeability,tanimoto_minimol_remap,expected,4,72,62,0.16696033054045512,0.7371944176945405,0.9127100686743544,0.5490791164796746,0.2593036211494549,0.6081685405643739,,large
context,3,permeability,tanimoto_minimol_remap,expected,9,72,62,0.16696033054045512,0.7371944176945405,0.9127100686743544,0.5490791164796746,0.2593036211494549,0.6081685405643739,,large
context,3,permeability,tanimoto_minimol_remap,observed,0,72,62,0.16696033054045512,0.7371944176945405,0.9127100686743544,0.5490791164796746,0.2593036211494549,0.6081685405643739,,large
context,3,permeability,tanimoto_minimol_remap,observed,1,72,62,0.42043695484716304,0.6148929861075226,0.7612903816237514,0.4606602505820251,0.27468338411076554,0.6133118386243387,,large
context,3,permeability,tanimoto_minimol_remap,observed,2,72,62,0.4967598940577216,0.5729765115091832,0.7093941823431303,0.42721962419505766,0.2964781509892494,0.6222264476778366,,large
context,3,permeability,tanimoto_minimol_remap,observed,4,72,62,0.5696504199875696,0.5298584785730945,0.6560103505375737,0.39491091321039623,0.3450957598250037,0.6435403806584362,,large
context,3,permeability,tanimoto_minimol_remap,observed,9,72,62,0.6480059799156719,0.4792000328106247,0.5932908393733449,0.3536856771628766,0.44040631537173697,0.6843682025279247,,large
context,3,permeability,tanimoto_morgan,expected,0,72,62,0.16696033054045512,0.7371944176945405,0.9127100686743544,0.5490791164796746,0.2593036211494549,0.6081685405643739,,large
context,3,permeability,tanimoto_morgan,expected,1,72,62,0.16696033054045512,0.7371944176945405,0.9127100686743544,0.5490791164796746,0.2593036211494549,0.6081685405643739,,large
context,3,permeability,tanimoto_morgan,expected,2,72,62,0.16696033054045512,0.7371944176945405,0.9127100686743544,0.5490791164796746,0.2593036211494549,0.6081685405643739,,large
context,3,permeability,tanimoto_morgan,expected,4,72,62,0.16696033054045512,0.7371944176945405,0.9127100686743544,0.5490791164796746,0.2593036211494549,0.6081685405643739,,large
context,3,permeability,tanimoto_morgan,expected,9,72,62,0.16696033054045512,0.7371944176945405,0.9127100686743544,0.5490791164796746,0.2593036211494549,0.6081685405643739,,large
context,3,permeability,tanimoto_morgan,observed,0,72,62,0.16696033054045512,0.7371944176945405,0.9127100686743544,0.5490791164796746,0.2593036211494549,0.6081685405643739,,large
context,3,permeability,tanimoto_morgan,observed,1,72,62,0.4147606094991757,0.6178968355594671,0.7650094054982751,0.46599030508899353,0.27038971445330273,0.6114401455026456,,large
context,3,permeability,tanimoto_morgan,observed,2,72,62,0.4846519831260454,0.5798284236145892,0.7178774386160597,0.4344806839221026,0.2882967890727735,0.6199785052910053,,large
context,3,permeability,tanimoto_morgan,observed,4,72,62,0.5493656066082622,0.542202310435585,0.6712930756321995,0.40702198431994385,0.33965315661855144,0.6418272339800117,,large
context,3,permeability,tanimoto_morgan,observed,9,72,62,0.6311580687363911,0.4905342545714829,0.6073235803619096,0.3668972400416235,0.41026203589381105,0.6721742724867724,,large
context,3,permeability,tanimoto_morgan_remap,expected,0,72,62,0.16696033054045512,0.7371944176945405,0.9127100686743544,0.5490791164796746,0.2593036211494549,0.6081685405643739,,large
context,3,permeability,tanimoto_morgan_remap,expected,1,72,62,0.16696033054045512,0.7371944176945405,0.9127100686743544,0.5490791164796746,0.2593036211494549,0.6081685405643739,,large
context,3,permeability,tanimoto_morgan_remap,expected,2,72,62,0.16696033054045512,0.7371944176945405,0.9127100686743544,0.5490791164796746,0.2593036211494549,0.6081685405643739,,large
context,3,permeability,tanimoto_morgan_remap,expected,4,72,62,0.16696033054045512,0.7371944176945405,0.9127100686743544,0.5490791164796746,0.2593036211494549,0.6081685405643739,,large
context,3,permeability,tanimoto_morgan_remap,expected,9,72,62,0.16696033054045512,0.7371944176945405,0.9127100686743544,0.5490791164796746,0.2593036211494549,0.6081685405643739,,large
context,3,permeability,tanimoto_morgan_remap,observed,0,72,62,0.16696033054045512,0.7371944176945405,0.9127100686743544,0.5490791164796746,0.2593036211494549,0.6081685405643739,,large
context,3,permeability,tanimoto_morgan_remap,observed,1,72,62,0.41729229454915695,0.6165589081682277,0.7633529363609228,0.465333480859553,0.26741520912102684,0.6097815623162846,,large
context,3,permeability,tanimoto_morgan_remap,observed,2,72,62,0.48363567968477805,0.5803998737440508,0.7185849430061988,0.43674520408774625,0.2838522845376048,0.6167274764844208,,large
context,3,permeability,tanimoto_morgan_remap,observed,4,72,62,0.541183337191165,0.5471026108170824,0.6773600688030222,0.4129664128685189,0.3215199140008644,0.6328900279247501,,large
context,3,permeability,tanimoto_morgan_remap,observed,9,72,62,0.6107082545237246,0.5039492392304645,0.6239324847099047,0.3800334802679876,0.3811600049081974,0.6592723030570252,,large
context,3,protein_binding,current_refit,expected,0,44,29,0.14681203100303586,0.8587282602100123,0.9236817465972597,0.572889306618086,0.4194990047845225,0.6801491101491103,,large
context,3,protein_binding,current_refit,expected,1,44,29,0.14681203100303586,0.8587282602100123,0.9236817465972597,0.572889306618086,0.4194990047845225,0.6801491101491103,,large
context,3,protein_binding,current_refit,expected,2,44,29,0.14681203100303586,0.8587282602100123,0.9236817465972597,0.572889306618086,0.4194990047845225,0.6801491101491103,,large
context,3,protein_binding,current_refit,expected,4,44,29,0.14681203100303586,0.8587282602100123,0.9236817465972597,0.572889306618086,0.4194990047845225,0.6801491101491103,,large
context,3,protein_binding,current_refit,expected,9,44,29,0.14681203100303586,0.8587282602100123,0.9236817465972597,0.572889306618086,0.4194990047845225,0.6801491101491103,,large
context,3,protein_binding,current_refit,observed,0,44,29,0.14681203100303586,0.8587282602100123,0.9236817465972597,0.572889306618086,0.4194990047845225,0.6801491101491103,,large
context,3,protein_binding,current_refit,observed,1,44,29,0.36311048482752173,0.7419342907779829,0.7980535791364376,0.48121603132835633,0.4562760861656672,0.6959728234728235,,large
context,3,protein_binding,current_refit,observed,2,44,29,0.41715833973617356,0.7097553706053933,0.7634406723929675,0.44236618413530576,0.45553685491071627,0.695256734006734,,large
context,3,protein_binding,current_refit,observed,4,44,29,0.4812537994811472,0.6695929285902462,0.7202403769012486,0.41611390676025367,0.46978158010223353,0.701626984126984,,large
context,3,protein_binding,current_refit,observed,9,44,29,0.5560251290863221,0.619459031148843,0.6663143934462754,0.3704824906321551,0.5211374750692239,0.7273075998076,,large
context,3,protein_binding,current_remap,expected,0,44,29,0.14681203100303586,0.8587282602100123,0.9236817465972597,0.572889306618086,0.4194990047845225,0.6801491101491103,,large
context,3,protein_binding,current_remap,expected,1,44,29,0.14681203100303586,0.8587282602100123,0.9236817465972597,0.572889306618086,0.4194990047845225,0.6801491101491103,,large
context,3,protein_binding,current_remap,expected,2,44,29,0.14681203100303586,0.8587282602100123,0.9236817465972597,0.572889306618086,0.4194990047845225,0.6801491101491103,,large
context,3,protein_binding,current_remap,expected,4,44,29,0.14681203100303586,0.8587282602100123,0.9236817465972597,0.572889306618086,0.4194990047845225,0.6801491101491103,,large
context,3,protein_binding,current_remap,expected,9,44,29,0.14681203100303586,0.8587282602100123,0.9236817465972597,0.572889306618086,0.4194990047845225,0.6801491101491103,,large
context,3,protein_binding,current_remap,observed,0,44,29,0.14681203100303586,0.8587282602100123,0.9236817465972597,0.572889306618086,0.4194990047845225,0.6801491101491103,,large
context,3,protein_binding,current_remap,observed,1,44,29,0.3630423702620139,0.7419739642060382,0.7980962534293631,0.48144122772991443,0.45600488762406344,0.6958104858104858,,large
context,3,protein_binding,current_remap,observed,2,44,29,0.41749227659413146,0.7095520156865054,0.7632219358783319,0.44244761445942743,0.4531852751212431,0.6945556758056758,,large
context,3,protein_binding,current_remap,observed,4,44,29,0.4811094933364499,0.6696860566506893,0.7203405490901856,0.4162098393424394,0.46712171826624255,0.7008805315055315,,large
context,3,protein_binding,current_remap,observed,9,44,29,0.5571899617221681,0.6186458770171182,0.6654397330170719,0.3698532016861158,0.5203250063284245,0.7265199615199616,,large
context,3,protein_binding,gp_linear,expected,0,44,29,0.14681203100303586,0.8587282602100123,0.9236817465972597,0.572889306618086,0.4194990047845225,0.6801491101491103,,large
context,3,protein_binding,gp_linear,expected,1,44,29,0.14681203100303586,0.8587282602100123,0.9236817465972597,0.572889306618086,0.4194990047845225,0.6801491101491103,,large
context,3,protein_binding,gp_linear,expected,2,44,29,0.14681203100303586,0.8587282602100123,0.9236817465972597,0.572889306618086,0.4194990047845225,0.6801491101491103,,large
context,3,protein_binding,gp_linear,expected,4,44,29,0.14681203100303586,0.8587282602100123,0.9236817465972597,0.572889306618086,0.4194990047845225,0.6801491101491103,,large
context,3,protein_binding,gp_linear,expected,9,44,29,0.14681203100303586,0.8587282602100123,0.9236817465972597,0.572889306618086,0.4194990047845225,0.6801491101491103,,large
context,3,protein_binding,gp_linear,observed,0,44,29,0.14681203100303586,0.8587282602100123,0.9236817465972597,0.572889306618086,0.4194990047845225,0.6801491101491103,,large
context,3,protein_binding,gp_linear,observed,1,44,29,0.36284577299726806,0.7420884606741609,0.7982194103144398,0.48119072831284354,0.45644489612513633,0.6958486652236653,,large
context,3,protein_binding,gp_linear,observed,2,44,29,0.41612494589868254,0.7103842995704531,0.7641171730181946,0.44238503599268203,0.4557351051065028,0.6954250841750841,,large
context,3,protein_binding,gp_linear,observed,4,44,29,0.4810884142162425,0.6696996589900526,0.720355180299106,0.41645237103083443,0.46859651336462227,0.7016101491101491,,large
context,3,protein_binding,gp_linear,observed,9,44,29,0.5563094261877786,0.6192606656326257,0.6661010237285494,0.37036506792627183,0.521436740683206,0.7269191919191919,,large
context,3,protein_binding,morgan_braun_blanquet,expected,0,44,29,0.14681203100303586,0.8587282602100123,0.9236817465972597,0.572889306618086,0.4194990047845225,0.6801491101491103,,large
context,3,protein_binding,morgan_braun_blanquet,expected,1,44,29,0.14681203100303586,0.8587282602100123,0.9236817465972597,0.572889306618086,0.4194990047845225,0.6801491101491103,,large
context,3,protein_binding,morgan_braun_blanquet,expected,2,44,29,0.14681203100303586,0.8587282602100123,0.9236817465972597,0.572889306618086,0.4194990047845225,0.6801491101491103,,large
context,3,protein_binding,morgan_braun_blanquet,expected,4,44,29,0.14681203100303586,0.8587282602100123,0.9236817465972597,0.572889306618086,0.4194990047845225,0.6801491101491103,,large
context,3,protein_binding,morgan_braun_blanquet,expected,9,44,29,0.14681203100303586,0.8587282602100123,0.9236817465972597,0.572889306618086,0.4194990047845225,0.6801491101491103,,large
context,3,protein_binding,morgan_braun_blanquet,observed,0,44,29,0.14681203100303586,0.8587282602100123,0.9236817465972597,0.572889306618086,0.4194990047845225,0.6801491101491103,,large
context,3,protein_binding,morgan_braun_blanquet,observed,1,44,29,0.3574365742742982,0.7452318286380017,0.8016005399983847,0.4907560923335226,0.4376380807779721,0.6858730158730159,,large
context,3,protein_binding,morgan_braun_blanquet,observed,2,44,29,0.4064662121498066,0.7162359530145095,0.7704114406277943,0.4566406007425439,0.44907123026888646,0.6923686267436268,,large
context,3,protein_binding,morgan_braun_blanquet,observed,4,44,29,0.46531180880582,0.6798039605245809,0.731223762738999,0.43122190410656,0.4534997565854233,0.6930098605098606,,large
context,3,protein_binding,morgan_braun_blanquet,observed,9,44,29,0.5186865246218799,0.6449817177111398,0.693767594643999,0.3902133442585155,0.5132916440183196,0.7238970057720058,,large
context,3,protein_binding,morgan_cosine,expected,0,44,29,0.14681203100303586,0.8587282602100123,0.9236817465972597,0.572889306618086,0.4194990047845225,0.6801491101491103,,large
context,3,protein_binding,morgan_cosine,expected,1,44,29,0.14681203100303586,0.8587282602100123,0.9236817465972597,0.572889306618086,0.4194990047845225,0.6801491101491103,,large
context,3,protein_binding,morgan_cosine,expected,2,44,29,0.14681203100303586,0.8587282602100123,0.9236817465972597,0.572889306618086,0.4194990047845225,0.6801491101491103,,large
context,3,protein_binding,morgan_cosine,expected,4,44,29,0.14681203100303586,0.8587282602100123,0.9236817465972597,0.572889306618086,0.4194990047845225,0.6801491101491103,,large
context,3,protein_binding,morgan_cosine,expected,9,44,29,0.14681203100303586,0.8587282602100123,0.9236817465972597,0.572889306618086,0.4194990047845225,0.6801491101491103,,large
context,3,protein_binding,morgan_cosine,observed,0,44,29,0.14681203100303586,0.8587282602100123,0.9236817465972597,0.572889306618086,0.4194990047845225,0.6801491101491103,,large
context,3,protein_binding,morgan_cosine,observed,1,44,29,0.35777236227648135,0.7450370831873993,0.8013910641650047,0.4905513488452938,0.43958024169691384,0.6866922198172198,,large
context,3,protein_binding,morgan_cosine,observed,2,44,29,0.4049412450416382,0.717155475728466,0.771400515269702,0.45745577564405177,0.45010551605365823,0.6917036435786436,,large
context,3,protein_binding,morgan_cosine,observed,4,44,29,0.46304359162953734,0.6812443431845667,0.7327730947370152,0.4329018515252057,0.4497632873579102,0.6911772486772487,,large
context,3,protein_binding,morgan_cosine,observed,9,44,29,0.5198524118883501,0.6442000733762799,0.6929268273863048,0.3916046421542738,0.5122769034452297,0.7225354737854737,,large
context,3,protein_binding,morgan_dice,expected,0,44,29,0.14681203100303586,0.8587282602100123,0.9236817465972597,0.572889306618086,0.4194990047845225,0.6801491101491103,,large
context,3,protein_binding,morgan_dice,expected,1,44,29,0.14681203100303586,0.8587282602100123,0.9236817465972597,0.572889306618086,0.4194990047845225,0.6801491101491103,,large
context,3,protein_binding,morgan_dice,expected,2,44,29,0.14681203100303586,0.8587282602100123,0.9236817465972597,0.572889306618086,0.4194990047845225,0.6801491101491103,,large
context,3,protein_binding,morgan_dice,expected,4,44,29,0.14681203100303586,0.8587282602100123,0.9236817465972597,0.572889306618086,0.4194990047845225,0.6801491101491103,,large
context,3,protein_binding,morgan_dice,expected,9,44,29,0.14681203100303586,0.8587282602100123,0.9236817465972597,0.572889306618086,0.4194990047845225,0.6801491101491103,,large
context,3,protein_binding,morgan_dice,observed,0,44,29,0.14681203100303586,0.8587282602100123,0.9236817465972597,0.572889306618086,0.4194990047845225,0.6801491101491103,,large
context,3,protein_binding,morgan_dice,observed,1,44,29,0.35783884857213943,0.7449985173931536,0.8013495812863826,0.4904653388326274,0.4396112322853762,0.6867595598845598,,large
context,3,protein_binding,morgan_dice,observed,2,44,29,0.4052584142007707,0.7169643266069282,0.771194907788705,0.45723328975825234,0.4508591556972817,0.6922255291005291,,large
context,3,protein_binding,morgan_dice,observed,4,44,29,0.46349401688894476,0.6809585527252866,0.7324656873267548,0.4326568212138817,0.4509714724560792,0.6917748917748917,,large
context,3,protein_binding,morgan_dice,observed,9,44,29,0.5200621823942888,0.6440593365054728,0.692775445296462,0.3913226052504146,0.5122247771682732,0.7224344636844636,,large
context,3,protein_binding,morgan_hamming,expected,0,44,29,0.14681203100303586,0.8587282602100123,0.9236817465972597,0.572889306618086,0.4194990047845225,0.6801491101491103,,large
context,3,protein_binding,morgan_hamming,expected,1,44,29,0.14681203100303586,0.8587282602100123,0.9236817465972597,0.572889306618086,0.4194990047845225,0.6801491101491103,,large
context,3,protein_binding,morgan_hamming,expected,2,44,29,0.14681203100303586,0.8587282602100123,0.9236817465972597,0.572889306618086,0.4194990047845225,0.6801491101491103,,large
context,3,protein_binding,morgan_hamming,expected,4,44,29,0.14681203100303586,0.8587282602100123,0.9236817465972597,0.572889306618086,0.4194990047845225,0.6801491101491103,,large
context,3,protein_binding,morgan_hamming,expected,9,44,29,0.14681203100303586,0.8587282602100123,0.9236817465972597,0.572889306618086,0.4194990047845225,0.6801491101491103,,large
context,3,protein_binding,morgan_hamming,observed,0,44,29,0.14681203100303586,0.8587282602100123,0.9236817465972597,0.572889306618086,0.4194990047845225,0.6801491101491103,,large
context,3,protein_binding,morgan_hamming,observed,1,44,29,0.36118732899553796,0.7430536212992714,0.7992575748808778,0.48869055323930505,0.44721014327345365,0.6906749037999038,,large
context,3,protein_binding,morgan_hamming,observed,2,44,29,0.4103170305400774,0.7139087200890509,0.7679081777529932,0.455540097734258,0.4593411291799852,0.6972447691197691,,large
context,3,protein_binding,morgan_hamming,observed,4,44,29,0.47114847047904784,0.6760834058250722,0.7272217883981146,0.4281238091371086,0.45986664490261386,0.6965413059163059,,large
context,3,protein_binding,morgan_hamming,observed,9,44,29,0.5248747873408348,0.6408220288760726,0.6892932704293327,0.3883712649332695,0.5147391441255633,0.7235741341991342,,large
context,3,protein_binding,morgan_pearson,expected,0,44,29,0.14681203100303586,0.8587282602100123,0.9236817465972597,0.572889306618086,0.4194990047845225,0.6801491101491103,,large
context,3,protein_binding,morgan_pearson,expected,1,44,29,0.14681203100303586,0.8587282602100123,0.9236817465972597,0.572889306618086,0.4194990047845225,0.6801491101491103,,large
context,3,protein_binding,morgan_pearson,expected,2,44,29,0.14681203100303586,0.8587282602100123,0.9236817465972597,0.572889306618086,0.4194990047845225,0.6801491101491103,,large
context,3,protein_binding,morgan_pearson,expected,4,44,29,0.14681203100303586,0.8587282602100123,0.9236817465972597,0.572889306618086,0.4194990047845225,0.6801491101491103,,large
context,3,protein_binding,morgan_pearson,expected,9,44,29,0.14681203100303586,0.8587282602100123,0.9236817465972597,0.572889306618086,0.4194990047845225,0.6801491101491103,,large
context,3,protein_binding,morgan_pearson,observed,0,44,29,0.14681203100303586,0.8587282602100123,0.9236817465972597,0.572889306618086,0.4194990047845225,0.6801491101491103,,large
context,3,protein_binding,morgan_pearson,observed,1,44,29,0.3577179330339282,0.7450686537260742,0.8014250226727837,0.4906053640233324,0.44003281909448316,0.6868353174603175,,large
context,3,protein_binding,morgan_pearson,observed,2,44,29,0.40478601417224114,0.7172490105330476,0.7715011249685634,0.45754211107036635,0.45010551605365823,0.6917036435786436,,large
context,3,protein_binding,morgan_pearson,observed,4,44,29,0.4628212042066012,0.681385401646966,0.7329248227433689,0.433081389053871,0.45011108464823574,0.6913371813371814,,large
context,3,protein_binding,morgan_pearson,observed,9,44,29,0.5196575336386109,0.6443307913577255,0.6930674327663862,0.3917496237673619,0.5117057695415836,0.7221482683982683,,large
context,3,protein_binding,morgan_selected,expected,0,44,29,0.14681203100303586,0.8587282602100123,0.9236817465972597,0.572889306618086,0.4194990047845225,0.6801491101491103,,large
context,3,protein_binding,morgan_selected,expected,1,44,29,0.14681203100303586,0.8587282602100123,0.9236817465972597,0.572889306618086,0.4194990047845225,0.6801491101491103,,large
context,3,protein_binding,morgan_selected,expected,2,44,29,0.14681203100303586,0.8587282602100123,0.9236817465972597,0.572889306618086,0.4194990047845225,0.6801491101491103,,large
context,3,protein_binding,morgan_selected,expected,4,44,29,0.14681203100303586,0.8587282602100123,0.9236817465972597,0.572889306618086,0.4194990047845225,0.6801491101491103,,large
context,3,protein_binding,morgan_selected,expected,9,44,29,0.14681203100303586,0.8587282602100123,0.9236817465972597,0.572889306618086,0.4194990047845225,0.6801491101491103,,large
context,3,protein_binding,morgan_selected,observed,0,44,29,0.14681203100303586,0.8587282602100123,0.9236817465972597,0.572889306618086,0.4194990047845225,0.6801491101491103,,large
context,3,protein_binding,morgan_selected,observed,1,44,29,0.35995318713131075,0.7437710390486247,0.8000292575079296,0.48972917190509013,0.44253040256907034,0.6883612914862914,,large
context,3,protein_binding,morgan_selected,observed,2,44,29,0.40974543213653125,0.7142546434623991,0.7682802664805786,0.45602682542599315,0.45484334587333675,0.6944297138047137,,large
context,3,protein_binding,morgan_selected,observed,4,44,29,0.4687566344327745,0.6776105417990342,0.7288644356581171,0.43148456104374355,0.4530023167564714,0.6928451178451177,,large
context,3,protein_binding,morgan_selected,observed,9,44,29,0.5208604482589456,0.6435234915202847,0.6921990694453832,0.39090848965110697,0.5187095022243939,0.724774531024531,,large
context,3,protein_binding,morgan_sokal,expected,0,44,29,0.14681203100303586,0.8587282602100123,0.9236817465972597,0.572889306618086,0.4194990047845225,0.6801491101491103,,large
context,3,protein_binding,morgan_sokal,expected,1,44,29,0.14681203100303586,0.8587282602100123,0.9236817465972597,0.572889306618086,0.4194990047845225,0.6801491101491103,,large
context,3,protein_binding,morgan_sokal,expected,2,44,29,0.14681203100303586,0.8587282602100123,0.9236817465972597,0.572889306618086,0.4194990047845225,0.6801491101491103,,large
context,3,protein_binding,morgan_sokal,expected,4,44,29,0.14681203100303586,0.8587282602100123,0.9236817465972597,0.572889306618086,0.4194990047845225,0.6801491101491103,,large
context,3,protein_binding,morgan_sokal,expected,9,44,29,0.14681203100303586,0.8587282602100123,0.9236817465972597,0.572889306618086,0.4194990047845225,0.6801491101491103,,large
context,3,protein_binding,morgan_sokal,observed,0,44,29,0.14681203100303586,0.8587282602100123,0.9236817465972597,0.572889306618086,0.4194990047845225,0.6801491101491103,,large
context,3,protein_binding,morgan_sokal,observed,1,44,29,0.3585424240615128,0.7445902815889457,0.800910466867856,0.49014719081118796,0.4424228349858387,0.6892030423280423,,large
context,3,protein_binding,morgan_sokal,observed,2,44,29,0.40498067661190784,0.717131714179892,0.7713749564174949,0.4573404363261995,0.4508237861174542,0.6939661495911496,,large
context,3,protein_binding,morgan_sokal,observed,4,44,29,0.4640984492419514,0.6805748576829094,0.7320529699127302,0.43058965057238585,0.459327478038912,0.6959842472342471,,large
context,3,protein_binding,morgan_sokal,observed,9,44,29,0.518866545579143,0.644861088338493,0.6936378409666366,0.3915282403639123,0.5121013472904602,0.7221082852332853,,large
context,3,protein_binding,morgan_tanimoto,expected,0,44,29,0.14681203100303586,0.8587282602100123,0.9236817465972597,0.572889306618086,0.4194990047845225,0.6801491101491103,,large
context,3,protein_binding,morgan_tanimoto,expected,1,44,29,0.14681203100303586,0.8587282602100123,0.9236817465972597,0.572889306618086,0.4194990047845225,0.6801491101491103,,large
context,3,protein_binding,morgan_tanimoto,expected,2,44,29,0.14681203100303586,0.8587282602100123,0.9236817465972597,0.572889306618086,0.4194990047845225,0.6801491101491103,,large
context,3,protein_binding,morgan_tanimoto,expected,4,44,29,0.14681203100303586,0.8587282602100123,0.9236817465972597,0.572889306618086,0.4194990047845225,0.6801491101491103,,large
context,3,protein_binding,morgan_tanimoto,expected,9,44,29,0.14681203100303586,0.8587282602100123,0.9236817465972597,0.572889306618086,0.4194990047845225,0.6801491101491103,,large
context,3,protein_binding,morgan_tanimoto,observed,0,44,29,0.14681203100303586,0.8587282602100123,0.9236817465972597,0.572889306618086,0.4194990047845225,0.6801491101491103,,large
context,3,protein_binding,morgan_tanimoto,observed,1,44,29,0.3596763158146322,0.7439318918154832,0.8002022770433534,0.4901081146463886,0.44028967695833515,0.6874257455507454,,large
context,3,protein_binding,morgan_tanimoto,observed,2,44,29,0.40935150245429075,0.7144929467221446,0.7685365947993038,0.4566454492960555,0.45931893107728566,0.6975477994227994,,large
context,3,protein_binding,morgan_tanimoto,observed,4,44,29,0.47034639316511084,0.6765958991054503,0.7277730462409893,0.43043045059247587,0.45382393914608793,0.6931283068783068,,large
context,3,protein_binding,morgan_tanimoto,observed,9,44,29,0.522347012350924,0.6425244275998555,0.6911244371667637,0.3900679975667071,0.516951133341263,0.7242385161135162,,large
context,3,protein_binding,previous_delta_anchor,observed,0,44,29,0.07591999060738441,0.8936926385056858,0.9612908037595156,0.6128739343722752,0.39721921903477936,0.6723737373737374,,large
context,3,protein_binding,previous_delta_anchor,observed,1,44,29,0.33319478853517737,0.7591592458163922,0.8165814175358282,0.52850163103479,0.39499200102192566,0.6714962121212121,,large
context,3,protein_binding,previous_delta_anchor,observed,2,44,29,0.3674126718519716,0.7394241605303273,0.7953535868706625,0.5004651732306856,0.3989476383103947,0.6735606060606061,,large
context,3,protein_binding,previous_delta_anchor,observed,4,44,29,0.4109311201217921,0.7135368928683301,0.7675082278895828,0.47773593868932385,0.3951710695412167,0.672121212121212,,large
context,3,protein_binding,previous_delta_anchor,observed,9,44,29,0.461059931670605,0.6825015303344935,0.7341253764374277,0.4507847860332175,0.40751280727435274,0.6775910894660895,,large
context,3,protein_binding,tanimoto_minimol,expected,0,44,29,0.14681203100303586,0.8587282602100123,0.9236817465972597,0.572889306618086,0.4194990047845225,0.6801491101491103,,large
context,3,protein_binding,tanimoto_minimol,expected,1,44,29,0.14681203100303586,0.8587282602100123,0.9236817465972597,0.572889306618086,0.4194990047845225,0.6801491101491103,,large
context,3,protein_binding,tanimoto_minimol,expected,2,44,29,0.14681203100303586,0.8587282602100123,0.9236817465972597,0.572889306618086,0.4194990047845225,0.6801491101491103,,large
context,3,protein_binding,tanimoto_minimol,expected,4,44,29,0.14681203100303586,0.8587282602100123,0.9236817465972597,0.572889306618086,0.4194990047845225,0.6801491101491103,,large
context,3,protein_binding,tanimoto_minimol,expected,9,44,29,0.14681203100303586,0.8587282602100123,0.9236817465972597,0.572889306618086,0.4194990047845225,0.6801491101491103,,large
context,3,protein_binding,tanimoto_minimol,observed,0,44,29,0.14681203100303586,0.8587282602100123,0.9236817465972597,0.572889306618086,0.4194990047845225,0.6801491101491103,,large
context,3,protein_binding,tanimoto_minimol,observed,1,44,29,0.3648958332160799,0.7408936544038205,0.796934229898503,0.48266402454444574,0.45044051872497837,0.6926046176046176,,large
context,3,protein_binding,tanimoto_minimol,observed,2,44,29,0.42151062216295443,0.7071004092025209,0.7605848919332053,0.4446372589004138,0.4559653756865208,0.6957251082251082,,large
context,3,protein_binding,tanimoto_minimol,observed,4,44,29,0.4819802887026007,0.6691238914389319,0.7197358621726441,0.4169027139783132,0.4646349648027765,0.6980744949494949,,large
context,3,protein_binding,tanimoto_minimol,observed,9,44,29,0.556451982551095,0.6191611744040849,0.6659940070668091,0.37208148029825955,0.5351655823632033,0.734330808080808,,large
context,3,protein_binding,tanimoto_minimol_remap,expected,0,44,29,0.14681203100303586,0.8587282602100123,0.9236817465972597,0.572889306618086,0.4194990047845225,0.6801491101491103,,large
context,3,protein_binding,tanimoto_minimol_remap,expected,1,44,29,0.14681203100303586,0.8587282602100123,0.9236817465972597,0.572889306618086,0.4194990047845225,0.6801491101491103,,large
context,3,protein_binding,tanimoto_minimol_remap,expected,2,44,29,0.14681203100303586,0.8587282602100123,0.9236817465972597,0.572889306618086,0.4194990047845225,0.6801491101491103,,large
context,3,protein_binding,tanimoto_minimol_remap,expected,4,44,29,0.14681203100303586,0.8587282602100123,0.9236817465972597,0.572889306618086,0.4194990047845225,0.6801491101491103,,large
context,3,protein_binding,tanimoto_minimol_remap,expected,9,44,29,0.14681203100303586,0.8587282602100123,0.9236817465972597,0.572889306618086,0.4194990047845225,0.6801491101491103,,large
context,3,protein_binding,tanimoto_minimol_remap,observed,0,44,29,0.14681203100303586,0.8587282602100123,0.9236817465972597,0.572889306618086,0.4194990047845225,0.6801491101491103,,large
context,3,protein_binding,tanimoto_minimol_remap,observed,1,44,29,0.3631493152834586,0.741911672972825,0.7980292505394406,0.4838209444161335,0.44555904001061425,0.6902453102453102,,large
context,3,protein_binding,tanimoto_minimol_remap,observed,2,44,29,0.41597615919239317,0.7104748060981214,0.7642145253838132,0.4462245657787945,0.452419692579996,0.6942472342472343,,large
context,3,protein_binding,tanimoto_minimol_remap,observed,4,44,29,0.47517457685747644,0.6735050034400157,0.7244483578161549,0.4172494654013282,0.46673939664528225,0.7005396224146223,,large
context,3,protein_binding,tanimoto_minimol_remap,observed,9,44,29,0.5512919127331919,0.6227523035670941,0.6698567662320117,0.3706451967994477,0.5317750510783422,0.7319994588744588,,large
context,3,protein_binding,tanimoto_morgan,expected,0,44,29,0.14681203100303586,0.8587282602100123,0.9236817465972597,0.572889306618086,0.4194990047845225,0.6801491101491103,,large
context,3,protein_binding,tanimoto_morgan,expected,1,44,29,0.14681203100303586,0.8587282602100123,0.9236817465972597,0.572889306618086,0.4194990047845225,0.6801491101491103,,large
context,3,protein_binding,tanimoto_morgan,expected,2,44,29,0.14681203100303586,0.8587282602100123,0.9236817465972597,0.572889306618086,0.4194990047845225,0.6801491101491103,,large
context,3,protein_binding,tanimoto_morgan,expected,4,44,29,0.14681203100303586,0.8587282602100123,0.9236817465972597,0.572889306618086,0.4194990047845225,0.6801491101491103,,large
context,3,protein_binding,tanimoto_morgan,expected,9,44,29,0.14681203100303586,0.8587282602100123,0.9236817465972597,0.572889306618086,0.4194990047845225,0.6801491101491103,,large
context,3,protein_binding,tanimoto_morgan,observed,0,44,29,0.14681203100303586,0.8587282602100123,0.9236817465972597,0.572889306618086,0.4194990047845225,0.6801491101491103,,large
context,3,protein_binding,tanimoto_morgan,observed,1,44,29,0.35996380260096406,0.7437648711313154,0.8000226230545209,0.48985891699681333,0.44245926856727685,0.6882738095238096,,large
context,3,protein_binding,tanimoto_morgan,observed,2,44,29,0.40999222004655234,0.7141053114208711,0.7681196390885001,0.4560984654797785,0.4579493905427208,0.6963777657527658,,large
context,3,protein_binding,tanimoto_morgan,observed,4,44,29,0.470035561893106,0.6767944027266821,0.7279865645098774,0.4304365017874186,0.4542155110163595,0.6931586700336699,,large
context,3,protein_binding,tanimoto_morgan,observed,9,44,29,0.5225742934817774,0.6423715435415742,0.6909599890863599,0.38963927472345344,0.5177402791988915,0.7246909571909573,,large
context,3,protein_binding,tanimoto_morgan_remap,expected,0,44,29,0.14681203100303586,0.8587282602100123,0.9236817465972597,0.572889306618086,0.4194990047845225,0.6801491101491103,,large
context,3,protein_binding,tanimoto_morgan_remap,expected,1,44,29,0.14681203100303586,0.8587282602100123,0.9236817465972597,0.572889306618086,0.4194990047845225,0.6801491101491103,,large
context,3,protein_binding,tanimoto_morgan_remap,expected,2,44,29,0.14681203100303586,0.8587282602100123,0.9236817465972597,0.572889306618086,0.4194990047845225,0.6801491101491103,,large
context,3,protein_binding,tanimoto_morgan_remap,expected,4,44,29,0.14681203100303586,0.8587282602100123,0.9236817465972597,0.572889306618086,0.4194990047845225,0.6801491101491103,,large
context,3,protein_binding,tanimoto_morgan_remap,expected,9,44,29,0.14681203100303586,0.8587282602100123,0.9236817465972597,0.572889306618086,0.4194990047845225,0.6801491101491103,,large
context,3,protein_binding,tanimoto_morgan_remap,observed,0,44,29,0.14681203100303586,0.8587282602100123,0.9236817465972597,0.572889306618086,0.4194990047845225,0.6801491101491103,,large
context,3,protein_binding,tanimoto_morgan_remap,observed,1,44,29,0.3568097673741223,0.7455952189071333,0.8019914168031212,0.49067378298033654,0.4391829145787852,0.6874582130832132,,large
context,3,protein_binding,tanimoto_morgan_remap,observed,2,44,29,0.40065774571688917,0.7197320503003944,0.7741719797842794,0.45869183885569353,0.445687332770809,0.6924491943241944,,large
context,3,protein_binding,tanimoto_morgan_remap,observed,4,44,29,0.4549552705249753,0.6863560502217351,0.738271447013241,0.43319004019918844,0.45326561464404,0.6946930615680617,,large
context,3,protein_binding,tanimoto_morgan_remap,observed,9,44,29,0.5131299075754141,0.6486940923544179,0.6977607701960507,0.39478640683576954,0.5030386982031536,0.7193028499278499,,large
context,3,macro,current_refit,expected,0,580,392,0.08132937080654257,,0.9584730717101329,,0.2283370229048216,0.5979946683634182,6.0,large
context,3,macro,current_refit,expected,1,580,392,0.08132937080619952,,0.9584730717103117,,0.2283370229048216,0.5979946683634182,6.0,large
context,3,macro,current_refit,expected,2,580,392,0.08132937080619952,,0.9584730717103117,,0.2283370229048216,0.5979946683634182,6.0,large
context,3,macro,current_refit,expected,4,580,392,0.08132937080619952,,0.9584730717103117,,0.2283370229048216,0.5979946683634182,6.0,large
context,3,macro,current_refit,expected,9,580,392,0.08132937080619952,,0.9584730717103117,,0.2283370229048216,0.5979946683634182,6.0,large
context,3,macro,current_refit,observed,0,580,392,0.08132937080654257,,0.9584730717101329,,0.2283370229048216,0.5979946683634182,6.0,large
context,3,macro,current_refit,observed,1,580,392,0.3297065829258025,,0.8187144905729942,,0.25742376047499654,0.6104193003303724,6.0,large
context,3,macro,current_refit,observed,2,580,392,0.41870138389208306,,0.7624294171317872,,0.28642780097545223,0.6215378577557451,6.0,large
context,3,macro,current_refit,observed,4,580,392,0.49779670057713443,,0.7086630365857003,,0.3294226316293189,0.6397882672566662,6.0,large
context,3,macro,current_refit,observed,9,580,392,0.5789411468559588,,0.648890478543214,,0.3979530014946017,0.6689577597276523,6.0,large
context,3,macro,current_remap,expected,0,580,392,0.08132937080654257,,0.9584730717101329,,0.2283370229048216,0.5979946683634182,6.0,large
context,3,macro,current_remap,expected,1,580,392,0.08132937080619952,,0.9584730717103117,,0.2283370229048216,0.5979946683634182,6.0,large
context,3,macro,current_remap,expected,2,580,392,0.08132937080619952,,0.9584730717103117,,0.2283370229048216,0.5979946683634182,6.0,large
context,3,macro,current_remap,expected,4,580,392,0.08132937080619952,,0.9584730717103117,,0.2283370229048216,0.5979946683634182,6.0,large
context,3,macro,current_remap,expected,9,580,392,0.08132937080619952,,0.9584730717103117,,0.2283370229048216,0.5979946683634182,6.0,large
context,3,macro,current_remap,observed,0,580,392,0.08132937080654257,,0.9584730717101329,,0.2283370229048216,0.5979946683634182,6.0,large
context,3,macro,current_remap,observed,1,580,392,0.3295589090917089,,0.8188046720117632,,0.25636077762382137,0.609852744861699,6.0,large
context,3,macro,current_remap,observed,2,580,392,0.41841832933774764,,0.7626150212671217,,0.28404630250283086,0.6207814707431315,6.0,large
context,3,macro,current_remap,observed,4,580,392,0.49797553059205296,,0.7085368511291047,,0.32724107605651825,0.6388716788634506,6.0,large
context,3,macro,current_remap,observed,9,580,392,0.5808085114829962,,0.6474499892014856,,0.4014890327548781,0.6709026293438759,6.0,large
context,3,macro,gp_linear,expected,0,580,392,0.08132937080654257,,0.9584730717101329,,0.2283370229048216,0.5979946683634182,6.0,large
context,3,macro,gp_linear,expected,1,580,392,0.08132937080619952,,0.9584730717103117,,0.2283370229048216,0.5979946683634182,6.0,large
context,3,macro,gp_linear,expected,2,580,392,0.08132937080619952,,0.9584730717103117,,0.2283370229048216,0.5979946683634182,6.0,large
context,3,macro,gp_linear,expected,4,580,392,0.08132937080619952,,0.9584730717103117,,0.2283370229048216,0.5979946683634182,6.0,large
context,3,macro,gp_linear,expected,9,580,392,0.08132937080619952,,0.9584730717103117,,0.2283370229048216,0.5979946683634182,6.0,large
context,3,macro,gp_linear,observed,0,580,392,0.08132937080654257,,0.9584730717101329,,0.2283370229048216,0.5979946683634182,6.0,large
context,3,macro,gp_linear,observed,1,580,392,0.3294071776639836,,0.8188973209969711,,0.2576934761590298,0.6106711761878877,6.0,large
context,3,macro,gp_linear,observed,2,580,392,0.4184313522975606,,0.7626064828615342,,0.28712195580322813,0.6220333108416278,6.0,large
context,3,macro,gp_linear,observed,4,580,392,0.4977082521941731,,0.7087254389436201,,0.3308528321876348,0.640635332199883,6.0,large
context,3,macro,gp_linear,observed,9,580,392,0.5789746763260645,,0.6488646420278543,,0.39923505259761827,0.6695643429902658,6.0,large
context,3,macro,morgan_braun_blanquet,expected,0,580,392,0.08132937080654247,,0.9584730717101329,,0.2283370229048216,0.5979946683634182,6.0,large
context,3,macro,morgan_braun_blanquet,expected,1,580,392,0.08132937080619945,,0.9584730717103118,,0.2283370229048216,0.5979946683634182,6.0,large
context,3,macro,morgan_braun_blanquet,expected,2,580,392,0.08132937080619945,,0.9584730717103118,,0.2283370229048216,0.5979946683634182,6.0,large
context,3,macro,morgan_braun_blanquet,expected,4,580,392,0.08132937080619945,,0.9584730717103118,,0.2283370229048216,0.5979946683634182,6.0,large
context,3,macro,morgan_braun_blanquet,expected,9,580,392,0.08132937080619945,,0.9584730717103118,,0.2283370229048216,0.5979946683634182,6.0,large
context,3,macro,morgan_braun_blanquet,observed,0,580,392,0.08132937080654247,,0.9584730717101329,,0.2283370229048216,0.5979946683634182,6.0,large
context,3,macro,morgan_braun_blanquet,observed,1,580,392,0.3263891418643011,,0.8207379960350921,,0.2534749304750978,0.608295787950647,6.0,large
context,3,macro,morgan_braun_blanquet,observed,2,580,392,0.40666450096864604,,0.7702827396685934,,0.27597675378910697,0.6177415248426955,6.0,large
context,3,macro,morgan_braun_blanquet,observed,4,580,392,0.4845196588390734,,0.7179695962649997,,0.3095552014824202,0.6318235244576259,6.0,large
context,3,macro,morgan_braun_blanquet,observed,9,580,392,0.5637715663152231,,0.6604759145379769,,0.38064773028350124,0.663391379816837,6.0,large
context,3,macro,morgan_cosine,expected,0,580,392,0.08132937080654247,,0.9584730717101329,,0.2283370229048216,0.5979946683634182,6.0,large
context,3,macro,morgan_cosine,expected,1,580,392,0.08132937080619945,,0.9584730717103118,,0.2283370229048216,0.5979946683634182,6.0,large
context,3,macro,morgan_cosine,expected,2,580,392,0.08132937080619945,,0.9584730717103118,,0.2283370229048216,0.5979946683634182,6.0,large
context,3,macro,morgan_cosine,expected,4,580,392,0.08132937080619945,,0.9584730717103118,,0.2283370229048216,0.5979946683634182,6.0,large
context,3,macro,morgan_cosine,expected,9,580,392,0.08132937080619945,,0.9584730717103118,,0.2283370229048216,0.5979946683634182,6.0,large
context,3,macro,morgan_cosine,observed,0,580,392,0.08132937080654247,,0.9584730717101329,,0.2283370229048216,0.5979946683634182,6.0,large
context,3,macro,morgan_cosine,observed,1,580,392,0.3263296122137615,,0.8207742611621289,,0.25237138212648585,0.6080338137739342,6.0,large
context,3,macro,morgan_cosine,observed,2,580,392,0.4061447989705076,,0.7706200107896838,,0.27535503757353186,0.6170911339081201,6.0,large
context,3,macro,morgan_cosine,observed,4,580,392,0.4841661897146039,,0.7182157129201477,,0.3094947089366851,0.6316619895152974,6.0,large
context,3,macro,morgan_cosine,observed,9,580,392,0.5632587295836635,,0.660864033229481,,0.3810610763512452,0.6632766501828509,6.0,large
context,3,macro,morgan_dice,expected,0,580,392,0.08132937080654247,,0.9584730717101329,,0.2283370229048216,0.5979946683634182,6.0,large
context,3,macro,morgan_dice,expected,1,580,392,0.08132937080619945,,0.9584730717103118,,0.2283370229048216,0.5979946683634182,6.0,large
context,3,macro,morgan_dice,expected,2,580,392,0.08132937080619945,,0.9584730717103118,,0.2283370229048216,0.5979946683634182,6.0,large
context,3,macro,morgan_dice,expected,4,580,392,0.08132937080619945,,0.9584730717103118,,0.2283370229048216,0.5979946683634182,6.0,large
context,3,macro,morgan_dice,expected,9,580,392,0.08132937080619945,,0.9584730717103118,,0.2283370229048216,0.5979946683634182,6.0,large
context,3,macro,morgan_dice,observed,0,580,392,0.08132937080654247,,0.9584730717101329,,0.2283370229048216,0.5979946683634182,6.0,large
context,3,macro,morgan_dice,observed,1,580,392,0.3264305807605379,,0.8207127507474599,,0.25277507201402905,0.6081261767120296,6.0,large
context,3,macro,morgan_dice,observed,2,580,392,0.40642048371780826,,0.7704411179851395,,0.2760305801330467,0.6173803844513444,6.0,large
context,3,macro,morgan_dice,observed,4,580,392,0.4844693176327579,,0.7180046534440024,,0.31005899040008034,0.6319642425712372,6.0,large
context,3,macro,morgan_dice,observed,9,580,392,0.5636160205665476,,0.6605936568219926,,0.3814066813552533,0.663365954854536,6.0,large
context,3,macro,morgan_hamming,expected,0,580,392,0.08132937080654247,,0.9584730717101329,,0.2283370229048216,0.5979946683634182,6.0,large
context,3,macro,morgan_hamming,expected,1,580,392,0.08132937080619945,,0.9584730717103118,,0.2283370229048216,0.5979946683634182,6.0,large
context,3,macro,morgan_hamming,expected,2,580,392,0.08132937080619945,,0.9584730717103118,,0.2283370229048216,0.5979946683634182,6.0,large
context,3,macro,morgan_hamming,expected,4,580,392,0.08132937080619945,,0.9584730717103118,,0.2283370229048216,0.5979946683634182,6.0,large
context,3,macro,morgan_hamming,expected,9,580,392,0.08132937080619945,,0.9584730717103118,,0.2283370229048216,0.5979946683634182,6.0,large
context,3,macro,morgan_hamming,observed,0,580,392,0.08132937080654247,,0.9584730717101329,,0.2283370229048216,0.5979946683634182,6.0,large
context,3,macro,morgan_hamming,observed,1,580,392,0.3267663506754717,,0.820508165300339,,0.25391994409440566,0.6088733222924827,6.0,large
context,3,macro,morgan_hamming,observed,2,580,392,0.4059003137591448,,0.7707786233678613,,0.2761329475135585,0.6180790881871859,6.0,large
context,3,macro,morgan_hamming,observed,4,580,392,0.48361572281854653,,0.718598829098304,,0.30859865355635074,0.6313801452120323,6.0,large
context,3,macro,morgan_hamming,observed,9,580,392,0.5636028453825251,,0.660603628976919,,0.3810702343903458,0.6628916581369494,6.0,large
context,3,macro,morgan_pearson,expected,0,580,392,0.08132937080654247,,0.9584730717101329,,0.2283370229048216,0.5979946683634182,6.0,large
context,3,macro,morgan_pearson,expected,1,580,392,0.08132937080619945,,0.9584730717103118,,0.2283370229048216,0.5979946683634182,6.0,large
context,3,macro,morgan_pearson,expected,2,580,392,0.08132937080619945,,0.9584730717103118,,0.2283370229048216,0.5979946683634182,6.0,large
context,3,macro,morgan_pearson,expected,4,580,392,0.08132937080619945,,0.9584730717103118,,0.2283370229048216,0.5979946683634182,6.0,large
context,3,macro,morgan_pearson,expected,9,580,392,0.08132937080619945,,0.9584730717103118,,0.2283370229048216,0.5979946683634182,6.0,large
context,3,macro,morgan_pearson,observed,0,580,392,0.08132937080654247,,0.9584730717101329,,0.2283370229048216,0.5979946683634182,6.0,large
context,3,macro,morgan_pearson,observed,1,580,392,0.3263361589365981,,0.8207702730139548,,0.25225999787861625,0.6079693238330715,6.0,large
context,3,macro,morgan_pearson,observed,2,580,392,0.40603682916126976,,0.7706900614635758,,0.2754977008585391,0.6171359859581683,6.0,large
context,3,macro,morgan_pearson,observed,4,580,392,0.48404469457785376,,0.7183002891703067,,0.31046130356815865,0.6320164689277986,6.0,large
context,3,macro,morgan_pearson,observed,9,580,392,0.5632816748189856,,0.6608466729741586,,0.38162763511114833,0.6635660205566076,6.0,large
context,3,macro,morgan_selected,expected,0,580,392,0.08132937080654247,,0.9584730717101329,,0.2283370229048216,0.5979946683634182,6.0,large
context,3,macro,morgan_selected,expected,1,580,392,0.08132937080619945,,0.9584730717103118,,0.2283370229048216,0.5979946683634182,6.0,large
context,3,macro,morgan_selected,expected,2,580,392,0.08132937080619945,,0.9584730717103118,,0.2283370229048216,0.5979946683634182,6.0,large
context,3,macro,morgan_selected,expected,4,580,392,0.08132937080619945,,0.9584730717103118,,0.2283370229048216,0.5979946683634182,6.0,large
context,3,macro,morgan_selected,expected,9,580,392,0.08132937080619945,,0.9584730717103118,,0.2283370229048216,0.5979946683634182,6.0,large
context,3,macro,morgan_selected,observed,0,580,392,0.08132937080654247,,0.9584730717101329,,0.2283370229048216,0.5979946683634182,6.0,large
context,3,macro,morgan_selected,observed,1,580,392,0.32787769916701,,0.8198306537529504,,0.25188871321656203,0.6079097566115247,6.0,large
context,3,macro,morgan_selected,observed,2,580,392,0.40644290118105086,,0.7704265693879911,,0.27631945355515836,0.6175879897290164,6.0,large
context,3,macro,morgan_selected,observed,4,580,392,0.48351923310490824,,0.7186659633620418,,0.3070812722264162,0.6304706609259146,6.0,large
context,3,macro,morgan_selected,observed,9,580,392,0.5620384021857538,,0.6617866709251903,,0.38272693370714367,0.6639315212587468,6.0,large
context,3,macro,morgan_sokal,expected,0,580,392,0.08132937080654247,,0.9584730717101329,,0.2283370229048216,0.5979946683634182,6.0,large
context,3,macro,morgan_sokal,expected,1,580,392,0.08132937080619945,,0.9584730717103118,,0.2283370229048216,0.5979946683634182,6.0,large
context,3,macro,morgan_sokal,expected,2,580,392,0.08132937080619945,,0.9584730717103118,,0.2283370229048216,0.5979946683634182,6.0,large
context,3,macro,morgan_sokal,expected,4,580,392,0.08132937080619945,,0.9584730717103118,,0.2283370229048216,0.5979946683634182,6.0,large
context,3,macro,morgan_sokal,expected,9,580,392,0.08132937080619945,,0.9584730717103118,,0.2283370229048216,0.5979946683634182,6.0,large
context,3,macro,morgan_sokal,observed,0,580,392,0.08132937080654247,,0.9584730717101329,,0.2283370229048216,0.5979946683634182,6.0,large
context,3,macro,morgan_sokal,observed,1,580,392,0.32568995077635193,,0.821163838234276,,0.2492821903474308,0.6065444956136954,6.0,large
context,3,macro,morgan_sokal,observed,2,580,392,0.40407893946428314,,0.7719592350219776,,0.27058266987159685,0.6151629396381203,6.0,large
context,3,macro,morgan_sokal,observed,4,580,392,0.4805115577535532,,0.7207554663312981,,0.29906523625931136,0.6275462132467217,6.0,large
context,3,macro,morgan_sokal,observed,9,580,392,0.5567943159591198,,0.6657369480815079,,0.37070365439035147,0.6584383299080845,6.0,large
context,3,macro,morgan_tanimoto,expected,0,580,392,0.08132937080654247,,0.9584730717101329,,0.2283370229048216,0.5979946683634182,6.0,large
context,3,macro,morgan_tanimoto,expected,1,580,392,0.08132937080619945,,0.9584730717103118,,0.2283370229048216,0.5979946683634182,6.0,large
context,3,macro,morgan_tanimoto,expected,2,580,392,0.08132937080619945,,0.9584730717103118,,0.2283370229048216,0.5979946683634182,6.0,large
context,3,macro,morgan_tanimoto,expected,4,580,392,0.08132937080619945,,0.9584730717103118,,0.2283370229048216,0.5979946683634182,6.0,large
context,3,macro,morgan_tanimoto,expected,9,580,392,0.08132937080619945,,0.9584730717103118,,0.2283370229048216,0.5979946683634182,6.0,large
context,3,macro,morgan_tanimoto,observed,0,580,392,0.08132937080654247,,0.9584730717101329,,0.2283370229048216,0.5979946683634182,6.0,large
context,3,macro,morgan_tanimoto,observed,1,580,392,0.32649336244530275,,0.8206745015867724,,0.25134597535643965,0.6074748468568166,6.0,large
context,3,macro,morgan_tanimoto,observed,2,580,392,0.4058790773277348,,0.7707923992050422,,0.2752642738258915,0.6172964107954516,6.0,large
context,3,macro,morgan_tanimoto,observed,4,580,392,0.48348747150540655,,0.7186880606317273,,0.3061097559453694,0.6301922580080022,6.0,large
context,3,macro,morgan_tanimoto,observed,9,580,392,0.561216279280453,,0.662407518616408,,0.3784277126175299,0.6617840958259323,6.0,large
context,3,macro,previous_delta_anchor,observed,0,580,392,-0.03307360096178513,,1.016402283036488,,0.21667033372591052,0.5918251312370846,6.0,large
context,3,macro,previous_delta_anchor,observed,1,580,392,0.22157201580404395,,0.8822856590673771,,0.21620633300232925,0.5917883751213285,6.0,large
context,3,macro,previous_delta_anchor,observed,2,580,392,0.299655468704211,,0.8368658980361124,,0.21866618974995244,0.5931637867114491,6.0,large
context,3,macro,previous_delta_anchor,observed,4,580,392,0.36560884983891756,,0.7964867545421471,,0.2189275159563676,0.5930749478420693,6.0,large
context,3,macro,previous_delta_anchor,observed,9,580,392,0.41622934306392523,,0.7640488576891368,,0.22080102726164216,0.5940497896406146,6.0,large
context,3,macro,tanimoto_minimol,expected,0,580,392,0.08132937080654257,,0.9584730717101329,,0.2283370229048216,0.5979946683634182,6.0,large
context,3,macro,tanimoto_minimol,expected,1,580,392,0.08132937080619952,,0.9584730717103117,,0.2283370229048216,0.5979946683634182,6.0,large
context,3,macro,tanimoto_minimol,expected,2,580,392,0.08132937080619952,,0.9584730717103117,,0.2283370229048216,0.5979946683634182,6.0,large
context,3,macro,tanimoto_minimol,expected,4,580,392,0.08132937080619952,,0.9584730717103117,,0.2283370229048216,0.5979946683634182,6.0,large
context,3,macro,tanimoto_minimol,expected,9,580,392,0.08132937080619952,,0.9584730717103117,,0.2283370229048216,0.5979946683634182,6.0,large
context,3,macro,tanimoto_minimol,observed,0,580,392,0.08132937080654257,,0.9584730717101329,,0.2283370229048216,0.5979946683634182,6.0,large
context,3,macro,tanimoto_minimol,observed,1,580,392,0.32913620384142495,,0.8190627547133217,,0.25721586270241925,0.6104779880085475,6.0,large
context,3,macro,tanimoto_minimol,observed,2,580,392,0.4180614293307256,,0.7628489828722815,,0.28636732658746894,0.622569960217712,6.0,large
context,3,macro,tanimoto_minimol,observed,4,580,392,0.4976063686327767,,0.708797313318288,,0.32603047054040657,0.6381310925178644,6.0,large
context,3,macro,tanimoto_minimol,observed,9,580,392,0.5808786265549567,,0.647395839842243,,0.3981637100170888,0.6695670483890833,6.0,large
context,3,macro,tanimoto_minimol_remap,expected,0,580,392,0.08132937080654257,,0.9584730717101329,,0.2283370229048216,0.5979946683634182,6.0,large
context,3,macro,tanimoto_minimol_remap,expected,1,580,392,0.08132937080619952,,0.9584730717103117,,0.2283370229048216,0.5979946683634182,6.0,large
context,3,macro,tanimoto_minimol_remap,expected,2,580,392,0.08132937080619952,,0.9584730717103117,,0.2283370229048216,0.5979946683634182,6.0,large
context,3,macro,tanimoto_minimol_remap,expected,4,580,392,0.08132937080619952,,0.9584730717103117,,0.2283370229048216,0.5979946683634182,6.0,large
context,3,macro,tanimoto_minimol_remap,expected,9,580,392,0.08132937080619952,,0.9584730717103117,,0.2283370229048216,0.5979946683634182,6.0,large
context,3,macro,tanimoto_minimol_remap,observed,0,580,392,0.08132937080654257,,0.9584730717101329,,0.2283370229048216,0.5979946683634182,6.0,large
context,3,macro,tanimoto_minimol_remap,observed,1,580,392,0.3294865824761866,,0.8188488367970083,,0.2566364615895296,0.6096868664537013,6.0,large
context,3,macro,tanimoto_minimol_remap,observed,2,580,392,0.4170155727556805,,0.7635341690090363,,0.28668246121213664,0.6219443231529393,6.0,large
context,3,macro,tanimoto_minimol_remap,observed,4,580,392,0.49532964758984505,,0.7104015430797957,,0.3247902079655803,0.6381246011474803,6.0,large
context,3,macro,tanimoto_minimol_remap,observed,9,580,392,0.5797260770256435,,0.6482853715566599,,0.40016662693778166,0.6701838123856234,6.0,large
context,3,macro,tanimoto_morgan,expected,0,580,392,0.08132937080654257,,0.9584730717101329,,0.2283370229048216,0.5979946683634182,6.0,large
context,3,macro,tanimoto_morgan,expected,1,580,392,0.08132937080619952,,0.9584730717103117,,0.2283370229048216,0.5979946683634182,6.0,large
context,3,macro,tanimoto_morgan,expected,2,580,392,0.08132937080619952,,0.9584730717103117,,0.2283370229048216,0.5979946683634182,6.0,large
context,3,macro,tanimoto_morgan,expected,4,580,392,0.08132937080619952,,0.9584730717103117,,0.2283370229048216,0.5979946683634182,6.0,large
context,3,macro,tanimoto_morgan,expected,9,580,392,0.08132937080619952,,0.9584730717103117,,0.2283370229048216,0.5979946683634182,6.0,large
context,3,macro,tanimoto_morgan,observed,0,580,392,0.08132937080654257,,0.9584730717101329,,0.2283370229048216,0.5979946683634182,6.0,large
context,3,macro,tanimoto_morgan,observed,1,580,392,0.32603629290671027,,0.8209529262346835,,0.25166532998766317,0.6078463070990475,6.0,large
context,3,macro,tanimoto_morgan,observed,2,580,392,0.40602413346581506,,0.7706982979961646,,0.27678623450006595,0.6180368400187077,6.0,large
context,3,macro,tanimoto_morgan,observed,4,580,392,0.48453774727050364,,0.7179569992203547,,0.31000307786162046,0.6321059711791973,6.0,large
context,3,macro,tanimoto_morgan,observed,9,580,392,0.5641690070156867,,0.6601749714918866,,0.3823600908843629,0.6634467827870908,6.0,large
context,3,macro,tanimoto_morgan_remap,expected,0,580,392,0.08132937080654257,,0.9584730717101329,,0.2283370229048216,0.5979946683634182,6.0,large
context,3,macro,tanimoto_morgan_remap,expected,1,580,392,0.08132937080619952,,0.9584730717103117,,0.2283370229048216,0.5979946683634182,6.0,large
context,3,macro,tanimoto_morgan_remap,expected,2,580,392,0.08132937080619952,,0.9584730717103117,,0.2283370229048216,0.5979946683634182,6.0,large
context,3,macro,tanimoto_morgan_remap,expected,4,580,392,0.08132937080619952,,0.9584730717103117,,0.2283370229048216,0.5979946683634182,6.0,large
context,3,macro,tanimoto_morgan_remap,expected,9,580,392,0.08132937080619952,,0.9584730717103117,,0.2283370229048216,0.5979946683634182,6.0,large
context,3,macro,tanimoto_morgan_remap,observed,0,580,392,0.08132937080654257,,0.9584730717101329,,0.2283370229048216,0.5979946683634182,6.0,large
context,3,macro,tanimoto_morgan_remap,observed,1,580,392,0.32562395118165677,,0.8212040238688211,,0.24885642889483792,0.6065276393467743,6.0,large
context,3,macro,tanimoto_morgan_remap,observed,2,580,392,0.40356181677463593,,0.7722941040985384,,0.2692643994296808,0.6148595369938611,6.0,large
context,3,macro,tanimoto_morgan_remap,observed,4,580,392,0.4794441529664477,,0.7214955627261697,,0.2971096631156191,0.6268259391680783,6.0,large
context,3,macro,tanimoto_morgan_remap,observed,9,580,392,0.555225369622216,,0.6669142601397754,,0.3659201680735673,0.6567374449985526,6.0,large
context,3,cellular_clearance,current_refit,expected,0,107,62,0.08604131269699511,0.6184344117059142,0.9560118656706124,0.4553833413358912,0.18882151057624347,0.5851476866274373,,medium
context,3,cellular_clearance,current_refit,expected,1,107,62,0.08604131269699511,0.6184344117059142,0.9560118656706124,0.4553833413358912,0.18882151057624347,0.5851476866274373,,medium
context,3,cellular_clearance,current_refit,expected,2,107,62,0.08604131269699511,0.6184344117059142,0.9560118656706124,0.4553833413358912,0.18882151057624347,0.5851476866274373,,medium
context,3,cellular_clearance,current_refit,expected,4,107,62,0.08604131269699511,0.6184344117059142,0.9560118656706124,0.4553833413358912,0.18882151057624347,0.5851476866274373,,medium
context,3,cellular_clearance,current_refit,observed,0,107,62,0.08604131269699511,0.6184344117059142,0.9560118656706124,0.4553833413358912,0.18882151057624347,0.5851476866274373,,medium
context,3,cellular_clearance,current_refit,observed,1,107,62,0.3584105530704468,0.518154137630494,0.8009927883130742,0.3816012750255849,0.20385527784732702,0.5923834660205377,,medium
context,3,cellular_clearance,current_refit,observed,2,107,62,0.4520376649445593,0.4788568654688259,0.7402447804986136,0.35482039091793494,0.23113700748229762,0.6047415071947781,,medium
context,3,cellular_clearance,current_refit,observed,4,107,62,0.5571344201689669,0.43049323223736985,0.6654814646787941,0.31695364864397096,0.26775391454863356,0.6259492079974944,,medium
context,3,cellular_clearance,current_remap,expected,0,107,62,0.08604131269699511,0.6184344117059142,0.9560118656706124,0.4553833413358912,0.18882151057624347,0.5851476866274373,,medium
context,3,cellular_clearance,current_remap,expected,1,107,62,0.08604131269699511,0.6184344117059142,0.9560118656706124,0.4553833413358912,0.18882151057624347,0.5851476866274373,,medium
context,3,cellular_clearance,current_remap,expected,2,107,62,0.08604131269699511,0.6184344117059142,0.9560118656706124,0.4553833413358912,0.18882151057624347,0.5851476866274373,,medium
context,3,cellular_clearance,current_remap,expected,4,107,62,0.08604131269699511,0.6184344117059142,0.9560118656706124,0.4553833413358912,0.18882151057624347,0.5851476866274373,,medium
context,3,cellular_clearance,current_remap,observed,0,107,62,0.08604131269699511,0.6184344117059142,0.9560118656706124,0.4553833413358912,0.18882151057624347,0.5851476866274373,,medium
context,3,cellular_clearance,current_remap,observed,1,107,62,0.35998275604836394,0.5175188846960177,0.8000107773971774,0.3813055754887054,0.204494705892026,0.5930324795200185,,medium
context,3,cellular_clearance,current_remap,observed,2,107,62,0.45352596741370543,0.4782061196125724,0.7392388197235684,0.35452716323873573,0.22693761294869816,0.6029300384051163,,medium
context,3,cellular_clearance,current_remap,observed,4,107,62,0.5583994639678487,0.42987794141102414,0.6645303123501225,0.31725625201211943,0.2634638349514864,0.6237396775948176,,medium
context,3,cellular_clearance,gp_linear,expected,0,107,62,0.08604131269699511,0.6184344117059142,0.9560118656706124,0.4553833413358912,0.18882151057624347,0.5851476866274373,,medium
context,3,cellular_clearance,gp_linear,expected,1,107,62,0.08604131269699511,0.6184344117059142,0.9560118656706124,0.4553833413358912,0.18882151057624347,0.5851476866274373,,medium
context,3,cellular_clearance,gp_linear,expected,2,107,62,0.08604131269699511,0.6184344117059142,0.9560118656706124,0.4553833413358912,0.18882151057624347,0.5851476866274373,,medium
context,3,cellular_clearance,gp_linear,expected,4,107,62,0.08604131269699511,0.6184344117059142,0.9560118656706124,0.4553833413358912,0.18882151057624347,0.5851476866274373,,medium
context,3,cellular_clearance,gp_linear,observed,0,107,62,0.08604131269699511,0.6184344117059142,0.9560118656706124,0.4553833413358912,0.18882151057624347,0.5851476866274373,,medium
context,3,cellular_clearance,gp_linear,observed,1,107,62,0.3581817478364798,0.5182465221071831,0.8011356016078178,0.3816027205347013,0.20293833838534134,0.5918123341409945,,medium
context,3,cellular_clearance,gp_linear,observed,2,107,62,0.4518197302229263,0.4789520811037677,0.7403919703623707,0.35480179357801545,0.2303609871072869,0.6041444147752558,,medium
context,3,cellular_clearance,gp_linear,observed,4,107,62,0.5569374226917525,0.4305889685687884,0.6656294594654353,0.31685388240014306,0.2686223277458686,0.6262722724950137,,medium
context,3,cellular_clearance,morgan_braun_blanquet,expected,0,107,62,0.08604131269699511,0.6184344117059142,0.9560118656706124,0.4553833413358912,0.18882151057624347,0.5851476866274373,,medium
context,3,cellular_clearance,morgan_braun_blanquet,expected,1,107,62,0.08604131269699511,0.6184344117059142,0.9560118656706124,0.4553833413358912,0.18882151057624347,0.5851476866274373,,medium
context,3,cellular_clearance,morgan_braun_blanquet,expected,2,107,62,0.08604131269699511,0.6184344117059142,0.9560118656706124,0.4553833413358912,0.18882151057624347,0.5851476866274373,,medium
context,3,cellular_clearance,morgan_braun_blanquet,expected,4,107,62,0.08604131269699511,0.6184344117059142,0.9560118656706124,0.4553833413358912,0.18882151057624347,0.5851476866274373,,medium
context,3,cellular_clearance,morgan_braun_blanquet,observed,0,107,62,0.08604131269699511,0.6184344117059142,0.9560118656706124,0.4553833413358912,0.18882151057624347,0.5851476866274373,,medium
context,3,cellular_clearance,morgan_braun_blanquet,observed,1,107,62,0.35572981128443026,0.5192355063552316,0.8026644309520446,0.3814424650021661,0.21829583776118905,0.598334198684666,,medium
context,3,cellular_clearance,morgan_braun_blanquet,observed,2,107,62,0.43974071021939276,0.4842001255631966,0.7485047025774836,0.3564426620994989,0.2274990598085386,0.604207873872983,,medium
context,3,cellular_clearance,morgan_braun_blanquet,observed,4,107,62,0.5325385835285746,0.4422860583878825,0.6837115009062121,0.32553629457260425,0.2762677129747064,0.627666518320724,,medium
context,3,cellular_clearance,morgan_cosine,expected,0,107,62,0.08604131269699511,0.6184344117059142,0.9560118656706124,0.4553833413358912,0.18882151057624347,0.5851476866274373,,medium
context,3,cellular_clearance,morgan_cosine,expected,1,107,62,0.08604131269699511,0.6184344117059142,0.9560118656706124,0.4553833413358912,0.18882151057624347,0.5851476866274373,,medium
context,3,cellular_clearance,morgan_cosine,expected,2,107,62,0.08604131269699511,0.6184344117059142,0.9560118656706124,0.4553833413358912,0.18882151057624347,0.5851476866274373,,medium
context,3,cellular_clearance,morgan_cosine,expected,4,107,62,0.08604131269699511,0.6184344117059142,0.9560118656706124,0.4553833413358912,0.18882151057624347,0.5851476866274373,,medium
context,3,cellular_clearance,morgan_cosine,observed,0,107,62,0.08604131269699511,0.6184344117059142,0.9560118656706124,0.4553833413358912,0.18882151057624347,0.5851476866274373,,medium
context,3,cellular_clearance,morgan_cosine,observed,1,107,62,0.3528021378686471,0.5204139164154925,0.8044860857288664,0.3823736081566537,0.21252813890968084,0.5951266297450098,,medium
context,3,cellular_clearance,morgan_cosine,observed,2,107,62,0.43696668813224715,0.4853973598978838,0.7503554570120436,0.35798272575088025,0.2339638150968654,0.6079855445120241,,medium
context,3,cellular_clearance,morgan_cosine,observed,4,107,62,0.5270489278419005,0.44487548214894024,0.6877143826895723,0.32906595218762097,0.27618244710838963,0.6270276005867906,,medium
context,3,cellular_clearance,morgan_dice,expected,0,107,62,0.08604131269699511,0.6184344117059142,0.9560118656706124,0.4553833413358912,0.18882151057624347,0.5851476866274373,,medium
context,3,cellular_clearance,morgan_dice,expected,1,107,62,0.08604131269699511,0.6184344117059142,0.9560118656706124,0.4553833413358912,0.18882151057624347,0.5851476866274373,,medium
context,3,cellular_clearance,morgan_dice,expected,2,107,62,0.08604131269699511,0.6184344117059142,0.9560118656706124,0.4553833413358912,0.18882151057624347,0.5851476866274373,,medium
context,3,cellular_clearance,morgan_dice,expected,4,107,62,0.08604131269699511,0.6184344117059142,0.9560118656706124,0.4553833413358912,0.18882151057624347,0.5851476866274373,,medium
context,3,cellular_clearance,morgan_dice,observed,0,107,62,0.08604131269699511,0.6184344117059142,0.9560118656706124,0.4553833413358912,0.18882151057624347,0.5851476866274373,,medium
context,3,cellular_clearance,morgan_dice,observed,1,107,62,0.35345604372203054,0.5201509460576625,0.8040795708622185,0.3822603779821589,0.21470882426793628,0.5960612091842622,,medium
context,3,cellular_clearance,morgan_dice,observed,2,107,62,0.4376756093524342,0.48509167916167567,0.7498829179595744,0.35780644826140967,0.23396381509686542,0.6077778601921904,,medium
context,3,cellular_clearance,morgan_dice,observed,4,107,62,0.5277695407389053,0.4445364352197332,0.6871902642362556,0.3286845771135577,0.2756734207544284,0.6269756795068321,,medium
context,3,cellular_clearance,morgan_hamming,expected,0,107,62,0.08604131269699511,0.6184344117059142,0.9560118656706124,0.4553833413358912,0.18882151057624347,0.5851476866274373,,medium
context,3,cellular_clearance,morgan_hamming,expected,1,107,62,0.08604131269699511,0.6184344117059142,0.9560118656706124,0.4553833413358912,0.18882151057624347,0.5851476866274373,,medium
context,3,cellular_clearance,morgan_hamming,expected,2,107,62,0.08604131269699511,0.6184344117059142,0.9560118656706124,0.4553833413358912,0.18882151057624347,0.5851476866274373,,medium
context,3,cellular_clearance,morgan_hamming,expected,4,107,62,0.08604131269699511,0.6184344117059142,0.9560118656706124,0.4553833413358912,0.18882151057624347,0.5851476866274373,,medium
context,3,cellular_clearance,morgan_hamming,observed,0,107,62,0.08604131269699511,0.6184344117059142,0.9560118656706124,0.4553833413358912,0.18882151057624347,0.5851476866274373,,medium
context,3,cellular_clearance,morgan_hamming,observed,1,107,62,0.3587107039612679,0.5180329210016167,0.8008054046013501,0.3814667448582109,0.21476280836064723,0.596459270797277,,medium
context,3,cellular_clearance,morgan_hamming,observed,2,107,62,0.441063775907082,0.4836280625506251,0.7476203743163491,0.35759126518683704,0.22901240786023502,0.6052015856532991,,medium
context,3,cellular_clearance,morgan_hamming,observed,4,107,62,0.5305066466680679,0.44324626903565234,0.6851958503464043,0.32896410948201854,0.2714999421538841,0.6265718488849331,,medium
context,3,cellular_clearance,morgan_pearson,expected,0,107,62,0.08604131269699511,0.6184344117059142,0.9560118656706124,0.4553833413358912,0.18882151057624347,0.5851476866274373,,medium
context,3,cellular_clearance,morgan_pearson,expected,1,107,62,0.08604131269699511,0.6184344117059142,0.9560118656706124,0.4553833413358912,0.18882151057624347,0.5851476866274373,,medium
context,3,cellular_clearance,morgan_pearson,expected,2,107,62,0.08604131269699511,0.6184344117059142,0.9560118656706124,0.4553833413358912,0.18882151057624347,0.5851476866274373,,medium
context,3,cellular_clearance,morgan_pearson,expected,4,107,62,0.08604131269699511,0.6184344117059142,0.9560118656706124,0.4553833413358912,0.18882151057624347,0.5851476866274373,,medium
context,3,cellular_clearance,morgan_pearson,observed,0,107,62,0.08604131269699511,0.6184344117059142,0.9560118656706124,0.4553833413358912,0.18882151057624347,0.5851476866274373,,medium
context,3,cellular_clearance,morgan_pearson,observed,1,107,62,0.35279303645670357,0.5204175756401744,0.804491742371105,0.38236513797541954,0.21268390214955624,0.5952304719049267,,medium
context,3,cellular_clearance,morgan_pearson,observed,2,107,62,0.4369970444159652,0.4853842744744483,0.7503352288037892,0.35795785763007354,0.23320230592414132,0.607581713890125,,medium
context,3,cellular_clearance,morgan_pearson,observed,4,107,62,0.5271005285767512,0.4448512126955811,0.6876768655576897,0.3290244025000248,0.27573246441541627,0.6269352964446422,,medium
context,3,cellular_clearance,morgan_selected,expected,0,107,62,0.08604131269699511,0.6184344117059142,0.9560118656706124,0.4553833413358912,0.18882151057624347,0.5851476866274373,,medium
context,3,cellular_clearance,morgan_selected,expected,1,107,62,0.08604131269699511,0.6184344117059142,0.9560118656706124,0.4553833413358912,0.18882151057624347,0.5851476866274373,,medium
context,3,cellular_clearance,morgan_selected,expected,2,107,62,0.08604131269699511,0.6184344117059142,0.9560118656706124,0.4553833413358912,0.18882151057624347,0.5851476866274373,,medium
context,3,cellular_clearance,morgan_selected,expected,4,107,62,0.08604131269699511,0.6184344117059142,0.9560118656706124,0.4553833413358912,0.18882151057624347,0.5851476866274373,,medium
context,3,cellular_clearance,morgan_selected,observed,0,107,62,0.08604131269699511,0.6184344117059142,0.9560118656706124,0.4553833413358912,0.18882151057624347,0.5851476866274373,,medium
context,3,cellular_clearance,morgan_selected,observed,1,107,62,0.3531214683478956,0.5202855132337796,0.8042875926259863,0.3822363206731248,0.2155599304385185,0.5963727356640129,,medium
context,3,cellular_clearance,morgan_selected,observed,2,107,62,0.43713711546550593,0.48532389067596565,0.750241884017744,0.357627775453155,0.23409206478976208,0.6080630140598987,,medium
context,3,cellular_clearance,morgan_selected,observed,4,107,62,0.5279089727175357,0.4444708028897119,0.68708880596504,0.3284460732407884,0.27654680430609224,0.6278179548039361,,medium
context,3,cellular_clearance,morgan_sokal,expected,0,107,62,0.08604131269699511,0.6184344117059142,0.9560118656706124,0.4553833413358912,0.18882151057624347,0.5851476866274373,,medium
context,3,cellular_clearance,morgan_sokal,expected,1,107,62,0.08604131269699511,0.6184344117059142,0.9560118656706124,0.4553833413358912,0.18882151057624347,0.5851476866274373,,medium
context,3,cellular_clearance,morgan_sokal,expected,2,107,62,0.08604131269699511,0.6184344117059142,0.9560118656706124,0.4553833413358912,0.18882151057624347,0.5851476866274373,,medium
context,3,cellular_clearance,morgan_sokal,expected,4,107,62,0.08604131269699511,0.6184344117059142,0.9560118656706124,0.4553833413358912,0.18882151057624347,0.5851476866274373,,medium
context,3,cellular_clearance,morgan_sokal,observed,0,107,62,0.08604131269699511,0.6184344117059142,0.9560118656706124,0.4553833413358912,0.18882151057624347,0.5851476866274373,,medium
context,3,cellular_clearance,morgan_sokal,observed,1,107,62,0.35719462864796436,0.518644901660992,0.8017514398814858,0.38242809047956927,0.20442214827927646,0.5920575170185761,,medium
context,3,cellular_clearance,morgan_sokal,observed,2,107,62,0.43870644892954624,0.4846468459917842,0.7491952689856322,0.3590724208837691,0.21891239909875904,0.6012199393429923,,medium
context,3,cellular_clearance,morgan_sokal,observed,4,107,62,0.5310842087511868,0.44297354843435205,0.6847742629865795,0.32943296854918924,0.2753057579553661,0.6278121857950518,,medium
context,3,cellular_clearance,morgan_tanimoto,expected,0,107,62,0.08604131269699511,0.6184344117059142,0.9560118656706124,0.4553833413358912,0.18882151057624347,0.5851476866274373,,medium
context,3,cellular_clearance,morgan_tanimoto,expected,1,107,62,0.08604131269699511,0.6184344117059142,0.9560118656706124,0.4553833413358912,0.18882151057624347,0.5851476866274373,,medium
context,3,cellular_clearance,morgan_tanimoto,expected,2,107,62,0.08604131269699511,0.6184344117059142,0.9560118656706124,0.4553833413358912,0.18882151057624347,0.5851476866274373,,medium
context,3,cellular_clearance,morgan_tanimoto,expected,4,107,62,0.08604131269699511,0.6184344117059142,0.9560118656706124,0.4553833413358912,0.18882151057624347,0.5851476866274373,,medium
context,3,cellular_clearance,morgan_tanimoto,observed,0,107,62,0.08604131269699511,0.6184344117059142,0.9560118656706124,0.4553833413358912,0.18882151057624347,0.5851476866274373,,medium
context,3,cellular_clearance,morgan_tanimoto,observed,1,107,62,0.3555770386327838,0.5192970645994239,0.802759591264543,0.3820022682705186,0.2090138136473167,0.5927786431291104,,medium
context,3,cellular_clearance,morgan_tanimoto,observed,2,107,62,0.4381877979150939,0.48487070794257275,0.749541327803148,0.3579175346188585,0.23306848711473369,0.6064682951754603,,medium
context,3,cellular_clearance,morgan_tanimoto,observed,4,107,62,0.5300983410027196,0.44343896679192973,0.685493733740346,0.3280347895609145,0.28005038959511797,0.6292478448631096,,medium
context,3,cellular_clearance,previous_delta_anchor,observed,0,107,62,-0.09768743807960756,0.6777502899095442,1.0477057974830566,0.519067360563628,0.1842436150165835,0.5873640162191565,,medium
context,3,cellular_clearance,previous_delta_anchor,observed,1,107,62,0.20588120429219758,0.5764652101075277,0.8911334331668869,0.44874541050437855,0.18734936035465757,0.5883060129555457,,medium
context,3,cellular_clearance,previous_delta_anchor,observed,2,107,62,0.2830280848251112,0.547748802746592,0.8467419413108629,0.42769735689128646,0.18206559234820066,0.5840657914256046,,medium
context,3,cellular_clearance,previous_delta_anchor,observed,4,107,62,0.36008135154673293,0.5174790214137148,0.7999491536674485,0.40566068505651676,0.18296961845058285,0.5843253968253969,,medium
context,3,cellular_clearance,tanimoto_minimol,expected,0,107,62,0.08604131269699511,0.6184344117059142,0.9560118656706124,0.4553833413358912,0.18882151057624347,0.5851476866274373,,medium
context,3,cellular_clearance,tanimoto_minimol,expected,1,107,62,0.08604131269699511,0.6184344117059142,0.9560118656706124,0.4553833413358912,0.18882151057624347,0.5851476866274373,,medium
context,3,cellular_clearance,tanimoto_minimol,expected,2,107,62,0.08604131269699511,0.6184344117059142,0.9560118656706124,0.4553833413358912,0.18882151057624347,0.5851476866274373,,medium
context,3,cellular_clearance,tanimoto_minimol,expected,4,107,62,0.08604131269699511,0.6184344117059142,0.9560118656706124,0.4553833413358912,0.18882151057624347,0.5851476866274373,,medium
context,3,cellular_clearance,tanimoto_minimol,observed,0,107,62,0.08604131269699511,0.6184344117059142,0.9560118656706124,0.4553833413358912,0.18882151057624347,0.5851476866274373,,medium
context,3,cellular_clearance,tanimoto_minimol,observed,1,107,62,0.35757467845997026,0.5184915581688939,0.8015143925969326,0.38189710258970716,0.21414763309725088,0.5974457713164879,,medium
context,3,cellular_clearance,tanimoto_minimol,observed,2,107,62,0.45116867134709904,0.4792364159191551,0.740831511649512,0.35420388180334195,0.2451799279476067,0.6118691176712983,,medium
context,3,cellular_clearance,tanimoto_minimol,observed,4,107,62,0.5567821706334807,0.43066440257284744,0.6657460697341887,0.31802660087175744,0.27443362894469875,0.6275439268819331,,medium
context,3,cellular_clearance,tanimoto_minimol_remap,expected,0,107,62,0.08604131269699511,0.6184344117059142,0.9560118656706124,0.4553833413358912,0.18882151057624347,0.5851476866274373,,medium
context,3,cellular_clearance,tanimoto_minimol_remap,expected,1,107,62,0.08604131269699511,0.6184344117059142,0.9560118656706124,0.4553833413358912,0.18882151057624347,0.5851476866274373,,medium
context,3,cellular_clearance,tanimoto_minimol_remap,expected,2,107,62,0.08604131269699511,0.6184344117059142,0.9560118656706124,0.4553833413358912,0.18882151057624347,0.5851476866274373,,medium
context,3,cellular_clearance,tanimoto_minimol_remap,expected,4,107,62,0.08604131269699511,0.6184344117059142,0.9560118656706124,0.4553833413358912,0.18882151057624347,0.5851476866274373,,medium
context,3,cellular_clearance,tanimoto_minimol_remap,observed,0,107,62,0.08604131269699511,0.6184344117059142,0.9560118656706124,0.4553833413358912,0.18882151057624347,0.5851476866274373,,medium
context,3,cellular_clearance,tanimoto_minimol_remap,observed,1,107,62,0.3663177258300925,0.5149512823431677,0.7960416284151901,0.3793737969626668,0.20667434779151592,0.5943651205722856,,medium
context,3,cellular_clearance,tanimoto_minimol_remap,observed,2,107,62,0.4582924454642091,0.47611603764086496,0.7360078495069131,0.3515303306017337,0.2334603583169341,0.6075380342514299,,medium
context,3,cellular_clearance,tanimoto_minimol_remap,observed,4,107,62,0.5634401994850438,0.4274174369453679,0.6607267215081861,0.3155677338721534,0.26642278235396083,0.6236094628228583,,medium
context,3,cellular_clearance,tanimoto_morgan,expected,0,107,62,0.08604131269699511,0.6184344117059142,0.9560118656706124,0.4553833413358912,0.18882151057624347,0.5851476866274373,,medium
context,3,cellular_clearance,tanimoto_morgan,expected,1,107,62,0.08604131269699511,0.6184344117059142,0.9560118656706124,0.4553833413358912,0.18882151057624347,0.5851476866274373,,medium
context,3,cellular_clearance,tanimoto_morgan,expected,2,107,62,0.08604131269699511,0.6184344117059142,0.9560118656706124,0.4553833413358912,0.18882151057624347,0.5851476866274373,,medium
context,3,cellular_clearance,tanimoto_morgan,expected,4,107,62,0.08604131269699511,0.6184344117059142,0.9560118656706124,0.4553833413358912,0.18882151057624347,0.5851476866274373,,medium
context,3,cellular_clearance,tanimoto_morgan,observed,0,107,62,0.08604131269699511,0.6184344117059142,0.9560118656706124,0.4553833413358912,0.18882151057624347,0.5851476866274373,,medium
context,3,cellular_clearance,tanimoto_morgan,observed,1,107,62,0.3555770386327838,0.5192970645994239,0.802759591264543,0.3820022682705186,0.2090138136473167,0.5927786431291104,,medium
context,3,cellular_clearance,tanimoto_morgan,observed,2,107,62,0.438187797915094,0.4848707079425727,0.7495413278031479,0.3579175346188585,0.23306848711473374,0.6064682951754603,,medium
context,3,cellular_clearance,tanimoto_morgan,observed,4,107,62,0.5300983410027198,0.4434389667919297,0.685493733740346,0.3280347895609144,0.28005038959511797,0.6292478448631096,,medium
context,3,cellular_clearance,tanimoto_morgan_remap,expected,0,107,62,0.08604131269699511,0.6184344117059142,0.9560118656706124,0.4553833413358912,0.18882151057624347,0.5851476866274373,,medium
context,3,cellular_clearance,tanimoto_morgan_remap,expected,1,107,62,0.08604131269699511,0.6184344117059142,0.9560118656706124,0.4553833413358912,0.18882151057624347,0.5851476866274373,,medium
context,3,cellular_clearance,tanimoto_morgan_remap,expected,2,107,62,0.08604131269699511,0.6184344117059142,0.9560118656706124,0.4553833413358912,0.18882151057624347,0.5851476866274373,,medium
context,3,cellular_clearance,tanimoto_morgan_remap,expected,4,107,62,0.08604131269699511,0.6184344117059142,0.9560118656706124,0.4553833413358912,0.18882151057624347,0.5851476866274373,,medium
context,3,cellular_clearance,tanimoto_morgan_remap,observed,0,107,62,0.08604131269699511,0.6184344117059142,0.9560118656706124,0.4553833413358912,0.18882151057624347,0.5851476866274373,,medium
context,3,cellular_clearance,tanimoto_morgan_remap,observed,1,107,62,0.35601538241240627,0.5191204186897529,0.8024865217482433,0.38243295369764113,0.20489680431669777,0.5922478943117572,,medium
context,3,cellular_clearance,tanimoto_morgan_remap,observed,2,107,62,0.4374616509232887,0.48518395648822776,0.7500255656154071,0.35878998512072957,0.22128995706072668,0.6017088628459345,,medium
context,3,cellular_clearance,tanimoto_morgan_remap,observed,4,107,62,0.5289019073465058,0.44400313592527857,0.6863658591840756,0.32939807957179607,0.27344363244404274,0.6262833984407192,,medium
context,3,efflux,current_refit,expected,0,85,70,0.19733960472109158,0.644680414957451,0.89591316280034,0.4780651945294845,0.2959187405989946,0.6369934640522876,,medium
context,3,efflux,current_refit,expected,1,85,70,0.19733960472109158,0.644680414957451,0.89591316280034,0.4780651945294845,0.2959187405989946,0.6369934640522876,,medium
context,3,efflux,current_refit,expected,2,85,70,0.19733960472109158,0.644680414957451,0.89591316280034,0.4780651945294845,0.2959187405989946,0.6369934640522876,,medium
context,3,efflux,current_refit,expected,4,85,70,0.19733960472109158,0.644680414957451,0.89591316280034,0.4780651945294845,0.2959187405989946,0.6369934640522876,,medium
context,3,efflux,current_refit,observed,0,85,70,0.19733960472109158,0.644680414957451,0.89591316280034,0.4780651945294845,0.2959187405989946,0.6369934640522876,,medium
context,3,efflux,current_refit,observed,1,85,70,0.3901148083210627,0.561956376836952,0.7809514656359493,0.41414386175525775,0.3271277224690553,0.6515032679738562,,medium
context,3,efflux,current_refit,observed,2,85,70,0.4751801851887213,0.5212951342992006,0.7244444870459563,0.3850747904999559,0.3425904066865654,0.6583079157588962,,medium
context,3,efflux,current_refit,observed,4,85,70,0.574363141985813,0.4694595452931962,0.6524085054735163,0.34458041181968957,0.3800696248872861,0.6756427015250543,,medium
context,3,efflux,current_remap,expected,0,85,70,0.19733960472109158,0.644680414957451,0.89591316280034,0.4780651945294845,0.2959187405989946,0.6369934640522876,,medium
context,3,efflux,current_remap,expected,1,85,70,0.19733960472109158,0.644680414957451,0.89591316280034,0.4780651945294845,0.2959187405989946,0.6369934640522876,,medium
context,3,efflux,current_remap,expected,2,85,70,0.19733960472109158,0.644680414957451,0.89591316280034,0.4780651945294845,0.2959187405989946,0.6369934640522876,,medium
context,3,efflux,current_remap,expected,4,85,70,0.19733960472109158,0.644680414957451,0.89591316280034,0.4780651945294845,0.2959187405989946,0.6369934640522876,,medium
context,3,efflux,current_remap,observed,0,85,70,0.19733960472109158,0.644680414957451,0.89591316280034,0.4780651945294845,0.2959187405989946,0.6369934640522876,,medium
context,3,efflux,current_remap,observed,1,85,70,0.38861471635963296,0.5626470547981393,0.7819113016451208,0.4153851079520057,0.32256610543778974,0.6493899782135075,,medium
context,3,efflux,current_remap,observed,2,85,70,0.4743188686105263,0.5217227249300037,0.7250387102696474,0.3869854603485862,0.33881310338079,0.6571096586782862,,medium
context,3,efflux,current_remap,observed,4,85,70,0.5724651661495876,0.4705050747921772,0.6538614790996732,0.34695314038647473,0.3770925841263379,0.67519244734931,,medium
context,3,efflux,gp_linear,expected,0,85,70,0.19733960472109158,0.644680414957451,0.89591316280034,0.4780651945294845,0.2959187405989946,0.6369934640522876,,medium
context,3,efflux,gp_linear,expected,1,85,70,0.19733960472109158,0.644680414957451,0.89591316280034,0.4780651945294845,0.2959187405989946,0.6369934640522876,,medium
context,3,efflux,gp_linear,expected,2,85,70,0.19733960472109158,0.644680414957451,0.89591316280034,0.4780651945294845,0.2959187405989946,0.6369934640522876,,medium
context,3,efflux,gp_linear,expected,4,85,70,0.19733960472109158,0.644680414957451,0.89591316280034,0.4780651945294845,0.2959187405989946,0.6369934640522876,,medium
context,3,efflux,gp_linear,observed,0,85,70,0.19733960472109158,0.644680414957451,0.89591316280034,0.4780651945294845,0.2959187405989946,0.6369934640522876,,medium
context,3,efflux,gp_linear,observed,1,85,70,0.3897489573654306,0.562124901550662,0.7811856646371396,0.41409049037141366,0.32570263439210806,0.6510457516339869,,medium
context,3,efflux,gp_linear,observed,2,85,70,0.4747062610438617,0.5215304518263074,0.7247715081017867,0.3850348412167984,0.34166255358704206,0.6578503994190269,,medium
context,3,efflux,gp_linear,observed,4,85,70,0.5734733588333076,0.46994998580296987,0.6530900712510429,0.34472524067492955,0.3789456933563903,0.6755773420479303,,medium
context,3,efflux,morgan_braun_blanquet,expected,0,85,70,0.19733960472109147,0.644680414957451,0.8959131628003401,0.4780651945294846,0.29591874059899465,0.6369934640522876,,medium
context,3,efflux,morgan_braun_blanquet,expected,1,85,70,0.19733960472109147,0.644680414957451,0.8959131628003401,0.4780651945294846,0.29591874059899465,0.6369934640522876,,medium
context,3,efflux,morgan_braun_blanquet,expected,2,85,70,0.19733960472109147,0.644680414957451,0.8959131628003401,0.4780651945294846,0.29591874059899465,0.6369934640522876,,medium
context,3,efflux,morgan_braun_blanquet,expected,4,85,70,0.19733960472109147,0.644680414957451,0.8959131628003401,0.4780651945294846,0.29591874059899465,0.6369934640522876,,medium
context,3,efflux,morgan_braun_blanquet,observed,0,85,70,0.19733960472109147,0.644680414957451,0.8959131628003401,0.4780651945294846,0.29591874059899465,0.6369934640522876,,medium
context,3,efflux,morgan_braun_blanquet,observed,1,85,70,0.3818947119455579,0.5657307549372035,0.7861967235078267,0.417855768229923,0.3117669879666719,0.6446405228758171,,medium
context,3,efflux,morgan_braun_blanquet,observed,2,85,70,0.4711098778972934,0.5233127155424522,0.7272483221724932,0.39066191185547855,0.34233592143291797,0.6580827886710239,,medium
context,3,efflux,morgan_braun_blanquet,observed,4,85,70,0.5741002854663226,0.469604482760259,0.6526099252491319,0.3496343487526409,0.37972478305199403,0.6772113289760349,,medium
context,3,efflux,morgan_cosine,expected,0,85,70,0.19733960472109147,0.644680414957451,0.8959131628003401,0.4780651945294846,0.29591874059899465,0.6369934640522876,,medium
context,3,efflux,morgan_cosine,expected,1,85,70,0.19733960472109147,0.644680414957451,0.8959131628003401,0.4780651945294846,0.29591874059899465,0.6369934640522876,,medium
context,3,efflux,morgan_cosine,expected,2,85,70,0.19733960472109147,0.644680414957451,0.8959131628003401,0.4780651945294846,0.29591874059899465,0.6369934640522876,,medium
context,3,efflux,morgan_cosine,expected,4,85,70,0.19733960472109147,0.644680414957451,0.8959131628003401,0.4780651945294846,0.29591874059899465,0.6369934640522876,,medium
context,3,efflux,morgan_cosine,observed,0,85,70,0.19733960472109147,0.644680414957451,0.8959131628003401,0.4780651945294846,0.29591874059899465,0.6369934640522876,,medium
context,3,efflux,morgan_cosine,observed,1,85,70,0.37883223016681267,0.5671305159804378,0.7881419731451862,0.41936434972219067,0.31000678016656275,0.6437037037037038,,medium
context,3,efflux,morgan_cosine,observed,2,85,70,0.46773964860261585,0.5249774120652385,0.7295617529704967,0.3918602350069831,0.3288872043215219,0.6525272331154685,,medium
context,3,efflux,morgan_cosine,observed,4,85,70,0.566616645528218,0.47371231251222257,0.6583185812900788,0.352216719255203,0.36659057433699216,0.6700435729847493,,medium
context,3,efflux,morgan_dice,expected,0,85,70,0.19733960472109147,0.644680414957451,0.8959131628003401,0.4780651945294846,0.29591874059899465,0.6369934640522876,,medium
context,3,efflux,morgan_dice,expected,1,85,70,0.19733960472109147,0.644680414957451,0.8959131628003401,0.4780651945294846,0.29591874059899465,0.6369934640522876,,medium
context,3,efflux,morgan_dice,expected,2,85,70,0.19733960472109147,0.644680414957451,0.8959131628003401,0.4780651945294846,0.29591874059899465,0.6369934640522876,,medium
context,3,efflux,morgan_dice,expected,4,85,70,0.19733960472109147,0.644680414957451,0.8959131628003401,0.4780651945294846,0.29591874059899465,0.6369934640522876,,medium
context,3,efflux,morgan_dice,observed,0,85,70,0.19733960472109147,0.644680414957451,0.8959131628003401,0.4780651945294846,0.29591874059899465,0.6369934640522876,,medium
context,3,efflux,morgan_dice,observed,1,85,70,0.3789994208807065,0.5670541876988026,0.7880358996386482,0.4192685568206839,0.31020285859793534,0.6438344226579521,,medium
context,3,efflux,morgan_dice,observed,2,85,70,0.46802914829574904,0.5248346234179706,0.7293633194123837,0.3917454710433029,0.33006367490975724,0.6529193899782135,,medium
context,3,efflux,morgan_dice,observed,4,85,70,0.5670847682983677,0.473456401166244,0.6579629409789219,0.35197328560465824,0.3678965065012753,0.671023965141612,,medium
context,3,efflux,morgan_hamming,expected,0,85,70,0.19733960472109147,0.644680414957451,0.8959131628003401,0.4780651945294846,0.29591874059899465,0.6369934640522876,,medium
context,3,efflux,morgan_hamming,expected,1,85,70,0.19733960472109147,0.644680414957451,0.8959131628003401,0.4780651945294846,0.29591874059899465,0.6369934640522876,,medium
context,3,efflux,morgan_hamming,expected,2,85,70,0.19733960472109147,0.644680414957451,0.8959131628003401,0.4780651945294846,0.29591874059899465,0.6369934640522876,,medium
context,3,efflux,morgan_hamming,expected,4,85,70,0.19733960472109147,0.644680414957451,0.8959131628003401,0.4780651945294846,0.29591874059899465,0.6369934640522876,,medium
context,3,efflux,morgan_hamming,observed,0,85,70,0.19733960472109147,0.644680414957451,0.8959131628003401,0.4780651945294846,0.29591874059899465,0.6369934640522876,,medium
context,3,efflux,morgan_hamming,observed,1,85,70,0.3802952452898687,0.5664622507458312,0.7872132841296133,0.4185209836127394,0.3090115842640724,0.643529411764706,,medium
context,3,efflux,morgan_hamming,observed,2,85,70,0.46978834295663985,0.5239661069929051,0.7281563410719982,0.39080883248557524,0.329527978672979,0.6535076252723311,,medium
context,3,efflux,morgan_hamming,observed,4,85,70,0.5694435647023096,0.47216479420233176,0.6561679931981522,0.3503477851576692,0.367217270890464,0.670631808278867,,medium
context,3,efflux,morgan_pearson,expected,0,85,70,0.19733960472109147,0.644680414957451,0.8959131628003401,0.4780651945294846,0.29591874059899465,0.6369934640522876,,medium
context,3,efflux,morgan_pearson,expected,1,85,70,0.19733960472109147,0.644680414957451,0.8959131628003401,0.4780651945294846,0.29591874059899465,0.6369934640522876,,medium
context,3,efflux,morgan_pearson,expected,2,85,70,0.19733960472109147,0.644680414957451,0.8959131628003401,0.4780651945294846,0.29591874059899465,0.6369934640522876,,medium
context,3,efflux,morgan_pearson,expected,4,85,70,0.19733960472109147,0.644680414957451,0.8959131628003401,0.4780651945294846,0.29591874059899465,0.6369934640522876,,medium
context,3,efflux,morgan_pearson,observed,0,85,70,0.19733960472109147,0.644680414957451,0.8959131628003401,0.4780651945294846,0.29591874059899465,0.6369934640522876,,medium
context,3,efflux,morgan_pearson,observed,1,85,70,0.37915148334608006,0.5669847570574297,0.7879394117912366,0.4192149479422437,0.30824207428420985,0.6431808278867104,,medium
context,3,efflux,morgan_pearson,observed,2,85,70,0.46810574186272613,0.5247968390141587,0.729310810380097,0.39172010381918165,0.3277632727906261,0.6523311546840959,,medium
context,3,efflux,morgan_pearson,observed,4,85,70,0.5684330082895388,0.47271857701821673,0.6569375858561156,0.3514645936811067,0.36619841747424703,0.6696514161220042,,medium
context,3,efflux,morgan_selected,expected,0,85,70,0.19733960472109147,0.644680414957451,0.8959131628003401,0.4780651945294846,0.29591874059899465,0.6369934640522876,,medium
context,3,efflux,morgan_selected,expected,1,85,70,0.19733960472109147,0.644680414957451,0.8959131628003401,0.4780651945294846,0.29591874059899465,0.6369934640522876,,medium
context,3,efflux,morgan_selected,expected,2,85,70,0.19733960472109147,0.644680414957451,0.8959131628003401,0.4780651945294846,0.29591874059899465,0.6369934640522876,,medium
context,3,efflux,morgan_selected,expected,4,85,70,0.19733960472109147,0.644680414957451,0.8959131628003401,0.4780651945294846,0.29591874059899465,0.6369934640522876,,medium
context,3,efflux,morgan_selected,observed,0,85,70,0.19733960472109147,0.644680414957451,0.8959131628003401,0.4780651945294846,0.29591874059899465,0.6369934640522876,,medium
context,3,efflux,morgan_selected,observed,1,85,70,0.38295456785329607,0.5652455218035236,0.7855223944272397,0.418037126848151,0.31040851674504927,0.643986928104575,,medium
context,3,efflux,morgan_selected,observed,2,85,70,0.4712878459666556,0.5232246624802551,0.7271259547240384,0.3911328901306039,0.33577433288093017,0.6554684095860566,,medium
context,3,efflux,morgan_selected,observed,4,85,70,0.5730147123547471,0.4702025878368617,0.6534411126071369,0.35025632439602694,0.38279542109863024,0.6783224400871459,,medium
context,3,efflux,morgan_sokal,expected,0,85,70,0.19733960472109147,0.644680414957451,0.8959131628003401,0.4780651945294846,0.29591874059899465,0.6369934640522876,,medium
context,3,efflux,morgan_sokal,expected,1,85,70,0.19733960472109147,0.644680414957451,0.8959131628003401,0.4780651945294846,0.29591874059899465,0.6369934640522876,,medium
context,3,efflux,morgan_sokal,expected,2,85,70,0.19733960472109147,0.644680414957451,0.8959131628003401,0.4780651945294846,0.29591874059899465,0.6369934640522876,,medium
context,3,efflux,morgan_sokal,expected,4,85,70,0.19733960472109147,0.644680414957451,0.8959131628003401,0.4780651945294846,0.29591874059899465,0.6369934640522876,,medium
context,3,efflux,morgan_sokal,observed,0,85,70,0.19733960472109147,0.644680414957451,0.8959131628003401,0.4780651945294846,0.29591874059899465,0.6369934640522876,,medium
context,3,efflux,morgan_sokal,observed,1,85,70,0.37716638226366705,0.5678904721990211,0.7891980852335698,0.4209739016017371,0.30435011314801425,0.6402614379084968,,medium
context,3,efflux,morgan_sokal,observed,2,85,70,0.463848203740567,0.5268930161502502,0.7322238703152425,0.39475667628526995,0.31786022308484857,0.6463834422657951,,medium
context,3,efflux,morgan_sokal,observed,4,85,70,0.55946506169864,0.47760486086356,0.6637280605047221,0.35663695313690164,0.3589397433788613,0.6656644880174292,,medium
context,3,efflux,morgan_tanimoto,expected,0,85,70,0.19733960472109147,0.644680414957451,0.8959131628003401,0.4780651945294846,0.29591874059899465,0.6369934640522876,,medium
context,3,efflux,morgan_tanimoto,expected,1,85,70,0.19733960472109147,0.644680414957451,0.8959131628003401,0.4780651945294846,0.29591874059899465,0.6369934640522876,,medium
context,3,efflux,morgan_tanimoto,expected,2,85,70,0.19733960472109147,0.644680414957451,0.8959131628003401,0.4780651945294846,0.29591874059899465,0.6369934640522876,,medium
context,3,efflux,morgan_tanimoto,expected,4,85,70,0.19733960472109147,0.644680414957451,0.8959131628003401,0.4780651945294846,0.29591874059899465,0.6369934640522876,,medium
context,3,efflux,morgan_tanimoto,observed,0,85,70,0.19733960472109147,0.644680414957451,0.8959131628003401,0.4780651945294846,0.29591874059899465,0.6369934640522876,,medium
context,3,efflux,morgan_tanimoto,observed,1,85,70,0.3781973543508168,0.5674202649925086,0.7885446377023835,0.41994711613785163,0.30756283867339856,0.6422657952069716,,medium
context,3,efflux,morgan_tanimoto,observed,2,85,70,0.46623773774166455,0.5257175703735878,0.7305903518787635,0.3931576784349863,0.32185726233572304,0.6487799564270152,,medium
context,3,efflux,morgan_tanimoto,observed,4,85,70,0.5646196181422446,0.47480248954123483,0.6598336016434412,0.35408934142475895,0.35930751678023737,0.6679520697167756,,medium
context,3,efflux,previous_delta_anchor,observed,0,85,70,0.07767905315524604,0.6910661101879099,0.9603754197420683,0.5301667043645569,0.22957238990986206,0.6102396514161221,,medium
context,3,efflux,previous_delta_anchor,observed,1,85,70,0.2735508001767526,0.6133116080546818,0.8523198928942393,0.4724590135628932,0.23090865551304318,0.610958605664488,,medium
context,3,efflux,previous_delta_anchor,observed,2,85,70,0.3467458830120731,0.5815936249852477,0.8082413729746374,0.4472011751708982,0.23149689080716082,0.6113507625272331,,medium
context,3,efflux,previous_delta_anchor,observed,4,85,70,0.4334667980302336,0.5416156979053747,0.752683998746995,0.4156323054687027,0.2240074491556497,0.6060566448801743,,medium
context,3,efflux,tanimoto_minimol,expected,0,85,70,0.19733960472109158,0.644680414957451,0.89591316280034,0.4780651945294845,0.2959187405989946,0.6369934640522876,,medium
context,3,efflux,tanimoto_minimol,expected,1,85,70,0.19733960472109158,0.644680414957451,0.89591316280034,0.4780651945294845,0.2959187405989946,0.6369934640522876,,medium
context,3,efflux,tanimoto_minimol,expected,2,85,70,0.19733960472109158,0.644680414957451,0.89591316280034,0.4780651945294845,0.2959187405989946,0.6369934640522876,,medium
context,3,efflux,tanimoto_minimol,expected,4,85,70,0.19733960472109158,0.644680414957451,0.89591316280034,0.4780651945294845,0.2959187405989946,0.6369934640522876,,medium
context,3,efflux,tanimoto_minimol,observed,0,85,70,0.19733960472109158,0.644680414957451,0.89591316280034,0.4780651945294845,0.2959187405989946,0.6369934640522876,,medium
context,3,efflux,tanimoto_minimol,observed,1,85,70,0.38814288728920787,0.5628641208976785,0.7822129586696912,0.4147746589061547,0.3210352132985211,0.6496732026143791,,medium
context,3,efflux,tanimoto_minimol,observed,2,85,70,0.4730104556557947,0.5223716016879635,0.7259404550954612,0.3868006295485603,0.3412512072009165,0.6580319535221496,,medium
context,3,efflux,tanimoto_minimol,observed,4,85,70,0.5731929048596689,0.4701044634719276,0.6533047490569246,0.3456458762457804,0.3828339946624756,0.6788525780682644,,medium
context,3,efflux,tanimoto_minimol_remap,expected,0,85,70,0.19733960472109158,0.644680414957451,0.89591316280034,0.4780651945294845,0.2959187405989946,0.6369934640522876,,medium
context,3,efflux,tanimoto_minimol_remap,expected,1,85,70,0.19733960472109158,0.644680414957451,0.89591316280034,0.4780651945294845,0.2959187405989946,0.6369934640522876,,medium
context,3,efflux,tanimoto_minimol_remap,expected,2,85,70,0.19733960472109158,0.644680414957451,0.89591316280034,0.4780651945294845,0.2959187405989946,0.6369934640522876,,medium
context,3,efflux,tanimoto_minimol_remap,expected,4,85,70,0.19733960472109158,0.644680414957451,0.89591316280034,0.4780651945294845,0.2959187405989946,0.6369934640522876,,medium
context,3,efflux,tanimoto_minimol_remap,observed,0,85,70,0.19733960472109158,0.644680414957451,0.89591316280034,0.4780651945294845,0.2959187405989946,0.6369934640522876,,medium
context,3,efflux,tanimoto_minimol_remap,observed,1,85,70,0.3869714972802698,0.5634026601456447,0.782961367322635,0.41571449541753996,0.3251292028436181,0.6517429193899782,,medium
context,3,efflux,tanimoto_minimol_remap,observed,2,85,70,0.47465671357075745,0.5215550474999338,0.7248056887395701,0.3871225862498512,0.35335625683631766,0.6631082062454612,,medium
context,3,efflux,tanimoto_minimol_remap,observed,4,85,70,0.5724167034684167,0.47053174079631177,0.6538985368783014,0.3468938318118647,0.38371442043005466,0.6784095860566448,,medium
context,3,efflux,tanimoto_morgan,expected,0,85,70,0.19733960472109158,0.644680414957451,0.89591316280034,0.4780651945294845,0.2959187405989946,0.6369934640522876,,medium
context,3,efflux,tanimoto_morgan,expected,1,85,70,0.19733960472109158,0.644680414957451,0.89591316280034,0.4780651945294845,0.2959187405989946,0.6369934640522876,,medium
context,3,efflux,tanimoto_morgan,expected,2,85,70,0.19733960472109158,0.644680414957451,0.89591316280034,0.4780651945294845,0.2959187405989946,0.6369934640522876,,medium
context,3,efflux,tanimoto_morgan,expected,4,85,70,0.19733960472109158,0.644680414957451,0.89591316280034,0.4780651945294845,0.2959187405989946,0.6369934640522876,,medium
context,3,efflux,tanimoto_morgan,observed,0,85,70,0.19733960472109158,0.644680414957451,0.89591316280034,0.4780651945294845,0.2959187405989946,0.6369934640522876,,medium
context,3,efflux,tanimoto_morgan,observed,1,85,70,0.37890502294432615,0.5670972848494903,0.7880957918017796,0.41867550983803076,0.3117041432459486,0.6447712418300654,,medium
context,3,efflux,tanimoto_morgan,observed,2,85,70,0.4685800515736652,0.5245627964860559,0.7289855611919449,0.3906225823634157,0.3300392914483881,0.6542919389978213,,medium
context,3,efflux,tanimoto_morgan,observed,4,85,70,0.5685630303129305,0.4726473615902586,0.656838617688599,0.35048711842969205,0.3784706639974078,0.6762527233115468,,medium
context,3,efflux,tanimoto_morgan_remap,expected,0,85,70,0.19733960472109158,0.644680414957451,0.89591316280034,0.4780651945294845,0.2959187405989946,0.6369934640522876,,medium
context,3,efflux,tanimoto_morgan_remap,expected,1,85,70,0.19733960472109158,0.644680414957451,0.89591316280034,0.4780651945294845,0.2959187405989946,0.6369934640522876,,medium
context,3,efflux,tanimoto_morgan_remap,expected,2,85,70,0.19733960472109158,0.644680414957451,0.89591316280034,0.4780651945294845,0.2959187405989946,0.6369934640522876,,medium
context,3,efflux,tanimoto_morgan_remap,expected,4,85,70,0.19733960472109158,0.644680414957451,0.89591316280034,0.4780651945294845,0.2959187405989946,0.6369934640522876,,medium
context,3,efflux,tanimoto_morgan_remap,observed,0,85,70,0.19733960472109158,0.644680414957451,0.89591316280034,0.4780651945294845,0.2959187405989946,0.6369934640522876,,medium
context,3,efflux,tanimoto_morgan_remap,observed,1,85,70,0.3780951523393392,0.5674668948276401,0.7886094392414161,0.42048674358811805,0.31004524142591694,0.6435076252723312,,medium
context,3,efflux,tanimoto_morgan_remap,observed,2,85,70,0.46567038467095623,0.5259968972214506,0.7309785327415873,0.39354445733154675,0.32344954730043,0.6498474945533768,,medium
context,3,efflux,tanimoto_morgan_remap,observed,4,85,70,0.5627934126582159,0.47579722839262234,0.6612159914443874,0.3552525685631737,0.3560792615615829,0.6644226579520696,,medium
context,3,in_vivo_clearance,current_refit,expected,0,64,54,-0.055614822189895774,0.6265797957773707,1.0274311763762554,0.4585936849519531,0.04401041666666668,0.5150173611111112,,medium
context,3,in_vivo_clearance,current_refit,expected,1,64,54,-0.055614822189895774,0.6265797957773707,1.0274311763762554,0.4585936849519531,0.04401041666666668,0.5150173611111112,,medium
context,3,in_vivo_clearance,current_refit,expected,2,64,54,-0.055614822189895774,0.6265797957773707,1.0274311763762554,0.4585936849519531,0.04401041666666668,0.5150173611111112,,medium
context,3,in_vivo_clearance,current_refit,expected,4,64,54,-0.055614822189895774,0.6265797957773707,1.0274311763762554,0.4585936849519531,0.04401041666666668,0.5150173611111112,,medium
context,3,in_vivo_clearance,current_refit,observed,0,64,54,-0.055614822189895774,0.6265797957773707,1.0274311763762554,0.4585936849519531,0.04401041666666668,0.5150173611111112,,medium
context,3,in_vivo_clearance,current_refit,observed,1,64,54,0.24963503163818057,0.5282748339378143,0.8662360927378976,0.38295721581073383,0.06709902448902197,0.5267361111111111,,medium
context,3,in_vivo_clearance,current_refit,observed,2,64,54,0.3400033846856586,0.49544391770642715,0.8124017573309043,0.35392096562714026,0.10862613428463075,0.546875,,medium
context,3,in_vivo_clearance,current_refit,observed,4,64,54,0.4521474872257695,0.45139368185356016,0.7401705970749112,0.32509717014286266,0.17077724210698608,0.5752604166666666,,medium
context,3,in_vivo_clearance,current_remap,expected,0,64,54,-0.055614822189895774,0.6265797957773707,1.0274311763762554,0.4585936849519531,0.04401041666666668,0.5150173611111112,,medium
context,3,in_vivo_clearance,current_remap,expected,1,64,54,-0.055614822189895774,0.6265797957773707,1.0274311763762554,0.4585936849519531,0.04401041666666668,0.5150173611111112,,medium
context,3,in_vivo_clearance,current_remap,expected,2,64,54,-0.055614822189895774,0.6265797957773707,1.0274311763762554,0.4585936849519531,0.04401041666666668,0.5150173611111112,,medium
context,3,in_vivo_clearance,current_remap,expected,4,64,54,-0.055614822189895774,0.6265797957773707,1.0274311763762554,0.4585936849519531,0.04401041666666668,0.5150173611111112,,medium
context,3,in_vivo_clearance,current_remap,observed,0,64,54,-0.055614822189895774,0.6265797957773707,1.0274311763762554,0.4585936849519531,0.04401041666666668,0.5150173611111112,,medium
context,3,in_vivo_clearance,current_remap,observed,1,64,54,0.2493393227862235,0.528378916726632,0.8664067619852562,0.38307446450114074,0.07171674605349304,0.5294270833333332,,medium
context,3,in_vivo_clearance,current_remap,observed,2,64,54,0.3409265738568774,0.4950972882636231,0.8118333733858953,0.35384614783730084,0.11324385584910182,0.5486979166666667,,medium
context,3,in_vivo_clearance,current_remap,observed,4,64,54,0.45338680547550436,0.4508828352802137,0.7393329388878164,0.32437967950872804,0.17858974210698608,0.5794270833333333,,medium
context,3,in_vivo_clearance,gp_linear,expected,0,64,54,-0.055614822189895774,0.6265797957773707,1.0274311763762554,0.4585936849519531,0.04401041666666668,0.5150173611111112,,medium
context,3,in_vivo_clearance,gp_linear,expected,1,64,54,-0.055614822189895774,0.6265797957773707,1.0274311763762554,0.4585936849519531,0.04401041666666668,0.5150173611111112,,medium
context,3,in_vivo_clearance,gp_linear,expected,2,64,54,-0.055614822189895774,0.6265797957773707,1.0274311763762554,0.4585936849519531,0.04401041666666668,0.5150173611111112,,medium
context,3,in_vivo_clearance,gp_linear,expected,4,64,54,-0.055614822189895774,0.6265797957773707,1.0274311763762554,0.4585936849519531,0.04401041666666668,0.5150173611111112,,medium
context,3,in_vivo_clearance,gp_linear,observed,0,64,54,-0.055614822189895774,0.6265797957773707,1.0274311763762554,0.4585936849519531,0.04401041666666668,0.5150173611111112,,medium
context,3,in_vivo_clearance,gp_linear,observed,1,64,54,0.24895633094154979,0.528513690677616,0.866627756916688,0.38286393167175337,0.06676882938682638,0.5266493055555554,,medium
context,3,in_vivo_clearance,gp_linear,observed,2,64,54,0.3391539403093714,0.49576264413111143,0.8129243874374963,0.35387335019131305,0.11011885584910182,0.54765625,,medium
context,3,in_vivo_clearance,gp_linear,observed,4,64,54,0.4512459284078786,0.4517649411409438,0.7407793676879246,0.32512362939963446,0.17148871367145713,0.5751736111111111,,medium
context,3,in_vivo_clearance,morgan_braun_blanquet,expected,0,64,54,-0.055614822189895774,0.6265797957773707,1.0274311763762554,0.4585936849519531,0.04401041666666667,0.5150173611111112,,medium
context,3,in_vivo_clearance,morgan_braun_blanquet,expected,1,64,54,-0.055614822189895774,0.6265797957773707,1.0274311763762554,0.4585936849519531,0.04401041666666667,0.5150173611111112,,medium
context,3,in_vivo_clearance,morgan_braun_blanquet,expected,2,64,54,-0.055614822189895774,0.6265797957773707,1.0274311763762554,0.4585936849519531,0.04401041666666667,0.5150173611111112,,medium
context,3,in_vivo_clearance,morgan_braun_blanquet,expected,4,64,54,-0.055614822189895774,0.6265797957773707,1.0274311763762554,0.4585936849519531,0.04401041666666667,0.5150173611111112,,medium
context,3,in_vivo_clearance,morgan_braun_blanquet,observed,0,64,54,-0.055614822189895774,0.6265797957773707,1.0274311763762554,0.4585936849519531,0.04401041666666667,0.5150173611111112,,medium
context,3,in_vivo_clearance,morgan_braun_blanquet,observed,1,64,54,0.2424062875155858,0.5308133389663775,0.8703985940271355,0.38755972494775415,0.0755769245596806,0.5330729166666667,,medium
context,3,in_vivo_clearance,morgan_braun_blanquet,observed,2,64,54,0.3316266207263594,0.498578123849398,0.8175410566287424,0.358726704307867,0.11117921959121757,0.5497395833333334,,medium
context,3,in_vivo_clearance,morgan_braun_blanquet,observed,4,64,54,0.4393894876166059,0.45661930179075017,0.748739281982316,0.32895190976359906,0.1808774008806388,0.5813368055555556,,medium
context,3,in_vivo_clearance,morgan_cosine,expected,0,64,54,-0.055614822189895774,0.6265797957773707,1.0274311763762554,0.4585936849519531,0.04401041666666667,0.5150173611111112,,medium
context,3,in_vivo_clearance,morgan_cosine,expected,1,64,54,-0.055614822189895774,0.6265797957773707,1.0274311763762554,0.4585936849519531,0.04401041666666667,0.5150173611111112,,medium
context,3,in_vivo_clearance,morgan_cosine,expected,2,64,54,-0.055614822189895774,0.6265797957773707,1.0274311763762554,0.4585936849519531,0.04401041666666667,0.5150173611111112,,medium
context,3,in_vivo_clearance,morgan_cosine,expected,4,64,54,-0.055614822189895774,0.6265797957773707,1.0274311763762554,0.4585936849519531,0.04401041666666667,0.5150173611111112,,medium
context,3,in_vivo_clearance,morgan_cosine,observed,0,64,54,-0.055614822189895774,0.6265797957773707,1.0274311763762554,0.4585936849519531,0.04401041666666667,0.5150173611111112,,medium
context,3,in_vivo_clearance,morgan_cosine,observed,1,64,54,0.24307536828357956,0.5305788891280888,0.8700141560436936,0.3870858098981378,0.08351028435528937,0.5368923611111112,,medium
context,3,in_vivo_clearance,morgan_cosine,observed,2,64,54,0.3304358752604538,0.49902204896332314,0.8182689806778369,0.35839459763479464,0.1141833597956088,0.5516493055555555,,medium
context,3,in_vivo_clearance,morgan_cosine,observed,4,64,54,0.43968128935254547,0.4565004495351406,0.7485443945735313,0.3290341801590474,0.18504406754730546,0.583767361111111,,medium
context,3,in_vivo_clearance,morgan_dice,expected,0,64,54,-0.055614822189895774,0.6265797957773707,1.0274311763762554,0.4585936849519531,0.04401041666666667,0.5150173611111112,,medium
context,3,in_vivo_clearance,morgan_dice,expected,1,64,54,-0.055614822189895774,0.6265797957773707,1.0274311763762554,0.4585936849519531,0.04401041666666667,0.5150173611111112,,medium
context,3,in_vivo_clearance,morgan_dice,expected,2,64,54,-0.055614822189895774,0.6265797957773707,1.0274311763762554,0.4585936849519531,0.04401041666666667,0.5150173611111112,,medium
context,3,in_vivo_clearance,morgan_dice,expected,4,64,54,-0.055614822189895774,0.6265797957773707,1.0274311763762554,0.4585936849519531,0.04401041666666667,0.5150173611111112,,medium
context,3,in_vivo_clearance,morgan_dice,observed,0,64,54,-0.055614822189895774,0.6265797957773707,1.0274311763762554,0.4585936849519531,0.04401041666666667,0.5150173611111112,,medium
context,3,in_vivo_clearance,morgan_dice,observed,1,64,54,0.24300022334688132,0.5306052255200278,0.8700573410144407,0.38709330809129716,0.08351028435528937,0.536892361111111,,medium
context,3,in_vivo_clearance,morgan_dice,observed,2,64,54,0.33040212749341924,0.4990346248070927,0.8182896018565681,0.35839549664981923,0.1149646097956088,0.5521701388888889,,medium
context,3,in_vivo_clearance,morgan_dice,observed,4,64,54,0.43974403033047815,0.45647489078982384,0.7485024847450553,0.32901410052187324,0.18270031754730548,0.5825520833333333,,medium
context,3,in_vivo_clearance,morgan_hamming,expected,0,64,54,-0.055614822189895774,0.6265797957773707,1.0274311763762554,0.4585936849519531,0.04401041666666667,0.5150173611111112,,medium
context,3,in_vivo_clearance,morgan_hamming,expected,1,64,54,-0.055614822189895774,0.6265797957773707,1.0274311763762554,0.4585936849519531,0.04401041666666667,0.5150173611111112,,medium
context,3,in_vivo_clearance,morgan_hamming,expected,2,64,54,-0.055614822189895774,0.6265797957773707,1.0274311763762554,0.4585936849519531,0.04401041666666667,0.5150173611111112,,medium
context,3,in_vivo_clearance,morgan_hamming,expected,4,64,54,-0.055614822189895774,0.6265797957773707,1.0274311763762554,0.4585936849519531,0.04401041666666667,0.5150173611111112,,medium
context,3,in_vivo_clearance,morgan_hamming,observed,0,64,54,-0.055614822189895774,0.6265797957773707,1.0274311763762554,0.4585936849519531,0.04401041666666667,0.5150173611111112,,medium
context,3,in_vivo_clearance,morgan_hamming,observed,1,64,54,0.24108340399224426,0.5312765806319176,0.8711581922979063,0.3878595598703861,0.08540297945748498,0.537673611111111,,medium
context,3,in_vivo_clearance,morgan_hamming,observed,2,64,54,0.3264943032768387,0.5004887084096349,0.8206739283803046,0.35962256815763943,0.12076355489780441,0.5550347222222222,,medium
context,3,in_vivo_clearance,morgan_hamming,observed,4,64,54,0.4356384914882193,0.45814435504022666,0.7512399806398623,0.32911475472286056,0.19200553911177654,0.5862847222222222,,medium
context,3,in_vivo_clearance,morgan_pearson,expected,0,64,54,-0.055614822189895774,0.6265797957773707,1.0274311763762554,0.4585936849519531,0.04401041666666667,0.5150173611111112,,medium
context,3,in_vivo_clearance,morgan_pearson,expected,1,64,54,-0.055614822189895774,0.6265797957773707,1.0274311763762554,0.4585936849519531,0.04401041666666667,0.5150173611111112,,medium
context,3,in_vivo_clearance,morgan_pearson,expected,2,64,54,-0.055614822189895774,0.6265797957773707,1.0274311763762554,0.4585936849519531,0.04401041666666667,0.5150173611111112,,medium
context,3,in_vivo_clearance,morgan_pearson,expected,4,64,54,-0.055614822189895774,0.6265797957773707,1.0274311763762554,0.4585936849519531,0.04401041666666667,0.5150173611111112,,medium
context,3,in_vivo_clearance,morgan_pearson,observed,0,64,54,-0.055614822189895774,0.6265797957773707,1.0274311763762554,0.4585936849519531,0.04401041666666667,0.5150173611111112,,medium
context,3,in_vivo_clearance,morgan_pearson,observed,1,64,54,0.24286671458414977,0.5306520137266844,0.8701340617490216,0.3870949304841521,0.08429153435528938,0.5372395833333333,,medium
context,3,in_vivo_clearance,morgan_pearson,observed,2,64,54,0.33004002108121255,0.49916954101670424,0.8185108300558933,0.35847184045308805,0.11470419312894213,0.5519965277777777,,medium
context,3,in_vivo_clearance,morgan_pearson,observed,4,64,54,0.4390267259707167,0.45676701323935187,0.7489814911126198,0.3291770471999827,0.18530448421397216,0.5839409722222222,,medium
context,3,in_vivo_clearance,morgan_selected,expected,0,64,54,-0.055614822189895774,0.6265797957773707,1.0274311763762554,0.4585936849519531,0.04401041666666667,0.5150173611111112,,medium
context,3,in_vivo_clearance,morgan_selected,expected,1,64,54,-0.055614822189895774,0.6265797957773707,1.0274311763762554,0.4585936849519531,0.04401041666666667,0.5150173611111112,,medium
context,3,in_vivo_clearance,morgan_selected,expected,2,64,54,-0.055614822189895774,0.6265797957773707,1.0274311763762554,0.4585936849519531,0.04401041666666667,0.5150173611111112,,medium
context,3,in_vivo_clearance,morgan_selected,expected,4,64,54,-0.055614822189895774,0.6265797957773707,1.0274311763762554,0.4585936849519531,0.04401041666666667,0.5150173611111112,,medium
context,3,in_vivo_clearance,morgan_selected,observed,0,64,54,-0.055614822189895774,0.6265797957773707,1.0274311763762554,0.4585936849519531,0.04401041666666667,0.5150173611111112,,medium
context,3,in_vivo_clearance,morgan_selected,observed,1,64,54,0.24264652458574443,0.5307291704006547,0.8702605790303589,0.3879044742713663,0.08130609122634726,0.5358506944444443,,medium
context,3,in_vivo_clearance,morgan_selected,observed,2,64,54,0.3297772561110113,0.499267421050763,0.8186713283662673,0.3595825937159788,0.11782919312894213,0.5533854166666666,,medium
context,3,in_vivo_clearance,morgan_selected,observed,4,64,54,0.43431174949756757,0.45868255841300154,0.7521224970059281,0.33042702702169613,0.19056389890738534,0.5864583333333333,,medium
context,3,in_vivo_clearance,morgan_sokal,expected,0,64,54,-0.055614822189895774,0.6265797957773707,1.0274311763762554,0.4585936849519531,0.04401041666666667,0.5150173611111112,,medium
context,3,in_vivo_clearance,morgan_sokal,expected,1,64,54,-0.055614822189895774,0.6265797957773707,1.0274311763762554,0.4585936849519531,0.04401041666666667,0.5150173611111112,,medium
context,3,in_vivo_clearance,morgan_sokal,expected,2,64,54,-0.055614822189895774,0.6265797957773707,1.0274311763762554,0.4585936849519531,0.04401041666666667,0.5150173611111112,,medium
context,3,in_vivo_clearance,morgan_sokal,expected,4,64,54,-0.055614822189895774,0.6265797957773707,1.0274311763762554,0.4585936849519531,0.04401041666666667,0.5150173611111112,,medium
context,3,in_vivo_clearance,morgan_sokal,observed,0,64,54,-0.055614822189895774,0.6265797957773707,1.0274311763762554,0.4585936849519531,0.04401041666666667,0.5150173611111112,,medium
context,3,in_vivo_clearance,morgan_sokal,observed,1,64,54,0.24338857941974412,0.5304691024963019,0.8698341339475336,0.38827524880683395,0.07778111768862271,0.5323784722222222,,medium
context,3,in_vivo_clearance,morgan_sokal,observed,2,64,54,0.33477565403615694,0.49740221466236895,0.81561286525155,0.3596297646868205,0.11307191469341321,0.5498263888888888,,medium
context,3,in_vivo_clearance,morgan_sokal,observed,4,64,54,0.437790503846747,0.4572700271671317,0.7498063057571955,0.33116141457409864,0.19622328713852305,0.5886284722222221,,medium
context,3,in_vivo_clearance,morgan_tanimoto,expected,0,64,54,-0.055614822189895774,0.6265797957773707,1.0274311763762554,0.4585936849519531,0.04401041666666667,0.5150173611111112,,medium
context,3,in_vivo_clearance,morgan_tanimoto,expected,1,64,54,-0.055614822189895774,0.6265797957773707,1.0274311763762554,0.4585936849519531,0.04401041666666667,0.5150173611111112,,medium
context,3,in_vivo_clearance,morgan_tanimoto,expected,2,64,54,-0.055614822189895774,0.6265797957773707,1.0274311763762554,0.4585936849519531,0.04401041666666667,0.5150173611111112,,medium
context,3,in_vivo_clearance,morgan_tanimoto,expected,4,64,54,-0.055614822189895774,0.6265797957773707,1.0274311763762554,0.4585936849519531,0.04401041666666667,0.5150173611111112,,medium
context,3,in_vivo_clearance,morgan_tanimoto,observed,0,64,54,-0.055614822189895774,0.6265797957773707,1.0274311763762554,0.4585936849519531,0.04401041666666667,0.5150173611111112,,medium
context,3,in_vivo_clearance,morgan_tanimoto,observed,1,64,54,0.24464534678894556,0.5300283522540948,0.8691114158789162,0.38747642576888036,0.08391025789301394,0.5356770833333333,,medium
context,3,in_vivo_clearance,morgan_tanimoto,observed,2,64,54,0.3353940653386972,0.4971709613455136,0.8152336687486005,0.3584430856449574,0.11913127646227546,0.5533854166666667,,medium
context,3,in_vivo_clearance,morgan_tanimoto,observed,4,64,54,0.44222370107774556,0.45546360066655867,0.7468442266779964,0.3287597563111324,0.19276809203632744,0.5881944444444445,,medium
context,3,in_vivo_clearance,previous_delta_anchor,observed,0,64,54,-0.24520200920591084,0.6805241695626858,1.1158861990390914,0.49489648359656635,0.10266526775928132,0.5427083333333333,,medium
context,3,in_vivo_clearance,previous_delta_anchor,observed,1,64,54,0.06573286988781823,0.5894665731846891,0.9665749480056793,0.436566353436164,0.09917768837245496,0.5390625,,medium
context,3,in_vivo_clearance,previous_delta_anchor,observed,2,64,54,0.14554373547495503,0.563726650688808,0.9243680352138129,0.41510780417949644,0.09704327367904177,0.53828125,,medium
context,3,in_vivo_clearance,previous_delta_anchor,observed,4,64,54,0.23068431846622206,0.534904116834742,0.877106425431816,0.395856117505611,0.09875901775928132,0.5390625,,medium
context,3,in_vivo_clearance,tanimoto_minimol,expected,0,64,54,-0.055614822189895774,0.6265797957773707,1.0274311763762554,0.4585936849519531,0.04401041666666668,0.5150173611111112,,medium
context,3,in_vivo_clearance,tanimoto_minimol,expected,1,64,54,-0.055614822189895774,0.6265797957773707,1.0274311763762554,0.4585936849519531,0.04401041666666668,0.5150173611111112,,medium
context,3,in_vivo_clearance,tanimoto_minimol,expected,2,64,54,-0.055614822189895774,0.6265797957773707,1.0274311763762554,0.4585936849519531,0.04401041666666668,0.5150173611111112,,medium
context,3,in_vivo_clearance,tanimoto_minimol,expected,4,64,54,-0.055614822189895774,0.6265797957773707,1.0274311763762554,0.4585936849519531,0.04401041666666668,0.5150173611111112,,medium
context,3,in_vivo_clearance,tanimoto_minimol,observed,0,64,54,-0.055614822189895774,0.6265797957773707,1.0274311763762554,0.4585936849519531,0.04401041666666668,0.5150173611111112,,medium
context,3,in_vivo_clearance,tanimoto_minimol,observed,1,64,54,0.24426089030876308,0.5301632206312377,0.8693325656451832,0.38416886908254244,0.07119591272015971,0.5296006944444445,,medium
context,3,in_vivo_clearance,tanimoto_minimol,observed,2,64,54,0.3397306880453618,0.4955462606092827,0.8125695736087084,0.35441654332121314,0.11502937836487032,0.5513020833333333,,medium
context,3,in_vivo_clearance,tanimoto_minimol,observed,4,64,54,0.4488314930224091,0.4527576992419319,0.7424072379614782,0.3253949735179307,0.19110342931616775,0.5845486111111111,,medium
context,3,in_vivo_clearance,tanimoto_minimol_remap,expected,0,64,54,-0.055614822189895774,0.6265797957773707,1.0274311763762554,0.4585936849519531,0.04401041666666668,0.5150173611111112,,medium
context,3,in_vivo_clearance,tanimoto_minimol_remap,expected,1,64,54,-0.055614822189895774,0.6265797957773707,1.0274311763762554,0.4585936849519531,0.04401041666666668,0.5150173611111112,,medium
context,3,in_vivo_clearance,tanimoto_minimol_remap,expected,2,64,54,-0.055614822189895774,0.6265797957773707,1.0274311763762554,0.4585936849519531,0.04401041666666668,0.5150173611111112,,medium
context,3,in_vivo_clearance,tanimoto_minimol_remap,expected,4,64,54,-0.055614822189895774,0.6265797957773707,1.0274311763762554,0.4585936849519531,0.04401041666666668,0.5150173611111112,,medium
context,3,in_vivo_clearance,tanimoto_minimol_remap,observed,0,64,54,-0.055614822189895774,0.6265797957773707,1.0274311763762554,0.4585936849519531,0.04401041666666668,0.5150173611111112,,medium
context,3,in_vivo_clearance,tanimoto_minimol_remap,observed,1,64,54,0.24802146808349912,0.5288425225293407,0.8671669573481804,0.3833063344197577,0.07886885584910183,0.5328993055555555,,medium
context,3,in_vivo_clearance,tanimoto_minimol_remap,observed,2,64,54,0.34292357760504666,0.49434664259133515,0.8106025057911882,0.35280064925929105,0.12134915680039926,0.5531249999999999,,medium
context,3,in_vivo_clearance,tanimoto_minimol_remap,observed,4,64,54,0.4569478606695966,0.44941173808772844,0.7369207144126181,0.32263991505931716,0.19577223224071866,0.5873263888888889,,medium
context,3,in_vivo_clearance,tanimoto_morgan,expected,0,64,54,-0.055614822189895774,0.6265797957773707,1.0274311763762554,0.4585936849519531,0.04401041666666668,0.5150173611111112,,medium
context,3,in_vivo_clearance,tanimoto_morgan,expected,1,64,54,-0.055614822189895774,0.6265797957773707,1.0274311763762554,0.4585936849519531,0.04401041666666668,0.5150173611111112,,medium
context,3,in_vivo_clearance,tanimoto_morgan,expected,2,64,54,-0.055614822189895774,0.6265797957773707,1.0274311763762554,0.4585936849519531,0.04401041666666668,0.5150173611111112,,medium
context,3,in_vivo_clearance,tanimoto_morgan,expected,4,64,54,-0.055614822189895774,0.6265797957773707,1.0274311763762554,0.4585936849519531,0.04401041666666668,0.5150173611111112,,medium
context,3,in_vivo_clearance,tanimoto_morgan,observed,0,64,54,-0.055614822189895774,0.6265797957773707,1.0274311763762554,0.4585936849519531,0.04401041666666668,0.5150173611111112,,medium
context,3,in_vivo_clearance,tanimoto_morgan,observed,1,64,54,0.2439389068123422,0.5302761469222016,0.869517735982227,0.3874006726773237,0.08000400789301393,0.5342881944444444,,medium
context,3,in_vivo_clearance,tanimoto_morgan,observed,2,64,54,0.3351675781172163,0.4972556681409827,0.815372566304989,0.3579562055691591,0.11152811176886226,0.5505208333333332,,medium
context,3,in_vivo_clearance,tanimoto_morgan,observed,4,64,54,0.4425441160002539,0.45533276120720567,0.7466296833101039,0.3280848037317764,0.1759992626495011,0.5798611111111112,,medium
context,3,in_vivo_clearance,tanimoto_morgan_remap,expected,0,64,54,-0.055614822189895774,0.6265797957773707,1.0274311763762554,0.4585936849519531,0.04401041666666668,0.5150173611111112,,medium
context,3,in_vivo_clearance,tanimoto_morgan_remap,expected,1,64,54,-0.055614822189895774,0.6265797957773707,1.0274311763762554,0.4585936849519531,0.04401041666666668,0.5150173611111112,,medium
context,3,in_vivo_clearance,tanimoto_morgan_remap,expected,2,64,54,-0.055614822189895774,0.6265797957773707,1.0274311763762554,0.4585936849519531,0.04401041666666668,0.5150173611111112,,medium
context,3,in_vivo_clearance,tanimoto_morgan_remap,expected,4,64,54,-0.055614822189895774,0.6265797957773707,1.0274311763762554,0.4585936849519531,0.04401041666666668,0.5150173611111112,,medium
context,3,in_vivo_clearance,tanimoto_morgan_remap,observed,0,64,54,-0.055614822189895774,0.6265797957773707,1.0274311763762554,0.4585936849519531,0.04401041666666668,0.5150173611111112,,medium
context,3,in_vivo_clearance,tanimoto_morgan_remap,observed,1,64,54,0.24203826375833615,0.5309422525234992,0.8706099794061999,0.3886421673756972,0.07095920299520952,0.5282986111111111,,medium
context,3,in_vivo_clearance,tanimoto_morgan_remap,observed,2,64,54,0.3313373331790448,0.49868601028208126,0.8177179628826526,0.3602675721434031,0.1081426951021956,0.547048611111111,,medium
context,3,in_vivo_clearance,tanimoto_morgan_remap,observed,4,64,54,0.4313229262577961,0.45989269052727866,0.7541068052618302,0.33290335943900273,0.18040764890738534,0.5821180555555555,,medium
context,3,microsomal_clearance,current_refit,expected,0,363,219,0.10382482678514415,0.6128590651087972,0.9466652910162365,0.44736966909816195,0.2473007219015099,0.6150162641324257,,medium
context,3,microsomal_clearance,current_refit,expected,1,363,219,0.10382482678514415,0.6128590651087972,0.9466652910162365,0.44736966909816195,0.2473007219015099,0.6150162641324257,,medium
context,3,microsomal_clearance,current_refit,expected,2,363,219,0.10382482678514415,0.6128590651087972,0.9466652910162365,0.44736966909816195,0.2473007219015099,0.6150162641324257,,medium
context,3,microsomal_clearance,current_refit,expected,4,363,219,0.10382482678514415,0.6128590651087972,0.9466652910162365,0.44736966909816195,0.2473007219015099,0.6150162641324257,,medium
context,3,microsomal_clearance,current_refit,observed,0,363,219,0.10382482678514415,0.6128590651087972,0.9466652910162365,0.44736966909816195,0.2473007219015099,0.6150162641324257,,medium
context,3,microsomal_clearance,current_refit,observed,1,363,219,0.358174611677764,0.5186478790510268,0.8011400553724898,0.3795158984479449,0.2678182991624622,0.6245458432327119,,medium
context,3,microsomal_clearance,current_refit,observed,2,363,219,0.4577389368663145,0.4767254866059163,0.7363837743552512,0.34830384741047643,0.29540500854162416,0.6370703183834496,,medium
context,3,microsomal_clearance,current_refit,observed,4,363,219,0.5566943644662836,0.43103822563436833,0.6658120121578736,0.3161395400284193,0.33075729666291165,0.6549221775231876,,medium
context,3,microsomal_clearance,current_remap,expected,0,363,219,0.10382482678514415,0.6128590651087972,0.9466652910162365,0.44736966909816195,0.2473007219015099,0.6150162641324257,,medium
context,3,microsomal_clearance,current_remap,expected,1,363,219,0.10382482678514415,0.6128590651087972,0.9466652910162365,0.44736966909816195,0.2473007219015099,0.6150162641324257,,medium
context,3,microsomal_clearance,current_remap,expected,2,363,219,0.10382482678514415,0.6128590651087972,0.9466652910162365,0.44736966909816195,0.2473007219015099,0.6150162641324257,,medium
context,3,microsomal_clearance,current_remap,expected,4,363,219,0.10382482678514415,0.6128590651087972,0.9466652910162365,0.44736966909816195,0.2473007219015099,0.6150162641324257,,medium
context,3,microsomal_clearance,current_remap,observed,0,363,219,0.10382482678514415,0.6128590651087972,0.9466652910162365,0.44736966909816195,0.2473007219015099,0.6150162641324257,,medium
context,3,microsomal_clearance,current_remap,observed,1,363,219,0.3577432648341221,0.5188221317015972,0.8014092182935494,0.37987902074607305,0.2675220550461521,0.624454380262461,,medium
context,3,microsomal_clearance,current_remap,observed,2,363,219,0.4566966744340767,0.47718341597998853,0.7370911243299049,0.3489407104028977,0.294760545988666,0.6369402296169973,,medium
context,3,microsomal_clearance,current_remap,observed,4,363,219,0.5551706386907769,0.43177837035276617,0.6669552918368841,0.31690613114040916,0.33004556643165234,0.6547296558660194,,medium
context,3,microsomal_clearance,gp_linear,expected,0,363,219,0.10382482678514415,0.6128590651087972,0.9466652910162365,0.44736966909816195,0.2473007219015099,0.6150162641324257,,medium
context,3,microsomal_clearance,gp_linear,expected,1,363,219,0.10382482678514415,0.6128590651087972,0.9466652910162365,0.44736966909816195,0.2473007219015099,0.6150162641324257,,medium
context,3,microsomal_clearance,gp_linear,expected,2,363,219,0.10382482678514415,0.6128590651087972,0.9466652910162365,0.44736966909816195,0.2473007219015099,0.6150162641324257,,medium
context,3,microsomal_clearance,gp_linear,expected,4,363,219,0.10382482678514415,0.6128590651087972,0.9466652910162365,0.44736966909816195,0.2473007219015099,0.6150162641324257,,medium
context,3,microsomal_clearance,gp_linear,observed,0,363,219,0.10382482678514415,0.6128590651087972,0.9466652910162365,0.44736966909816195,0.2473007219015099,0.6150162641324257,,medium
context,3,microsomal_clearance,gp_linear,observed,1,363,219,0.358181416708236,0.5186451295306427,0.8011358082695867,0.37922317523680044,0.26818913664415656,0.6247800273052798,,medium
context,3,microsomal_clearance,gp_linear,observed,2,363,219,0.45845444123393686,0.47641086715048075,0.7358977909778389,0.34759137639664384,0.2959493892800904,0.6372645405473688,,medium
context,3,microsomal_clearance,gp_linear,observed,4,363,219,0.5587171788288074,0.4300536822895688,0.6642912171413925,0.31478709556031925,0.3311265548104242,0.6548933903731883,,medium
context,3,microsomal_clearance,morgan_braun_blanquet,expected,0,363,219,0.10382482678514404,0.6128590651087973,0.9466652910162366,0.44736966909816195,0.2473007219015099,0.6150162641324257,,medium
context,3,microsomal_clearance,morgan_braun_blanquet,expected,1,363,219,0.10382482678514404,0.6128590651087973,0.9466652910162366,0.44736966909816195,0.2473007219015099,0.6150162641324257,,medium
context,3,microsomal_clearance,morgan_braun_blanquet,expected,2,363,219,0.10382482678514404,0.6128590651087973,0.9466652910162366,0.44736966909816195,0.2473007219015099,0.6150162641324257,,medium
context,3,microsomal_clearance,morgan_braun_blanquet,expected,4,363,219,0.10382482678514404,0.6128590651087973,0.9466652910162366,0.44736966909816195,0.2473007219015099,0.6150162641324257,,medium
context,3,microsomal_clearance,morgan_braun_blanquet,observed,0,363,219,0.10382482678514404,0.6128590651087973,0.9466652910162366,0.44736966909816195,0.2473007219015099,0.6150162641324257,,medium
context,3,microsomal_clearance,morgan_braun_blanquet,observed,1,363,219,0.34824096287127926,0.5226460722538298,0.8073159462866571,0.38395757919040524,0.26628746038055057,0.6243703266430539,,medium
context,3,microsomal_clearance,morgan_braun_blanquet,observed,2,363,219,0.4457703968412059,0.4819578070948774,0.7444659852261849,0.35451519541781706,0.29336563387620873,0.6378119215240426,,medium
context,3,microsomal_clearance,morgan_braun_blanquet,observed,4,363,219,0.5405781894360274,0.4388033804493554,0.6778066173798929,0.3232551920538566,0.31868105265450825,0.6496838879414637,,medium
context,3,microsomal_clearance,morgan_cosine,expected,0,363,219,0.10382482678514404,0.6128590651087973,0.9466652910162366,0.44736966909816195,0.2473007219015099,0.6150162641324257,,medium
context,3,microsomal_clearance,morgan_cosine,expected,1,363,219,0.10382482678514404,0.6128590651087973,0.9466652910162366,0.44736966909816195,0.2473007219015099,0.6150162641324257,,medium
context,3,microsomal_clearance,morgan_cosine,expected,2,363,219,0.10382482678514404,0.6128590651087973,0.9466652910162366,0.44736966909816195,0.2473007219015099,0.6150162641324257,,medium
context,3,microsomal_clearance,morgan_cosine,expected,4,363,219,0.10382482678514404,0.6128590651087973,0.9466652910162366,0.44736966909816195,0.2473007219015099,0.6150162641324257,,medium
context,3,microsomal_clearance,morgan_cosine,observed,0,363,219,0.10382482678514404,0.6128590651087973,0.9466652910162366,0.44736966909816195,0.2473007219015099,0.6150162641324257,,medium
context,3,microsomal_clearance,morgan_cosine,observed,1,363,219,0.34703573942805455,0.5231290838646396,0.8080620400513474,0.3843815722665428,0.26371128153824075,0.6228068321502664,,medium
context,3,microsomal_clearance,morgan_cosine,observed,2,363,219,0.44353482457251725,0.48292885516806566,0.7459659344953244,0.35539846456776747,0.2909394974239792,0.6361746371847382,,medium
context,3,microsomal_clearance,morgan_cosine,observed,4,363,219,0.5373377614381297,0.44034816157294604,0.6801927951411058,0.32407528682003833,0.3199978137600458,0.6507671714742421,,medium
context,3,microsomal_clearance,morgan_dice,expected,0,363,219,0.10382482678514404,0.6128590651087973,0.9466652910162366,0.44736966909816195,0.2473007219015099,0.6150162641324257,,medium
context,3,microsomal_clearance,morgan_dice,expected,1,363,219,0.10382482678514404,0.6128590651087973,0.9466652910162366,0.44736966909816195,0.2473007219015099,0.6150162641324257,,medium
context,3,microsomal_clearance,morgan_dice,expected,2,363,219,0.10382482678514404,0.6128590651087973,0.9466652910162366,0.44736966909816195,0.2473007219015099,0.6150162641324257,,medium
context,3,microsomal_clearance,morgan_dice,expected,4,363,219,0.10382482678514404,0.6128590651087973,0.9466652910162366,0.44736966909816195,0.2473007219015099,0.6150162641324257,,medium
context,3,microsomal_clearance,morgan_dice,observed,0,363,219,0.10382482678514404,0.6128590651087973,0.9466652910162366,0.44736966909816195,0.2473007219015099,0.6150162641324257,,medium
context,3,microsomal_clearance,morgan_dice,observed,1,363,219,0.34715086475939627,0.5230829649056105,0.8079908014579149,0.38434084298467996,0.2639373835078137,0.6228578473527968,,medium
context,3,microsomal_clearance,morgan_dice,observed,2,363,219,0.44375598523201387,0.48283287838190264,0.7458176819893627,0.35531246439443875,0.2905292763101546,0.636016490056894,,medium
context,3,microsomal_clearance,morgan_dice,observed,4,363,219,0.5376661852713912,0.4401918418073991,0.6799513326177167,0.3239641217587488,0.32026353093115106,0.650884506440062,,medium
context,3,microsomal_clearance,morgan_hamming,expected,0,363,219,0.10382482678514404,0.6128590651087973,0.9466652910162366,0.44736966909816195,0.2473007219015099,0.6150162641324257,,medium
context,3,microsomal_clearance,morgan_hamming,expected,1,363,219,0.10382482678514404,0.6128590651087973,0.9466652910162366,0.44736966909816195,0.2473007219015099,0.6150162641324257,,medium
context,3,microsomal_clearance,morgan_hamming,expected,2,363,219,0.10382482678514404,0.6128590651087973,0.9466652910162366,0.44736966909816195,0.2473007219015099,0.6150162641324257,,medium
context,3,microsomal_clearance,morgan_hamming,expected,4,363,219,0.10382482678514404,0.6128590651087973,0.9466652910162366,0.44736966909816195,0.2473007219015099,0.6150162641324257,,medium
context,3,microsomal_clearance,morgan_hamming,observed,0,363,219,0.10382482678514404,0.6128590651087973,0.9466652910162366,0.44736966909816195,0.2473007219015099,0.6150162641324257,,medium
context,3,microsomal_clearance,morgan_hamming,observed,1,363,219,0.347806237493529,0.5228203465053887,0.8075851425741257,0.38413404956383135,0.2654058953022065,0.6238468134932781,,medium
context,3,microsomal_clearance,morgan_hamming,observed,2,363,219,0.44380315364301537,0.4828124063032143,0.7457860593742582,0.35527904629821744,0.2899924984798176,0.6359759208244057,,medium
context,3,microsomal_clearance,morgan_hamming,observed,4,363,219,0.537423114936282,0.440307541238622,0.680130050110799,0.3240332943652417,0.3188956926236114,0.6501915499390246,,medium
context,3,microsomal_clearance,morgan_pearson,expected,0,363,219,0.10382482678514404,0.6128590651087973,0.9466652910162366,0.44736966909816195,0.2473007219015099,0.6150162641324257,,medium
context,3,microsomal_clearance,morgan_pearson,expected,1,363,219,0.10382482678514404,0.6128590651087973,0.9466652910162366,0.44736966909816195,0.2473007219015099,0.6150162641324257,,medium
context,3,microsomal_clearance,morgan_pearson,expected,2,363,219,0.10382482678514404,0.6128590651087973,0.9466652910162366,0.44736966909816195,0.2473007219015099,0.6150162641324257,,medium
context,3,microsomal_clearance,morgan_pearson,expected,4,363,219,0.10382482678514404,0.6128590651087973,0.9466652910162366,0.44736966909816195,0.2473007219015099,0.6150162641324257,,medium
context,3,microsomal_clearance,morgan_pearson,observed,0,363,219,0.10382482678514404,0.6128590651087973,0.9466652910162366,0.44736966909816195,0.2473007219015099,0.6150162641324257,,medium
context,3,microsomal_clearance,morgan_pearson,observed,1,363,219,0.34705732331225214,0.5231204377169423,0.8080486846024488,0.38437534007551505,0.26375719522051805,0.6228068321502666,,medium
context,3,microsomal_clearance,morgan_pearson,observed,2,363,219,0.4435616168862767,0.48291722916007074,0.7459479761442639,0.35539069125890693,0.2907312376266944,0.6360828098201835,,medium
context,3,microsomal_clearance,morgan_pearson,observed,4,363,219,0.537381114110855,0.440327530197219,0.680160926464572,0.32405816820637834,0.3200560299764109,0.6507518669134831,,medium
context,3,microsomal_clearance,morgan_selected,expected,0,363,219,0.10382482678514404,0.6128590651087973,0.9466652910162366,0.44736966909816195,0.2473007219015099,0.6150162641324257,,medium
context,3,microsomal_clearance,morgan_selected,expected,1,363,219,0.10382482678514404,0.6128590651087973,0.9466652910162366,0.44736966909816195,0.2473007219015099,0.6150162641324257,,medium
context,3,microsomal_clearance,morgan_selected,expected,2,363,219,0.10382482678514404,0.6128590651087973,0.9466652910162366,0.44736966909816195,0.2473007219015099,0.6150162641324257,,medium
context,3,microsomal_clearance,morgan_selected,expected,4,363,219,0.10382482678514404,0.6128590651087973,0.9466652910162366,0.44736966909816195,0.2473007219015099,0.6150162641324257,,medium
context,3,microsomal_clearance,morgan_selected,observed,0,363,219,0.10382482678514404,0.6128590651087973,0.9466652910162366,0.44736966909816195,0.2473007219015099,0.6150162641324257,,medium
context,3,microsomal_clearance,morgan_selected,observed,1,363,219,0.3475726683367065,0.5229139565514297,0.8077297392465461,0.38422776383681645,0.26617989033728945,0.6240863420156348,,medium
context,3,microsomal_clearance,morgan_selected,observed,2,363,219,0.44391401979163936,0.48276428465346993,0.7457117272836472,0.3552875334256982,0.29118984863688663,0.6365773536228082,,medium
context,3,microsomal_clearance,morgan_selected,observed,4,363,219,0.5385263662122073,0.43978215847526225,0.6793185068786163,0.3241105621172122,0.3169218444168661,0.6485177654369574,,medium
context,3,microsomal_clearance,morgan_sokal,expected,0,363,219,0.10382482678514404,0.6128590651087973,0.9466652910162366,0.44736966909816195,0.2473007219015099,0.6150162641324257,,medium
context,3,microsomal_clearance,morgan_sokal,expected,1,363,219,0.10382482678514404,0.6128590651087973,0.9466652910162366,0.44736966909816195,0.2473007219015099,0.6150162641324257,,medium
context,3,microsomal_clearance,morgan_sokal,expected,2,363,219,0.10382482678514404,0.6128590651087973,0.9466652910162366,0.44736966909816195,0.2473007219015099,0.6150162641324257,,medium
context,3,microsomal_clearance,morgan_sokal,expected,4,363,219,0.10382482678514404,0.6128590651087973,0.9466652910162366,0.44736966909816195,0.2473007219015099,0.6150162641324257,,medium
context,3,microsomal_clearance,morgan_sokal,observed,0,363,219,0.10382482678514404,0.6128590651087973,0.9466652910162366,0.44736966909816195,0.2473007219015099,0.6150162641324257,,medium
context,3,microsomal_clearance,morgan_sokal,observed,1,363,219,0.34500676879684755,0.5239412188860469,0.8093165210244706,0.3852918349473923,0.2624464839367603,0.6223868069827665,,medium
context,3,microsomal_clearance,morgan_sokal,observed,2,363,219,0.4398456861320753,0.48452702197401065,0.7484345755427957,0.3568897566937127,0.2818272993744339,0.6317704461643855,,medium
context,3,microsomal_clearance,morgan_sokal,observed,4,363,219,0.53128819192248,0.44321771198154747,0.684625304876704,0.32660959595339367,0.31014909362155263,0.6453868895788087,,medium
context,3,microsomal_clearance,morgan_tanimoto,expected,0,363,219,0.10382482678514404,0.6128590651087973,0.9466652910162366,0.44736966909816195,0.2473007219015099,0.6150162641324257,,medium
context,3,microsomal_clearance,morgan_tanimoto,expected,1,363,219,0.10382482678514404,0.6128590651087973,0.9466652910162366,0.44736966909816195,0.2473007219015099,0.6150162641324257,,medium
context,3,microsomal_clearance,morgan_tanimoto,expected,2,363,219,0.10382482678514404,0.6128590651087973,0.9466652910162366,0.44736966909816195,0.2473007219015099,0.6150162641324257,,medium
context,3,microsomal_clearance,morgan_tanimoto,expected,4,363,219,0.10382482678514404,0.6128590651087973,0.9466652910162366,0.44736966909816195,0.2473007219015099,0.6150162641324257,,medium
context,3,microsomal_clearance,morgan_tanimoto,observed,0,363,219,0.10382482678514404,0.6128590651087973,0.9466652910162366,0.44736966909816195,0.2473007219015099,0.6150162641324257,,medium
context,3,microsomal_clearance,morgan_tanimoto,observed,1,363,219,0.3465097718769541,0.5233397336302097,0.8083874245205982,0.38478495170251786,0.2639617204457818,0.6230500046156612,,medium
context,3,microsomal_clearance,morgan_tanimoto,observed,2,363,219,0.44223703093696276,0.48349167295464135,0.746835302501855,0.3560106538522293,0.2874590833738132,0.6344707294202244,,medium
context,3,microsomal_clearance,morgan_tanimoto,observed,4,363,219,0.5345383741520198,0.4416783393018581,0.6822474813789936,0.32543304520943217,0.31749431460857175,0.6497033830367164,,medium
context,3,microsomal_clearance,previous_delta_anchor,observed,0,363,219,0.010288717415467774,0.6440482737408624,0.994842340566852,0.4764997612080925,0.2150958253725834,0.6021481044208317,,medium
context,3,microsomal_clearance,previous_delta_anchor,observed,1,363,219,0.2699208711341242,0.5531579093300751,0.8544466799431524,0.41486795644054925,0.21372044877165133,0.6017631218388794,,medium
context,3,microsomal_clearance,previous_delta_anchor,observed,2,363,219,0.3455162041652363,0.5237374256167515,0.8090017279553633,0.39343446096337586,0.2155258014566484,0.6020256679347589,,medium
context,3,microsomal_clearance,previous_delta_anchor,observed,4,363,219,0.408764379947816,0.49778803715759246,0.7689184742560059,0.3743640754872593,0.2136628275436708,0.602064840322416,,medium
context,3,microsomal_clearance,tanimoto_minimol,expected,0,363,219,0.10382482678514415,0.6128590651087972,0.9466652910162365,0.44736966909816195,0.2473007219015099,0.6150162641324257,,medium
context,3,microsomal_clearance,tanimoto_minimol,expected,1,363,219,0.10382482678514415,0.6128590651087972,0.9466652910162365,0.44736966909816195,0.2473007219015099,0.6150162641324257,,medium
context,3,microsomal_clearance,tanimoto_minimol,expected,2,363,219,0.10382482678514415,0.6128590651087972,0.9466652910162365,0.44736966909816195,0.2473007219015099,0.6150162641324257,,medium
context,3,microsomal_clearance,tanimoto_minimol,expected,4,363,219,0.10382482678514415,0.6128590651087972,0.9466652910162365,0.44736966909816195,0.2473007219015099,0.6150162641324257,,medium
context,3,microsomal_clearance,tanimoto_minimol,observed,0,363,219,0.10382482678514415,0.6128590651087972,0.9466652910162365,0.44736966909816195,0.2473007219015099,0.6150162641324257,,medium
context,3,microsomal_clearance,tanimoto_minimol,observed,1,363,219,0.3576426913025049,0.518862752319965,0.8014719637626104,0.3797960697598671,0.2650388929479742,0.6237405318213398,,medium
context,3,microsomal_clearance,tanimoto_minimol,observed,2,363,219,0.45805208437080636,0.47658781587373106,0.7361711184427121,0.3489018249183943,0.2939963735662008,0.6368845987532856,,medium
context,3,microsomal_clearance,tanimoto_minimol,observed,4,363,219,0.5548097774801133,0.43195347174193777,0.6672257657793851,0.3176909109314206,0.3261503541174962,0.6525288964682904,,medium
context,3,microsomal_clearance,tanimoto_minimol_remap,expected,0,363,219,0.10382482678514415,0.6128590651087972,0.9466652910162365,0.44736966909816195,0.2473007219015099,0.6150162641324257,,medium
context,3,microsomal_clearance,tanimoto_minimol_remap,expected,1,363,219,0.10382482678514415,0.6128590651087972,0.9466652910162365,0.44736966909816195,0.2473007219015099,0.6150162641324257,,medium
context,3,microsomal_clearance,tanimoto_minimol_remap,expected,2,363,219,0.10382482678514415,0.6128590651087972,0.9466652910162365,0.44736966909816195,0.2473007219015099,0.6150162641324257,,medium
context,3,microsomal_clearance,tanimoto_minimol_remap,expected,4,363,219,0.10382482678514415,0.6128590651087972,0.9466652910162365,0.44736966909816195,0.2473007219015099,0.6150162641324257,,medium
context,3,microsomal_clearance,tanimoto_minimol_remap,observed,0,363,219,0.10382482678514415,0.6128590651087972,0.9466652910162365,0.44736966909816195,0.2473007219015099,0.6150162641324257,,medium
context,3,microsomal_clearance,tanimoto_minimol_remap,observed,1,363,219,0.3529835168527635,0.5207410716315547,0.8043733481084742,0.381539117476467,0.2657501858656107,0.623797134403195,,medium
context,3,microsomal_clearance,tanimoto_minimol_remap,observed,2,363,219,0.4511392220032058,0.47961776235599857,0.740851387254417,0.35152426062960856,0.2923851650927237,0.6359538749690264,,medium
context,3,microsomal_clearance,tanimoto_minimol_remap,observed,4,363,219,0.5486344340756156,0.43493902066151624,0.6718374549877257,0.3198126181072289,0.32479194390690297,0.6523994150256776,,medium
context,3,microsomal_clearance,tanimoto_morgan,expected,0,363,219,0.10382482678514415,0.6128590651087972,0.9466652910162365,0.44736966909816195,0.2473007219015099,0.6150162641324257,,medium
context,3,microsomal_clearance,tanimoto_morgan,expected,1,363,219,0.10382482678514415,0.6128590651087972,0.9466652910162365,0.44736966909816195,0.2473007219015099,0.6150162641324257,,medium
context,3,microsomal_clearance,tanimoto_morgan,expected,2,363,219,0.10382482678514415,0.6128590651087972,0.9466652910162365,0.44736966909816195,0.2473007219015099,0.6150162641324257,,medium
context,3,microsomal_clearance,tanimoto_morgan,expected,4,363,219,0.10382482678514415,0.6128590651087972,0.9466652910162365,0.44736966909816195,0.2473007219015099,0.6150162641324257,,medium
context,3,microsomal_clearance,tanimoto_morgan,observed,0,363,219,0.10382482678514415,0.6128590651087972,0.9466652910162365,0.44736966909816195,0.2473007219015099,0.6150162641324257,,medium
context,3,microsomal_clearance,tanimoto_morgan,observed,1,363,219,0.3473204799731089,0.523015010007948,0.8078858335352163,0.3839969818969997,0.2645713863938708,0.6232614747766262,,medium
context,3,microsomal_clearance,tanimoto_morgan,observed,2,363,219,0.4445752421179934,0.4824771802461489,0.7452682455881282,0.35486881512837315,0.2934844687993857,0.6379385485446091,,medium
context,3,microsomal_clearance,tanimoto_morgan,observed,4,363,219,0.540154038960277,0.439005891214723,0.6781194297759968,0.3229808261530504,0.32014003812398867,0.6510222474868939,,medium
context,3,microsomal_clearance,tanimoto_morgan_remap,expected,0,363,219,0.10382482678514415,0.6128590651087972,0.9466652910162365,0.44736966909816195,0.2473007219015099,0.6150162641324257,,medium
context,3,microsomal_clearance,tanimoto_morgan_remap,expected,1,363,219,0.10382482678514415,0.6128590651087972,0.9466652910162365,0.44736966909816195,0.2473007219015099,0.6150162641324257,,medium
context,3,microsomal_clearance,tanimoto_morgan_remap,expected,2,363,219,0.10382482678514415,0.6128590651087972,0.9466652910162365,0.44736966909816195,0.2473007219015099,0.6150162641324257,,medium
context,3,microsomal_clearance,tanimoto_morgan_remap,expected,4,363,219,0.10382482678514415,0.6128590651087972,0.9466652910162365,0.44736966909816195,0.2473007219015099,0.6150162641324257,,medium
context,3,microsomal_clearance,tanimoto_morgan_remap,observed,0,363,219,0.10382482678514415,0.6128590651087972,0.9466652910162365,0.44736966909816195,0.2473007219015099,0.6150162641324257,,medium
context,3,microsomal_clearance,tanimoto_morgan_remap,observed,1,363,219,0.3451779074529596,0.5238727659237363,0.8092107837560251,0.385052419168531,0.2625245568251252,0.6221691421186369,,medium
context,3,microsomal_clearance,tanimoto_morgan_remap,observed,2,363,219,0.440124814067542,0.48440628570857036,0.7482480778007105,0.35661788527288313,0.2881737409014843,0.6345999679333012,,medium
context,3,microsomal_clearance,tanimoto_morgan_remap,observed,4,363,219,0.5327503520370662,0.4425258567241974,0.6835566165014672,0.3258503024248206,0.31564429452467707,0.6480327566186151,,medium
context,3,permeability,current_refit,expected,0,128,106,0.16327542935328698,0.6912846197872223,0.9147265004615932,0.5156086301063842,0.23031497388790204,0.6065767264660493,,medium
context,3,permeability,current_refit,expected,1,128,106,0.16327542935328698,0.6912846197872223,0.9147265004615932,0.5156086301063842,0.23031497388790204,0.6065767264660493,,medium
context,3,permeability,current_refit,expected,2,128,106,0.16327542935328698,0.6912846197872223,0.9147265004615932,0.5156086301063842,0.23031497388790204,0.6065767264660493,,medium
context,3,permeability,current_refit,expected,4,128,106,0.16327542935328698,0.6912846197872223,0.9147265004615932,0.5156086301063842,0.23031497388790204,0.6065767264660493,,medium
context,3,permeability,current_refit,observed,0,128,106,0.16327542935328698,0.6912846197872223,0.9147265004615932,0.5156086301063842,0.23031497388790204,0.6065767264660493,,medium
context,3,permeability,current_refit,observed,1,128,106,0.39701891175613113,0.5868369874118097,0.776518569155863,0.4393330168186943,0.2696787411191618,0.6276198398919753,,medium
context,3,permeability,current_refit,observed,2,128,106,0.4999314807083951,0.534417155338034,0.7071552299825017,0.402911711016759,0.28417060461952776,0.631494743441358,,medium
context,3,permeability,current_refit,observed,4,128,106,0.5936595392604467,0.48173773643039586,0.6374483984916374,0.3606371994121587,0.3126282137518797,0.6448760609567901,,medium
context,3,permeability,current_remap,expected,0,128,106,0.16327542935328698,0.6912846197872223,0.9147265004615932,0.5156086301063842,0.23031497388790204,0.6065767264660493,,medium
context,3,permeability,current_remap,expected,1,128,106,0.16327542935328698,0.6912846197872223,0.9147265004615932,0.5156086301063842,0.23031497388790204,0.6065767264660493,,medium
context,3,permeability,current_remap,expected,2,128,106,0.16327542935328698,0.6912846197872223,0.9147265004615932,0.5156086301063842,0.23031497388790204,0.6065767264660493,,medium
context,3,permeability,current_remap,expected,4,128,106,0.16327542935328698,0.6912846197872223,0.9147265004615932,0.5156086301063842,0.23031497388790204,0.6065767264660493,,medium
context,3,permeability,current_remap,observed,0,128,106,0.16327542935328698,0.6912846197872223,0.9147265004615932,0.5156086301063842,0.23031497388790204,0.6065767264660493,,medium
context,3,permeability,current_remap,observed,1,128,106,0.39742726558979635,0.5866382434345738,0.7762555857513707,0.4391307118739235,0.26801752749844765,0.6264817226080246,,medium
context,3,permeability,current_remap,observed,2,128,106,0.5001396940916567,0.5343058861971453,0.7070079956466853,0.40268664625857487,0.28436719688324474,0.6314416956018518,,medium
context,3,permeability,current_remap,observed,4,128,106,0.5944237051542653,0.48128454406821375,0.6368487221041859,0.3599505547824922,0.3075592198923266,0.6421019000771604,,medium
context,3,permeability,gp_linear,expected,0,128,106,0.16327542935328698,0.6912846197872223,0.9147265004615932,0.5156086301063842,0.23031497388790204,0.6065767264660493,,medium
context,3,permeability,gp_linear,expected,1,128,106,0.16327542935328698,0.6912846197872223,0.9147265004615932,0.5156086301063842,0.23031497388790204,0.6065767264660493,,medium
context,3,permeability,gp_linear,expected,2,128,106,0.16327542935328698,0.6912846197872223,0.9147265004615932,0.5156086301063842,0.23031497388790204,0.6065767264660493,,medium
context,3,permeability,gp_linear,expected,4,128,106,0.16327542935328698,0.6912846197872223,0.9147265004615932,0.5156086301063842,0.23031497388790204,0.6065767264660493,,medium
context,3,permeability,gp_linear,observed,0,128,106,0.16327542935328698,0.6912846197872223,0.9147265004615932,0.5156086301063842,0.23031497388790204,0.6065767264660493,,medium
context,3,permeability,gp_linear,observed,1,128,106,0.3970280011976042,0.5868325643538922,0.776512716446032,0.43920202998931746,0.27113252543028954,0.6280430169753086,,medium
context,3,permeability,gp_linear,observed,2,128,106,0.5011004757870449,0.533792144433023,0.7063281986533988,0.4024076872706668,0.2856982154017632,0.6323193962191358,,medium
context,3,permeability,gp_linear,observed,4,128,106,0.5955751797210742,0.4806008492525623,0.6359440386377765,0.3593792088630746,0.31141152204315825,0.6432303722993826,,medium
context,3,permeability,morgan_braun_blanquet,expected,0,128,106,0.16327542935328698,0.6912846197872223,0.9147265004615932,0.5156086301063842,0.23031497388790204,0.6065767264660493,,medium
context,3,permeability,morgan_braun_blanquet,expected,1,128,106,0.16327542935328698,0.6912846197872223,0.9147265004615932,0.5156086301063842,0.23031497388790204,0.6065767264660493,,medium
context,3,permeability,morgan_braun_blanquet,expected,2,128,106,0.16327542935328698,0.6912846197872223,0.9147265004615932,0.5156086301063842,0.23031497388790204,0.6065767264660493,,medium
context,3,permeability,morgan_braun_blanquet,expected,4,128,106,0.16327542935328698,0.6912846197872223,0.9147265004615932,0.5156086301063842,0.23031497388790204,0.6065767264660493,,medium
context,3,permeability,morgan_braun_blanquet,observed,0,128,106,0.16327542935328698,0.6912846197872223,0.9147265004615932,0.5156086301063842,0.23031497388790204,0.6065767264660493,,medium
context,3,permeability,morgan_braun_blanquet,observed,1,128,106,0.38407905886515725,0.5931002654720048,0.7848063080371123,0.4442672397578351,0.250146879873054,0.6154381269290123,,medium
context,3,permeability,morgan_braun_blanquet,observed,2,128,106,0.4754518858418494,0.5473413995066388,0.7242569393234356,0.4129941763772884,0.25604382547550464,0.6179386091820988,,medium
context,3,permeability,morgan_braun_blanquet,observed,4,128,106,0.5674010152052218,0.4970595030293635,0.6577225743387392,0.3752054213149478,0.27909568036742083,0.6284565489969136,,medium
context,3,permeability,morgan_cosine,expected,0,128,106,0.16327542935328698,0.6912846197872223,0.9147265004615932,0.5156086301063842,0.23031497388790204,0.6065767264660493,,medium
context,3,permeability,morgan_cosine,expected,1,128,106,0.16327542935328698,0.6912846197872223,0.9147265004615932,0.5156086301063842,0.23031497388790204,0.6065767264660493,,medium
context,3,permeability,morgan_cosine,expected,2,128,106,0.16327542935328698,0.6912846197872223,0.9147265004615932,0.5156086301063842,0.23031497388790204,0.6065767264660493,,medium
context,3,permeability,morgan_cosine,expected,4,128,106,0.16327542935328698,0.6912846197872223,0.9147265004615932,0.5156086301063842,0.23031497388790204,0.6065767264660493,,medium
context,3,permeability,morgan_cosine,observed,0,128,106,0.16327542935328698,0.6912846197872223,0.9147265004615932,0.5156086301063842,0.23031497388790204,0.6065767264660493,,medium
context,3,permeability,morgan_cosine,observed,1,128,106,0.382694402178971,0.5937665678756747,0.7856879773937164,0.4452433359342855,0.250521794805345,0.6156406732253086,,medium
context,3,permeability,morgan_cosine,observed,2,128,106,0.4714876532981429,0.549405752084523,0.7269885464722653,0.4147443966938237,0.25308392302660243,0.6157901716820987,,medium
context,3,permeability,morgan_cosine,observed,4,128,106,0.5611131725636205,0.500658860373628,0.6624853412992469,0.3779051015483993,0.2804465215749779,0.6279586226851852,,medium
context,3,permeability,morgan_dice,expected,0,128,106,0.16327542935328698,0.6912846197872223,0.9147265004615932,0.5156086301063842,0.23031497388790204,0.6065767264660493,,medium
context,3,permeability,morgan_dice,expected,1,128,106,0.16327542935328698,0.6912846197872223,0.9147265004615932,0.5156086301063842,0.23031497388790204,0.6065767264660493,,medium
context,3,permeability,morgan_dice,expected,2,128,106,0.16327542935328698,0.6912846197872223,0.9147265004615932,0.5156086301063842,0.23031497388790204,0.6065767264660493,,medium
context,3,permeability,morgan_dice,expected,4,128,106,0.16327542935328698,0.6912846197872223,0.9147265004615932,0.5156086301063842,0.23031497388790204,0.6065767264660493,,medium
context,3,permeability,morgan_dice,observed,0,128,106,0.16327542935328698,0.6912846197872223,0.9147265004615932,0.5156086301063842,0.23031497388790204,0.6065767264660493,,medium
context,3,permeability,morgan_dice,observed,1,128,106,0.38275013270916325,0.5937397645608714,0.7856525105228371,0.44519966684952483,0.25077238085968073,0.61587215470679,,medium
context,3,permeability,morgan_dice,observed,2,128,106,0.4717004208167692,0.5492951515785919,0.726842196892304,0.41466169038206546,0.25350943724436686,0.6160071855709877,,medium
context,3,permeability,morgan_dice,observed,4,128,106,0.561478587037789,0.5004503942281812,0.6622094932589014,0.3777286861302307,0.28113245245940904,0.6284360532407407,,medium
context,3,permeability,morgan_hamming,expected,0,128,106,0.16327542935328698,0.6912846197872223,0.9147265004615932,0.5156086301063842,0.23031497388790204,0.6065767264660493,,medium
context,3,permeability,morgan_hamming,expected,1,128,106,0.16327542935328698,0.6912846197872223,0.9147265004615932,0.5156086301063842,0.23031497388790204,0.6065767264660493,,medium
context,3,permeability,morgan_hamming,expected,2,128,106,0.16327542935328698,0.6912846197872223,0.9147265004615932,0.5156086301063842,0.23031497388790204,0.6065767264660493,,medium
context,3,permeability,morgan_hamming,expected,4,128,106,0.16327542935328698,0.6912846197872223,0.9147265004615932,0.5156086301063842,0.23031497388790204,0.6065767264660493,,medium
context,3,permeability,morgan_hamming,observed,0,128,106,0.16327542935328698,0.6912846197872223,0.9147265004615932,0.5156086301063842,0.23031497388790204,0.6065767264660493,,medium
context,3,permeability,morgan_hamming,observed,1,128,106,0.38239536192368506,0.5939103691048306,0.7858782590683591,0.4446959553989713,0.2492063148987082,0.6152391975308642,,medium
context,3,permeability,morgan_hamming,observed,2,128,106,0.4706866390466595,0.5498219346193776,0.727539250455493,0.4142342255519149,0.2514005632309936,0.6152693383487653,,medium
context,3,permeability,morgan_hamming,observed,4,128,106,0.5604868577793574,0.5010159663927742,0.6629578736395266,0.37756799317285056,0.2784557117882015,0.6270580150462962,,medium
context,3,permeability,morgan_pearson,expected,0,128,106,0.16327542935328698,0.6912846197872223,0.9147265004615932,0.5156086301063842,0.23031497388790204,0.6065767264660493,,medium
context,3,permeability,morgan_pearson,expected,1,128,106,0.16327542935328698,0.6912846197872223,0.9147265004615932,0.5156086301063842,0.23031497388790204,0.6065767264660493,,medium
context,3,permeability,morgan_pearson,expected,2,128,106,0.16327542935328698,0.6912846197872223,0.9147265004615932,0.5156086301063842,0.23031497388790204,0.6065767264660493,,medium
context,3,permeability,morgan_pearson,expected,4,128,106,0.16327542935328698,0.6912846197872223,0.9147265004615932,0.5156086301063842,0.23031497388790204,0.6065767264660493,,medium
context,3,permeability,morgan_pearson,observed,0,128,106,0.16327542935328698,0.6912846197872223,0.9147265004615932,0.5156086301063842,0.23031497388790204,0.6065767264660493,,medium
context,3,permeability,morgan_pearson,observed,1,128,106,0.38270534347368945,0.5937613058111292,0.7856810144876294,0.4452304995351515,0.25078221147201163,0.6157274787808642,,medium
context,3,permeability,morgan_pearson,observed,2,128,106,0.4714863101837976,0.5494064501895747,0.7269894702237457,0.4147326771193467,0.25308392302660243,0.6157901716820987,,medium
context,3,permeability,morgan_pearson,observed,4,128,106,0.5611025569241447,0.5006649152168039,0.6624933532314534,0.3778977784918428,0.2807069382416446,0.6280454282407407,,medium
context,3,permeability,morgan_selected,expected,0,128,106,0.16327542935328698,0.6912846197872223,0.9147265004615932,0.5156086301063842,0.23031497388790204,0.6065767264660493,,medium
context,3,permeability,morgan_selected,expected,1,128,106,0.16327542935328698,0.6912846197872223,0.9147265004615932,0.5156086301063842,0.23031497388790204,0.6065767264660493,,medium
context,3,permeability,morgan_selected,expected,2,128,106,0.16327542935328698,0.6912846197872223,0.9147265004615932,0.5156086301063842,0.23031497388790204,0.6065767264660493,,medium
context,3,permeability,morgan_selected,expected,4,128,106,0.16327542935328698,0.6912846197872223,0.9147265004615932,0.5156086301063842,0.23031497388790204,0.6065767264660493,,medium
context,3,permeability,morgan_selected,observed,0,128,106,0.16327542935328698,0.6912846197872223,0.9147265004615932,0.5156086301063842,0.23031497388790204,0.6065767264660493,,medium
context,3,permeability,morgan_selected,observed,1,128,106,0.38354172928994446,0.5933589194780233,0.7851485660115897,0.4442326112236265,0.24871458820638737,0.614917293595679,,medium
context,3,permeability,morgan_selected,observed,2,128,106,0.4735049969092624,0.5483562024817062,0.7255997540591766,0.41353499561128565,0.2538651730266024,0.6169403452932098,,medium
context,3,permeability,morgan_selected,observed,4,128,106,0.5638005460421389,0.49912370005340617,0.6604539756545198,0.37635958787690504,0.2726643906740076,0.6248107156635803,,medium
context,3,permeability,morgan_sokal,expected,0,128,106,0.16327542935328698,0.6912846197872223,0.9147265004615932,0.5156086301063842,0.23031497388790204,0.6065767264660493,,medium
context,3,permeability,morgan_sokal,expected,1,128,106,0.16327542935328698,0.6912846197872223,0.9147265004615932,0.5156086301063842,0.23031497388790204,0.6065767264660493,,medium
context,3,permeability,morgan_sokal,expected,2,128,106,0.16327542935328698,0.6912846197872223,0.9147265004615932,0.5156086301063842,0.23031497388790204,0.6065767264660493,,medium
context,3,permeability,morgan_sokal,expected,4,128,106,0.16327542935328698,0.6912846197872223,0.9147265004615932,0.5156086301063842,0.23031497388790204,0.6065767264660493,,medium
context,3,permeability,morgan_sokal,observed,0,128,106,0.16327542935328698,0.6912846197872223,0.9147265004615932,0.5156086301063842,0.23031497388790204,0.6065767264660493,,medium
context,3,permeability,morgan_sokal,observed,1,128,106,0.3815332234137768,0.5943247559163632,0.7864265869019328,0.4465508461290003,0.24526189803732545,0.6128339602623457,,medium
context,3,permeability,morgan_sokal,observed,2,128,106,0.4669309407824259,0.5517690943063963,0.7301157848023655,0.41752727501220405,0.24664183857164565,0.6130123939043208,,medium
context,3,permeability,morgan_sokal,observed,4,128,106,0.5539808806275627,0.5047105364452507,0.6678466286299851,0.38233144923721096,0.2740447237185574,0.6261357060185184,,medium
context,3,permeability,morgan_tanimoto,expected,0,128,106,0.16327542935328698,0.6912846197872223,0.9147265004615932,0.5156086301063842,0.23031497388790204,0.6065767264660493,,medium
context,3,permeability,morgan_tanimoto,expected,1,128,106,0.16327542935328698,0.6912846197872223,0.9147265004615932,0.5156086301063842,0.23031497388790204,0.6065767264660493,,medium
context,3,permeability,morgan_tanimoto,expected,2,128,106,0.16327542935328698,0.6912846197872223,0.9147265004615932,0.5156086301063842,0.23031497388790204,0.6065767264660493,,medium
context,3,permeability,morgan_tanimoto,expected,4,128,106,0.16327542935328698,0.6912846197872223,0.9147265004615932,0.5156086301063842,0.23031497388790204,0.6065767264660493,,medium
context,3,permeability,morgan_tanimoto,observed,0,128,106,0.16327542935328698,0.6912846197872223,0.9147265004615932,0.5156086301063842,0.23031497388790204,0.6065767264660493,,medium
context,3,permeability,morgan_tanimoto,observed,1,128,106,0.38261992340023043,0.5938023861763487,0.7857353731376547,0.4455256904755651,0.23950719069061885,0.6101863908179012,,medium
context,3,permeability,morgan_tanimoto,observed,2,128,106,0.4700403635031978,0.5501574901694664,0.7279832666324153,0.4157183637330157,0.24505379789160572,0.6125349633487654,,medium
context,3,permeability,morgan_tanimoto,observed,4,128,106,0.5590140884291288,0.50185469426987,0.6640677010447589,0.3795611506323383,0.27550795344603574,0.627003761574074,,medium
context,3,permeability,previous_delta_anchor,observed,0,128,106,0.10933438487748193,0.7132191182750091,0.9437508225811081,0.5419548045381011,0.23093599704011974,0.6035843460648148,,medium
context,3,permeability,previous_delta_anchor,observed,1,128,106,0.3242652208411867,0.6212319294275529,0.8220308869858926,0.4751481437970497,0.22347071926234202,0.6006908275462962,,medium
context,3,permeability,previous_delta_anchor,observed,2,128,106,0.4038091111852037,0.583523432120113,0.7721339837196627,0.45013813509781775,0.229720719262342,0.6040762442129628,,medium
context,3,permeability,previous_delta_anchor,observed,4,128,106,0.46393068178328223,0.5533196691938256,0.7321675479128515,0.4302466215599655,0.22901609130246178,0.6034252025462963,,medium
context,3,permeability,tanimoto_minimol,expected,0,128,106,0.16327542935328698,0.6912846197872223,0.9147265004615932,0.5156086301063842,0.23031497388790204,0.6065767264660493,,medium
context,3,permeability,tanimoto_minimol,expected,1,128,106,0.16327542935328698,0.6912846197872223,0.9147265004615932,0.5156086301063842,0.23031497388790204,0.6065767264660493,,medium
context,3,permeability,tanimoto_minimol,expected,2,128,106,0.16327542935328698,0.6912846197872223,0.9147265004615932,0.5156086301063842,0.23031497388790204,0.6065767264660493,,medium
context,3,permeability,tanimoto_minimol,expected,4,128,106,0.16327542935328698,0.6912846197872223,0.9147265004615932,0.5156086301063842,0.23031497388790204,0.6065767264660493,,medium
context,3,permeability,tanimoto_minimol,observed,0,128,106,0.16327542935328698,0.6912846197872223,0.9147265004615932,0.5156086301063842,0.23031497388790204,0.6065767264660493,,medium
context,3,permeability,tanimoto_minimol,observed,1,128,106,0.39625747062941774,0.587207397734179,0.7770087061099008,0.4397994474561895,0.2725554685592317,0.6286940586419753,,medium
context,3,permeability,tanimoto_minimol,observed,2,128,106,0.4981019172352127,0.5353938789229128,0.7084476570395214,0.4035078407375192,0.2794950126846863,0.6287410783179013,,medium
context,3,permeability,tanimoto_minimol,observed,4,128,106,0.5910851688544583,0.4832613519853413,0.6394644877907933,0.3610472159419417,0.3135646338120205,0.6450098861882716,,medium
context,3,permeability,tanimoto_minimol_remap,expected,0,128,106,0.16327542935328698,0.6912846197872223,0.9147265004615932,0.5156086301063842,0.23031497388790204,0.6065767264660493,,medium
context,3,permeability,tanimoto_minimol_remap,expected,1,128,106,0.16327542935328698,0.6912846197872223,0.9147265004615932,0.5156086301063842,0.23031497388790204,0.6065767264660493,,medium
context,3,permeability,tanimoto_minimol_remap,expected,2,128,106,0.16327542935328698,0.6912846197872223,0.9147265004615932,0.5156086301063842,0.23031497388790204,0.6065767264660493,,medium
context,3,permeability,tanimoto_minimol_remap,expected,4,128,106,0.16327542935328698,0.6912846197872223,0.9147265004615932,0.5156086301063842,0.23031497388790204,0.6065767264660493,,medium
context,3,permeability,tanimoto_minimol_remap,observed,0,128,106,0.16327542935328698,0.6912846197872223,0.9147265004615932,0.5156086301063842,0.23031497388790204,0.6065767264660493,,medium
context,3,permeability,tanimoto_minimol_remap,observed,1,128,106,0.3949088057630935,0.5878628958736897,0.7778760789720343,0.4408928049372945,0.26189672939824254,0.6232156635802468,,medium
context,3,permeability,tanimoto_minimol_remap,observed,2,128,106,0.4943584570077768,0.5373868157862868,0.7110847649839105,0.40604095676697965,0.27853336256328465,0.6292281539351852,,medium
context,3,permeability,tanimoto_minimol_remap,observed,4,128,106,0.5899262830201413,0.4839456613509942,0.6403699844463814,0.36305895771723634,0.30642116309080186,0.6405936535493826,,medium
context,3,permeability,tanimoto_morgan,expected,0,128,106,0.16327542935328698,0.6912846197872223,0.9147265004615932,0.5156086301063842,0.23031497388790204,0.6065767264660493,,medium
context,3,permeability,tanimoto_morgan,expected,1,128,106,0.16327542935328698,0.6912846197872223,0.9147265004615932,0.5156086301063842,0.23031497388790204,0.6065767264660493,,medium
context,3,permeability,tanimoto_morgan,expected,2,128,106,0.16327542935328698,0.6912846197872223,0.9147265004615932,0.5156086301063842,0.23031497388790204,0.6065767264660493,,medium
context,3,permeability,tanimoto_morgan,expected,4,128,106,0.16327542935328698,0.6912846197872223,0.9147265004615932,0.5156086301063842,0.23031497388790204,0.6065767264660493,,medium
context,3,permeability,tanimoto_morgan,observed,0,128,106,0.16327542935328698,0.6912846197872223,0.9147265004615932,0.5156086301063842,0.23031497388790204,0.6065767264660493,,medium
context,3,permeability,tanimoto_morgan,observed,1,128,106,0.382601787120352,0.5938111079407745,0.7857469140121697,0.44473656671536654,0.25209564621869607,0.6175407503858024,,medium
context,3,permeability,tanimoto_morgan,observed,2,128,106,0.4729021427991188,0.548670055615913,0.7260150530125951,0.4134713524587066,0.25610169584587494,0.6169331114969135,,medium
context,3,permeability,tanimoto_morgan,observed,4,128,106,0.562962777787481,0.499602780671524,0.6610879080822148,0.3760375950237178,0.28103145763716464,0.6293571566358025,,medium
context,3,permeability,tanimoto_morgan_remap,expected,0,128,106,0.16327542935328698,0.6912846197872223,0.9147265004615932,0.5156086301063842,0.23031497388790204,0.6065767264660493,,medium
context,3,permeability,tanimoto_morgan_remap,expected,1,128,106,0.16327542935328698,0.6912846197872223,0.9147265004615932,0.5156086301063842,0.23031497388790204,0.6065767264660493,,medium
context,3,permeability,tanimoto_morgan_remap,expected,2,128,106,0.16327542935328698,0.6912846197872223,0.9147265004615932,0.5156086301063842,0.23031497388790204,0.6065767264660493,,medium
context,3,permeability,tanimoto_morgan_remap,expected,4,128,106,0.16327542935328698,0.6912846197872223,0.9147265004615932,0.5156086301063842,0.23031497388790204,0.6065767264660493,,medium
context,3,permeability,tanimoto_morgan_remap,observed,0,128,106,0.16327542935328698,0.6912846197872223,0.9147265004615932,0.5156086301063842,0.23031497388790204,0.6065767264660493,,medium
context,3,permeability,tanimoto_morgan_remap,observed,1,128,106,0.3811784369826592,0.594495200098453,0.7866521232522931,0.44702244719951956,0.2442295799083833,0.6128339602623457,,medium
context,3,permeability,tanimoto_morgan_remap,observed,2,128,106,0.466007298862112,0.5522469090357193,0.7307480421717789,0.41836101083263455,0.24405269614937905,0.6123951099537035,,medium
context,3,permeability,tanimoto_morgan_remap,observed,4,128,106,0.551903923736663,0.5058843028441984,0.6693997880663969,0.3840805785833839,0.26774280738076633,0.623343460648148,,medium
context,3,protein_binding,current_refit,expected,0,133,72,0.14610057963539258,0.9538938579336109,0.9240667834981449,0.6156640295831136,0.32901014964753933,0.6506262348994178,,medium
context,3,protein_binding,current_refit,expected,1,133,72,0.14610057963539258,0.9538938579336109,0.9240667834981449,0.6156640295831136,0.32901014964753933,0.6506262348994178,,medium
context,3,protein_binding,current_refit,expected,2,133,72,0.14610057963539258,0.9538938579336109,0.9240667834981449,0.6156640295831136,0.32901014964753933,0.6506262348994178,,medium
context,3,protein_binding,current_refit,expected,4,133,72,0.14610057963539258,0.9538938579336109,0.9240667834981449,0.6156640295831136,0.32901014964753933,0.6506262348994178,,medium
context,3,protein_binding,current_refit,observed,0,133,72,0.14610057963539258,0.9538938579336109,0.9240667834981449,0.6156640295831136,0.32901014964753933,0.6506262348994178,,medium
context,3,protein_binding,current_refit,observed,1,133,72,0.38587979521155247,0.8089531790633039,0.7836582193714602,0.5267078679560798,0.35603471106220347,0.6635862142127806,,medium
context,3,protein_binding,current_refit,observed,2,133,72,0.45762479044760107,0.7602328093156395,0.7364612749849098,0.4858847708490764,0.3767817224347576,0.674343597087958,,medium
context,3,protein_binding,current_refit,observed,4,133,72,0.5134333552601322,0.7200586300939749,0.6975432923768013,0.45071424599996807,0.4081580356573603,0.6898748193234409,,medium
context,3,protein_binding,current_remap,expected,0,133,72,0.14610057963539258,0.9538938579336109,0.9240667834981449,0.6156640295831136,0.32901014964753933,0.6506262348994178,,medium
context,3,protein_binding,current_remap,expected,1,133,72,0.14610057963539258,0.9538938579336109,0.9240667834981449,0.6156640295831136,0.32901014964753933,0.6506262348994178,,medium
context,3,protein_binding,current_remap,expected,2,133,72,0.14610057963539258,0.9538938579336109,0.9240667834981449,0.6156640295831136,0.32901014964753933,0.6506262348994178,,medium
context,3,protein_binding,current_remap,expected,4,133,72,0.14610057963539258,0.9538938579336109,0.9240667834981449,0.6156640295831136,0.32901014964753933,0.6506262348994178,,medium
context,3,protein_binding,current_remap,observed,0,133,72,0.14610057963539258,0.9538938579336109,0.9240667834981449,0.6156640295831136,0.32901014964753933,0.6506262348994178,,medium
context,3,protein_binding,current_remap,observed,1,133,72,0.38623473001564956,0.8087193753759921,0.7834317264346335,0.5267707122896897,0.35844024394725443,0.6647975759504582,,medium
context,3,protein_binding,current_remap,observed,2,133,72,0.4593961144758363,0.7589903853570534,0.735257700078118,0.48544312806069223,0.3787798267631395,0.6754555038389624,,medium
context,3,protein_binding,current_remap,observed,4,133,72,0.5157280095525162,0.7183587208409072,0.6958965371716429,0.4495840762838662,0.407590430926027,0.6895638567317764,,medium
context,3,protein_binding,gp_linear,expected,0,133,72,0.14610057963539258,0.9538938579336109,0.9240667834981449,0.6156640295831136,0.32901014964753933,0.6506262348994178,,medium
context,3,protein_binding,gp_linear,expected,1,133,72,0.14610057963539258,0.9538938579336109,0.9240667834981449,0.6156640295831136,0.32901014964753933,0.6506262348994178,,medium
context,3,protein_binding,gp_linear,expected,2,133,72,0.14610057963539258,0.9538938579336109,0.9240667834981449,0.6156640295831136,0.32901014964753933,0.6506262348994178,,medium
context,3,protein_binding,gp_linear,expected,4,133,72,0.14610057963539258,0.9538938579336109,0.9240667834981449,0.6156640295831136,0.32901014964753933,0.6506262348994178,,medium
context,3,protein_binding,gp_linear,observed,0,133,72,0.14610057963539258,0.9538938579336109,0.9240667834981449,0.6156640295831136,0.32901014964753933,0.6506262348994178,,medium
context,3,protein_binding,gp_linear,observed,1,133,72,0.3853495478387319,0.8093023393285956,0.7839964618295596,0.5268006097358272,0.3546562649469152,0.6630014188911432,,medium
context,3,protein_binding,gp_linear,observed,2,133,72,0.4560781183781655,0.7613160020539005,0.7375105976335761,0.4862616172070618,0.3765400929572795,0.6741765127103474,,medium
context,3,protein_binding,gp_linear,observed,4,133,72,0.5118640733281481,0.7212188672101675,0.6986672503215331,0.4510321857405994,0.4071219517986596,0.6896659638514275,,medium
context,3,protein_binding,morgan_braun_blanquet,expected,0,133,72,0.14610057963539258,0.9538938579336109,0.9240667834981449,0.6156640295831137,0.32901014964753933,0.6506262348994178,,medium
context,3,protein_binding,morgan_braun_blanquet,expected,1,133,72,0.14610057963539258,0.9538938579336109,0.9240667834981449,0.6156640295831137,0.32901014964753933,0.6506262348994178,,medium
context,3,protein_binding,morgan_braun_blanquet,expected,2,133,72,0.14610057963539258,0.9538938579336109,0.9240667834981449,0.6156640295831137,0.32901014964753933,0.6506262348994178,,medium
context,3,protein_binding,morgan_braun_blanquet,expected,4,133,72,0.14610057963539258,0.9538938579336109,0.9240667834981449,0.6156640295831137,0.32901014964753933,0.6506262348994178,,medium
context,3,protein_binding,morgan_braun_blanquet,observed,0,133,72,0.14610057963539258,0.9538938579336109,0.9240667834981449,0.6156640295831137,0.32901014964753933,0.6506262348994178,,medium
context,3,protein_binding,morgan_braun_blanquet,observed,1,133,72,0.36519824596264505,0.8224618306597145,0.7967444722352047,0.5330602250451336,0.3549123620897171,0.6624099932370608,,medium
context,3,protein_binding,morgan_braun_blanquet,observed,2,133,72,0.44420435500249267,0.7695808685111034,0.7455170319969272,0.4937140756963015,0.3694402640959072,0.6698923234010953,,medium
context,3,protein_binding,morgan_braun_blanquet,observed,4,133,72,0.49881134041389186,0.7307979338821506,0.7079467914936179,0.4594374880153633,0.3979726553888092,0.6839768070971078,,medium
context,3,protein_binding,morgan_cosine,expected,0,133,72,0.14610057963539258,0.9538938579336109,0.9240667834981449,0.6156640295831137,0.32901014964753933,0.6506262348994178,,medium
context,3,protein_binding,morgan_cosine,expected,1,133,72,0.14610057963539258,0.9538938579336109,0.9240667834981449,0.6156640295831137,0.32901014964753933,0.6506262348994178,,medium
context,3,protein_binding,morgan_cosine,expected,2,133,72,0.14610057963539258,0.9538938579336109,0.9240667834981449,0.6156640295831137,0.32901014964753933,0.6506262348994178,,medium
context,3,protein_binding,morgan_cosine,expected,4,133,72,0.14610057963539258,0.9538938579336109,0.9240667834981449,0.6156640295831137,0.32901014964753933,0.6506262348994178,,medium
context,3,protein_binding,morgan_cosine,observed,0,133,72,0.14610057963539258,0.9538938579336109,0.9240667834981449,0.6156640295831137,0.32901014964753933,0.6506262348994178,,medium
context,3,protein_binding,morgan_cosine,observed,1,133,72,0.36544532760523163,0.822301753126196,0.7965894001270468,0.533405101754957,0.3540103815246632,0.6634045431037912,,medium
context,3,protein_binding,morgan_cosine,observed,2,133,72,0.44696131324573807,0.7676697884249069,0.7436657090079264,0.493734675132175,0.37471122120420763,0.6732436249353542,,medium
context,3,protein_binding,morgan_cosine,observed,4,133,72,0.4880351273095134,0.7386127070502587,0.7155172064251751,0.46318808390801036,0.3943472453879908,0.6827913036559654,,medium
context,3,protein_binding,morgan_dice,expected,0,133,72,0.14610057963539258,0.9538938579336109,0.9240667834981449,0.6156640295831137,0.32901014964753933,0.6506262348994178,,medium
context,3,protein_binding,morgan_dice,expected,1,133,72,0.14610057963539258,0.9538938579336109,0.9240667834981449,0.6156640295831137,0.32901014964753933,0.6506262348994178,,medium
context,3,protein_binding,morgan_dice,expected,2,133,72,0.14610057963539258,0.9538938579336109,0.9240667834981449,0.6156640295831137,0.32901014964753933,0.6506262348994178,,medium
context,3,protein_binding,morgan_dice,expected,4,133,72,0.14610057963539258,0.9538938579336109,0.9240667834981449,0.6156640295831137,0.32901014964753933,0.6506262348994178,,medium
context,3,protein_binding,morgan_dice,observed,0,133,72,0.14610057963539258,0.9538938579336109,0.9240667834981449,0.6156640295831137,0.32901014964753933,0.6506262348994178,,medium
context,3,protein_binding,morgan_dice,observed,1,133,72,0.36569448705879093,0.8221402978722911,0.7964329933781052,0.5332518052879496,0.3552299367637069,0.6640311095198314,,medium
context,3,protein_binding,morgan_dice,observed,2,133,72,0.4455762005151298,0.7686305207182558,0.7445964003974704,0.4939363840704941,0.3758054631600434,0.6737031069737835,,medium
context,3,protein_binding,morgan_dice,observed,4,133,72,0.48804615274342666,0.7386047538000772,0.715509501863234,0.4630614559983822,0.3950991250872389,0.6830419302223814,,medium
context,3,protein_binding,morgan_hamming,expected,0,133,72,0.14610057963539258,0.9538938579336109,0.9240667834981449,0.6156640295831137,0.32901014964753933,0.6506262348994178,,medium
context,3,protein_binding,morgan_hamming,expected,1,133,72,0.14610057963539258,0.9538938579336109,0.9240667834981449,0.6156640295831137,0.32901014964753933,0.6506262348994178,,medium
context,3,protein_binding,morgan_hamming,expected,2,133,72,0.14610057963539258,0.9538938579336109,0.9240667834981449,0.6156640295831137,0.32901014964753933,0.6506262348994178,,medium
context,3,protein_binding,morgan_hamming,expected,4,133,72,0.14610057963539258,0.9538938579336109,0.9240667834981449,0.6156640295831137,0.32901014964753933,0.6506262348994178,,medium
context,3,protein_binding,morgan_hamming,observed,0,133,72,0.14610057963539258,0.9538938579336109,0.9240667834981449,0.6156640295831137,0.32901014964753933,0.6506262348994178,,medium
context,3,protein_binding,morgan_hamming,observed,1,133,72,0.3666922663772908,0.8214934191856968,0.7958063417834198,0.5345096456136141,0.35816121586264316,0.6644272718834122,,medium
context,3,protein_binding,morgan_hamming,observed,2,133,72,0.45087465080355016,0.7649489260648619,0.741029924629532,0.49462372897238355,0.37781461858219206,0.6743227115407566,,medium
context,3,protein_binding,morgan_hamming,observed,4,133,72,0.5053874458663355,0.7259876965352372,0.7032869642853224,0.45989198859499053,0.3962851027332462,0.6842950630544616,,medium
context,3,protein_binding,morgan_pearson,expected,0,133,72,0.14610057963539258,0.9538938579336109,0.9240667834981449,0.6156640295831137,0.32901014964753933,0.6506262348994178,,medium
context,3,protein_binding,morgan_pearson,expected,1,133,72,0.14610057963539258,0.9538938579336109,0.9240667834981449,0.6156640295831137,0.32901014964753933,0.6506262348994178,,medium
context,3,protein_binding,morgan_pearson,expected,2,133,72,0.14610057963539258,0.9538938579336109,0.9240667834981449,0.6156640295831137,0.32901014964753933,0.6506262348994178,,medium
context,3,protein_binding,morgan_pearson,expected,4,133,72,0.14610057963539258,0.9538938579336109,0.9240667834981449,0.6156640295831137,0.32901014964753933,0.6506262348994178,,medium
context,3,protein_binding,morgan_pearson,observed,0,133,72,0.14610057963539258,0.9538938579336109,0.9240667834981449,0.6156640295831137,0.32901014964753933,0.6506262348994178,,medium
context,3,protein_binding,morgan_pearson,observed,1,133,72,0.36537649074613376,0.8223463538023353,0.7966326061955199,0.5334471358112192,0.3537597549582472,0.6632374587261805,,medium
context,3,protein_binding,morgan_pearson,observed,2,133,72,0.4468943970937316,0.767716229981063,0.7437106983943881,0.4937611357835702,0.37546310090345575,0.6735777936905756,,medium
context,3,protein_binding,morgan_pearson,observed,4,133,72,0.4878522696990262,0.7387445997876043,0.7156449750406788,0.4632209952128331,0.3937206789719507,0.6825406770895494,,medium
context,3,protein_binding,morgan_selected,expected,0,133,72,0.14610057963539258,0.9538938579336109,0.9240667834981449,0.6156640295831137,0.32901014964753933,0.6506262348994178,,medium
context,3,protein_binding,morgan_selected,expected,1,133,72,0.14610057963539258,0.9538938579336109,0.9240667834981449,0.6156640295831137,0.32901014964753933,0.6506262348994178,,medium
context,3,protein_binding,morgan_selected,expected,2,133,72,0.14610057963539258,0.9538938579336109,0.9240667834981449,0.6156640295831137,0.32901014964753933,0.6506262348994178,,medium
context,3,protein_binding,morgan_selected,expected,4,133,72,0.14610057963539258,0.9538938579336109,0.9240667834981449,0.6156640295831137,0.32901014964753933,0.6506262348994178,,medium
context,3,protein_binding,morgan_selected,observed,0,133,72,0.14610057963539258,0.9538938579336109,0.9240667834981449,0.6156640295831137,0.32901014964753933,0.6506262348994178,,medium
context,3,protein_binding,morgan_selected,observed,1,133,72,0.3657302456006585,0.8221171237456243,0.7964105438775541,0.5333458881348255,0.3586457676220024,0.6653468989935154,,medium
context,3,protein_binding,morgan_selected,observed,2,133,72,0.44577024176881686,0.7684960035113044,0.7444660893762611,0.4940632808490283,0.37679118062918926,0.6746011855034411,,medium
context,3,protein_binding,morgan_selected,observed,4,133,72,0.4884388830458015,0.7383214000160069,0.7152350081995417,0.46297909477813304,0.3967012065021295,0.6842115208656562,,medium
context,3,protein_binding,morgan_sokal,expected,0,133,72,0.14610057963539258,0.9538938579336109,0.9240667834981449,0.6156640295831137,0.32901014964753933,0.6506262348994178,,medium
context,3,protein_binding,morgan_sokal,expected,1,133,72,0.14610057963539258,0.9538938579336109,0.9240667834981449,0.6156640295831137,0.32901014964753933,0.6506262348994178,,medium
context,3,protein_binding,morgan_sokal,expected,2,133,72,0.14610057963539258,0.9538938579336109,0.9240667834981449,0.6156640295831137,0.32901014964753933,0.6506262348994178,,medium
context,3,protein_binding,morgan_sokal,expected,4,133,72,0.14610057963539258,0.9538938579336109,0.9240667834981449,0.6156640295831137,0.32901014964753933,0.6506262348994178,,medium
context,3,protein_binding,morgan_sokal,observed,0,133,72,0.14610057963539258,0.9538938579336109,0.9240667834981449,0.6156640295831137,0.32901014964753933,0.6506262348994178,,medium
context,3,protein_binding,morgan_sokal,observed,1,133,72,0.3640637049950838,0.8231964695310593,0.7974561398628242,0.5344423657251395,0.36174357697662246,0.6661107132911643,,medium
context,3,protein_binding,morgan_sokal,observed,2,133,72,0.45141436700063897,0.7645729128093143,0.7406656688407807,0.4954226314064759,0.3731056699397189,0.6720604421105675,,medium
context,3,protein_binding,morgan_sokal,observed,4,133,72,0.5113662862962944,0.7215865126736116,0.6990233999686317,0.46105653929305157,0.40238917561037213,0.687360928776969,,medium
context,3,protein_binding,morgan_tanimoto,expected,0,133,72,0.14610057963539258,0.9538938579336109,0.9240667834981449,0.6156640295831137,0.32901014964753933,0.6506262348994178,,medium
context,3,protein_binding,morgan_tanimoto,expected,1,133,72,0.14610057963539258,0.9538938579336109,0.9240667834981449,0.6156640295831137,0.32901014964753933,0.6506262348994178,,medium
context,3,protein_binding,morgan_tanimoto,expected,2,133,72,0.14610057963539258,0.9538938579336109,0.9240667834981449,0.6156640295831137,0.32901014964753933,0.6506262348994178,,medium
context,3,protein_binding,morgan_tanimoto,expected,4,133,72,0.14610057963539258,0.9538938579336109,0.9240667834981449,0.6156640295831137,0.32901014964753933,0.6506262348994178,,medium
context,3,protein_binding,morgan_tanimoto,observed,0,133,72,0.14610057963539258,0.9538938579336109,0.9240667834981449,0.6156640295831137,0.32901014964753933,0.6506262348994178,,medium
context,3,protein_binding,morgan_tanimoto,observed,1,133,72,0.36557694583819633,0.8222164684996572,0.7965067822446986,0.5337883332271224,0.36140511565119365,0.6659893782074234,,medium
context,3,protein_binding,morgan_tanimoto,observed,2,133,72,0.44974923967810765,0.7657323914415491,0.7417888920184046,0.4949452666872824,0.3776987738454061,0.6748047367094986,,medium
context,3,protein_binding,morgan_tanimoto,observed,4,133,72,0.5055386010686881,0.725876755960113,0.7031794926839888,0.460456322325115,0.399820451772886,0.6863040537852567,,medium
context,3,protein_binding,previous_delta_anchor,observed,0,133,72,0.10265012161769993,0.9778620655094044,0.9472855316019031,0.62987510150358,0.3681203279784109,0.6699208338306083,,medium
context,3,protein_binding,previous_delta_anchor,observed,1,133,72,0.33372852340686554,0.8426016500294657,0.8162545415451815,0.557301475952468,0.37084878380962966,0.6720153558499422,,medium
context,3,protein_binding,previous_delta_anchor,observed,2,133,72,0.4143562749185601,0.7899751713587861,0.7652736275878321,0.5272150250316162,0.37449025893645677,0.6742988423439551,,medium
context,3,protein_binding,previous_delta_anchor,observed,4,133,72,0.46524805791769863,0.754871240756453,0.731267353354641,0.5034542901642438,0.3786255972823214,0.6755519751760353,,medium
context,3,protein_binding,tanimoto_minimol,expected,0,133,72,0.14610057963539258,0.9538938579336109,0.9240667834981449,0.6156640295831136,0.32901014964753933,0.6506262348994178,,medium
context,3,protein_binding,tanimoto_minimol,expected,1,133,72,0.14610057963539258,0.9538938579336109,0.9240667834981449,0.6156640295831136,0.32901014964753933,0.6506262348994178,,medium
context,3,protein_binding,tanimoto_minimol,expected,2,133,72,0.14610057963539258,0.9538938579336109,0.9240667834981449,0.6156640295831136,0.32901014964753933,0.6506262348994178,,medium
context,3,protein_binding,tanimoto_minimol,expected,4,133,72,0.14610057963539258,0.9538938579336109,0.9240667834981449,0.6156640295831136,0.32901014964753933,0.6506262348994178,,medium
context,3,protein_binding,tanimoto_minimol,observed,0,133,72,0.14610057963539258,0.9538938579336109,0.9240667834981449,0.6156640295831136,0.32901014964753933,0.6506262348994178,,medium
context,3,protein_binding,tanimoto_minimol,observed,1,133,72,0.3873757681320079,0.8079672890678616,0.7827031569298747,0.525090299335859,0.3521651283622467,0.6615603161342509,,medium
context,3,protein_binding,tanimoto_minimol,observed,2,133,72,0.45868058803954825,0.7594925072607271,0.7357441212544289,0.485077799306829,0.378621267918356,0.6750560263091592,,medium
context,3,protein_binding,tanimoto_minimol,observed,4,133,72,0.5149234817487418,0.7189551828909674,0.6964743485953078,0.45038143827265115,0.4072490320911353,0.6895830846958667,,medium
context,3,protein_binding,tanimoto_minimol_remap,expected,0,133,72,0.14610057963539258,0.9538938579336109,0.9240667834981449,0.6156640295831136,0.32901014964753933,0.6506262348994178,,medium
context,3,protein_binding,tanimoto_minimol_remap,expected,1,133,72,0.14610057963539258,0.9538938579336109,0.9240667834981449,0.6156640295831136,0.32901014964753933,0.6506262348994178,,medium
context,3,protein_binding,tanimoto_minimol_remap,expected,2,133,72,0.14610057963539258,0.9538938579336109,0.9240667834981449,0.6156640295831136,0.32901014964753933,0.6506262348994178,,medium
context,3,protein_binding,tanimoto_minimol_remap,expected,4,133,72,0.14610057963539258,0.9538938579336109,0.9240667834981449,0.6156640295831136,0.32901014964753933,0.6506262348994178,,medium
context,3,protein_binding,tanimoto_minimol_remap,observed,0,133,72,0.14610057963539258,0.9538938579336109,0.9240667834981449,0.6156640295831136,0.32901014964753933,0.6506262348994178,,medium
context,3,protein_binding,tanimoto_minimol_remap,observed,1,133,72,0.3851407146019331,0.8094398116702319,0.784129635582068,0.5264570281827972,0.3551923010541414,0.6624282266512843,,medium
context,3,protein_binding,tanimoto_minimol_remap,observed,2,133,72,0.46273529948238634,0.7566427005444463,0.7329834244494303,0.48497783160997887,0.3861137324094375,0.6786960788213922,,medium
context,3,protein_binding,tanimoto_minimol_remap,observed,4,133,72,0.5201608031311836,0.7150634069453607,0.6927042636427297,0.4479505173932387,0.40963255506892704,0.691946135179218,,medium
context,3,protein_binding,tanimoto_morgan,expected,0,133,72,0.14610057963539258,0.9538938579336109,0.9240667834981449,0.6156640295831136,0.32901014964753933,0.6506262348994178,,medium
context,3,protein_binding,tanimoto_morgan,expected,1,133,72,0.14610057963539258,0.9538938579336109,0.9240667834981449,0.6156640295831136,0.32901014964753933,0.6506262348994178,,medium
context,3,protein_binding,tanimoto_morgan,expected,2,133,72,0.14610057963539258,0.9538938579336109,0.9240667834981449,0.6156640295831136,0.32901014964753933,0.6506262348994178,,medium
context,3,protein_binding,tanimoto_morgan,expected,4,133,72,0.14610057963539258,0.9538938579336109,0.9240667834981449,0.6156640295831136,0.32901014964753933,0.6506262348994178,,medium
context,3,protein_binding,tanimoto_morgan,observed,0,133,72,0.14610057963539258,0.9538938579336109,0.9240667834981449,0.6156640295831136,0.32901014964753933,0.6506262348994178,,medium
context,3,protein_binding,tanimoto_morgan,observed,1,133,72,0.3662405818155836,0.8217863176758158,0.796090081702075,0.5333938828132531,0.36051153566600513,0.6658501412260811,,medium
context,3,protein_binding,tanimoto_morgan,observed,2,133,72,0.4490624903561161,0.7662100847605987,0.742251648461547,0.49415274059137126,0.3771736617691364,0.6745912400047739,,medium
context,3,protein_binding,tanimoto_morgan,observed,4,133,72,0.500724225853899,0.7294019833516776,0.706594490599878,0.4605237236074635,0.4000277923500306,0.6858107570513585,,medium
context,3,protein_binding,tanimoto_morgan_remap,expected,0,133,72,0.14610057963539258,0.9538938579336109,0.9240667834981449,0.6156640295831136,0.32901014964753933,0.6506262348994178,,medium
context,3,protein_binding,tanimoto_morgan_remap,expected,1,133,72,0.14610057963539258,0.9538938579336109,0.9240667834981449,0.6156640295831136,0.32901014964753933,0.6506262348994178,,medium
context,3,protein_binding,tanimoto_morgan_remap,expected,2,133,72,0.14610057963539258,0.9538938579336109,0.9240667834981449,0.6156640295831136,0.32901014964753933,0.6506262348994178,,medium
context,3,protein_binding,tanimoto_morgan_remap,expected,4,133,72,0.14610057963539258,0.9538938579336109,0.9240667834981449,0.6156640295831136,0.32901014964753933,0.6506262348994178,,medium
context,3,protein_binding,tanimoto_morgan_remap,observed,0,133,72,0.14610057963539258,0.9538938579336109,0.9240667834981449,0.6156640295831136,0.32901014964753933,0.6506262348994178,,medium
context,3,protein_binding,tanimoto_morgan_remap,observed,1,133,72,0.3659946795494483,0.8219457311013504,0.7962445104680795,0.5338641498987056,0.35672836025323773,0.6639008234872896,,medium
context,3,protein_binding,tanimoto_morgan_remap,observed,2,133,72,0.4529787660672252,0.7634819700072086,0.7396088384631263,0.4935905232791783,0.37026026990890754,0.6703425229741019,,medium
context,3,protein_binding,tanimoto_morgan_remap,observed,4,133,72,0.5079655028341853,0.7240932006580061,0.7014517069377012,0.4612540905653599,0.3953990199540933,0.6838362440492766,,medium
context,3,macro,current_refit,expected,0,880,583,0.10682782183366911,,0.9450778688374472,,0.22256275221314267,0.6015629562147882,6.0,medium
context,3,macro,current_refit,expected,1,880,583,0.10682782183366911,,0.9450778688374472,,0.22256275221314267,0.6015629562147882,6.0,medium
context,3,macro,current_refit,expected,2,880,583,0.10682782183366911,,0.9450778688374472,,0.22256275221314267,0.6015629562147882,6.0,medium
context,3,macro,current_refit,expected,4,880,583,0.10682782183366911,,0.9450778688374472,,0.22256275221314267,0.6015629562147882,6.0,medium
context,3,macro,current_refit,observed,0,880,583,0.10682782183366911,,0.9450778688374472,,0.22256275221314267,0.6015629562147882,6.0,medium
context,3,macro,current_refit,observed,1,880,583,0.3565389519458562,,0.8021602383901509,,0.24860229602487194,0.6143957904071621,6.0,medium
context,3,macro,current_refit,observed,2,880,583,0.447086073806875,,0.7435818221239173,,0.2731184806749006,0.6254721803110734,6.0,medium
context,3,macro,current_refit,observed,4,880,583,0.5412387180612352,,0.6773191876351686,,0.3116907212691762,0.6444208973321056,6.0,medium
context,3,macro,current_remap,expected,0,880,583,0.10682782183366911,,0.9450778688374472,,0.22256275221314267,0.6015629562147882,6.0,medium
context,3,macro,current_remap,expected,1,880,583,0.10682782183366911,,0.9450778688374472,,0.22256275221314267,0.6015629562147882,6.0,medium
context,3,macro,current_remap,expected,2,880,583,0.10682782183366911,,0.9450778688374472,,0.22256275221314267,0.6015629562147882,6.0,medium
context,3,macro,current_remap,expected,4,880,583,0.10682782183366911,,0.9450778688374472,,0.22256275221314267,0.6015629562147882,6.0,medium
context,3,macro,current_remap,observed,0,880,583,0.10682782183366911,,0.9450778688374472,,0.22256275221314267,0.6015629562147882,6.0,medium
context,3,macro,current_remap,observed,1,880,583,0.35655700927229805,,0.8021489828751901,,0.24879289731252718,0.6145972033146339,6.0,medium
context,3,macro,current_remap,observed,2,880,583,0.44750064881377977,,0.7433030009264191,,0.27281702363560667,0.6254291738013135,6.0,medium
context,3,macro,current_remap,observed,4,880,583,0.5415956314984166,,0.6770556613023655,,0.31072356307246934,0.6441257701587363,6.0,medium
context,3,macro,gp_linear,expected,0,880,583,0.10682782183366911,,0.9450778688374472,,0.22256275221314267,0.6015629562147882,6.0,medium
context,3,macro,gp_linear,expected,1,880,583,0.10682782183366911,,0.9450778688374472,,0.22256275221314267,0.6015629562147882,6.0,medium
context,3,macro,gp_linear,expected,2,880,583,0.10682782183366911,,0.9450778688374472,,0.22256275221314267,0.6015629562147882,6.0,medium
context,3,macro,gp_linear,expected,4,880,583,0.10682782183366911,,0.9450778688374472,,0.22256275221314267,0.6015629562147882,6.0,medium
context,3,macro,gp_linear,observed,0,880,583,0.10682782183366911,,0.9450778688374472,,0.22256275221314267,0.6015629562147882,6.0,medium
context,3,macro,gp_linear,observed,1,880,583,0.3562410003146721,,0.8023459351709386,,0.24823128819760618,0.6142219757503781,6.0,medium
context,3,macro,gp_linear,observed,2,880,583,0.4468854944958844,,0.7437166836263092,,0.27338834903042736,0.6255685856118558,6.0,medium
context,3,macro,gp_linear,observed,4,880,583,0.5413021903018281,,0.6772723305275153,,0.31145279390432634,0.6441354920296756,6.0,medium
context,3,macro,morgan_braun_blanquet,expected,0,880,583,0.10682782183366907,,0.9450778688374472,,0.22256275221314267,0.6015629562147882,6.0,medium
context,3,macro,morgan_braun_blanquet,expected,1,880,583,0.10682782183366907,,0.9450778688374472,,0.22256275221314267,0.6015629562147882,6.0,medium
context,3,macro,morgan_braun_blanquet,expected,2,880,583,0.10682782183366907,,0.9450778688374472,,0.22256275221314267,0.6015629562147882,6.0,medium
context,3,macro,morgan_braun_blanquet,expected,4,880,583,0.10682782183366907,,0.9450778688374472,,0.22256275221314267,0.6015629562147882,6.0,medium
context,3,macro,morgan_braun_blanquet,observed,0,880,583,0.10682782183366907,,0.9450778688374472,,0.22256275221314267,0.6015629562147882,6.0,medium
context,3,macro,morgan_braun_blanquet,observed,1,880,583,0.34625817974077594,,0.8085430231343437,,0.24616440877181053,0.6130443475060462,6.0,medium
context,3,macro,morgan_braun_blanquet,observed,2,880,583,0.434650641088099,,0.7518971730974263,,0.26664398738004913,0.6229455166640961,6.0,medium
context,3,macro,morgan_braun_blanquet,observed,4,880,583,0.5254698169444407,,0.6888615122472436,,0.30543654755301297,0.6413886494812999,6.0,medium
context,3,macro,morgan_cosine,expected,0,880,583,0.10682782183366907,,0.9450778688374472,,0.22256275221314267,0.6015629562147882,6.0,medium
context,3,macro,morgan_cosine,expected,1,880,583,0.10682782183366907,,0.9450778688374472,,0.22256275221314267,0.6015629562147882,6.0,medium
context,3,macro,morgan_cosine,expected,2,880,583,0.10682782183366907,,0.9450778688374472,,0.22256275221314267,0.6015629562147882,6.0,medium
context,3,macro,morgan_cosine,expected,4,880,583,0.10682782183366907,,0.9450778688374472,,0.22256275221314267,0.6015629562147882,6.0,medium
context,3,macro,morgan_cosine,observed,0,880,583,0.10682782183366907,,0.9450778688374472,,0.22256275221314267,0.6015629562147882,6.0,medium
context,3,macro,morgan_cosine,observed,1,880,583,0.34498086758854946,,0.8093325227688868,,0.245714776883297,0.6129291238398652,6.0,medium
context,3,macro,morgan_cosine,observed,2,880,583,0.43285433385195254,,0.753090742306694,,0.2659615034781309,0.6228950861642065,6.0,medium
context,3,macro,morgan_cosine,observed,4,880,583,0.5199721540056546,,0.6928404188515169,,0.30376811161928363,0.6403926054163406,6.0,medium
context,3,macro,morgan_dice,expected,0,880,583,0.10682782183366907,,0.9450778688374472,,0.22256275221314267,0.6015629562147882,6.0,medium
context,3,macro,morgan_dice,expected,1,880,583,0.10682782183366907,,0.9450778688374472,,0.22256275221314267,0.6015629562147882,6.0,medium
context,3,macro,morgan_dice,expected,2,880,583,0.10682782183366907,,0.9450778688374472,,0.22256275221314267,0.6015629562147882,6.0,medium
context,3,macro,morgan_dice,expected,4,880,583,0.10682782183366907,,0.9450778688374472,,0.22256275221314267,0.6015629562147882,6.0,medium
context,3,macro,morgan_dice,observed,0,880,583,0.10682782183366907,,0.9450778688374472,,0.22256275221314267,0.6015629562147882,6.0,medium
context,3,macro,morgan_dice,observed,1,880,583,0.34517519541282815,,0.8092124594858706,,0.2463936113920604,0.6132581840887906,6.0,medium
context,3,macro,morgan_dice,observed,2,880,583,0.4328565819509193,,0.7530892497234845,,0.2664727127527994,0.6230990286101598,6.0,medium
context,3,macro,morgan_dice,observed,4,880,583,0.5202982107367263,,0.6926050745289654,,0.30379422554680136,0.6404857029808269,6.0,medium
context,3,macro,morgan_hamming,expected,0,880,583,0.10682782183366907,,0.9450778688374472,,0.22256275221314267,0.6015629562147882,6.0,medium
context,3,macro,morgan_hamming,expected,1,880,583,0.10682782183366907,,0.9450778688374472,,0.22256275221314267,0.6015629562147882,6.0,medium
context,3,macro,morgan_hamming,expected,2,880,583,0.10682782183366907,,0.9450778688374472,,0.22256275221314267,0.6015629562147882,6.0,medium
context,3,macro,morgan_hamming,expected,4,880,583,0.10682782183366907,,0.9450778688374472,,0.22256275221314267,0.6015629562147882,6.0,medium
context,3,macro,morgan_hamming,observed,0,880,583,0.10682782183366907,,0.9450778688374472,,0.22256275221314267,0.6015629562147882,6.0,medium
context,3,macro,morgan_hamming,observed,1,880,583,0.34616386983964764,,0.808601341923418,,0.24699179969096038,0.6135292627634413,6.0,medium
context,3,macro,morgan_hamming,observed,2,880,583,0.4337851442722977,,0.7524724949974599,,0.2664186036206703,0.62321865064363,6.0,medium
context,3,macro,morgan_hamming,observed,4,880,583,0.523147686906762,,0.6905449392278811,,0.30405987655019723,0.6408388345709675,6.0,medium
context,3,macro,morgan_pearson,expected,0,880,583,0.10682782183366907,,0.9450778688374472,,0.22256275221314267,0.6015629562147882,6.0,medium
context,3,macro,morgan_pearson,expected,1,880,583,0.10682782183366907,,0.9450778688374472,,0.22256275221314267,0.6015629562147882,6.0,medium
context,3,macro,morgan_pearson,expected,2,880,583,0.10682782183366907,,0.9450778688374472,,0.22256275221314267,0.6015629562147882,6.0,medium
context,3,macro,morgan_pearson,expected,4,880,583,0.10682782183366907,,0.9450778688374472,,0.22256275221314267,0.6015629562147882,6.0,medium
context,3,macro,morgan_pearson,observed,0,880,583,0.10682782183366907,,0.9450778688374472,,0.22256275221314267,0.6015629562147882,6.0,medium
context,3,macro,morgan_pearson,observed,1,880,583,0.34499173198650146,,0.8093258107916109,,0.24558611207330538,0.6129037754637136,6.0,medium
context,3,macro,morgan_pearson,observed,2,880,583,0.4328475219206183,,0.7530952649428767,,0.26582467223341033,0.6228933619241427,6.0,medium
context,3,macro,morgan_pearson,observed,4,880,583,0.5201493672618387,,0.6927125181041275,,0.3036198355489403,0.6403109428387737,6.0,medium
context,3,macro,morgan_selected,expected,0,880,583,0.10682782183366907,,0.9450778688374472,,0.22256275221314267,0.6015629562147882,6.0,medium
context,3,macro,morgan_selected,expected,1,880,583,0.10682782183366907,,0.9450778688374472,,0.22256275221314267,0.6015629562147882,6.0,medium
context,3,macro,morgan_selected,expected,2,880,583,0.10682782183366907,,0.9450778688374472,,0.22256275221314267,0.6015629562147882,6.0,medium
context,3,macro,morgan_selected,expected,4,880,583,0.10682782183366907,,0.9450778688374472,,0.22256275221314267,0.6015629562147882,6.0,medium
context,3,macro,morgan_selected,observed,0,880,583,0.10682782183366907,,0.9450778688374472,,0.22256275221314267,0.6015629562147882,6.0,medium
context,3,macro,morgan_selected,observed,1,880,583,0.34592786733570763,,0.8087472613024989,,0.2468024640959324,0.6134268154696435,6.0,medium
context,3,macro,morgan_selected,observed,2,880,583,0.43356524600214863,,0.7526185979617109,,0.2682569655153854,0.6241726207886802,6.0,medium
context,3,macro,morgan_selected,observed,4,880,583,0.521000204978333,,0.6920981108352102,,0.3060322609841852,0.6416897883651015,6.0,medium
context,3,macro,morgan_sokal,expected,0,880,583,0.10682782183366907,,0.9450778688374472,,0.22256275221314267,0.6015629562147882,6.0,medium
context,3,macro,morgan_sokal,expected,1,880,583,0.10682782183366907,,0.9450778688374472,,0.22256275221314267,0.6015629562147882,6.0,medium
context,3,macro,morgan_sokal,expected,2,880,583,0.10682782183366907,,0.9450778688374472,,0.22256275221314267,0.6015629562147882,6.0,medium
context,3,macro,morgan_sokal,expected,4,880,583,0.10682782183366907,,0.9450778688374472,,0.22256275221314267,0.6015629562147882,6.0,medium
context,3,macro,morgan_sokal,observed,0,880,583,0.10682782183366907,,0.9450778688374472,,0.22256275221314267,0.6015629562147882,6.0,medium
context,3,macro,morgan_sokal,observed,1,880,583,0.3447255479228473,,0.8094902421136111,,0.24266755634443693,0.6110048179475953,6.0,medium
context,3,macro,morgan_sokal,observed,2,880,583,0.4325868834369017,,0.7532682898961687,,0.25856989079380316,0.6190455087794916,6.0,medium
context,3,macro,morgan_sokal,observed,4,880,583,0.5208291888571518,,0.692221648854504,,0.3028419635705388,0.6401647784014999,6.0,medium
context,3,macro,morgan_tanimoto,expected,0,880,583,0.10682782183366907,,0.9450778688374472,,0.22256275221314267,0.6015629562147882,6.0,medium
context,3,macro,morgan_tanimoto,expected,1,880,583,0.10682782183366907,,0.9450778688374472,,0.22256275221314267,0.6015629562147882,6.0,medium
context,3,macro,morgan_tanimoto,expected,2,880,583,0.10682782183366907,,0.9450778688374472,,0.22256275221314267,0.6015629562147882,6.0,medium
context,3,macro,morgan_tanimoto,expected,4,880,583,0.10682782183366907,,0.9450778688374472,,0.22256275221314267,0.6015629562147882,6.0,medium
context,3,macro,morgan_tanimoto,observed,0,880,583,0.10682782183366907,,0.9450778688374472,,0.22256275221314267,0.6015629562147882,6.0,medium
context,3,macro,morgan_tanimoto,observed,1,880,583,0.3455210634813211,,0.8089987246706133,,0.24422682283355393,0.6116578825517335,6.0,medium
context,3,macro,morgan_tanimoto,observed,2,880,583,0.43364103918562064,,0.7525682432938421,,0.26404478017059285,0.6217406829579385,6.0,medium
context,3,macro,morgan_tanimoto,observed,4,880,583,0.5226721206454243,,0.690889194700985,,0.3041581197065294,0.6414009262367295,6.0,medium
context,3,macro,previous_delta_anchor,observed,0,880,583,-0.007156195036603789,,1.0035717189302436,,0.22177223717947347,0.6026608808808112,6.0,medium
context,3,macro,previous_delta_anchor,observed,1,880,583,0.24551324828982413,,0.86861196843595,,0.22091260934729648,0.6021327373091919,6.0,medium
context,3,macro,previous_delta_anchor,observed,2,880,583,0.32316654893018987,,0.8226988823803094,,0.22172375608164174,0.6023497597407523,6.0,medium
context,3,macro,previous_delta_anchor,observed,4,880,583,0.3936959312819976,,0.7786552951839488,,0.221173433582328,0.6017477599583865,6.0,medium
context,3,macro,tanimoto_minimol,expected,0,880,583,0.10682782183366911,,0.9450778688374472,,0.22256275221314267,0.6015629562147882,6.0,medium
context,3,macro,tanimoto_minimol,expected,1,880,583,0.10682782183366911,,0.9450778688374472,,0.22256275221314267,0.6015629562147882,6.0,medium
context,3,macro,tanimoto_minimol,expected,2,880,583,0.10682782183366911,,0.9450778688374472,,0.22256275221314267,0.6015629562147882,6.0,medium
context,3,macro,tanimoto_minimol,expected,4,880,583,0.10682782183366911,,0.9450778688374472,,0.22256275221314267,0.6015629562147882,6.0,medium
context,3,macro,tanimoto_minimol,observed,0,880,583,0.10682782183366911,,0.9450778688374472,,0.22256275221314267,0.6015629562147882,6.0,medium
context,3,macro,tanimoto_minimol,observed,1,880,583,0.35520906435364535,,0.8029887518803452,,0.24935637483089737,0.6151190958288129,6.0,medium
context,3,macro,tanimoto_minimol,observed,2,880,583,0.44645740078230384,,0.744004434944911,,0.2755955279471061,0.6269808096511879,6.0,medium
context,3,macro,tanimoto_minimol,observed,4,880,583,0.5399374994331453,,0.6782790727767256,,0.31588917882399903,0.6463444972356228,6.0,medium
context,3,macro,tanimoto_minimol_remap,expected,0,880,583,0.10682782183366911,,0.9450778688374472,,0.22256275221314267,0.6015629562147882,6.0,medium
context,3,macro,tanimoto_minimol_remap,expected,1,880,583,0.10682782183366911,,0.9450778688374472,,0.22256275221314267,0.6015629562147882,6.0,medium
context,3,macro,tanimoto_minimol_remap,expected,2,880,583,0.10682782183366911,,0.9450778688374472,,0.22256275221314267,0.6015629562147882,6.0,medium
context,3,macro,tanimoto_minimol_remap,expected,4,880,583,0.10682782183366911,,0.9450778688374472,,0.22256275221314267,0.6015629562147882,6.0,medium
context,3,macro,tanimoto_minimol_remap,observed,0,880,583,0.10682782183366911,,0.9450778688374472,,0.22256275221314267,0.6015629562147882,6.0,medium
context,3,macro,tanimoto_minimol_remap,observed,1,880,583,0.35572395473527524,,0.8026680791365288,,0.24891860380037176,0.6147413950254242,6.0,medium
context,3,macro,tanimoto_minimol_remap,observed,2,880,583,0.44735095252223034,,0.7434036907883694,,0.27753300533651615,0.6279415580370824,6.0,medium
context,3,macro,tanimoto_minimol_remap,observed,4,880,583,0.5419210473083329,,0.6768153017564446,,0.314459182848561,0.645714106920445,6.0,medium
context,3,macro,tanimoto_morgan,expected,0,880,583,0.10682782183366911,,0.9450778688374472,,0.22256275221314267,0.6015629562147882,6.0,medium
context,3,macro,tanimoto_morgan,expected,1,880,583,0.10682782183366911,,0.9450778688374472,,0.22256275221314267,0.6015629562147882,6.0,medium
context,3,macro,tanimoto_morgan,expected,2,880,583,0.10682782183366911,,0.9450778688374472,,0.22256275221314267,0.6015629562147882,6.0,medium
context,3,macro,tanimoto_morgan,expected,4,880,583,0.10682782183366911,,0.9450778688374472,,0.22256275221314267,0.6015629562147882,6.0,medium
context,3,macro,tanimoto_morgan,observed,0,880,583,0.10682782183366911,,0.9450778688374472,,0.22256275221314267,0.6015629562147882,6.0,medium
context,3,macro,tanimoto_morgan,observed,1,880,583,0.3457639695497495,,0.8088485831416474,,0.24631675551080853,0.613081740965355,6.0,medium
context,3,macro,tanimoto_morgan,observed,2,880,583,0.4347458838132006,,0.7518338354894646,,0.26689928612439684,0.6234573279254851,6.0,medium
context,3,macro,tanimoto_morgan,observed,4,880,583,0.5241744216529268,,0.6898011150665626,,0.3059532673922018,0.6419253067433037,6.0,medium
context,3,macro,tanimoto_morgan_remap,expected,0,880,583,0.10682782183366911,,0.9450778688374472,,0.22256275221314267,0.6015629562147882,6.0,medium
context,3,macro,tanimoto_morgan_remap,expected,1,880,583,0.10682782183366911,,0.9450778688374472,,0.22256275221314267,0.6015629562147882,6.0,medium
context,3,macro,tanimoto_morgan_remap,expected,2,880,583,0.10682782183366911,,0.9450778688374472,,0.22256275221314267,0.6015629562147882,6.0,medium
context,3,macro,tanimoto_morgan_remap,expected,4,880,583,0.10682782183366911,,0.9450778688374472,,0.22256275221314267,0.6015629562147882,6.0,medium
context,3,macro,tanimoto_morgan_remap,observed,0,880,583,0.10682782183366911,,0.9450778688374472,,0.22256275221314267,0.6015629562147882,6.0,medium
context,3,macro,tanimoto_morgan_remap,observed,1,880,583,0.34474997041585814,,0.80947515686656,,0.24156395762076177,0.6104930094272453,6.0,medium
context,3,macro,tanimoto_morgan_remap,observed,2,880,583,0.43226337462836145,,0.7534829960733278,,0.2592281510705205,0.6193237615619215,6.0,medium
context,3,macro,tanimoto_morgan_remap,observed,4,880,583,0.519273004145072,,0.6933447885828002,,0.29811944412875796,0.638006095544064,6.0,medium
context,3,cellular_clearance,current_refit,expected,0,113,67,-0.09151102500456454,0.7705398723574999,1.044754050006299,0.47406918279199695,0.1233181588698462,0.558121946746578,,small
context,3,cellular_clearance,current_refit,expected,1,113,67,-0.09151102500456454,0.7705398723574999,1.044754050006299,0.47406918279199695,0.1233181588698462,0.558121946746578,,small
context,3,cellular_clearance,current_refit,observed,0,113,67,-0.09151102500456454,0.7705398723574999,1.044754050006299,0.47406918279199695,0.1233181588698462,0.558121946746578,,small
context,3,cellular_clearance,current_refit,observed,1,113,67,0.27585525018227064,0.6276156239360456,0.8509669498974266,0.40845833554158545,0.1497778473196432,0.5702305840395809,,small
context,3,cellular_clearance,current_remap,expected,0,113,67,-0.09151102500456454,0.7705398723574999,1.044754050006299,0.47406918279199695,0.1233181588698462,0.558121946746578,,small
context,3,cellular_clearance,current_remap,expected,1,113,67,-0.09151102500456454,0.7705398723574999,1.044754050006299,0.47406918279199695,0.1233181588698462,0.558121946746578,,small
context,3,cellular_clearance,current_remap,observed,0,113,67,-0.09151102500456454,0.7705398723574999,1.044754050006299,0.47406918279199695,0.1233181588698462,0.558121946746578,,small
context,3,cellular_clearance,current_remap,observed,1,113,67,0.2742548264176906,0.62830878410254,0.8519067869094068,0.4087377353776006,0.15230214476945866,0.571921286541493,,small
context,3,cellular_clearance,gp_linear,expected,0,113,67,-0.09151102500456454,0.7705398723574999,1.044754050006299,0.47406918279199695,0.1233181588698462,0.558121946746578,,small
context,3,cellular_clearance,gp_linear,expected,1,113,67,-0.09151102500456454,0.7705398723574999,1.044754050006299,0.47406918279199695,0.1233181588698462,0.558121946746578,,small
context,3,cellular_clearance,gp_linear,observed,0,113,67,-0.09151102500456454,0.7705398723574999,1.044754050006299,0.47406918279199695,0.1233181588698462,0.558121946746578,,small
context,3,cellular_clearance,gp_linear,observed,1,113,67,0.2755457588234975,0.6277497275545206,0.8511487773453608,0.40849906614195824,0.15042246619963184,0.5700269037474052,,small
context,3,cellular_clearance,morgan_braun_blanquet,expected,0,113,67,-0.09151102500456476,0.7705398723574999,1.0447540500062993,0.474069182791997,0.1233181588698462,0.558121946746578,,small
context,3,cellular_clearance,morgan_braun_blanquet,expected,1,113,67,-0.09151102500456476,0.7705398723574999,1.0447540500062993,0.474069182791997,0.1233181588698462,0.558121946746578,,small
context,3,cellular_clearance,morgan_braun_blanquet,observed,0,113,67,-0.09151102500456476,0.7705398723574999,1.0447540500062993,0.474069182791997,0.1233181588698462,0.558121946746578,,small
context,3,cellular_clearance,morgan_braun_blanquet,observed,1,113,67,0.24404799489266205,0.6412511617427745,0.8694550046479335,0.4116959881735339,0.162010312540181,0.5772719912284809,,small
context,3,cellular_clearance,morgan_cosine,expected,0,113,67,-0.09151102500456476,0.7705398723574999,1.0447540500062993,0.474069182791997,0.1233181588698462,0.558121946746578,,small
context,3,cellular_clearance,morgan_cosine,expected,1,113,67,-0.09151102500456476,0.7705398723574999,1.0447540500062993,0.474069182791997,0.1233181588698462,0.558121946746578,,small
context,3,cellular_clearance,morgan_cosine,observed,0,113,67,-0.09151102500456476,0.7705398723574999,1.0447540500062993,0.474069182791997,0.1233181588698462,0.558121946746578,,small
context,3,cellular_clearance,morgan_cosine,observed,1,113,67,0.26020722909875416,0.6343604446471517,0.8601120688033891,0.4112542583527918,0.1561742050314432,0.5755863612242669,,small
context,3,cellular_clearance,morgan_dice,expected,0,113,67,-0.09151102500456476,0.7705398723574999,1.0447540500062993,0.474069182791997,0.1233181588698462,0.558121946746578,,small
context,3,cellular_clearance,morgan_dice,expected,1,113,67,-0.09151102500456476,0.7705398723574999,1.0447540500062993,0.474069182791997,0.1233181588698462,0.558121946746578,,small
context,3,cellular_clearance,morgan_dice,observed,0,113,67,-0.09151102500456476,0.7705398723574999,1.0447540500062993,0.474069182791997,0.1233181588698462,0.558121946746578,,small
context,3,cellular_clearance,morgan_dice,observed,1,113,67,0.25909827965876253,0.6348357197904995,0.8607564814401559,0.41134657386094436,0.15632169765681192,0.5755863612242669,,small
context,3,cellular_clearance,morgan_hamming,expected,0,113,67,-0.09151102500456476,0.7705398723574999,1.0447540500062993,0.474069182791997,0.1233181588698462,0.558121946746578,,small
context,3,cellular_clearance,morgan_hamming,expected,1,113,67,-0.09151102500456476,0.7705398723574999,1.0447540500062993,0.474069182791997,0.1233181588698462,0.558121946746578,,small
context,3,cellular_clearance,morgan_hamming,observed,0,113,67,-0.09151102500456476,0.7705398723574999,1.0447540500062993,0.474069182791997,0.1233181588698462,0.558121946746578,,small
context,3,cellular_clearance,morgan_hamming,observed,1,113,67,0.2670666694339805,0.6314126656241087,0.8561152554218501,0.4115109065854372,0.15391317682328529,0.5742636099015156,,small
context,3,cellular_clearance,morgan_pearson,expected,0,113,67,-0.09151102500456476,0.7705398723574999,1.0447540500062993,0.474069182791997,0.1233181588698462,0.558121946746578,,small
context,3,cellular_clearance,morgan_pearson,expected,1,113,67,-0.09151102500456476,0.7705398723574999,1.0447540500062993,0.474069182791997,0.1233181588698462,0.558121946746578,,small
context,3,cellular_clearance,morgan_pearson,observed,0,113,67,-0.09151102500456476,0.7705398723574999,1.0447540500062993,0.474069182791997,0.1233181588698462,0.558121946746578,,small
context,3,cellular_clearance,morgan_pearson,observed,1,113,67,0.26023694149607,0.634347705566986,0.8600947962311655,0.4112440250571297,0.1563216976568119,0.5756846896411794,,small
context,3,cellular_clearance,morgan_selected,expected,0,113,67,-0.09151102500456476,0.7705398723574999,1.0447540500062993,0.474069182791997,0.1233181588698462,0.558121946746578,,small
context,3,cellular_clearance,morgan_selected,expected,1,113,67,-0.09151102500456476,0.7705398723574999,1.0447540500062993,0.474069182791997,0.1233181588698462,0.558121946746578,,small
context,3,cellular_clearance,morgan_selected,observed,0,113,67,-0.09151102500456476,0.7705398723574999,1.0447540500062993,0.474069182791997,0.1233181588698462,0.558121946746578,,small
context,3,cellular_clearance,morgan_selected,observed,1,113,67,0.24256207439665622,0.6418810829951772,0.870309097736743,0.4122536091602852,0.15892979616430977,0.5760288391003731,,small
context,3,cellular_clearance,morgan_sokal,expected,0,113,67,-0.09151102500456476,0.7705398723574999,1.0447540500062993,0.474069182791997,0.1233181588698462,0.558121946746578,,small
context,3,cellular_clearance,morgan_sokal,expected,1,113,67,-0.09151102500456476,0.7705398723574999,1.0447540500062993,0.474069182791997,0.1233181588698462,0.558121946746578,,small
context,3,cellular_clearance,morgan_sokal,observed,0,113,67,-0.09151102500456476,0.7705398723574999,1.0447540500062993,0.474069182791997,0.1233181588698462,0.558121946746578,,small
context,3,cellular_clearance,morgan_sokal,observed,1,113,67,0.25974153153504975,0.6345600773336864,0.8603827453319541,0.41280548880392764,0.14567915952751376,0.5698013726959155,,small
context,3,cellular_clearance,morgan_tanimoto,expected,0,113,67,-0.09151102500456476,0.7705398723574999,1.0447540500062993,0.474069182791997,0.1233181588698462,0.558121946746578,,small
context,3,cellular_clearance,morgan_tanimoto,expected,1,113,67,-0.09151102500456476,0.7705398723574999,1.0447540500062993,0.474069182791997,0.1233181588698462,0.558121946746578,,small
context,3,cellular_clearance,morgan_tanimoto,observed,0,113,67,-0.09151102500456476,0.7705398723574999,1.0447540500062993,0.474069182791997,0.1233181588698462,0.558121946746578,,small
context,3,cellular_clearance,morgan_tanimoto,observed,1,113,67,0.25776440331247863,0.6354069234609349,0.8615309609570171,0.41172047398725625,0.15346263119445486,0.5732729120819091,,small
context,3,cellular_clearance,previous_delta_anchor,observed,0,113,67,-0.13222036514962832,0.7847774825193817,1.0640584406646227,0.5166586976437195,0.16046259580734112,0.5755931895865524,,small
context,3,cellular_clearance,previous_delta_anchor,observed,1,113,67,0.1860740686022625,0.6653857487247511,0.9021784365621568,0.45237896710774705,0.15647071460140843,0.5739461886032681,,small
context,3,cellular_clearance,tanimoto_minimol,expected,0,113,67,-0.09151102500456454,0.7705398723574999,1.044754050006299,0.47406918279199695,0.1233181588698462,0.558121946746578,,small
context,3,cellular_clearance,tanimoto_minimol,expected,1,113,67,-0.09151102500456454,0.7705398723574999,1.044754050006299,0.47406918279199695,0.1233181588698462,0.558121946746578,,small
context,3,cellular_clearance,tanimoto_minimol,observed,0,113,67,-0.09151102500456454,0.7705398723574999,1.044754050006299,0.47406918279199695,0.1233181588698462,0.558121946746578,,small
context,3,cellular_clearance,tanimoto_minimol,observed,1,113,67,0.2868820624880212,0.6228188289456524,0.8444631060691632,0.4082829618458404,0.16069430080034122,0.5752068993772533,,small
context,3,cellular_clearance,tanimoto_minimol_remap,expected,0,113,67,-0.09151102500456454,0.7705398723574999,1.044754050006299,0.47406918279199695,0.1233181588698462,0.558121946746578,,small
context,3,cellular_clearance,tanimoto_minimol_remap,expected,1,113,67,-0.09151102500456454,0.7705398723574999,1.044754050006299,0.47406918279199695,0.1233181588698462,0.558121946746578,,small
context,3,cellular_clearance,tanimoto_minimol_remap,observed,0,113,67,-0.09151102500456454,0.7705398723574999,1.044754050006299,0.47406918279199695,0.1233181588698462,0.558121946746578,,small
context,3,cellular_clearance,tanimoto_minimol_remap,observed,1,113,67,0.2938767455511043,0.6197568139646421,0.8403114032600627,0.40905600896389815,0.1528873822676603,0.5725231579029514,,small
context,3,cellular_clearance,tanimoto_morgan,expected,0,113,67,-0.09151102500456454,0.7705398723574999,1.044754050006299,0.47406918279199695,0.1233181588698462,0.558121946746578,,small
context,3,cellular_clearance,tanimoto_morgan,expected,1,113,67,-0.09151102500456454,0.7705398723574999,1.044754050006299,0.47406918279199695,0.1233181588698462,0.558121946746578,,small
context,3,cellular_clearance,tanimoto_morgan,observed,0,113,67,-0.09151102500456454,0.7705398723574999,1.044754050006299,0.47406918279199695,0.1233181588698462,0.558121946746578,,small
context,3,cellular_clearance,tanimoto_morgan,observed,1,113,67,0.25776440331247874,0.6354069234609347,0.8615309609570171,0.4117204739872562,0.15346263119445486,0.5732729120819091,,small
context,3,cellular_clearance,tanimoto_morgan_remap,expected,0,113,67,-0.09151102500456454,0.7705398723574999,1.044754050006299,0.47406918279199695,0.1233181588698462,0.558121946746578,,small
context,3,cellular_clearance,tanimoto_morgan_remap,expected,1,113,67,-0.09151102500456454,0.7705398723574999,1.044754050006299,0.47406918279199695,0.1233181588698462,0.558121946746578,,small
context,3,cellular_clearance,tanimoto_morgan_remap,observed,0,113,67,-0.09151102500456454,0.7705398723574999,1.044754050006299,0.47406918279199695,0.1233181588698462,0.558121946746578,,small
context,3,cellular_clearance,tanimoto_morgan_remap,observed,1,113,67,0.2597120690308281,0.6345727050466634,0.8603998669044364,0.4128986833383201,0.14472600455707077,0.5692843681228636,,small
context,3,efflux,current_refit,expected,0,89,79,0.041826275840659566,0.7155209657221305,0.9788634859669353,0.5171179536114074,0.22070311913799118,0.5997859818084538,,small
context,3,efflux,current_refit,expected,1,89,79,0.041826275840659566,0.7155209657221305,0.9788634859669353,0.5171179536114074,0.22070311913799118,0.5997859818084538,,small
context,3,efflux,current_refit,observed,0,89,79,0.041826275840659566,0.7155209657221305,0.9788634859669353,0.5171179536114074,0.22070311913799118,0.5997859818084538,,small
context,3,efflux,current_refit,observed,1,89,79,0.29897217196794645,0.6120231702635731,0.8372740459563126,0.4414103396649637,0.23280776034919573,0.6053571428571429,,small
context,3,efflux,current_remap,expected,0,89,79,0.041826275840659566,0.7155209657221305,0.9788634859669353,0.5171179536114074,0.22070311913799118,0.5997859818084538,,small
context,3,efflux,current_remap,expected,1,89,79,0.041826275840659566,0.7155209657221305,0.9788634859669353,0.5171179536114074,0.22070311913799118,0.5997859818084538,,small
context,3,efflux,current_remap,observed,0,89,79,0.041826275840659566,0.7155209657221305,0.9788634859669353,0.5171179536114074,0.22070311913799118,0.5997859818084538,,small
context,3,efflux,current_remap,observed,1,89,79,0.2985084547986424,0.6122255579029522,0.8375509209602469,0.4415434725662853,0.230068216318372,0.6035000891742465,,small
context,3,efflux,gp_linear,expected,0,89,79,0.041826275840659566,0.7155209657221305,0.9788634859669353,0.5171179536114074,0.22070311913799118,0.5997859818084538,,small
context,3,efflux,gp_linear,expected,1,89,79,0.041826275840659566,0.7155209657221305,0.9788634859669353,0.5171179536114074,0.22070311913799118,0.5997859818084538,,small
context,3,efflux,gp_linear,observed,0,89,79,0.041826275840659566,0.7155209657221305,0.9788634859669353,0.5171179536114074,0.22070311913799118,0.5997859818084538,,small
context,3,efflux,gp_linear,observed,1,89,79,0.29804563300778564,0.6124274880686965,0.8378271701205532,0.4416471870961596,0.2309852789245574,0.6037965935437846,,small
context,3,efflux,morgan_braun_blanquet,expected,0,89,79,0.041826275840659344,0.7155209657221305,0.9788634859669354,0.5171179536114076,0.22070311913799118,0.5997859818084538,,small
context,3,efflux,morgan_braun_blanquet,expected,1,89,79,0.041826275840659344,0.7155209657221305,0.9788634859669354,0.5171179536114076,0.22070311913799118,0.5997859818084538,,small
context,3,efflux,morgan_braun_blanquet,observed,0,89,79,0.041826275840659344,0.7155209657221305,0.9788634859669354,0.5171179536114076,0.22070311913799118,0.5997859818084538,,small
context,3,efflux,morgan_braun_blanquet,observed,1,89,79,0.29728457710782885,0.6127593937521902,0.8382812313848922,0.4431733121070656,0.21954237297577175,0.6007379168896023,,small
context,3,efflux,morgan_cosine,expected,0,89,79,0.041826275840659344,0.7155209657221305,0.9788634859669354,0.5171179536114076,0.22070311913799118,0.5997859818084538,,small
context,3,efflux,morgan_cosine,expected,1,89,79,0.041826275840659344,0.7155209657221305,0.9788634859669354,0.5171179536114076,0.22070311913799118,0.5997859818084538,,small
context,3,efflux,morgan_cosine,observed,0,89,79,0.041826275840659344,0.7155209657221305,0.9788634859669354,0.5171179536114076,0.22070311913799118,0.5997859818084538,,small
context,3,efflux,morgan_cosine,observed,1,89,79,0.3008496457211962,0.6112030688580726,0.8361521119262952,0.44237996253414114,0.23619559455447503,0.608603085428928,,small
context,3,efflux,morgan_dice,expected,0,89,79,0.041826275840659344,0.7155209657221305,0.9788634859669354,0.5171179536114076,0.22070311913799118,0.5997859818084538,,small
context,3,efflux,morgan_dice,expected,1,89,79,0.041826275840659344,0.7155209657221305,0.9788634859669354,0.5171179536114076,0.22070311913799118,0.5997859818084538,,small
context,3,efflux,morgan_dice,observed,0,89,79,0.041826275840659344,0.7155209657221305,0.9788634859669354,0.5171179536114076,0.22070311913799118,0.5997859818084538,,small
context,3,efflux,morgan_dice,observed,1,89,79,0.3008139442932942,0.6112186739018269,0.8361734602979849,0.442365257904954,0.23512217680024863,0.6080412876761191,,small
context,3,efflux,morgan_hamming,expected,0,89,79,0.041826275840659344,0.7155209657221305,0.9788634859669354,0.5171179536114076,0.22070311913799118,0.5997859818084538,,small
context,3,efflux,morgan_hamming,expected,1,89,79,0.041826275840659344,0.7155209657221305,0.9788634859669354,0.5171179536114076,0.22070311913799118,0.5997859818084538,,small
context,3,efflux,morgan_hamming,observed,0,89,79,0.041826275840659344,0.7155209657221305,0.9788634859669354,0.5171179536114076,0.22070311913799118,0.5997859818084538,,small
context,3,efflux,morgan_hamming,observed,1,89,79,0.30058301293494927,0.6113196040508566,0.8363115370871376,0.44219325235021834,0.2332728051996835,0.6064807383627607,,small
context,3,efflux,morgan_pearson,expected,0,89,79,0.041826275840659344,0.7155209657221305,0.9788634859669354,0.5171179536114076,0.22070311913799118,0.5997859818084538,,small
context,3,efflux,morgan_pearson,expected,1,89,79,0.041826275840659344,0.7155209657221305,0.9788634859669354,0.5171179536114076,0.22070311913799118,0.5997859818084538,,small
context,3,efflux,morgan_pearson,observed,0,89,79,0.041826275840659344,0.7155209657221305,0.9788634859669354,0.5171179536114076,0.22070311913799118,0.5997859818084538,,small
context,3,efflux,morgan_pearson,observed,1,89,79,0.29969182851233567,0.6117089462357221,0.8368441739581296,0.44278208163558036,0.23478437762847085,0.6076043338683788,,small
context,3,efflux,morgan_selected,expected,0,89,79,0.041826275840659344,0.7155209657221305,0.9788634859669354,0.5171179536114076,0.22070311913799118,0.5997859818084538,,small
context,3,efflux,morgan_selected,expected,1,89,79,0.041826275840659344,0.7155209657221305,0.9788634859669354,0.5171179536114076,0.22070311913799118,0.5997859818084538,,small
context,3,efflux,morgan_selected,observed,0,89,79,0.041826275840659344,0.7155209657221305,0.9788634859669354,0.5171179536114076,0.22070311913799118,0.5997859818084538,,small
context,3,efflux,morgan_selected,observed,1,89,79,0.2969021058883433,0.6129261262189174,0.8385093285775995,0.4435841942824819,0.21898057522296274,0.5998640092741216,,small
context,3,efflux,morgan_sokal,expected,0,89,79,0.041826275840659344,0.7155209657221305,0.9788634859669354,0.5171179536114076,0.22070311913799118,0.5997859818084538,,small
context,3,efflux,morgan_sokal,expected,1,89,79,0.041826275840659344,0.7155209657221305,0.9788634859669354,0.5171179536114076,0.22070311913799118,0.5997859818084538,,small
context,3,efflux,morgan_sokal,observed,0,89,79,0.041826275840659344,0.7155209657221305,0.9788634859669354,0.5171179536114076,0.22070311913799118,0.5997859818084538,,small
context,3,efflux,morgan_sokal,observed,1,89,79,0.3000817353220844,0.6115386335783172,0.8366111789104397,0.44283997299053496,0.23134774897885763,0.6065275548421615,,small
context,3,efflux,morgan_tanimoto,expected,0,89,79,0.041826275840659344,0.7155209657221305,0.9788634859669354,0.5171179536114076,0.22070311913799118,0.5997859818084538,,small
context,3,efflux,morgan_tanimoto,expected,1,89,79,0.041826275840659344,0.7155209657221305,0.9788634859669354,0.5171179536114076,0.22070311913799118,0.5997859818084538,,small
context,3,efflux,morgan_tanimoto,observed,0,89,79,0.041826275840659344,0.7155209657221305,0.9788634859669354,0.5171179536114076,0.22070311913799118,0.5997859818084538,,small
context,3,efflux,morgan_tanimoto,observed,1,89,79,0.300106745005271,0.6115277076424742,0.8365962317598191,0.4426907958889689,0.23161430211718328,0.6066055823078295,,small
context,3,efflux,previous_delta_anchor,observed,0,89,79,-0.05190395800425929,0.7497013283367868,1.0256236922011208,0.5460664621045052,0.18898337465924667,0.5864098448368111,,small
context,3,efflux,previous_delta_anchor,observed,1,89,79,0.18183858065743785,0.6611800392046734,0.9045227577803459,0.48738989724663384,0.19460135218733654,0.5867843766720171,,small
context,3,efflux,tanimoto_minimol,expected,0,89,79,0.041826275840659566,0.7155209657221305,0.9788634859669353,0.5171179536114074,0.22070311913799118,0.5997859818084538,,small
context,3,efflux,tanimoto_minimol,expected,1,89,79,0.041826275840659566,0.7155209657221305,0.9788634859669353,0.5171179536114074,0.22070311913799118,0.5997859818084538,,small
context,3,efflux,tanimoto_minimol,observed,0,89,79,0.041826275840659566,0.7155209657221305,0.9788634859669353,0.5171179536114074,0.22070311913799118,0.5997859818084538,,small
context,3,efflux,tanimoto_minimol,observed,1,89,79,0.2949794187883902,0.6137636060419975,0.8396550370310475,0.44294287784232067,0.23327682579331868,0.6060281790618869,,small
context,3,efflux,tanimoto_minimol_remap,expected,0,89,79,0.041826275840659566,0.7155209657221305,0.9788634859669353,0.5171179536114074,0.22070311913799118,0.5997859818084538,,small
context,3,efflux,tanimoto_minimol_remap,expected,1,89,79,0.041826275840659566,0.7155209657221305,0.9788634859669353,0.5171179536114074,0.22070311913799118,0.5997859818084538,,small
context,3,efflux,tanimoto_minimol_remap,observed,0,89,79,0.041826275840659566,0.7155209657221305,0.9788634859669353,0.5171179536114074,0.22070311913799118,0.5997859818084538,,small
context,3,efflux,tanimoto_minimol_remap,observed,1,89,79,0.29734956665843326,0.6127310580439398,0.8382424669160867,0.4418662452721156,0.2290333325278048,0.60434278580346,,small
context,3,efflux,tanimoto_morgan,expected,0,89,79,0.041826275840659566,0.7155209657221305,0.9788634859669353,0.5171179536114074,0.22070311913799118,0.5997859818084538,,small
context,3,efflux,tanimoto_morgan,expected,1,89,79,0.041826275840659566,0.7155209657221305,0.9788634859669353,0.5171179536114074,0.22070311913799118,0.5997859818084538,,small
context,3,efflux,tanimoto_morgan,observed,0,89,79,0.041826275840659566,0.7155209657221305,0.9788634859669353,0.5171179536114074,0.22070311913799118,0.5997859818084538,,small
context,3,efflux,tanimoto_morgan,observed,1,89,79,0.30003757316326063,0.6115579261454868,0.8366375719729179,0.4425319298921281,0.238068253730505,0.6097266809345461,,small
context,3,efflux,tanimoto_morgan_remap,expected,0,89,79,0.041826275840659566,0.7155209657221305,0.9788634859669353,0.5171179536114074,0.22070311913799118,0.5997859818084538,,small
context,3,efflux,tanimoto_morgan_remap,expected,1,89,79,0.041826275840659566,0.7155209657221305,0.9788634859669353,0.5171179536114074,0.22070311913799118,0.5997859818084538,,small
context,3,efflux,tanimoto_morgan_remap,observed,0,89,79,0.041826275840659566,0.7155209657221305,0.9788634859669353,0.5171179536114074,0.22070311913799118,0.5997859818084538,,small
context,3,efflux,tanimoto_morgan_remap,observed,1,89,79,0.3021162508815973,0.6106491794872732,0.8353943674208024,0.44222643789731697,0.23947947065650912,0.6114744961655073,,small
context,3,in_vivo_clearance,current_refit,expected,0,145,118,-0.09236694804725376,0.539780025121957,1.0451635986998655,0.40072787089985135,0.0918309419847594,0.5366794380587484,,small
context,3,in_vivo_clearance,current_refit,expected,1,145,118,-0.09236694804725376,0.539780025121957,1.0451635986998655,0.40072787089985135,0.0918309419847594,0.5366794380587484,,small
context,3,in_vivo_clearance,current_refit,observed,0,145,118,-0.09236694804725376,0.539780025121957,1.0451635986998655,0.40072787089985135,0.0918309419847594,0.5366794380587484,,small
context,3,in_vivo_clearance,current_refit,observed,1,145,118,0.2121259494577049,0.4584172293873001,0.8876226960495631,0.338509372836001,0.12312260300066237,0.5537462750106428,,small
context,3,in_vivo_clearance,current_remap,expected,0,145,118,-0.09236694804725376,0.539780025121957,1.0451635986998655,0.40072787089985135,0.09183094198475938,0.5366794380587484,,small
context,3,in_vivo_clearance,current_remap,expected,1,145,118,-0.09236694804725376,0.539780025121957,1.0451635986998655,0.40072787089985135,0.09183094198475938,0.5366794380587484,,small
context,3,in_vivo_clearance,current_remap,observed,0,145,118,-0.09236694804725376,0.539780025121957,1.0451635986998655,0.40072787089985135,0.09183094198475938,0.5366794380587484,,small
context,3,in_vivo_clearance,current_remap,observed,1,145,118,0.2123099833093326,0.4583636870632406,0.8875190232838209,0.33840578155313,0.11736118281066442,0.5511025968497232,,small
context,3,in_vivo_clearance,gp_linear,expected,0,145,118,-0.09236694804725376,0.539780025121957,1.0451635986998655,0.40072787089985135,0.0918309419847594,0.5366794380587484,,small
context,3,in_vivo_clearance,gp_linear,expected,1,145,118,-0.09236694804725376,0.539780025121957,1.0451635986998655,0.40072787089985135,0.0918309419847594,0.5366794380587484,,small
context,3,in_vivo_clearance,gp_linear,observed,0,145,118,-0.09236694804725376,0.539780025121957,1.0451635986998655,0.40072787089985135,0.0918309419847594,0.5366794380587484,,small
context,3,in_vivo_clearance,gp_linear,observed,1,145,118,0.21234848761568936,0.45835248393057254,0.8874973309167249,0.33847120788674934,0.12326308831356148,0.553831417624521,,small
context,3,in_vivo_clearance,morgan_braun_blanquet,expected,0,145,118,-0.09236694804725354,0.539780025121957,1.0451635986998655,0.4007278708998514,0.09183094198475938,0.5366794380587484,,small
context,3,in_vivo_clearance,morgan_braun_blanquet,expected,1,145,118,-0.09236694804725354,0.539780025121957,1.0451635986998655,0.4007278708998514,0.09183094198475938,0.5366794380587484,,small
context,3,in_vivo_clearance,morgan_braun_blanquet,observed,0,145,118,-0.09236694804725354,0.539780025121957,1.0451635986998655,0.4007278708998514,0.09183094198475938,0.5366794380587484,,small
context,3,in_vivo_clearance,morgan_braun_blanquet,observed,1,145,118,0.2006265083544332,0.4617505323391524,0.8940768935866572,0.3397734392401581,0.11423469689013702,0.5473818646232439,,small
context,3,in_vivo_clearance,morgan_cosine,expected,0,145,118,-0.09236694804725354,0.539780025121957,1.0451635986998655,0.4007278708998514,0.09183094198475938,0.5366794380587484,,small
context,3,in_vivo_clearance,morgan_cosine,expected,1,145,118,-0.09236694804725354,0.539780025121957,1.0451635986998655,0.4007278708998514,0.09183094198475938,0.5366794380587484,,small
context,3,in_vivo_clearance,morgan_cosine,observed,0,145,118,-0.09236694804725354,0.539780025121957,1.0451635986998655,0.4007278708998514,0.09183094198475938,0.5366794380587484,,small
context,3,in_vivo_clearance,morgan_cosine,observed,1,145,118,0.197714305311688,0.4625908709377013,0.8957040218109507,0.3405891035247221,0.10464063060266353,0.5430055342699021,,small
context,3,in_vivo_clearance,morgan_dice,expected,0,145,118,-0.09236694804725354,0.539780025121957,1.0451635986998655,0.4007278708998514,0.09183094198475938,0.5366794380587484,,small
context,3,in_vivo_clearance,morgan_dice,expected,1,145,118,-0.09236694804725354,0.539780025121957,1.0451635986998655,0.4007278708998514,0.09183094198475938,0.5366794380587484,,small
context,3,in_vivo_clearance,morgan_dice,observed,0,145,118,-0.09236694804725354,0.539780025121957,1.0451635986998655,0.4007278708998514,0.09183094198475938,0.5366794380587484,,small
context,3,in_vivo_clearance,morgan_dice,observed,1,145,118,0.19810898012302203,0.4624770739292977,0.8954836792912408,0.34050950844157146,0.10498545818887044,0.5431587909748827,,small
context,3,in_vivo_clearance,morgan_hamming,expected,0,145,118,-0.09236694804725354,0.539780025121957,1.0451635986998655,0.4007278708998514,0.09183094198475938,0.5366794380587484,,small
context,3,in_vivo_clearance,morgan_hamming,expected,1,145,118,-0.09236694804725354,0.539780025121957,1.0451635986998655,0.4007278708998514,0.09183094198475938,0.5366794380587484,,small
context,3,in_vivo_clearance,morgan_hamming,observed,0,145,118,-0.09236694804725354,0.539780025121957,1.0451635986998655,0.4007278708998514,0.09183094198475938,0.5366794380587484,,small
context,3,in_vivo_clearance,morgan_hamming,observed,1,145,118,0.19783209128061352,0.4625569125147252,0.8956382689006687,0.3403942964281413,0.11606742457069989,0.5482247765006385,,small
context,3,in_vivo_clearance,morgan_pearson,expected,0,145,118,-0.09236694804725354,0.539780025121957,1.0451635986998655,0.4007278708998514,0.09183094198475938,0.5366794380587484,,small
context,3,in_vivo_clearance,morgan_pearson,expected,1,145,118,-0.09236694804725354,0.539780025121957,1.0451635986998655,0.4007278708998514,0.09183094198475938,0.5366794380587484,,small
context,3,in_vivo_clearance,morgan_pearson,observed,0,145,118,-0.09236694804725354,0.539780025121957,1.0451635986998655,0.4007278708998514,0.09183094198475938,0.5366794380587484,,small
context,3,in_vivo_clearance,morgan_pearson,observed,1,145,118,0.1977046264677521,0.4625936612974023,0.8957094247200081,0.3406076711896397,0.10372109037277849,0.5426223925074499,,small
context,3,in_vivo_clearance,morgan_selected,expected,0,145,118,-0.09236694804725354,0.539780025121957,1.0451635986998655,0.4007278708998514,0.0918309419847594,0.5366794380587484,,small
context,3,in_vivo_clearance,morgan_selected,expected,1,145,118,-0.09236694804725354,0.539780025121957,1.0451635986998655,0.4007278708998514,0.0918309419847594,0.5366794380587484,,small
context,3,in_vivo_clearance,morgan_selected,observed,0,145,118,-0.09236694804725354,0.539780025121957,1.0451635986998655,0.4007278708998514,0.0918309419847594,0.5366794380587484,,small
context,3,in_vivo_clearance,morgan_selected,observed,1,145,118,0.1979058112854144,0.4625356573130864,0.8955971129445347,0.34056499883841707,0.11297900713182682,0.5464878671775223,,small
context,3,in_vivo_clearance,morgan_sokal,expected,0,145,118,-0.09236694804725354,0.539780025121957,1.0451635986998655,0.4007278708998514,0.09183094198475938,0.5366794380587484,,small
context,3,in_vivo_clearance,morgan_sokal,expected,1,145,118,-0.09236694804725354,0.539780025121957,1.0451635986998655,0.4007278708998514,0.09183094198475938,0.5366794380587484,,small
context,3,in_vivo_clearance,morgan_sokal,observed,0,145,118,-0.09236694804725354,0.539780025121957,1.0451635986998655,0.4007278708998514,0.09183094198475938,0.5366794380587484,,small
context,3,in_vivo_clearance,morgan_sokal,observed,1,145,118,0.1987570597523426,0.46229015167570847,0.8951217460477974,0.34071070744832893,0.10615921542751375,0.5448190719455087,,small
context,3,in_vivo_clearance,morgan_tanimoto,expected,0,145,118,-0.09236694804725354,0.539780025121957,1.0451635986998655,0.4007278708998514,0.09183094198475938,0.5366794380587484,,small
context,3,in_vivo_clearance,morgan_tanimoto,expected,1,145,118,-0.09236694804725354,0.539780025121957,1.0451635986998655,0.4007278708998514,0.09183094198475938,0.5366794380587484,,small
context,3,in_vivo_clearance,morgan_tanimoto,observed,0,145,118,-0.09236694804725354,0.539780025121957,1.0451635986998655,0.4007278708998514,0.09183094198475938,0.5366794380587484,,small
context,3,in_vivo_clearance,morgan_tanimoto,observed,1,145,118,0.19969174987040927,0.46202043065583503,0.8945994914650861,0.34020580921640337,0.10424203244770786,0.5434397616006811,,small
context,3,in_vivo_clearance,previous_delta_anchor,observed,0,145,118,-0.3206331164656815,0.5935039665440268,1.149188024853062,0.4461891203919718,0.036803418367113136,0.5162835249042146,,small
context,3,in_vivo_clearance,previous_delta_anchor,observed,1,145,118,-0.015120531838409557,0.5203449451447701,1.0075319011517252,0.3917589603195581,0.03491924539637599,0.5144444444444445,,small
context,3,in_vivo_clearance,tanimoto_minimol,expected,0,145,118,-0.09236694804725376,0.539780025121957,1.0451635986998655,0.40072787089985135,0.09183094198475938,0.5366794380587484,,small
context,3,in_vivo_clearance,tanimoto_minimol,expected,1,145,118,-0.09236694804725376,0.539780025121957,1.0451635986998655,0.40072787089985135,0.09183094198475938,0.5366794380587484,,small
context,3,in_vivo_clearance,tanimoto_minimol,observed,0,145,118,-0.09236694804725376,0.539780025121957,1.0451635986998655,0.40072787089985135,0.09183094198475938,0.5366794380587484,,small
context,3,in_vivo_clearance,tanimoto_minimol,observed,1,145,118,0.21232769723156675,0.45835853309138347,0.8875090437671231,0.3382686698481393,0.11922623161011256,0.5514814814814815,,small
context,3,in_vivo_clearance,tanimoto_minimol_remap,expected,0,145,118,-0.09236694804725376,0.539780025121957,1.0451635986998655,0.40072787089985135,0.09183094198475938,0.5366794380587484,,small
context,3,in_vivo_clearance,tanimoto_minimol_remap,expected,1,145,118,-0.09236694804725376,0.539780025121957,1.0451635986998655,0.40072787089985135,0.09183094198475938,0.5366794380587484,,small
context,3,in_vivo_clearance,tanimoto_minimol_remap,observed,0,145,118,-0.09236694804725376,0.539780025121957,1.0451635986998655,0.40072787089985135,0.09183094198475938,0.5366794380587484,,small
context,3,in_vivo_clearance,tanimoto_minimol_remap,observed,1,145,118,0.21326851630233967,0.4580847128149673,0.8869788518886232,0.3381013175236582,0.12001389875121306,0.5517624521072797,,small
context,3,in_vivo_clearance,tanimoto_morgan,expected,0,145,118,-0.09236694804725376,0.539780025121957,1.0451635986998655,0.40072787089985135,0.0918309419847594,0.5366794380587484,,small
context,3,in_vivo_clearance,tanimoto_morgan,expected,1,145,118,-0.09236694804725376,0.539780025121957,1.0451635986998655,0.40072787089985135,0.0918309419847594,0.5366794380587484,,small
context,3,in_vivo_clearance,tanimoto_morgan,observed,0,145,118,-0.09236694804725376,0.539780025121957,1.0451635986998655,0.40072787089985135,0.0918309419847594,0.5366794380587484,,small
context,3,in_vivo_clearance,tanimoto_morgan,observed,1,145,118,0.19942768097459085,0.4620966482647557,0.8947470698613151,0.3401969600738965,0.10842505599315765,0.5443593018305662,,small
context,3,in_vivo_clearance,tanimoto_morgan_remap,expected,0,145,118,-0.09236694804725376,0.539780025121957,1.0451635986998655,0.40072787089985135,0.0918309419847594,0.5366794380587484,,small
context,3,in_vivo_clearance,tanimoto_morgan_remap,expected,1,145,118,-0.09236694804725376,0.539780025121957,1.0451635986998655,0.40072787089985135,0.0918309419847594,0.5366794380587484,,small
context,3,in_vivo_clearance,tanimoto_morgan_remap,observed,0,145,118,-0.09236694804725376,0.539780025121957,1.0451635986998655,0.40072787089985135,0.0918309419847594,0.5366794380587484,,small
context,3,in_vivo_clearance,tanimoto_morgan_remap,observed,1,145,118,0.19847396154651098,0.4623718135211984,0.8952798659935836,0.3409600360108595,0.10250733437590967,0.5417071094082588,,small
context,3,microsomal_clearance,current_refit,expected,0,339,191,0.08894142255174275,0.602458844408711,0.9544938854954793,0.43812875784569827,0.24962230329388294,0.6185211197993892,,small
context,3,microsomal_clearance,current_refit,expected,1,339,191,0.08894142255174275,0.602458844408711,0.9544938854954793,0.43812875784569827,0.24962230329388294,0.6185211197993892,,small
context,3,microsomal_clearance,current_refit,observed,0,339,191,0.08894142255174275,0.602458844408711,0.9544938854954793,0.43812875784569827,0.24962230329388294,0.6185211197993892,,small
context,3,microsomal_clearance,current_refit,observed,1,339,191,0.3342246649522508,0.5150128731464212,0.8159505714488772,0.3737246583236674,0.27117716290962585,0.6301429273774406,,small
context,3,microsomal_clearance,current_remap,expected,0,339,191,0.08894142255174275,0.602458844408711,0.9544938854954793,0.43812875784569827,0.24962230329388294,0.6185211197993892,,small
context,3,microsomal_clearance,current_remap,expected,1,339,191,0.08894142255174275,0.602458844408711,0.9544938854954793,0.43812875784569827,0.24962230329388294,0.6185211197993892,,small
context,3,microsomal_clearance,current_remap,observed,0,339,191,0.08894142255174275,0.602458844408711,0.9544938854954793,0.43812875784569827,0.24962230329388294,0.6185211197993892,,small
context,3,microsomal_clearance,current_remap,observed,1,339,191,0.3350801408147265,0.5146818885944291,0.8154261825482878,0.37383753427966904,0.27143494231337223,0.6298799378814127,,small
context,3,microsomal_clearance,gp_linear,expected,0,339,191,0.08894142255174275,0.602458844408711,0.9544938854954793,0.43812875784569827,0.24962230329388294,0.6185211197993892,,small
context,3,microsomal_clearance,gp_linear,expected,1,339,191,0.08894142255174275,0.602458844408711,0.9544938854954793,0.43812875784569827,0.24962230329388294,0.6185211197993892,,small
context,3,microsomal_clearance,gp_linear,observed,0,339,191,0.08894142255174275,0.602458844408711,0.9544938854954793,0.43812875784569827,0.24962230329388294,0.6185211197993892,,small
context,3,microsomal_clearance,gp_linear,observed,1,339,191,0.33253795852028234,0.5156648393503294,0.8169835013509866,0.37360662648684484,0.2705840303939212,0.6298597779546649,,small
context,3,microsomal_clearance,morgan_braun_blanquet,expected,0,339,191,0.08894142255174253,0.6024588444087111,0.9544938854954794,0.43812875784569827,0.24962230329388294,0.6185211197993892,,small
context,3,microsomal_clearance,morgan_braun_blanquet,expected,1,339,191,0.08894142255174253,0.6024588444087111,0.9544938854954794,0.43812875784569827,0.24962230329388294,0.6185211197993892,,small
context,3,microsomal_clearance,morgan_braun_blanquet,observed,0,339,191,0.08894142255174253,0.6024588444087111,0.9544938854954794,0.43812875784569827,0.24962230329388294,0.6185211197993892,,small
context,3,microsomal_clearance,morgan_braun_blanquet,observed,1,339,191,0.3383462477409843,0.5134162658040101,0.8134210178370213,0.3750618122808054,0.2766701313545422,0.6327981848262084,,small
context,3,microsomal_clearance,morgan_cosine,expected,0,339,191,0.08894142255174253,0.6024588444087111,0.9544938854954794,0.43812875784569827,0.24962230329388294,0.6185211197993892,,small
context,3,microsomal_clearance,morgan_cosine,expected,1,339,191,0.08894142255174253,0.6024588444087111,0.9544938854954794,0.43812875784569827,0.24962230329388294,0.6185211197993892,,small
context,3,microsomal_clearance,morgan_cosine,observed,0,339,191,0.08894142255174253,0.6024588444087111,0.9544938854954794,0.43812875784569827,0.24962230329388294,0.6185211197993892,,small
context,3,microsomal_clearance,morgan_cosine,observed,1,339,191,0.33602387945471734,0.5143165079760115,0.8148472989126752,0.3756530868759465,0.2774134474884065,0.6327704161529137,,small
context,3,microsomal_clearance,morgan_dice,expected,0,339,191,0.08894142255174253,0.6024588444087111,0.9544938854954794,0.43812875784569827,0.24962230329388294,0.6185211197993892,,small
context,3,microsomal_clearance,morgan_dice,expected,1,339,191,0.08894142255174253,0.6024588444087111,0.9544938854954794,0.43812875784569827,0.24962230329388294,0.6185211197993892,,small
context,3,microsomal_clearance,morgan_dice,observed,0,339,191,0.08894142255174253,0.6024588444087111,0.9544938854954794,0.43812875784569827,0.24962230329388294,0.6185211197993892,,small
context,3,microsomal_clearance,morgan_dice,observed,1,339,191,0.33617277919789423,0.5142588358041471,0.8147559271353021,0.3755910597377423,0.277801298466228,0.6328978789155779,,small
context,3,microsomal_clearance,morgan_hamming,expected,0,339,191,0.08894142255174253,0.6024588444087111,0.9544938854954794,0.43812875784569827,0.24962230329388294,0.6185211197993892,,small
context,3,microsomal_clearance,morgan_hamming,expected,1,339,191,0.08894142255174253,0.6024588444087111,0.9544938854954794,0.43812875784569827,0.24962230329388294,0.6185211197993892,,small
context,3,microsomal_clearance,morgan_hamming,observed,0,339,191,0.08894142255174253,0.6024588444087111,0.9544938854954794,0.43812875784569827,0.24962230329388294,0.6185211197993892,,small
context,3,microsomal_clearance,morgan_hamming,observed,1,339,191,0.33693580011271185,0.5139631993373969,0.8142875412821249,0.37526734829800673,0.2763483158692812,0.6324540353670146,,small
context,3,microsomal_clearance,morgan_pearson,expected,0,339,191,0.08894142255174253,0.6024588444087111,0.9544938854954794,0.43812875784569827,0.24962230329388294,0.6185211197993892,,small
context,3,microsomal_clearance,morgan_pearson,expected,1,339,191,0.08894142255174253,0.6024588444087111,0.9544938854954794,0.43812875784569827,0.24962230329388294,0.6185211197993892,,small
context,3,microsomal_clearance,morgan_pearson,observed,0,339,191,0.08894142255174253,0.6024588444087111,0.9544938854954794,0.43812875784569827,0.24962230329388294,0.6185211197993892,,small
context,3,microsomal_clearance,morgan_pearson,observed,1,339,191,0.3360159739387176,0.5143195697768461,0.814852149816936,0.3756460672589655,0.2776538058408592,0.6327995504986655,,small
context,3,microsomal_clearance,morgan_selected,expected,0,339,191,0.08894142255174253,0.6024588444087111,0.9544938854954794,0.43812875784569827,0.24962230329388294,0.6185211197993892,,small
context,3,microsomal_clearance,morgan_selected,expected,1,339,191,0.08894142255174253,0.6024588444087111,0.9544938854954794,0.43812875784569827,0.24962230329388294,0.6185211197993892,,small
context,3,microsomal_clearance,morgan_selected,observed,0,339,191,0.08894142255174253,0.6024588444087111,0.9544938854954794,0.43812875784569827,0.24962230329388294,0.6185211197993892,,small
context,3,microsomal_clearance,morgan_selected,observed,1,339,191,0.3371999845518482,0.5138608000470463,0.814125306969481,0.37546293658013724,0.27606665283837883,0.6324827144886142,,small
context,3,microsomal_clearance,morgan_sokal,expected,0,339,191,0.08894142255174253,0.6024588444087111,0.9544938854954794,0.43812875784569827,0.24962230329388294,0.6185211197993892,,small
context,3,microsomal_clearance,morgan_sokal,expected,1,339,191,0.08894142255174253,0.6024588444087111,0.9544938854954794,0.43812875784569827,0.24962230329388294,0.6185211197993892,,small
context,3,microsomal_clearance,morgan_sokal,observed,0,339,191,0.08894142255174253,0.6024588444087111,0.9544938854954794,0.43812875784569827,0.24962230329388294,0.6185211197993892,,small
context,3,microsomal_clearance,morgan_sokal,observed,1,339,191,0.33682475030140047,0.5140062367437063,0.8143557267549603,0.376041715260568,0.27662831907511365,0.6321358336845062,,small
context,3,microsomal_clearance,morgan_tanimoto,expected,0,339,191,0.08894142255174253,0.6024588444087111,0.9544938854954794,0.43812875784569827,0.24962230329388294,0.6185211197993892,,small
context,3,microsomal_clearance,morgan_tanimoto,expected,1,339,191,0.08894142255174253,0.6024588444087111,0.9544938854954794,0.43812875784569827,0.24962230329388294,0.6185211197993892,,small
context,3,microsomal_clearance,morgan_tanimoto,observed,0,339,191,0.08894142255174253,0.6024588444087111,0.9544938854954794,0.43812875784569827,0.24962230329388294,0.6185211197993892,,small
context,3,microsomal_clearance,morgan_tanimoto,observed,1,339,191,0.3367364786234921,0.5140404439033386,0.8144099221992006,0.3758452428100036,0.2771003636841019,0.6324130651933011,,small
context,3,microsomal_clearance,previous_delta_anchor,observed,0,339,191,0.00878670432357076,0.6284023383081954,0.9955969544330825,0.46472677103814514,0.2327967452529083,0.6128533189742629,,small
context,3,microsomal_clearance,previous_delta_anchor,observed,1,339,191,0.2564630955606495,0.5442588472491224,0.8622858600483662,0.404846616379155,0.23618290764118158,0.6145208050444038,,small
context,3,microsomal_clearance,tanimoto_minimol,expected,0,339,191,0.08894142255174275,0.602458844408711,0.9544938854954793,0.43812875784569827,0.24962230329388294,0.6185211197993892,,small
context,3,microsomal_clearance,tanimoto_minimol,expected,1,339,191,0.08894142255174275,0.602458844408711,0.9544938854954793,0.43812875784569827,0.24962230329388294,0.6185211197993892,,small
context,3,microsomal_clearance,tanimoto_minimol,observed,0,339,191,0.08894142255174275,0.602458844408711,0.9544938854954793,0.43812875784569827,0.24962230329388294,0.6185211197993892,,small
context,3,microsomal_clearance,tanimoto_minimol,observed,1,339,191,0.33613799691456325,0.5142723083325945,0.8147772720722128,0.37351799317474427,0.2698504662964155,0.6295379344789375,,small
context,3,microsomal_clearance,tanimoto_minimol_remap,expected,0,339,191,0.08894142255174275,0.602458844408711,0.9544938854954793,0.43812875784569827,0.24962230329388294,0.6185211197993892,,small
context,3,microsomal_clearance,tanimoto_minimol_remap,expected,1,339,191,0.08894142255174275,0.602458844408711,0.9544938854954793,0.43812875784569827,0.24962230329388294,0.6185211197993892,,small
context,3,microsomal_clearance,tanimoto_minimol_remap,observed,0,339,191,0.08894142255174275,0.602458844408711,0.9544938854954793,0.43812875784569827,0.24962230329388294,0.6185211197993892,,small
context,3,microsomal_clearance,tanimoto_minimol_remap,observed,1,339,191,0.33678861053592735,0.5140202419495603,0.8143779156289005,0.3743518699558446,0.2681001339681213,0.6285487974278535,,small
context,3,microsomal_clearance,tanimoto_morgan,expected,0,339,191,0.08894142255174275,0.602458844408711,0.9544938854954793,0.43812875784569827,0.24962230329388294,0.6185211197993892,,small
context,3,microsomal_clearance,tanimoto_morgan,expected,1,339,191,0.08894142255174275,0.602458844408711,0.9544938854954793,0.43812875784569827,0.24962230329388294,0.6185211197993892,,small
context,3,microsomal_clearance,tanimoto_morgan,observed,0,339,191,0.08894142255174275,0.602458844408711,0.9544938854954793,0.43812875784569827,0.24962230329388294,0.6185211197993892,,small
context,3,microsomal_clearance,tanimoto_morgan,observed,1,339,191,0.3354632867640712,0.5145335799718864,0.8151912126832138,0.3753629697564754,0.28067061657855163,0.634420733769308,,small
context,3,microsomal_clearance,tanimoto_morgan_remap,expected,0,339,191,0.08894142255174275,0.602458844408711,0.9544938854954793,0.43812875784569827,0.24962230329388294,0.6185211197993892,,small
context,3,microsomal_clearance,tanimoto_morgan_remap,expected,1,339,191,0.08894142255174275,0.602458844408711,0.9544938854954793,0.43812875784569827,0.24962230329388294,0.6185211197993892,,small
context,3,microsomal_clearance,tanimoto_morgan_remap,observed,0,339,191,0.08894142255174275,0.602458844408711,0.9544938854954793,0.43812875784569827,0.24962230329388294,0.6185211197993892,,small
context,3,microsomal_clearance,tanimoto_morgan_remap,observed,1,339,191,0.33553465098999324,0.5145059514934418,0.8151474400438283,0.37585756023629363,0.27674121635864873,0.6323527154771009,,small
context,3,permeability,current_refit,expected,0,119,98,0.08942759786233878,0.8054780946404735,0.9542391744933034,0.5636308288147471,0.24719380200535518,0.6165644035391933,,small
context,3,permeability,current_refit,expected,1,119,98,0.08942759786233878,0.8054780946404735,0.9542391744933034,0.5636308288147471,0.24719380200535518,0.6165644035391933,,small
context,3,permeability,current_refit,observed,0,119,98,0.08942759786233878,0.8054780946404735,0.9542391744933034,0.5636308288147471,0.24719380200535518,0.6165644035391933,,small
context,3,permeability,current_refit,observed,1,119,98,0.34751450176746057,0.6818391345789093,0.8077657446515911,0.4780331365837057,0.2807830086427321,0.6324337142264311,,small
context,3,permeability,current_remap,expected,0,119,98,0.08942759786233878,0.8054780946404735,0.9542391744933034,0.5636308288147471,0.24719380200535518,0.6165644035391933,,small
context,3,permeability,current_remap,expected,1,119,98,0.08942759786233878,0.8054780946404735,0.9542391744933034,0.5636308288147471,0.24719380200535518,0.6165644035391933,,small
context,3,permeability,current_remap,observed,0,119,98,0.08942759786233878,0.8054780946404735,0.9542391744933034,0.5636308288147471,0.24719380200535518,0.6165644035391933,,small
context,3,permeability,current_remap,observed,1,119,98,0.3488563721233564,0.6811376549182359,0.8069347110371716,0.47736381431414004,0.2788872245552164,0.6311265246839476,,small
context,3,permeability,gp_linear,expected,0,119,98,0.08942759786233878,0.8054780946404735,0.9542391744933034,0.5636308288147471,0.24719380200535518,0.6165644035391933,,small
context,3,permeability,gp_linear,expected,1,119,98,0.08942759786233878,0.8054780946404735,0.9542391744933034,0.5636308288147471,0.24719380200535518,0.6165644035391933,,small
context,3,permeability,gp_linear,observed,0,119,98,0.08942759786233878,0.8054780946404735,0.9542391744933034,0.5636308288147471,0.24719380200535518,0.6165644035391933,,small
context,3,permeability,gp_linear,observed,1,119,98,0.34848088949464817,0.6813340159716685,0.8071673373627998,0.4774245459059554,0.27693649581148033,0.6303795592310998,,small
context,3,permeability,morgan_braun_blanquet,expected,0,119,98,0.08942759786233878,0.8054780946404735,0.9542391744933034,0.5636308288147471,0.24719380200535518,0.6165644035391933,,small
context,3,permeability,morgan_braun_blanquet,expected,1,119,98,0.08942759786233878,0.8054780946404735,0.9542391744933034,0.5636308288147471,0.24719380200535518,0.6165644035391933,,small
context,3,permeability,morgan_braun_blanquet,observed,0,119,98,0.08942759786233878,0.8054780946404735,0.9542391744933034,0.5636308288147471,0.24719380200535518,0.6165644035391933,,small
context,3,permeability,morgan_braun_blanquet,observed,1,119,98,0.3304201117691674,0.6907130995802367,0.8182786128396811,0.4866091083334028,0.26727909414887235,0.6242934210721324,,small
context,3,permeability,morgan_cosine,expected,0,119,98,0.08942759786233878,0.8054780946404735,0.9542391744933034,0.5636308288147471,0.24719380200535518,0.6165644035391933,,small
context,3,permeability,morgan_cosine,expected,1,119,98,0.08942759786233878,0.8054780946404735,0.9542391744933034,0.5636308288147471,0.24719380200535518,0.6165644035391933,,small
context,3,permeability,morgan_cosine,observed,0,119,98,0.08942759786233878,0.8054780946404735,0.9542391744933034,0.5636308288147471,0.24719380200535518,0.6165644035391933,,small
context,3,permeability,morgan_cosine,observed,1,119,98,0.32580267990702727,0.6930905912039089,0.8210951955120507,0.48863263414361424,0.2642628618820849,0.6232663435744666,,small
context,3,permeability,morgan_dice,expected,0,119,98,0.08942759786233878,0.8054780946404735,0.9542391744933034,0.5636308288147471,0.24719380200535518,0.6165644035391933,,small
context,3,permeability,morgan_dice,expected,1,119,98,0.08942759786233878,0.8054780946404735,0.9542391744933034,0.5636308288147471,0.24719380200535518,0.6165644035391933,,small
context,3,permeability,morgan_dice,observed,0,119,98,0.08942759786233878,0.8054780946404735,0.9542391744933034,0.5636308288147471,0.24719380200535518,0.6165644035391933,,small
context,3,permeability,morgan_dice,observed,1,119,98,0.32620297130751497,0.6928848061998402,0.8208514047575755,0.4884832199226816,0.26510319801653864,0.6236398263008907,,small
context,3,permeability,morgan_hamming,expected,0,119,98,0.08942759786233878,0.8054780946404735,0.9542391744933034,0.5636308288147471,0.24719380200535518,0.6165644035391933,,small
context,3,permeability,morgan_hamming,expected,1,119,98,0.08942759786233878,0.8054780946404735,0.9542391744933034,0.5636308288147471,0.24719380200535518,0.6165644035391933,,small
context,3,permeability,morgan_hamming,observed,0,119,98,0.08942759786233878,0.8054780946404735,0.9542391744933034,0.5636308288147471,0.24719380200535518,0.6165644035391933,,small
context,3,permeability,morgan_hamming,observed,1,119,98,0.3223611699512813,0.6948573157729065,0.8231882105865698,0.48914053633754595,0.2659435341509925,0.6240133090273146,,small
context,3,permeability,morgan_pearson,expected,0,119,98,0.08942759786233878,0.8054780946404735,0.9542391744933034,0.5636308288147471,0.24719380200535518,0.6165644035391933,,small
context,3,permeability,morgan_pearson,expected,1,119,98,0.08942759786233878,0.8054780946404735,0.9542391744933034,0.5636308288147471,0.24719380200535518,0.6165644035391933,,small
context,3,permeability,morgan_pearson,observed,0,119,98,0.08942759786233878,0.8054780946404735,0.9542391744933034,0.5636308288147471,0.24719380200535518,0.6165644035391933,,small
context,3,permeability,morgan_pearson,observed,1,119,98,0.32572112750099047,0.6931325088253825,0.8211448547601145,0.4886662283223933,0.2642628618820849,0.6232663435744666,,small
context,3,permeability,morgan_selected,expected,0,119,98,0.08942759786233878,0.8054780946404735,0.9542391744933034,0.5636308288147471,0.24719380200535518,0.6165644035391933,,small
context,3,permeability,morgan_selected,expected,1,119,98,0.08942759786233878,0.8054780946404735,0.9542391744933034,0.5636308288147471,0.24719380200535518,0.6165644035391933,,small
context,3,permeability,morgan_selected,observed,0,119,98,0.08942759786233878,0.8054780946404735,0.9542391744933034,0.5636308288147471,0.24719380200535518,0.6165644035391933,,small
context,3,permeability,morgan_selected,observed,1,119,98,0.32511588006241565,0.6934435244845275,0.8215133108706056,0.48768941372637903,0.2626398286512558,0.622192580735998,,small
context,3,permeability,morgan_sokal,expected,0,119,98,0.08942759786233878,0.8054780946404735,0.9542391744933034,0.5636308288147471,0.24719380200535518,0.6165644035391933,,small
context,3,permeability,morgan_sokal,expected,1,119,98,0.08942759786233878,0.8054780946404735,0.9542391744933034,0.5636308288147471,0.24719380200535518,0.6165644035391933,,small
context,3,permeability,morgan_sokal,observed,0,119,98,0.08942759786233878,0.8054780946404735,0.9542391744933034,0.5636308288147471,0.24719380200535518,0.6165644035391933,,small
context,3,permeability,morgan_sokal,observed,1,119,98,0.3308873983506305,0.6904720399990482,0.8179930327633418,0.4874815311468268,0.2668589260816455,0.6255072399330102,,small
context,3,permeability,morgan_tanimoto,expected,0,119,98,0.08942759786233878,0.8054780946404735,0.9542391744933034,0.5636308288147471,0.24719380200535518,0.6165644035391933,,small
context,3,permeability,morgan_tanimoto,expected,1,119,98,0.08942759786233878,0.8054780946404735,0.9542391744933034,0.5636308288147471,0.24719380200535518,0.6165644035391933,,small
context,3,permeability,morgan_tanimoto,observed,0,119,98,0.08942759786233878,0.8054780946404735,0.9542391744933034,0.5636308288147471,0.24719380200535518,0.6165644035391933,,small
context,3,permeability,morgan_tanimoto,observed,1,119,98,0.3273302887594737,0.6923049371250003,0.8201644415850557,0.48832223958961457,0.26310488580471364,0.6236865116416935,,small
context,3,permeability,previous_delta_anchor,observed,0,119,98,0.03731117428394792,0.8282080705536925,0.9811670732938668,0.592003773074574,0.28589954450847205,0.6304721888755502,,small
context,3,permeability,previous_delta_anchor,observed,1,119,98,0.27616580058044027,0.7181514507025902,0.850784461200109,0.515918261889022,0.28948605643488473,0.6318727490996398,,small
context,3,permeability,tanimoto_minimol,expected,0,119,98,0.08942759786233878,0.8054780946404735,0.9542391744933034,0.5636308288147471,0.24719380200535518,0.6165644035391933,,small
context,3,permeability,tanimoto_minimol,expected,1,119,98,0.08942759786233878,0.8054780946404735,0.9542391744933034,0.5636308288147471,0.24719380200535518,0.6165644035391933,,small
context,3,permeability,tanimoto_minimol,observed,0,119,98,0.08942759786233878,0.8054780946404735,0.9542391744933034,0.5636308288147471,0.24719380200535518,0.6165644035391933,,small
context,3,permeability,tanimoto_minimol,observed,1,119,98,0.34342060554321796,0.6839748248393329,0.810295868468291,0.47939954518601835,0.2799426725082784,0.6319668608184014,,small
context,3,permeability,tanimoto_minimol_remap,expected,0,119,98,0.08942759786233878,0.8054780946404735,0.9542391744933034,0.5636308288147471,0.24719380200535518,0.6165644035391933,,small
context,3,permeability,tanimoto_minimol_remap,expected,1,119,98,0.08942759786233878,0.8054780946404735,0.9542391744933034,0.5636308288147471,0.24719380200535518,0.6165644035391933,,small
context,3,permeability,tanimoto_minimol_remap,observed,0,119,98,0.08942759786233878,0.8054780946404735,0.9542391744933034,0.5636308288147471,0.24719380200535518,0.6165644035391933,,small
context,3,permeability,tanimoto_minimol_remap,observed,1,119,98,0.3450414879583201,0.6831300467048113,0.8092950710597958,0.4797121284819276,0.26650375824062833,0.626020778681843,,small
context,3,permeability,tanimoto_morgan,expected,0,119,98,0.08942759786233878,0.8054780946404735,0.9542391744933034,0.5636308288147471,0.24719380200535518,0.6165644035391933,,small
context,3,permeability,tanimoto_morgan,expected,1,119,98,0.08942759786233878,0.8054780946404735,0.9542391744933034,0.5636308288147471,0.24719380200535518,0.6165644035391933,,small
context,3,permeability,tanimoto_morgan,observed,0,119,98,0.08942759786233878,0.8054780946404735,0.9542391744933034,0.5636308288147471,0.24719380200535518,0.6165644035391933,,small
context,3,permeability,tanimoto_morgan,observed,1,119,98,0.3233461371373888,0.6943521347616249,0.822589729368542,0.48914677020020064,0.2670090376740438,0.6236398263008907,,small
context,3,permeability,tanimoto_morgan_remap,expected,0,119,98,0.08942759786233878,0.8054780946404735,0.9542391744933034,0.5636308288147471,0.24719380200535518,0.6165644035391933,,small
context,3,permeability,tanimoto_morgan_remap,expected,1,119,98,0.08942759786233878,0.8054780946404735,0.9542391744933034,0.5636308288147471,0.24719380200535518,0.6165644035391933,,small
context,3,permeability,tanimoto_morgan_remap,observed,0,119,98,0.08942759786233878,0.8054780946404735,0.9542391744933034,0.5636308288147471,0.24719380200535518,0.6165644035391933,,small
context,3,permeability,tanimoto_morgan_remap,observed,1,119,98,0.3310072464310079,0.6904102002921026,0.8179197720858643,0.4877873867886355,0.2613808800516662,0.6234063995968757,,small
context,3,protein_binding,current_refit,expected,0,236,110,0.20406444333051177,1.0115486094109187,0.8921522048784547,0.5870723885633465,0.3844196221292558,0.6752648305084744,,small
context,3,protein_binding,current_refit,expected,1,236,110,0.20406444333051177,1.0115486094109187,0.8921522048784547,0.5870723885633465,0.3844196221292558,0.6752648305084744,,small
context,3,protein_binding,current_refit,observed,0,236,110,0.20406444333051177,1.0115486094109187,0.8921522048784547,0.5870723885633465,0.3844196221292558,0.6752648305084744,,small
context,3,protein_binding,current_refit,observed,1,236,110,0.4364945756644094,0.8511318740498258,0.7506699836383433,0.4992357040984126,0.38327186562618054,0.6742467043314501,,small
context,3,protein_binding,current_remap,expected,0,236,110,0.20406444333051177,1.0115486094109187,0.8921522048784547,0.5870723885633465,0.3844196221292558,0.6752648305084744,,small
context,3,protein_binding,current_remap,expected,1,236,110,0.20406444333051177,1.0115486094109187,0.8921522048784547,0.5870723885633465,0.3844196221292558,0.6752648305084744,,small
context,3,protein_binding,current_remap,observed,0,236,110,0.20406444333051177,1.0115486094109187,0.8921522048784547,0.5870723885633465,0.3844196221292558,0.6752648305084744,,small
context,3,protein_binding,current_remap,observed,1,236,110,0.43600570141764583,0.8515009976003001,0.7509955383238666,0.49954704298353264,0.3854349422592737,0.6750882768361581,,small
context,3,protein_binding,gp_linear,expected,0,236,110,0.204064443330512,1.0115486094109185,0.8921522048784546,0.5870723885633465,0.3844196221292558,0.6752648305084744,,small
context,3,protein_binding,gp_linear,expected,1,236,110,0.204064443330512,1.0115486094109185,0.8921522048784546,0.5870723885633465,0.3844196221292558,0.6752648305084744,,small
context,3,protein_binding,gp_linear,observed,0,236,110,0.204064443330512,1.0115486094109185,0.8921522048784546,0.5870723885633465,0.3844196221292558,0.6752648305084744,,small
context,3,protein_binding,gp_linear,observed,1,236,110,0.43352278918109555,0.8533732509934372,0.7526468035000909,0.4995918098328896,0.3836199025774712,0.6745291902071562,,small
context,3,protein_binding,morgan_braun_blanquet,expected,0,236,110,0.20406444333051177,1.0115486094109187,0.8921522048784547,0.5870723885633465,0.3844196221292558,0.6752648305084744,,small
context,3,protein_binding,morgan_braun_blanquet,expected,1,236,110,0.20406444333051177,1.0115486094109187,0.8921522048784547,0.5870723885633465,0.3844196221292558,0.6752648305084744,,small
context,3,protein_binding,morgan_braun_blanquet,observed,0,236,110,0.20406444333051177,1.0115486094109187,0.8921522048784547,0.5870723885633465,0.3844196221292558,0.6752648305084744,,small
context,3,protein_binding,morgan_braun_blanquet,observed,1,236,110,0.44446266484477115,0.8450928549354536,0.7453437697836005,0.5046337156923986,0.3967517840122695,0.681002824858757,,small
context,3,protein_binding,morgan_cosine,expected,0,236,110,0.20406444333051177,1.0115486094109187,0.8921522048784547,0.5870723885633465,0.3844196221292558,0.6752648305084744,,small
context,3,protein_binding,morgan_cosine,expected,1,236,110,0.20406444333051177,1.0115486094109187,0.8921522048784547,0.5870723885633465,0.3844196221292558,0.6752648305084744,,small
context,3,protein_binding,morgan_cosine,observed,0,236,110,0.20406444333051177,1.0115486094109187,0.8921522048784547,0.5870723885633465,0.3844196221292558,0.6752648305084744,,small
context,3,protein_binding,morgan_cosine,observed,1,236,110,0.4431688759281506,0.8460763495206723,0.7462111792728983,0.5047083002604108,0.39187138807578986,0.6785310734463277,,small
context,3,protein_binding,morgan_dice,expected,0,236,110,0.20406444333051177,1.0115486094109187,0.8921522048784547,0.5870723885633465,0.3844196221292558,0.6752648305084744,,small
context,3,protein_binding,morgan_dice,expected,1,236,110,0.20406444333051177,1.0115486094109187,0.8921522048784547,0.5870723885633465,0.3844196221292558,0.6752648305084744,,small
context,3,protein_binding,morgan_dice,observed,0,236,110,0.20406444333051177,1.0115486094109187,0.8921522048784547,0.5870723885633465,0.3844196221292558,0.6752648305084744,,small
context,3,protein_binding,morgan_dice,observed,1,236,110,0.4435062353074809,0.8458200105468534,0.7459850968300367,0.5045173784329705,0.39141108092943167,0.6783074387947268,,small
context,3,protein_binding,morgan_hamming,expected,0,236,110,0.20406444333051177,1.0115486094109187,0.8921522048784547,0.5870723885633465,0.3844196221292558,0.6752648305084744,,small
context,3,protein_binding,morgan_hamming,expected,1,236,110,0.20406444333051177,1.0115486094109187,0.8921522048784547,0.5870723885633465,0.3844196221292558,0.6752648305084744,,small
context,3,protein_binding,morgan_hamming,observed,0,236,110,0.20406444333051177,1.0115486094109187,0.8921522048784547,0.5870723885633465,0.3844196221292558,0.6752648305084744,,small
context,3,protein_binding,morgan_hamming,observed,1,236,110,0.4522604168551997,0.8391408583766093,0.740094306926354,0.503600242715218,0.39157715416311356,0.6790901600753293,,small
context,3,protein_binding,morgan_pearson,expected,0,236,110,0.20406444333051177,1.0115486094109187,0.8921522048784547,0.5870723885633465,0.3844196221292558,0.6752648305084744,,small
context,3,protein_binding,morgan_pearson,expected,1,236,110,0.20406444333051177,1.0115486094109187,0.8921522048784547,0.5870723885633465,0.3844196221292558,0.6752648305084744,,small
context,3,protein_binding,morgan_pearson,observed,0,236,110,0.20406444333051177,1.0115486094109187,0.8921522048784547,0.5870723885633465,0.3844196221292558,0.6752648305084744,,small
context,3,protein_binding,morgan_pearson,observed,1,236,110,0.4432414221712432,0.8460212325765915,0.7461625679627442,0.5046906597502943,0.39165952366901013,0.6783898305084745,,small
context,3,protein_binding,morgan_selected,expected,0,236,110,0.20406444333051177,1.0115486094109187,0.8921522048784547,0.5870723885633465,0.3844196221292558,0.6752648305084744,,small
context,3,protein_binding,morgan_selected,expected,1,236,110,0.20406444333051177,1.0115486094109187,0.8921522048784547,0.5870723885633465,0.3844196221292558,0.6752648305084744,,small
context,3,protein_binding,morgan_selected,observed,0,236,110,0.20406444333051177,1.0115486094109187,0.8921522048784547,0.5870723885633465,0.3844196221292558,0.6752648305084744,,small
context,3,protein_binding,morgan_selected,observed,1,236,110,0.4420015140610244,0.8469627584472955,0.7469929624427365,0.5049360477099486,0.3930379099114135,0.6788959510357814,,small
context,3,protein_binding,morgan_sokal,expected,0,236,110,0.20406444333051177,1.0115486094109187,0.8921522048784547,0.5870723885633465,0.3844196221292558,0.6752648305084744,,small
context,3,protein_binding,morgan_sokal,expected,1,236,110,0.20406444333051177,1.0115486094109187,0.8921522048784547,0.5870723885633465,0.3844196221292558,0.6752648305084744,,small
context,3,protein_binding,morgan_sokal,observed,0,236,110,0.20406444333051177,1.0115486094109187,0.8921522048784547,0.5870723885633465,0.3844196221292558,0.6752648305084744,,small
context,3,protein_binding,morgan_sokal,observed,1,236,110,0.4441731003844377,0.8453130714373022,0.7455379934084931,0.5061040755976565,0.3934489627416175,0.6797198681732579,,small
context,3,protein_binding,morgan_tanimoto,expected,0,236,110,0.20406444333051177,1.0115486094109187,0.8921522048784547,0.5870723885633465,0.3844196221292558,0.6752648305084744,,small
context,3,protein_binding,morgan_tanimoto,expected,1,236,110,0.20406444333051177,1.0115486094109187,0.8921522048784547,0.5870723885633465,0.3844196221292558,0.6752648305084744,,small
context,3,protein_binding,morgan_tanimoto,observed,0,236,110,0.20406444333051177,1.0115486094109187,0.8921522048784547,0.5870723885633465,0.3844196221292558,0.6752648305084744,,small
context,3,protein_binding,morgan_tanimoto,observed,1,236,110,0.44282902863556617,0.8463345004079225,0.746438859763098,0.5061056297646551,0.39308673356615154,0.6797022128060262,,small
context,3,protein_binding,previous_delta_anchor,observed,0,236,110,0.09811368601295334,1.0767718724399973,0.9496769524354304,0.6433661145091889,0.3253274861220386,0.6495468455743879,,small
context,3,protein_binding,previous_delta_anchor,observed,1,236,110,0.361008465542871,0.9063487837611436,0.7993694605482055,0.5622785864852932,0.33814528273220806,0.6557968455743879,,small
context,3,protein_binding,tanimoto_minimol,expected,0,236,110,0.20406444333051177,1.0115486094109187,0.8921522048784547,0.5870723885633465,0.3844196221292558,0.6752648305084744,,small
context,3,protein_binding,tanimoto_minimol,expected,1,236,110,0.20406444333051177,1.0115486094109187,0.8921522048784547,0.5870723885633465,0.3844196221292558,0.6752648305084744,,small
context,3,protein_binding,tanimoto_minimol,observed,0,236,110,0.20406444333051177,1.0115486094109187,0.8921522048784547,0.5870723885633465,0.3844196221292558,0.6752648305084744,,small
context,3,protein_binding,tanimoto_minimol,observed,1,236,110,0.44703207945333845,0.8431362713361745,0.7436181281724253,0.4988749238745344,0.39092161902135636,0.6774482109227871,,small
context,3,protein_binding,tanimoto_minimol_remap,expected,0,236,110,0.20406444333051177,1.0115486094109187,0.8921522048784547,0.5870723885633465,0.3844196221292558,0.6752648305084744,,small
context,3,protein_binding,tanimoto_minimol_remap,expected,1,236,110,0.20406444333051177,1.0115486094109187,0.8921522048784547,0.5870723885633465,0.3844196221292558,0.6752648305084744,,small
context,3,protein_binding,tanimoto_minimol_remap,observed,0,236,110,0.20406444333051177,1.0115486094109187,0.8921522048784547,0.5870723885633465,0.3844196221292558,0.6752648305084744,,small
context,3,protein_binding,tanimoto_minimol_remap,observed,1,236,110,0.45230695316100644,0.8391052106470344,0.7400628668153764,0.4987173079893437,0.3976464580438402,0.6802024482109228,,small
context,3,protein_binding,tanimoto_morgan,expected,0,236,110,0.20406444333051177,1.0115486094109187,0.8921522048784547,0.5870723885633465,0.3844196221292558,0.6752648305084744,,small
context,3,protein_binding,tanimoto_morgan,expected,1,236,110,0.20406444333051177,1.0115486094109187,0.8921522048784547,0.5870723885633465,0.3844196221292558,0.6752648305084744,,small
context,3,protein_binding,tanimoto_morgan,observed,0,236,110,0.20406444333051177,1.0115486094109187,0.8921522048784547,0.5870723885633465,0.3844196221292558,0.6752648305084744,,small
context,3,protein_binding,tanimoto_morgan,observed,1,236,110,0.4426978043922375,0.846434158387017,0.7465267547836196,0.5056836913965379,0.3947488732825966,0.68017302259887,,small
context,3,protein_binding,tanimoto_morgan_remap,expected,0,236,110,0.20406444333051177,1.0115486094109187,0.8921522048784547,0.5870723885633465,0.3844196221292558,0.6752648305084744,,small
context,3,protein_binding,tanimoto_morgan_remap,expected,1,236,110,0.20406444333051177,1.0115486094109187,0.8921522048784547,0.5870723885633465,0.3844196221292558,0.6752648305084744,,small
context,3,protein_binding,tanimoto_morgan_remap,observed,0,236,110,0.20406444333051177,1.0115486094109187,0.8921522048784547,0.5870723885633465,0.3844196221292558,0.6752648305084744,,small
context,3,protein_binding,tanimoto_morgan_remap,observed,1,236,110,0.44418968866576736,0.8453004574421237,0.7455268682845928,0.5066150696604863,0.3885887573690406,0.6769774011299434,,small
context,3,macro,current_refit,expected,0,1041,663,0.04006362775557243,,0.9797634266721877,,0.2195146579035151,0.6008229534101395,6.0,small
context,3,macro,current_refit,expected,1,1041,663,0.04006362775557243,,0.9797634266721877,,0.2195146579035151,0.6008229534101395,6.0,small
context,3,macro,current_refit,observed,0,1041,663,0.04006362775557243,,0.9797634266721877,,0.2195146579035151,0.6008229534101395,6.0,small
context,3,macro,current_refit,observed,1,1041,663,0.31753118566534044,,0.8261167074540131,,0.24015670797467328,0.6110262246404481,6.0,small
context,3,macro,current_remap,expected,0,1041,663,0.04006362775557243,,0.9797634266721877,,0.2195146579035151,0.6008229534101395,6.0,small
context,3,macro,current_remap,expected,1,1041,663,0.04006362775557243,,0.9797634266721877,,0.2195146579035151,0.6008229534101395,6.0,small
context,3,macro,current_remap,observed,0,1041,663,0.04006362775557243,,0.9797634266721877,,0.2195146579035151,0.6008229534101395,6.0,small
context,3,macro,current_remap,observed,1,1041,663,0.3175025798135657,,0.8261340207172407,,0.2392481088377262,0.6104364519944968,6.0,small
context,3,macro,gp_linear,expected,0,1041,663,0.04006362775557246,,0.9797634266721877,,0.2195146579035151,0.6008229534101395,6.0,small
context,3,macro,gp_linear,expected,1,1041,663,0.04006362775557246,,0.9797634266721877,,0.2195146579035151,0.6008229534101395,6.0,small
context,3,macro,gp_linear,observed,0,1041,663,0.04006362775557246,,0.9797634266721877,,0.2195146579035151,0.6008229534101395,6.0,small
context,3,macro,gp_linear,observed,1,1041,663,0.31674691944049976,,0.8265912415211646,,0.23930187703677055,0.6104039070514385,6.0,small
context,3,macro,morgan_braun_blanquet,expected,0,1041,663,0.04006362775557235,,0.979763426672188,,0.2195146579035151,0.6008229534101395,6.0,small
context,3,macro,morgan_braun_blanquet,expected,1,1041,663,0.04006362775557235,,0.979763426672188,,0.2195146579035151,0.6008229534101395,6.0,small
context,3,macro,morgan_braun_blanquet,observed,0,1041,663,0.04006362775557235,,0.979763426672188,,0.2195146579035151,0.6008229534101395,6.0,small
context,3,macro,morgan_braun_blanquet,observed,1,1041,663,0.30919801745164116,,0.8311449828690292,,0.2394147319869623,0.6105810339164042,6.0,small
context,3,macro,morgan_cosine,expected,0,1041,663,0.04006362775557235,,0.979763426672188,,0.2195146579035151,0.6008229534101395,6.0,small
context,3,macro,morgan_cosine,expected,1,1041,663,0.04006362775557235,,0.979763426672188,,0.2195146579035151,0.6008229534101395,6.0,small
context,3,macro,morgan_cosine,observed,0,1041,663,0.04006362775557235,,0.979763426672188,,0.2195146579035151,0.6008229534101395,6.0,small
context,3,macro,morgan_cosine,observed,1,1041,663,0.3106277692369223,,0.8302844276289166,,0.23842635460581052,0.6102938023494675,6.0,small
context,3,macro,morgan_dice,expected,0,1041,663,0.04006362775557235,,0.979763426672188,,0.2195146579035151,0.6008229534101395,6.0,small
context,3,macro,morgan_dice,expected,1,1041,663,0.04006362775557235,,0.979763426672188,,0.2195146579035151,0.6008229534101395,6.0,small
context,3,macro,morgan_dice,observed,0,1041,663,0.04006362775557235,,0.979763426672188,,0.2195146579035151,0.6008229534101395,6.0,small
context,3,macro,morgan_dice,observed,1,1041,663,0.31065053164799483,,0.8302707199173082,,0.2384574850096882,0.6102719306477441,6.0,small
context,3,macro,morgan_hamming,expected,0,1041,663,0.04006362775557235,,0.979763426672188,,0.2195146579035151,0.6008229534101395,6.0,small
context,3,macro,morgan_hamming,expected,1,1041,663,0.04006362775557235,,0.979763426672188,,0.2195146579035151,0.6008229534101395,6.0,small
context,3,macro,morgan_hamming,observed,0,1041,663,0.04006362775557235,,0.979763426672188,,0.2195146579035151,0.6008229534101395,6.0,small
context,3,macro,morgan_hamming,observed,1,1041,663,0.3128398600947893,,0.8289512289062673,,0.23952040179617598,0.6107544382057623,6.0,small
context,3,macro,morgan_pearson,expected,0,1041,663,0.04006362775557235,,0.979763426672188,,0.2195146579035151,0.6008229534101395,6.0,small
context,3,macro,morgan_pearson,expected,1,1041,663,0.04006362775557235,,0.979763426672188,,0.2195146579035151,0.6008229534101395,6.0,small
context,3,macro,morgan_pearson,observed,0,1041,663,0.04006362775557235,,0.979763426672188,,0.2195146579035151,0.6008229534101395,6.0,small
context,3,macro,morgan_pearson,observed,1,1041,663,0.3104353200145182,,0.8304003130933186,,0.23806722617500262,0.6100611900997691,6.0,small
context,3,macro,morgan_selected,expected,0,1041,663,0.04006362775557235,,0.979763426672188,,0.2195146579035151,0.6008229534101395,6.0,small
context,3,macro,morgan_selected,expected,1,1041,663,0.04006362775557235,,0.979763426672188,,0.2195146579035151,0.6008229534101395,6.0,small
context,3,macro,morgan_selected,observed,0,1041,663,0.04006362775557235,,0.979763426672188,,0.2195146579035151,0.6008229534101395,6.0,small
context,3,macro,morgan_selected,observed,1,1041,663,0.3069478950409503,,0.8324975104821933,,0.23710562832002458,0.6093253269687351,6.0,small
context,3,macro,morgan_sokal,expected,0,1041,663,0.04006362775557235,,0.979763426672188,,0.2195146579035151,0.6008229534101395,6.0,small
context,3,macro,morgan_sokal,expected,1,1041,663,0.04006362775557235,,0.979763426672188,,0.2195146579035151,0.6008229534101395,6.0,small
context,3,macro,morgan_sokal,observed,0,1041,663,0.04006362775557235,,0.979763426672188,,0.2195146579035151,0.6008229534101395,6.0,small
context,3,macro,morgan_sokal,observed,1,1041,663,0.3117442626076576,,0.829611799212344,,0.236687055305377,0.6097518235457265,6.0,small
context,3,macro,morgan_tanimoto,expected,0,1041,663,0.04006362775557235,,0.979763426672188,,0.2195146579035151,0.6008229534101395,6.0,small
context,3,macro,morgan_tanimoto,expected,1,1041,663,0.04006362775557235,,0.979763426672188,,0.2195146579035151,0.6008229534101395,6.0,small
context,3,macro,morgan_tanimoto,observed,0,1041,663,0.04006362775557235,,0.979763426672188,,0.2195146579035151,0.6008229534101395,6.0,small
context,3,macro,morgan_tanimoto,observed,1,1041,663,0.3107431157011151,,0.8302149627047712,,0.2371018248023855,0.6098533409385735,6.0,small
context,3,macro,previous_delta_anchor,observed,0,1041,663,-0.06009097916651618,,1.0296071965397855,,0.20504552745285332,0.5951931521252966,6.0,small
context,3,macro,previous_delta_anchor,observed,1,1041,663,0.2077382465175419,,0.890090868104183,,0.2083009264988992,0.5962275682396935,6.0,small
context,3,macro,tanimoto_minimol,expected,0,1041,663,0.04006362775557243,,0.9797634266721877,,0.2195146579035151,0.6008229534101395,6.0,small
context,3,macro,tanimoto_minimol,expected,1,1041,663,0.04006362775557243,,0.9797634266721877,,0.2195146579035151,0.6008229534101395,6.0,small
context,3,macro,tanimoto_minimol,observed,0,1041,663,0.04006362775557243,,0.9797634266721877,,0.2195146579035151,0.6008229534101395,6.0,small
context,3,macro,tanimoto_minimol,observed,1,1041,663,0.3201299767365163,,0.8245423113846152,,0.2423186860049705,0.6119449276901245,6.0,small
context,3,macro,tanimoto_minimol_remap,expected,0,1041,663,0.04006362775557243,,0.9797634266721877,,0.2195146579035151,0.6008229534101395,6.0,small
context,3,macro,tanimoto_minimol_remap,expected,1,1041,663,0.04006362775557243,,0.9797634266721877,,0.2195146579035151,0.6008229534101395,6.0,small
context,3,macro,tanimoto_minimol_remap,observed,0,1041,663,0.04006362775557243,,0.9797634266721877,,0.2195146579035151,0.6008229534101395,6.0,small
context,3,macro,tanimoto_minimol_remap,observed,1,1041,663,0.32310531336118853,,0.8227360978095051,,0.239030827299878,0.6105667366890518,6.0,small
context,3,macro,tanimoto_morgan,expected,0,1041,663,0.04006362775557243,,0.9797634266721877,,0.2195146579035151,0.6008229534101395,6.0,small
context,3,macro,tanimoto_morgan,expected,1,1041,663,0.04006362775557243,,0.9797634266721877,,0.2195146579035151,0.6008229534101395,6.0,small
context,3,macro,tanimoto_morgan,observed,0,1041,663,0.04006362775557243,,0.9797634266721877,,0.2195146579035151,0.6008229534101395,6.0,small
context,3,macro,tanimoto_morgan,observed,1,1041,663,0.309789480957338,,0.8307890942006052,,0.2403974114088849,0.610932079586015,6.0,small
context,3,macro,tanimoto_morgan_remap,expected,0,1041,663,0.04006362775557243,,0.9797634266721877,,0.2195146579035151,0.6008229534101395,6.0,small
context,3,macro,tanimoto_morgan_remap,expected,1,1041,663,0.04006362775557243,,0.9797634266721877,,0.2195146579035151,0.6008229534101395,6.0,small
context,3,macro,tanimoto_morgan_remap,observed,0,1041,663,0.04006362775557243,,0.9797634266721877,,0.2195146579035151,0.6008229534101395,6.0,small
context,3,macro,tanimoto_morgan_remap,observed,1,1041,663,0.3118389779242841,,0.8295547131297102,,0.2355706105614742,0.609200414983425,6.0,small
context,3,cellular_clearance,current_refit,expected,0,225,96,0.0104154536831359,0.792341059326417,0.9947786418680611,0.48232185392702653,,,,tiny
context,3,cellular_clearance,current_refit,expected,1,225,96,0.0104154536831359,0.792341059326417,0.9947786418680611,0.48232185392702653,,,,tiny
context,3,cellular_clearance,current_refit,observed,0,225,96,0.0104154536831359,0.792341059326417,0.9947786418680611,0.48232185392702653,,,,tiny
context,3,cellular_clearance,current_refit,observed,1,225,96,0.3122115829838624,0.6605613182508615,0.8293301013565935,0.4231759360338977,,,,tiny
context,3,cellular_clearance,current_remap,expected,0,225,96,0.0104154536831359,0.792341059326417,0.9947786418680611,0.48232185392702653,,,,tiny
context,3,cellular_clearance,current_remap,expected,1,225,96,0.0104154536831359,0.792341059326417,0.9947786418680611,0.48232185392702653,,,,tiny
context,3,cellular_clearance,current_remap,observed,0,225,96,0.0104154536831359,0.792341059326417,0.9947786418680611,0.48232185392702653,,,,tiny
context,3,cellular_clearance,current_remap,observed,1,225,96,0.3116097480742084,0.6608502602588799,0.8296928660207894,0.4233427306240531,,,,tiny
context,3,cellular_clearance,gp_linear,expected,0,225,96,0.0104154536831359,0.792341059326417,0.9947786418680611,0.48232185392702653,,,,tiny
context,3,cellular_clearance,gp_linear,expected,1,225,96,0.0104154536831359,0.792341059326417,0.9947786418680611,0.48232185392702653,,,,tiny
context,3,cellular_clearance,gp_linear,observed,0,225,96,0.0104154536831359,0.792341059326417,0.9947786418680611,0.48232185392702653,,,,tiny
context,3,cellular_clearance,gp_linear,observed,1,225,96,0.31279263598448714,0.6602822337059953,0.828979712668237,0.4230919673729078,,,,tiny
context,3,cellular_clearance,morgan_braun_blanquet,expected,0,225,96,0.0104154536831359,0.792341059326417,0.9947786418680611,0.48232185392702653,,,,tiny
context,3,cellular_clearance,morgan_braun_blanquet,expected,1,225,96,0.0104154536831359,0.792341059326417,0.9947786418680611,0.48232185392702653,,,,tiny
context,3,cellular_clearance,morgan_braun_blanquet,observed,0,225,96,0.0104154536831359,0.792341059326417,0.9947786418680611,0.48232185392702653,,,,tiny
context,3,cellular_clearance,morgan_braun_blanquet,observed,1,225,96,0.2877124740512611,0.6722230172587106,0.8439712826564295,0.4258142411971514,,,,tiny
context,3,cellular_clearance,morgan_cosine,expected,0,225,96,0.0104154536831359,0.792341059326417,0.9947786418680611,0.48232185392702653,,,,tiny
context,3,cellular_clearance,morgan_cosine,expected,1,225,96,0.0104154536831359,0.792341059326417,0.9947786418680611,0.48232185392702653,,,,tiny
context,3,cellular_clearance,morgan_cosine,observed,0,225,96,0.0104154536831359,0.792341059326417,0.9947786418680611,0.48232185392702653,,,,tiny
context,3,cellular_clearance,morgan_cosine,observed,1,225,96,0.271142376666509,0.6799970987262298,0.8537315874052518,0.42970679841396175,,,,tiny
context,3,cellular_clearance,morgan_dice,expected,0,225,96,0.0104154536831359,0.792341059326417,0.9947786418680611,0.48232185392702653,,,,tiny
context,3,cellular_clearance,morgan_dice,expected,1,225,96,0.0104154536831359,0.792341059326417,0.9947786418680611,0.48232185392702653,,,,tiny
context,3,cellular_clearance,morgan_dice,observed,0,225,96,0.0104154536831359,0.792341059326417,0.9947786418680611,0.48232185392702653,,,,tiny
context,3,cellular_clearance,morgan_dice,observed,1,225,96,0.27243723204692816,0.6793928042216052,0.8529728998937023,0.42946066488910306,,,,tiny
context,3,cellular_clearance,morgan_hamming,expected,0,225,96,0.0104154536831359,0.792341059326417,0.9947786418680611,0.48232185392702653,,,,tiny
context,3,cellular_clearance,morgan_hamming,expected,1,225,96,0.0104154536831359,0.792341059326417,0.9947786418680611,0.48232185392702653,,,,tiny
context,3,cellular_clearance,morgan_hamming,observed,0,225,96,0.0104154536831359,0.792341059326417,0.9947786418680611,0.48232185392702653,,,,tiny
context,3,cellular_clearance,morgan_hamming,observed,1,225,96,0.2768648641368586,0.6773224042550456,0.8503735272591342,0.42851983750077716,,,,tiny
context,3,cellular_clearance,morgan_pearson,expected,0,225,96,0.0104154536831359,0.792341059326417,0.9947786418680611,0.48232185392702653,,,,tiny
context,3,cellular_clearance,morgan_pearson,expected,1,225,96,0.0104154536831359,0.792341059326417,0.9947786418680611,0.48232185392702653,,,,tiny
context,3,cellular_clearance,morgan_pearson,observed,0,225,96,0.0104154536831359,0.792341059326417,0.9947786418680611,0.48232185392702653,,,,tiny
context,3,cellular_clearance,morgan_pearson,observed,1,225,96,0.27113105856502084,0.6800023783899466,0.8537382159860124,0.42972692953198566,,,,tiny
context,3,cellular_clearance,morgan_selected,expected,0,225,96,0.0104154536831359,0.792341059326417,0.9947786418680611,0.48232185392702653,,,,tiny
context,3,cellular_clearance,morgan_selected,expected,1,225,96,0.0104154536831359,0.792341059326417,0.9947786418680611,0.48232185392702653,,,,tiny
context,3,cellular_clearance,morgan_selected,observed,0,225,96,0.0104154536831359,0.792341059326417,0.9947786418680611,0.48232185392702653,,,,tiny
context,3,cellular_clearance,morgan_selected,observed,1,225,96,0.2769909518945567,0.6772633518165644,0.8502993873368623,0.42954157056552766,,,,tiny
context,3,cellular_clearance,morgan_sokal,expected,0,225,96,0.0104154536831359,0.792341059326417,0.9947786418680611,0.48232185392702653,,,,tiny
context,3,cellular_clearance,morgan_sokal,expected,1,225,96,0.0104154536831359,0.792341059326417,0.9947786418680611,0.48232185392702653,,,,tiny
context,3,cellular_clearance,morgan_sokal,observed,0,225,96,0.0104154536831359,0.792341059326417,0.9947786418680611,0.48232185392702653,,,,tiny
context,3,cellular_clearance,morgan_sokal,observed,1,225,96,0.27086842150498047,0.6801248817165538,0.8538920180532311,0.42938219598567506,,,,tiny
context,3,cellular_clearance,morgan_tanimoto,expected,0,225,96,0.0104154536831359,0.792341059326417,0.9947786418680611,0.48232185392702653,,,,tiny
context,3,cellular_clearance,morgan_tanimoto,expected,1,225,96,0.0104154536831359,0.792341059326417,0.9947786418680611,0.48232185392702653,,,,tiny
context,3,cellular_clearance,morgan_tanimoto,observed,0,225,96,0.0104154536831359,0.792341059326417,0.9947786418680611,0.48232185392702653,,,,tiny
context,3,cellular_clearance,morgan_tanimoto,observed,1,225,96,0.2745732428273353,0.6783947755281236,0.8517198818700106,0.4284607515156045,,,,tiny
context,3,cellular_clearance,previous_delta_anchor,observed,0,225,96,-0.3414354717612609,0.9225089800305267,1.1582035536818478,0.5437152934617642,,,,tiny
context,3,cellular_clearance,previous_delta_anchor,observed,1,225,96,-0.06587088876627845,0.8223146162823487,1.0324102327884388,0.4835150393210004,,,,tiny
context,3,cellular_clearance,tanimoto_minimol,expected,0,225,96,0.0104154536831359,0.792341059326417,0.9947786418680611,0.48232185392702653,,,,tiny
context,3,cellular_clearance,tanimoto_minimol,expected,1,225,96,0.0104154536831359,0.792341059326417,0.9947786418680611,0.48232185392702653,,,,tiny
context,3,cellular_clearance,tanimoto_minimol,observed,0,225,96,0.0104154536831359,0.792341059326417,0.9947786418680611,0.48232185392702653,,,,tiny
context,3,cellular_clearance,tanimoto_minimol,observed,1,225,96,0.3145242308198457,0.6594498339750173,0.8279346406451141,0.42337024408811125,,,,tiny
context,3,cellular_clearance,tanimoto_minimol_remap,expected,0,225,96,0.0104154536831359,0.792341059326417,0.9947786418680611,0.48232185392702653,,,,tiny
context,3,cellular_clearance,tanimoto_minimol_remap,expected,1,225,96,0.0104154536831359,0.792341059326417,0.9947786418680611,0.48232185392702653,,,,tiny
context,3,cellular_clearance,tanimoto_minimol_remap,observed,0,225,96,0.0104154536831359,0.792341059326417,0.9947786418680611,0.48232185392702653,,,,tiny
context,3,cellular_clearance,tanimoto_minimol_remap,observed,1,225,96,0.30726185479399404,0.6629339502131928,0.8323089241417552,0.4235859858747525,,,,tiny
context,3,cellular_clearance,tanimoto_morgan,expected,0,225,96,0.0104154536831359,0.792341059326417,0.9947786418680611,0.48232185392702653,,,,tiny
context,3,cellular_clearance,tanimoto_morgan,expected,1,225,96,0.0104154536831359,0.792341059326417,0.9947786418680611,0.48232185392702653,,,,tiny
context,3,cellular_clearance,tanimoto_morgan,observed,0,225,96,0.0104154536831359,0.792341059326417,0.9947786418680611,0.48232185392702653,,,,tiny
context,3,cellular_clearance,tanimoto_morgan,observed,1,225,96,0.2745732428273353,0.6783947755281236,0.8517198818700106,0.42846075151560437,,,,tiny
context,3,cellular_clearance,tanimoto_morgan_remap,expected,0,225,96,0.0104154536831359,0.792341059326417,0.9947786418680611,0.48232185392702653,,,,tiny
context,3,cellular_clearance,tanimoto_morgan_remap,expected,1,225,96,0.0104154536831359,0.792341059326417,0.9947786418680611,0.48232185392702653,,,,tiny
context,3,cellular_clearance,tanimoto_morgan_remap,observed,0,225,96,0.0104154536831359,0.792341059326417,0.9947786418680611,0.48232185392702653,,,,tiny
context,3,cellular_clearance,tanimoto_morgan_remap,observed,1,225,96,0.2731344641660871,0.6790671910603191,0.8525640948538197,0.4284661026122819,,,,tiny
context,3,efflux,current_refit,expected,0,113,82,0.017627132967117043,0.6670992692380101,0.9911472479066281,0.4703476126664602,,,,tiny
context,3,efflux,current_refit,expected,1,113,82,0.017627132967117043,0.6670992692380101,0.9911472479066281,0.4703476126664602,,,,tiny
context,3,efflux,current_refit,observed,0,113,82,0.017627132967117043,0.6670992692380101,0.9911472479066281,0.4703476126664602,,,,tiny
context,3,efflux,current_refit,observed,1,113,82,0.3110765825396955,0.5586473707738662,0.8300141067839175,0.39243728771401026,,,,tiny
context,3,efflux,current_remap,expected,0,113,82,0.017627132967117043,0.6670992692380101,0.9911472479066281,0.4703476126664602,,,,tiny
context,3,efflux,current_remap,expected,1,113,82,0.017627132967117043,0.6670992692380101,0.9911472479066281,0.4703476126664602,,,,tiny
context,3,efflux,current_remap,observed,0,113,82,0.017627132967117043,0.6670992692380101,0.9911472479066281,0.4703476126664602,,,,tiny
context,3,efflux,current_remap,observed,1,113,82,0.3030519830646392,0.5618915213322047,0.8348341254017835,0.3941918114083516,,,,tiny
context,3,efflux,gp_linear,expected,0,113,82,0.017627132967117043,0.6670992692380101,0.9911472479066281,0.4703476126664602,,,,tiny
context,3,efflux,gp_linear,expected,1,113,82,0.017627132967117043,0.6670992692380101,0.9911472479066281,0.4703476126664602,,,,tiny
context,3,efflux,gp_linear,observed,0,113,82,0.017627132967117043,0.6670992692380101,0.9911472479066281,0.4703476126664602,,,,tiny
context,3,efflux,gp_linear,observed,1,113,82,0.3118882596760094,0.5583181796588247,0.829525008859884,0.3917964956089381,,,,tiny
context,3,efflux,morgan_braun_blanquet,expected,0,113,82,0.017627132967117043,0.6670992692380101,0.9911472479066281,0.47034761266646025,,,,tiny
context,3,efflux,morgan_braun_blanquet,expected,1,113,82,0.017627132967117043,0.6670992692380101,0.9911472479066281,0.47034761266646025,,,,tiny
context,3,efflux,morgan_braun_blanquet,observed,0,113,82,0.017627132967117043,0.6670992692380101,0.9911472479066281,0.47034761266646025,,,,tiny
context,3,efflux,morgan_braun_blanquet,observed,1,113,82,0.2751900744555932,0.5730128370651704,0.8513576954162139,0.40429761090603245,,,,tiny
context,3,efflux,morgan_cosine,expected,0,113,82,0.017627132967117043,0.6670992692380101,0.9911472479066281,0.47034761266646025,,,,tiny
context,3,efflux,morgan_cosine,expected,1,113,82,0.017627132967117043,0.6670992692380101,0.9911472479066281,0.47034761266646025,,,,tiny
context,3,efflux,morgan_cosine,observed,0,113,82,0.017627132967117043,0.6670992692380101,0.9911472479066281,0.47034761266646025,,,,tiny
context,3,efflux,morgan_cosine,observed,1,113,82,0.2736359259901877,0.5736268395229294,0.8522699537176072,0.40427518967202714,,,,tiny
context,3,efflux,morgan_dice,expected,0,113,82,0.017627132967117043,0.6670992692380101,0.9911472479066281,0.47034761266646025,,,,tiny
context,3,efflux,morgan_dice,expected,1,113,82,0.017627132967117043,0.6670992692380101,0.9911472479066281,0.47034761266646025,,,,tiny
context,3,efflux,morgan_dice,observed,0,113,82,0.017627132967117043,0.6670992692380101,0.9911472479066281,0.47034761266646025,,,,tiny
context,3,efflux,morgan_dice,observed,1,113,82,0.27424748717132874,0.5733853065288553,0.8519110944392444,0.4041407910007498,,,,tiny
context,3,efflux,morgan_hamming,expected,0,113,82,0.017627132967117043,0.6670992692380101,0.9911472479066281,0.47034761266646025,,,,tiny
context,3,efflux,morgan_hamming,expected,1,113,82,0.017627132967117043,0.6670992692380101,0.9911472479066281,0.47034761266646025,,,,tiny
context,3,efflux,morgan_hamming,observed,0,113,82,0.017627132967117043,0.6670992692380101,0.9911472479066281,0.47034761266646025,,,,tiny
context,3,efflux,morgan_hamming,observed,1,113,82,0.2726923978436755,0.5739992818284944,0.8528233123902773,0.4045963651849193,,,,tiny
context,3,efflux,morgan_pearson,expected,0,113,82,0.017627132967117043,0.6670992692380101,0.9911472479066281,0.47034761266646025,,,,tiny
context,3,efflux,morgan_pearson,expected,1,113,82,0.017627132967117043,0.6670992692380101,0.9911472479066281,0.47034761266646025,,,,tiny
context,3,efflux,morgan_pearson,observed,0,113,82,0.017627132967117043,0.6670992692380101,0.9911472479066281,0.47034761266646025,,,,tiny
context,3,efflux,morgan_pearson,observed,1,113,82,0.2719007310940983,0.5743115929846003,0.8532873308012382,0.40480956055896833,,,,tiny
context,3,efflux,morgan_selected,expected,0,113,82,0.017627132967117043,0.6670992692380101,0.9911472479066281,0.47034761266646025,,,,tiny
context,3,efflux,morgan_selected,expected,1,113,82,0.017627132967117043,0.6670992692380101,0.9911472479066281,0.47034761266646025,,,,tiny
context,3,efflux,morgan_selected,observed,0,113,82,0.017627132967117043,0.6670992692380101,0.9911472479066281,0.47034761266646025,,,,tiny
context,3,efflux,morgan_selected,observed,1,113,82,0.2731969525917448,0.573800147165209,0.8525274467184357,0.40453390435695125,,,,tiny
context,3,efflux,morgan_sokal,expected,0,113,82,0.017627132967117043,0.6670992692380101,0.9911472479066281,0.47034761266646025,,,,tiny
context,3,efflux,morgan_sokal,expected,1,113,82,0.017627132967117043,0.6670992692380101,0.9911472479066281,0.47034761266646025,,,,tiny
context,3,efflux,morgan_sokal,observed,0,113,82,0.017627132967117043,0.6670992692380101,0.9911472479066281,0.47034761266646025,,,,tiny
context,3,efflux,morgan_sokal,observed,1,113,82,0.276110969687274,0.572648705388993,0.8508166843173246,0.4037561032414903,,,,tiny
context,3,efflux,morgan_tanimoto,expected,0,113,82,0.017627132967117043,0.6670992692380101,0.9911472479066281,0.47034761266646025,,,,tiny
context,3,efflux,morgan_tanimoto,expected,1,113,82,0.017627132967117043,0.6670992692380101,0.9911472479066281,0.47034761266646025,,,,tiny
context,3,efflux,morgan_tanimoto,observed,0,113,82,0.017627132967117043,0.6670992692380101,0.9911472479066281,0.47034761266646025,,,,tiny
context,3,efflux,morgan_tanimoto,observed,1,113,82,0.2743631855612889,0.5733396005893121,0.8518431865306614,0.40381357988452565,,,,tiny
context,3,efflux,previous_delta_anchor,observed,0,113,82,-0.05819511018956991,0.6923650874538734,1.0286861086792074,0.4994799013042758,,,,tiny
context,3,efflux,previous_delta_anchor,observed,1,113,82,0.1809817022992135,0.6091147096047934,0.9049962970646822,0.44422614915657904,,,,tiny
context,3,efflux,tanimoto_minimol,expected,0,113,82,0.017627132967117043,0.6670992692380101,0.9911472479066281,0.4703476126664602,,,,tiny
context,3,efflux,tanimoto_minimol,expected,1,113,82,0.017627132967117043,0.6670992692380101,0.9911472479066281,0.4703476126664602,,,,tiny
context,3,efflux,tanimoto_minimol,observed,0,113,82,0.017627132967117043,0.6670992692380101,0.9911472479066281,0.4703476126664602,,,,tiny
context,3,efflux,tanimoto_minimol,observed,1,113,82,0.30042912585398784,0.5629478248346083,0.8364035354695795,0.3948584118189054,,,,tiny
context,3,efflux,tanimoto_minimol_remap,expected,0,113,82,0.017627132967117043,0.6670992692380101,0.9911472479066281,0.4703476126664602,,,,tiny
context,3,efflux,tanimoto_minimol_remap,expected,1,113,82,0.017627132967117043,0.6670992692380101,0.9911472479066281,0.4703476126664602,,,,tiny
context,3,efflux,tanimoto_minimol_remap,observed,0,113,82,0.017627132967117043,0.6670992692380101,0.9911472479066281,0.4703476126664602,,,,tiny
context,3,efflux,tanimoto_minimol_remap,observed,1,113,82,0.30161597244733895,0.5624700917334051,0.8356937402856749,0.3965349937874113,,,,tiny
context,3,efflux,tanimoto_morgan,expected,0,113,82,0.017627132967117043,0.6670992692380101,0.9911472479066281,0.4703476126664602,,,,tiny
context,3,efflux,tanimoto_morgan,expected,1,113,82,0.017627132967117043,0.6670992692380101,0.9911472479066281,0.4703476126664602,,,,tiny
context,3,efflux,tanimoto_morgan,observed,0,113,82,0.017627132967117043,0.6670992692380101,0.9911472479066281,0.4703476126664602,,,,tiny
context,3,efflux,tanimoto_morgan,observed,1,113,82,0.2734506527653503,0.5736999921760081,0.8523786407663262,0.40422814441569316,,,,tiny
context,3,efflux,tanimoto_morgan_remap,expected,0,113,82,0.017627132967117043,0.6670992692380101,0.9911472479066281,0.4703476126664602,,,,tiny
context,3,efflux,tanimoto_morgan_remap,expected,1,113,82,0.017627132967117043,0.6670992692380101,0.9911472479066281,0.4703476126664602,,,,tiny
context,3,efflux,tanimoto_morgan_remap,observed,0,113,82,0.017627132967117043,0.6670992692380101,0.9911472479066281,0.4703476126664602,,,,tiny
context,3,efflux,tanimoto_morgan_remap,observed,1,113,82,0.2787870087928682,0.5715892548771163,0.8492425985589346,0.4029294136250678,,,,tiny
context,3,in_vivo_clearance,current_refit,expected,0,308,239,-0.12552700068738232,0.591099380015632,1.0609085731991152,0.4305212165354075,,,,tiny
context,3,in_vivo_clearance,current_refit,expected,1,308,239,-0.12552700068738232,0.591099380015632,1.0609085731991152,0.4305212165354075,,,,tiny
context,3,in_vivo_clearance,current_refit,observed,0,308,239,-0.12552700068738232,0.591099380015632,1.0609085731991152,0.4305212165354075,,,,tiny
context,3,in_vivo_clearance,current_refit,observed,1,308,239,0.1860927770849634,0.5026549875597661,0.9021680679978851,0.36130481912890733,,,,tiny
context,3,in_vivo_clearance,current_remap,expected,0,308,239,-0.12552700068738232,0.591099380015632,1.0609085731991152,0.4305212165354075,,,,tiny
context,3,in_vivo_clearance,current_remap,expected,1,308,239,-0.12552700068738232,0.591099380015632,1.0609085731991152,0.4305212165354075,,,,tiny
context,3,in_vivo_clearance,current_remap,observed,0,308,239,-0.12552700068738232,0.591099380015632,1.0609085731991152,0.4305212165354075,,,,tiny
context,3,in_vivo_clearance,current_remap,observed,1,308,239,0.1857547048257906,0.5027593705040304,0.902355415107711,0.36146077831125284,,,,tiny
context,3,in_vivo_clearance,gp_linear,expected,0,308,239,-0.12552700068738232,0.591099380015632,1.0609085731991152,0.4305212165354075,,,,tiny
context,3,in_vivo_clearance,gp_linear,expected,1,308,239,-0.12552700068738232,0.591099380015632,1.0609085731991152,0.4305212165354075,,,,tiny
context,3,in_vivo_clearance,gp_linear,observed,0,308,239,-0.12552700068738232,0.591099380015632,1.0609085731991152,0.4305212165354075,,,,tiny
context,3,in_vivo_clearance,gp_linear,observed,1,308,239,0.18613840167949658,0.5026408988831016,0.902142781559828,0.36125094937405866,,,,tiny
context,3,in_vivo_clearance,morgan_braun_blanquet,expected,0,308,239,-0.12552700068738232,0.591099380015632,1.0609085731991152,0.4305212165354075,,,,tiny
context,3,in_vivo_clearance,morgan_braun_blanquet,expected,1,308,239,-0.12552700068738232,0.591099380015632,1.0609085731991152,0.4305212165354075,,,,tiny
context,3,in_vivo_clearance,morgan_braun_blanquet,observed,0,308,239,-0.12552700068738232,0.591099380015632,1.0609085731991152,0.4305212165354075,,,,tiny
context,3,in_vivo_clearance,morgan_braun_blanquet,observed,1,308,239,0.187559732172634,0.5022018002534004,0.90135468480913,0.3582673639963233,,,,tiny
context,3,in_vivo_clearance,morgan_cosine,expected,0,308,239,-0.12552700068738232,0.591099380015632,1.0609085731991152,0.4305212165354075,,,,tiny
context,3,in_vivo_clearance,morgan_cosine,expected,1,308,239,-0.12552700068738232,0.591099380015632,1.0609085731991152,0.4305212165354075,,,,tiny
context,3,in_vivo_clearance,morgan_cosine,observed,0,308,239,-0.12552700068738232,0.591099380015632,1.0609085731991152,0.4305212165354075,,,,tiny
context,3,in_vivo_clearance,morgan_cosine,observed,1,308,239,0.18954581417338956,0.5015875863175626,0.9002522900979538,0.3576424409979368,,,,tiny
context,3,in_vivo_clearance,morgan_dice,expected,0,308,239,-0.12552700068738232,0.591099380015632,1.0609085731991152,0.4305212165354075,,,,tiny
context,3,in_vivo_clearance,morgan_dice,expected,1,308,239,-0.12552700068738232,0.591099380015632,1.0609085731991152,0.4305212165354075,,,,tiny
context,3,in_vivo_clearance,morgan_dice,observed,0,308,239,-0.12552700068738232,0.591099380015632,1.0609085731991152,0.4305212165354075,,,,tiny
context,3,in_vivo_clearance,morgan_dice,observed,1,308,239,0.18952568492243338,0.5015938152444327,0.9002634698117916,0.3576222560450875,,,,tiny
context,3,in_vivo_clearance,morgan_hamming,expected,0,308,239,-0.12552700068738232,0.591099380015632,1.0609085731991152,0.4305212165354075,,,,tiny
context,3,in_vivo_clearance,morgan_hamming,expected,1,308,239,-0.12552700068738232,0.591099380015632,1.0609085731991152,0.4305212165354075,,,,tiny
context,3,in_vivo_clearance,morgan_hamming,observed,0,308,239,-0.12552700068738232,0.591099380015632,1.0609085731991152,0.4305212165354075,,,,tiny
context,3,in_vivo_clearance,morgan_hamming,observed,1,308,239,0.19186386767509778,0.5008697545985389,0.8989639215924643,0.35735858989866465,,,,tiny
context,3,in_vivo_clearance,morgan_pearson,expected,0,308,239,-0.12552700068738232,0.591099380015632,1.0609085731991152,0.4305212165354075,,,,tiny
context,3,in_vivo_clearance,morgan_pearson,expected,1,308,239,-0.12552700068738232,0.591099380015632,1.0609085731991152,0.4305212165354075,,,,tiny
context,3,in_vivo_clearance,morgan_pearson,observed,0,308,239,-0.12552700068738232,0.591099380015632,1.0609085731991152,0.4305212165354075,,,,tiny
context,3,in_vivo_clearance,morgan_pearson,observed,1,308,239,0.19004674792341758,0.501432549183666,0.8999740285567036,0.35754966415339734,,,,tiny
context,3,in_vivo_clearance,morgan_selected,expected,0,308,239,-0.12552700068738232,0.591099380015632,1.0609085731991152,0.4305212165354075,,,,tiny
context,3,in_vivo_clearance,morgan_selected,expected,1,308,239,-0.12552700068738232,0.591099380015632,1.0609085731991152,0.4305212165354075,,,,tiny
context,3,in_vivo_clearance,morgan_selected,observed,0,308,239,-0.12552700068738232,0.591099380015632,1.0609085731991152,0.4305212165354075,,,,tiny
context,3,in_vivo_clearance,morgan_selected,observed,1,308,239,0.191909701014072,0.5008555510146193,0.8989384289182035,0.3575434731694734,,,,tiny
context,3,in_vivo_clearance,morgan_sokal,expected,0,308,239,-0.12552700068738232,0.591099380015632,1.0609085731991152,0.4305212165354075,,,,tiny
context,3,in_vivo_clearance,morgan_sokal,expected,1,308,239,-0.12552700068738232,0.591099380015632,1.0609085731991152,0.4305212165354075,,,,tiny
context,3,in_vivo_clearance,morgan_sokal,observed,0,308,239,-0.12552700068738232,0.591099380015632,1.0609085731991152,0.4305212165354075,,,,tiny
context,3,in_vivo_clearance,morgan_sokal,observed,1,308,239,0.17313001355730373,0.5066419645247966,0.909323917227902,0.3620884032880297,,,,tiny
context,3,in_vivo_clearance,morgan_tanimoto,expected,0,308,239,-0.12552700068738232,0.591099380015632,1.0609085731991152,0.4305212165354075,,,,tiny
context,3,in_vivo_clearance,morgan_tanimoto,expected,1,308,239,-0.12552700068738232,0.591099380015632,1.0609085731991152,0.4305212165354075,,,,tiny
context,3,in_vivo_clearance,morgan_tanimoto,observed,0,308,239,-0.12552700068738232,0.591099380015632,1.0609085731991152,0.4305212165354075,,,,tiny
context,3,in_vivo_clearance,morgan_tanimoto,observed,1,308,239,0.18152160153410668,0.5040645505639563,0.904697959799785,0.35979592662408055,,,,tiny
context,3,in_vivo_clearance,previous_delta_anchor,observed,0,308,239,-0.175847057614968,0.6041683385423772,1.084364817584455,0.4491935262111447,,,,tiny
context,3,in_vivo_clearance,previous_delta_anchor,observed,1,308,239,0.07266949463986627,0.5365371736935298,0.96298001295984,0.39608125722106996,,,,tiny
context,3,in_vivo_clearance,tanimoto_minimol,expected,0,308,239,-0.12552700068738232,0.591099380015632,1.0609085731991152,0.4305212165354075,,,,tiny
context,3,in_vivo_clearance,tanimoto_minimol,expected,1,308,239,-0.12552700068738232,0.591099380015632,1.0609085731991152,0.4305212165354075,,,,tiny
context,3,in_vivo_clearance,tanimoto_minimol,observed,0,308,239,-0.12552700068738232,0.591099380015632,1.0609085731991152,0.4305212165354075,,,,tiny
context,3,in_vivo_clearance,tanimoto_minimol,observed,1,308,239,0.18141886615269598,0.5040961846541385,0.9047547368471215,0.360840573456447,,,,tiny
context,3,in_vivo_clearance,tanimoto_minimol_remap,expected,0,308,239,-0.12552700068738232,0.591099380015632,1.0609085731991152,0.4305212165354075,,,,tiny
context,3,in_vivo_clearance,tanimoto_minimol_remap,expected,1,308,239,-0.12552700068738232,0.591099380015632,1.0609085731991152,0.4305212165354075,,,,tiny
context,3,in_vivo_clearance,tanimoto_minimol_remap,observed,0,308,239,-0.12552700068738232,0.591099380015632,1.0609085731991152,0.4305212165354075,,,,tiny
context,3,in_vivo_clearance,tanimoto_minimol_remap,observed,1,308,239,0.18471175420709862,0.5030812547069106,0.9029331347297547,0.360736315029918,,,,tiny
context,3,in_vivo_clearance,tanimoto_morgan,expected,0,308,239,-0.12552700068738232,0.591099380015632,1.0609085731991152,0.4305212165354075,,,,tiny
context,3,in_vivo_clearance,tanimoto_morgan,expected,1,308,239,-0.12552700068738232,0.591099380015632,1.0609085731991152,0.4305212165354075,,,,tiny
context,3,in_vivo_clearance,tanimoto_morgan,observed,0,308,239,-0.12552700068738232,0.591099380015632,1.0609085731991152,0.4305212165354075,,,,tiny
context,3,in_vivo_clearance,tanimoto_morgan,observed,1,308,239,0.1875059256407139,0.5022184299619954,0.9013845319059375,0.35766423119475044,,,,tiny
context,3,in_vivo_clearance,tanimoto_morgan_remap,expected,0,308,239,-0.12552700068738232,0.591099380015632,1.0609085731991152,0.4305212165354075,,,,tiny
context,3,in_vivo_clearance,tanimoto_morgan_remap,expected,1,308,239,-0.12552700068738232,0.591099380015632,1.0609085731991152,0.4305212165354075,,,,tiny
context,3,in_vivo_clearance,tanimoto_morgan_remap,observed,0,308,239,-0.12552700068738232,0.591099380015632,1.0609085731991152,0.4305212165354075,,,,tiny
context,3,in_vivo_clearance,tanimoto_morgan_remap,observed,1,308,239,0.17330905287669995,0.506587110832715,0.9092254655052838,0.3621027182822689,,,,tiny
context,3,microsomal_clearance,current_refit,expected,0,814,427,0.20505200997686301,0.6530538541437114,0.8915985587825593,0.4973541593409052,,,,tiny
context,3,microsomal_clearance,current_refit,expected,1,814,427,0.20505200997686301,0.6530538541437114,0.8915985587825593,0.4973541593409052,,,,tiny
context,3,microsomal_clearance,current_refit,observed,0,814,427,0.20505200997686301,0.6530538541437114,0.8915985587825593,0.4973541593409052,,,,tiny
context,3,microsomal_clearance,current_refit,observed,1,814,427,0.42943943822543773,0.5532615812438663,0.7553545934027027,0.41675637048374564,,,,tiny
context,3,microsomal_clearance,current_remap,expected,0,814,427,0.20505200997686301,0.6530538541437114,0.8915985587825593,0.4973541593409052,,,,tiny
context,3,microsomal_clearance,current_remap,expected,1,814,427,0.20505200997686301,0.6530538541437114,0.8915985587825593,0.4973541593409052,,,,tiny
context,3,microsomal_clearance,current_remap,observed,0,814,427,0.20505200997686301,0.6530538541437114,0.8915985587825593,0.4973541593409052,,,,tiny
context,3,microsomal_clearance,current_remap,observed,1,814,427,0.42945128264333177,0.5532558385621761,0.7553467530589301,0.4169694323213071,,,,tiny
context,3,microsomal_clearance,gp_linear,expected,0,814,427,0.20505200997686301,0.6530538541437114,0.8915985587825593,0.4973541593409052,,,,tiny
context,3,microsomal_clearance,gp_linear,expected,1,814,427,0.20505200997686301,0.6530538541437114,0.8915985587825593,0.4973541593409052,,,,tiny
context,3,microsomal_clearance,gp_linear,observed,0,814,427,0.20505200997686301,0.6530538541437114,0.8915985587825593,0.4973541593409052,,,,tiny
context,3,microsomal_clearance,gp_linear,observed,1,814,427,0.43001075852578385,0.5529845127245834,0.7549763184856967,0.4162361819897315,,,,tiny
context,3,microsomal_clearance,morgan_braun_blanquet,expected,0,814,427,0.2050520099768629,0.6530538541437115,0.8915985587825594,0.4973541593409052,,,,tiny
context,3,microsomal_clearance,morgan_braun_blanquet,expected,1,814,427,0.2050520099768629,0.6530538541437115,0.8915985587825594,0.4973541593409052,,,,tiny
context,3,microsomal_clearance,morgan_braun_blanquet,observed,0,814,427,0.2050520099768629,0.6530538541437115,0.8915985587825594,0.4973541593409052,,,,tiny
context,3,microsomal_clearance,morgan_braun_blanquet,observed,1,814,427,0.4252523108972647,0.5552879586751447,0.7581211572715375,0.4215240534004211,,,,tiny
context,3,microsomal_clearance,morgan_cosine,expected,0,814,427,0.2050520099768629,0.6530538541437115,0.8915985587825594,0.4973541593409052,,,,tiny
context,3,microsomal_clearance,morgan_cosine,expected,1,814,427,0.2050520099768629,0.6530538541437115,0.8915985587825594,0.4973541593409052,,,,tiny
context,3,microsomal_clearance,morgan_cosine,observed,0,814,427,0.2050520099768629,0.6530538541437115,0.8915985587825594,0.4973541593409052,,,,tiny
context,3,microsomal_clearance,morgan_cosine,observed,1,814,427,0.42455956906221437,0.5556225014369313,0.7585779003752915,0.4221943587311888,,,,tiny
context,3,microsomal_clearance,morgan_dice,expected,0,814,427,0.2050520099768629,0.6530538541437115,0.8915985587825594,0.4973541593409052,,,,tiny
context,3,microsomal_clearance,morgan_dice,expected,1,814,427,0.2050520099768629,0.6530538541437115,0.8915985587825594,0.4973541593409052,,,,tiny
context,3,microsomal_clearance,morgan_dice,observed,0,814,427,0.2050520099768629,0.6530538541437115,0.8915985587825594,0.4973541593409052,,,,tiny
context,3,microsomal_clearance,morgan_dice,observed,1,814,427,0.4247470771046019,0.5555319688896587,0.7584542984883124,0.42209124082079147,,,,tiny
context,3,microsomal_clearance,morgan_hamming,expected,0,814,427,0.2050520099768629,0.6530538541437115,0.8915985587825594,0.4973541593409052,,,,tiny
context,3,microsomal_clearance,morgan_hamming,expected,1,814,427,0.2050520099768629,0.6530538541437115,0.8915985587825594,0.4973541593409052,,,,tiny
context,3,microsomal_clearance,morgan_hamming,observed,0,814,427,0.2050520099768629,0.6530538541437115,0.8915985587825594,0.4973541593409052,,,,tiny
context,3,microsomal_clearance,morgan_hamming,observed,1,814,427,0.42425809663999436,0.5557680272978189,0.75877658329709,0.4219930531143174,,,,tiny
context,3,microsomal_clearance,morgan_pearson,expected,0,814,427,0.2050520099768629,0.6530538541437115,0.8915985587825594,0.4973541593409052,,,,tiny
context,3,microsomal_clearance,morgan_pearson,expected,1,814,427,0.2050520099768629,0.6530538541437115,0.8915985587825594,0.4973541593409052,,,,tiny
context,3,microsomal_clearance,morgan_pearson,observed,0,814,427,0.2050520099768629,0.6530538541437115,0.8915985587825594,0.4973541593409052,,,,tiny
context,3,microsomal_clearance,morgan_pearson,observed,1,814,427,0.4245462896862482,0.555628912419831,0.7585866531344668,0.4221966625536995,,,,tiny
context,3,microsomal_clearance,morgan_selected,expected,0,814,427,0.2050520099768629,0.6530538541437115,0.8915985587825594,0.4973541593409052,,,,tiny
context,3,microsomal_clearance,morgan_selected,expected,1,814,427,0.2050520099768629,0.6530538541437115,0.8915985587825594,0.4973541593409052,,,,tiny
context,3,microsomal_clearance,morgan_selected,observed,0,814,427,0.2050520099768629,0.6530538541437115,0.8915985587825594,0.4973541593409052,,,,tiny
context,3,microsomal_clearance,morgan_selected,observed,1,814,427,0.4253078782885795,0.555261115027305,0.7580845082914045,0.42168001017459333,,,,tiny
context,3,microsomal_clearance,morgan_sokal,expected,0,814,427,0.2050520099768629,0.6530538541437115,0.8915985587825594,0.4973541593409052,,,,tiny
context,3,microsomal_clearance,morgan_sokal,expected,1,814,427,0.2050520099768629,0.6530538541437115,0.8915985587825594,0.4973541593409052,,,,tiny
context,3,microsomal_clearance,morgan_sokal,observed,0,814,427,0.2050520099768629,0.6530538541437115,0.8915985587825594,0.4973541593409052,,,,tiny
context,3,microsomal_clearance,morgan_sokal,observed,1,814,427,0.4221685997776127,0.5567756175197123,0.7601522217440315,0.42350494535611977,,,,tiny
context,3,microsomal_clearance,morgan_tanimoto,expected,0,814,427,0.2050520099768629,0.6530538541437115,0.8915985587825594,0.4973541593409052,,,,tiny
context,3,microsomal_clearance,morgan_tanimoto,expected,1,814,427,0.2050520099768629,0.6530538541437115,0.8915985587825594,0.4973541593409052,,,,tiny
context,3,microsomal_clearance,morgan_tanimoto,observed,0,814,427,0.2050520099768629,0.6530538541437115,0.8915985587825594,0.4973541593409052,,,,tiny
context,3,microsomal_clearance,morgan_tanimoto,observed,1,814,427,0.4232025467148822,0.5562772591770754,0.7594718252082283,0.42290221704696024,,,,tiny
context,3,microsomal_clearance,previous_delta_anchor,observed,0,814,427,0.1576631234807082,0.6722372063314582,0.9177891242106172,0.5192688064282328,,,,tiny
context,3,microsomal_clearance,previous_delta_anchor,observed,1,814,427,0.3668619834513013,0.5828124685430947,0.7956997024937855,0.4547786108275181,,,,tiny
context,3,microsomal_clearance,tanimoto_minimol,expected,0,814,427,0.20505200997686301,0.6530538541437114,0.8915985587825593,0.4973541593409052,,,,tiny
context,3,microsomal_clearance,tanimoto_minimol,expected,1,814,427,0.20505200997686301,0.6530538541437114,0.8915985587825593,0.4973541593409052,,,,tiny
context,3,microsomal_clearance,tanimoto_minimol,observed,0,814,427,0.20505200997686301,0.6530538541437114,0.8915985587825593,0.4973541593409052,,,,tiny
context,3,microsomal_clearance,tanimoto_minimol,observed,1,814,427,0.4271062219971772,0.5543916645049487,0.7568974686196426,0.41796119072206794,,,,tiny
context,3,microsomal_clearance,tanimoto_minimol_remap,expected,0,814,427,0.20505200997686301,0.6530538541437114,0.8915985587825593,0.4973541593409052,,,,tiny
context,3,microsomal_clearance,tanimoto_minimol_remap,expected,1,814,427,0.20505200997686301,0.6530538541437114,0.8915985587825593,0.4973541593409052,,,,tiny
context,3,microsomal_clearance,tanimoto_minimol_remap,observed,0,814,427,0.20505200997686301,0.6530538541437114,0.8915985587825593,0.4973541593409052,,,,tiny
context,3,microsomal_clearance,tanimoto_minimol_remap,observed,1,814,427,0.4286339606377829,0.5536519715580368,0.7558875838127103,0.4177046617993603,,,,tiny
context,3,microsomal_clearance,tanimoto_morgan,expected,0,814,427,0.20505200997686301,0.6530538541437114,0.8915985587825593,0.4973541593409052,,,,tiny
context,3,microsomal_clearance,tanimoto_morgan,expected,1,814,427,0.20505200997686301,0.6530538541437114,0.8915985587825593,0.4973541593409052,,,,tiny
context,3,microsomal_clearance,tanimoto_morgan,observed,0,814,427,0.20505200997686301,0.6530538541437114,0.8915985587825593,0.4973541593409052,,,,tiny
context,3,microsomal_clearance,tanimoto_morgan,observed,1,814,427,0.42549446983921957,0.5551709663722948,0.7579614305232031,0.4214811725459313,,,,tiny
context,3,microsomal_clearance,tanimoto_morgan_remap,expected,0,814,427,0.20505200997686301,0.6530538541437114,0.8915985587825593,0.4973541593409052,,,,tiny
context,3,microsomal_clearance,tanimoto_morgan_remap,expected,1,814,427,0.20505200997686301,0.6530538541437114,0.8915985587825593,0.4973541593409052,,,,tiny
context,3,microsomal_clearance,tanimoto_morgan_remap,observed,0,814,427,0.20505200997686301,0.6530538541437114,0.8915985587825593,0.4973541593409052,,,,tiny
context,3,microsomal_clearance,tanimoto_morgan_remap,observed,1,814,427,0.42404136248563384,0.55587262501672,0.7589193880211298,0.422502890443631,,,,tiny
context,3,permeability,current_refit,expected,0,197,147,0.0434412239553591,0.6259246833938314,0.9780382283145382,0.46916964326686583,,,,tiny
context,3,permeability,current_refit,expected,1,197,147,0.0434412239553591,0.6259246833938314,0.9780382283145382,0.46916964326686583,,,,tiny
context,3,permeability,current_refit,observed,0,197,147,0.0434412239553591,0.6259246833938314,0.9780382283145382,0.46916964326686583,,,,tiny
context,3,permeability,current_refit,observed,1,197,147,0.3257772548926843,0.5254942251947659,0.8211106777452816,0.38903066161112737,,,,tiny
context,3,permeability,current_remap,expected,0,197,147,0.0434412239553591,0.6259246833938314,0.9780382283145382,0.46916964326686583,,,,tiny
context,3,permeability,current_remap,expected,1,197,147,0.0434412239553591,0.6259246833938314,0.9780382283145382,0.46916964326686583,,,,tiny
context,3,permeability,current_remap,observed,0,197,147,0.0434412239553591,0.6259246833938314,0.9780382283145382,0.46916964326686583,,,,tiny
context,3,permeability,current_remap,observed,1,197,147,0.3246553708102434,0.5259312458749175,0.821793544139741,0.38893567821769615,,,,tiny
context,3,permeability,gp_linear,expected,0,197,147,0.0434412239553591,0.6259246833938314,0.9780382283145382,0.46916964326686583,,,,tiny
context,3,permeability,gp_linear,expected,1,197,147,0.0434412239553591,0.6259246833938314,0.9780382283145382,0.46916964326686583,,,,tiny
context,3,permeability,gp_linear,observed,0,197,147,0.0434412239553591,0.6259246833938314,0.9780382283145382,0.46916964326686583,,,,tiny
context,3,permeability,gp_linear,observed,1,197,147,0.32607810357020084,0.525376970263956,0.8209274611254025,0.3889443652958142,,,,tiny
context,3,permeability,morgan_braun_blanquet,expected,0,197,147,0.0434412239553591,0.6259246833938314,0.9780382283145382,0.46916964326686583,,,,tiny
context,3,permeability,morgan_braun_blanquet,expected,1,197,147,0.0434412239553591,0.6259246833938314,0.9780382283145382,0.46916964326686583,,,,tiny
context,3,permeability,morgan_braun_blanquet,observed,0,197,147,0.0434412239553591,0.6259246833938314,0.9780382283145382,0.46916964326686583,,,,tiny
context,3,permeability,morgan_braun_blanquet,observed,1,197,147,0.2975176557168796,0.536394053744153,0.8381421981281699,0.39768107787712387,,,,tiny
context,3,permeability,morgan_cosine,expected,0,197,147,0.0434412239553591,0.6259246833938314,0.9780382283145382,0.46916964326686583,,,,tiny
context,3,permeability,morgan_cosine,expected,1,197,147,0.0434412239553591,0.6259246833938314,0.9780382283145382,0.46916964326686583,,,,tiny
context,3,permeability,morgan_cosine,observed,0,197,147,0.0434412239553591,0.6259246833938314,0.9780382283145382,0.46916964326686583,,,,tiny
context,3,permeability,morgan_cosine,observed,1,197,147,0.29565563252110805,0.5371044752979983,0.8392522668893376,0.39776163599750597,,,,tiny
context,3,permeability,morgan_dice,expected,0,197,147,0.0434412239553591,0.6259246833938314,0.9780382283145382,0.46916964326686583,,,,tiny
context,3,permeability,morgan_dice,expected,1,197,147,0.0434412239553591,0.6259246833938314,0.9780382283145382,0.46916964326686583,,,,tiny
context,3,permeability,morgan_dice,observed,0,197,147,0.0434412239553591,0.6259246833938314,0.9780382283145382,0.46916964326686583,,,,tiny
context,3,permeability,morgan_dice,observed,1,197,147,0.29554564502388536,0.5371464096653864,0.839317791409258,0.39781843435754083,,,,tiny
context,3,permeability,morgan_hamming,expected,0,197,147,0.0434412239553591,0.6259246833938314,0.9780382283145382,0.46916964326686583,,,,tiny
context,3,permeability,morgan_hamming,expected,1,197,147,0.0434412239553591,0.6259246833938314,0.9780382283145382,0.46916964326686583,,,,tiny
context,3,permeability,morgan_hamming,observed,0,197,147,0.0434412239553591,0.6259246833938314,0.9780382283145382,0.46916964326686583,,,,tiny
context,3,permeability,morgan_hamming,observed,1,197,147,0.29774040804368607,0.536309003566136,0.838009303024921,0.39768595617770947,,,,tiny
context,3,permeability,morgan_pearson,expected,0,197,147,0.0434412239553591,0.6259246833938314,0.9780382283145382,0.46916964326686583,,,,tiny
context,3,permeability,morgan_pearson,expected,1,197,147,0.0434412239553591,0.6259246833938314,0.9780382283145382,0.46916964326686583,,,,tiny
context,3,permeability,morgan_pearson,observed,0,197,147,0.0434412239553591,0.6259246833938314,0.9780382283145382,0.46916964326686583,,,,tiny
context,3,permeability,morgan_pearson,observed,1,197,147,0.2957223010489969,0.5370790553374508,0.839212546945649,0.39775534533860507,,,,tiny
context,3,permeability,morgan_selected,expected,0,197,147,0.0434412239553591,0.6259246833938314,0.9780382283145382,0.46916964326686583,,,,tiny
context,3,permeability,morgan_selected,expected,1,197,147,0.0434412239553591,0.6259246833938314,0.9780382283145382,0.46916964326686583,,,,tiny
context,3,permeability,morgan_selected,observed,0,197,147,0.0434412239553591,0.6259246833938314,0.9780382283145382,0.46916964326686583,,,,tiny
context,3,permeability,morgan_selected,observed,1,197,147,0.2967960872894855,0.5366694668401394,0.8385725446915815,0.3977920043993461,,,,tiny
context,3,permeability,morgan_sokal,expected,0,197,147,0.0434412239553591,0.6259246833938314,0.9780382283145382,0.46916964326686583,,,,tiny
context,3,permeability,morgan_sokal,expected,1,197,147,0.0434412239553591,0.6259246833938314,0.9780382283145382,0.46916964326686583,,,,tiny
context,3,permeability,morgan_sokal,observed,0,197,147,0.0434412239553591,0.6259246833938314,0.9780382283145382,0.46916964326686583,,,,tiny
context,3,permeability,morgan_sokal,observed,1,197,147,0.29797750908104637,0.5362184600139802,0.8378678242532969,0.398817839030796,,,,tiny
context,3,permeability,morgan_tanimoto,expected,0,197,147,0.0434412239553591,0.6259246833938314,0.9780382283145382,0.46916964326686583,,,,tiny
context,3,permeability,morgan_tanimoto,expected,1,197,147,0.0434412239553591,0.6259246833938314,0.9780382283145382,0.46916964326686583,,,,tiny
context,3,permeability,morgan_tanimoto,observed,0,197,147,0.0434412239553591,0.6259246833938314,0.9780382283145382,0.46916964326686583,,,,tiny
context,3,permeability,morgan_tanimoto,observed,1,197,147,0.2978122898871294,0.5362815551219846,0.8379664134754272,0.3980352766999229,,,,tiny
context,3,permeability,previous_delta_anchor,observed,0,197,147,-0.07830236866562323,0.6645635648682832,1.038413390064681,0.5028830136810098,,,,tiny
context,3,permeability,previous_delta_anchor,observed,1,197,147,0.16345232138342702,0.5853445737391016,0.9146298041374843,0.44380631163850176,,,,tiny
context,3,permeability,tanimoto_minimol,expected,0,197,147,0.0434412239553591,0.6259246833938314,0.9780382283145382,0.46916964326686583,,,,tiny
context,3,permeability,tanimoto_minimol,expected,1,197,147,0.0434412239553591,0.6259246833938314,0.9780382283145382,0.46916964326686583,,,,tiny
context,3,permeability,tanimoto_minimol,observed,0,197,147,0.0434412239553591,0.6259246833938314,0.9780382283145382,0.46916964326686583,,,,tiny
context,3,permeability,tanimoto_minimol,observed,1,197,147,0.32102974469341805,0.5273411021125065,0.8239965141349701,0.389001795161278,,,,tiny
context,3,permeability,tanimoto_minimol_remap,expected,0,197,147,0.0434412239553591,0.6259246833938314,0.9780382283145382,0.46916964326686583,,,,tiny
context,3,permeability,tanimoto_minimol_remap,expected,1,197,147,0.0434412239553591,0.6259246833938314,0.9780382283145382,0.46916964326686583,,,,tiny
context,3,permeability,tanimoto_minimol_remap,observed,0,197,147,0.0434412239553591,0.6259246833938314,0.9780382283145382,0.46916964326686583,,,,tiny
context,3,permeability,tanimoto_minimol_remap,observed,1,197,147,0.31144698838161466,0.5310494203595276,0.8297909445266232,0.3909377260743462,,,,tiny
context,3,permeability,tanimoto_morgan,expected,0,197,147,0.0434412239553591,0.6259246833938314,0.9780382283145382,0.46916964326686583,,,,tiny
context,3,permeability,tanimoto_morgan,expected,1,197,147,0.0434412239553591,0.6259246833938314,0.9780382283145382,0.46916964326686583,,,,tiny
context,3,permeability,tanimoto_morgan,observed,0,197,147,0.0434412239553591,0.6259246833938314,0.9780382283145382,0.46916964326686583,,,,tiny
context,3,permeability,tanimoto_morgan,observed,1,197,147,0.2935494695808427,0.5379069131334316,0.8405061156345962,0.39746152216834585,,,,tiny
context,3,permeability,tanimoto_morgan_remap,expected,0,197,147,0.0434412239553591,0.6259246833938314,0.9780382283145382,0.46916964326686583,,,,tiny
context,3,permeability,tanimoto_morgan_remap,expected,1,197,147,0.0434412239553591,0.6259246833938314,0.9780382283145382,0.46916964326686583,,,,tiny
context,3,permeability,tanimoto_morgan_remap,observed,0,197,147,0.0434412239553591,0.6259246833938314,0.9780382283145382,0.46916964326686583,,,,tiny
context,3,permeability,tanimoto_morgan_remap,observed,1,197,147,0.29784026067113034,0.5362708739574557,0.8379497236283747,0.39919178176519454,,,,tiny
context,3,protein_binding,current_refit,expected,0,467,212,0.1354458248321272,0.9909588507179985,0.9298140540817141,0.613634700432136,,,,tiny
context,3,protein_binding,current_refit,expected,1,467,212,0.1354458248321272,0.9909588507179985,0.9298140540817141,0.613634700432136,,,,tiny
context,3,protein_binding,current_refit,observed,0,467,212,0.1354458248321272,0.9909588507179985,0.9298140540817141,0.613634700432136,,,,tiny
context,3,protein_binding,current_refit,observed,1,467,212,0.28948967566693706,0.8983482190580365,0.8429177447017372,0.5403803529746652,,,,tiny
context,3,protein_binding,current_remap,expected,0,467,212,0.1354458248321272,0.9909588507179985,0.9298140540817141,0.613634700432136,,,,tiny
context,3,protein_binding,current_remap,expected,1,467,212,0.1354458248321272,0.9909588507179985,0.9298140540817141,0.613634700432136,,,,tiny
context,3,protein_binding,current_remap,observed,0,467,212,0.1354458248321272,0.9909588507179985,0.9298140540817141,0.613634700432136,,,,tiny
context,3,protein_binding,current_remap,observed,1,467,212,0.2932074998225457,0.8959947829690956,0.8407095218786654,0.5405996345454062,,,,tiny
context,3,protein_binding,gp_linear,expected,0,467,212,0.1354458248321272,0.9909588507179985,0.9298140540817141,0.613634700432136,,,,tiny
context,3,protein_binding,gp_linear,expected,1,467,212,0.1354458248321272,0.9909588507179985,0.9298140540817141,0.613634700432136,,,,tiny
context,3,protein_binding,gp_linear,observed,0,467,212,0.1354458248321272,0.9909588507179985,0.9298140540817141,0.613634700432136,,,,tiny
context,3,protein_binding,gp_linear,observed,1,467,212,0.28814181898876967,0.8991999103691782,0.8437168843938293,0.5408131764825934,,,,tiny
context,3,protein_binding,morgan_braun_blanquet,expected,0,467,212,0.1354458248321272,0.9909588507179985,0.9298140540817141,0.613634700432136,,,,tiny
context,3,protein_binding,morgan_braun_blanquet,expected,1,467,212,0.1354458248321272,0.9909588507179985,0.9298140540817141,0.613634700432136,,,,tiny
context,3,protein_binding,morgan_braun_blanquet,observed,0,467,212,0.1354458248321272,0.9909588507179985,0.9298140540817141,0.613634700432136,,,,tiny
context,3,protein_binding,morgan_braun_blanquet,observed,1,467,212,0.2894861962663462,0.8983504186808925,0.8429198086020128,0.5472489651021881,,,,tiny
context,3,protein_binding,morgan_cosine,expected,0,467,212,0.1354458248321272,0.9909588507179985,0.9298140540817141,0.613634700432136,,,,tiny
context,3,protein_binding,morgan_cosine,expected,1,467,212,0.1354458248321272,0.9909588507179985,0.9298140540817141,0.613634700432136,,,,tiny
context,3,protein_binding,morgan_cosine,observed,0,467,212,0.1354458248321272,0.9909588507179985,0.9298140540817141,0.613634700432136,,,,tiny
context,3,protein_binding,morgan_cosine,observed,1,467,212,0.2864251842229524,0.9002834607157398,0.8447335768022055,0.5479203810856123,,,,tiny
context,3,protein_binding,morgan_dice,expected,0,467,212,0.1354458248321272,0.9909588507179985,0.9298140540817141,0.613634700432136,,,,tiny
context,3,protein_binding,morgan_dice,expected,1,467,212,0.1354458248321272,0.9909588507179985,0.9298140540817141,0.613634700432136,,,,tiny
context,3,protein_binding,morgan_dice,observed,0,467,212,0.1354458248321272,0.9909588507179985,0.9298140540817141,0.613634700432136,,,,tiny
context,3,protein_binding,morgan_dice,observed,1,467,212,0.2853668916832258,0.9009508120945977,0.8453597508261049,0.548031393764531,,,,tiny
context,3,protein_binding,morgan_hamming,expected,0,467,212,0.1354458248321272,0.9909588507179985,0.9298140540817141,0.613634700432136,,,,tiny
context,3,protein_binding,morgan_hamming,expected,1,467,212,0.1354458248321272,0.9909588507179985,0.9298140540817141,0.613634700432136,,,,tiny
context,3,protein_binding,morgan_hamming,observed,0,467,212,0.1354458248321272,0.9909588507179985,0.9298140540817141,0.613634700432136,,,,tiny
context,3,protein_binding,morgan_hamming,observed,1,467,212,0.30680514795131475,0.8873341151652362,0.8325832403121536,0.5478324910448462,,,,tiny
context,3,protein_binding,morgan_pearson,expected,0,467,212,0.1354458248321272,0.9909588507179985,0.9298140540817141,0.613634700432136,,,,tiny
context,3,protein_binding,morgan_pearson,expected,1,467,212,0.1354458248321272,0.9909588507179985,0.9298140540817141,0.613634700432136,,,,tiny
context,3,protein_binding,morgan_pearson,observed,0,467,212,0.1354458248321272,0.9909588507179985,0.9298140540817141,0.613634700432136,,,,tiny
context,3,protein_binding,morgan_pearson,observed,1,467,212,0.28621813326625845,0.9004140644225169,0.8448561219129217,0.5479723548581014,,,,tiny
context,3,protein_binding,morgan_selected,expected,0,467,212,0.1354458248321272,0.9909588507179985,0.9298140540817141,0.613634700432136,,,,tiny
context,3,protein_binding,morgan_selected,expected,1,467,212,0.1354458248321272,0.9909588507179985,0.9298140540817141,0.613634700432136,,,,tiny
context,3,protein_binding,morgan_selected,observed,0,467,212,0.1354458248321272,0.9909588507179985,0.9298140540817141,0.613634700432136,,,,tiny
context,3,protein_binding,morgan_selected,observed,1,467,212,0.2829380184808631,0.902480575433289,0.8467951236982514,0.5490399820094081,,,,tiny
context,3,protein_binding,morgan_sokal,expected,0,467,212,0.1354458248321272,0.9909588507179985,0.9298140540817141,0.613634700432136,,,,tiny
context,3,protein_binding,morgan_sokal,expected,1,467,212,0.1354458248321272,0.9909588507179985,0.9298140540817141,0.613634700432136,,,,tiny
context,3,protein_binding,morgan_sokal,observed,0,467,212,0.1354458248321272,0.9909588507179985,0.9298140540817141,0.613634700432136,,,,tiny
context,3,protein_binding,morgan_sokal,observed,1,467,212,0.3115397106732286,0.8842986503732859,0.8297350717709667,0.5473695237938313,,,,tiny
context,3,protein_binding,morgan_tanimoto,expected,0,467,212,0.1354458248321272,0.9909588507179985,0.9298140540817141,0.613634700432136,,,,tiny
context,3,protein_binding,morgan_tanimoto,expected,1,467,212,0.1354458248321272,0.9909588507179985,0.9298140540817141,0.613634700432136,,,,tiny
context,3,protein_binding,morgan_tanimoto,observed,0,467,212,0.1354458248321272,0.9909588507179985,0.9298140540817141,0.613634700432136,,,,tiny
context,3,protein_binding,morgan_tanimoto,observed,1,467,212,0.3015607491098474,0.8906843748333851,0.8357267800484514,0.548745223427032,,,,tiny
context,3,protein_binding,previous_delta_anchor,observed,0,467,212,0.07562483793612296,1.0246691216989388,0.9614443104329429,0.652038931420196,,,,tiny
context,3,protein_binding,previous_delta_anchor,observed,1,467,212,0.2827538824489667,0.9025964442273449,0.8469038419744199,0.5771998547894757,,,,tiny
context,3,protein_binding,tanimoto_minimol,expected,0,467,212,0.1354458248321272,0.9909588507179985,0.9298140540817141,0.613634700432136,,,,tiny
context,3,protein_binding,tanimoto_minimol,expected,1,467,212,0.1354458248321272,0.9909588507179985,0.9298140540817141,0.613634700432136,,,,tiny
context,3,protein_binding,tanimoto_minimol,observed,0,467,212,0.1354458248321272,0.9909588507179985,0.9298140540817141,0.613634700432136,,,,tiny
context,3,protein_binding,tanimoto_minimol,observed,1,467,212,0.29647237780163926,0.8939229587229107,0.8387655346986789,0.5386316839458867,,,,tiny
context,3,protein_binding,tanimoto_minimol_remap,expected,0,467,212,0.1354458248321272,0.9909588507179985,0.9298140540817141,0.613634700432136,,,,tiny
context,3,protein_binding,tanimoto_minimol_remap,expected,1,467,212,0.1354458248321272,0.9909588507179985,0.9298140540817141,0.613634700432136,,,,tiny
context,3,protein_binding,tanimoto_minimol_remap,observed,0,467,212,0.1354458248321272,0.9909588507179985,0.9298140540817141,0.613634700432136,,,,tiny
context,3,protein_binding,tanimoto_minimol_remap,observed,1,467,212,0.3013513974509253,0.8908178526414811,0.8358520219207911,0.5390122249603325,,,,tiny
context,3,protein_binding,tanimoto_morgan,expected,0,467,212,0.1354458248321272,0.9909588507179985,0.9298140540817141,0.613634700432136,,,,tiny
context,3,protein_binding,tanimoto_morgan,expected,1,467,212,0.1354458248321272,0.9909588507179985,0.9298140540817141,0.613634700432136,,,,tiny
context,3,protein_binding,tanimoto_morgan,observed,0,467,212,0.1354458248321272,0.9909588507179985,0.9298140540817141,0.613634700432136,,,,tiny
context,3,protein_binding,tanimoto_morgan,observed,1,467,212,0.293219931415976,0.8959869032223284,0.8407021283332308,0.5488384997301173,,,,tiny
context,3,protein_binding,tanimoto_morgan_remap,expected,0,467,212,0.1354458248321272,0.9909588507179985,0.9298140540817141,0.613634700432136,,,,tiny
context,3,protein_binding,tanimoto_morgan_remap,expected,1,467,212,0.1354458248321272,0.9909588507179985,0.9298140540817141,0.613634700432136,,,,tiny
context,3,protein_binding,tanimoto_morgan_remap,observed,0,467,212,0.1354458248321272,0.9909588507179985,0.9298140540817141,0.613634700432136,,,,tiny
context,3,protein_binding,tanimoto_morgan_remap,observed,1,467,212,0.3089377076943254,0.8859681567894276,0.8313015652010254,0.5456715903081744,,,,tiny
context,3,macro,current_refit,expected,0,2124,1203,0.04774244078786999,,0.975836850714365,,,,6.0,tiny
context,3,macro,current_refit,expected,1,2124,1203,0.04774244078786999,,0.975836850714365,,,,6.0,tiny
context,3,macro,current_refit,observed,0,2124,1203,0.04774244078786999,,0.975836850714365,,,,6.0,tiny
context,3,macro,current_refit,observed,1,2124,1203,0.30901455189893007,,0.8312553447052656,,,,6.0,tiny
context,3,macro,current_remap,expected,0,2124,1203,0.04774244078786999,,0.975836850714365,,,,6.0,tiny
context,3,macro,current_remap,expected,1,2124,1203,0.04774244078786999,,0.975836850714365,,,,6.0,tiny
context,3,macro,current_remap,observed,0,2124,1203,0.04774244078786999,,0.975836850714365,,,,6.0,tiny
context,3,macro,current_remap,observed,1,2124,1203,0.3079550982067932,,0.8318923619033937,,,,6.0,tiny
context,3,macro,gp_linear,expected,0,2124,1203,0.04774244078786999,,0.975836850714365,,,,6.0,tiny
context,3,macro,gp_linear,expected,1,2124,1203,0.04774244078786999,,0.975836850714365,,,,6.0,tiny
context,3,macro,gp_linear,observed,0,2124,1203,0.04774244078786999,,0.975836850714365,,,,6.0,tiny
context,3,macro,gp_linear,observed,1,2124,1203,0.3091749964041246,,0.8311588317499102,,,,6.0,tiny
context,3,macro,morgan_braun_blanquet,expected,0,2124,1203,0.04774244078786997,,0.975836850714365,,,,6.0,tiny
context,3,macro,morgan_braun_blanquet,expected,1,2124,1203,0.04774244078786997,,0.975836850714365,,,,6.0,tiny
context,3,macro,morgan_braun_blanquet,observed,0,2124,1203,0.04774244078786997,,0.975836850714365,,,,6.0,tiny
context,3,macro,morgan_braun_blanquet,observed,1,2124,1203,0.29378640725999644,,0.8403651544061091,,,,6.0,tiny
context,3,macro,morgan_cosine,expected,0,2124,1203,0.04774244078786997,,0.975836850714365,,,,6.0,tiny
context,3,macro,morgan_cosine,expected,1,2124,1203,0.04774244078786997,,0.975836850714365,,,,6.0,tiny
context,3,macro,morgan_cosine,observed,0,2124,1203,0.04774244078786997,,0.975836850714365,,,,6.0,tiny
context,3,macro,morgan_cosine,observed,1,2124,1203,0.2901607504393935,,0.8425195840813473,,,,6.0,tiny
context,3,macro,morgan_dice,expected,0,2124,1203,0.04774244078786997,,0.975836850714365,,,,6.0,tiny
context,3,macro,morgan_dice,expected,1,2124,1203,0.04774244078786997,,0.975836850714365,,,,6.0,tiny
context,3,macro,morgan_dice,observed,0,2124,1203,0.04774244078786997,,0.975836850714365,,,,6.0,tiny
context,3,macro,morgan_dice,observed,1,2124,1203,0.29031166965873395,,0.8424300150999287,,,,6.0,tiny
context,3,macro,morgan_hamming,expected,0,2124,1203,0.04774244078786997,,0.975836850714365,,,,6.0,tiny
context,3,macro,morgan_hamming,expected,1,2124,1203,0.04774244078786997,,0.975836850714365,,,,6.0,tiny
context,3,macro,morgan_hamming,observed,0,2124,1203,0.04774244078786997,,0.975836850714365,,,,6.0,tiny
context,3,macro,morgan_hamming,observed,1,2124,1203,0.2950374637151045,,0.8396204715732553,,,,6.0,tiny
context,3,macro,morgan_pearson,expected,0,2124,1203,0.04774244078786997,,0.975836850714365,,,,6.0,tiny
context,3,macro,morgan_pearson,expected,1,2124,1203,0.04774244078786997,,0.975836850714365,,,,6.0,tiny
context,3,macro,morgan_pearson,observed,0,2124,1203,0.04774244078786997,,0.975836850714365,,,,6.0,tiny
context,3,macro,morgan_pearson,observed,1,2124,1203,0.28992754359734,,0.8426579711856169,,,,6.0,tiny
context,3,macro,morgan_selected,expected,0,2124,1203,0.04774244078786997,,0.975836850714365,,,,6.0,tiny
context,3,macro,morgan_selected,expected,1,2124,1203,0.04774244078786997,,0.975836850714365,,,,6.0,tiny
context,3,macro,morgan_selected,observed,0,2124,1203,0.04774244078786997,,0.975836850714365,,,,6.0,tiny
context,3,macro,morgan_selected,observed,1,2124,1203,0.29118993159321693,,0.8419085867282642,,,,6.0,tiny
context,3,macro,morgan_sokal,expected,0,2124,1203,0.04774244078786997,,0.975836850714365,,,,6.0,tiny
context,3,macro,morgan_sokal,expected,1,2124,1203,0.04774244078786997,,0.975836850714365,,,,6.0,tiny
context,3,macro,morgan_sokal,observed,0,2124,1203,0.04774244078786997,,0.975836850714365,,,,6.0,tiny
context,3,macro,morgan_sokal,observed,1,2124,1203,0.2919658707135743,,0.8414476390640273,,,,6.0,tiny
context,3,macro,morgan_tanimoto,expected,0,2124,1203,0.04774244078786997,,0.975836850714365,,,,6.0,tiny
context,3,macro,morgan_tanimoto,expected,1,2124,1203,0.04774244078786997,,0.975836850714365,,,,6.0,tiny
context,3,macro,morgan_tanimoto,observed,0,2124,1203,0.04774244078786997,,0.975836850714365,,,,6.0,tiny
context,3,macro,morgan_tanimoto,observed,1,2124,1203,0.2921722692724316,,0.8413249852034399,,,,6.0,tiny
context,3,macro,previous_delta_anchor,observed,0,2124,1203,-0.0700820078024318,,1.0344476824868583,,,,6.0,tiny
context,3,macro,previous_delta_anchor,observed,1,2124,1203,0.1668080825760827,,0.9127934692053385,,,,6.0,tiny
context,3,macro,tanimoto_minimol,expected,0,2124,1203,0.04774244078786999,,0.975836850714365,,,,6.0,tiny
context,3,macro,tanimoto_minimol,expected,1,2124,1203,0.04774244078786999,,0.975836850714365,,,,6.0,tiny
context,3,macro,tanimoto_minimol,observed,0,2124,1203,0.04774244078786999,,0.975836850714365,,,,6.0,tiny
context,3,macro,tanimoto_minimol,observed,1,2124,1203,0.3068300945531273,,0.8325682587313022,,,,6.0,tiny
context,3,macro,tanimoto_minimol_remap,expected,0,2124,1203,0.04774244078786999,,0.975836850714365,,,,6.0,tiny
context,3,macro,tanimoto_minimol_remap,expected,1,2124,1203,0.04774244078786999,,0.975836850714365,,,,6.0,tiny
context,3,macro,tanimoto_minimol_remap,observed,0,2124,1203,0.04774244078786999,,0.975836850714365,,,,6.0,tiny
context,3,macro,tanimoto_minimol_remap,observed,1,2124,1203,0.3058369879864591,,0.8331644567632136,,,,6.0,tiny
context,3,macro,tanimoto_morgan,expected,0,2124,1203,0.04774244078786999,,0.975836850714365,,,,6.0,tiny
context,3,macro,tanimoto_morgan,expected,1,2124,1203,0.04774244078786999,,0.975836850714365,,,,6.0,tiny
context,3,macro,tanimoto_morgan,observed,0,2124,1203,0.04774244078786999,,0.975836850714365,,,,6.0,tiny
context,3,macro,tanimoto_morgan,observed,1,2124,1203,0.29129894867823963,,0.8418438402232092,,,,6.0,tiny
context,3,macro,tanimoto_morgan_remap,expected,0,2124,1203,0.04774244078786999,,0.975836850714365,,,,6.0,tiny
context,3,macro,tanimoto_morgan_remap,expected,1,2124,1203,0.04774244078786999,,0.975836850714365,,,,6.0,tiny
context,3,macro,tanimoto_morgan_remap,observed,0,2124,1203,0.04774244078786999,,0.975836850714365,,,,6.0,tiny
context,3,macro,tanimoto_morgan_remap,observed,1,2124,1203,0.2926749761144575,,0.8410261731275326,,,,6.0,tiny
