endpoint,method,k,calibration,cutoff,measurements,pools,groups,ranking_pools,r2,rho,rmse,mae,nll,mean_sd,coverage_50,coverage_80,coverage_95,endpoints
cellular_clearance,checkpoint_1,0,calibrated,3,1.0,524,222.0,299,-0.0272745696664507,0.23221943889246557,0.7403354313204457,0.48234177343659956,0.9430082777289438,0.650691361961929,0.4940712468193384,0.7773027989821883,0.9447582697201018,
cellular_clearance,checkpoint_1,0,raw,3,1.0,524,222.0,299,-0.0272745696664507,0.23221943889246557,0.7403354313204457,0.48234177343659956,0.9482285647050374,0.6108650460482857,0.4725318066157761,0.7521119592875318,0.9333078880407125,
cellular_clearance,checkpoint_1,1,calibrated,3,2.0,524,222.0,299,0.24707706235461457,0.24941112112566174,0.6338121058067485,0.4131726726325722,0.7855106703289739,0.5756709137397792,0.4855725190839695,0.7827099236641221,0.9420229007633588,
cellular_clearance,checkpoint_1,1,raw,3,2.0,524,222.0,299,0.24707706235461457,0.24941112112566174,0.6338121058067485,0.4131726726325722,0.7909489502507894,0.5404483406945267,0.46290076335877856,0.7549491094147583,0.9316030534351146,
cellular_clearance,checkpoint_1,2,calibrated,3,3.0,186,105.0,186,0.42357978067613566,0.28379987245487576,0.4828354117982241,0.35463925698484994,0.6515503111295292,0.5397649891978951,0.5113620071684587,0.804301075268817,0.9507526881720431,
cellular_clearance,checkpoint_1,2,raw,3,3.0,186,105.0,186,0.42357978067613566,0.28379987245487576,0.4828354117982241,0.35463925698484994,0.6501026644430891,0.5083154458192086,0.48928315412186374,0.7818996415770609,0.9427956989247313,
cellular_clearance,checkpoint_1,4,calibrated,3,5.0,186,105.0,186,0.5144995853853572,0.322441696957387,0.4431230217892521,0.3250112369705966,0.5656092661454103,0.515815341485444,0.525448028673835,0.8163799283154122,0.9583512544802867,
cellular_clearance,checkpoint_1,4,raw,3,5.0,186,105.0,186,0.5144995853853572,0.322441696957387,0.4431230217892521,0.3250112369705966,0.5627958545392844,0.48584972924656344,0.501326164874552,0.796989247311828,0.950358422939068,
cellular_clearance,checkpoint_1,9,calibrated,3,10.0,79,53.0,79,0.5440114447094151,0.38109851041657156,0.4192337560404261,0.3083212762467469,0.5101757951331524,0.4733431835415997,0.5091139240506329,0.8126582278481013,0.9562025316455696,
cellular_clearance,checkpoint_1,9,raw,3,10.0,79,53.0,79,0.5440114447094151,0.38109851041657156,0.4192337560404261,0.3083212762467469,0.5107759760277235,0.44505681976487366,0.48810126582278474,0.7873417721518988,0.9465822784810126,
cellular_clearance,consistent_average,0,calibrated,3,1.0,524,222.0,299,-0.027806801438347684,0.23565558463128572,0.7405271906740016,0.48088137380975254,0.935890780202008,0.6472838719829954,0.49653944020356233,0.7781933842239186,0.9434478371501273,
cellular_clearance,consistent_average,0,raw,3,1.0,524,222.0,299,-0.027806801438347684,0.23565558463128572,0.7405271906740016,0.48088137380975254,0.9405540699983288,0.5968611761275442,0.4697582697201017,0.7500636132315522,0.9295419847328243,
cellular_clearance,consistent_average,1,calibrated,3,2.0,524,222.0,299,0.18696897341571206,0.2504705263332878,0.6586259311603985,0.44011839642984796,0.852961209645997,0.6043147431420157,0.47772264631043254,0.7649745547073792,0.9376208651399491,
cellular_clearance,consistent_average,1,raw,3,2.0,524,222.0,299,0.18696897341571206,0.2504705263332878,0.6586259311603985,0.44011839642984796,0.8586227024549293,0.5565988490332402,0.4490839694656488,0.7393129770992366,0.9250381679389313,
cellular_clearance,consistent_average,2,calibrated,3,3.0,186,105.0,186,0.3796591005980966,0.28235205309009326,0.5008927190515614,0.368373609739339,0.6972909068682339,0.5552275501549457,0.5121863799283153,0.7974551971326164,0.9459139784946237,
cellular_clearance,consistent_average,2,raw,3,3.0,186,105.0,186,0.3796591005980966,0.28235205309009326,0.5008927190515614,0.368373609739339,0.6937948504564349,0.5075594690046857,0.4784229390681003,0.7685663082437275,0.9326523297491037,
cellular_clearance,consistent_average,4,calibrated,3,5.0,186,105.0,186,0.49243259348977086,0.3145051805644892,0.45308154648085297,0.33720417446560325,0.609827098667935,0.5284486190627552,0.5151612903225806,0.8078853046594981,0.9607168458781362,
cellular_clearance,consistent_average,4,raw,3,5.0,186,105.0,186,0.49243259348977086,0.3145051805644892,0.45308154648085297,0.33720417446560325,0.603708873384098,0.4830692898522141,0.48720430107526885,0.7762007168458781,0.947921146953405,
cellular_clearance,consistent_average,9,calibrated,3,10.0,79,53.0,79,0.527712384087521,0.3523983033999325,0.4266606117651787,0.3203259019346177,0.5525159211902619,0.4827543450005445,0.4868354430379747,0.79873417721519,0.9597468354430378,
cellular_clearance,consistent_average,9,raw,3,10.0,79,53.0,79,0.527712384087521,0.3523983033999325,0.4266606117651787,0.3203259019346177,0.5513735804328678,0.44090408074704907,0.4506329113924052,0.7698734177215191,0.949113924050633,
cellular_clearance,continued_reference,0,calibrated,3,1.0,524,222.0,299,-0.02529622483441596,0.23017117395101572,0.7396222117709254,0.4812379472467037,0.9391742702010802,0.6506635847073475,0.49530534351145034,0.7782951653944021,0.9452544529262088,
cellular_clearance,continued_reference,0,raw,3,1.0,524,222.0,299,-0.02529622483441596,0.23017117395101572,0.7396222117709254,0.4812379472467037,0.9426758427711956,0.6132591354422289,0.4759287531806616,0.7548473282442748,0.9356743002544529,
cellular_clearance,continued_reference,1,calibrated,3,2.0,524,222.0,299,0.2449600423306687,0.24896180159533207,0.6347025362773909,0.4126789396110941,0.7850438811763716,0.5720368455596856,0.4841984732824427,0.7801908396946565,0.9409541984732824,
cellular_clearance,continued_reference,1,raw,3,2.0,524,222.0,299,0.2449600423306687,0.24896180159533207,0.6347025362773909,0.4126789396110941,0.7888324265767706,0.5389758010058836,0.4630407124681934,0.7554198473282443,0.9303944020356235,
cellular_clearance,continued_reference,2,calibrated,3,3.0,186,105.0,186,0.424371474978801,0.2843286461655746,0.4825037185501657,0.3541893276566886,0.6511347687753322,0.5360579585708597,0.5076702508960573,0.8026523297491038,0.9491397849462366,
cellular_clearance,continued_reference,2,raw,3,3.0,186,105.0,186,0.424371474978801,0.2843286461655746,0.4825037185501657,0.3541893276566886,0.648457883832101,0.5046923634164223,0.48634408602150536,0.78078853046595,0.9420071684587815,
cellular_clearance,continued_reference,4,calibrated,3,5.0,186,105.0,186,0.5150230985936213,0.3239127768891895,0.44288404843564333,0.32472409169747085,0.565168439066988,0.5125030413622498,0.522437275985663,0.8135125448028674,0.9570609318996417,
cellular_clearance,continued_reference,4,raw,3,5.0,186,105.0,186,0.5150230985936213,0.3239127768891895,0.44288404843564333,0.32472409169747085,0.5611063823427914,0.48258190963857917,0.4998924731182795,0.7943010752688172,0.9489247311827957,
cellular_clearance,continued_reference,9,calibrated,3,10.0,79,53.0,79,0.5447383140974085,0.3808146411643969,0.41889948260838783,0.30819510239589065,0.5103021552140788,0.46972237517562093,0.5068354430379747,0.8086075949367088,0.9541772151898733,
cellular_clearance,continued_reference,9,raw,3,10.0,79,53.0,79,0.5447383140974085,0.3808146411643969,0.41889948260838783,0.30819510239589065,0.5092016243830226,0.4416751134546497,0.48405063291139244,0.7837974683544304,0.9465822784810126,
cellular_clearance,frozen_average,0,calibrated,3,1.0,524,222.0,299,-0.0272745696664507,0.23221943889246557,0.7403354313204457,0.48234177343659956,0.9473074171292942,0.7120373585236285,0.529236641221374,0.8086386768447837,0.955089058524173,
cellular_clearance,frozen_average,0,raw,3,1.0,524,222.0,299,-0.0272745696664507,0.23221943889246557,0.7403354313204457,0.48234177343659956,0.9482285647050374,0.6108650460482857,0.4725318066157761,0.7521119592875318,0.9333078880407125,
cellular_clearance,frozen_average,1,calibrated,3,2.0,524,222.0,299,0.09567555481599499,0.24947637640667167,0.694620188032809,0.47022384802285944,0.9237094895642314,0.6298294144825247,0.461030534351145,0.7570356234096692,0.9344783715012722,
cellular_clearance,frozen_average,1,raw,3,2.0,524,222.0,299,0.09567555481599499,0.24947637640667167,0.694620188032809,0.47022384802285944,0.949940823070125,0.5405035344494209,0.41026717557251907,0.6955852417302799,0.9063740458015267,
cellular_clearance,frozen_average,2,calibrated,3,3.0,186,105.0,186,0.12623651859601281,0.2904000327902852,0.5944652271960341,0.436271936197942,0.862720544250908,0.5971071579187147,0.4749820788530466,0.7574193548387097,0.9323655913978496,
cellular_clearance,frozen_average,2,raw,3,3.0,186,105.0,186,0.12623651859601281,0.2904000327902852,0.5944652271960341,0.436271936197942,0.8868591706117969,0.5086376051813043,0.4185304659498208,0.6980286738351255,0.9001792114695341,
cellular_clearance,frozen_average,4,calibrated,3,5.0,186,105.0,186,0.15712202306644119,0.31989402042946313,0.5838642234182057,0.43198853221478273,0.8587568635183008,0.5711823635203864,0.44942652329749105,0.7423655913978494,0.9278494623655913,
cellular_clearance,frozen_average,4,raw,3,5.0,186,105.0,186,0.15712202306644119,0.31989402042946313,0.5838642234182057,0.43198853221478273,0.8908633511752855,0.4864932034690747,0.39494623655913974,0.6806810035842293,0.8907168458781363,
cellular_clearance,frozen_average,9,calibrated,3,10.0,79,53.0,79,0.10428483936650945,0.3781089229364399,0.5875762529032192,0.44493654779241054,0.9079318622430034,0.5234190790864486,0.4005063291139241,0.6939240506329114,0.9086075949367088,
cellular_clearance,frozen_average,9,raw,3,10.0,79,53.0,79,0.10428483936650945,0.3781089229364399,0.5875762529032192,0.44493654779241054,0.9638387897411538,0.4458317299130597,0.3397468354430381,0.6331645569620253,0.860253164556962,
cellular_clearance,trained_average,0,calibrated,3,1.0,524,222.0,299,-0.025858662689777878,0.23169337564164372,0.7398250480278614,0.4805927813178566,0.9394120073614353,0.6348516271644421,0.48877862595419846,0.7697709923664122,0.9401526717557251,
cellular_clearance,trained_average,0,raw,3,1.0,524,222.0,299,-0.025858662689777878,0.23169337564164372,0.7398250480278614,0.4805927813178566,0.9449926769725355,0.5895838959245887,0.4611959287531807,0.7474936386768448,0.9262213740458016,
cellular_clearance,trained_average,1,calibrated,3,2.0,524,222.0,299,0.2586566573012835,0.24725150517034006,0.6289193572424603,0.4198085528612433,0.7998544326636357,0.6029349630600926,0.49645038167938926,0.7893384223918575,0.9495038167938932,
cellular_clearance,trained_average,1,raw,3,2.0,524,222.0,299,0.2586566573012835,0.24725150517034006,0.6289193572424603,0.4198085528612433,0.8026247925113039,0.5602809451668318,0.468295165394402,0.7617811704834605,0.9378625954198474,
cellular_clearance,trained_average,2,calibrated,3,3.0,186,105.0,186,0.3772706817778063,0.27886267556155736,0.501856054114339,0.372441636441429,0.6962780463254078,0.5655867891136463,0.509247311827957,0.803010752688172,0.9516129032258065,
cellular_clearance,trained_average,2,raw,3,3.0,186,105.0,186,0.3772706817778063,0.27886267556155736,0.501856054114339,0.372441636441429,0.6947730313591901,0.5243763855046268,0.48401433691756274,0.7782437275985663,0.9410752688172044,
cellular_clearance,trained_average,4,calibrated,3,5.0,186,105.0,186,0.4479841319474439,0.29906614807948284,0.47250378541119115,0.3541229097935034,0.6452005782332669,0.545845170561558,0.5111469534050179,0.8106093189964159,0.9600358422939068,
cellular_clearance,trained_average,4,raw,3,5.0,186,105.0,186,0.4479841319474439,0.29906614807948284,0.47250378541119115,0.3541229097935034,0.643434481068522,0.5061206722558612,0.4818996415770609,0.7825806451612903,0.9486379928315412,
cellular_clearance,trained_average,9,calibrated,3,10.0,79,53.0,79,0.45703071548305463,0.31327851855607547,0.4574745135734615,0.3486949198608157,0.628762030430832,0.5063970604425744,0.4751898734177214,0.790379746835443,0.9597468354430381,
cellular_clearance,trained_average,9,raw,3,10.0,79,53.0,79,0.45703071548305463,0.31327851855607547,0.4574745135734615,0.3486949198608157,0.6346300635824063,0.46847296950183326,0.4445569620253164,0.7569620253164556,0.9465822784810128,
efflux,checkpoint_1,0,calibrated,3,1.0,341,251.0,228,0.07077021348120849,0.24381932392163994,0.6870086096337616,0.4974764044853424,1.003266608699609,0.7306264202767221,0.5301661779081134,0.7772434017595309,0.9444965786901273,
efflux,checkpoint_1,0,raw,3,1.0,341,251.0,228,0.07077021348120849,0.24381932392163994,0.6870086096337616,0.4974764044853424,1.0011182388223223,0.6577014231075872,0.48957966764418376,0.7498142717497556,0.927937438905181,
efflux,checkpoint_1,1,calibrated,3,2.0,341,251.0,228,0.31589886681501633,0.2698423298930091,0.5894687321349136,0.42135923830626154,0.844759848714111,0.6145305929231736,0.513782991202346,0.7737438905180841,0.9252981427174974,
efflux,checkpoint_1,1,raw,3,2.0,341,251.0,228,0.31589886681501633,0.2698423298930091,0.5894687321349136,0.42135923830626154,0.8389128854413513,0.5503116314143729,0.47923753665689145,0.746119257086999,0.9142326490713587,
efflux,checkpoint_1,2,calibrated,3,3.0,139,114.0,139,0.4582232701405752,0.3281357473177875,0.5385742419636819,0.3940139013739655,0.7672971060163825,0.5895307495296717,0.5001918465227818,0.7719424460431655,0.9364988009592327,
efflux,checkpoint_1,2,raw,3,3.0,139,114.0,139,0.4582232701405752,0.3281357473177875,0.5385742419636819,0.3940139013739655,0.7712658971277483,0.5288509767018347,0.46225419664268586,0.7393764988009592,0.9175539568345323,
efflux,checkpoint_1,4,calibrated,3,5.0,139,114.0,139,0.5482077551524525,0.36432309755675796,0.49181842086783223,0.3575047354410878,0.6685359879345011,0.5611252774509021,0.516978417266187,0.7891127098321343,0.9442206235011991,
efflux,checkpoint_1,4,raw,3,5.0,139,114.0,139,0.5482077551524525,0.36432309755675796,0.49181842086783223,0.3575047354410878,0.6687379729210667,0.5033921445559542,0.4748681055155875,0.7556354916067146,0.9300719424460432,
efflux,checkpoint_1,9,calibrated,3,10.0,54,49.0,54,0.5990876494430708,0.39935195301141996,0.4751169963235751,0.345180086405189,0.6210212370774878,0.5091482158060426,0.4859259259259258,0.7799999999999999,0.94,
efflux,checkpoint_1,9,raw,3,10.0,54,49.0,54,0.5990876494430708,0.39935195301141996,0.4751169963235751,0.345180086405189,0.6307966877013179,0.4558869055465415,0.4481481481481481,0.7440740740740741,0.9225925925925925,
efflux,consistent_average,0,calibrated,3,1.0,341,251.0,228,0.07089902333967757,0.24041128140007717,0.6869609914073483,0.49593563789816775,0.9967677397377999,0.7529681541190236,0.5462561094819158,0.7905571847507331,0.9513000977517108,
efflux,consistent_average,0,raw,3,1.0,341,251.0,228,0.07089902333967757,0.24041128140007717,0.6869609914073483,0.49593563789816775,0.9987633251421729,0.6474916211542613,0.49061583577712614,0.7452785923753665,0.9259628543499511,
efflux,consistent_average,1,calibrated,3,2.0,341,251.0,228,0.24018040374211458,0.26967216399463273,0.6212349252992655,0.44731284683933503,0.8912972431372823,0.6487738933946614,0.5021505376344085,0.7767155425219942,0.9327077223851415,
efflux,consistent_average,1,raw,3,2.0,341,251.0,228,0.24018040374211458,0.26967216399463273,0.6212349252992655,0.44731284683933503,0.8984566726593733,0.5550295388832586,0.44592375366568915,0.7219745845552297,0.9095601173020527,
efflux,consistent_average,2,calibrated,3,3.0,139,114.0,139,0.4193763799060638,0.3291041030651993,0.5575486321839107,0.4090796490006452,0.7995375893049486,0.6117615569481175,0.49131894484412464,0.7729496402877698,0.9346762589928058,
efflux,consistent_average,2,raw,3,3.0,139,114.0,139,0.4193763799060638,0.3291041030651993,0.5575486321839107,0.4090796490006452,0.8156980097163773,0.525066869361795,0.4459952038369304,0.7235971223021582,0.9097841726618704,
efflux,consistent_average,4,calibrated,3,5.0,139,114.0,139,0.5264965185634041,0.3639426081229171,0.5034971230484994,0.36870266547931324,0.6931424295359627,0.5735892280743277,0.5081534772182253,0.7881055155875298,0.9439808153477216,
efflux,consistent_average,4,raw,3,5.0,139,114.0,139,0.5264965185634041,0.3639426081229171,0.5034971230484994,0.36870266547931324,0.70755044284018,0.49281162766243913,0.4494484412470024,0.7352997601918465,0.9180815347721824,
efflux,consistent_average,9,calibrated,3,10.0,54,49.0,54,0.5800865045153922,0.3817733344104554,0.48624569046494986,0.3612947649867446,0.67046490403258,0.5175971042226862,0.4511111111111111,0.7666666666666666,0.9348148148148148,
efflux,consistent_average,9,raw,3,10.0,54,49.0,54,0.5800865045153922,0.3817733344104554,0.48624569046494986,0.3612947649867446,0.7021022467059437,0.44159009355085876,0.4003703703703704,0.7011111111111111,0.9074074074074074,
efflux,continued_reference,0,calibrated,3,1.0,341,251.0,228,0.0690381754304582,0.24499086085118224,0.6876485864706229,0.49806229939911867,1.005114413262111,0.7277216347641259,0.5274486803519062,0.776793743890518,0.9428739002932551,
efflux,continued_reference,0,raw,3,1.0,341,251.0,228,0.0690381754304582,0.24499086085118224,0.6876485864706229,0.49806229939911867,1.0030850148545927,0.6501635935497657,0.4839882697947215,0.7462365591397848,0.9268035190615834,
efflux,continued_reference,1,calibrated,3,2.0,341,251.0,228,0.3153488428549427,0.2692146750545662,0.5897056538175817,0.4216451542019636,0.8442252083988111,0.614991579729907,0.5185532746823069,0.7757771260997066,0.9267253176930595,
efflux,continued_reference,1,raw,3,2.0,341,251.0,228,0.3153488428549427,0.2692146750545662,0.5897056538175817,0.4216451542019636,0.841238257422886,0.5480546821742697,0.47880742913000973,0.7462170087976538,0.9128445747800585,
efflux,continued_reference,2,calibrated,3,3.0,139,114.0,139,0.4582510176248249,0.33256061672628356,0.5385604500538227,0.3936803369610001,0.7650228441769161,0.590809975019176,0.5037410071942445,0.7776498800959233,0.9369784172661871,
efflux,continued_reference,2,raw,3,3.0,139,114.0,139,0.4582510176248249,0.33256061672628356,0.5385604500538227,0.3936803369610001,0.7711527117028215,0.5272047246846078,0.4637889688249401,0.7406235011990409,0.9173141486810551,
efflux,continued_reference,4,calibrated,3,5.0,139,114.0,139,0.5481545977860429,0.364170552067143,0.49184735341740204,0.357328311621571,0.6662918461419461,0.5624057594463407,0.5194244604316546,0.7904556354916067,0.9448920863309352,
efflux,continued_reference,4,raw,3,5.0,139,114.0,139,0.5481545977860429,0.364170552067143,0.49184735341740204,0.357328311621571,0.6681858476716851,0.5018232847260627,0.4752517985611511,0.7563069544364508,0.9297841726618705,
efflux,continued_reference,9,calibrated,3,10.0,54,49.0,54,0.5992273197665974,0.39870621025286335,0.47503422820090935,0.3453052545532032,0.6233138912307966,0.5088456660729866,0.4855555555555555,0.7792592592592593,0.9403703703703704,
efflux,continued_reference,9,raw,3,10.0,54,49.0,54,0.5992273197665974,0.39870621025286335,0.47503422820090935,0.3453052545532032,0.6349737641261579,0.4532522986994849,0.4444444444444444,0.7411111111111112,0.9203703703703704,
efflux,frozen_average,0,calibrated,3,1.0,341,251.0,228,0.07077021348120849,0.24381932392163994,0.6870086096337616,0.4974764044853424,1.0080686678239548,0.8217425145233598,0.5741348973607038,0.8165982404692084,0.9610361681329422,
efflux,frozen_average,0,raw,3,1.0,341,251.0,228,0.07077021348120849,0.24381932392163994,0.6870086096337616,0.4974764044853424,1.0011182388223223,0.6577014231075872,0.48957966764418376,0.7498142717497556,0.927937438905181,
efflux,frozen_average,1,calibrated,3,2.0,341,251.0,228,0.13062578706376937,0.27109062067818895,0.6645137862921087,0.479601338817087,0.9552683340652741,0.6914848695638594,0.501661779081134,0.7731182795698924,0.9352883675464321,
efflux,frozen_average,1,raw,3,2.0,341,251.0,228,0.13062578706376937,0.27109062067818895,0.6645137862921087,0.479601338817087,0.9820753003230451,0.5506198602122413,0.41859237536656885,0.6977126099706744,0.8940371456500489,
efflux,frozen_average,2,calibrated,3,3.0,139,114.0,139,0.22376889261401411,0.3348964011634616,0.6446603010226643,0.4804921289756716,0.9592506253757762,0.6624838539965148,0.4487290167865707,0.7414868105515587,0.9297362110311752,
efflux,frozen_average,2,raw,3,3.0,139,114.0,139,0.22376889261401411,0.3348964011634616,0.6446603010226643,0.4804921289756716,1.0110285755338193,0.5293713813148243,0.37141486810551555,0.6617266187050359,0.8787050359712231,
efflux,frozen_average,4,calibrated,3,5.0,139,114.0,139,0.25524028006743726,0.3597266340754825,0.6314565828715741,0.4706061417464729,0.9434866482371717,0.6309621759941824,0.4360191846522781,0.7290647482014389,0.9261870503597123,
efflux,frozen_average,4,raw,3,5.0,139,114.0,139,0.25524028006743726,0.3597266340754825,0.6314565828715741,0.4706061417464729,1.0073070071688657,0.5043323736310862,0.3713669064748202,0.6434052757793766,0.866618705035971,
efflux,frozen_average,9,calibrated,3,10.0,54,49.0,54,0.2210186335801465,0.3989889958114536,0.6622765589658219,0.5037009991981365,1.0371743254382475,0.5771956062316894,0.3611111111111111,0.6655555555555557,0.9022222222222221,
efflux,frozen_average,9,raw,3,10.0,54,49.0,54,0.2210186335801465,0.3989889958114536,0.6622765589658219,0.5037009991981365,1.1548346628818036,0.4574490941674621,0.2962962962962962,0.561111111111111,0.8314814814814815,
efflux,trained_average,0,calibrated,3,1.0,341,251.0,228,0.0703849124044551,0.24728266093581683,0.687151027433346,0.49760404754924625,0.9982151981666161,0.7250002375958835,0.5297947214076246,0.7793157380254154,0.9455718475073316,
efflux,trained_average,0,raw,3,1.0,341,251.0,228,0.0703849124044551,0.24728266093581683,0.687151027433346,0.49760404754924625,1.0014237391576448,0.6451319438032623,0.48005865102639295,0.7422482893450636,0.9252003910068426,
efflux,trained_average,1,calibrated,3,2.0,341,251.0,228,0.28746747801870676,0.27197866738688037,0.6015932630102188,0.4330697899068891,0.8614399181351539,0.6369899549800628,0.5101857282502443,0.7819550342130986,0.9329227761485825,
efflux,trained_average,1,raw,3,2.0,341,251.0,228,0.28746747801870676,0.27197866738688037,0.6015932630102188,0.4330697899068891,0.861687443851367,0.5644944688124275,0.4671358748778104,0.7411730205278593,0.9172629521016616,
efflux,trained_average,2,calibrated,3,3.0,139,114.0,139,0.39980684161793023,0.3309972523165931,0.5668666736937064,0.4212037130017324,0.822309699258033,0.6147474953768064,0.47410071942446047,0.7750119904076739,0.935251798561151,
efflux,trained_average,2,raw,3,3.0,139,114.0,139,0.39980684161793023,0.3309972523165931,0.5668666736937064,0.4212037130017324,0.8344659585610633,0.5462551457204406,0.4388489208633093,0.7300719424460431,0.9167386091127098,
efflux,trained_average,4,calibrated,3,5.0,139,114.0,139,0.4781305975249528,0.3562204235135842,0.5285868107292966,0.3925068358351572,0.7522161468503922,0.5891870326932958,0.4882973621103118,0.777410071942446,0.9418225419664268,
efflux,trained_average,4,raw,3,5.0,139,114.0,139,0.4781305975249528,0.3562204235135842,0.5285868107292966,0.3925068358351572,0.7624772093248896,0.5236002772246048,0.4435971223021582,0.7359232613908873,0.9204316546762591,
efflux,trained_average,9,calibrated,3,10.0,54,49.0,54,0.5049650443473133,0.36036576922569,0.5279512011697228,0.39796282267680866,0.7639409509169411,0.5444396618781266,0.43000000000000005,0.7429629629629629,0.9340740740740741,
efflux,trained_average,9,raw,3,10.0,54,49.0,54,0.5049650443473133,0.36036576922569,0.5279512011697228,0.39796282267680866,0.7887858378418466,0.4802997540986097,0.3907407407407408,0.6885185185185186,0.9122222222222223,
in_vivo_clearance,checkpoint_1,0,calibrated,3,1.0,537,399.0,229,-0.059862982573204215,0.04919273504126078,0.5698597749489523,0.41967234381519064,0.8571742527838457,0.5284096244301284,0.5166480446927374,0.7934078212290502,0.9240844196151459,
in_vivo_clearance,checkpoint_1,0,raw,3,1.0,537,399.0,229,-0.059862982573204215,0.04919273504126078,0.5698597749489523,0.41967234381519064,0.8531615809618693,0.5148426081944074,0.5085909373060211,0.7879826194909993,0.9165363128491619,
in_vivo_clearance,checkpoint_1,1,calibrated,3,2.0,537,399.0,229,0.2201611148638275,0.07911848275949804,0.48881619213269045,0.35485914990003264,0.6990377269710208,0.4664252770857216,0.5423463687150838,0.8064928615766606,0.9321415270018621,
in_vivo_clearance,checkpoint_1,1,raw,3,2.0,537,399.0,229,0.2201611148638275,0.07911848275949804,0.48881619213269045,0.35485914990003264,0.695304490042134,0.45522829733599346,0.5356052141527002,0.7994165114835505,0.9244444444444446,
in_vivo_clearance,checkpoint_1,2,calibrated,3,3.0,84,67.0,84,0.34012040794520115,0.11513322543885025,0.48627371869892344,0.3529009217260376,0.6792229020600501,0.4682433630549719,0.5491269841269841,0.8042063492063491,0.9329365079365078,
in_vivo_clearance,checkpoint_1,2,raw,3,3.0,84,67.0,84,0.34012040794520115,0.11513322543885025,0.48627371869892344,0.3529009217260376,0.6750793664147425,0.45268501189019944,0.5363492063492062,0.7913492063492065,0.9249206349206348,
in_vivo_clearance,checkpoint_1,4,calibrated,3,5.0,84,67.0,84,0.44334936571101646,0.19169815418620903,0.44662168292454224,0.32642212776082846,0.5950594324364559,0.453702295862493,0.5638095238095238,0.8249206349206348,0.9444444444444444,
in_vivo_clearance,checkpoint_1,4,raw,3,5.0,84,67.0,84,0.44334936571101646,0.19169815418620903,0.44662168292454224,0.32642212776082846,0.5844156440148576,0.43849888311965124,0.5486507936507935,0.8096031746031747,0.9394444444444445,
in_vivo_clearance,checkpoint_1,9,calibrated,3,10.0,20,16.0,20,0.508320264068207,0.24783130597323177,0.3931458563457518,0.30186808395385734,0.5096501759719632,0.44347491598129274,0.5800000000000001,0.833,0.9470000000000001,
in_vivo_clearance,checkpoint_1,9,raw,3,10.0,20,16.0,20,0.508320264068207,0.24783130597323177,0.3931458563457518,0.30186808395385734,0.4801136279708504,0.43124767351150506,0.569,0.82,0.9470000000000003,
in_vivo_clearance,consistent_average,0,calibrated,3,1.0,537,399.0,229,-0.05415378153124606,0.029023528833634522,0.5683228606141859,0.41639516504750246,0.8483354159669467,0.5358449805933523,0.5282309124767225,0.8058472998137802,0.9278833022967101,
in_vivo_clearance,consistent_average,0,raw,3,1.0,537,399.0,229,-0.05415378153124606,0.029023528833634522,0.5683228606141859,0.41639516504750246,0.847917857771298,0.5036841479870638,0.5082929857231533,0.7837492240844196,0.9178150217256362,
in_vivo_clearance,consistent_average,1,calibrated,3,2.0,537,399.0,229,0.09289946678627514,0.07746208001258939,0.5271944764076544,0.37537308568122185,0.7395513722161081,0.4858403334008619,0.5422222222222222,0.8066914959652389,0.9263563004345128,
in_vivo_clearance,consistent_average,1,raw,3,2.0,537,399.0,229,0.09289946678627514,0.07746208001258939,0.5271944764076544,0.37537308568122185,0.7464885140732046,0.4579430322279699,0.5139664804469274,0.7850900062073247,0.9185971446306641,
in_vivo_clearance,consistent_average,2,calibrated,3,3.0,84,67.0,84,0.3225685458172034,0.11164166471433071,0.49269837333338357,0.3601551965742357,0.6968448065342546,0.48616433542872234,0.5479365079365079,0.8083333333333332,0.9384126984126985,
in_vivo_clearance,consistent_average,2,raw,3,3.0,84,67.0,84,0.3225685458172034,0.11164166471433071,0.49269837333338357,0.3601551965742357,0.7029681837409509,0.4543843906077128,0.5238095238095238,0.7888095238095238,0.9219047619047619,
in_vivo_clearance,consistent_average,4,calibrated,3,5.0,84,67.0,84,0.44856831365356487,0.17961705233901737,0.44452307355252907,0.3262611145260078,0.597253082619447,0.4660987983194609,0.5674603174603174,0.8274603174603173,0.9459523809523811,
in_vivo_clearance,consistent_average,4,raw,3,5.0,84,67.0,84,0.44856831365356487,0.17961705233901737,0.44452307355252907,0.3262611145260078,0.5921634376953526,0.43549301997063655,0.5412698412698412,0.8073809523809524,0.935079365079365,
in_vivo_clearance,consistent_average,9,calibrated,3,10.0,20,16.0,20,0.5096102596396286,0.2557273937761783,0.39262977904598034,0.30392265951633446,0.5221399843557177,0.45383589661121365,0.557,0.835,0.9460000000000001,
in_vivo_clearance,consistent_average,9,raw,3,10.0,20,16.0,20,0.5096102596396286,0.2557273937761783,0.39262977904598034,0.30392265951633446,0.495229263275964,0.42651674616336815,0.5389999999999999,0.8089999999999999,0.9450000000000001,
in_vivo_clearance,continued_reference,0,calibrated,3,1.0,537,399.0,229,-0.05905704860521799,0.04996392516647942,0.5696430692525457,0.41918182804099496,0.8561530793505269,0.5284823813966015,0.520943513345748,0.7939664804469274,0.9235009310986964,
in_vivo_clearance,continued_reference,0,raw,3,1.0,537,399.0,229,-0.05905704860521799,0.04996392516647942,0.5696430692525457,0.41918182804099496,0.8514388604260004,0.5134636156230443,0.5083550589695841,0.7869397889509621,0.91764121663563,
in_vivo_clearance,continued_reference,1,calibrated,3,2.0,537,399.0,229,0.21515595068127247,0.08471637329051414,0.49038234392932917,0.35444566048057385,0.697878974071784,0.46432852633172567,0.5451024208566109,0.8067411545623837,0.9306393544382371,
in_vivo_clearance,continued_reference,1,raw,3,2.0,537,399.0,229,0.21515595068127247,0.08471637329051414,0.49038234392932917,0.35444566048057385,0.695280066539396,0.45222409026767807,0.5330105524518933,0.7965114835505898,0.9244444444444445,
in_vivo_clearance,continued_reference,2,calibrated,3,3.0,84,67.0,84,0.3413046713869431,0.11477608267395269,0.4858371733025134,0.3523094498756386,0.679874330187761,0.4657254121842838,0.5502380952380952,0.8049999999999999,0.9309523809523809,
in_vivo_clearance,continued_reference,2,raw,3,3.0,84,67.0,84,0.3413046713869431,0.11477608267395269,0.4858371733025134,0.3523094498756386,0.6767046964928638,0.44961892029595746,0.5353174603174603,0.7922222222222224,0.9241269841269842,
in_vivo_clearance,continued_reference,4,calibrated,3,5.0,84,67.0,84,0.44465494209213774,0.1863296650438791,0.44609761900711464,0.3257615565721477,0.5947666952543523,0.450693636158156,0.5598412698412696,0.8193650793650794,0.9436507936507936,
in_vivo_clearance,continued_reference,4,raw,3,5.0,84,67.0,84,0.44465494209213774,0.1863296650438791,0.44609761900711464,0.3257615565721477,0.585088029760991,0.4349959521586933,0.5469047619047618,0.805952380952381,0.9377777777777777,
in_vivo_clearance,continued_reference,9,calibrated,3,10.0,20,16.0,20,0.5098111735929165,0.25733130596578124,0.3925493400848069,0.30129222452640525,0.5068821640170066,0.44137886905670154,0.5780000000000001,0.8310000000000001,0.9470000000000001,
in_vivo_clearance,continued_reference,9,raw,3,10.0,20,16.0,20,0.5098111735929165,0.25733130596578124,0.3925493400848069,0.30129222452640525,0.47696726651370414,0.4284686949253082,0.57,0.82,0.9460000000000003,
in_vivo_clearance,frozen_average,0,calibrated,3,1.0,537,399.0,229,-0.059862982573204215,0.04919273504126078,0.5698597749489523,0.41967234381519064,0.8471245568759795,0.572891609306516,0.5515332091868403,0.824804469273743,0.940148975791434,
in_vivo_clearance,frozen_average,0,raw,3,1.0,537,399.0,229,-0.059862982573204215,0.04919273504126078,0.5698597749489523,0.41967234381519064,0.8531615809618693,0.5148426081944074,0.5085909373060211,0.7879826194909993,0.9165363128491619,
in_vivo_clearance,frozen_average,1,calibrated,3,2.0,537,399.0,229,-0.0038610791835340663,0.08280060106562157,0.5546001063012523,0.40212547664880327,0.817296595540335,0.5064629487174406,0.5125636250775916,0.795592799503414,0.925127250155183,
in_vivo_clearance,frozen_average,1,raw,3,2.0,537,399.0,229,-0.0038610791835340663,0.08280060106562157,0.5546001063012523,0.40212547664880327,0.8411267024489546,0.45571595311830826,0.47719428926132834,0.7584109248913717,0.9039106145251397,
in_vivo_clearance,frozen_average,2,calibrated,3,3.0,84,67.0,84,0.07542791118503889,0.1201332254335284,0.5755974203922719,0.4323310084049663,0.8701057723740382,0.5082308393054539,0.4797619047619047,0.7545238095238096,0.9188888888888889,
in_vivo_clearance,frozen_average,2,raw,3,3.0,84,67.0,84,0.07542791118503889,0.1201332254335284,0.5755974203922719,0.4323310084049663,0.913157197418006,0.45311894397413915,0.4376984126984127,0.7101587301587301,0.8892857142857141,
in_vivo_clearance,frozen_average,4,calibrated,3,5.0,84,67.0,84,0.11090018190649675,0.1908243749556797,0.5644477032959918,0.42331617131060545,0.8511251354972577,0.4926958190637921,0.47817460317460314,0.7599206349206349,0.9113492063492065,
in_vivo_clearance,frozen_average,4,raw,3,5.0,84,67.0,84,0.11090018190649675,0.1908243749556797,0.5644477032959918,0.42331617131060545,0.8961816560657186,0.4391499801949849,0.431984126984127,0.7105555555555555,0.8777777777777777,
in_vivo_clearance,frozen_average,9,calibrated,3,10.0,20,16.0,20,-0.010289759947781363,0.2515618217363954,0.5635539827777355,0.44119202241301536,0.9168008307562518,0.48285293090343473,0.429,0.7129999999999999,0.892,
in_vivo_clearance,frozen_average,9,raw,3,10.0,20,16.0,20,-0.010289759947781363,0.2515618217363954,0.5635539827777355,0.44119202241301536,0.9584750987561355,0.4330154716968536,0.396,0.6559999999999999,0.8630000000000001,
in_vivo_clearance,trained_average,0,calibrated,3,1.0,537,399.0,229,-0.06056867550211198,0.03175402380226018,0.5700494594185038,0.41835215547912613,0.8579630985479803,0.5251550673491314,0.5193420235878337,0.7946492861576661,0.9238237119801365,
in_vivo_clearance,trained_average,0,raw,3,1.0,537,399.0,229,-0.06056867550211198,0.03175402380226018,0.5700494594185038,0.41835215547912613,0.8551809189326683,0.5007287954906734,0.5023091247672253,0.778187461204221,0.9158659217877095,
in_vivo_clearance,trained_average,1,calibrated,3,2.0,537,399.0,229,0.1518163595125287,0.06489595922016508,0.5097862131597126,0.36209020627111027,0.7100500158805004,0.4851902582150006,0.5565859714463066,0.8176660459342023,0.9349844816883923,
in_vivo_clearance,trained_average,1,raw,3,2.0,537,399.0,229,0.1518163595125287,0.06489595922016508,0.5097862131597126,0.36209020627111027,0.7069847472233083,0.4633725377042274,0.5358410924891371,0.8028181253879578,0.9272253258845438,
in_vivo_clearance,trained_average,2,calibrated,3,3.0,84,67.0,84,0.29901872161399545,0.10191813701142867,0.5011891482965546,0.3713399698348746,0.7137319520263372,0.49436864714773876,0.5431746031746032,0.8106349206349208,0.9388095238095238,
in_vivo_clearance,trained_average,2,raw,3,3.0,84,67.0,84,0.29901872161399545,0.10191813701142867,0.5011891482965546,0.3713399698348746,0.7142597057935685,0.4679113971004411,0.5229365079365079,0.7923015873015874,0.9275396825396827,
in_vivo_clearance,trained_average,4,calibrated,3,5.0,84,67.0,84,0.3792975922261216,0.16430631860913264,0.4716177745221643,0.35211536594326526,0.6500531275886593,0.4806924976148301,0.5479365079365079,0.8176190476190477,0.9464285714285714,
in_vivo_clearance,trained_average,4,raw,3,5.0,84,67.0,84,0.3792975922261216,0.16430631860913264,0.4716177745221643,0.35211536594326526,0.6454914888419077,0.454737048759347,0.5235714285714285,0.8035714285714284,0.9352380952380953,
in_vivo_clearance,trained_average,9,calibrated,3,10.0,20,16.0,20,0.3903796520658611,0.23784100662916896,0.43776624889042026,0.34479134845733644,0.6211536466798816,0.4775495370626449,0.514,0.808,0.9460000000000001,
in_vivo_clearance,trained_average,9,raw,3,10.0,20,16.0,20,0.3903796520658611,0.23784100662916896,0.43776624889042026,0.34479134845733644,0.5981800927861787,0.4546103692054748,0.49099999999999994,0.7949999999999999,0.9400000000000002,
microsomal_clearance,checkpoint_1,0,calibrated,3,1.0,1827,897.0,1013,0.10450522374229454,0.29604850773165015,0.646774157943678,0.4859166109483507,0.9940796162159937,0.642584087336244,0.5381171319102352,0.7995292829775588,0.9344353220215289,
microsomal_clearance,checkpoint_1,0,raw,3,1.0,1827,897.0,1013,0.10450522374229454,0.29604850773165015,0.646774157943678,0.4859166109483507,0.9818472001183357,0.6078831640024557,0.5196460499908775,0.7843824119686188,0.9266922094508301,
microsomal_clearance,checkpoint_1,1,calibrated,3,2.0,1827,897.0,1013,0.38184839711990193,0.30954337017087213,0.5373640774496442,0.39807303503868385,0.804333781613222,0.5205574673134205,0.5340266374749134,0.7963583287721219,0.9299908775770845,
microsomal_clearance,checkpoint_1,1,raw,3,2.0,1827,897.0,1013,0.38184839711990193,0.30954337017087213,0.5373640774496442,0.39807303503868385,0.802651144297322,0.4937796762840653,0.5135924101441343,0.7791388432767743,0.9218098887064403,
microsomal_clearance,checkpoint_1,2,calibrated,3,3.0,674,378.0,674,0.45294706665474316,0.3291751832824837,0.47811126951421373,0.35106851908023645,0.6735112265480141,0.4849491319352158,0.5571909000989119,0.8187042532146389,0.9380514342235411,
microsomal_clearance,checkpoint_1,2,raw,3,3.0,674,378.0,674,0.45294706665474316,0.3291751832824837,0.47811126951421373,0.35106851908023645,0.6684531811470107,0.4594331381482492,0.5377546983184965,0.8006923837784371,0.9288229475766567,
microsomal_clearance,checkpoint_1,4,calibrated,3,5.0,674,378.0,674,0.541876542755519,0.35793226217134005,0.4375277163056745,0.3206327296277226,0.5866071139699333,0.4562673610625705,0.5723145400593472,0.8258753709198813,0.9418694362017805,
microsomal_clearance,checkpoint_1,4,raw,3,5.0,674,378.0,674,0.541876542755519,0.35793226217134005,0.4375277163056745,0.3206327296277226,0.5784978699484238,0.43207330484241685,0.5514836795252225,0.8102472799208704,0.9347774480712168,
microsomal_clearance,checkpoint_1,9,calibrated,3,10.0,311,183.0,311,0.5996609210644022,0.4207334599877164,0.40825699051600883,0.2990329896675429,0.5199888787080255,0.4230903173182938,0.5657234726688103,0.8233440514469453,0.9427009646302251,
microsomal_clearance,checkpoint_1,9,raw,3,10.0,311,183.0,311,0.5996609210644022,0.4207334599877164,0.40825699051600883,0.2990329896675429,0.5042508494801085,0.40084464793803226,0.5463022508038585,0.810096463022508,0.9371061093247588,
microsomal_clearance,consistent_average,0,calibrated,3,1.0,1827,897.0,1013,0.12511990561394815,0.29313930793461906,0.6392863014422856,0.48032921138701257,0.9773439068504555,0.6268726774387346,0.5370443349753694,0.7970187921912059,0.9339937967524174,
microsomal_clearance,consistent_average,0,raw,3,1.0,1827,897.0,1013,0.12511990561394815,0.29313930793461906,0.6392863014422856,0.48032921138701257,0.976718244106846,0.5727127945094709,0.5030468892537858,0.7675679620507206,0.9153840540047437,
microsomal_clearance,consistent_average,1,calibrated,3,2.0,1827,897.0,1013,0.3332806238538569,0.30842344752396283,0.5580751301167831,0.4171050987528792,0.8418950640601297,0.5581443128655305,0.5347235905856595,0.8054771027184819,0.9355008210180624,
microsomal_clearance,consistent_average,1,raw,3,2.0,1827,897.0,1013,0.3332806238538569,0.30842344752396283,0.5580751301167831,0.4171050987528792,0.8464362676832377,0.5109757873951529,0.5008100711548987,0.7749534756431309,0.9182740375843825,
microsomal_clearance,consistent_average,2,calibrated,3,3.0,674,378.0,674,0.42834746807804325,0.32310289006984155,0.48874279786419594,0.3600309068974546,0.6961315223447071,0.50747707368771,0.5637784371909002,0.8233728981206727,0.9409495548961425,
microsomal_clearance,consistent_average,2,raw,3,3.0,674,378.0,674,0.42834746807804325,0.32310289006984155,0.48874279786419594,0.3600309068974546,0.6944558809992682,0.46400764089132984,0.5274480712166172,0.7949258160237388,0.9270227497527201,
microsomal_clearance,consistent_average,4,calibrated,3,5.0,674,378.0,674,0.527885470334041,0.3518694299714969,0.44415851064368134,0.3275253673787685,0.604606726812969,0.4709455982289847,0.5702077151335312,0.8312265084075173,0.9441740850642929,
microsomal_clearance,consistent_average,4,raw,3,5.0,674,378.0,674,0.527885470334041,0.3518694299714969,0.44415851064368134,0.3275253673787685,0.5984221302070614,0.43041831329008,0.535192878338279,0.8036498516320473,0.9310187932739862,
microsomal_clearance,consistent_average,9,calibrated,3,10.0,311,183.0,311,0.588766787814387,0.4038571067381047,0.41377450522150633,0.30603384961077634,0.5400060176632149,0.43274490276716915,0.5632154340836013,0.8237942122186495,0.9429581993569132,
microsomal_clearance,consistent_average,9,raw,3,10.0,311,183.0,311,0.588766787814387,0.4038571067381047,0.41377450522150633,0.30603384961077634,0.5284057436963598,0.3956344317546612,0.5280385852090033,0.7958199356913184,0.9286173633440516,
microsomal_clearance,continued_reference,0,calibrated,3,1.0,1827,897.0,1013,0.1066018464540951,0.2964882287066396,0.6460165677931339,0.48521150937394336,0.9921531559691747,0.6395192799670834,0.5369640576537128,0.7984272942893633,0.9345739828498449,
microsomal_clearance,continued_reference,0,raw,3,1.0,1827,897.0,1013,0.1066018464540951,0.2964882287066396,0.6460165677931339,0.48521150937394336,0.9806532988122724,0.6025229383786215,0.5172012406495164,0.7816456850939609,0.9249297573435505,
microsomal_clearance,continued_reference,1,calibrated,3,2.0,1827,897.0,1013,0.3825801931657947,0.31002742616121837,0.5370459052097607,0.39788402007497836,0.8030151605626725,0.5224855781113159,0.5360700602079912,0.7980040138660829,0.9309067688378034,
microsomal_clearance,continued_reference,1,raw,3,2.0,1827,897.0,1013,0.3825801931657947,0.31002742616121837,0.5370459052097607,0.39788402007497836,0.801614331955075,0.4936955461012601,0.5137712096332786,0.7789381499726327,0.9215179711731435,
microsomal_clearance,continued_reference,2,calibrated,3,3.0,674,378.0,674,0.45327104743474944,0.3297054330112592,0.477969672793596,0.3509681364218129,0.6730302305946533,0.48652067116589737,0.5584668644906033,0.8197527200791296,0.9383580613254203,
microsomal_clearance,continued_reference,2,raw,3,3.0,674,378.0,674,0.45327104743474944,0.3297054330112592,0.477969672793596,0.3509681364218129,0.6679722848584327,0.45917166806646903,0.5374183976261128,0.8009000989119682,0.9288724035608308,
microsomal_clearance,continued_reference,4,calibrated,3,5.0,674,378.0,674,0.5420455562414623,0.3585265878838174,0.4374470012659243,0.32057063880106607,0.5860329856664777,0.4578997230854044,0.5737685459940653,0.8277448071216617,0.9428486646884273,
microsomal_clearance,continued_reference,4,raw,3,5.0,674,378.0,674,0.5420455562414623,0.3585265878838174,0.4374470012659243,0.32057063880106607,0.5779537131819905,0.4320149005544173,0.5525717111770524,0.8109000989119682,0.9349159248269042,
microsomal_clearance,continued_reference,9,calibrated,3,10.0,311,183.0,311,0.5992255641870425,0.4199189144316965,0.4084789138843415,0.2990714181226549,0.5194069993623153,0.4249228700794208,0.567781350482315,0.8250803858520901,0.9429581993569132,
microsomal_clearance,continued_reference,9,raw,3,10.0,311,183.0,311,0.5992255641870425,0.4199189144316965,0.4084789138843415,0.2990714181226549,0.5040679340309775,0.40119265941178295,0.5461736334405145,0.8101607717041802,0.9371704180064307,
microsomal_clearance,frozen_average,0,calibrated,3,1.0,1827,897.0,1013,0.10450522374229454,0.29604850773165015,0.646774157943678,0.4859166109483507,0.9949692151426278,0.7324581106660402,0.5917934683451924,0.8446049990877577,0.9603065134099616,
microsomal_clearance,frozen_average,0,raw,3,1.0,1827,897.0,1013,0.10450522374229454,0.29604850773165015,0.646774157943678,0.4859166109483507,0.9818472001183357,0.6078831640024557,0.5196460499908775,0.7843824119686188,0.9266922094508301,
microsomal_clearance,frozen_average,1,calibrated,3,2.0,1827,897.0,1013,0.16549050019215028,0.3079540382011125,0.6243624459130777,0.4684926134799507,0.9316963982176119,0.5939755960317494,0.5122897281517972,0.7884948002189381,0.9308009487319832,
microsomal_clearance,frozen_average,1,raw,3,2.0,1827,897.0,1013,0.16549050019215028,0.3079540382011125,0.6243624459130777,0.4684926134799507,0.9883333171508614,0.494029904173752,0.4405801860974275,0.7166538952745849,0.8850720671410326,
microsomal_clearance,frozen_average,2,calibrated,3,3.0,674,378.0,674,0.1718656222941417,0.3253997847854324,0.5882537599645232,0.43963420557475374,0.8617813467022163,0.5535315174306535,0.5094460929772503,0.7853709198813055,0.9314144411473789,
microsomal_clearance,frozen_average,2,raw,3,3.0,674,378.0,674,0.1718656222941417,0.3253997847854324,0.5882537599645232,0.43963420557475374,0.9212594789390953,0.4599093830497046,0.4426310583580613,0.711246290801187,0.8837883283877348,
microsomal_clearance,frozen_average,4,calibrated,3,5.0,674,378.0,674,0.2065285410176645,0.3575202493528357,0.5758110036570726,0.4326073573976313,0.8432942863483628,0.521316286333119,0.48819980217606324,0.768595450049456,0.9242037586547972,
microsomal_clearance,frozen_average,4,raw,3,5.0,674,378.0,674,0.2065285410176645,0.3575202493528357,0.5758110036570726,0.4326073573976313,0.9185220833615877,0.4330094285923932,0.42109792284866465,0.69215628090999,0.8733135509396637,
microsomal_clearance,frozen_average,9,calibrated,3,10.0,311,183.0,311,0.20683409931127683,0.42164846569273456,0.5746476757886172,0.4353643130738635,0.8599624829656982,0.48428689359468663,0.4495819935691318,0.7374276527331189,0.9066881028938906,
microsomal_clearance,frozen_average,9,raw,3,10.0,311,183.0,311,0.20683409931127683,0.42164846569273456,0.5746476757886172,0.4353643130738635,0.9604557457638647,0.40245701646498155,0.3836012861736334,0.6518327974276528,0.8498392282958198,
microsomal_clearance,trained_average,0,calibrated,3,1.0,1827,897.0,1013,0.11692496990758794,0.2945389728017068,0.6422733960030698,0.48279082535676515,0.9826114476698004,0.6208170153062245,0.5282065316548075,0.7899726327312534,0.9314979018427294,
microsomal_clearance,trained_average,0,raw,3,1.0,1827,897.0,1013,0.11692496990758794,0.2945389728017068,0.6422733960030698,0.48279082535676515,0.9847055684183438,0.5715714817420341,0.49843094325852944,0.7634920634920634,0.9143003101623791,
microsomal_clearance,trained_average,1,calibrated,3,2.0,1827,897.0,1013,0.3726500044545872,0.30838707315910974,0.5413474313631444,0.4049606857087706,0.8198419920389621,0.5495588828073846,0.5417478562306148,0.8091808064221858,0.9357161101988688,
microsomal_clearance,trained_average,1,raw,3,2.0,1827,897.0,1013,0.3726500044545872,0.30838707315910974,0.5413474313631444,0.4049606857087706,0.8223186519002994,0.5065823125961574,0.507695675971538,0.7833351578179164,0.9213610654989967,
microsomal_clearance,trained_average,2,calibrated,3,3.0,674,378.0,674,0.42236128398486394,0.3242539603006786,0.49129512183193347,0.36493794439491306,0.7004408901208792,0.5149272399993372,0.5584668644906033,0.8247082096933728,0.9433333333333332,
microsomal_clearance,trained_average,2,raw,3,3.0,674,378.0,674,0.42236128398486394,0.3242539603006786,0.49129512183193347,0.36493794439491306,0.6979228005384354,0.47394668252484623,0.5249357072205737,0.7988724035608309,0.9304055390702274,
microsomal_clearance,trained_average,4,calibrated,3,5.0,674,378.0,674,0.49163417691015,0.33963518548347305,0.4608955105688168,0.3432517714412656,0.6377306941384557,0.48801992171006436,0.5580811078140455,0.8276656775469832,0.9450544015825916,
microsomal_clearance,trained_average,4,raw,3,5.0,674,378.0,674,0.49163417691015,0.33963518548347305,0.4608955105688168,0.3432517714412656,0.6337842529109351,0.4490342235594664,0.5248269040553907,0.8009000989119684,0.9317012858555885,
microsomal_clearance,trained_average,9,calibrated,3,10.0,311,183.0,311,0.5386264639255318,0.3789944575362842,0.43827427207127895,0.3287344613431734,0.5914157542034475,0.4578977844301143,0.5488102893890675,0.8189710610932477,0.9456591639871383,
microsomal_clearance,trained_average,9,raw,3,10.0,311,183.0,311,0.5386264639255318,0.3789944575362842,0.43827427207127895,0.3287344613431734,0.5826578336183843,0.4216343269547465,0.5145337620578777,0.7908038585209003,0.9320257234726689,
permeability,checkpoint_1,0,calibrated,3,1.0,516,376.0,319,0.08588928436464038,0.26403438666969914,0.7113135368522967,0.5171338442413692,1.0403015804856464,0.8015971883908106,0.5462403100775193,0.8075710594315246,0.9536950904392765,
permeability,checkpoint_1,0,raw,3,1.0,516,376.0,319,0.08588928436464038,0.26403438666969914,0.7113135368522967,0.5171338442413692,1.0427074132095113,0.6763003504087604,0.4795219638242894,0.755374677002584,0.9196124031007752,
permeability,checkpoint_1,1,calibrated,3,2.0,516,376.0,319,0.35085137124630683,0.2820777737250027,0.599423473224954,0.4295869936047781,0.8648853287681462,0.639954686434001,0.5228423772609819,0.7940051679586564,0.9363824289405684,
permeability,checkpoint_1,1,raw,3,2.0,516,376.0,319,0.35085137124630683,0.2820777737250027,0.599423473224954,0.4295869936047781,0.881086753618082,0.5400645900694823,0.45218346253229974,0.7340568475452196,0.9049999999999999,
permeability,checkpoint_1,2,calibrated,3,3.0,200,163.0,200,0.485498234742169,0.32035483585587804,0.5557876963450852,0.40835786883980035,0.8092086312323318,0.6175630259513855,0.5089666666666666,0.7864666666666668,0.9465333333333333,
permeability,checkpoint_1,2,raw,3,3.0,200,163.0,200,0.485498234742169,0.32035483585587804,0.5557876963450852,0.40835786883980035,0.8253589735617167,0.522362178872029,0.4479666666666667,0.7297666666666666,0.9170666666666668,
permeability,checkpoint_1,4,calibrated,3,5.0,200,163.0,200,0.5704672723261931,0.3603277101972037,0.5078244698513078,0.3732405106363197,0.7134217444211223,0.5825815627892813,0.5108,0.8057333333333334,0.9538666666666668,
permeability,checkpoint_1,4,raw,3,5.0,200,163.0,200,0.5704672723261931,0.3603277101972037,0.5078244698513078,0.3732405106363197,0.7239205045217255,0.49264147325555485,0.4475666666666666,0.7429333333333333,0.9234,
permeability,checkpoint_1,9,calibrated,3,10.0,72,62.0,72,0.6227297369005385,0.41038786569196317,0.4961071472977288,0.36287316739559167,0.6729803167599376,0.5727018040418623,0.5063888888888888,0.7997222222222222,0.9616666666666668,
permeability,checkpoint_1,9,raw,3,10.0,72,62.0,72,0.6227297369005385,0.41038786569196317,0.4961071472977288,0.36287316739559167,0.6787187526403523,0.4836958050727844,0.45055555555555554,0.7427777777777779,0.9347222222222223,
permeability,consistent_average,0,calibrated,3,1.0,516,376.0,319,0.08487619607562513,0.263914637035549,0.7117075940762062,0.5178736910624646,1.040293297282857,0.8159089077731898,0.5503100775193799,0.8155297157622741,0.9568992248062015,
permeability,consistent_average,0,raw,3,1.0,516,376.0,319,0.08487619607562513,0.263914637035549,0.7117075940762062,0.5178736910624646,1.047530779298054,0.6574951926162539,0.4728811369509044,0.7455684754521964,0.9135400516795865,
permeability,consistent_average,1,calibrated,3,2.0,516,376.0,319,0.27774124619676266,0.28703057825982037,0.632278014531415,0.4590322124541169,0.9215640117740979,0.6813820832530734,0.5108268733850129,0.7907493540051679,0.9376227390180878,
permeability,consistent_average,1,raw,3,2.0,516,376.0,319,0.27774124619676266,0.28703057825982037,0.632278014531415,0.4590322124541169,0.9537055331076553,0.549157617499123,0.4366149870801033,0.7124935400516795,0.8962790697674419,
permeability,consistent_average,2,calibrated,3,3.0,200,163.0,200,0.45754256686278216,0.32803921096151073,0.5706874553393951,0.42180077966190876,0.8526742581470573,0.6421948638975621,0.5059666666666667,0.7883666666666668,0.9472666666666667,
permeability,consistent_average,2,raw,3,3.0,200,163.0,200,0.45754256686278216,0.32803921096151073,0.5706874553393951,0.42180077966190876,0.8858204605777428,0.5182495251476764,0.4322666666666667,0.7068333333333334,0.9021333333333333,
permeability,consistent_average,4,calibrated,3,5.0,200,163.0,200,0.550978811901667,0.3551034238590962,0.5192170091519065,0.38498487457136304,0.7593148353098548,0.5967095673759779,0.5038333333333334,0.7976666666666665,0.9495,
permeability,consistent_average,4,raw,3,5.0,200,163.0,200,0.550978811901667,0.3551034238590962,0.5192170091519065,0.38498487457136304,0.7886982143073947,0.4814682275523742,0.42789999999999995,0.7123666666666666,0.9094333333333333,
permeability,consistent_average,9,calibrated,3,10.0,72,62.0,72,0.6170918757770181,0.41185108120035785,0.49980027052966675,0.37320937943127414,0.7116120438224114,0.5782268124156528,0.48749999999999993,0.7869444444444444,0.9608333333333334,
permeability,consistent_average,9,raw,3,10.0,72,62.0,72,0.6170918757770181,0.41185108120035785,0.49980027052966675,0.37320937943127414,0.7398315922259209,0.4662398655050331,0.41861111111111104,0.701111111111111,0.9166666666666666,
permeability,continued_reference,0,calibrated,3,1.0,516,376.0,319,0.0857355933433388,0.2634738761418752,0.711373331528869,0.5170871449671253,1.0401043090483975,0.805984969003564,0.5487209302325581,0.8110852713178294,0.9550387596899225,
permeability,continued_reference,0,raw,3,1.0,516,376.0,319,0.0857355933433388,0.2634738761418752,0.711373331528869,0.5170871449671253,1.0412270924139186,0.6854712826941518,0.4857622739018088,0.7590568475452196,0.9240051679586563,
permeability,continued_reference,1,calibrated,3,2.0,516,376.0,319,0.35252422118368043,0.2817568938598803,0.5986506206566934,0.4291309110641008,0.864446324837439,0.6325199542833776,0.5185788113695091,0.7896770025839792,0.9337209302325582,
permeability,continued_reference,1,raw,3,2.0,516,376.0,319,0.35252422118368043,0.2817568938598803,0.5986506206566934,0.4291309110641008,0.8814416042584696,0.5377056482004949,0.45245478036175707,0.7327390180878552,0.9031395348837209,
permeability,continued_reference,2,calibrated,3,3.0,200,163.0,200,0.4866429944671582,0.3238529935247368,0.5551690418369972,0.4080457129441201,0.8086318026186606,0.6104060785452525,0.5035,0.7840666666666667,0.9449000000000001,
permeability,continued_reference,2,raw,3,3.0,200,163.0,200,0.4866429944671582,0.3238529935247368,0.5551690418369972,0.4080457129441201,0.8258628412889502,0.5201412013192972,0.44410000000000005,0.7289333333333334,0.9170333333333334,
permeability,continued_reference,4,calibrated,3,5.0,200,163.0,200,0.5712922352703191,0.36144036232390336,0.5073365702233823,0.37311172007247806,0.713085319387313,0.5756046055436134,0.5054666666666666,0.8007333333333334,0.9515,
permeability,continued_reference,4,raw,3,5.0,200,163.0,200,0.5712922352703191,0.36144036232390336,0.5073365702233823,0.37311172007247806,0.7250925648063231,0.49034507522980375,0.44353333333333333,0.7408000000000001,0.9218000000000001,
permeability,continued_reference,9,calibrated,3,10.0,72,62.0,72,0.6232044112827899,0.4121862051077187,0.4957949527048558,0.3628575717078315,0.6714652454182019,0.5646901079018911,0.5016666666666666,0.7972222222222223,0.9599999999999999,
permeability,continued_reference,9,raw,3,10.0,72,62.0,72,0.6232044112827899,0.4121862051077187,0.4957949527048558,0.3628575717078315,0.6784902813959643,0.48041194629338047,0.44722222222222224,0.7394444444444443,0.9330555555555556,
permeability,frozen_average,0,calibrated,3,1.0,516,376.0,319,0.08588928436464038,0.26403438666969914,0.7113135368522967,0.5171338442413692,1.0517505533833476,0.8911997075652276,0.5860206718346253,0.8421576227390181,0.9714470284237726,
permeability,frozen_average,0,raw,3,1.0,516,376.0,319,0.08588928436464038,0.26403438666969914,0.7113135368522967,0.5171338442413692,1.0427074132095113,0.6763003504087604,0.4795219638242894,0.755374677002584,0.9196124031007752,
permeability,frozen_average,1,calibrated,3,2.0,516,376.0,319,0.13432795670902475,0.2843200044680791,0.6922107983148611,0.5052593379496483,1.012800137065425,0.7124670522305777,0.4882558139534884,0.7792764857881137,0.9317054263565892,
permeability,frozen_average,1,raw,3,2.0,516,376.0,319,0.13432795670902475,0.2843200044680791,0.6922107983148611,0.5052593379496483,1.0780423711413007,0.5405825624147127,0.3941989664082687,0.6647286821705426,0.8731395348837209,
permeability,frozen_average,2,calibrated,3,3.0,200,163.0,200,0.21052293938069988,0.32513592985189615,0.6884703660558172,0.5129856772184371,1.0336510266901546,0.688365220630169,0.4544333333333333,0.7428333333333333,0.9316999999999999,
permeability,frozen_average,2,raw,3,3.0,200,163.0,200,0.21052293938069988,0.32513592985189615,0.6884703660558172,0.5129856772184371,1.122954349140913,0.5230730785608292,0.3628,0.6348666666666667,0.8594333333333333,
permeability,frozen_average,4,calibrated,3,5.0,200,163.0,200,0.22662446214936927,0.35799747810223037,0.6814134622193352,0.5076930742161969,1.0271363848794794,0.6500214858869711,0.43796666666666667,0.7241333333333333,0.9220666666666666,
permeability,frozen_average,4,raw,3,5.0,200,163.0,200,0.22662446214936927,0.35799747810223037,0.6814134622193352,0.5076930742161969,1.1335359987553826,0.4938367060025533,0.34629999999999994,0.6108,0.8429666666666666,
permeability,frozen_average,9,calibrated,3,10.0,72,62.0,72,0.2034470641458519,0.40849621022740995,0.7208692789200648,0.5363961648527119,1.0830858248550514,0.6393478422694736,0.4,0.6919444444444445,0.9138888888888889,
permeability,frozen_average,9,raw,3,10.0,72,62.0,72,0.2034470641458519,0.40849621022740995,0.7208692789200648,0.5363961648527119,1.2159634253294944,0.48534340788920716,0.31277777777777777,0.5719444444444444,0.8252777777777778,
permeability,trained_average,0,calibrated,3,1.0,516,376.0,319,0.07988267377741787,0.26040019635555045,0.7136467266621028,0.5203852973903983,1.0435350190527568,0.7948058793318364,0.5395607235142119,0.8044832041343669,0.9522222222222222,
permeability,trained_average,0,raw,3,1.0,516,376.0,319,0.07988267377741787,0.26040019635555045,0.7136467266621028,0.5203852973903983,1.0542085536898966,0.6598461888087503,0.46917312661498706,0.7471576227390181,0.912609819121447,
permeability,trained_average,1,calibrated,3,2.0,516,376.0,319,0.3224887159097293,0.2793309913336009,0.6123785078124272,0.44580922458099453,0.8940657991319368,0.6725000943822993,0.5150129198966409,0.7985142118863049,0.9419509043927649,
permeability,trained_average,1,raw,3,2.0,516,376.0,319,0.3224887159097293,0.2793309913336009,0.6123785078124272,0.44580922458099453,0.9156388496087636,0.5582173270724464,0.4422480620155039,0.7331266149870801,0.906421188630491,
permeability,trained_average,2,calibrated,3,3.0,200,163.0,200,0.4418918063055699,0.31762909786485966,0.5788615365831136,0.4317941358382503,0.8647409571235685,0.6527611902495225,0.5029666666666666,0.7847333333333333,0.9491333333333333,
permeability,trained_average,2,raw,3,3.0,200,163.0,200,0.4418918063055699,0.31762909786485966,0.5788615365831136,0.4317941358382503,0.8905546290133447,0.5423294787267844,0.4377,0.7114,0.9150666666666666,
permeability,trained_average,4,calibrated,3,5.0,200,163.0,200,0.49809600274132393,0.33991391028049917,0.5489411920817148,0.41146987474064034,0.8076795289485804,0.6198181577424208,0.49483333333333335,0.7872333333333333,0.9528666666666666,
permeability,trained_average,4,raw,3,5.0,200,163.0,200,0.49809600274132393,0.33991391028049917,0.5489411920817148,0.41146987474064034,0.8345682569961141,0.5149237902839978,0.4271333333333333,0.7101666666666665,0.9168666666666667,
permeability,trained_average,9,calibrated,3,10.0,72,62.0,72,0.5396081582899732,0.3709221095674568,0.5480409443288856,0.41072125882738164,0.7950639917586629,0.6158652662899758,0.47805555555555557,0.7725,0.9583333333333334,
permeability,trained_average,9,raw,3,10.0,72,62.0,72,0.5396081582899732,0.3709221095674568,0.5480409443288856,0.41072125882738164,0.8248305973559525,0.5113944581647715,0.42277777777777775,0.6944444444444444,0.9133333333333332,
protein_binding,checkpoint_1,0,calibrated,3,1.0,880,355.0,413,0.13985171905645466,0.39297930812051896,0.9954249532310576,0.6270316415202282,1.2007895094926382,0.7325093299024033,0.44626515151515156,0.7440378787878787,0.9182424242424242,
protein_binding,checkpoint_1,0,raw,3,1.0,880,355.0,413,0.13985171905645466,0.39297930812051896,0.9954249532310576,0.6270316415202282,1.2062838652640073,0.722727863628756,0.44053030303030305,0.7396818181818182,0.9150303030303031,
protein_binding,checkpoint_1,1,calibrated,3,2.0,880,355.0,413,0.3972156503384121,0.38929922543401657,0.8333028066122562,0.5200001424041808,1.0030390155180147,0.6813082838214257,0.4729318181818181,0.7592803030303031,0.9295227272727273,
protein_binding,checkpoint_1,1,raw,3,2.0,880,355.0,413,0.3972156503384121,0.38929922543401657,0.8333028066122562,0.5200001424041808,1.0058477830809631,0.6710286368723168,0.4704242424242424,0.7542272727272727,0.9265530303030303,
protein_binding,checkpoint_1,2,calibrated,3,3.0,177,93.0,177,0.4804897909635455,0.39366897540872714,0.726404613642196,0.46618486555956185,0.8909586543012303,0.6306595749168074,0.4770244821092278,0.7746139359698683,0.9371374764595104,
protein_binding,checkpoint_1,2,raw,3,3.0,177,93.0,177,0.4804897909635455,0.39366897540872714,0.726404613642196,0.46618486555956185,0.8913144596806526,0.6247325590460538,0.4750282485875706,0.7722033898305085,0.9361958568738229,
protein_binding,checkpoint_1,4,calibrated,3,5.0,177,93.0,177,0.5307702266661265,0.414621751033202,0.690357951103181,0.4326838907088712,0.8189180152090256,0.5901079298210682,0.4803389830508474,0.7755555555555556,0.936723163841808,
protein_binding,checkpoint_1,4,raw,3,5.0,177,93.0,177,0.5307702266661265,0.414621751033202,0.690357951103181,0.4326838907088712,0.81882226042,0.5845577670468224,0.47890772128060255,0.7746892655367232,0.9361581920903954,
protein_binding,checkpoint_1,9,calibrated,3,10.0,44,29.0,44,0.5269950423329927,0.522282836066954,0.6393905900953657,0.36772852220318536,0.6469880424325227,0.5038174099813808,0.4950000000000001,0.7922727272727272,0.935,
protein_binding,checkpoint_1,9,raw,3,10.0,44,29.0,44,0.5269950423329927,0.522282836066954,0.6393905900953657,0.36772852220318536,0.6471464611626191,0.500248407179659,0.4913636363636363,0.7854545454545455,0.9372727272727271,
protein_binding,consistent_average,0,calibrated,3,1.0,880,355.0,413,0.1387104706262775,0.39198689426521066,0.996085101381523,0.6283970834709295,1.187298282820906,0.7560945289098855,0.456280303030303,0.7537121212121213,0.927340909090909,
protein_binding,consistent_average,0,raw,3,1.0,880,355.0,413,0.1387104706262775,0.39198689426521066,0.996085101381523,0.6283970834709295,1.1971560349488388,0.7117119309726088,0.4319469696969697,0.7349924242424242,0.9154772727272726,
protein_binding,consistent_average,1,calibrated,3,2.0,880,355.0,413,0.33092188877043405,0.396611860105091,0.8779307721920351,0.5562235873345581,1.0773354640644415,0.7321535710042174,0.46855303030303036,0.7533863636363637,0.9258939393939394,
protein_binding,consistent_average,1,raw,3,2.0,880,355.0,413,0.33092188877043405,0.396611860105091,0.8779307721920351,0.5562235873345581,1.0831355848206767,0.6880855225311083,0.4470454545454545,0.7327575757575758,0.9195681818181819,
protein_binding,consistent_average,2,calibrated,3,3.0,177,93.0,177,0.4547234606739412,0.405845060312818,0.7442004990028842,0.48468820796258705,0.9385008086651253,0.6672553991104025,0.4775894538606403,0.777325800376648,0.9397363465160075,
protein_binding,consistent_average,2,raw,3,3.0,177,93.0,177,0.4547234606739412,0.405845060312818,0.7442004990028842,0.48468820796258705,0.938592979616023,0.6318472952290444,0.46030131826741993,0.7583427495291901,0.9314124293785312,
protein_binding,consistent_average,4,calibrated,3,5.0,177,93.0,177,0.530829374889111,0.42716893236541276,0.6903144385905102,0.44365653912310543,0.85474645750565,0.6195718180863871,0.48527306967984934,0.7825235404896421,0.9395480225988702,
protein_binding,consistent_average,4,raw,3,5.0,177,93.0,177,0.530829374889111,0.42716893236541276,0.6903144385905102,0.44365653912310543,0.8552359120036451,0.5864467540366501,0.4631261770244821,0.7636911487758946,0.9312241054613937,
protein_binding,consistent_average,9,calibrated,3,10.0,44,29.0,44,0.5400116580991017,0.5359917737995133,0.6305315271704839,0.3788438747958703,0.6929695383305243,0.5205535144155675,0.48000000000000004,0.7890909090909091,0.9340909090909091,
protein_binding,consistent_average,9,raw,3,10.0,44,29.0,44,0.5400116580991017,0.5359917737995133,0.6305315271704839,0.3788438747958703,0.6942841695760168,0.4956986753507094,0.46181818181818185,0.7745454545454545,0.9295454545454546,
protein_binding,continued_reference,0,calibrated,3,1.0,880,355.0,413,0.1397762911628021,0.3898716735224589,0.9954685975440276,0.6267424090177555,1.1968670881289918,0.7436884159603805,0.4522424242424242,0.7501818181818182,0.9218560606060606,
protein_binding,continued_reference,0,raw,3,1.0,880,355.0,413,0.1397762911628021,0.3898716735224589,0.9954685975440276,0.6267424090177555,1.2010058374099655,0.7343921211673454,0.4488787878787879,0.7472727272727273,0.9189545454545456,
protein_binding,continued_reference,1,calibrated,3,2.0,880,355.0,413,0.3974241852770518,0.3863256206869337,0.8331586524204331,0.519900663064559,1.0058327749119367,0.6820966108382651,0.4720757575757576,0.759090909090909,0.9282272727272727,
protein_binding,continued_reference,1,raw,3,2.0,880,355.0,413,0.3974241852770518,0.3863256206869337,0.8331586524204331,0.519900663064559,1.0082686498403566,0.6726784014774092,0.4715757575757576,0.7557121212121212,0.9262878787878789,
protein_binding,continued_reference,2,calibrated,3,3.0,177,93.0,177,0.4806443349535905,0.39399149412111034,0.7262965601183586,0.4659704438239167,0.8920175742459185,0.6303468282433777,0.47499058380414305,0.7728813559322034,0.935517890772128,
protein_binding,continued_reference,2,raw,3,3.0,177,93.0,177,0.4806443349535905,0.39399149412111034,0.7262965601183586,0.4659704438239167,0.8917186565533595,0.6250543475510262,0.4748022598870056,0.7723163841807908,0.9351789077212807,
protein_binding,continued_reference,4,calibrated,3,5.0,177,93.0,177,0.5306231963751944,0.4187299481068488,0.6904661023608731,0.4326661758629952,0.8208438688316746,0.5900970982225601,0.47999999999999987,0.7745762711864407,0.9355555555555554,
protein_binding,continued_reference,4,raw,3,5.0,177,93.0,177,0.5306231963751944,0.4187299481068488,0.6904661023608731,0.4326661758629952,0.8200789294111999,0.585104294469801,0.47977401129943503,0.7747645951035781,0.9353672316384181,
protein_binding,continued_reference,9,calibrated,3,10.0,44,29.0,44,0.5229121718559081,0.5232398463638894,0.6421441973134171,0.36748782182281664,0.647179691794138,0.5045504087751561,0.49636363636363645,0.7931818181818181,0.9354545454545455,
protein_binding,continued_reference,9,raw,3,10.0,44,29.0,44,0.5229121718559081,0.5232398463638894,0.6421441973134171,0.36748782182281664,0.6468733593724697,0.5019443844665181,0.49090909090909096,0.7909090909090909,0.9381818181818182,
protein_binding,frozen_average,0,calibrated,3,1.0,880,355.0,413,0.13985171905645466,0.39297930812051896,0.9954249532310576,0.6270316415202282,1.1879300717980645,0.8203247006765821,0.4876590909090909,0.7872954545454545,0.9391742424242424,
protein_binding,frozen_average,0,raw,3,1.0,880,355.0,413,0.13985171905645466,0.39297930812051896,0.9954249532310576,0.6270316415202282,1.2062838652640073,0.722727863628756,0.44053030303030305,0.7396818181818182,0.9150303030303031,
protein_binding,frozen_average,1,calibrated,3,2.0,880,355.0,413,0.2067891806369495,0.390657918185117,0.9559081738329313,0.6110889299678454,1.1659608244448514,0.7651637330906409,0.4486287878787879,0.7406969696969696,0.923310606060606,
protein_binding,frozen_average,1,raw,3,2.0,880,355.0,413,0.2067891806369495,0.390657918185117,0.9559081738329313,0.6110889299678454,1.1969847778765415,0.6719246092086489,0.40262121212121205,0.6926060606060606,0.8946212121212123,
protein_binding,frozen_average,2,calibrated,3,3.0,177,93.0,177,0.23446507311732,0.3942280311279421,0.881787738538392,0.5913313311910899,1.1374021888748633,0.7064011589843227,0.40870056497175133,0.7187947269303201,0.9176271186440679,
protein_binding,frozen_average,2,raw,3,3.0,177,93.0,177,0.23446507311732,0.3942280311279421,0.881787738538392,0.5913313311910899,1.1661084851415455,0.6262703480962979,0.367532956685499,0.675216572504708,0.8919774011299435,
protein_binding,frozen_average,4,calibrated,3,5.0,177,93.0,177,0.24700330042345509,0.41491883687421777,0.8745367958553608,0.5902281424453704,1.1528721283929368,0.6621554900607596,0.379623352165725,0.6906967984934086,0.9058380414312617,
protein_binding,frozen_average,4,raw,3,5.0,177,93.0,177,0.24700330042345509,0.41491883687421777,0.8745367958553608,0.5902281424453704,1.193125158713652,0.5869876120543973,0.34557438794726936,0.6419209039548022,0.8741619585687382,
protein_binding,frozen_average,9,calibrated,3,10.0,44,29.0,44,0.27396967605465294,0.527751102846003,0.7921561061361645,0.5182980974763631,1.0482717740148995,0.5650914591008965,0.3836363636363637,0.6804545454545454,0.894090909090909,
protein_binding,frozen_average,9,raw,3,10.0,44,29.0,44,0.27396967605465294,0.527751102846003,0.7921561061361645,0.5182980974763631,1.0878976040668096,0.5042402930151332,0.3522727272727273,0.6418181818181818,0.8695454545454545,
protein_binding,trained_average,0,calibrated,3,1.0,880,355.0,413,0.1387476962128522,0.3924170127252964,0.9960635753722217,0.6294650537162092,1.1953594781519685,0.7519003117459291,0.45039393939393935,0.7498181818181817,0.925469696969697,
protein_binding,trained_average,0,raw,3,1.0,880,355.0,413,0.1387476962128522,0.3924170127252964,0.9960635753722217,0.6294650537162092,1.2040057420272348,0.7115171951850257,0.42909090909090913,0.7320984848484848,0.9144772727272727,
protein_binding,trained_average,1,calibrated,3,2.0,880,355.0,413,0.36772343731409574,0.3996094125907119,0.8534447327023247,0.5390987000066482,1.037304522979692,0.7396330540184722,0.481219696969697,0.772969696969697,0.9346969696969697,
protein_binding,trained_average,1,raw,3,2.0,880,355.0,413,0.36772343731409574,0.3996094125907119,0.8534447327023247,0.5390987000066482,1.04042361059424,0.7002105474180795,0.4665151515151515,0.7552272727272726,0.9272954545454545,
protein_binding,trained_average,2,calibrated,3,3.0,177,93.0,177,0.4449559156062646,0.4122763622378102,0.750836350034549,0.4963788575136055,0.9514138280511251,0.6901195101324897,0.4769114877589454,0.7800753295668549,0.9425612052730695,
protein_binding,trained_average,2,raw,3,3.0,177,93.0,177,0.4449559156062646,0.4122763622378102,0.750836350034549,0.4963788575136055,0.9504296300200707,0.6596449490635184,0.46075329566854994,0.7688512241054615,0.9352165725047079,
protein_binding,trained_average,4,calibrated,3,5.0,177,93.0,177,0.49094983384754465,0.41645882123729305,0.7190545561216901,0.4742347619717629,0.9039487675127579,0.6525781169067892,0.4702824858757062,0.7844821092278721,0.9398870056497176,
protein_binding,trained_average,4,raw,3,5.0,177,93.0,177,0.49094983384754465,0.41645882123729305,0.7190545561216901,0.4742347619717629,0.9042153100768071,0.6236650344005412,0.45367231638418076,0.7674576271186441,0.9316007532956685,
protein_binding,trained_average,9,calibrated,3,10.0,44,29.0,44,0.48607497385721743,0.5335668225349349,0.6664741009028771,0.41185883267359297,0.7606746683946759,0.5530317826162686,0.47272727272727266,0.7840909090909091,0.9354545454545454,
protein_binding,trained_average,9,raw,3,10.0,44,29.0,44,0.48607497385721743,0.5335668225349349,0.6664741009028771,0.41185883267359297,0.7594482720280564,0.5313273894244974,0.4613636363636365,0.7740909090909092,0.9336363636363636,
cellular_clearance,checkpoint_1,0,calibrated,15,1.0,79,53.0,79,0.04327194572876747,0.25401075540556955,0.6072583948880527,0.4574894590091101,0.9127850885172337,0.6442229416400572,0.48303797468354426,0.7675949367088608,0.9458227848101266,
cellular_clearance,checkpoint_1,0,raw,15,1.0,79,53.0,79,0.04327194572876747,0.25401075540556955,0.6072583948880527,0.4574894590091101,0.917307459846787,0.6054781077179727,0.4612658227848102,0.7486075949367089,0.9344303797468354,
cellular_clearance,checkpoint_1,1,calibrated,15,2.0,79,53.0,79,0.3171585676528572,0.27042774530589847,0.5130257986464773,0.38827008915098404,0.7403678196466736,0.5479767293567899,0.46506329113924055,0.7777215189873418,0.9483544303797469,
cellular_clearance,checkpoint_1,1,raw,15,2.0,79,53.0,79,0.3171585676528572,0.27042774530589847,0.5130257986464773,0.38827008915098404,0.746197167545054,0.5150571039054967,0.4412658227848099,0.7526582278481013,0.9387341772151898,
cellular_clearance,checkpoint_1,2,calibrated,15,3.0,79,53.0,79,0.406444478854429,0.2977044786772132,0.47831053591162503,0.3563691281857369,0.6571208935601143,0.5239770481254481,0.4908860759493671,0.7936708860759494,0.9498734177215189,
cellular_clearance,checkpoint_1,2,raw,15,3.0,79,53.0,79,0.406444478854429,0.2977044786772132,0.47831053591162503,0.3563691281857369,0.6599796022932696,0.49253788492347617,0.4663291139240506,0.7696202531645571,0.9412658227848101,
cellular_clearance,checkpoint_1,4,calibrated,15,5.0,79,53.0,79,0.4700179762859815,0.32329833459274493,0.4519702428757455,0.33584661259681364,0.591892330098416,0.5006035175806359,0.4949367088607595,0.8010126582278481,0.9534177215189874,
cellular_clearance,checkpoint_1,4,raw,15,5.0,79,53.0,79,0.4700179762859815,0.32329833459274493,0.4519702428757455,0.33584661259681364,0.5946792104864848,0.4706341767914688,0.4718987341772153,0.778987341772152,0.9455696202531644,
cellular_clearance,checkpoint_1,9,calibrated,15,10.0,79,53.0,79,0.5440114447094151,0.38109851041657156,0.4192337560404261,0.3083212762467469,0.5101757951331524,0.4733431835415997,0.5091139240506329,0.8126582278481013,0.9562025316455696,
cellular_clearance,checkpoint_1,9,raw,15,10.0,79,53.0,79,0.5440114447094151,0.38109851041657156,0.4192337560404261,0.3083212762467469,0.5107759760277235,0.44505681976487366,0.48810126582278474,0.7873417721518988,0.9465822784810126,
cellular_clearance,consistent_average,0,calibrated,15,1.0,79,53.0,79,0.05167843909402936,0.2490672187416734,0.6045846063259226,0.4545272474009779,0.9043243474399117,0.6373177837420114,0.48379746835443055,0.7675949367088608,0.9443037974683546,
cellular_clearance,consistent_average,0,raw,15,1.0,79,53.0,79,0.05167843909402936,0.2490672187416734,0.6045846063259226,0.4545272474009779,0.9120548107048183,0.5835607463498659,0.45341772151898724,0.7367088607594938,0.9275949367088606,
cellular_clearance,consistent_average,1,calibrated,15,2.0,79,53.0,79,0.20129440022022915,0.2685752558634388,0.554846227396775,0.4195546374668048,0.8236973432886172,0.5686351823806762,0.4437974683544304,0.7478481012658228,0.9402531645569621,
cellular_clearance,consistent_average,1,raw,15,2.0,79,53.0,79,0.20129440022022915,0.2685752558634388,0.554846227396775,0.4195546374668048,0.8353598742033834,0.5196689479260505,0.41291139240506325,0.7101265822784808,0.9268354430379747,
cellular_clearance,consistent_average,2,calibrated,15,3.0,79,53.0,79,0.36146875633281395,0.28400528720399093,0.4961012816180601,0.37132693577039094,0.7028657231743421,0.5372689853137054,0.479746835443038,0.7830379746835442,0.9460759493670887,
cellular_clearance,consistent_average,2,raw,15,3.0,79,53.0,79,0.36146875633281395,0.28400528720399093,0.4961012816180601,0.37132693577039094,0.7069177683099167,0.49081893984275526,0.44835443037974687,0.7508860759493672,0.9321518987341773,
cellular_clearance,consistent_average,4,calibrated,15,5.0,79,53.0,79,0.45166911775313434,0.30817264563750024,0.4597276511013915,0.3470006916040107,0.6306354030460051,0.5106593052344985,0.4749367088607596,0.789873417721519,0.9551898734177217,
cellular_clearance,consistent_average,4,raw,15,5.0,79,53.0,79,0.45166911775313434,0.30817264563750024,0.4597276511013915,0.3470006916040107,0.6329289353201508,0.4664769474464126,0.4470886075949366,0.7574683544303797,0.9453164556962025,
cellular_clearance,consistent_average,9,calibrated,15,10.0,79,53.0,79,0.527712384087521,0.3523983033999325,0.4266606117651787,0.3203259019346177,0.5525159211902619,0.4827543450005445,0.4868354430379747,0.79873417721519,0.9597468354430378,
cellular_clearance,consistent_average,9,raw,15,10.0,79,53.0,79,0.527712384087521,0.3523983033999325,0.4266606117651787,0.3203259019346177,0.5513735804328678,0.44090408074704907,0.4506329113924052,0.7698734177215191,0.949113924050633,
cellular_clearance,continued_reference,0,calibrated,15,1.0,79,53.0,79,0.04554543987927007,0.2514401962457052,0.6065364449227031,0.4566233410771135,0.9089653407164621,0.6418371355080906,0.4840506329113923,0.7678481012658228,0.9478481012658229,
cellular_clearance,continued_reference,0,raw,15,1.0,79,53.0,79,0.04554543987927007,0.2514401962457052,0.6065364449227031,0.4566233410771135,0.9129200338734872,0.6037852055513407,0.46227848101265817,0.7486075949367089,0.9349367088607595,
cellular_clearance,continued_reference,1,calibrated,15,2.0,79,53.0,79,0.3171357674726858,0.2743218173460594,0.5130343635800383,0.3882101053678536,0.7409393197533386,0.5432590037357958,0.4622784810126583,0.7749367088607595,0.9463291139240505,
cellular_clearance,continued_reference,1,raw,15,2.0,79,53.0,79,0.3171357674726858,0.2743218173460594,0.5130343635800383,0.3882101053678536,0.7455616823639961,0.510731695301925,0.43797468354430374,0.7486075949367089,0.9374683544303796,
cellular_clearance,continued_reference,2,calibrated,15,3.0,79,53.0,79,0.4071131004817359,0.29317642200737437,0.47804105911301437,0.3562986564183537,0.6569483708054549,0.519513058783133,0.48683544303797477,0.7893670886075949,0.9486075949367089,
cellular_clearance,continued_reference,2,raw,15,3.0,79,53.0,79,0.4071131004817359,0.29317642200737437,0.47804105911301437,0.3562986564183537,0.6586700645279246,0.48841521344607386,0.46405063291139237,0.7653164556962025,0.9415189873417723,
cellular_clearance,continued_reference,4,calibrated,15,5.0,79,53.0,79,0.47109375497156936,0.3236965974658483,0.45151129623232433,0.33561963907525505,0.5915830817438235,0.4965305338630194,0.4929113924050634,0.7972151898734177,0.9529113924050633,
cellular_clearance,continued_reference,4,raw,15,5.0,79,53.0,79,0.47109375497156936,0.3236965974658483,0.45151129623232433,0.33561963907525505,0.5929194276719572,0.4668647538559346,0.47063291139240504,0.7739240506329114,0.9443037974683546,
cellular_clearance,continued_reference,9,calibrated,15,10.0,79,53.0,79,0.5447383140974085,0.3808146411643969,0.41889948260838783,0.30819510239589065,0.5103021552140788,0.46972237517562093,0.5068354430379747,0.8086075949367088,0.9541772151898733,
cellular_clearance,continued_reference,9,raw,15,10.0,79,53.0,79,0.5447383140974085,0.3808146411643969,0.41889948260838783,0.30819510239589065,0.5092016243830226,0.4416751134546497,0.48405063291139244,0.7837974683544304,0.9465822784810126,
cellular_clearance,frozen_average,0,calibrated,15,1.0,79,53.0,79,0.04327194572876747,0.25401075540556955,0.6072583948880527,0.4574894590091101,0.9151686606411391,0.7102244275129294,0.519240506329114,0.8045569620253163,0.9594936708860761,
cellular_clearance,frozen_average,0,raw,15,1.0,79,53.0,79,0.04327194572876747,0.25401075540556955,0.6072583948880527,0.4574894590091101,0.917307459846787,0.6054781077179727,0.4612658227848102,0.7486075949367089,0.9344303797468354,
cellular_clearance,frozen_average,1,calibrated,15,2.0,79,53.0,79,0.07327934244208112,0.2715848255041004,0.5976593178579372,0.44889240671562247,0.8910774573099062,0.6044912444187117,0.44531645569620254,0.7445569620253164,0.9392405063291139,
cellular_clearance,frozen_average,1,raw,15,2.0,79,53.0,79,0.07327934244208112,0.2715848255041004,0.5976593178579372,0.44889240671562247,0.9224674647532394,0.5151611561413053,0.3921518987341772,0.6774683544303798,0.9081012658227849,
cellular_clearance,frozen_average,2,calibrated,15,3.0,79,53.0,79,0.11818255311102932,0.30125772945817897,0.5830000827146983,0.44033868845505053,0.8740495493960118,0.5783956993380679,0.4364556962025316,0.7453164556962025,0.9331645569620255,
cellular_clearance,frozen_average,2,raw,15,3.0,79,53.0,79,0.11818255311102932,0.30125772945817897,0.5830000827146983,0.44033868845505053,0.9095914250524211,0.49282173983658417,0.379493670886076,0.6797468354430379,0.89873417721519,
cellular_clearance,frozen_average,4,calibrated,15,5.0,79,53.0,79,0.10125499696361517,0.3201243978307349,0.5885691804470705,0.44686592039428163,0.89953396169281,0.5529751180093501,0.4172151898734177,0.711139240506329,0.9212658227848102,
cellular_clearance,frozen_average,4,raw,15,5.0,79,53.0,79,0.10125499696361517,0.3201243978307349,0.5885691804470705,0.44686592039428163,0.9469596522685279,0.4711245488215096,0.3589873417721519,0.6486075949367089,0.881518987341772,
cellular_clearance,frozen_average,9,calibrated,15,10.0,79,53.0,79,0.10428483936650945,0.3781089229364399,0.5875762529032192,0.44493654779241054,0.9079318622430034,0.5234190790864486,0.4005063291139241,0.6939240506329114,0.9086075949367088,
cellular_clearance,frozen_average,9,raw,15,10.0,79,53.0,79,0.10428483936650945,0.3781089229364399,0.5875762529032192,0.44493654779241054,0.9638387897411538,0.4458317299130597,0.3397468354430381,0.6331645569620253,0.860253164556962,
cellular_clearance,trained_average,0,calibrated,15,1.0,79,53.0,79,0.05367528734167226,0.24967123973289063,0.6039477443400002,0.45393484569048587,0.9079223880716035,0.6284661632851708,0.47367088607594937,0.7615189873417723,0.9397468354430379,
cellular_clearance,trained_average,0,raw,15,1.0,79,53.0,79,0.05367528734167226,0.24967123973289063,0.6039477443400002,0.45393484569048587,0.9151345264218358,0.5812302899662453,0.45189873417721504,0.7382278481012658,0.9245569620253166,
cellular_clearance,trained_average,1,calibrated,15,2.0,79,53.0,79,0.2798215531215015,0.2644636785130598,0.5268649802144456,0.4004001944729045,0.7704724067984718,0.5684521154210538,0.46253164556962023,0.7744303797468355,0.9524050632911392,
cellular_clearance,trained_average,1,raw,15,2.0,79,53.0,79,0.2798215531215015,0.2644636785130598,0.5268649802144456,0.4004001944729045,0.779063331213365,0.5258948743192455,0.43949367088607594,0.7435443037974683,0.9410126582278482,
cellular_clearance,trained_average,2,calibrated,15,3.0,79,53.0,79,0.3594652827807654,0.2746227851169329,0.4968789627300342,0.37601087306873704,0.7086032019630959,0.5472881136966656,0.47746835443037966,0.7868354430379747,0.9518987341772153,
cellular_clearance,trained_average,2,raw,15,3.0,79,53.0,79,0.3594652827807654,0.2746227851169329,0.4968789627300342,0.37601087306873704,0.7145265878349294,0.5062858572187301,0.4526582278481012,0.7597468354430378,0.9410126582278482,
cellular_clearance,trained_average,4,calibrated,15,5.0,79,53.0,79,0.41247130183254577,0.2855119542564365,0.4758760139843606,0.3628920012750203,0.668200981279206,0.5283095112631592,0.4751898734177216,0.7916455696202532,0.9569620253164558,
cellular_clearance,trained_average,4,raw,15,5.0,79,53.0,79,0.41247130183254577,0.2855119542564365,0.4758760139843606,0.3628920012750203,0.6748810145702925,0.48878094365325153,0.4455696202531646,0.7615189873417721,0.9465822784810128,
cellular_clearance,trained_average,9,calibrated,15,10.0,79,53.0,79,0.45703071548305463,0.31327851855607547,0.4574745135734615,0.3486949198608157,0.628762030430832,0.5063970604425744,0.4751898734177214,0.790379746835443,0.9597468354430381,
cellular_clearance,trained_average,9,raw,15,10.0,79,53.0,79,0.45703071548305463,0.31327851855607547,0.4574745135734615,0.3486949198608157,0.6346300635824063,0.46847296950183326,0.4445569620253164,0.7569620253164556,0.9465822784810128,
efflux,checkpoint_1,0,calibrated,15,1.0,54,49.0,54,0.1226971736077267,0.2501903723580418,0.7028305216706539,0.5225069822426195,1.0375074007007907,0.7275968692037794,0.4855555555555556,0.7618518518518519,0.9433333333333332,
efflux,checkpoint_1,0,raw,15,1.0,54,49.0,54,0.1226971736077267,0.2501903723580418,0.7028305216706539,0.5225069822426195,1.053816184244595,0.6522944518371864,0.4551851851851851,0.718888888888889,0.9214814814814815,
efflux,checkpoint_1,1,calibrated,15,2.0,54,49.0,54,0.3471537714204279,0.2512992606394821,0.6062912475426055,0.44629754740054955,0.8823377697239193,0.6005416239632501,0.4555555555555555,0.7440740740740739,0.9270370370370368,
efflux,checkpoint_1,1,raw,15,2.0,54,49.0,54,0.3471537714204279,0.2512992606394821,0.6062912475426055,0.44629754740054955,0.9055435223074644,0.5372500326898363,0.41888888888888887,0.7011111111111112,0.9022222222222221,
efflux,checkpoint_1,2,calibrated,15,3.0,54,49.0,54,0.4511909150299951,0.2825945800101315,0.5558869709301206,0.4088340869545937,0.790877634026283,0.5743128259976705,0.47888888888888903,0.7592592592592594,0.9322222222222223,
efflux,checkpoint_1,2,raw,15,3.0,54,49.0,54,0.4511909150299951,0.2825945800101315,0.5558869709301206,0.4088340869545937,0.8052978041644839,0.513705808321635,0.442962962962963,0.7192592592592594,0.91,
efflux,checkpoint_1,4,calibrated,15,5.0,54,49.0,54,0.5283527067455169,0.3302196034402759,0.5153289278951798,0.3766554780690759,0.7069416446384962,0.5444023715125189,0.48814814814814816,0.7670370370370372,0.9366666666666665,
efflux,checkpoint_1,4,raw,15,5.0,54,49.0,54,0.5283527067455169,0.3302196034402759,0.5153289278951798,0.3766554780690759,0.719970976475016,0.48705922427000814,0.4433333333333333,0.7277777777777779,0.9181481481481482,
efflux,checkpoint_1,9,calibrated,15,10.0,54,49.0,54,0.5990876494430708,0.39935195301141996,0.4751169963235751,0.345180086405189,0.6210212370774878,0.5091482158060426,0.4859259259259258,0.7799999999999999,0.94,
efflux,checkpoint_1,9,raw,15,10.0,54,49.0,54,0.5990876494430708,0.39935195301141996,0.4751169963235751,0.345180086405189,0.6307966877013179,0.4558869055465415,0.4481481481481481,0.7440740740740741,0.9225925925925925,
efflux,consistent_average,0,calibrated,15,1.0,54,49.0,54,0.12311021423124124,0.2441765325281907,0.7026650533028543,0.5219086148783013,1.031543176928454,0.748390568892161,0.49703703703703705,0.7774074074074074,0.9529629629629629,
efflux,consistent_average,0,raw,15,1.0,54,49.0,54,0.12311021423124124,0.2441765325281907,0.7026650533028543,0.5219086148783013,1.053907186268743,0.6400517399222763,0.4518518518518518,0.7155555555555557,0.9151851851851851,
efflux,consistent_average,1,calibrated,15,2.0,54,49.0,54,0.24813689853431398,0.2521845332312363,0.6506467052043079,0.48099812645603107,0.95756678095079,0.6382257466404526,0.4555555555555556,0.7251851851851853,0.9244444444444443,
efflux,consistent_average,1,raw,15,2.0,54,49.0,54,0.24813689853431398,0.2521845332312363,0.6506467052043079,0.48099812645603107,0.9930068822429052,0.5432332748836941,0.39555555555555555,0.6659259259259259,0.8918518518518518,
efflux,consistent_average,2,calibrated,15,3.0,54,49.0,54,0.40468868204559494,0.27657620138316247,0.5789591455452705,0.426956412880509,0.836862015414478,0.6011207781456136,0.46962962962962956,0.7581481481481481,0.9299999999999999,
efflux,consistent_average,2,raw,15,3.0,54,49.0,54,0.40468868204559494,0.27657620138316247,0.5789591455452705,0.426956412880509,0.8603432219069012,0.5117810411144186,0.41037037037037033,0.6977777777777779,0.9011111111111112,
efflux,consistent_average,4,calibrated,15,5.0,54,49.0,54,0.4984616793236696,0.3268921415562983,0.5314077816681774,0.39313754402928885,0.7540699891684596,0.5588438057016445,0.4666666666666667,0.7570370370370371,0.9366666666666666,
efflux,consistent_average,4,raw,15,5.0,54,49.0,54,0.4984616793236696,0.3268921415562983,0.5314077816681774,0.39313754402928885,0.7847586656480535,0.4763029470708634,0.4099999999999999,0.6988888888888889,0.9051851851851852,
efflux,consistent_average,9,calibrated,15,10.0,54,49.0,54,0.5800865045153922,0.3817733344104554,0.48624569046494986,0.3612947649867446,0.67046490403258,0.5175971042226862,0.4511111111111111,0.7666666666666666,0.9348148148148148,
efflux,consistent_average,9,raw,15,10.0,54,49.0,54,0.5800865045153922,0.3817733344104554,0.48624569046494986,0.3612947649867446,0.7021022467059437,0.44159009355085876,0.4003703703703704,0.7011111111111111,0.9074074074074074,
efflux,continued_reference,0,calibrated,15,1.0,54,49.0,54,0.12212191333708389,0.24641614410750293,0.7030609120259574,0.5228433432181676,1.0389365099611394,0.7249467813527142,0.4844444444444445,0.7614814814814816,0.942962962962963,
efflux,continued_reference,0,raw,15,1.0,54,49.0,54,0.12212191333708389,0.24641614410750293,0.7030609120259574,0.5228433432181676,1.055046826576041,0.6453372814920214,0.44518518518518513,0.7148148148148148,0.9192592592592592,
efflux,continued_reference,1,calibrated,15,2.0,54,49.0,54,0.34622128641792715,0.2497532828952427,0.6067240874169939,0.44644571627455737,0.8848396442919311,0.6001121737338878,0.4566666666666667,0.7414814814814813,0.9255555555555554,
efflux,continued_reference,1,raw,15,2.0,54,49.0,54,0.34622128641792715,0.2497532828952427,0.6067240874169939,0.44644571627455737,0.9107223834069959,0.5341992815335591,0.4192592592592592,0.6974074074074075,0.8996296296296296,
efflux,continued_reference,2,calibrated,15,3.0,54,49.0,54,0.45093767685914143,0.2833696125696102,0.5560152082062159,0.4087570651593031,0.7924189794126735,0.5737680935418163,0.48000000000000004,0.7585185185185187,0.9303703703703704,
efflux,continued_reference,2,raw,15,3.0,54,49.0,54,0.45093767685914143,0.2833696125696102,0.5560152082062159,0.4087570651593031,0.8094266175304258,0.510677144968951,0.44074074074074077,0.7144444444444444,0.9081481481481481,
efflux,continued_reference,4,calibrated,15,5.0,54,49.0,54,0.5282699678176206,0.32815328273508276,0.5153741268116635,0.37669346919766183,0.7090374469495789,0.5439914100699954,0.4888888888888889,0.7655555555555557,0.9359259259259259,
efflux,continued_reference,4,raw,15,5.0,54,49.0,54,0.5282699678176206,0.32815328273508276,0.5153741268116635,0.37669346919766183,0.7239977455054493,0.4842310078276529,0.43999999999999995,0.7251851851851852,0.9155555555555553,
efflux,continued_reference,9,calibrated,15,10.0,54,49.0,54,0.5992273197665974,0.39870621025286335,0.47503422820090935,0.3453052545532032,0.6233138912307966,0.5088456660729866,0.4855555555555555,0.7792592592592593,0.9403703703703704,
efflux,continued_reference,9,raw,15,10.0,54,49.0,54,0.5992273197665974,0.39870621025286335,0.47503422820090935,0.3453052545532032,0.6349737641261579,0.4532522986994849,0.4444444444444444,0.7411111111111112,0.9203703703703704,
efflux,frozen_average,0,calibrated,15,1.0,54,49.0,54,0.1226971736077267,0.2501903723580418,0.7028305216706539,0.5225069822426195,1.0374429539300454,0.8201810313154149,0.5385185185185185,0.8066666666666668,0.9699999999999999,
efflux,frozen_average,0,raw,15,1.0,54,49.0,54,0.1226971736077267,0.2501903723580418,0.7028305216706539,0.5225069822426195,1.053816184244595,0.6522944518371864,0.4551851851851851,0.718888888888889,0.9214814814814815,
efflux,frozen_average,1,calibrated,15,2.0,54,49.0,54,0.14350794007264944,0.25379204395468585,0.6944444631327769,0.515902965068817,1.0153333169636811,0.6789474890850207,0.4444444444444444,0.7185185185185183,0.9333333333333333,
efflux,frozen_average,1,raw,15,2.0,54,49.0,54,0.14350794007264944,0.25379204395468585,0.6944444631327769,0.515902965068817,1.0812455685395468,0.5376028864030483,0.3692592592592593,0.6374074074074073,0.8722222222222221,
efflux,frozen_average,2,calibrated,15,3.0,54,49.0,54,0.19950561065032546,0.28784825038854717,0.671359278021403,0.5029720874958568,0.996742543628699,0.6495922862600397,0.42666666666666664,0.724074074074074,0.9296296296296296,
efflux,frozen_average,2,raw,15,3.0,54,49.0,54,0.19950561065032546,0.28784825038854717,0.671359278021403,0.5029720874958568,1.0634425925418567,0.5142878436600721,0.34555555555555545,0.6329629629629628,0.8618518518518519,
efflux,frozen_average,4,calibrated,15,5.0,54,49.0,54,0.21988301844715885,0.33516634899984904,0.6627591233833134,0.5025974890148198,1.0186712796457496,0.6164587052663167,0.39703703703703713,0.6988888888888888,0.9137037037037037,
efflux,frozen_average,4,raw,15,5.0,54,49.0,54,0.21988301844715885,0.33516634899984904,0.6627591233833134,0.5025974890148198,1.108015453260388,0.4881917658558599,0.32629629629629636,0.5981481481481482,0.8437037037037036,
efflux,frozen_average,9,calibrated,15,10.0,54,49.0,54,0.2210186335801465,0.3989889958114536,0.6622765589658219,0.5037009991981365,1.0371743254382475,0.5771956062316894,0.3611111111111111,0.6655555555555557,0.9022222222222221,
efflux,frozen_average,9,raw,15,10.0,54,49.0,54,0.2210186335801465,0.3989889958114536,0.6622765589658219,0.5037009991981365,1.1548346628818036,0.4574490941674621,0.2962962962962962,0.561111111111111,0.8314814814814815,
efflux,trained_average,0,calibrated,15,1.0,54,49.0,54,0.12124538479714486,0.24730543768102373,0.7034118145114012,0.5234335176039626,1.037181581114508,0.7203896405078746,0.4788888888888889,0.7607407407407406,0.9451851851851851,
efflux,trained_average,0,raw,15,1.0,54,49.0,54,0.12124538479714486,0.24730543768102373,0.7034118145114012,0.5234335176039626,1.0590199590012417,0.6375235125753613,0.4481481481481481,0.71,0.9159259259259259,
efflux,trained_average,1,calibrated,15,2.0,54,49.0,54,0.2977058432437458,0.2570089699631488,0.6288330751233991,0.46522312586506204,0.9254837402321544,0.6273282027686085,0.4544444444444444,0.7403703703703705,0.9251851851851852,
efflux,trained_average,1,raw,15,2.0,54,49.0,54,0.2977058432437458,0.2570089699631488,0.6288330751233991,0.46522312586506204,0.9510373539916804,0.553241156604555,0.41222222222222227,0.6896296296296297,0.902222222222222,
efflux,trained_average,2,calibrated,15,3.0,54,49.0,54,0.3855653053509077,0.27803604481396854,0.5881846877108488,0.43899569998736737,0.861585091421962,0.60394240754622,0.45185185185185184,0.7585185185185183,0.9296296296296296,
efflux,trained_average,2,raw,15,3.0,54,49.0,54,0.3855653053509077,0.27803604481396854,0.5881846877108488,0.43899569998736737,0.8790916983818783,0.5324238958182158,0.40185185185185196,0.7070370370370371,0.9048148148148148,
efflux,trained_average,4,calibrated,15,5.0,54,49.0,54,0.4490330955489584,0.325145800701446,0.5569787230726045,0.4186224607185081,0.8129717109771883,0.5760494193765853,0.43777777777777765,0.7455555555555554,0.9329629629629629,
efflux,trained_average,4,raw,15,5.0,54,49.0,54,0.4490330955489584,0.325145800701446,0.5569787230726045,0.4186224607185081,0.8346505316980887,0.5078995217658855,0.3974074074074074,0.6955555555555556,0.9081481481481481,
efflux,trained_average,9,calibrated,15,10.0,54,49.0,54,0.5049650443473133,0.36036576922569,0.5279512011697228,0.39796282267680866,0.7639409509169411,0.5444396618781266,0.43000000000000005,0.7429629629629629,0.9340740740740741,
efflux,trained_average,9,raw,15,10.0,54,49.0,54,0.5049650443473133,0.36036576922569,0.5279512011697228,0.39796282267680866,0.7887858378418466,0.4802997540986097,0.3907407407407408,0.6885185185185186,0.9122222222222223,
in_vivo_clearance,checkpoint_1,0,calibrated,15,1.0,20,16.0,20,-0.08140500200159018,0.04205524433404206,0.5830512555101067,0.4431854191422463,0.934201299268166,0.53240873503685,0.502,0.758,0.9000000000000001,
in_vivo_clearance,checkpoint_1,0,raw,15,1.0,20,16.0,20,-0.08140500200159018,0.04205524433404206,0.5830512555101067,0.4431854191422463,0.896280205319832,0.5186093921661378,0.49400000000000005,0.749,0.8940000000000001,
in_vivo_clearance,checkpoint_1,1,calibrated,15,2.0,20,16.0,20,0.21064822144522644,0.06496432054787873,0.4981359021520621,0.38497009965777396,0.7568814943517178,0.4898716150522232,0.497,0.796,0.9179999999999999,
in_vivo_clearance,checkpoint_1,1,raw,15,2.0,20,16.0,20,0.21064822144522644,0.06496432054787873,0.4981359021520621,0.38497009965777396,0.7292504706984676,0.47697226381301866,0.476,0.7859999999999999,0.913,
in_vivo_clearance,checkpoint_1,2,calibrated,15,3.0,20,16.0,20,0.3335085312740116,0.1403896740823984,0.4577304930602913,0.35099134269356724,0.6580350069193293,0.4772315133810043,0.538,0.8059999999999998,0.9350000000000002,
in_vivo_clearance,checkpoint_1,2,raw,15,3.0,20,16.0,20,0.3335085312740116,0.1403896740823984,0.4577304930602913,0.35099134269356724,0.6341579179804169,0.4644119307994842,0.5210000000000001,0.8020000000000002,0.9280000000000002,
in_vivo_clearance,checkpoint_1,4,calibrated,15,5.0,20,16.0,20,0.4076295720988333,0.18281173862516878,0.43152825061744826,0.33380221214890476,0.5976360303796698,0.4617578737735749,0.538,0.8229999999999998,0.9400000000000002,
in_vivo_clearance,checkpoint_1,4,raw,15,5.0,20,16.0,20,0.4076295720988333,0.18281173862516878,0.43152825061744826,0.33380221214890476,0.5710906150234133,0.4491018493175506,0.5309999999999999,0.812,0.9390000000000001,
in_vivo_clearance,checkpoint_1,9,calibrated,15,10.0,20,16.0,20,0.508320264068207,0.24783130597323177,0.3931458563457518,0.30186808395385734,0.5096501759719632,0.44347491598129274,0.5800000000000001,0.833,0.9470000000000001,
in_vivo_clearance,checkpoint_1,9,raw,15,10.0,20,16.0,20,0.508320264068207,0.24783130597323177,0.3931458563457518,0.30186808395385734,0.4801136279708504,0.43124767351150506,0.569,0.82,0.9470000000000003,
in_vivo_clearance,consistent_average,0,calibrated,15,1.0,20,16.0,20,-0.08193129373209551,0.018438342213630672,0.5831931162043672,0.4436007564812899,0.9283273258441682,0.5409102597236634,0.518,0.7619999999999999,0.907,
in_vivo_clearance,consistent_average,0,raw,15,1.0,20,16.0,20,-0.08193129373209551,0.018438342213630672,0.5831931162043672,0.4436007564812899,0.9049015406386346,0.508272852897644,0.4959999999999999,0.7419999999999998,0.8950000000000001,
in_vivo_clearance,consistent_average,1,calibrated,15,2.0,20,16.0,20,0.11287740307139316,0.06621111303567885,0.5280856529818537,0.4151591300666332,0.814010716583842,0.5154957269430159,0.47699999999999987,0.778,0.921,
in_vivo_clearance,consistent_average,1,raw,15,2.0,20,16.0,20,0.11287740307139316,0.06621111303567885,0.5280856529818537,0.4151591300666332,0.8036109203059683,0.4853923563957213,0.45,0.753,0.906,
in_vivo_clearance,consistent_average,2,calibrated,15,3.0,20,16.0,20,0.2870256372413623,0.1600552462786436,0.4734231652003315,0.36994990611076356,0.6951872127386127,0.4959380351305008,0.5080000000000001,0.8,0.943,
in_vivo_clearance,consistent_average,2,raw,15,3.0,20,16.0,20,0.2870256372413623,0.1600552462786436,0.4734231652003315,0.36994990611076356,0.6825213067423732,0.4665855437517165,0.48500000000000004,0.778,0.922,
in_vivo_clearance,consistent_average,4,calibrated,15,5.0,20,16.0,20,0.41479583154664645,0.20604225602000947,0.42891008042707884,0.33256726619601246,0.5986690531726129,0.4762217355966568,0.5499999999999999,0.812,0.9480000000000002,
in_vivo_clearance,consistent_average,4,raw,15,5.0,20,16.0,20,0.41479583154664645,0.20604225602000947,0.42891008042707884,0.33256726619601246,0.5766889171432477,0.4477325478792191,0.525,0.796,0.9390000000000001,
in_vivo_clearance,consistent_average,9,calibrated,15,10.0,20,16.0,20,0.5096102596396286,0.2557273937761783,0.39262977904598034,0.30392265951633446,0.5221399843557177,0.45383589661121365,0.557,0.835,0.9460000000000001,
in_vivo_clearance,consistent_average,9,raw,15,10.0,20,16.0,20,0.5096102596396286,0.2557273937761783,0.39262977904598034,0.30392265951633446,0.495229263275964,0.42651674616336815,0.5389999999999999,0.8089999999999999,0.9450000000000001,
in_vivo_clearance,continued_reference,0,calibrated,15,1.0,20,16.0,20,-0.07590792909116306,0.04155524402856827,0.5815674641892863,0.44172856381535536,0.9311097611734398,0.5329388074874879,0.5089999999999999,0.763,0.9010000000000001,
in_vivo_clearance,continued_reference,0,raw,15,1.0,20,16.0,20,-0.07590792909116306,0.04155524402856827,0.5815674641892863,0.44172856381535536,0.8901804017229618,0.517980891942978,0.496,0.751,0.8970000000000002,
in_vivo_clearance,continued_reference,1,calibrated,15,2.0,20,16.0,20,0.21445459677753598,0.05927277106791736,0.4969334068885718,0.3842202220857143,0.7569063958114677,0.48925593471527096,0.5009999999999999,0.791,0.916,
in_vivo_clearance,continued_reference,1,raw,15,2.0,20,16.0,20,0.21445459677753598,0.05927277106791736,0.4969334068885718,0.3842202220857143,0.7282091287858449,0.47549451732635484,0.473,0.783,0.913,
in_vivo_clearance,continued_reference,2,calibrated,15,3.0,20,16.0,20,0.3362059170384947,0.1363896744698286,0.4568033037898263,0.35054450090229505,0.6575608748300948,0.47634481489658353,0.5309999999999999,0.8059999999999998,0.9350000000000002,
in_vivo_clearance,continued_reference,2,raw,15,3.0,20,16.0,20,0.3362059170384947,0.1363896744698286,0.4568033037898263,0.35054450090229505,0.6327657272731109,0.4626956824064254,0.5200000000000001,0.804,0.9280000000000002,
in_vivo_clearance,continued_reference,4,calibrated,15,5.0,20,16.0,20,0.4104971469671138,0.1720942114666104,0.4304825022918645,0.33302720993757245,0.5950989957075044,0.4603532950878143,0.538,0.8229999999999998,0.9400000000000002,
in_vivo_clearance,continued_reference,4,raw,15,5.0,20,16.0,20,0.4104971469671138,0.1720942114666104,0.4304825022918645,0.33302720993757245,0.5676893682268938,0.4469353694915771,0.5319999999999999,0.8150000000000001,0.937,
in_vivo_clearance,continued_reference,9,calibrated,15,10.0,20,16.0,20,0.5098111735929165,0.25733130596578124,0.3925493400848069,0.30129222452640525,0.5068821640170066,0.44137886905670154,0.5780000000000001,0.8310000000000001,0.9470000000000001,
in_vivo_clearance,continued_reference,9,raw,15,10.0,20,16.0,20,0.5098111735929165,0.25733130596578124,0.3925493400848069,0.30129222452640525,0.47696726651370414,0.4284686949253082,0.57,0.82,0.9460000000000003,
in_vivo_clearance,frozen_average,0,calibrated,15,1.0,20,16.0,20,-0.08140500200159018,0.04205524433404206,0.5830512555101067,0.4431854191422463,0.9042312222657142,0.5772992041110991,0.542,0.786,0.923,
in_vivo_clearance,frozen_average,0,raw,15,1.0,20,16.0,20,-0.08140500200159018,0.04205524433404206,0.5830512555101067,0.4431854191422463,0.896280205319832,0.5186093921661378,0.49400000000000005,0.749,0.8940000000000001,
in_vivo_clearance,frozen_average,1,calibrated,15,2.0,20,16.0,20,0.005655705163316593,0.0684643206745386,0.5590889914000265,0.4413846396207809,0.8788479341347536,0.5319306478500366,0.45899999999999996,0.755,0.9180000000000001,
in_vivo_clearance,frozen_average,1,raw,15,2.0,20,16.0,20,0.005655705163316593,0.0684643206745386,0.5590889914000265,0.4413846396207809,0.8876544683837121,0.47757164394855495,0.41600000000000004,0.7150000000000001,0.89,
in_vivo_clearance,frozen_average,2,calibrated,15,3.0,20,16.0,20,0.025001750147073953,0.1463896740600467,0.5536234353717793,0.43952357694506644,0.858709641091548,0.5185564545392991,0.4450000000000001,0.749,0.9160000000000001,
in_vivo_clearance,frozen_average,2,raw,15,3.0,20,16.0,20,0.025001750147073953,0.1463896740600467,0.5536234353717793,0.43952357694506644,0.8786947648243073,0.4652980648279191,0.40499999999999997,0.696,0.8899999999999999,
in_vivo_clearance,frozen_average,4,calibrated,15,5.0,20,16.0,20,0.01672285034398502,0.18231173861771818,0.5559689290281083,0.43541035318374643,0.8727139859727071,0.5022186537981035,0.465,0.7449999999999999,0.901,
in_vivo_clearance,frozen_average,4,raw,15,5.0,20,16.0,20,0.01672285034398502,0.18231173861771818,0.5559689290281083,0.43541035318374643,0.9001689355982607,0.45038877415657036,0.41600000000000004,0.701,0.875,
in_vivo_clearance,frozen_average,9,calibrated,15,10.0,20,16.0,20,-0.010289759947781363,0.2515618217363954,0.5635539827777355,0.44119202241301536,0.9168008307562518,0.48285293090343473,0.429,0.7129999999999999,0.892,
in_vivo_clearance,frozen_average,9,raw,15,10.0,20,16.0,20,-0.010289759947781363,0.2515618217363954,0.5635539827777355,0.44119202241301536,0.9584750987561355,0.4330154716968536,0.396,0.6559999999999999,0.8630000000000001,
in_vivo_clearance,trained_average,0,calibrated,15,1.0,20,16.0,20,-0.0883561262953696,0.02604225512593985,0.5849221409675355,0.44580738565325745,0.9447401694305004,0.5292131187915803,0.506,0.7579999999999999,0.9030000000000001,
in_vivo_clearance,trained_average,0,raw,15,1.0,20,16.0,20,-0.0883561262953696,0.02604225512593985,0.5849221409675355,0.44580738565325745,0.9111221031467188,0.5046019115447997,0.492,0.7409999999999999,0.891,
in_vivo_clearance,trained_average,1,calibrated,15,2.0,20,16.0,20,0.16991783887155354,0.06415915720164775,0.5108261109980037,0.40117622017860405,0.7912983191372602,0.5193504246473312,0.491,0.791,0.9259999999999999,
in_vivo_clearance,trained_average,1,raw,15,2.0,20,16.0,20,0.16991783887155354,0.06415915720164775,0.5108261109980037,0.40117622017860405,0.7638136173676415,0.49521205806732177,0.46900000000000003,0.7790000000000001,0.9110000000000001,
in_vivo_clearance,trained_average,2,calibrated,15,3.0,20,16.0,20,0.25327894841130916,0.12287668440490962,0.4844977286736322,0.38148702788352956,0.7262014876197862,0.5082127866744994,0.5029999999999999,0.8029999999999999,0.943,
in_vivo_clearance,trained_average,2,raw,15,3.0,20,16.0,20,0.25327894841130916,0.12287668440490962,0.4844977286736322,0.38148702788352956,0.7038620765647335,0.48428015744686126,0.483,0.7809999999999999,0.9340000000000002,
in_vivo_clearance,trained_average,4,calibrated,15,5.0,20,16.0,20,0.3352761367764153,0.16624679263681172,0.4571231153708525,0.35996365034580224,0.6634968166023306,0.49413427197933196,0.528,0.804,0.9500000000000002,
in_vivo_clearance,trained_average,4,raw,15,5.0,20,16.0,20,0.3352761367764153,0.16624679263681172,0.4571231153708525,0.35996365034580224,0.638862680528213,0.47056111657619476,0.514,0.795,0.9430000000000002,
in_vivo_clearance,trained_average,9,calibrated,15,10.0,20,16.0,20,0.3903796520658611,0.23784100662916896,0.43776624889042026,0.34479134845733644,0.6211536466798816,0.4775495370626449,0.514,0.808,0.9460000000000001,
in_vivo_clearance,trained_average,9,raw,15,10.0,20,16.0,20,0.3903796520658611,0.23784100662916896,0.43776624889042026,0.34479134845733644,0.5981800927861787,0.4546103692054748,0.49099999999999994,0.7949999999999999,0.9400000000000002,
microsomal_clearance,checkpoint_1,0,calibrated,15,1.0,311,183.0,311,0.07466235240959573,0.3096491745673168,0.620682860473454,0.4667718256209824,0.9583726260122566,0.636503929616554,0.5486816720257234,0.8065594855305466,0.9420578778135049,
microsomal_clearance,checkpoint_1,0,raw,15,1.0,311,183.0,311,0.07466235240959573,0.3096491745673168,0.620682860473454,0.4667718256209824,0.9402539871699586,0.6021835827444143,0.5297749196141479,0.790032154340836,0.9344051446945336,
microsomal_clearance,checkpoint_1,1,calibrated,15,2.0,311,183.0,311,0.3386769483610601,0.32515505337488276,0.5247186101425327,0.39128341054801385,0.7801437381193673,0.5114622584186566,0.5289389067524116,0.7944694533762058,0.9284887459807074,
microsomal_clearance,checkpoint_1,1,raw,15,2.0,311,183.0,311,0.3386769483610601,0.32515505337488276,0.5247186101425327,0.39128341054801385,0.7704049329252337,0.4851100240796325,0.5064308681672026,0.7759485530546624,0.9192282958199357,
microsomal_clearance,checkpoint_1,2,calibrated,15,3.0,311,183.0,311,0.43766032414807343,0.33623090572189374,0.4838591967200143,0.3586807504353799,0.6943862372555342,0.48552682068570246,0.5462379421221865,0.8084887459807074,0.9336977491961415,
microsomal_clearance,checkpoint_1,2,raw,15,3.0,311,183.0,311,0.43766032414807343,0.33623090572189374,0.4838591967200143,0.3586807504353799,0.6817663564552884,0.46036237415393444,0.5256591639871383,0.7909967845659164,0.9236655948553056,
microsomal_clearance,checkpoint_1,4,calibrated,15,5.0,311,183.0,311,0.521463547842351,0.36767736653565986,0.4463516553150436,0.3288046391993473,0.6135128966804743,0.4563214297616597,0.5615434083601286,0.8168488745980708,0.9367202572347266,
microsomal_clearance,checkpoint_1,4,raw,15,5.0,311,183.0,311,0.521463547842351,0.36767736653565986,0.4463516553150436,0.3288046391993473,0.5985813386122156,0.43249628346065994,0.5389067524115756,0.8010932475884245,0.929710610932476,
microsomal_clearance,checkpoint_1,9,calibrated,15,10.0,311,183.0,311,0.5996609210644022,0.4207334599877164,0.40825699051600883,0.2990329896675429,0.5199888787080255,0.4230903173182938,0.5657234726688103,0.8233440514469453,0.9427009646302251,
microsomal_clearance,checkpoint_1,9,raw,15,10.0,311,183.0,311,0.5996609210644022,0.4207334599877164,0.40825699051600883,0.2990329896675429,0.5042508494801085,0.40084464793803226,0.5463022508038585,0.810096463022508,0.9371061093247588,
microsomal_clearance,consistent_average,0,calibrated,15,1.0,311,183.0,311,0.08596700767131948,0.3076143457174061,0.6168798336575668,0.46380554040911876,0.9457789467634936,0.6191231172261131,0.5433440514469453,0.8019935691318328,0.9393569131832797,
microsomal_clearance,consistent_average,0,raw,15,1.0,311,183.0,311,0.08596700767131948,0.3076143457174061,0.6168798336575668,0.46380554040911876,0.9371582596822384,0.5657358094580304,0.5106109324758843,0.7716398713826367,0.9219935691318328,
microsomal_clearance,consistent_average,1,calibrated,15,2.0,311,183.0,311,0.27437637581179875,0.3245879981587707,0.5496362195315992,0.41188179390031804,0.8185106513481415,0.5473772504092029,0.535176848874598,0.7991639871382638,0.9339549839228297,
microsomal_clearance,consistent_average,1,raw,15,2.0,311,183.0,311,0.27437637581179875,0.3245879981587707,0.5496362195315992,0.41188179390031804,0.8160028855231193,0.5010679877762626,0.5009003215434082,0.7666881028938907,0.9158199356913185,
microsomal_clearance,consistent_average,2,calibrated,15,3.0,311,183.0,311,0.41430313105013206,0.3303078254192644,0.4938056880503003,0.36668713434428646,0.7130921806182088,0.5082629468586667,0.555369774919614,0.8138906752411575,0.9379421221864951,
microsomal_clearance,consistent_average,2,raw,15,3.0,311,183.0,311,0.41430313105013206,0.3303078254192644,0.4938056880503003,0.36668713434428646,0.7049458801693915,0.46503569034901465,0.5183279742765273,0.7838585209003215,0.9230868167202572,
microsomal_clearance,consistent_average,4,calibrated,15,5.0,311,183.0,311,0.5111690181328263,0.3629994122662555,0.4511271851990113,0.3338235039045956,0.6256403611076062,0.47081102619217136,0.5624437299035371,0.8224437299035371,0.9412861736334406,
microsomal_clearance,consistent_average,4,raw,15,5.0,311,183.0,311,0.5111690181328263,0.3629994122662555,0.4511271851990113,0.3338235039045956,0.6142379683652499,0.4305618340639439,0.5280385852090033,0.7963344051446947,0.9271382636655949,
microsomal_clearance,consistent_average,9,calibrated,15,10.0,311,183.0,311,0.588766787814387,0.4038571067381047,0.41377450522150633,0.30603384961077634,0.5400060176632149,0.43274490276716915,0.5632154340836013,0.8237942122186495,0.9429581993569132,
microsomal_clearance,consistent_average,9,raw,15,10.0,311,183.0,311,0.588766787814387,0.4038571067381047,0.41377450522150633,0.30603384961077634,0.5284057436963598,0.3956344317546612,0.5280385852090033,0.7958199356913184,0.9286173633440516,
microsomal_clearance,continued_reference,0,calibrated,15,1.0,311,183.0,311,0.07607442512856177,0.3091496462794018,0.6202090961349748,0.46617553260548705,0.9569232160199381,0.6331619686329095,0.5469453376205786,0.8056591639871382,0.9411575562700966,
microsomal_clearance,continued_reference,0,raw,15,1.0,311,183.0,311,0.07607442512856177,0.3091496462794018,0.6202090961349748,0.46617553260548705,0.9392456339987537,0.5965608361143008,0.5265594855305465,0.787459807073955,0.9333762057877812,
microsomal_clearance,continued_reference,1,calibrated,15,2.0,311,183.0,311,0.338746061189353,0.32656169045023103,0.5246911910659977,0.39113525878769795,0.7788327980354545,0.5130922154138325,0.5308681672025723,0.7952411575562701,0.929581993569132,
microsomal_clearance,continued_reference,1,raw,15,2.0,311,183.0,311,0.338746061189353,0.32656169045023103,0.5246911910659977,0.39113525878769795,0.7696032479461241,0.48482261371765867,0.5072668810289389,0.7762700964630225,0.9189067524115755,
microsomal_clearance,continued_reference,2,calibrated,15,3.0,311,183.0,311,0.43747692598439947,0.3374410064549025,0.48393809178819996,0.35860877059663604,0.6935900809423333,0.48719603244131393,0.5483601286173633,0.8102250803858522,0.9341479099678456,
microsomal_clearance,continued_reference,2,raw,15,3.0,311,183.0,311,0.43747692598439947,0.3374410064549025,0.48393809178819996,0.35860877059663604,0.6812383432278595,0.46024079698458364,0.5257877813504822,0.7917684887459807,0.9239871382636656,
microsomal_clearance,continued_reference,4,calibrated,15,5.0,311,183.0,311,0.521135643154973,0.3670792089325253,0.446504554572183,0.3287813621510263,0.6128390740968352,0.45801669839110787,0.5627652733118971,0.8183279742765274,0.9378778135048231,
microsomal_clearance,continued_reference,4,raw,15,5.0,311,183.0,311,0.521135643154973,0.3670792089325253,0.446504554572183,0.3287813621510263,0.598212901226451,0.43254855349132865,0.5395498392282958,0.8025080385852089,0.9299035369774921,
microsomal_clearance,continued_reference,9,calibrated,15,10.0,311,183.0,311,0.5992255641870425,0.4199189144316965,0.4084789138843415,0.2990714181226549,0.5194069993623153,0.4249228700794208,0.567781350482315,0.8250803858520901,0.9429581993569132,
microsomal_clearance,continued_reference,9,raw,15,10.0,311,183.0,311,0.5992255641870425,0.4199189144316965,0.4084789138843415,0.2990714181226549,0.5040679340309775,0.40119265941178295,0.5461736334405145,0.8101607717041802,0.9371704180064307,
microsomal_clearance,frozen_average,0,calibrated,15,1.0,311,183.0,311,0.07466235240959573,0.3096491745673168,0.620682860473454,0.4667718256209824,0.9649473154283396,0.725503467762202,0.6023794212218648,0.8532475884244372,0.9677813504823152,
microsomal_clearance,frozen_average,0,raw,15,1.0,311,183.0,311,0.07466235240959573,0.3096491745673168,0.620682860473454,0.4667718256209824,0.9402539871699586,0.6021835827444143,0.5297749196141479,0.790032154340836,0.9344051446945336,
microsomal_clearance,frozen_average,1,calibrated,15,2.0,311,183.0,311,0.09427748974971584,0.3230808768301247,0.6140690626321216,0.4600061688679975,0.9104599271189452,0.5835203330616476,0.5177491961414791,0.7819292604501608,0.9309967845659163,
microsomal_clearance,frozen_average,1,raw,15,2.0,311,183.0,311,0.09427748974971584,0.3230808768301247,0.6140690626321216,0.4600061688679975,0.957313244438828,0.48529678225133965,0.44610932475884246,0.7159485530546624,0.8799356913183278,
microsomal_clearance,frozen_average,2,calibrated,15,3.0,311,183.0,311,0.1493614912131085,0.33513361713321627,0.5951030235012517,0.44792209273461747,0.8801235858148871,0.5542994545433682,0.4996784565916399,0.7763344051446945,0.9284244372990355,
microsomal_clearance,frozen_average,2,raw,15,3.0,311,183.0,311,0.1493614912131085,0.33513361713321627,0.5951030235012517,0.44792209273461747,0.936027972970584,0.46089579289365806,0.432475884244373,0.702508038585209,0.8785852090032155,
microsomal_clearance,frozen_average,4,calibrated,15,5.0,311,183.0,311,0.17463733442667517,0.36726669412685614,0.5861949153603508,0.4430111201514768,0.8689658909009772,0.5215115241835739,0.47356913183279753,0.7572347266881029,0.9198713826366559,
microsomal_clearance,frozen_average,4,raw,15,5.0,311,183.0,311,0.17463733442667517,0.36726669412685614,0.5861949153603508,0.4430111201514768,0.9447583798855064,0.433512692689129,0.40874598070739554,0.6764630225080386,0.8681028938906753,
microsomal_clearance,frozen_average,9,calibrated,15,10.0,311,183.0,311,0.20683409931127683,0.42164846569273456,0.5746476757886172,0.4353643130738635,0.8599624829656982,0.48428689359468663,0.4495819935691318,0.7374276527331189,0.9066881028938906,
microsomal_clearance,frozen_average,9,raw,15,10.0,311,183.0,311,0.20683409931127683,0.42164846569273456,0.5746476757886172,0.4353643130738635,0.9604557457638647,0.40245701646498155,0.3836012861736334,0.6518327974276528,0.8498392282958198,
microsomal_clearance,trained_average,0,calibrated,15,1.0,311,183.0,311,0.07811674903082833,0.3087780096126059,0.619523235358789,0.4665009948132123,0.9500978845206621,0.6140490925350374,0.5360128617363343,0.7970418006430868,0.9369131832797427,
microsomal_clearance,trained_average,0,raw,15,1.0,311,183.0,311,0.07811674903082833,0.3087780096126059,0.619523235358789,0.4665009948132123,0.943242484849098,0.5654598794489428,0.505144694533762,0.7681672025723473,0.9207717041800644,
microsomal_clearance,trained_average,1,calibrated,15,2.0,311,183.0,311,0.32900969168975447,0.3216182609819165,0.5285398786529144,0.3962962961048367,0.7857094899569624,0.5411554023690545,0.5454662379421222,0.8117041800643087,0.9380064308681673,
microsomal_clearance,trained_average,1,raw,15,2.0,311,183.0,311,0.32900969168975447,0.3216182609819165,0.5285398786529144,0.3962962961048367,0.7786474440818645,0.4986693033758084,0.50983922829582,0.7833440514469453,0.922379421221865,
microsomal_clearance,trained_average,2,calibrated,15,3.0,311,183.0,311,0.41280350976748803,0.3328719531458339,0.4944374552285139,0.36973614282642525,0.714003110511227,0.5160402671930491,0.5506109324758842,0.8167845659163987,0.9419292604501609,
microsomal_clearance,trained_average,2,raw,15,3.0,311,183.0,311,0.41280350976748803,0.3328719531458339,0.4944374552285139,0.36973614282642525,0.7048602576290125,0.47542973911647246,0.5158842443729903,0.7911254019292604,0.9272025723472669,
microsomal_clearance,trained_average,4,calibrated,15,5.0,311,183.0,311,0.48081742566904284,0.3546220626594201,0.4649215647010079,0.34766378047573604,0.6521984823345898,0.48846724520925544,0.5513826366559484,0.820192926045016,0.9440514469453375,
microsomal_clearance,trained_average,4,raw,15,5.0,311,183.0,311,0.48081742566904284,0.3546220626594201,0.4649215647010079,0.34766378047573604,0.6425781939896398,0.4498698548948649,0.5186495176848874,0.7940192926045015,0.9311897106109326,
microsomal_clearance,trained_average,9,calibrated,15,10.0,311,183.0,311,0.5386264639255318,0.3789944575362842,0.43827427207127895,0.3287344613431734,0.5914157542034475,0.4578977844301143,0.5488102893890675,0.8189710610932477,0.9456591639871383,
microsomal_clearance,trained_average,9,raw,15,10.0,311,183.0,311,0.5386264639255318,0.3789944575362842,0.43827427207127895,0.3287344613431734,0.5826578336183843,0.4216343269547465,0.5145337620578777,0.7908038585209003,0.9320257234726689,
permeability,checkpoint_1,0,calibrated,15,1.0,72,62.0,72,0.13740746862705178,0.31300854488379426,0.7501567875082975,0.5559340221186478,1.0964114372825917,0.8111509894662433,0.5022222222222221,0.7936111111111112,0.9519444444444445,
permeability,checkpoint_1,0,raw,15,1.0,72,62.0,72,0.13740746862705178,0.31300854488379426,0.7501567875082975,0.5559340221186478,1.1108088516157897,0.6850054532951779,0.44166666666666665,0.7311111111111112,0.9169444444444443,
permeability,checkpoint_1,1,calibrated,15,2.0,72,62.0,72,0.39970588643337834,0.322939970333957,0.625793775012315,0.45934859658694926,0.9202292357501212,0.681676250927978,0.4947222222222223,0.7811111111111111,0.9477777777777777,
permeability,checkpoint_1,1,raw,15,2.0,72,62.0,72,0.39970588643337834,0.322939970333957,0.625793775012315,0.45934859658694926,0.9390863283431075,0.5763175837861166,0.43833333333333324,0.7241666666666666,0.9149999999999999,
permeability,checkpoint_1,2,calibrated,15,3.0,72,62.0,72,0.4764605613819628,0.3368271077155239,0.5844184228074661,0.427021944079962,0.8350493390244027,0.6469513058662415,0.5036111111111111,0.7925,0.9519444444444444,
permeability,checkpoint_1,2,raw,15,3.0,72,62.0,72,0.4764605613819628,0.3368271077155239,0.5844184228074661,0.427021944079962,0.8482609634294122,0.5468287775913874,0.4438888888888889,0.7308333333333334,0.9219444444444443,
permeability,checkpoint_1,4,calibrated,15,5.0,72,62.0,72,0.5522402469583354,0.3635288751580649,0.540470163160829,0.395626608779033,0.7531877468306433,0.6129009869694709,0.49944444444444447,0.8025,0.9588888888888888,
permeability,checkpoint_1,4,raw,15,5.0,72,62.0,72,0.5522402469583354,0.3635288751580649,0.540470163160829,0.395626608779033,0.7620289271354951,0.5178795353737142,0.44,0.7322222222222222,0.9344444444444444,
permeability,checkpoint_1,9,calibrated,15,10.0,72,62.0,72,0.6227297369005385,0.41038786569196317,0.4961071472977288,0.36287316739559167,0.6729803167599376,0.5727018040418623,0.5063888888888888,0.7997222222222222,0.9616666666666668,
permeability,checkpoint_1,9,raw,15,10.0,72,62.0,72,0.6227297369005385,0.41038786569196317,0.4961071472977288,0.36287316739559167,0.6787187526403523,0.4836958050727844,0.45055555555555554,0.7427777777777779,0.9347222222222223,
permeability,consistent_average,0,calibrated,15,1.0,72,62.0,72,0.13892657649076445,0.31044451276668245,0.7494959475414308,0.5548797951390346,1.0922606293942616,0.8271043999989828,0.5119444444444444,0.8011111111111111,0.9563888888888891,
permeability,consistent_average,0,raw,15,1.0,72,62.0,72,0.13892657649076445,0.31044451276668245,0.7494959475414308,0.5548797951390346,1.1142850035696348,0.6668749180436134,0.4325,0.7233333333333334,0.9113888888888889,
permeability,consistent_average,1,calibrated,15,2.0,72,62.0,72,0.33930377401974676,0.32411315310746436,0.6565232480170815,0.4884261656428376,0.973661901253959,0.7262957025898827,0.48916666666666664,0.7827777777777778,0.9511111111111111,
permeability,consistent_average,1,raw,15,2.0,72,62.0,72,0.33930377401974676,0.32411315310746436,0.6565232480170815,0.4884261656428376,1.0092216038828763,0.5859368360704846,0.41194444444444445,0.6941666666666667,0.9038888888888889,
permeability,consistent_average,2,calibrated,15,3.0,72,62.0,72,0.464208239025785,0.3451859407023423,0.5912174064123009,0.43437864303588863,0.8607320890965315,0.672565230263604,0.5063888888888889,0.7977777777777777,0.9558333333333332,
permeability,consistent_average,2,raw,15,3.0,72,62.0,72,0.464208239025785,0.3451859407023423,0.5912174064123009,0.43437864303588863,0.8853968766067077,0.5425194256504376,0.435,0.7083333333333334,0.9133333333333334,
permeability,consistent_average,4,calibrated,15,5.0,72,62.0,72,0.5458068611067142,0.3747478399529225,0.5443390375743006,0.4035176306135124,0.7784515753284271,0.6266021537780762,0.4944444444444446,0.7972222222222223,0.9611111111111111,
permeability,consistent_average,4,raw,15,5.0,72,62.0,72,0.5458068611067142,0.3747478399529225,0.5443390375743006,0.4035176306135124,0.8027595389688642,0.5053826517860096,0.4247222222222222,0.7075,0.921111111111111,
permeability,consistent_average,9,calibrated,15,10.0,72,62.0,72,0.6170918757770181,0.41185108120035785,0.49980027052966675,0.37320937943127414,0.7116120438224114,0.5782268124156528,0.48749999999999993,0.7869444444444444,0.9608333333333334,
permeability,consistent_average,9,raw,15,10.0,72,62.0,72,0.6170918757770181,0.41185108120035785,0.49980027052966675,0.37320937943127414,0.7398315922259209,0.4662398655050331,0.41861111111111104,0.701111111111111,0.9166666666666666,
permeability,continued_reference,0,calibrated,15,1.0,72,62.0,72,0.13552050444364105,0.31643477509626083,0.7509768419688255,0.5567899541391266,1.0991466217537464,0.8171517594655354,0.5047222222222223,0.7961111111111111,0.952777777777778,
permeability,continued_reference,0,raw,15,1.0,72,62.0,72,0.13552050444364105,0.31643477509626083,0.7509768419688255,0.5567899541391266,1.1124082892353298,0.6958911848068237,0.45305555555555554,0.7380555555555555,0.9197222222222222,
permeability,continued_reference,1,calibrated,15,2.0,72,62.0,72,0.40136178626916996,0.3249905164870951,0.6249300588826847,0.4590444868430495,0.9193070093563934,0.6732915144496494,0.4905555555555556,0.7769444444444444,0.9458333333333333,
permeability,continued_reference,1,raw,15,2.0,72,62.0,72,0.40136178626916996,0.3249905164870951,0.6249300588826847,0.4590444868430495,0.9383467345360196,0.5734424443708526,0.4375,0.7216666666666667,0.9127777777777778,
permeability,continued_reference,2,calibrated,15,3.0,72,62.0,72,0.47799744708197545,0.3397858436736796,0.5835599922956927,0.4265282177055875,0.83313900751681,0.638480006787512,0.5,0.7872222222222223,0.951111111111111,
permeability,continued_reference,2,raw,15,3.0,72,62.0,72,0.47799744708197545,0.3397858436736796,0.5835599922956927,0.4265282177055875,0.8469910551093569,0.5436554172303941,0.4391666666666667,0.7280555555555556,0.9227777777777777,
permeability,continued_reference,4,calibrated,15,5.0,72,62.0,72,0.5531345242316741,0.366755792653809,0.5399301729632884,0.3953407515419854,0.751661785396872,0.6045261116160288,0.4952777777777777,0.7969444444444445,0.9569444444444444,
permeability,continued_reference,4,raw,15,5.0,72,62.0,72,0.5531345242316741,0.366755792653809,0.5399301729632884,0.3953407515419854,0.7615202706116388,0.5145583431753847,0.43666666666666665,0.7286111111111111,0.9327777777777779,
permeability,continued_reference,9,calibrated,15,10.0,72,62.0,72,0.6232044112827899,0.4121862051077187,0.4957949527048558,0.3628575717078315,0.6714652454182019,0.5646901079018911,0.5016666666666666,0.7972222222222223,0.9599999999999999,
permeability,continued_reference,9,raw,15,10.0,72,62.0,72,0.6232044112827899,0.4121862051077187,0.4957949527048558,0.3628575717078315,0.6784902813959643,0.48041194629338047,0.44722222222222224,0.7394444444444443,0.9330555555555556,
permeability,frozen_average,0,calibrated,15,1.0,72,62.0,72,0.13740746862705178,0.31300854488379426,0.7501567875082975,0.5559340221186478,1.102703953511337,0.9025496052371133,0.5530555555555555,0.8266666666666667,0.9694444444444444,
permeability,frozen_average,0,raw,15,1.0,72,62.0,72,0.13740746862705178,0.31300854488379426,0.7501567875082975,0.5559340221186478,1.1108088516157897,0.6850054532951779,0.44166666666666665,0.7311111111111112,0.9169444444444443,
permeability,frozen_average,1,calibrated,15,2.0,72,62.0,72,0.19285595099873043,0.322470096198635,0.7256458585004032,0.5400726652973228,1.0725695579521433,0.7590272358059883,0.46861111111111103,0.7547222222222222,0.9452777777777778,
permeability,frozen_average,1,raw,15,2.0,72,62.0,72,0.19285595099873043,0.322470096198635,0.7256458585004032,0.5400726652973228,1.145799881152161,0.5766185802552435,0.37972222222222224,0.6444444444444444,0.8755555555555555,
permeability,frozen_average,2,calibrated,15,3.0,72,62.0,72,0.20642706472865446,0.3403425228885479,0.7195195859480985,0.5327770738717583,1.058166268852874,0.7208470711112023,0.46138888888888885,0.7416666666666666,0.9380555555555556,
permeability,frozen_average,2,raw,15,3.0,72,62.0,72,0.20642706472865446,0.3403425228885479,0.7195195859480985,0.5327770738717583,1.141365578543609,0.5474949250287479,0.37027777777777776,0.633888888888889,0.8655555555555556,
permeability,frozen_average,4,calibrated,15,5.0,72,62.0,72,0.18316720231616457,0.3709075031491617,0.7299880993149053,0.5454691881272528,1.0823105831299866,0.6834263035323885,0.41750000000000004,0.7161111111111111,0.9288888888888889,
permeability,frozen_average,4,raw,15,5.0,72,62.0,72,0.18316720231616457,0.3709075031491617,0.7299880993149053,0.5454691881272528,1.1949599884599447,0.5189839254650805,0.32305555555555554,0.5952777777777778,0.8466666666666667,
permeability,frozen_average,9,calibrated,15,10.0,72,62.0,72,0.2034470641458519,0.40849621022740995,0.7208692789200648,0.5363961648527119,1.0830858248550514,0.6393478422694736,0.4,0.6919444444444445,0.9138888888888889,
permeability,frozen_average,9,raw,15,10.0,72,62.0,72,0.2034470641458519,0.40849621022740995,0.7208692789200648,0.5363961648527119,1.2159634253294944,0.48534340788920716,0.31277777777777777,0.5719444444444444,0.8252777777777778,
permeability,trained_average,0,calibrated,15,1.0,72,62.0,72,0.13628759081185038,0.3102875830088225,0.7506435825051598,0.5556089644547966,1.0940909335455085,0.8073189296325047,0.5011111111111111,0.7941666666666667,0.951111111111111,
permeability,trained_average,0,raw,15,1.0,72,62.0,72,0.13628759081185038,0.3102875830088225,0.7506435825051598,0.5556089644547966,1.1148113342929538,0.6701944875717163,0.43555555555555553,0.723611111111111,0.9116666666666666,
permeability,trained_average,1,calibrated,15,2.0,72,62.0,72,0.390011213368716,0.3145186386692027,0.6308267804676432,0.4692252959228224,0.9383002760305305,0.7193723996811444,0.49694444444444436,0.7944444444444445,0.9538888888888888,
permeability,trained_average,1,raw,15,2.0,72,62.0,72,0.390011213368716,0.3145186386692027,0.6308267804676432,0.4692252959228224,0.9593608102695299,0.5975643727514479,0.4333333333333333,0.7244444444444444,0.9136111111111112,
permeability,trained_average,2,calibrated,15,3.0,72,62.0,72,0.4508744856289201,0.33791485095603596,0.5985287384139173,0.44330444316483203,0.8760624138033175,0.6855064331491787,0.5077777777777777,0.7899999999999999,0.9577777777777778,
permeability,trained_average,2,raw,15,3.0,72,62.0,72,0.4508744856289201,0.33791485095603596,0.5985287384139173,0.44330444316483203,0.8944422207125086,0.5693524391452471,0.43944444444444447,0.7177777777777777,0.9219444444444443,
permeability,trained_average,4,calibrated,15,5.0,72,62.0,72,0.4936686991517858,0.3594485184591678,0.5747335957175981,0.43030851940313974,0.8320742512464435,0.6538699208034411,0.49444444444444446,0.7886111111111112,0.9616666666666668,
permeability,trained_average,4,raw,15,5.0,72,62.0,72,0.4936686991517858,0.3594485184591678,0.5747335957175981,0.43030851940313974,0.8550098020591783,0.5430545193950336,0.42722222222222217,0.7111111111111111,0.9255555555555556,
permeability,trained_average,9,calibrated,15,10.0,72,62.0,72,0.5396081582899732,0.3709221095674568,0.5480409443288856,0.41072125882738164,0.7950639917586629,0.6158652662899758,0.47805555555555557,0.7725,0.9583333333333334,
permeability,trained_average,9,raw,15,10.0,72,62.0,72,0.5396081582899732,0.3709221095674568,0.5480409443288856,0.41072125882738164,0.8248305973559525,0.5113944581647715,0.42277777777777775,0.6944444444444444,0.9133333333333332,
protein_binding,checkpoint_1,0,calibrated,15,1.0,44,29.0,44,0.16620083959820486,0.5007749907503073,0.8489148307227187,0.5671590623801405,1.125002160829977,0.7166691656546159,0.45863636363636356,0.7595454545454546,0.93,
protein_binding,checkpoint_1,0,raw,15,1.0,44,29.0,44,0.16620083959820486,0.5007749907503073,0.8489148307227187,0.5671590623801405,1.1260603918862506,0.7132959981398149,0.459090909090909,0.7504545454545455,0.9309090909090908,
protein_binding,checkpoint_1,1,calibrated,15,2.0,44,29.0,44,0.37078517725608484,0.505632855359352,0.7374504867547498,0.471108188832348,0.9192498363441307,0.6149516965584321,0.46090909090909093,0.7681818181818184,0.9313636363636363,
protein_binding,checkpoint_1,1,raw,15,2.0,44,29.0,44,0.37078517725608484,0.505632855359352,0.7374504867547498,0.471108188832348,0.9206979126641919,0.6105685323476792,0.45999999999999996,0.7686363636363637,0.9295454545454546,
protein_binding,checkpoint_1,2,calibrated,15,3.0,44,29.0,44,0.39794197016920696,0.4990385074337775,0.7213608537567335,0.43492987680164247,0.8231922098953359,0.581087393543937,0.48181818181818187,0.7827272727272727,0.9372727272727274,
protein_binding,checkpoint_1,2,raw,15,3.0,44,29.0,44,0.39794197016920696,0.4990385074337775,0.7213608537567335,0.43492987680164247,0.8234912570061673,0.5769414959170601,0.4813636363636364,0.7813636363636366,0.9349999999999998,
protein_binding,checkpoint_1,4,calibrated,15,5.0,44,29.0,44,0.46626378576994953,0.5003597698597745,0.6791985179196197,0.4057046507298947,0.747814588758558,0.5459225877306678,0.48000000000000004,0.7895454545454546,0.9363636363636363,
protein_binding,checkpoint_1,4,raw,15,5.0,44,29.0,44,0.46626378576994953,0.5003597698597745,0.6791985179196197,0.4057046507298947,0.7484795115888034,0.542035796154629,0.47954545454545455,0.7868181818181817,0.9409090909090909,
protein_binding,checkpoint_1,9,calibrated,15,10.0,44,29.0,44,0.5269950423329927,0.522282836066954,0.6393905900953657,0.36772852220318536,0.6469880424325227,0.5038174099813808,0.4950000000000001,0.7922727272727272,0.935,
protein_binding,checkpoint_1,9,raw,15,10.0,44,29.0,44,0.5269950423329927,0.522282836066954,0.6393905900953657,0.36772852220318536,0.6471464611626191,0.500248407179659,0.4913636363636363,0.7854545454545455,0.9372727272727271,
protein_binding,consistent_average,0,calibrated,15,1.0,44,29.0,44,0.1615618392475362,0.49980117873373353,0.851273104725915,0.5672442609071731,1.1149589229342975,0.7232100274346092,0.4604545454545455,0.765909090909091,0.9331818181818181,
protein_binding,consistent_average,0,raw,15,1.0,44,29.0,44,0.1615618392475362,0.49980117873373353,0.851273104725915,0.5672442609071731,1.1197301273038478,0.6897169924866069,0.44272727272727275,0.7422727272727273,0.93,
protein_binding,consistent_average,1,calibrated,15,2.0,44,29.0,44,0.3361517209484445,0.5188889024496981,0.7574741404982693,0.5032387677783315,1.001668330037551,0.647015540708195,0.4422727272727273,0.7518181818181818,0.9231818181818183,
protein_binding,consistent_average,1,raw,15,2.0,44,29.0,44,0.3361517209484445,0.5188889024496981,0.7574741404982693,0.5032387677783315,1.005987709035502,0.6159645431691949,0.425,0.7354545454545455,0.9140909090909091,
protein_binding,consistent_average,2,calibrated,15,3.0,44,29.0,44,0.40343579405296126,0.5069158771329305,0.7180620756408153,0.4475323338942094,0.8611648537139721,0.6050838755477559,0.47272727272727283,0.786818181818182,0.9386363636363634,
protein_binding,consistent_average,2,raw,15,3.0,44,29.0,44,0.40343579405296126,0.5069158771329305,0.7180620756408153,0.4475323338942094,0.8627446588445803,0.5760169996998526,0.45772727272727276,0.7604545454545455,0.9331818181818181,
protein_binding,consistent_average,4,calibrated,15,5.0,44,29.0,44,0.485145519855097,0.5118379691954364,0.6670765012177738,0.4120219787819819,0.7730541180770036,0.5653369651057502,0.4763636363636364,0.7918181818181818,0.940909090909091,
protein_binding,consistent_average,4,raw,15,5.0,44,29.0,44,0.485145519855097,0.5118379691954364,0.6670765012177738,0.4120219787819819,0.7762511462018058,0.5382719286463478,0.4554545454545455,0.7713636363636365,0.9309090909090908,
protein_binding,consistent_average,9,calibrated,15,10.0,44,29.0,44,0.5400116580991017,0.5359917737995133,0.6305315271704839,0.3788438747958703,0.6929695383305243,0.5205535144155675,0.48000000000000004,0.7890909090909091,0.9340909090909091,
protein_binding,consistent_average,9,raw,15,10.0,44,29.0,44,0.5400116580991017,0.5359917737995133,0.6305315271704839,0.3788438747958703,0.6942841695760168,0.4956986753507094,0.46181818181818185,0.7745454545454545,0.9295454545454546,
protein_binding,continued_reference,0,calibrated,15,1.0,44,29.0,44,0.1641213253237549,0.5011306601999834,0.8499727780491193,0.5659336135875095,1.1193413754205113,0.7256872514161197,0.4668181818181818,0.7650000000000001,0.9318181818181818,
protein_binding,continued_reference,0,raw,15,1.0,44,29.0,44,0.1641213253237549,0.5011306601999834,0.8499727780491193,0.5659336135875095,1.1195358067298338,0.7236975661191073,0.47,0.756818181818182,0.9336363636363636,
protein_binding,continued_reference,1,calibrated,15,2.0,44,29.0,44,0.36975863499317596,0.5032081148728277,0.7380518041038081,0.47031629527156993,0.9178999252704472,0.6147797084938396,0.4627272727272727,0.7659090909090911,0.9304545454545454,
protein_binding,continued_reference,1,raw,15,2.0,44,29.0,44,0.36975863499317596,0.5032081148728277,0.7380518041038081,0.47031629527156993,0.9189066593264102,0.6117145893790505,0.4595454545454546,0.7695454545454546,0.9272727272727274,
protein_binding,continued_reference,2,calibrated,15,3.0,44,29.0,44,0.3940009554119135,0.4986612303521145,0.723717982526682,0.4343099533969705,0.8221937581547002,0.5813793370398608,0.4827272727272728,0.7840909090909091,0.9345454545454545,
protein_binding,continued_reference,2,raw,15,3.0,44,29.0,44,0.3940009554119135,0.4986612303521145,0.723717982526682,0.4343099533969705,0.8222979666169684,0.5784394451704893,0.4804545454545454,0.781818181818182,0.9354545454545454,
protein_binding,continued_reference,4,calibrated,15,5.0,44,29.0,44,0.4626270161065448,0.5010474923320792,0.6815085496395256,0.4050884409384294,0.7465038799344295,0.5464932784167202,0.4786363636363637,0.7886363636363637,0.9354545454545455,
protein_binding,continued_reference,4,raw,15,5.0,44,29.0,44,0.4626270161065448,0.5010474923320792,0.6815085496395256,0.4050884409384294,0.7468422893717684,0.5436818981170654,0.48000000000000004,0.7909090909090909,0.9377272727272726,
protein_binding,continued_reference,9,calibrated,15,10.0,44,29.0,44,0.5229121718559081,0.5232398463638894,0.6421441973134171,0.36748782182281664,0.647179691794138,0.5045504087751561,0.49636363636363645,0.7931818181818181,0.9354545454545455,
protein_binding,continued_reference,9,raw,15,10.0,44,29.0,44,0.5229121718559081,0.5232398463638894,0.6421441973134171,0.36748782182281664,0.6468733593724697,0.5019443844665181,0.49090909090909096,0.7909090909090909,0.9381818181818182,
protein_binding,frozen_average,0,calibrated,15,1.0,44,29.0,44,0.16620083959820486,0.5007749907503073,0.8489148307227187,0.5671590623801405,1.1169328559608844,0.79520765282891,0.4986363636363636,0.7959090909090908,0.9440909090909092,
protein_binding,frozen_average,0,raw,15,1.0,44,29.0,44,0.16620083959820486,0.5007749907503073,0.8489148307227187,0.5671590623801405,1.1260603918862506,0.7132959981398149,0.459090909090909,0.7504545454545455,0.9309090909090908,
protein_binding,frozen_average,1,calibrated,15,2.0,44,29.0,44,0.22113069249946937,0.5065301377382694,0.8204756359778181,0.5582191113314845,1.1110702281279725,0.6854153022982857,0.41954545454545455,0.7268181818181819,0.9177272727272728,
protein_binding,frozen_average,1,raw,15,2.0,44,29.0,44,0.22113069249946937,0.5065301377382694,0.8204756359778181,0.5582191113314845,1.1371070872220272,0.6117229801416397,0.3827272727272728,0.6877272727272727,0.8977272727272727,
protein_binding,frozen_average,2,calibrated,15,3.0,44,29.0,44,0.18903769506343515,0.4999180778522383,0.8372086909701315,0.5470242625068533,1.0809292128153098,0.648436023701321,0.4145454545454545,0.7218181818181818,0.9118181818181817,
protein_binding,frozen_average,2,raw,15,3.0,44,29.0,44,0.18903769506343515,0.4999180778522383,0.8372086909701315,0.5470242625068533,1.1070912683989196,0.5786783793839541,0.3822727272727272,0.6790909090909091,0.8881818181818182,
protein_binding,frozen_average,4,calibrated,15,5.0,44,29.0,44,0.2284969370546125,0.499376105398617,0.8165865482050624,0.5453004588593134,1.0897166529339186,0.6106117655472322,0.38318181818181823,0.6913636363636363,0.9068181818181817,
protein_binding,frozen_average,4,raw,15,5.0,44,29.0,44,0.2284969370546125,0.499376105398617,0.8165865482050624,0.5453004588593134,1.1255718897059876,0.5448650033365596,0.3477272727272727,0.6504545454545454,0.8809090909090908,
protein_binding,frozen_average,9,calibrated,15,10.0,44,29.0,44,0.27396967605465294,0.527751102846003,0.7921561061361645,0.5182980974763631,1.0482717740148995,0.5650914591008965,0.3836363636363637,0.6804545454545454,0.894090909090909,
protein_binding,frozen_average,9,raw,15,10.0,44,29.0,44,0.27396967605465294,0.527751102846003,0.7921561061361645,0.5182980974763631,1.0878976040668096,0.5042402930151332,0.3522727272727273,0.6418181818181818,0.8695454545454545,
protein_binding,trained_average,0,calibrated,15,1.0,44,29.0,44,0.16195311009816737,0.5019401189278473,0.8510744513036468,0.56602591578256,1.1188187457731802,0.719289531924508,0.4563636363636364,0.7645454545454544,0.929090909090909,
protein_binding,trained_average,0,raw,15,1.0,44,29.0,44,0.16195311009816737,0.5019401189278473,0.8510744513036468,0.56602591578256,1.1220050300358346,0.6914018807627937,0.4454545454545454,0.7427272727272727,0.9281818181818181,
protein_binding,trained_average,1,calibrated,15,2.0,44,29.0,44,0.3615922282212539,0.5162761882342624,0.7428180987911982,0.4859271264753558,0.954282949505751,0.6539397639036177,0.4645454545454545,0.7722727272727273,0.934090909090909,
protein_binding,trained_average,1,raw,15,2.0,44,29.0,44,0.3615922282212539,0.5162761882342624,0.7428180987911982,0.4859271264753558,0.957894725919071,0.6285288034785877,0.45454545454545464,0.7613636363636364,0.9254545454545454,
protein_binding,trained_average,2,calibrated,15,3.0,44,29.0,44,0.38209101469003226,0.5076609881594776,0.7307951381387537,0.4609136010841889,0.8810543330097697,0.6236291694641113,0.4768181818181819,0.7804545454545455,0.9386363636363636,
protein_binding,trained_average,2,raw,15,3.0,44,29.0,44,0.38209101469003226,0.5076609881594776,0.7307951381387537,0.4609136010841889,0.8812358317632935,0.5992978813431479,0.4595454545454546,0.7686363636363637,0.934090909090909,
protein_binding,trained_average,4,calibrated,15,5.0,44,29.0,44,0.4359608130924999,0.5131848886778408,0.6982131646157603,0.44128842883489344,0.830333009081392,0.5913963763822209,0.4645454545454545,0.78,0.94,
protein_binding,trained_average,4,raw,15,5.0,44,29.0,44,0.4359608130924999,0.5131848886778408,0.6982131646157603,0.44128842883489344,0.8321032964669359,0.5682961908253757,0.45,0.7690909090909094,0.9309090909090908,
protein_binding,trained_average,9,calibrated,15,10.0,44,29.0,44,0.48607497385721743,0.5335668225349349,0.6664741009028771,0.41185883267359297,0.7606746683946759,0.5530317826162686,0.47272727272727266,0.7840909090909091,0.9354545454545454,
protein_binding,trained_average,9,raw,15,10.0,44,29.0,44,0.48607497385721743,0.5335668225349349,0.6664741009028771,0.41185883267359297,0.7594482720280564,0.5313273894244974,0.4613636363636365,0.7740909090909092,0.9336363636363636,
cellular_clearance,checkpoint_1,0,calibrated,20,1.0,50,33.0,50,0.0848181199304161,0.3213280455619097,0.634337912949672,0.4794677963554859,0.9705458131772466,0.6437317313194275,0.4608,0.7472000000000001,0.9332,
cellular_clearance,checkpoint_1,0,raw,20,1.0,50,33.0,50,0.0848181199304161,0.3213280455619097,0.634337912949672,0.4794677963554859,0.9756061912171425,0.6064029863357543,0.43760000000000004,0.7288,0.9244,
cellular_clearance,checkpoint_1,1,calibrated,20,2.0,50,33.0,50,0.35434550280611865,0.3295900821685791,0.5328034799912106,0.405540585720539,0.7886575357841673,0.5511180512905121,0.4439999999999999,0.7644,0.9416,
cellular_clearance,checkpoint_1,1,raw,20,2.0,50,33.0,50,0.35434550280611865,0.3295900821685791,0.5328034799912106,0.405540585720539,0.7945392005150523,0.5198523799419402,0.424,0.7384000000000001,0.9328,
cellular_clearance,checkpoint_1,2,calibrated,20,3.0,50,33.0,50,0.43676139494246446,0.34431194704771045,0.4976375802590085,0.3715214651644229,0.7013217288691128,0.526926754617691,0.47440000000000004,0.7812,0.9451999999999999,
cellular_clearance,checkpoint_1,2,raw,20,3.0,50,33.0,50,0.43676139494246446,0.34431194704771045,0.4976375802590085,0.3715214651644229,0.7040928004383451,0.49706454572677605,0.4527999999999999,0.7576,0.9356,
cellular_clearance,checkpoint_1,4,calibrated,20,5.0,50,33.0,50,0.4969259579464722,0.3810801043510436,0.47030859647204987,0.35069818459153174,0.6344654519641715,0.503751253414154,0.4792,0.7883999999999999,0.9472,
cellular_clearance,checkpoint_1,4,raw,20,5.0,50,33.0,50,0.4969259579464722,0.3810801043510436,0.47030859647204987,0.35069818459153174,0.6370604073130353,0.47532345261573783,0.4572,0.7696000000000001,0.9420000000000001,
cellular_clearance,checkpoint_1,9,calibrated,20,10.0,50,33.0,50,0.5650050871063506,0.4383714652061462,0.4373297799375127,0.3204972306728363,0.5502252479619356,0.4770308494091033,0.5032,0.8028,0.9503999999999999,
cellular_clearance,checkpoint_1,9,raw,20,10.0,50,33.0,50,0.5650050871063506,0.4383714652061462,0.4373297799375127,0.3204972306728363,0.5493788085532164,0.4501401103496552,0.4828,0.7787999999999998,0.9440000000000001,
cellular_clearance,consistent_average,0,calibrated,20,1.0,50,33.0,50,0.09308426129342906,0.31547906376421453,0.6314666690214811,0.4760948554039002,0.9592430891999132,0.6397860710144044,0.46480000000000005,0.7476,0.9336,
cellular_clearance,consistent_average,0,raw,20,1.0,50,33.0,50,0.09308426129342906,0.31547906376421453,0.6314666690214811,0.4760948554039002,0.9655470405766533,0.5870496006965638,0.43520000000000003,0.7172000000000002,0.92,
cellular_clearance,consistent_average,1,calibrated,20,2.0,50,33.0,50,0.2602066436050814,0.3322074371129274,0.5703246938283688,0.43429636849164965,0.8603259165184584,0.5710863831520081,0.43160000000000004,0.7331999999999997,0.9392,
cellular_clearance,consistent_average,1,raw,20,2.0,50,33.0,50,0.2602066436050814,0.3322074371129274,0.5703246938283688,0.43429636849164965,0.872741695803407,0.5242967598438263,0.4,0.698,0.9256,
cellular_clearance,consistent_average,2,calibrated,20,3.0,50,33.0,50,0.39280671061199546,0.34276307706534864,0.5166904614181729,0.38709192611575133,0.7440807982683566,0.537819769525528,0.4672,0.7739999999999999,0.9403999999999999,
cellular_clearance,consistent_average,2,raw,20,3.0,50,33.0,50,0.39280671061199546,0.34276307706534864,0.5166904614181729,0.38709192611575133,0.7491561304402506,0.4935384402751922,0.43479999999999996,0.7412000000000001,0.9275999999999999,
cellular_clearance,consistent_average,4,calibrated,20,5.0,50,33.0,50,0.47670345604766695,0.37622595597803604,0.479668164999351,0.3626856724321842,0.6722224988410745,0.5115826282978058,0.45959999999999995,0.7816000000000001,0.9496000000000001,
cellular_clearance,consistent_average,4,raw,20,5.0,50,33.0,50,0.47670345604766695,0.37622595597803604,0.479668164999351,0.3626856724321842,0.6754948466263458,0.4693985327243804,0.4296,0.75,0.9416,
cellular_clearance,consistent_average,9,calibrated,20,10.0,50,33.0,50,0.551372321302458,0.4371752865314483,0.44412988239740253,0.3319824267208576,0.5848208467284166,0.4835964297294617,0.47559999999999997,0.7912,0.9551999999999999,
cellular_clearance,consistent_average,9,raw,20,10.0,50,33.0,50,0.551372321302458,0.4371752865314483,0.44412988239740253,0.3319824267208576,0.5834690368838754,0.4436186272621155,0.44239999999999996,0.7664000000000002,0.9464,
cellular_clearance,continued_reference,0,calibrated,20,1.0,50,33.0,50,0.0847303148145443,0.3206516151428223,0.6343683422988905,0.47905508269071584,0.9674232558956917,0.6422157733917238,0.4608,0.7476,0.9348000000000001,
cellular_clearance,continued_reference,0,raw,20,1.0,50,33.0,50,0.0847303148145443,0.3206516151428223,0.6343683422988905,0.47905508269071584,0.9710095195813031,0.6053829445838927,0.43800000000000006,0.7292000000000001,0.9256,
cellular_clearance,continued_reference,1,calibrated,20,2.0,50,33.0,50,0.3531285978891874,0.33407990437746043,0.5333053474440348,0.40600210142135623,0.7914445227814862,0.5466689733505249,0.4415999999999999,0.7608,0.9408,
cellular_clearance,continued_reference,1,raw,20,2.0,50,33.0,50,0.3531285978891874,0.33407990437746043,0.5333053474440348,0.40600210142135623,0.7956056619248709,0.5157173610687256,0.42119999999999996,0.7352,0.9324000000000001,
cellular_clearance,continued_reference,2,calibrated,20,3.0,50,33.0,50,0.4365017847684337,0.3427989578992128,0.4977522535912236,0.37195107229948043,0.703302729191777,0.5226722925186157,0.47159999999999996,0.7776,0.944,
cellular_clearance,continued_reference,2,raw,20,3.0,50,33.0,50,0.4365017847684337,0.3427989578992128,0.4977522535912236,0.37195107229948043,0.7044644996821122,0.4930763979434966,0.4503999999999999,0.7536,0.9364000000000001,
cellular_clearance,continued_reference,4,calibrated,20,5.0,50,33.0,50,0.4973979900836989,0.3802599250972271,0.47008790045772936,0.3508069984912872,0.6357155535101439,0.49986565995216375,0.4759999999999999,0.7856000000000001,0.948,
cellular_clearance,continued_reference,4,raw,20,5.0,50,33.0,50,0.4973979900836989,0.3802599250972271,0.47008790045772936,0.3508069984912872,0.6364621523142815,0.47166642136573794,0.45399999999999996,0.7656000000000001,0.9403999999999999,
cellular_clearance,continued_reference,9,calibrated,20,10.0,50,33.0,50,0.5653869962231989,0.4408394616097212,0.43713775826031376,0.3205816051602363,0.5511367672374599,0.47356789627075185,0.502,0.8007999999999998,0.9488,
cellular_clearance,continued_reference,9,raw,20,10.0,50,33.0,50,0.5653869962231989,0.4408394616097212,0.43713775826031376,0.3205816051602363,0.5484662856111898,0.44684961028099063,0.48039999999999994,0.7759999999999999,0.9440000000000001,
cellular_clearance,frozen_average,0,calibrated,20,1.0,50,33.0,50,0.0848181199304161,0.3213280455619097,0.634337912949672,0.4794677963554859,0.9677800582988704,0.7109550539970396,0.49759999999999993,0.7859999999999999,0.9495999999999999,
cellular_clearance,frozen_average,0,raw,20,1.0,50,33.0,50,0.0848181199304161,0.3213280455619097,0.634337912949672,0.4794677963554859,0.9756061912171425,0.6064029863357543,0.43760000000000004,0.7288,0.9244,
cellular_clearance,frozen_average,1,calibrated,20,2.0,50,33.0,50,0.12651661229792865,0.33153883768618103,0.6197182523450968,0.46960611772537225,0.937149603461765,0.6090087473392487,0.42879999999999996,0.7260000000000001,0.9391999999999999,
cellular_clearance,frozen_average,1,raw,20,2.0,50,33.0,50,0.12651661229792865,0.33153883768618103,0.6197182523450968,0.46960611772537225,0.974656033231705,0.5198194213867187,0.3728000000000001,0.6584,0.9048,
cellular_clearance,frozen_average,2,calibrated,20,3.0,50,33.0,50,0.14103600100617464,0.35298766110837465,0.6145460669580534,0.46568091214895246,0.9356218823506766,0.5826663544178009,0.4159999999999999,0.7248,0.9251999999999999,
cellular_clearance,frozen_average,2,raw,20,3.0,50,33.0,50,0.14103600100617464,0.35298766110837465,0.6145460669580534,0.46568091214895246,0.9784671373121165,0.49721978783607484,0.3592,0.6596000000000001,0.8904,
cellular_clearance,frozen_average,4,calibrated,20,5.0,50,33.0,50,0.11892652069160536,0.37849058422446247,0.6224049343953376,0.4744830950856209,0.9732473345691139,0.557448209810257,0.4,0.6891999999999999,0.9084,
cellular_clearance,frozen_average,4,raw,20,5.0,50,33.0,50,0.11892652069160536,0.37849058422446247,0.6224049343953376,0.4744830950856209,1.0281427762751552,0.4756820896625518,0.3424000000000001,0.6244,0.8680000000000001,
cellular_clearance,frozen_average,9,calibrated,20,10.0,50,33.0,50,0.09888596347151335,0.43336250774562357,0.6294436257798062,0.4775192697405815,0.9994178371908599,0.5285350122928619,0.3836,0.6708,0.8904000000000001,
cellular_clearance,frozen_average,9,raw,20,10.0,50,33.0,50,0.09888596347151335,0.43336250774562357,0.6294436257798062,0.4775192697405815,1.0646803296860878,0.45089182920455934,0.3256,0.6080000000000001,0.8376,
cellular_clearance,trained_average,0,calibrated,20,1.0,50,33.0,50,0.09660443154952825,0.31662040297687055,0.6302399666439309,0.4753449311494828,0.9642661787957733,0.6296246470451354,0.45159999999999995,0.7432,0.9288,
cellular_clearance,trained_average,0,raw,20,1.0,50,33.0,50,0.09660443154952825,0.31662040297687055,0.6302399666439309,0.4753449311494828,0.9719717024138999,0.5821202778816223,0.4295999999999999,0.7195999999999999,0.9159999999999999,
cellular_clearance,trained_average,1,calibrated,20,2.0,50,33.0,50,0.32834420121199337,0.331462793007493,0.5434259169751744,0.4156961751699448,0.8108882020366524,0.5697077299118042,0.44439999999999996,0.7579999999999998,0.9488,
cellular_clearance,trained_average,1,raw,20,2.0,50,33.0,50,0.32834420121199337,0.331462793007493,0.5434259169751744,0.4156961751699448,0.8209255726425932,0.5277562648773193,0.4200000000000001,0.7292000000000001,0.9372,
cellular_clearance,trained_average,2,calibrated,20,3.0,50,33.0,50,0.39208338848895563,0.3351060207039118,0.5169981249013283,0.3927591449141502,0.7527667737605568,0.5481862530708314,0.4611999999999999,0.7708000000000002,0.9468,
cellular_clearance,trained_average,2,raw,20,3.0,50,33.0,50,0.39208338848895563,0.3351060207039118,0.5169981249013283,0.3927591449141502,0.7604801729421028,0.5077527466297149,0.43520000000000003,0.7436,0.936,
cellular_clearance,trained_average,4,calibrated,20,5.0,50,33.0,50,0.43912702456700303,0.34947398748993874,0.4965914295725021,0.38026849941611296,0.7152656637483642,0.5295741350650788,0.4572,0.7736000000000002,0.9495999999999999,
cellular_clearance,trained_average,4,raw,20,5.0,50,33.0,50,0.43912702456700303,0.34947398748993874,0.4965914295725021,0.38026849941611296,0.7241826920204787,0.49061242551803586,0.42400000000000004,0.7463999999999998,0.9403999999999999,
cellular_clearance,trained_average,9,calibrated,20,10.0,50,33.0,50,0.4789767392078611,0.38767691045999525,0.4786251537326985,0.3642523322701454,0.6704830426517071,0.5086950849056244,0.4592,0.7792000000000001,0.9547999999999999,
cellular_clearance,trained_average,9,raw,20,10.0,50,33.0,50,0.4789767392078611,0.38767691045999525,0.4786251537326985,0.3642523322701454,0.6781472556436543,0.47120336408615116,0.4272000000000001,0.7432,0.9412,
efflux,checkpoint_1,0,calibrated,20,1.0,26,25.0,26,0.11778445240457203,0.22076137995777223,0.7590783971210575,0.5656022948026658,1.1162075595054346,0.7340647180263814,0.4507692307692308,0.7453846153846153,0.9315384615384615,
efflux,checkpoint_1,0,raw,20,1.0,26,25.0,26,0.11778445240457203,0.22076137995777223,0.7590783971210575,0.5656022948026658,1.1470795076645162,0.6526366153130164,0.42538461538461536,0.6976923076923077,0.9046153846153846,
efflux,checkpoint_1,1,calibrated,20,2.0,26,25.0,26,0.3311245209448159,0.24790187890713034,0.6609550357194276,0.48565277457237244,0.9684280234433568,0.6073445149568412,0.4230769230769231,0.7223076923076922,0.9084615384615385,
efflux,checkpoint_1,1,raw,20,2.0,26,25.0,26,0.3311245209448159,0.24790187890713034,0.6609550357194276,0.48565277457237244,1.00597744114821,0.5403403988251319,0.38538461538461544,0.6784615384615384,0.8761538461538461,
efflux,checkpoint_1,2,calibrated,20,3.0,26,25.0,26,0.4776892814534862,0.2987917360778038,0.5840684500868993,0.4280109939896143,0.8337505013560402,0.5813201518242175,0.45153846153846156,0.7546153846153845,0.9223076923076923,
efflux,checkpoint_1,2,raw,20,3.0,26,25.0,26,0.4776892814534862,0.2987917360778038,0.5840684500868993,0.4280109939896143,0.8542949698622591,0.5169152936568627,0.4176923076923077,0.7092307692307693,0.9015384615384616,
efflux,checkpoint_1,4,calibrated,20,5.0,26,25.0,26,0.5587964144881961,0.34405606005054246,0.5368077717746972,0.39339447736740113,0.7474330050250984,0.552358719752385,0.4676923076923077,0.76,0.9299999999999998,
efflux,checkpoint_1,4,raw,20,5.0,26,25.0,26,0.5587964144881961,0.34405606005054246,0.5368077717746972,0.39339447736740113,0.7675437564557313,0.4912131450726435,0.42538461538461525,0.7176923076923077,0.9107692307692309,
efflux,checkpoint_1,9,calibrated,20,10.0,26,25.0,26,0.6552667449141548,0.433498756472881,0.47450508220409426,0.3478542786836624,0.6215742091493404,0.5164748541208414,0.48384615384615387,0.7776923076923077,0.9407692307692308,
efflux,checkpoint_1,9,raw,20,10.0,26,25.0,26,0.6552667449141548,0.433498756472881,0.47450508220409426,0.3478542786836624,0.635835934221653,0.4595875354913565,0.44999999999999996,0.7346153846153846,0.92,
efflux,consistent_average,0,calibrated,20,1.0,26,25.0,26,0.11531736173642648,0.2060807748626058,0.7601390266994892,0.5657496874836775,1.1104457892958366,0.7536489108892588,0.45846153846153853,0.7523076923076926,0.9407692307692308,
efflux,consistent_average,0,raw,20,1.0,26,25.0,26,0.11531736173642648,0.2060807748626058,0.7601390266994892,0.5657496874836775,1.1488403983808255,0.6406397852530845,0.423076923076923,0.6923076923076923,0.8969230769230769,
efflux,consistent_average,1,calibrated,20,2.0,26,25.0,26,0.23688287029422128,0.23517092397579778,0.7059840338335545,0.5169728352244083,1.0296185710984205,0.6456370706741625,0.43461538461538457,0.7030769230769229,0.9130769230769231,
efflux,consistent_average,1,raw,20,2.0,26,25.0,26,0.23688287029422128,0.23517092397579778,0.7059840338335545,0.5169728352244083,1.0812077727061546,0.5485458607857044,0.3792307692307692,0.643076923076923,0.8723076923076925,
efflux,consistent_average,2,calibrated,20,3.0,26,25.0,26,0.43244267899126687,0.27350535163512596,0.6088413542408094,0.44817757033384764,0.8805419720215139,0.6101612588992485,0.43769230769230766,0.7553846153846154,0.9199999999999999,
efflux,consistent_average,2,raw,20,3.0,26,25.0,26,0.43244267899126687,0.27350535163512596,0.6088413542408094,0.44817757033384764,0.9094182286360623,0.5185630323795173,0.37692307692307686,0.6900000000000001,0.8953846153846154,
efflux,consistent_average,4,calibrated,20,5.0,26,25.0,26,0.5277966991389638,0.32392634015816907,0.5553461783060898,0.4115893456110587,0.8053194733397224,0.5666855381085323,0.44461538461538463,0.7461538461538463,0.9261538461538461,
efflux,consistent_average,4,raw,20,5.0,26,25.0,26,0.5277966991389638,0.32392634015816907,0.5553461783060898,0.4115893456110587,0.8457114454714618,0.48198219533150016,0.3892307692307692,0.676923076923077,0.8969230769230769,
efflux,consistent_average,9,calibrated,20,10.0,26,25.0,26,0.6248670908444525,0.4131225030582685,0.494984797651922,0.36932814414684584,0.6910206769846379,0.523664697775474,0.4476923076923077,0.7576923076923078,0.9299999999999998,
efflux,consistent_average,9,raw,20,10.0,26,25.0,26,0.6248670908444525,0.4131225030582685,0.494984797651922,0.36932814414684584,0.7304477941478462,0.44573416613615474,0.3938461538461538,0.686153846153846,0.9007692307692307,
efflux,continued_reference,0,calibrated,20,1.0,26,25.0,26,0.1167127970543802,0.21749714537022205,0.7595392955605147,0.5664047035345664,1.117791690099391,0.7322136083016028,0.45153846153846156,0.7446153846153846,0.9307692307692306,
efflux,continued_reference,0,raw,20,1.0,26,25.0,26,0.1167127970543802,0.21749714537022205,0.7595392955605147,0.5664047035345664,1.1476466778284131,0.6474689116844764,0.41307692307692306,0.693076923076923,0.8999999999999999,
efflux,continued_reference,1,calibrated,20,2.0,26,25.0,26,0.3288698792756277,0.25188878662884234,0.6620680702977183,0.4865499196831996,0.9724628552179956,0.6073382697655604,0.4238461538461538,0.72,0.9076923076923078,
efflux,continued_reference,1,raw,20,2.0,26,25.0,26,0.3288698792756277,0.25188878662884234,0.6620680702977183,0.4865499196831996,1.0125797032444557,0.538482425396259,0.3884615384615385,0.6761538461538461,0.8761538461538461,
efflux,continued_reference,2,calibrated,20,3.0,26,25.0,26,0.47641651365163584,0.29580560848116877,0.5847796466718964,0.4285823255548109,0.8368872989309074,0.5809043395519257,0.4507692307692307,0.7538461538461537,0.9184615384615384,
efflux,continued_reference,2,raw,20,3.0,26,25.0,26,0.47641651365163584,0.29580560848116877,0.5847796466718964,0.4285823255548109,0.8601284202085535,0.5148317551612853,0.41384615384615386,0.7046153846153846,0.8992307692307693,
efflux,continued_reference,4,calibrated,20,5.0,26,25.0,26,0.5580093354955101,0.3413937278091907,0.5372863737957029,0.3937596785563689,0.7505557621927867,0.5519335216742295,0.4676923076923077,0.76,0.9276923076923077,
efflux,continued_reference,4,raw,20,5.0,26,25.0,26,0.5580093354955101,0.3413937278091907,0.5372863737957029,0.3937596785563689,0.7725205959156118,0.4891412591017209,0.42076923076923073,0.713076923076923,0.9076923076923078,
efflux,continued_reference,9,calibrated,20,10.0,26,25.0,26,0.6548054561304755,0.43157567937786756,0.4748224445351428,0.3482040336498847,0.6248674671594785,0.5160991172607129,0.4807692307692308,0.776153846153846,0.9392307692307693,
efflux,continued_reference,9,raw,20,10.0,26,25.0,26,0.6548054561304755,0.43157567937786756,0.4748224445351428,0.3482040336498847,0.6403809820117952,0.45762187971518586,0.4446153846153846,0.7315384615384615,0.9184615384615386,
efflux,frozen_average,0,calibrated,20,1.0,26,25.0,26,0.11778445240457203,0.22076137995777223,0.7590783971210575,0.5656022948026658,1.1111215438320996,0.8249068704018226,0.49999999999999994,0.7861538461538462,0.956923076923077,
efflux,frozen_average,0,raw,20,1.0,26,25.0,26,0.11778445240457203,0.22076137995777223,0.7590783971210575,0.5656022948026658,1.1470795076645162,0.6526366153130164,0.42538461538461536,0.6976923076923077,0.9046153846153846,
efflux,frozen_average,1,calibrated,20,2.0,26,25.0,26,0.16539584863105072,0.24568158104442636,0.7383113562749299,0.5447848865389824,1.0708478465608384,0.6832191469119144,0.4261538461538461,0.6976923076923077,0.9276923076923076,
efflux,frozen_average,1,raw,20,2.0,26,25.0,26,0.16539584863105072,0.24568158104442636,0.7383113562749299,0.5447848865389824,1.1523981871825884,0.5408805418014526,0.35153846153846163,0.6138461538461538,0.856923076923077,
efflux,frozen_average,2,calibrated,20,3.0,26,25.0,26,0.2720119598070533,0.30668582343138184,0.689543073811366,0.5196966555256111,1.0356257875734705,0.653684344291687,0.39538461538461533,0.713076923076923,0.9246153846153847,
efflux,frozen_average,2,raw,20,3.0,26,25.0,26,0.2720119598070533,0.30668582343138184,0.689543073811366,0.5196966555256111,1.1065530212931367,0.5173392882713904,0.31153846153846154,0.6215384615384616,0.8553846153846154,
efflux,frozen_average,4,calibrated,20,5.0,26,25.0,26,0.3071308921464969,0.3501101631098068,0.6727053435143614,0.5134639361959237,1.0585975526624334,0.6217263783858372,0.3815384615384615,0.6823076923076923,0.9076923076923078,
efflux,frozen_average,4,raw,20,5.0,26,25.0,26,0.3071308921464969,0.3501101631098068,0.6727053435143614,0.5134639361959237,1.151729418284875,0.49210924038520226,0.31461538461538463,0.58,0.8399999999999999,
efflux,frozen_average,9,calibrated,20,10.0,26,25.0,26,0.335166144107492,0.4374976609188777,0.6589551277946742,0.5030397437627498,1.0333334368094171,0.5819141381520491,0.35615384615384615,0.6676923076923078,0.9038461538461539,
efflux,frozen_average,9,raw,20,10.0,26,25.0,26,0.335166144107492,0.4374976609188777,0.6589551277946742,0.5030397437627498,1.149095615298576,0.46092324990492595,0.2915384615384615,0.5630769230769231,0.8276923076923077,
efflux,trained_average,0,calibrated,20,1.0,26,25.0,26,0.11640558840064441,0.20737197492271658,0.7596713685479031,0.5659216050001292,1.118269063525553,0.7252492075700026,0.4446153846153847,0.7423076923076922,0.9307692307692308,
efflux,trained_average,0,raw,20,1.0,26,25.0,26,0.11640558840064441,0.20737197492271658,0.7596713685479031,0.5659216050001292,1.1516960508511538,0.6382603999284597,0.42769230769230765,0.6846153846153846,0.8984615384615384,
efflux,trained_average,1,calibrated,20,2.0,26,25.0,26,0.2737880322701147,0.22737869961330526,0.6887014210145905,0.5044269539988957,1.0015340366976628,0.6334215196279379,0.4292307692307693,0.7200000000000001,0.9084615384615385,
efflux,trained_average,1,raw,20,2.0,26,25.0,26,0.2737880322701147,0.22737869961330526,0.6887014210145905,0.5044269539988957,1.042389992287446,0.5578986134895911,0.3861538461538462,0.6676923076923076,0.8807692307692309,
efflux,trained_average,2,calibrated,20,3.0,26,25.0,26,0.4076681427104475,0.2739684530175649,0.6219877389660087,0.4632203932106495,0.9122504730653774,0.6116059785622817,0.41769230769230775,0.7553846153846154,0.9184615384615384,
efflux,trained_average,2,raw,20,3.0,26,25.0,26,0.4076681427104475,0.2739684530175649,0.6219877389660087,0.4632203932106495,0.933887929475632,0.538218798820789,0.36846153846153845,0.6992307692307693,0.9015384615384616,
efflux,trained_average,4,calibrated,20,5.0,26,25.0,26,0.48297670192097875,0.32475115255667614,0.5811046291445514,0.4363145068975595,0.8609320626643109,0.5842790048856001,0.41846153846153844,0.7284615384615386,0.9261538461538462,
efflux,trained_average,4,raw,20,5.0,26,25.0,26,0.48297670192097875,0.32475115255667614,0.5811046291445514,0.4363145068975595,0.888106281532693,0.5141577729353538,0.37307692307692314,0.6815384615384615,0.9015384615384616,
efflux,trained_average,9,calibrated,20,10.0,26,25.0,26,0.5523178009655954,0.3854302471360335,0.5407346393600686,0.4056826124970729,0.7832800118201243,0.5527483454575906,0.4346153846153846,0.7353846153846154,0.9307692307692306,
efflux,trained_average,9,raw,20,10.0,26,25.0,26,0.5523178009655954,0.3854302471360335,0.5407346393600686,0.4056826124970729,0.8124678948404487,0.4866280092184361,0.3984615384615384,0.6823076923076923,0.903846153846154,
in_vivo_clearance,checkpoint_1,0,calibrated,20,1.0,9,7.0,9,-0.07874751959304493,0.07313858626617321,0.5522952364218985,0.42392154945267563,0.88041436378141,0.5456226184633043,0.5177777777777778,0.7822222222222223,0.9088888888888889,
in_vivo_clearance,checkpoint_1,0,raw,20,1.0,9,7.0,9,-0.07874751959304493,0.07313858626617321,0.5522952364218985,0.42392154945267563,0.8447401605155014,0.5141289212968614,0.5,0.7577777777777778,0.8888888888888888,
in_vivo_clearance,checkpoint_1,1,calibrated,20,2.0,9,7.0,9,0.20331577694822656,0.040259783963362356,0.4746292519298988,0.36537499732441364,0.7326253818153555,0.5118579136000739,0.5422222222222222,0.8222222222222223,0.9222222222222223,
in_vivo_clearance,checkpoint_1,1,raw,20,2.0,9,7.0,9,0.20331577694822656,0.040259783963362356,0.4746292519298988,0.36537499732441364,0.7084998090115237,0.4825291397836473,0.5111111111111111,0.7888888888888889,0.9088888888888889,
in_vivo_clearance,checkpoint_1,2,calibrated,20,3.0,9,7.0,9,0.40970573578018576,0.09521648469898435,0.40855043194598356,0.3174963733885023,0.5764913705514032,0.5008099185095893,0.6066666666666667,0.8555555555555556,0.9533333333333334,
in_vivo_clearance,checkpoint_1,2,raw,20,3.0,9,7.0,9,0.40970573578018576,0.09521648469898435,0.40855043194598356,0.3174963733885023,0.5497611813426353,0.4717879192034403,0.5733333333333334,0.8422222222222222,0.9444444444444444,
in_vivo_clearance,checkpoint_1,4,calibrated,20,5.0,9,7.0,9,0.4908960803134177,0.2248485517170694,0.3794151015278196,0.29238438414202794,0.5067400593183757,0.485031840801239,0.6288888888888889,0.8844444444444445,0.9600000000000001,
in_vivo_clearance,checkpoint_1,4,raw,20,5.0,9,7.0,9,0.4908960803134177,0.2248485517170694,0.3794151015278196,0.29238438414202794,0.479712284170487,0.45670125802357986,0.6022222222222223,0.8622222222222222,0.9533333333333334,
in_vivo_clearance,checkpoint_1,9,calibrated,20,10.0,9,7.0,9,0.6096862219435936,0.32961050818363824,0.3322143083470692,0.2553956325186623,0.40528128397719154,0.4675014771355523,0.6733333333333333,0.8955555555555557,0.9688888888888888,
in_vivo_clearance,checkpoint_1,9,raw,20,10.0,9,7.0,9,0.6096862219435936,0.32961050818363824,0.3322143083470692,0.2553956325186623,0.37476793558389754,0.440105066564348,0.6488888888888888,0.8777777777777778,0.9666666666666666,
in_vivo_clearance,consistent_average,0,calibrated,20,1.0,9,7.0,9,-0.07512611719137263,0.0002020526263448915,0.5513674175048617,0.4221910092565748,0.8707618244493303,0.5559940905041165,0.5399999999999999,0.7911111111111111,0.9155555555555556,
in_vivo_clearance,consistent_average,0,raw,20,1.0,9,7.0,9,-0.07512611719137263,0.0002020526263448915,0.5513674175048617,0.4221910092565748,0.8417855606021907,0.5073389996422661,0.5111111111111111,0.7600000000000001,0.8933333333333332,
in_vivo_clearance,consistent_average,1,calibrated,20,2.0,9,7.0,9,0.1258484108710778,0.029660928911632967,0.4971698320611512,0.39212745719485803,0.7715631485680525,0.5330584560500251,0.5044444444444445,0.8155555555555556,0.931111111111111,
in_vivo_clearance,consistent_average,1,raw,20,2.0,9,7.0,9,0.1258484108710778,0.029660928911632967,0.4971698320611512,0.39212745719485803,0.7615740250852023,0.48769772688547763,0.4666666666666667,0.7799999999999999,0.9044444444444443,
in_vivo_clearance,consistent_average,2,calibrated,20,3.0,9,7.0,9,0.36837734729261085,0.12980525460508133,0.4226104589889761,0.33437496940294903,0.6135756956074103,0.5165322992536756,0.5555555555555556,0.8555555555555556,0.9533333333333331,
in_vivo_clearance,consistent_average,2,raw,20,3.0,9,7.0,9,0.36837734729261085,0.12980525460508133,0.4226104589889761,0.33437496940294903,0.5887795936670677,0.47222886641820266,0.52,0.8244444444444444,0.9333333333333333,
in_vivo_clearance,consistent_average,4,calibrated,20,5.0,9,7.0,9,0.4938028641503792,0.225187621348434,0.37833039524093554,0.28919263700644177,0.521425174443645,0.49624835491180413,0.6333333333333333,0.8733333333333334,0.9555555555555555,
in_vivo_clearance,consistent_average,4,raw,20,5.0,9,7.0,9,0.4938028641503792,0.225187621348434,0.37833039524093554,0.28919263700644177,0.48778481820194713,0.45337195740805725,0.6044444444444445,0.851111111111111,0.9466666666666667,
in_vivo_clearance,consistent_average,9,calibrated,20,10.0,9,7.0,9,0.5925749234856852,0.33844166795412695,0.3394183127488767,0.25852161407470703,0.44240434588876226,0.47558313078350495,0.6422222222222222,0.8911111111111111,0.9555555555555555,
in_vivo_clearance,consistent_average,9,raw,20,10.0,9,7.0,9,0.5925749234856852,0.33844166795412695,0.3394183127488767,0.25852161407470703,0.40050626863998096,0.43417334212197195,0.6177777777777778,0.8555555555555556,0.9577777777777778,
in_vivo_clearance,continued_reference,0,calibrated,20,1.0,9,7.0,9,-0.06625472305485824,0.06869414192106987,0.5490879036068422,0.4208188984791438,0.8753362978878915,0.5457072189119127,0.5244444444444444,0.7866666666666667,0.9066666666666667,
in_vivo_clearance,continued_reference,0,raw,20,1.0,9,7.0,9,-0.06625472305485824,0.06869414192106987,0.5490879036068422,0.4208188984791438,0.8352326527333188,0.5134576601452298,0.5,0.76,0.8911111111111111,
in_vivo_clearance,continued_reference,1,calibrated,20,2.0,9,7.0,9,0.2078346039078729,0.03359311703178619,0.4732812790716556,0.36453011380301586,0.7314075369509718,0.5105470008320279,0.5466666666666666,0.8177777777777778,0.9177777777777778,
in_vivo_clearance,continued_reference,1,raw,20,2.0,9,7.0,9,0.2078346039078729,0.03359311703178619,0.4732812790716556,0.36453011380301586,0.7056611850629526,0.4806200403637356,0.5066666666666665,0.791111111111111,0.9088888888888889,
in_vivo_clearance,continued_reference,2,calibrated,20,3.0,9,7.0,9,0.4118763194817322,0.08632759667105143,0.40779859538223956,0.3172936567995282,0.57431782873031,0.49908913877275257,0.5911111111111111,0.8533333333333334,0.9533333333333334,
in_vivo_clearance,continued_reference,2,raw,20,3.0,9,7.0,9,0.4118763194817322,0.08632759667105143,0.40779859538223956,0.3172936567995282,0.546770493651542,0.4695157829920451,0.5666666666666668,0.8444444444444446,0.9444444444444444,
in_vivo_clearance,continued_reference,4,calibrated,20,5.0,9,7.0,9,0.4926131635019195,0.2054762689603699,0.3787747238737725,0.29185128417279976,0.5028792975054599,0.48258185148239136,0.6244444444444445,0.8866666666666666,0.9577777777777778,
in_vivo_clearance,continued_reference,4,raw,20,5.0,9,7.0,9,0.4926131635019195,0.2054762689603699,0.3787747238737725,0.29185128417279976,0.4752053867737651,0.4537884338696798,0.5977777777777777,0.8688888888888889,0.9488888888888888,
in_vivo_clearance,continued_reference,9,calibrated,20,10.0,9,7.0,9,0.6101913921717848,0.34183273067077,0.33199925173738726,0.2552021292845408,0.400564367840195,0.46427371846305004,0.6666666666666666,0.8955555555555557,0.9688888888888888,
in_vivo_clearance,continued_reference,9,raw,20,10.0,9,7.0,9,0.6101913921717848,0.34183273067077,0.33199925173738726,0.2552021292845408,0.3701414196506132,0.4364974337153964,0.6444444444444445,0.8822222222222221,0.9644444444444444,
in_vivo_clearance,frozen_average,0,calibrated,20,1.0,9,7.0,9,-0.07874751959304493,0.07313858626617321,0.5522952364218985,0.42392154945267563,0.8616786276509326,0.5895299699571398,0.5577777777777777,0.8022222222222223,0.9333333333333333,
in_vivo_clearance,frozen_average,0,raw,20,1.0,9,7.0,9,-0.07874751959304493,0.07313858626617321,0.5522952364218985,0.42392154945267563,0.8447401605155014,0.5141289212968614,0.5,0.7577777777777778,0.8888888888888888,
in_vivo_clearance,frozen_average,1,calibrated,20,2.0,9,7.0,9,0.06935697172425404,0.03359311661786501,0.5129829804418742,0.4087885161240895,0.787178548682205,0.5541748574044969,0.4933333333333333,0.7933333333333334,0.9488888888888888,
in_vivo_clearance,frozen_average,1,raw,20,2.0,9,7.0,9,0.06935697172425404,0.03359311661786501,0.5129829804418742,0.4087885161240895,0.7936509827888716,0.4833233388264973,0.44,0.7511111111111111,0.9022222222222224,
in_vivo_clearance,frozen_average,2,calibrated,20,3.0,9,7.0,9,0.13659632040504166,0.09966092896130346,0.49410396612504565,0.3977553175555335,0.7377576757274381,0.5432673992051019,0.4977777777777778,0.8088888888888888,0.9555555555555555,
in_vivo_clearance,frozen_average,2,raw,20,3.0,9,7.0,9,0.13659632040504166,0.09966092896130346,0.49410396612504565,0.3977553175555335,0.7415265412209608,0.473426575395796,0.4466666666666666,0.7355555555555555,0.9200000000000002,
in_vivo_clearance,frozen_average,4,calibrated,20,5.0,9,7.0,9,0.1653027004457701,0.22707077413797375,0.48582056706970805,0.3793397751119401,0.7099819408348915,0.527051727771759,0.5488888888888888,0.8088888888888889,0.9422222222222223,
in_vivo_clearance,frozen_average,4,raw,20,5.0,9,7.0,9,0.1653027004457701,0.22707077413797375,0.48582056706970805,0.3793397751119401,0.7181742858534587,0.45898642434014214,0.47111111111111115,0.7644444444444445,0.9244444444444445,
in_vivo_clearance,frozen_average,9,calibrated,20,10.0,9,7.0,9,0.10852102306975042,0.33183272994226876,0.502073090665296,0.39619149625301353,0.7789894911037609,0.5083078543345133,0.5066666666666667,0.7711111111111112,0.9288888888888889,
in_vivo_clearance,frozen_average,9,raw,20,10.0,9,7.0,9,0.10852102306975042,0.33183272994226876,0.502073090665296,0.39619149625301353,0.7947951782819611,0.44257032844755384,0.45333333333333337,0.7044444444444444,0.8999999999999999,
in_vivo_clearance,trained_average,0,calibrated,20,1.0,9,7.0,9,-0.08602897122742048,0.0035353856782118407,0.5541560739088022,0.4238860044214461,0.8841909062243767,0.542487989001804,0.5333333333333333,0.7844444444444445,0.911111111111111,
in_vivo_clearance,trained_average,0,raw,20,1.0,9,7.0,9,-0.08602897122742048,0.0035353856782118407,0.5541560739088022,0.4238860044214461,0.8489516842321052,0.5012933047612509,0.508888888888889,0.7555555555555555,0.8844444444444444,
in_vivo_clearance,trained_average,1,calibrated,20,2.0,9,7.0,9,0.16521604389044742,0.0441342400179969,0.4858457848607891,0.3795649075508118,0.771844123354725,0.5410431591669718,0.5244444444444445,0.8244444444444444,0.9400000000000001,
in_vivo_clearance,trained_average,1,raw,20,2.0,9,7.0,9,0.16521604389044742,0.0441342400179969,0.4858457848607891,0.3795649075508118,0.7388059897683582,0.49960605753792653,0.4933333333333333,0.7977777777777778,0.9044444444444445,
in_vivo_clearance,trained_average,2,calibrated,20,3.0,9,7.0,9,0.31685837629389635,0.09581533802880181,0.43950798136862523,0.3481930131382412,0.6628344641812831,0.532565975719028,0.5511111111111111,0.8555555555555556,0.9600000000000001,
in_vivo_clearance,trained_average,2,raw,20,3.0,9,7.0,9,0.31685837629389635,0.09581533802880181,0.43950798136862523,0.3481930131382412,0.6299362389697245,0.491376306215922,0.5155555555555555,0.82,0.9422222222222223,
in_vivo_clearance,trained_average,4,calibrated,20,5.0,9,7.0,9,0.40799801858829476,0.20909094214439394,0.4091409719233935,0.31914198703236046,0.5918924107528176,0.5182281578911675,0.6088888888888888,0.868888888888889,0.9555555555555555,
in_vivo_clearance,trained_average,4,raw,20,5.0,9,7.0,9,0.40799801858829476,0.20909094214439394,0.4091409719233935,0.31914198703236046,0.5566731833332776,0.47780488014221195,0.5755555555555555,0.8444444444444444,0.9511111111111111,
in_vivo_clearance,trained_average,9,calibrated,20,10.0,9,7.0,9,0.45355972831183244,0.34450948097639617,0.3930816240017242,0.304552512301339,0.5527621103171152,0.5034010418256124,0.5933333333333333,0.8777777777777778,0.9577777777777778,
in_vivo_clearance,trained_average,9,raw,20,10.0,9,7.0,9,0.45355972831183244,0.34450948097639617,0.3930816240017242,0.304552512301339,0.5206864910653655,0.46387570593092176,0.5555555555555557,0.8444444444444444,0.9533333333333334,
microsomal_clearance,checkpoint_1,0,calibrated,20,1.0,178,108.0,178,0.11098378998485059,0.32484763363970565,0.6033125045559437,0.4627876200100009,0.9256468928178316,0.6334876355160488,0.5431460674157303,0.8080898876404494,0.948876404494382,
microsomal_clearance,checkpoint_1,0,raw,20,1.0,178,108.0,178,0.11098378998485059,0.32484763363970565,0.6033125045559437,0.4627876200100009,0.9110381035301406,0.5985330361194825,0.5252808988764045,0.791123595505618,0.9389887640449437,
microsomal_clearance,checkpoint_1,1,calibrated,20,2.0,178,108.0,178,0.36633933217053893,0.340076003895831,0.5093494743059943,0.3864499402799633,0.7525267525470773,0.501234593016378,0.5215730337078652,0.791685393258427,0.9314606741573034,
microsomal_clearance,checkpoint_1,1,raw,20,2.0,178,108.0,178,0.36633933217053893,0.340076003895831,0.5093494743059943,0.3864499402799633,0.7485853996526096,0.47494549275784015,0.4980898876404494,0.7721348314606742,0.9220224719101124,
microsomal_clearance,checkpoint_1,2,calibrated,20,3.0,178,108.0,178,0.4549540418557303,0.35145486029602796,0.47239364728240046,0.3560163779439551,0.6787108653351597,0.47459662466906427,0.5370786516853933,0.8017977528089888,0.9329213483146067,
microsomal_clearance,checkpoint_1,2,raw,20,3.0,178,108.0,178,0.4549540418557303,0.35145486029602796,0.47239364728240046,0.3560163779439551,0.6727751300970006,0.44957447137725487,0.5178651685393258,0.7828089887640449,0.9221348314606742,
microsomal_clearance,checkpoint_1,4,calibrated,20,5.0,178,108.0,178,0.5298089418714013,0.3768866849502784,0.43875761768408267,0.3291803111855903,0.6064577428278877,0.4455662006474613,0.5488764044943819,0.806629213483146,0.9360674157303371,
microsomal_clearance,checkpoint_1,4,raw,20,5.0,178,108.0,178,0.5298089418714013,0.3768866849502784,0.43875761768408267,0.3291803111855903,0.5980474569013303,0.4219726456149241,0.5268539325842697,0.7892134831460675,0.9271910112359552,
microsomal_clearance,checkpoint_1,9,calibrated,20,10.0,178,108.0,178,0.6097699068177063,0.4364437504723504,0.399712624968075,0.2974709419487567,0.5088874435710532,0.4127396988198998,0.5548314606741572,0.81561797752809,0.9435955056179774,
microsomal_clearance,checkpoint_1,9,raw,20,10.0,178,108.0,178,0.6097699068177063,0.4364437504723504,0.399712624968075,0.2974709419487567,0.4990372005176225,0.390732584629166,0.5380898876404494,0.8023595505617978,0.9373033707865167,
microsomal_clearance,consistent_average,0,calibrated,20,1.0,178,108.0,178,0.12346769495842869,0.32269128023739624,0.5990615561932848,0.45936014785190643,0.9142914763333975,0.6159505634897211,0.537752808988764,0.8021348314606742,0.9444943820224719,
microsomal_clearance,consistent_average,0,raw,20,1.0,178,108.0,178,0.12346769495842869,0.32269128023739624,0.5990615561932848,0.45936014785190643,0.9068007955522589,0.5620995109268788,0.5065168539325843,0.771685393258427,0.9253932584269664,
microsomal_clearance,consistent_average,1,calibrated,20,2.0,178,108.0,178,0.2930764289029595,0.3403762363354171,0.5379893992445222,0.4090189654673083,0.794051369131494,0.5348255811648422,0.5291011235955055,0.7939325842696628,0.9358426966292134,
microsomal_clearance,consistent_average,1,raw,20,2.0,178,108.0,178,0.2930764289029595,0.3403762363354171,0.5379893992445222,0.4090189654673083,0.7960010093143954,0.48903618509849806,0.4924719101123595,0.7582022471910111,0.9161797752808991,
microsomal_clearance,consistent_average,2,calibrated,20,3.0,178,108.0,178,0.42696380144225254,0.3497586183719017,0.48437142610981354,0.36469144599993575,0.7007058872645188,0.4953691510404094,0.5479775280898876,0.8051685393258426,0.9374157303370787,
microsomal_clearance,consistent_average,2,raw,20,3.0,178,108.0,178,0.42696380144225254,0.3497586183719017,0.48437142610981354,0.36469144599993575,0.6996447432376599,0.4527772943625289,0.5117977528089888,0.7720224719101123,0.9204494382022472,
microsomal_clearance,consistent_average,4,calibrated,20,5.0,178,108.0,178,0.5186374838452982,0.37060419687838825,0.44393932892556076,0.3338602618069461,0.6185651123084888,0.4587305531274067,0.5511235955056181,0.8129213483146067,0.9401123595505619,
microsomal_clearance,consistent_average,4,raw,20,5.0,178,108.0,178,0.5186374838452982,0.37060419687838825,0.44393932892556076,0.3338602618069461,0.6148584598031068,0.4191531312733554,0.5170786516853932,0.7832584269662921,0.9248314606741573,
microsomal_clearance,consistent_average,9,calibrated,20,10.0,178,108.0,178,0.5984060464207631,0.41801147292176594,0.40549086019584835,0.3040891212409132,0.5304691369964235,0.420936244458295,0.5541573033707865,0.8168539325842695,0.9413483146067416,
microsomal_clearance,consistent_average,9,raw,20,10.0,178,108.0,178,0.5984060464207631,0.41801147292176594,0.40549086019584835,0.3040891212409132,0.5257430617133706,0.3844750560133645,0.520561797752809,0.7873033707865168,0.9258426966292136,
microsomal_clearance,continued_reference,0,calibrated,20,1.0,178,108.0,178,0.11187260498873264,0.3252196588079937,0.6030108411582249,0.462311306803414,0.9252167710121229,0.6305714797705747,0.5423595505617977,0.8073033707865169,0.9479775280898877,
microsomal_clearance,continued_reference,0,raw,20,1.0,178,108.0,178,0.11187260498873264,0.3252196588079937,0.6030108411582249,0.462311306803414,0.9109121238235828,0.5938103493144004,0.5228089887640449,0.7878651685393259,0.9380898876404494,
microsomal_clearance,continued_reference,1,calibrated,20,2.0,178,108.0,178,0.3662546143475811,0.3429076989851885,0.5093835221320612,0.38640994433104314,0.7512997057853765,0.5022225625729293,0.5228089887640449,0.791685393258427,0.932247191011236,
microsomal_clearance,continued_reference,1,raw,20,2.0,178,108.0,178,0.3662546143475811,0.3429076989851885,0.5093835221320612,0.38640994433104314,0.7479237758882934,0.4744356850425849,0.49943820224719104,0.7722471910112358,0.9212359550561798,
microsomal_clearance,continued_reference,2,calibrated,20,3.0,178,108.0,178,0.4545191028198219,0.3531899769166101,0.4725820914509688,0.35604737542485926,0.6779248786501236,0.47559197589252766,0.5384269662921348,0.8028089887640448,0.9331460674157305,
microsomal_clearance,continued_reference,2,raw,20,3.0,178,108.0,178,0.4545191028198219,0.3531899769166101,0.4725820914509688,0.35604737542485926,0.6723693647709276,0.4491841636213024,0.5179775280898876,0.7832584269662922,0.9223595505617977,
microsomal_clearance,continued_reference,4,calibrated,20,5.0,178,108.0,178,0.529394474104648,0.37748429785569465,0.4389509548707581,0.32927888243553344,0.6055183522510551,0.4466047694308034,0.5501123595505619,0.8079775280898877,0.9370786516853933,
microsomal_clearance,continued_reference,4,raw,20,5.0,178,108.0,178,0.529394474104648,0.37748429785569465,0.4389509548707581,0.32927888243553344,0.5976235638679473,0.4217390725585852,0.5269662921348315,0.7904494382022471,0.9276404494382022,
microsomal_clearance,continued_reference,9,calibrated,20,10.0,178,108.0,178,0.6095412595871204,0.4355608590885688,0.3998297094814954,0.29746776676914655,0.5080001860540739,0.4139368067430646,0.557191011235955,0.8178651685393258,0.9435955056179774,
microsomal_clearance,continued_reference,9,raw,20,10.0,178,108.0,178,0.6095412595871204,0.4355608590885688,0.3998297094814954,0.29746776676914655,0.4986742165212923,0.39078103050756996,0.5376404494382022,0.802247191011236,0.9368539325842696,
microsomal_clearance,frozen_average,0,calibrated,20,1.0,178,108.0,178,0.11098378998485059,0.32484763363970565,0.6033125045559437,0.4627876200100009,0.9408062718378203,0.7221421206399298,0.5978651685393258,0.857191011235955,0.973370786516854,
microsomal_clearance,frozen_average,0,raw,20,1.0,178,108.0,178,0.11098378998485059,0.32484763363970565,0.6033125045559437,0.4627876200100009,0.9110381035301406,0.5985330361194825,0.5252808988764045,0.791123595505618,0.9389887640449437,
microsomal_clearance,frozen_average,1,calibrated,20,2.0,178,108.0,178,0.10048665832168024,0.33970282910202665,0.6068638829110016,0.4599444289455253,0.894169145037141,0.5719962485452716,0.5078651685393258,0.7758426966292135,0.932247191011236,
microsomal_clearance,frozen_average,1,raw,20,2.0,178,108.0,178,0.10048665832168024,0.33970282910202665,0.6068638829110016,0.4599444289455253,0.9447513426152561,0.47517441619648015,0.4339325842696629,0.7096629213483145,0.8779775280898878,
microsomal_clearance,frozen_average,2,calibrated,20,3.0,178,108.0,178,0.15653787868897173,0.3523037316694866,0.5876520815300981,0.44629840764436834,0.8712495294977552,0.5420496844843533,0.49460674157303375,0.7659550561797751,0.9253932584269663,
microsomal_clearance,frozen_average,2,raw,20,3.0,178,108.0,178,0.15653787868897173,0.3523037316694866,0.5876520815300981,0.44629840764436834,0.9363566735027269,0.4502112967512581,0.4265168539325842,0.6962921348314607,0.8706741573033709,
microsomal_clearance,frozen_average,4,calibrated,20,5.0,178,108.0,178,0.18022612060076748,0.3778657683398723,0.579341347327339,0.4422570866982588,0.8647533924125685,0.509545360401775,0.4682022471910113,0.7459550561797751,0.9170786516853933,
microsomal_clearance,frozen_average,4,raw,20,5.0,178,108.0,178,0.18022612060076748,0.3778657683398723,0.579341347327339,0.4422570866982588,0.9527678302242322,0.42314484410071634,0.40438202247191013,0.667752808988764,0.8584269662921349,
microsomal_clearance,frozen_average,9,calibrated,20,10.0,178,108.0,178,0.21311656230658527,0.4393741197551218,0.5676003951054528,0.43284822662894645,0.8559473408985416,0.47294640222292267,0.44359550561797756,0.7312359550561798,0.9029213483146067,
microsomal_clearance,frozen_average,9,raw,20,10.0,178,108.0,178,0.21311656230658527,0.4393741197551218,0.5676003951054528,0.43284822662894645,0.9685063801090468,0.39263856558317534,0.38157303370786516,0.6434831460674157,0.8407865168539326,
microsomal_clearance,trained_average,0,calibrated,20,1.0,178,108.0,178,0.11489630338887169,0.32291762910684296,0.6019834674479154,0.4623094070761391,0.917605779727801,0.6099763525737806,0.5295505617977527,0.7973033707865169,0.9425842696629213,
microsomal_clearance,trained_average,0,raw,20,1.0,178,108.0,178,0.11489630338887169,0.32291762910684296,0.6019834674479154,0.4623094070761391,0.9129224595426486,0.5600321093837867,0.49943820224719104,0.7662921348314605,0.9222471910112361,
microsomal_clearance,trained_average,1,calibrated,20,2.0,178,108.0,178,0.3532698703178144,0.3349444379740357,0.5145754162277792,0.3917722064959869,0.7598706130428563,0.5282230575968709,0.5394382022471911,0.8078651685393259,0.9406741573033708,
microsomal_clearance,trained_average,1,raw,20,2.0,178,108.0,178,0.3532698703178144,0.3349444379740357,0.5145754162277792,0.3917722064959869,0.7568924729272998,0.4854150159171457,0.5034831460674157,0.7784269662921348,0.9247191011235957,
microsomal_clearance,trained_average,2,calibrated,20,3.0,178,108.0,178,0.42526579076601567,0.3437580980977736,0.4850885356705824,0.3680439654578653,0.7026651964028496,0.5016917730315348,0.5410112359550563,0.8075280898876404,0.9405617977528091,
microsomal_clearance,trained_average,2,raw,20,3.0,178,108.0,178,0.42526579076601567,0.3437580980977736,0.4850885356705824,0.3680439654578653,0.6998132040896722,0.4609070702483145,0.5070786516853933,0.7807865168539325,0.9241573033707865,
microsomal_clearance,trained_average,4,calibrated,20,5.0,178,108.0,178,0.4875736556371554,0.3623113455321618,0.4580397948582944,0.34741734930136225,0.6478230624183569,0.4740537429257725,0.5420224719101124,0.8092134831460673,0.9411235955056179,
microsomal_clearance,trained_average,4,raw,20,5.0,178,108.0,178,0.4875736556371554,0.3623113455321618,0.4580397948582944,0.34741734930136225,0.6457229521708864,0.43540909201911326,0.5074157303370787,0.7804494382022471,0.9264044943820225,
microsomal_clearance,trained_average,9,calibrated,20,10.0,178,108.0,178,0.5463174678503943,0.3898053705644454,0.43098635040822336,0.3267577861902419,0.5853333469680639,0.44377628102061456,0.5402247191011236,0.8123595505617978,0.941685393258427,
microsomal_clearance,trained_average,9,raw,20,10.0,178,108.0,178,0.5463174678503943,0.3898053705644454,0.43098635040822336,0.3267577861902419,0.583619538070745,0.40750771375184647,0.5075280898876404,0.7795505617977527,0.9273033707865168,
permeability,checkpoint_1,0,calibrated,20,1.0,40,34.0,40,0.16473962500624273,0.2946689154021442,0.7472125311298925,0.557944488182664,1.0967031809308139,0.8133746646642684,0.4965,0.7899999999999999,0.9525,
permeability,checkpoint_1,0,raw,20,1.0,40,34.0,40,0.16473962500624273,0.2946689154021442,0.7472125311298925,0.557944488182664,1.108885858603918,0.6886064697504043,0.44049999999999995,0.7315,0.9205000000000002,
permeability,checkpoint_1,1,calibrated,20,2.0,40,34.0,40,0.3926046925237877,0.32036042692139743,0.6371899589071179,0.46923349028825767,0.9354866908181287,0.6621382240056992,0.47750000000000004,0.7645,0.9365,
permeability,checkpoint_1,1,raw,20,2.0,40,34.0,40,0.3926046925237877,0.32036042692139743,0.6371899589071179,0.46923349028825767,0.9647497539297495,0.562364229440689,0.42449999999999993,0.7055,0.9024999999999999,
permeability,checkpoint_1,2,calibrated,20,3.0,40,34.0,40,0.4878151349594346,0.33160078054293984,0.5851222024352902,0.4321723958700895,0.8410531007991899,0.6277294528484345,0.479,0.7815,0.9425000000000001,
permeability,checkpoint_1,2,raw,20,3.0,40,34.0,40,0.4878151349594346,0.33160078054293984,0.5851222024352902,0.4321723958700895,0.864419879011669,0.5331184356212616,0.425,0.7144999999999999,0.9105000000000001,
permeability,checkpoint_1,4,calibrated,20,5.0,40,34.0,40,0.5891955616703248,0.37611471762880677,0.5240235087394309,0.39130034317076207,0.7425093672553761,0.5942955850958824,0.4844999999999999,0.7939999999999999,0.9564999999999999,
permeability,checkpoint_1,4,raw,20,5.0,40,34.0,40,0.5891955616703248,0.37611471762880677,0.5240235087394309,0.39130034317076207,0.7584350015258189,0.5047132601439952,0.429,0.7220000000000001,0.9305,
permeability,checkpoint_1,9,calibrated,20,10.0,40,34.0,40,0.6640617388428172,0.42645761124789716,0.47387406679509625,0.35289301000535483,0.6511812306633893,0.5532900795340538,0.4915000000000001,0.7994999999999999,0.9579999999999999,
permeability,checkpoint_1,9,raw,20,10.0,40,34.0,40,0.6640617388428172,0.42645761124789716,0.47387406679509625,0.35289301000535483,0.6616713274857509,0.4697542422413826,0.433,0.742,0.9269999999999999,
permeability,consistent_average,0,calibrated,20,1.0,40,34.0,40,0.16707031400193717,0.2987841733358801,0.7461693015891444,0.5569153663367034,1.090047728429472,0.8316729463338852,0.5095,0.7969999999999999,0.9585000000000001,
permeability,consistent_average,0,raw,20,1.0,40,34.0,40,0.16707031400193717,0.2987841733358801,0.7461693015891444,0.5569153663367034,1.1104233319778483,0.6722970352768898,0.43100000000000005,0.7275,0.9145,
permeability,consistent_average,1,calibrated,20,2.0,40,34.0,40,0.3275655270962009,0.32191370451822876,0.67043733657596,0.49771315842866903,0.9912716928676044,0.7041307502985001,0.4625,0.7695000000000001,0.9400000000000001,
permeability,consistent_average,1,raw,20,2.0,40,34.0,40,0.3275655270962009,0.32191370451822876,0.67043733657596,0.49771315842866903,1.039995029580718,0.5699852424263954,0.38749999999999996,0.6779999999999999,0.89,
permeability,consistent_average,2,calibrated,20,3.0,40,34.0,40,0.47230209963906966,0.3436012174934148,0.5939171829762878,0.44255244965851304,0.8759632153929244,0.653657152891159,0.4789999999999999,0.7835,0.9465,
permeability,consistent_average,2,raw,20,3.0,40,34.0,40,0.47230209963906966,0.3436012174934148,0.5939171829762878,0.44255244965851304,0.9147845673022917,0.52913475638628,0.40499999999999997,0.6935,0.9035,
permeability,consistent_average,4,calibrated,20,5.0,40,34.0,40,0.5720642661720197,0.37774226401001215,0.5348382801552967,0.4044176258742809,0.7825692189210388,0.6095114304423331,0.4734999999999999,0.789,0.9570000000000001,
permeability,consistent_average,4,raw,20,5.0,40,34.0,40,0.5720642661720197,0.37774226401001215,0.5348382801552967,0.4044176258742809,0.8176187199816549,0.4933667614459992,0.39699999999999996,0.696,0.9105000000000001,
permeability,consistent_average,9,calibrated,20,10.0,40,34.0,40,0.6460581532283775,0.4146406430751085,0.4864062688151927,0.3679401731789112,0.7091840710521129,0.5610089033842087,0.469,0.7775000000000001,0.952,
permeability,consistent_average,9,raw,20,10.0,40,34.0,40,0.6460581532283775,0.4146406430751085,0.4864062688151927,0.3679401731789112,0.7456160516493427,0.45399355462193486,0.3995,0.696,0.906,
permeability,continued_reference,0,calibrated,20,1.0,40,34.0,40,0.1638879660281638,0.3014513882622123,0.7475933753231209,0.5584132142812013,1.0980635985148612,0.8191956315040588,0.499,0.7929999999999999,0.954,
permeability,continued_reference,0,raw,20,1.0,40,34.0,40,0.1638879660281638,0.3014513882622123,0.7475933753231209,0.5584132142812013,1.108896276526559,0.6992340660095214,0.45150000000000007,0.736,0.923,
permeability,continued_reference,1,calibrated,20,2.0,40,34.0,40,0.3947175639480096,0.324301409907639,0.6360807362289993,0.4685900214016437,0.9342287658998206,0.6551142372488975,0.47400000000000003,0.759,0.9355,
permeability,continued_reference,1,raw,20,2.0,40,34.0,40,0.3947175639480096,0.324301409907639,0.6360807362289993,0.4685900214016437,0.9625027492019818,0.5603270427584648,0.42700000000000005,0.7060000000000001,0.9,
permeability,continued_reference,2,calibrated,20,3.0,40,34.0,40,0.4895800807532551,0.3361830000393093,0.5841131915939566,0.43145832069218154,0.8391871168714571,0.6204559468030929,0.477,0.7769999999999999,0.9420000000000002,
permeability,continued_reference,2,raw,20,3.0,40,34.0,40,0.4895800807532551,0.3361830000393093,0.5841131915939566,0.43145832069218154,0.8620609150388677,0.5306486778259278,0.4205,0.7125,0.9129999999999999,
permeability,continued_reference,4,calibrated,20,5.0,40,34.0,40,0.5901605661331535,0.3775254380889237,0.523407665411269,0.39085182452201844,0.7412183594556906,0.586839548110962,0.47999999999999987,0.789,0.9550000000000001,
permeability,continued_reference,4,raw,20,5.0,40,34.0,40,0.5901605661331535,0.3775254380889237,0.523407665411269,0.39085182452201844,0.7573565314756697,0.5018632152378559,0.4255,0.7205,0.9295,
permeability,continued_reference,9,calibrated,20,10.0,40,34.0,40,0.6644327934532154,0.42897060034796597,0.47361228991859017,0.3528223892301321,0.6500529659213878,0.545994695186615,0.48900000000000005,0.7950000000000002,0.9570000000000001,
permeability,continued_reference,9,raw,20,10.0,40,34.0,40,0.6644327934532154,0.42897060034796597,0.47361228991859017,0.3528223892301321,0.6610212533720161,0.46677536752820015,0.43200000000000005,0.7395,0.9254999999999999,
permeability,frozen_average,0,calibrated,20,1.0,40,34.0,40,0.16473962500624273,0.2946689154021442,0.7472125311298925,0.557944488182664,1.1019318684798565,0.9044477388858795,0.5465,0.826,0.9720000000000001,
permeability,frozen_average,0,raw,20,1.0,40,34.0,40,0.16473962500624273,0.2946689154021442,0.7472125311298925,0.557944488182664,1.108885858603918,0.6886064697504043,0.44049999999999995,0.7315,0.9205000000000002,
permeability,frozen_average,1,calibrated,20,2.0,40,34.0,40,0.19304707583340408,0.32011692222207777,0.7344416659423124,0.5444853731542825,1.0804764851470268,0.7373018112182617,0.4545,0.744,0.9344999999999999,
permeability,frozen_average,1,raw,20,2.0,40,34.0,40,0.19304707583340408,0.32011692222207777,0.7344416659423124,0.5444853731542825,1.1670590788949504,0.5626272505521774,0.366,0.6325,0.8605,
permeability,frozen_average,2,calibrated,20,3.0,40,34.0,40,0.22980512924899565,0.3335178070515394,0.7175191858448213,0.5370539585351943,1.0656131134432516,0.6996687349677086,0.44000000000000006,0.733,0.9295,
permeability,frozen_average,2,raw,20,3.0,40,34.0,40,0.22980512924899565,0.3335178070515394,0.7175191858448213,0.5370539585351943,1.1646779642914993,0.5338743311166764,0.34900000000000003,0.618,0.8539999999999999,
permeability,frozen_average,4,calibrated,20,5.0,40,34.0,40,0.2442778298646403,0.3842680007219315,0.7107457782588352,0.5425144012123346,1.0842662815999369,0.6630683044791221,0.4025,0.702,0.924,
permeability,frozen_average,4,raw,20,5.0,40,34.0,40,0.2442778298646403,0.3842680007219315,0.7107457782588352,0.5425144012123346,1.210632761401149,0.505973631888628,0.3055,0.577,0.8375,
permeability,frozen_average,9,calibrated,20,10.0,40,34.0,40,0.27366852515272044,0.4245396419055759,0.6967879625378753,0.5244669297337532,1.0699380325027732,0.6182195973396302,0.3835,0.687,0.908,
permeability,frozen_average,9,raw,20,10.0,40,34.0,40,0.27366852515272044,0.4245396419055759,0.6967879625378753,0.5244669297337532,1.2113805299366622,0.47162798994779587,0.29300000000000004,0.5615,0.8185,
permeability,trained_average,0,calibrated,20,1.0,40,34.0,40,0.16361126270101445,0.29752767860889434,0.7477170695495021,0.5579114491790533,1.0921826602271405,0.8120127687454224,0.4955,0.7914999999999999,0.952,
permeability,trained_average,0,raw,20,1.0,40,34.0,40,0.16361126270101445,0.29752767860889434,0.7477170695495021,0.5579114491790533,1.1114646725233892,0.6759441827535629,0.437,0.7255,0.914,
permeability,trained_average,1,calibrated,20,2.0,40,34.0,40,0.37609231043049307,0.3071695566177368,0.6457930641223019,0.4814788541868328,0.9596469629748704,0.6991728387475014,0.465,0.7779999999999999,0.9445,
permeability,trained_average,1,raw,20,2.0,40,34.0,40,0.37609231043049307,0.3071695566177368,0.6457930641223019,0.4814788541868328,0.9939193013358814,0.5828403595685959,0.4029999999999999,0.705,0.8959999999999999,
permeability,trained_average,2,calibrated,20,3.0,40,34.0,40,0.45261178379556144,0.3236155257932841,0.604896301603199,0.4537596273273229,0.8988602955472939,0.6665031672716142,0.4790000000000001,0.7695000000000001,0.9475,
permeability,trained_average,2,raw,20,3.0,40,34.0,40,0.45261178379556144,0.3236155257932841,0.604896301603199,0.4537596273273229,0.9320207188614269,0.555616493344307,0.41200000000000003,0.6965,0.9075,
permeability,trained_average,4,calibrated,20,5.0,40,34.0,40,0.5119264635311166,0.34842750668525696,0.571183742299598,0.43527533403038976,0.8457562378487407,0.6354608614444732,0.46900000000000003,0.7785,0.9555,
permeability,trained_average,4,raw,20,5.0,40,34.0,40,0.5119264635311166,0.34842750668525696,0.571183742299598,0.43527533403038976,0.8814572946267271,0.5298173232674598,0.4015000000000001,0.6985,0.9135,
permeability,trained_average,9,calibrated,20,10.0,40,34.0,40,0.5649944333793507,0.3573467430099845,0.5392381554581702,0.4099296909868716,0.8031766764526089,0.5964466998577118,0.45499999999999996,0.7635,0.9475000000000001,
permeability,trained_average,9,raw,20,10.0,40,34.0,40,0.5649944333793507,0.3573467430099845,0.5392381554581702,0.4099296909868716,0.8445407433887245,0.4972198869884014,0.4,0.6875,0.899,
protein_binding,checkpoint_1,0,calibrated,20,1.0,26,17.0,26,0.18051474691355862,0.508031489728735,0.9424202979589137,0.5951642749401238,1.1613177618010098,0.7201014439876263,0.4538461538461538,0.7469230769230768,0.9284615384615384,
protein_binding,checkpoint_1,0,raw,20,1.0,26,17.0,26,0.18051474691355862,0.508031489728735,0.9424202979589137,0.5951642749401238,1.1659129861308775,0.7036651638837962,0.4461538461538461,0.7315384615384617,0.9246153846153847,
protein_binding,checkpoint_1,1,calibrated,20,2.0,26,17.0,26,0.36636088883259477,0.5235886047952449,0.828695628972738,0.5024076482882867,0.9614156600813973,0.616954992367671,0.4384615384615384,0.753076923076923,0.9284615384615384,
protein_binding,checkpoint_1,1,raw,20,2.0,26,17.0,26,0.36636088883259477,0.5235886047952449,0.828695628972738,0.5024076482882867,0.9633539094257729,0.6003074234265549,0.43,0.7492307692307693,0.9238461538461539,
protein_binding,checkpoint_1,2,calibrated,20,3.0,26,17.0,26,0.3634649216671234,0.529252778710081,0.8305871942630759,0.4712864949840766,0.8797128246122481,0.5802514263299794,0.45307692307692304,0.7584615384615384,0.9300000000000002,
protein_binding,checkpoint_1,2,raw,20,3.0,26,17.0,26,0.3634649216671234,0.529252778710081,0.8305871942630759,0.4712864949840766,0.879521857931408,0.5644515898594489,0.44615384615384623,0.7553846153846153,0.9269230769230768,
protein_binding,checkpoint_1,4,calibrated,20,5.0,26,17.0,26,0.4343259620638388,0.5370469038876203,0.7829917453063285,0.4389672262852008,0.799235708717898,0.5439653328748849,0.45461538461538453,0.77,0.9284615384615384,
protein_binding,checkpoint_1,4,raw,20,5.0,26,17.0,26,0.4343259620638388,0.5370469038876203,0.7829917453063285,0.4389672262852008,0.7992760655723733,0.5290012263334714,0.4499999999999999,0.7676923076923077,0.9315384615384616,
protein_binding,checkpoint_1,9,calibrated,20,10.0,26,17.0,26,0.4838805172480378,0.5712888240241086,0.7479097360337084,0.40590466386996776,0.7196910911616055,0.5019819024892954,0.46,0.7700000000000001,0.9223076923076925,
protein_binding,checkpoint_1,9,raw,20,10.0,26,17.0,26,0.4838805172480378,0.5712888240241086,0.7479097360337084,0.40590466386996776,0.7181112223303465,0.48816359840906587,0.4530769230769231,0.7569230769230769,0.9215384615384615,
protein_binding,consistent_average,0,calibrated,20,1.0,26,17.0,26,0.18330516191418234,0.5169362731564503,0.9408144202633949,0.5899841205890362,1.1393006022509022,0.7264530865962688,0.4569230769230769,0.7538461538461539,0.9330769230769231,
protein_binding,consistent_average,0,raw,20,1.0,26,17.0,26,0.18330516191418234,0.5169362731564503,0.9408144202633949,0.5899841205890362,1.1501816335225163,0.6783624507830692,0.43076923076923074,0.7238461538461538,0.9230769230769231,
protein_binding,consistent_average,1,calibrated,20,2.0,26,17.0,26,0.33697620236834014,0.5430052533459204,0.8476930419634225,0.5400739711064558,1.059146560991126,0.6522987982859978,0.4146153846153846,0.7261538461538463,0.916923076923077,
protein_binding,consistent_average,1,raw,20,2.0,26,17.0,26,0.33697620236834014,0.5430052533459204,0.8476930419634225,0.5400739711064558,1.0672592243273749,0.6069998455964601,0.3915384615384615,0.7053846153846155,0.9015384615384616,
protein_binding,consistent_average,2,calibrated,20,3.0,26,17.0,26,0.379759682906733,0.538287002994464,0.819887106121875,0.48090216778791867,0.9199894851004343,0.6062416677291578,0.46076923076923076,0.7630769230769231,0.9292307692307692,
protein_binding,consistent_average,2,raw,20,3.0,26,17.0,26,0.379759682906733,0.538287002994464,0.819887106121875,0.48090216778791867,0.9253714987938318,0.5639997898615324,0.43769230769230766,0.73,0.9207692307692308,
protein_binding,consistent_average,4,calibrated,20,5.0,26,17.0,26,0.4643015632961841,0.5469955124820653,0.7619636430901882,0.43918443572062704,0.8202788300955286,0.5644333919195028,0.4576923076923076,0.7738461538461539,0.9338461538461539,
protein_binding,consistent_average,4,raw,20,5.0,26,17.0,26,0.4643015632961841,0.5469955124820653,0.7619636430901882,0.43918443572062704,0.8259933744509556,0.525073485832948,0.4353846153846153,0.7546153846153847,0.916923076923077,
protein_binding,consistent_average,9,calibrated,20,10.0,26,17.0,26,0.5092494670289535,0.5701010902054034,0.7292970385717674,0.4109063029289245,0.757838353695508,0.5190180232891669,0.45769230769230773,0.7784615384615385,0.9215384615384615,
protein_binding,consistent_average,9,raw,20,10.0,26,17.0,26,0.5092494670289535,0.5701010902054034,0.7292970385717674,0.4109063029289245,0.7606129074257247,0.48293536488826455,0.4276923076923077,0.7584615384615384,0.9123076923076924,
protein_binding,continued_reference,0,calibrated,20,1.0,26,17.0,26,0.17763996267439264,0.5070649557102185,0.944071873216753,0.5935031612561299,1.154241153244962,0.7316949119934668,0.46307692307692305,0.7546153846153847,0.9299999999999999,
protein_binding,continued_reference,0,raw,20,1.0,26,17.0,26,0.17763996267439264,0.5070649557102185,0.944071873216753,0.5935031612561299,1.157984907492422,0.7165648761162391,0.4584615384615385,0.7430769230769231,0.9276923076923077,
protein_binding,continued_reference,1,calibrated,20,2.0,26,17.0,26,0.3638653194133601,0.5234112844730798,0.8303259222872326,0.5017191155827962,0.9610850470139772,0.6176825794806846,0.44307692307692303,0.753076923076923,0.9276923076923077,
protein_binding,continued_reference,1,raw,20,2.0,26,17.0,26,0.3638653194133601,0.5234112844730798,0.8303259222872326,0.5017191155827962,0.9635254002308146,0.6027251475590927,0.43153846153846154,0.7499999999999999,0.9215384615384615,
protein_binding,continued_reference,2,calibrated,20,3.0,26,17.0,26,0.35688209299989837,0.5274204970838932,0.8348709721388068,0.47109612157711617,0.8803470453712487,0.5815013035444113,0.4523076923076923,0.7607692307692306,0.9276923076923077,
protein_binding,continued_reference,2,raw,20,3.0,26,17.0,26,0.35688209299989837,0.5274204970838932,0.8348709721388068,0.47109612157711617,0.8808269347465629,0.5672386627013867,0.44384615384615383,0.7546153846153845,0.926923076923077,
protein_binding,continued_reference,4,calibrated,20,5.0,26,17.0,26,0.42844866360412026,0.5389799726410553,0.7870488385306926,0.43869955950058415,0.7991472762062374,0.5454844700373136,0.4523076923076923,0.7692307692307693,0.9292307692307694,
protein_binding,continued_reference,4,raw,20,5.0,26,17.0,26,0.42844866360412026,0.5389799726410553,0.7870488385306926,0.43869955950058415,0.7997626282951688,0.5319139864811531,0.4507692307692307,0.7692307692307693,0.9276923076923077,
protein_binding,continued_reference,9,calibrated,20,10.0,26,17.0,26,0.4780444894145216,0.5717745170283776,0.7521263492723271,0.4059452866361691,0.7208965003153602,0.5036218735804925,0.4607692307692307,0.7715384615384616,0.923846153846154,
protein_binding,continued_reference,9,raw,20,10.0,26,17.0,26,0.4780444894145216,0.5717745170283776,0.7521263492723271,0.4059452866361691,0.7196838379335421,0.49105373125809887,0.4515384615384615,0.7646153846153846,0.9223076923076923,
protein_binding,frozen_average,0,calibrated,20,1.0,26,17.0,26,0.18051474691355862,0.508031489728735,0.9424202979589137,0.5951642749401238,1.1494540861464304,0.8054404603517973,0.49769230769230766,0.7907692307692309,0.9400000000000001,
protein_binding,frozen_average,0,raw,20,1.0,26,17.0,26,0.18051474691355862,0.508031489728735,0.9424202979589137,0.5951642749401238,1.1659129861308775,0.7036651638837962,0.4461538461538461,0.7315384615384617,0.9246153846153847,
protein_binding,frozen_average,1,calibrated,20,2.0,26,17.0,26,0.21859753156048545,0.5268628311558412,0.9202619157402869,0.610240468795483,1.2042212460390584,0.6937511193752288,0.39461538461538453,0.6984615384615385,0.9015384615384614,
protein_binding,frozen_average,1,raw,20,2.0,26,17.0,26,0.21859753156048545,0.5268628311558412,0.9202619157402869,0.610240468795483,1.2434750106752712,0.6013905367484459,0.35384615384615387,0.6438461538461537,0.8738461538461538,
protein_binding,frozen_average,2,calibrated,20,3.0,26,17.0,26,0.15744800123910385,0.5292228038780965,0.9555918050488107,0.6025825234559865,1.1886136947453922,0.6531081503171189,0.39384615384615385,0.6853846153846154,0.8946153846153847,
protein_binding,frozen_average,2,raw,20,3.0,26,17.0,26,0.15744800123910385,0.5292228038780965,0.9555918050488107,0.6025825234559865,1.2315895067748346,0.5658934268584618,0.35076923076923083,0.6338461538461538,0.8592307692307692,
protein_binding,frozen_average,4,calibrated,20,5.0,26,17.0,26,0.19546129318290661,0.5357668559711712,0.9337863724894921,0.6015152999987969,1.2133964785662374,0.6137250727873582,0.36076923076923073,0.6569230769230768,0.8807692307692309,
protein_binding,frozen_average,4,raw,20,5.0,26,17.0,26,0.19546129318290661,0.5357668559711712,0.9337863724894921,0.6015152999987969,1.2709158605594881,0.53145835848955,0.3169230769230769,0.6046153846153847,0.8461538461538461,
protein_binding,frozen_average,9,calibrated,20,10.0,26,17.0,26,0.2235795226683387,0.580143809461823,0.9173235657943972,0.5816959578715838,1.1908441081792154,0.5679166987309089,0.3453846153846154,0.6415384615384615,0.8638461538461539,
protein_binding,frozen_average,9,raw,20,10.0,26,17.0,26,0.2235795226683387,0.580143809461823,0.9173235657943972,0.5816959578715838,1.2558123255784155,0.4917240658173194,0.3107692307692308,0.5930769230769231,0.8315384615384614,
protein_binding,trained_average,0,calibrated,20,1.0,26,17.0,26,0.1811100327805245,0.5182687598352249,0.9420779419492341,0.5907925233932642,1.142858746520422,0.7270010596055253,0.45923076923076916,0.7553846153846153,0.9300000000000002,
protein_binding,trained_average,0,raw,20,1.0,26,17.0,26,0.1811100327805245,0.5182687598352249,0.9420779419492341,0.5907925233932642,1.1521461848374046,0.6840532524769123,0.43769230769230766,0.7261538461538461,0.9238461538461539,
protein_binding,trained_average,1,calibrated,20,2.0,26,17.0,26,0.36099678174887784,0.5435385344693293,0.8321959210393455,0.5206995523892916,1.0047112066626123,0.6595315635204314,0.4423076923076923,0.753076923076923,0.9323076923076923,
protein_binding,trained_average,1,raw,20,2.0,26,17.0,26,0.36099678174887784,0.5435385344693293,0.8321959210393455,0.5206995523892916,1.0108599617728733,0.6192098533190212,0.42538461538461536,0.7330769230769231,0.916923076923077,
protein_binding,trained_average,2,calibrated,20,3.0,26,17.0,26,0.3626827147863084,0.5422847717140729,0.8310973716042196,0.49502187967300415,0.9381673561913615,0.6270381880723512,0.4638461538461538,0.7530769230769232,0.9292307692307692,
protein_binding,trained_average,2,raw,20,3.0,26,17.0,26,0.3626827147863084,0.5422847717140729,0.8310973716042196,0.49502187967300415,0.9417798943307175,0.5884888740686269,0.4392307692307692,0.7338461538461539,0.9223076923076923,
protein_binding,trained_average,4,calibrated,20,5.0,26,17.0,26,0.41945892549201025,0.5516762781028564,0.793214302297458,0.46967823824057214,0.879619227691724,0.5939447613862844,0.4484615384615385,0.7653846153846154,0.9330769230769231,
protein_binding,trained_average,4,raw,20,5.0,26,17.0,26,0.41945892549201025,0.5516762781028564,0.793214302297458,0.46967823824057214,0.8841137037532538,0.5571516851278452,0.4284615384615385,0.746923076923077,0.916923076923077,
protein_binding,trained_average,9,calibrated,20,10.0,26,17.0,26,0.4575209126428317,0.5793173071856683,0.766770790522996,0.44534480216411443,0.8268125880205712,0.5558139417721675,0.4492307692307692,0.7661538461538461,0.923846153846154,
protein_binding,trained_average,9,raw,20,10.0,26,17.0,26,0.4575209126428317,0.5793173071856683,0.766770790522996,0.44534480216411443,0.8269395939494648,0.5212210849615244,0.43,0.7476923076923077,0.9161538461538462,
cellular_clearance,checkpoint_1,0,calibrated,25,1.0,31,24.0,31,0.083571387315027,0.3176122928338666,0.6524651230519098,0.4993831166913432,1.0178668344135482,0.6489168111739619,0.4393548387096774,0.7329032258064515,0.9316129032258064,
cellular_clearance,checkpoint_1,0,raw,25,1.0,31,24.0,31,0.083571387315027,0.3176122928338666,0.6524651230519098,0.4993831166913432,1.0229307182896874,0.6141431740791565,0.4187096774193548,0.7129032258064517,0.9238709677419357,
cellular_clearance,checkpoint_1,1,calibrated,25,2.0,31,24.0,31,0.3651744847690265,0.3103638799921158,0.5430441862786455,0.41592836330013894,0.8309413900320811,0.5580473179971017,0.4393548387096774,0.7529032258064516,0.930967741935484,
cellular_clearance,checkpoint_1,1,raw,25,2.0,31,24.0,31,0.3651744847690265,0.3103638799921158,0.5430441862786455,0.41592836330013894,0.8355307063693101,0.5286728392108794,0.42516129032258065,0.7296774193548388,0.9187096774193547,
cellular_clearance,checkpoint_1,2,calibrated,25,3.0,31,24.0,31,0.4580262069772655,0.3239451417759542,0.5017612575302138,0.37930247491405866,0.7255635232659795,0.5356527503075138,0.4722580645161291,0.7754838709677417,0.9387096774193547,
cellular_clearance,checkpoint_1,2,raw,25,3.0,31,24.0,31,0.4580262069772655,0.3239451417759542,0.5017612575302138,0.37930247491405866,0.7274686756653915,0.5074275450552663,0.4503225806451614,0.7580645161290324,0.9303225806451613,
cellular_clearance,checkpoint_1,4,calibrated,25,5.0,31,24.0,31,0.525879817161508,0.3662564999153537,0.4693017819938275,0.3550385916809883,0.6510667658822097,0.5121133024461807,0.48,0.7935483870967743,0.9445161290322581,
cellular_clearance,checkpoint_1,4,raw,25,5.0,31,24.0,31,0.525879817161508,0.3662564999153537,0.4693017819938275,0.3550385916809883,0.6530939957458368,0.4852207038479467,0.45741935483870966,0.7787096774193547,0.9393548387096776,
cellular_clearance,checkpoint_1,9,calibrated,25,10.0,31,24.0,31,0.5802358233926217,0.4331486653176046,0.44158129408611635,0.3269358909706916,0.5754051816174502,0.4850788888623637,0.5025806451612903,0.7980645161290323,0.9477419354838711,
cellular_clearance,checkpoint_1,9,raw,25,10.0,31,24.0,31,0.5802358233926217,0.4331486653176046,0.44158129408611635,0.3269358909706916,0.5746395344836267,0.45966749837321624,0.48387096774193555,0.7825806451612902,0.941290322580645,
cellular_clearance,consistent_average,0,calibrated,25,1.0,31,24.0,31,0.09027517490176495,0.31099161782091655,0.6500743115978879,0.4963700614821526,1.0071332580296475,0.6446097404726091,0.4367741935483872,0.732258064516129,0.9303225806451613,
cellular_clearance,consistent_average,0,raw,25,1.0,31,24.0,31,0.09027517490176495,0.31099161782091655,0.6500743115978879,0.4963700614821526,1.017372390123636,0.5914175938021751,0.41032258064516125,0.6948387096774193,0.9167741935483872,
cellular_clearance,consistent_average,1,calibrated,25,2.0,31,24.0,31,0.300266087199497,0.3114793684934416,0.5701307207039669,0.4386710669725172,0.8834556304281427,0.5815786835455126,0.4341935483870967,0.7367741935483871,0.9316129032258066,
cellular_clearance,consistent_average,1,raw,25,2.0,31,24.0,31,0.300266087199497,0.3114793684934416,0.5701307207039669,0.4386710669725172,0.8942594492295257,0.5333713421513957,0.40387096774193554,0.7,0.9206451612903226,
cellular_clearance,consistent_average,2,calibrated,25,3.0,31,24.0,31,0.4397051222255497,0.3292491206959371,0.5101716339697793,0.3900312855743593,0.7539660887106132,0.5496717125369657,0.46645161290322584,0.7819354838709677,0.9432258064516128,
cellular_clearance,consistent_average,2,raw,25,3.0,31,24.0,31,0.4397051222255497,0.3292491206959371,0.5101716339697793,0.3900312855743593,0.75876085725019,0.5038210892677306,0.432258064516129,0.7445161290322583,0.9309677419354837,
cellular_clearance,consistent_average,4,calibrated,25,5.0,31,24.0,31,0.5220522009806046,0.3662336181969412,0.47119233240887404,0.36218841720011924,0.6766434140041141,0.5226088987627336,0.4677419354838709,0.7967741935483872,0.9470967741935483,
cellular_clearance,consistent_average,4,raw,25,5.0,31,24.0,31,0.5220522009806046,0.3662336181969412,0.47119233240887404,0.36218841720011924,0.6786041097126011,0.4789063815916738,0.43354838709677423,0.7683870967741935,0.9393548387096773,
cellular_clearance,consistent_average,9,calibrated,25,10.0,31,24.0,31,0.5747379886801585,0.4339702685273462,0.44446367834065986,0.3353672793026893,0.6030241350878628,0.4942512412225047,0.47935483870967743,0.7980645161290322,0.9535483870967743,
cellular_clearance,consistent_average,9,raw,25,10.0,31,24.0,31,0.5747379886801585,0.4339702685273462,0.44446367834065986,0.3353672793026893,0.600977752993224,0.45284574770158337,0.4393548387096774,0.772258064516129,0.9464516129032259,
cellular_clearance,continued_reference,0,calibrated,25,1.0,31,24.0,31,0.08133590681001057,0.3123664715597706,0.6532604303115929,0.4993324437833602,1.0156754013869853,0.6469762208384853,0.43677419354838715,0.7296774193548385,0.9329032258064517,
cellular_clearance,continued_reference,0,raw,25,1.0,31,24.0,31,0.08133590681001057,0.3123664715597706,0.6532604303115929,0.4993324437833602,1.02031170636235,0.6116431143976025,0.4187096774193548,0.7109677419354838,0.9238709677419357,
cellular_clearance,continued_reference,1,calibrated,25,2.0,31,24.0,31,0.36295291085622416,0.3107932800487165,0.5439935488595632,0.416775516386955,0.8359746277360758,0.5538591744053749,0.4367741935483871,0.7490322580645162,0.9296774193548388,
cellular_clearance,continued_reference,1,raw,25,2.0,31,24.0,31,0.36295291085622416,0.3107932800487165,0.5439935488595632,0.416775516386955,0.839436414881078,0.5237832291664615,0.42129032258064514,0.727741935483871,0.9187096774193548,
cellular_clearance,continued_reference,2,calibrated,25,3.0,31,24.0,31,0.45684484908787704,0.3220858091067883,0.5023078125159083,0.3800593788008536,0.729994046713249,0.531709753928646,0.4690322580645161,0.7709677419354838,0.9380645161290322,
cellular_clearance,continued_reference,2,raw,25,3.0,31,24.0,31,0.45684484908787704,0.3220858091067883,0.5023078125159083,0.3800593788008536,0.7309331427233461,0.5028008311794651,0.44903225806451613,0.7541935483870967,0.9303225806451613,
cellular_clearance,continued_reference,4,calibrated,25,5.0,31,24.0,31,0.5261530472433689,0.36546334833387406,0.46916653585975376,0.3552425110147845,0.653888506529409,0.5085223926267316,0.4780645161290323,0.7909677419354841,0.9432258064516128,
cellular_clearance,continued_reference,4,raw,25,5.0,31,24.0,31,0.5261530472433689,0.36546334833387406,0.46916653585975376,0.3552425110147845,0.6545601528965399,0.48095935160113923,0.452258064516129,0.7774193548387096,0.9367741935483872,
cellular_clearance,continued_reference,9,calibrated,25,10.0,31,24.0,31,0.580545581152563,0.4346128487298565,0.4414183353540044,0.32709020132018685,0.5783338901481447,0.4819640364185457,0.5019354838709676,0.7974193548387096,0.9464516129032259,
cellular_clearance,continued_reference,9,raw,25,10.0,31,24.0,31,0.580545581152563,0.4346128487298565,0.4414183353540044,0.32709020132018685,0.5760260637156117,0.4558694495693329,0.48258064516129034,0.7780645161290323,0.941290322580645,
cellular_clearance,frozen_average,0,calibrated,25,1.0,31,24.0,31,0.083571387315027,0.3176122928338666,0.6524651230519098,0.4993831166913432,1.0077883526814848,0.7217282525954709,0.4780645161290323,0.7767741935483872,0.9509677419354838,
cellular_clearance,frozen_average,0,raw,25,1.0,31,24.0,31,0.083571387315027,0.3176122928338666,0.6524651230519098,0.4993831166913432,1.0229307182896874,0.6141431740791565,0.4187096774193548,0.7129032258064517,0.9238709677419357,
cellular_clearance,frozen_average,1,calibrated,25,2.0,31,24.0,31,0.17917416437125666,0.3119880153767524,0.6174950640561183,0.4729103923420752,0.9559222989139647,0.6209514754049238,0.4341935483870967,0.7212903225806453,0.9393548387096774,
cellular_clearance,frozen_average,1,raw,25,2.0,31,24.0,31,0.17917416437125666,0.3119880153767524,0.6174950640561183,0.4729103923420752,0.9936878564766165,0.5286109632830466,0.3787096774193548,0.6554838709677419,0.9025806451612903,
cellular_clearance,frozen_average,2,calibrated,25,3.0,31,24.0,31,0.1957479791187796,0.3342447038619749,0.6112291559024454,0.4684587239450024,0.9417579601671571,0.5962621543484349,0.4193548387096775,0.7283870967741934,0.9303225806451613,
cellular_clearance,frozen_average,2,raw,25,3.0,31,24.0,31,0.1957479791187796,0.3342447038619749,0.6112291559024454,0.4684587239450024,0.9849043547116163,0.507527045742158,0.36,0.66,0.8961290322580645,
cellular_clearance,frozen_average,4,calibrated,25,5.0,31,24.0,31,0.1899178492964193,0.36468580156084024,0.6134405960895941,0.47310497751159053,0.9739601453524758,0.5705314571626726,0.4038709677419355,0.7000000000000001,0.9141935483870968,
cellular_clearance,frozen_average,4,raw,25,5.0,31,24.0,31,0.1899178492964193,0.36468580156084024,0.6134405960895941,0.47310497751159053,1.0263958341837305,0.4855995492781362,0.3380645161290322,0.6393548387096775,0.8748387096774194,
cellular_clearance,frozen_average,9,calibrated,25,10.0,31,24.0,31,0.1388165308755629,0.42390764812307974,0.6324931465640341,0.4868952249327013,1.0231481123408401,0.5411409389588141,0.3754838709677419,0.6729032258064516,0.8935483870967741,
cellular_clearance,frozen_average,9,raw,25,10.0,31,24.0,31,0.1388165308755629,0.42390764812307974,0.6324931465640341,0.4868952249327013,1.091966651988361,0.4604660904792047,0.31354838709677424,0.6025806451612903,0.8419354838709678,
cellular_clearance,trained_average,0,calibrated,25,1.0,31,24.0,31,0.09613201775750391,0.3084399382673925,0.6479783311390618,0.495336551050986,1.0114899790608298,0.6350972427860382,0.427741935483871,0.7264516129032257,0.9251612903225807,
cellular_clearance,trained_average,0,raw,25,1.0,31,24.0,31,0.09613201775750391,0.3084399382673925,0.6479783311390618,0.495336551050986,1.0208988955861422,0.589646655051939,0.41161290322580657,0.7019354838709678,0.9135483870967742,
cellular_clearance,trained_average,1,calibrated,25,2.0,31,24.0,31,0.3532463448304013,0.31956576760257444,0.5481222446904414,0.4227694683882497,0.8425834333000886,0.5784479501939589,0.44451612903225796,0.7632258064516128,0.9400000000000001,
cellular_clearance,trained_average,1,raw,25,2.0,31,24.0,31,0.3532463448304013,0.31956576760257444,0.5481222446904414,0.4227694683882497,0.8501994831874237,0.5376034339012637,0.424516129032258,0.7329032258064515,0.9309677419354839,
cellular_clearance,trained_average,2,calibrated,25,3.0,31,24.0,31,0.4302867697542413,0.32345150853357,0.5144416638564197,0.39827867748275886,0.7686593201198979,0.5591193374510735,0.4561290322580645,0.7761290322580646,0.9470967741935483,
cellular_clearance,trained_average,2,raw,25,3.0,31,24.0,31,0.4302867697542413,0.32345150853357,0.5144416638564197,0.39827867748275886,0.7745774555308187,0.5195457887649536,0.42774193548387096,0.750967741935484,0.9387096774193547,
cellular_clearance,trained_average,4,calibrated,25,5.0,31,24.0,31,0.480952985237892,0.3372388245838303,0.4910337354820283,0.3824180578800939,0.7258420071708132,0.5397638468588553,0.456774193548387,0.7858064516129034,0.947741935483871,
cellular_clearance,trained_average,4,raw,25,5.0,31,24.0,31,0.480952985237892,0.3372388245838303,0.4910337354820283,0.3824180578800939,0.7322711776193535,0.5016765512189558,0.4219354838709678,0.7619354838709677,0.9400000000000001,
cellular_clearance,trained_average,9,calibrated,25,10.0,31,24.0,31,0.506660671907252,0.3870292580416125,0.478719205053556,0.3668543724186958,0.6872489402012647,0.5185201812559558,0.4625806451612903,0.7825806451612903,0.9541935483870967,
cellular_clearance,trained_average,9,raw,25,10.0,31,24.0,31,0.506660671907252,0.3870292580416125,0.478719205053556,0.3668543724186958,0.6925658812971246,0.48192429619450716,0.43161290322580653,0.7522580645161293,0.9400000000000001,
efflux,checkpoint_1,0,calibrated,25,1.0,18,18.0,18,0.16578710706988575,0.296395543942021,0.7593712372764572,0.5701322097910775,1.129711934170481,0.7570789792802599,0.46333333333333343,0.7533333333333333,0.9311111111111112,
efflux,checkpoint_1,0,raw,25,1.0,18,18.0,18,0.16578710706988575,0.296395543942021,0.7593712372764572,0.5701322097910775,1.1521307758647863,0.668198872142368,0.43333333333333335,0.71,0.9044444444444445,
efflux,checkpoint_1,1,calibrated,25,2.0,18,18.0,18,0.38330806623627733,0.3295018080621958,0.6529047504341758,0.483212896850374,0.9507296458451857,0.6383287077479892,0.45222222222222214,0.7455555555555555,0.9277777777777777,
efflux,checkpoint_1,1,raw,25,2.0,18,18.0,18,0.38330806623627733,0.3295018080621958,0.6529047504341758,0.483212896850374,0.9844874274385228,0.5692990446090698,0.41222222222222216,0.7033333333333333,0.9022222222222224,
efflux,checkpoint_1,2,calibrated,25,3.0,18,18.0,18,0.5175333313932698,0.36581602307657396,0.5774964942641946,0.42733882748418384,0.8226299089049799,0.6120877255333794,0.47888888888888886,0.7877777777777779,0.9411111111111112,
efflux,checkpoint_1,2,raw,25,3.0,18,18.0,18,0.5175333313932698,0.36581602307657396,0.5774964942641946,0.42733882748418384,0.8341199465472466,0.5457355984052022,0.4388888888888889,0.7322222222222222,0.9255555555555556,
efflux,checkpoint_1,4,calibrated,25,5.0,18,18.0,18,0.6000315246021353,0.3971682644138734,0.5258096784368065,0.3873910136024157,0.7235758148352373,0.5805322473578982,0.49888888888888894,0.7899999999999999,0.9466666666666667,
efflux,checkpoint_1,4,raw,25,5.0,18,18.0,18,0.6000315246021353,0.3971682644138734,0.5258096784368065,0.3873910136024157,0.7357238049831221,0.5176562056276534,0.4566666666666666,0.7455555555555555,0.9333333333333333,
efflux,checkpoint_1,9,calibrated,25,10.0,18,18.0,18,0.6871050233792158,0.48305514665941396,0.46506642790204383,0.3400277634130584,0.5941666672870929,0.5444032867749532,0.53,0.8033333333333333,0.9555555555555555,
efflux,checkpoint_1,9,raw,25,10.0,18,18.0,18,0.6871050233792158,0.48305514665941396,0.46506642790204383,0.3400277634130584,0.5993078246152415,0.4857763297028012,0.4888888888888888,0.768888888888889,0.9344444444444444,
efflux,consistent_average,0,calibrated,25,1.0,18,18.0,18,0.1658023103079106,0.28742687989854154,0.7593643176074084,0.5695063748293453,1.1233912941809878,0.7801222689946492,0.4733333333333334,0.758888888888889,0.941111111111111,
efflux,consistent_average,0,raw,25,1.0,18,18.0,18,0.1658023103079106,0.28742687989854154,0.7593643176074084,0.5695063748293453,1.147637419307157,0.6622883701324463,0.4355555555555556,0.7011111111111111,0.9033333333333334,
efflux,consistent_average,1,calibrated,25,2.0,18,18.0,18,0.28073827690090447,0.3222381939490636,0.7051137262457505,0.519241115450859,1.0294088687373348,0.6798163118627336,0.4577777777777777,0.7288888888888889,0.9277777777777777,
efflux,consistent_average,1,raw,25,2.0,18,18.0,18,0.28073827690090447,0.3222381939490636,0.7051137262457505,0.519241115450859,1.0704011529603774,0.5814246634642284,0.39999999999999997,0.6733333333333333,0.8888888888888888,
efflux,consistent_average,2,calibrated,25,3.0,18,18.0,18,0.4649305468809848,0.34873568841980557,0.6081640907399782,0.4536670617593659,0.8935721957730929,0.6444478244251675,0.44777777777777783,0.7844444444444445,0.9299999999999999,
efflux,consistent_average,2,raw,25,3.0,18,18.0,18,0.4649305468809848,0.34873568841980557,0.6081640907399782,0.4536670617593659,0.906124163282846,0.5510831879244911,0.38222222222222224,0.7144444444444445,0.9155555555555556,
efflux,consistent_average,4,calibrated,25,5.0,18,18.0,18,0.5775918450249096,0.3783336991237269,0.5403583184514862,0.4042599465449651,0.7800887835961068,0.5985722426573434,0.48666666666666664,0.7877777777777779,0.94,
efflux,consistent_average,4,raw,25,5.0,18,18.0,18,0.5775918450249096,0.3783336991237269,0.5403583184514862,0.4042599465449651,0.7996615218638925,0.5122275230619643,0.42444444444444446,0.7122222222222221,0.9233333333333332,
efflux,consistent_average,9,calibrated,25,10.0,18,18.0,18,0.6626570176937797,0.46702827629115845,0.4828936944728662,0.3625721054606967,0.6763441835900014,0.5534504589769575,0.48000000000000004,0.7888888888888889,0.9411111111111112,
efflux,consistent_average,9,raw,25,10.0,18,18.0,18,0.6626570176937797,0.46702827629115845,0.4828936944728662,0.3625721054606967,0.6976322499432199,0.4741301073630651,0.4244444444444444,0.7288888888888889,0.9199999999999999,
efflux,continued_reference,0,calibrated,25,1.0,18,18.0,18,0.163558939280538,0.2916805380127496,0.7603846945257503,0.5716121698088117,1.132225061596441,0.7566266995006138,0.4644444444444445,0.7533333333333333,0.9299999999999999,
efflux,continued_reference,0,raw,25,1.0,18,18.0,18,0.163558939280538,0.2916805380127496,0.7603846945257503,0.5716121698088117,1.1536651377981855,0.6640596784485711,0.42000000000000004,0.7055555555555556,0.8999999999999999,
efflux,continued_reference,1,calibrated,25,2.0,18,18.0,18,0.3810630120188222,0.33137178561753694,0.6540921138863018,0.4842459502153926,0.9564580969531487,0.6388417659865485,0.4544444444444443,0.7466666666666667,0.9277777777777777,
efflux,continued_reference,1,raw,25,2.0,18,18.0,18,0.3810630120188222,0.33137178561753694,0.6540921138863018,0.4842459502153926,0.9924680728332717,0.5677679970529345,0.41666666666666663,0.701111111111111,0.9011111111111112,
efflux,continued_reference,2,calibrated,25,3.0,18,18.0,18,0.5165612214945909,0.36150272741085954,0.5780779930462907,0.4281459820932812,0.8253755780702167,0.612203557756212,0.4755555555555555,0.7866666666666667,0.9366666666666666,
efflux,continued_reference,2,raw,25,3.0,18,18.0,18,0.5165612214945909,0.36150272741085954,0.5780779930462907,0.4281459820932812,0.8401862618496033,0.5439794878164927,0.4344444444444444,0.7288888888888889,0.9222222222222223,
efflux,continued_reference,4,calibrated,25,5.0,18,18.0,18,0.5997620647628953,0.3983226731833484,0.5259867683136945,0.38765203817023175,0.7260076104538475,0.5805400482813518,0.49888888888888894,0.7922222222222222,0.9444444444444444,
efflux,continued_reference,4,raw,25,5.0,18,18.0,18,0.5997620647628953,0.3983226731833484,0.5259867683136945,0.38765203817023175,0.7401113101583768,0.5158431382973987,0.45222222222222214,0.7433333333333334,0.9300000000000002,
efflux,continued_reference,9,calibrated,25,10.0,18,18.0,18,0.6874857483488006,0.4813884798851278,0.46478339955510517,0.3402042117714882,0.5967502259701392,0.5445056382815044,0.5277777777777778,0.8044444444444445,0.9533333333333334,
efflux,continued_reference,9,raw,25,10.0,18,18.0,18,0.6874857483488006,0.4813884798851278,0.46478339955510517,0.3402042117714882,0.6028254373279022,0.4840996007124583,0.48777777777777764,0.7655555555555555,0.9333333333333333,
efflux,frozen_average,0,calibrated,25,1.0,18,18.0,18,0.16578710706988575,0.296395543942021,0.7593712372764572,0.5701322097910775,1.1304558006665049,0.8430943708949619,0.5122222222222221,0.7877777777777778,0.9566666666666668,
efflux,frozen_average,0,raw,25,1.0,18,18.0,18,0.16578710706988575,0.296395543942021,0.7593712372764572,0.5701322097910775,1.1521307758647863,0.668198872142368,0.43333333333333335,0.71,0.9044444444444445,
efflux,frozen_average,1,calibrated,25,2.0,18,18.0,18,0.21960300275432731,0.32185026655594506,0.7344690325519861,0.5438673679365053,1.0639751651909544,0.7132607679896884,0.44777777777777783,0.7188888888888889,0.9400000000000001,
efflux,frozen_average,1,raw,25,2.0,18,18.0,18,0.21960300275432731,0.32185026655594506,0.7344690325519861,0.5438673679365053,1.1265281671671596,0.5698655139075385,0.3722222222222222,0.6411111111111111,0.8755555555555555,
efflux,frozen_average,2,calibrated,25,3.0,18,18.0,18,0.30207848571901785,0.36944081601169376,0.6945747441051799,0.5291902717947959,1.0617348324802456,0.6838856363296508,0.41333333333333333,0.7277777777777776,0.9244444444444445,
efflux,frozen_average,2,raw,25,3.0,18,18.0,18,0.30207848571901785,0.36944081601169376,0.6945747441051799,0.5291902717947959,1.1097436973735473,0.5461866753631167,0.3244444444444444,0.6422222222222221,0.8755555555555554,
efflux,frozen_average,4,calibrated,25,5.0,18,18.0,18,0.37913939127140506,0.40480196873346963,0.6551077657852089,0.5015516274174054,1.007502619804117,0.6493273384041257,0.4122222222222222,0.73,0.9244444444444445,
efflux,frozen_average,4,raw,25,5.0,18,18.0,18,0.37913939127140506,0.40480196873346963,0.6551077657852089,0.5015516274174054,1.0617061314624878,0.5186685073375702,0.3411111111111111,0.6166666666666666,0.8799999999999999,
efflux,frozen_average,9,calibrated,25,10.0,18,18.0,18,0.37611952416960825,0.48138185553252694,0.6566990557903487,0.5005506730079651,1.0096790404114393,0.6092926324738397,0.3833333333333333,0.6955555555555555,0.9199999999999999,
efflux,frozen_average,9,raw,25,10.0,18,18.0,18,0.37611952416960825,0.48138185553252694,0.6566990557903487,0.5005506730079651,1.0933358781701417,0.48708317584461636,0.31777777777777777,0.5877777777777777,0.8611111111111112,
efflux,trained_average,0,calibrated,25,1.0,18,18.0,18,0.17077454404353143,0.29095861272265516,0.7570978404443647,0.5680310987763936,1.1273881522395601,0.7505979665120442,0.4577777777777779,0.7533333333333334,0.9311111111111112,
efflux,trained_average,0,raw,25,1.0,18,18.0,18,0.17077454404353143,0.29095861272265516,0.7570978404443647,0.5680310987763936,1.146816850190099,0.6595836766560873,0.44111111111111106,0.6977777777777778,0.9033333333333332,
efflux,trained_average,1,calibrated,25,2.0,18,18.0,18,0.32242877441269846,0.3112677526142862,0.6843734797071516,0.5042149509655104,0.994882672480367,0.6673341618643867,0.46222222222222226,0.75,0.9244444444444445,
efflux,trained_average,1,raw,25,2.0,18,18.0,18,0.32242877441269846,0.3112677526142862,0.6843734797071516,0.5042149509655104,1.0285992936502972,0.5921643320719401,0.4111111111111111,0.6922222222222222,0.9044444444444445,
efflux,trained_average,2,calibrated,25,3.0,18,18.0,18,0.4406300400806077,0.34074298855331203,0.6218208273634784,0.4679516660504871,0.9224024090568551,0.6443323879771762,0.4311111111111111,0.7855555555555556,0.931111111111111,
efflux,trained_average,2,raw,25,3.0,18,18.0,18,0.4406300400806077,0.34074298855331203,0.6218208273634784,0.4679516660504871,0.9307902222104936,0.5714159707228342,0.3744444444444444,0.7288888888888888,0.9211111111111112,
efflux,trained_average,4,calibrated,25,5.0,18,18.0,18,0.532116765582135,0.38438077159225936,0.5687015818266182,0.4302702843149503,0.8384658124242859,0.6147114173571269,0.4466666666666666,0.7755555555555556,0.9400000000000001,
efflux,trained_average,4,raw,25,5.0,18,18.0,18,0.532116765582135,0.38438077159225936,0.5687015818266182,0.4302702843149503,0.8501663962979191,0.5450483258565266,0.40333333333333327,0.7233333333333333,0.9211111111111112,
efflux,trained_average,9,calibrated,25,10.0,18,18.0,18,0.585728317861222,0.4408595108323627,0.5351287920722696,0.40304683691925475,0.78026888126645,0.5832579913404252,0.4655555555555555,0.7677777777777778,0.9388888888888888,
efflux,trained_average,9,raw,25,10.0,18,18.0,18,0.585728317861222,0.4408595108323627,0.5351287920722696,0.40304683691925475,0.7958700403787751,0.5174351884259117,0.4211111111111111,0.7177777777777777,0.9155555555555556,
in_vivo_clearance,checkpoint_1,0,calibrated,25,1.0,5,3.0,5,-0.20228480412285377,-0.08235054180026057,0.506155124062717,0.3865819675922394,0.7143925543154893,0.5813595485687257,0.54,0.8239999999999998,0.96,
in_vivo_clearance,checkpoint_1,0,raw,25,1.0,5,3.0,5,-0.20228480412285377,-0.08235054180026057,0.506155124062717,0.3865819675922394,0.7388465260579058,0.5191093559265136,0.5039999999999999,0.7759999999999999,0.9039999999999999,
in_vivo_clearance,checkpoint_1,1,calibrated,25,2.0,5,3.0,5,0.04002735515390676,-0.04153239101171493,0.4522820871124396,0.3433062996864319,0.6400182736042753,0.5810268688201905,0.608,0.8800000000000001,0.968,
in_vivo_clearance,checkpoint_1,1,raw,25,2.0,5,3.0,5,0.04002735515390676,-0.04153239101171493,0.4522820871124396,0.3433062996864319,0.6514573471492444,0.5231305923461914,0.5599999999999999,0.8280000000000001,0.9280000000000002,
in_vivo_clearance,checkpoint_1,2,calibrated,25,3.0,5,3.0,5,0.2973007719191786,0.0733896718919277,0.3869587727517121,0.2967794997692108,0.5321495269250702,0.5695248737335206,0.6960000000000001,0.9199999999999999,0.984,
in_vivo_clearance,checkpoint_1,2,raw,25,3.0,5,3.0,5,0.2973007719191786,0.0733896718919277,0.3869587727517121,0.2967794997692108,0.5109792424320729,0.5126302075386048,0.6279999999999999,0.8760000000000001,0.96,
in_vivo_clearance,checkpoint_1,4,calibrated,25,5.0,5,3.0,5,0.4108569835679461,0.19272739380598067,0.35431564216159184,0.2711420141458511,0.47096838418574755,0.5526722269058227,0.712,0.9480000000000001,0.984,
in_vivo_clearance,checkpoint_1,4,raw,25,5.0,5,3.0,5,0.4108569835679461,0.19272739380598067,0.35431564216159184,0.2711420141458511,0.43921755628877834,0.4972156686782837,0.664,0.8960000000000001,0.968,
in_vivo_clearance,checkpoint_1,9,calibrated,25,10.0,5,3.0,5,0.5595324832951776,0.3332989157736301,0.30636341486131236,0.23692489445209503,0.3909347017103558,0.534602131843567,0.7599999999999999,0.944,0.9879999999999999,
in_vivo_clearance,checkpoint_1,9,raw,25,10.0,5,3.0,5,0.5595324832951776,0.3332989157736301,0.30636341486131236,0.23692489445209503,0.3414744033523821,0.4808027806282043,0.7,0.9120000000000001,0.9800000000000001,
in_vivo_clearance,consistent_average,0,calibrated,25,1.0,5,3.0,5,-0.17861352023304788,-0.12163630291819572,0.5011476153168455,0.38306664156913756,0.706204669618315,0.5905577049255372,0.5599999999999999,0.8400000000000001,0.968,
in_vivo_clearance,consistent_average,0,raw,25,1.0,5,3.0,5,-0.17861352023304788,-0.12163630291819572,0.5011476153168455,0.38306664156913756,0.7151709536198323,0.514005368232727,0.5199999999999999,0.7959999999999999,0.9280000000000002,
in_vivo_clearance,consistent_average,1,calibrated,25,2.0,5,3.0,5,-0.13168410677154951,-0.06261032789945602,0.4910690544089604,0.3800350821018218,0.7187496838622597,0.6159094219207765,0.572,0.8640000000000001,0.9800000000000001,
in_vivo_clearance,consistent_average,1,raw,25,2.0,5,3.0,5,-0.13168410677154951,-0.06261032789945602,0.4910690544089604,0.3800350821018218,0.7315778128810487,0.5429863810539245,0.512,0.808,0.9280000000000002,
in_vivo_clearance,consistent_average,2,calibrated,25,3.0,5,3.0,5,0.2066810024927801,0.02764945849776267,0.41115340000535355,0.3212787120342254,0.5910723645690313,0.5995027914047242,0.6559999999999999,0.8960000000000001,0.9879999999999999,
in_vivo_clearance,consistent_average,2,raw,25,3.0,5,3.0,5,0.2066810024927801,0.02764945849776267,0.41115340000535355,0.3212787120342254,0.5649093234338156,0.5287254385948181,0.6,0.8560000000000001,0.9560000000000001,
in_vivo_clearance,consistent_average,4,calibrated,25,5.0,5,3.0,5,0.38635201746951253,0.13533771947026252,0.36160931903110277,0.27580430257320404,0.5034025619745134,0.5797617044448853,0.708,0.9280000000000002,0.984,
in_vivo_clearance,consistent_average,4,raw,25,5.0,5,3.0,5,0.38635201746951253,0.13533771947026252,0.36160931903110277,0.27580430257320404,0.4560984557729218,0.5111132864952087,0.656,0.8960000000000001,0.968,
in_vivo_clearance,consistent_average,9,calibrated,25,10.0,5,3.0,5,0.5284286645795806,0.2931950028240681,0.3169959094286783,0.24185589635372157,0.4328312609292496,0.5610433588027954,0.716,0.96,0.9879999999999999,
in_vivo_clearance,consistent_average,9,raw,25,10.0,5,3.0,5,0.5284286645795806,0.2931950028240681,0.3169959094286783,0.24185589635372157,0.3705066425711441,0.49455926227569585,0.6719999999999999,0.9200000000000002,0.984,
in_vivo_clearance,continued_reference,0,calibrated,25,1.0,5,3.0,5,-0.17870776263230792,-0.1043505422770977,0.5011676508962608,0.38248151147365567,0.7064162840725625,0.5795150938034057,0.5519999999999999,0.8320000000000001,0.9559999999999998,
in_vivo_clearance,continued_reference,0,raw,25,1.0,5,3.0,5,-0.17870776263230792,-0.1043505422770977,0.5011676508962608,0.38248151147365567,0.7231843867861455,0.5167434663772583,0.5039999999999999,0.78,0.908,
in_vivo_clearance,continued_reference,1,calibrated,25,2.0,5,3.0,5,0.04645226907014355,-0.05753239154815669,0.4507660272827807,0.3424366025924682,0.6396530549894587,0.580088752746582,0.6199999999999999,0.8760000000000001,0.96,
in_vivo_clearance,continued_reference,1,raw,25,2.0,5,3.0,5,0.04645226907014355,-0.05753239154815669,0.4507660272827807,0.3424366025924682,0.6478215152465822,0.5217739434242248,0.5519999999999999,0.8320000000000001,0.9280000000000002,
in_vivo_clearance,continued_reference,2,calibrated,25,3.0,5,3.0,5,0.2982752774516627,0.057389672845602015,0.38669036183054295,0.29717407488822933,0.5317966652391923,0.5683984432220459,0.6679999999999999,0.916,0.984,
in_vivo_clearance,continued_reference,2,raw,25,3.0,5,3.0,5,0.2982752774516627,0.057389672845602015,0.38669036183054295,0.29717407488822933,0.5092301370019734,0.511152892112732,0.6199999999999999,0.8800000000000001,0.96,
in_vivo_clearance,continued_reference,4,calibrated,25,5.0,5,3.0,5,0.4102159662614375,0.15585728555917736,0.3545083463995058,0.27126684367656706,0.4698159072618431,0.5508820199966431,0.704,0.9480000000000001,0.984,
in_vivo_clearance,continued_reference,4,raw,25,5.0,5,3.0,5,0.4102159662614375,0.15585728555917736,0.3545083463995058,0.27126684367656706,0.43724812807905045,0.4952107272148133,0.6559999999999999,0.9039999999999999,0.9640000000000001,
in_vivo_clearance,continued_reference,9,calibrated,25,10.0,5,3.0,5,0.5564120887552299,0.33929891690611835,0.30744668157651356,0.23758927273750302,0.38964677027149286,0.5321662006378174,0.748,0.9399999999999998,0.9879999999999999,
in_vivo_clearance,continued_reference,9,raw,25,10.0,5,3.0,5,0.5564120887552299,0.33929891690611835,0.30744668157651356,0.23758927273750302,0.34076147148393,0.47827330541610724,0.7,0.916,0.9800000000000001,
in_vivo_clearance,frozen_average,0,calibrated,25,1.0,5,3.0,5,-0.20228480412285377,-0.08235054180026057,0.506155124062717,0.3865819675922394,0.7315733317644898,0.6282325105667115,0.5880000000000001,0.844,0.984,
in_vivo_clearance,frozen_average,0,raw,25,1.0,5,3.0,5,-0.20228480412285377,-0.08235054180026057,0.506155124062717,0.3865819675922394,0.7388465260579058,0.5191093559265136,0.5039999999999999,0.7759999999999999,0.9039999999999999,
in_vivo_clearance,frozen_average,1,calibrated,25,2.0,5,3.0,5,-0.2308111526097838,-0.049532391577959044,0.5121246382463205,0.39995029902458185,0.7588818315996744,0.6294161853790283,0.568,0.8320000000000001,0.9800000000000001,
in_vivo_clearance,frozen_average,1,raw,25,2.0,5,3.0,5,-0.2308111526097838,-0.049532391577959044,0.5121246382463205,0.39995029902458185,0.7843893239465534,0.5242256922721863,0.488,0.76,0.9199999999999999,
in_vivo_clearance,frozen_average,2,calibrated,25,3.0,5,3.0,5,-0.1205795759670043,0.07738967239856717,0.48865383340538443,0.3909486603736877,0.7128514803893664,0.6188902091979981,0.576,0.868,0.9879999999999999,
in_vivo_clearance,frozen_average,2,raw,25,3.0,5,3.0,5,-0.1205795759670043,0.07738967239856717,0.48865383340538443,0.3909486603736877,0.7177035684649931,0.5152111225128173,0.4879999999999999,0.768,0.9359999999999999,
in_vivo_clearance,frozen_average,4,calibrated,25,5.0,5,3.0,5,-0.059037979821048525,0.19472739368677136,0.47504606655689324,0.370777631521225,0.6753588049666824,0.6024604539871217,0.616,0.8640000000000001,0.976,
in_vivo_clearance,frozen_average,4,raw,25,5.0,5,3.0,5,-0.059037979821048525,0.19472739368677136,0.47504606655689324,0.370777631521225,0.6717290028649171,0.5011694993972778,0.5,0.808,0.9400000000000001,
in_vivo_clearance,frozen_average,9,calibrated,25,10.0,5,3.0,5,-0.05716110190657142,0.3352989159524441,0.47462493017003743,0.37181432795524594,0.6703213554657543,0.5832485475540162,0.5800000000000001,0.8400000000000001,0.9800000000000001,
in_vivo_clearance,frozen_average,9,raw,25,10.0,5,3.0,5,-0.05716110190657142,0.3352989159524441,0.47462493017003743,0.37181432795524594,0.6926595100070916,0.4850059766769409,0.5119999999999999,0.748,0.944,
in_vivo_clearance,trained_average,0,calibrated,25,1.0,5,3.0,5,-0.189274668450232,-0.12363630279898645,0.5034090781106659,0.3846226131916046,0.7035880970856451,0.5740713777542115,0.5519999999999999,0.8320000000000001,0.96,
in_vivo_clearance,trained_average,0,raw,25,1.0,5,3.0,5,-0.189274668450232,-0.12363630279898645,0.5034090781106659,0.3846226131916046,0.7210313736635126,0.5027471122741699,0.5119999999999999,0.78,0.9120000000000001,
in_vivo_clearance,trained_average,1,calibrated,25,2.0,5,3.0,5,-0.03451266858441704,-0.052558370977640156,0.4695132636117792,0.3588579428195953,0.6921449010998288,0.6337171154022216,0.6,0.8800000000000001,0.9879999999999999,
in_vivo_clearance,trained_average,1,raw,25,2.0,5,3.0,5,-0.03451266858441704,-0.052558370977640156,0.4695132636117792,0.3588579428195953,0.6813075821787813,0.5610885086059569,0.548,0.844,0.932,
in_vivo_clearance,trained_average,2,calibrated,25,3.0,5,3.0,5,0.13082319955640687,0.014467608034610765,0.4303621036429326,0.3385062355995178,0.6344213194291866,0.6264725599288941,0.648,0.9120000000000001,0.992,
in_vivo_clearance,trained_average,2,raw,25,3.0,5,3.0,5,0.13082319955640687,0.014467608034610765,0.4303621036429326,0.3385062355995178,0.606179603142827,0.5545909156799317,0.5840000000000001,0.8640000000000001,0.968,
in_vivo_clearance,trained_average,4,calibrated,25,5.0,5,3.0,5,0.23251593740380183,0.14036369711160662,0.40440325420140477,0.3197261865139007,0.5826863476490004,0.6121715126037598,0.6639999999999999,0.916,0.984,
in_vivo_clearance,trained_average,4,raw,25,5.0,5,3.0,5,0.23251593740380183,0.14036369711160662,0.40440325420140477,0.3197261865139007,0.5423996166655267,0.5416890745162964,0.612,0.8879999999999999,0.9800000000000001,
in_vivo_clearance,trained_average,9,calibrated,25,10.0,5,3.0,5,0.27263540266673747,0.3181170669198036,0.3936915000343504,0.3097852025032043,0.563467489946045,0.5981008815765382,0.628,0.9359999999999999,0.9879999999999999,
in_vivo_clearance,trained_average,9,raw,25,10.0,5,3.0,5,0.27263540266673747,0.3181170669198036,0.3936915000343504,0.3097852025032043,0.5257677384442612,0.5290223507881164,0.5680000000000001,0.884,0.9800000000000001,
microsomal_clearance,checkpoint_1,0,calibrated,25,1.0,112,71.0,112,0.09068638925911077,0.3287049039820834,0.6297174164732102,0.48839557077203477,0.9705512427235627,0.6288297239371706,0.5055357142857143,0.78125,0.9394642857142858,
microsomal_clearance,checkpoint_1,0,raw,25,1.0,112,71.0,112,0.09068638925911077,0.3287049039820834,0.6297174164732102,0.48839557077203477,0.9590369234464065,0.5999658372998239,0.49178571428571427,0.7644642857142857,0.9299999999999999,
microsomal_clearance,checkpoint_1,1,calibrated,25,2.0,112,71.0,112,0.3693712800183945,0.33841869593914725,0.5244157564002211,0.40047028086281244,0.784199505726184,0.5066729315689632,0.500357142857143,0.7810714285714286,0.9249999999999999,
microsomal_clearance,checkpoint_1,1,raw,25,2.0,112,71.0,112,0.3693712800183945,0.33841869593914725,0.5244157564002211,0.40047028086281244,0.7829983846808602,0.48519109972885677,0.4794642857142857,0.7639285714285714,0.9178571428571429,
microsomal_clearance,checkpoint_1,2,calibrated,25,3.0,112,71.0,112,0.45470852899692105,0.3501666455172729,0.4876443667027782,0.37048590881483895,0.7147096416228401,0.47976082063147,0.5180357142857143,0.7887500000000001,0.9264285714285715,
microsomal_clearance,checkpoint_1,2,raw,25,3.0,112,71.0,112,0.45470852899692105,0.3501666455172729,0.4876443667027782,0.37048590881483895,0.7138141338571126,0.45935838773846627,0.50125,0.7744642857142858,0.9169642857142856,
microsomal_clearance,checkpoint_1,4,calibrated,25,5.0,112,71.0,112,0.5217180269315753,0.3701204505660349,0.4566998460846882,0.3449304952312793,0.6493528045238889,0.4500202298590115,0.5258928571428572,0.7876785714285715,0.9299999999999999,
microsomal_clearance,checkpoint_1,4,raw,25,5.0,112,71.0,112,0.5217180269315753,0.3701204505660349,0.4566998460846882,0.3449304952312793,0.6484673573205578,0.43081764666097494,0.5085714285714286,0.7742857142857142,0.9196428571428571,
microsomal_clearance,checkpoint_1,9,calibrated,25,10.0,112,71.0,112,0.595398987571441,0.43407318402438627,0.42005130832517346,0.31467237631125106,0.5637128380664868,0.4167683772104126,0.5307142857142857,0.7937500000000001,0.9351785714285714,
microsomal_clearance,checkpoint_1,9,raw,25,10.0,112,71.0,112,0.595398987571441,0.43407318402438627,0.42005130832517346,0.31467237631125106,0.5625354849605457,0.398776679358312,0.5189285714285714,0.7833928571428571,0.9276785714285715,
microsomal_clearance,consistent_average,0,calibrated,25,1.0,112,71.0,112,0.10326061280081134,0.3288097737897124,0.6253483120512574,0.4844204770720431,0.960539949109872,0.6125785551752363,0.5035714285714287,0.7760714285714287,0.9348214285714286,
microsomal_clearance,consistent_average,0,raw,25,1.0,112,71.0,112,0.10326061280081134,0.3288097737897124,0.6253483120512574,0.4844204770720431,0.9604620958080429,0.5643773663469723,0.4739285714285714,0.7466071428571429,0.9142857142857144,
microsomal_clearance,consistent_average,1,calibrated,25,2.0,112,71.0,112,0.30675127478221764,0.3438268634144855,0.5498362880380315,0.4188608767464756,0.8187873810531118,0.5406277513929776,0.5164285714285715,0.7882142857142858,0.9312500000000001,
microsomal_clearance,consistent_average,1,raw,25,2.0,112,71.0,112,0.30675127478221764,0.3438268634144855,0.5498362880380315,0.4188608767464756,0.8242061717287328,0.49936021462082864,0.485,0.7542857142857142,0.9132142857142859,
microsomal_clearance,consistent_average,2,calibrated,25,3.0,112,71.0,112,0.42880415704703323,0.35407251049569105,0.4990928844491847,0.37801886949954294,0.7362914049064962,0.49947497853210987,0.5330357142857143,0.7921428571428571,0.9299999999999999,
microsomal_clearance,consistent_average,2,raw,25,3.0,112,71.0,112,0.42880415704703323,0.35407251049569105,0.4990928844491847,0.37801886949954294,0.7421415837840113,0.4612270170237337,0.4978571428571429,0.762142857142857,0.9123214285714286,
microsomal_clearance,consistent_average,4,calibrated,25,5.0,112,71.0,112,0.5121483105115389,0.3644348919852542,0.46124616240080485,0.34830141578934015,0.6625854853200339,0.46111376459045067,0.5305357142857143,0.7966071428571428,0.9326785714285715,
microsomal_clearance,consistent_average,4,raw,25,5.0,112,71.0,112,0.5121483105115389,0.3644348919852542,0.46124616240080485,0.34830141578934015,0.668653261283228,0.42572855478950905,0.4998214285714285,0.7699999999999999,0.9164285714285716,
microsomal_clearance,consistent_average,9,calibrated,25,10.0,112,71.0,112,0.5846482072613693,0.4128905993792843,0.42559537894489924,0.32022640730919577,0.5858121794925949,0.4226600982887404,0.5280357142857143,0.7937500000000001,0.9316071428571429,
microsomal_clearance,consistent_average,9,raw,25,10.0,112,71.0,112,0.5846482072613693,0.4128905993792843,0.42559537894489924,0.32022640730919577,0.592679172404809,0.3900304487986224,0.49874999999999997,0.7669642857142858,0.9133928571428571,
microsomal_clearance,continued_reference,0,calibrated,25,1.0,112,71.0,112,0.09129474920138969,0.32866188019641845,0.6295067306637503,0.487721085814493,0.9702664873952637,0.6255871126055718,0.5053571428571428,0.7796428571428571,0.9383928571428573,
microsomal_clearance,continued_reference,0,raw,25,1.0,112,71.0,112,0.09129474920138969,0.32866188019641845,0.6295067306637503,0.487721085814493,0.9593076008396982,0.5945187789201736,0.4889285714285715,0.7619642857142858,0.9287500000000001,
microsomal_clearance,continued_reference,1,calibrated,25,2.0,112,71.0,112,0.36928415940972237,0.3418536072008759,0.5244519788561929,0.40036465959091266,0.7829960364899041,0.5081022038630076,0.5023214285714286,0.7814285714285714,0.9264285714285715,
microsomal_clearance,continued_reference,1,raw,25,2.0,112,71.0,112,0.36928415940972237,0.3418536072008759,0.5244519788561929,0.40036465959091266,0.7822682464833116,0.4847609127419335,0.48267857142857146,0.7642857142857142,0.9169642857142859,
microsomal_clearance,continued_reference,2,calibrated,25,3.0,112,71.0,112,0.45407470517834925,0.35355620011391625,0.4879276930223995,0.37051070711708495,0.714134059772585,0.4812149010811533,0.5203571428571429,0.790357142857143,0.9271428571428572,
microsomal_clearance,continued_reference,2,raw,25,3.0,112,71.0,112,0.45407470517834925,0.35355620011391625,0.4879276930223995,0.37051070711708495,0.713496176388819,0.4590877464200768,0.5026785714285714,0.7753571428571429,0.9169642857142856,
microsomal_clearance,continued_reference,4,calibrated,25,5.0,112,71.0,112,0.5211895409860945,0.37072962839980006,0.45695209562238887,0.3450324593298137,0.6486255619123796,0.45151295964206967,0.5278571428571429,0.7898214285714286,0.9314285714285714,
microsomal_clearance,continued_reference,4,raw,25,5.0,112,71.0,112,0.5211895409860945,0.37072962839980006,0.45695209562238887,0.3450324593298137,0.6481750109289965,0.43072980559297974,0.5082142857142857,0.7755357142857143,0.9203571428571429,
microsomal_clearance,continued_reference,9,calibrated,25,10.0,112,71.0,112,0.5950343374892392,0.43298869758555053,0.4202405530911487,0.3147078768057483,0.5630033839076007,0.41843307635613847,0.5342857142857144,0.7966071428571428,0.9351785714285714,
microsomal_clearance,continued_reference,9,raw,25,10.0,112,71.0,112,0.5950343374892392,0.43298869758555053,0.4202405530911487,0.3147078768057483,0.5622575033373894,0.3990116864655699,0.5173214285714286,0.7825,0.9269642857142857,
microsomal_clearance,frozen_average,0,calibrated,25,1.0,112,71.0,112,0.09068638925911077,0.3287049039820834,0.6297174164732102,0.48839557077203477,0.9728655676544752,0.7180535563400812,0.5598214285714286,0.8328571428571429,0.96875,
microsomal_clearance,frozen_average,0,raw,25,1.0,112,71.0,112,0.09068638925911077,0.3287049039820834,0.6297174164732102,0.48839557077203477,0.9590369234464065,0.5999658372998239,0.49178571428571427,0.7644642857142857,0.9299999999999999,
microsomal_clearance,frozen_average,1,calibrated,25,2.0,112,71.0,112,0.10691572805585858,0.3398126372374814,0.6240725489371041,0.47425169974033315,0.922602052945433,0.5791365587285586,0.49124999999999996,0.7680357142857144,0.9257142857142858,
microsomal_clearance,frozen_average,1,raw,25,2.0,112,71.0,112,0.10691572805585858,0.3398126372374814,0.6240725489371041,0.47425169974033315,0.9795852562492355,0.48532632289188254,0.4225,0.7035714285714286,0.8719642857142856,
microsomal_clearance,frozen_average,2,calibrated,25,3.0,112,71.0,112,0.14462288344088314,0.34952130153465827,0.6107559027382895,0.467827479530658,0.9211955010020118,0.5487174992476191,0.47285714285714286,0.7480357142857142,0.9148214285714287,
microsomal_clearance,frozen_average,2,raw,25,3.0,112,71.0,112,0.14462288344088314,0.34952130153465827,0.6107559027382895,0.467827479530658,1.0008479623679856,0.4598174942178385,0.41000000000000003,0.6798214285714285,0.8607142857142858,
microsomal_clearance,frozen_average,4,calibrated,25,5.0,112,71.0,112,0.15645202858888962,0.3699235682820272,0.6065180804657536,0.4644893252423831,0.9245901091896903,0.5153344226096357,0.44875000000000004,0.722857142857143,0.9048214285714286,
microsomal_clearance,frozen_average,4,raw,25,5.0,112,71.0,112,0.15645202858888962,0.3699235682820272,0.6065180804657536,0.4644893252423831,1.0318172665527734,0.43180062119449886,0.3894642857142857,0.6458928571428572,0.847857142857143,
microsomal_clearance,frozen_average,9,calibrated,25,10.0,112,71.0,112,0.17926365497471985,0.43525628470256084,0.5982609993580628,0.45787079790341007,0.9361233094907274,0.4781613091698715,0.4178571428571428,0.7075000000000001,0.8873214285714285,
microsomal_clearance,frozen_average,9,raw,25,10.0,112,71.0,112,0.17926365497471985,0.43525628470256084,0.5982609993580628,0.45787079790341007,1.073872774215763,0.4004948482556002,0.3619642857142857,0.6224999999999999,0.8246428571428572,
microsomal_clearance,trained_average,0,calibrated,25,1.0,112,71.0,112,0.09537044831516561,0.3279429073582768,0.6280934212486776,0.48724382774904373,0.9648828474655273,0.6074032462068966,0.49446428571428575,0.7710714285714285,0.9323214285714284,
microsomal_clearance,trained_average,0,raw,25,1.0,112,71.0,112,0.09537044831516561,0.3279429073582768,0.6280934212486776,0.48724382774904373,0.9677131419557803,0.5637444184507643,0.4683928571428572,0.7435714285714284,0.91125,
microsomal_clearance,trained_average,1,calibrated,25,2.0,112,71.0,112,0.36396714468628044,0.33592101706961663,0.5266579379139491,0.40283336936363145,0.7886820292360944,0.5336390469542572,0.5241071428571429,0.7998214285714287,0.9348214285714286,
microsomal_clearance,trained_average,1,raw,25,2.0,112,71.0,112,0.36396714468628044,0.33592101706961663,0.5266579379139491,0.40283336936363145,0.7903579218924772,0.495853713452816,0.49124999999999996,0.7728571428571429,0.921607142857143,
microsomal_clearance,trained_average,2,calibrated,25,3.0,112,71.0,112,0.4274834706968428,0.34475176979153044,0.49966953832237276,0.381800758447498,0.7390616326945553,0.5065940974652767,0.52125,0.7951785714285714,0.9323214285714286,
microsomal_clearance,trained_average,2,raw,25,3.0,112,71.0,112,0.4274834706968428,0.34475176979153044,0.49966953832237276,0.381800758447498,0.7429002706607147,0.4706665082488741,0.49196428571428574,0.772142857142857,0.9166071428571428,
microsomal_clearance,trained_average,4,calibrated,25,5.0,112,71.0,112,0.4821626260091766,0.3582302336331326,0.47520998239606055,0.3608191468912576,0.6905848484641366,0.4779639476963452,0.5242857142857142,0.7955357142857142,0.9344642857142856,
microsomal_clearance,trained_average,4,raw,25,5.0,112,71.0,112,0.4821626260091766,0.3582302336331326,0.47520998239606055,0.3608191468912576,0.6969837942601665,0.44398582413792603,0.49392857142857144,0.7698214285714285,0.9189285714285714,
microsomal_clearance,trained_average,9,calibrated,25,10.0,112,71.0,112,0.5345464660672977,0.3835436551522805,0.4505334337261566,0.3420392401037472,0.6366297929573835,0.4471854047157935,0.5226785714285714,0.7926785714285715,0.9316071428571429,
microsomal_clearance,trained_average,9,raw,25,10.0,112,71.0,112,0.5345464660672977,0.3835436551522805,0.4505334337261566,0.3420392401037472,0.644455959330976,0.4152532075771264,0.49642857142857144,0.7639285714285714,0.9175000000000002,
permeability,checkpoint_1,0,calibrated,25,1.0,24,21.0,24,0.21519547717956455,0.3117944526175658,0.754209818714703,0.5609850993007421,1.0880689163845465,0.8081367284059523,0.4991666666666667,0.8008333333333333,0.9475000000000001,
permeability,checkpoint_1,0,raw,25,1.0,24,21.0,24,0.21519547717956455,0.3117944526175658,0.754209818714703,0.5609850993007421,1.0980964400997355,0.6894398421049118,0.4416666666666667,0.7374999999999999,0.9216666666666665,
permeability,checkpoint_1,1,calibrated,25,2.0,24,21.0,24,0.4189729619770769,0.35082042968521515,0.6489475613144949,0.47861058024068664,0.9126368421810364,0.7065876326958339,0.4925,0.7825000000000001,0.9616666666666666,
permeability,checkpoint_1,1,raw,25,2.0,24,21.0,24,0.4189729619770769,0.35082042968521515,0.6489475613144949,0.47861058024068664,0.9260616160940036,0.6036703236897786,0.43416666666666665,0.7333333333333334,0.9325000000000001,
permeability,checkpoint_1,2,calibrated,25,3.0,24,21.0,24,0.5108367304048269,0.3517664074276885,0.5954404757413558,0.44034235072632627,0.8239185171301496,0.6681492177645366,0.4925,0.805,0.9616666666666666,
permeability,checkpoint_1,2,raw,25,3.0,24,21.0,24,0.5108367304048269,0.3517664074276885,0.5954404757413558,0.44034235072632627,0.832133688520711,0.5709247224529584,0.43249999999999994,0.7383333333333333,0.9333333333333332,
permeability,checkpoint_1,4,calibrated,25,5.0,24,21.0,24,0.6041590252293595,0.3984863508492708,0.5356385270280333,0.3989377600451311,0.7305080742333683,0.6319356164336205,0.5041666666666668,0.8133333333333334,0.9708333333333333,
permeability,checkpoint_1,4,raw,25,5.0,24,21.0,24,0.6041590252293595,0.3984863508492708,0.5356385270280333,0.3989377600451311,0.7316698875016469,0.5400171718001365,0.44999999999999996,0.7425,0.9491666666666666,
permeability,checkpoint_1,9,calibrated,25,10.0,24,21.0,24,0.6762814069116236,0.42928995198259745,0.48439009674561434,0.3583636830747127,0.6269465652497385,0.5911989228924116,0.5191666666666667,0.8224999999999999,0.9741666666666666,
permeability,checkpoint_1,9,raw,25,10.0,24,21.0,24,0.6762814069116236,0.42928995198259745,0.48439009674561434,0.3583636830747127,0.619958427716749,0.5050543933113416,0.4633333333333334,0.775,0.9466666666666667,
permeability,consistent_average,0,calibrated,25,1.0,24,21.0,24,0.21856459392565297,0.3149573376091818,0.7525891897321129,0.5589278573542834,1.0748122186586344,0.835048817396164,0.5116666666666667,0.8158333333333333,0.9583333333333334,
permeability,consistent_average,0,raw,25,1.0,24,21.0,24,0.21856459392565297,0.3149573376091818,0.7525891897321129,0.5589278573542834,1.0934241751943783,0.6743887942035993,0.4258333333333333,0.7366666666666667,0.9166666666666666,
permeability,consistent_average,1,calibrated,25,2.0,24,21.0,24,0.3323258202296079,0.34906716973831253,0.6956547007963755,0.5133382736146449,0.975991518547441,0.760737502872944,0.4825,0.7925,0.9625,
permeability,consistent_average,1,raw,25,2.0,24,21.0,24,0.3323258202296079,0.34906716973831253,0.6956547007963755,0.5133382736146449,1.0063933636885771,0.6149729716777802,0.4058333333333333,0.6933333333333334,0.9108333333333333,
permeability,consistent_average,2,calibrated,25,3.0,24,21.0,24,0.4848054818524653,0.36190353874117137,0.6110785649255275,0.45394629192849,0.8575708131431171,0.7058899415532749,0.49416666666666664,0.81,0.9666666666666668,
permeability,consistent_average,2,raw,25,3.0,24,21.0,24,0.4848054818524653,0.36190353874117137,0.6110785649255275,0.45394629192849,0.8769222837474905,0.5707056375344594,0.41083333333333333,0.725,0.9258333333333333,
permeability,consistent_average,4,calibrated,25,5.0,24,21.0,24,0.5798736088209905,0.39772510364030794,0.551825054901567,0.4141775389015674,0.7651445230739439,0.6600530453523,0.5066666666666667,0.8174999999999999,0.9741666666666667,
permeability,consistent_average,4,raw,25,5.0,24,21.0,24,0.5798736088209905,0.39772510364030794,0.551825054901567,0.4141775389015674,0.7795397421279855,0.5337223973870276,0.42,0.7225,0.9341666666666667,
permeability,consistent_average,9,calibrated,25,10.0,24,21.0,24,0.653443260547449,0.42429363454381624,0.5011856270569846,0.3763996221125126,0.6772593585260763,0.6091973379254341,0.4975,0.8108333333333334,0.9766666666666666,
permeability,consistent_average,9,raw,25,10.0,24,21.0,24,0.653443260547449,0.42429363454381624,0.5011856270569846,0.3763996221125126,0.6909513914947235,0.49250269343455627,0.4183333333333333,0.7316666666666666,0.9358333333333334,
permeability,continued_reference,0,calibrated,25,1.0,24,21.0,24,0.2157103778989401,0.3164102587848902,0.7539623641673366,0.5610278774549563,1.088260277851842,0.8145717813571295,0.5025000000000001,0.8058333333333335,0.9500000000000001,
permeability,continued_reference,0,raw,25,1.0,24,21.0,24,0.2157103778989401,0.3164102587848902,0.7539623641673366,0.5610278774549563,1.097690413972708,0.6997119728724162,0.45333333333333337,0.7416666666666666,0.9225,
permeability,continued_reference,1,calibrated,25,2.0,24,21.0,24,0.42185826761812983,0.3595704299397766,0.6473342608432363,0.47759547548989456,0.9091729932492001,0.7007834208011627,0.4883333333333333,0.7775,0.9608333333333333,
permeability,continued_reference,1,raw,25,2.0,24,21.0,24,0.42185826761812983,0.3595704299397766,0.6473342608432363,0.47759547548989456,0.9230433012145419,0.6023174352447191,0.4383333333333333,0.7325,0.9308333333333332,
permeability,continued_reference,2,calibrated,25,3.0,24,21.0,24,0.512785882725294,0.35801640727246803,0.5942529758599739,0.4394923586895068,0.8212717088802842,0.6618753871321679,0.49333333333333335,0.7958333333333334,0.9616666666666666,
permeability,continued_reference,2,raw,25,3.0,24,21.0,24,0.512785882725294,0.35801640727246803,0.5942529758599739,0.4394923586895068,0.8301817514157875,0.568940593600273,0.43083333333333335,0.735,0.9349999999999999,
permeability,continued_reference,4,calibrated,25,5.0,24,21.0,24,0.6052497216286283,0.40018549058586356,0.5349000713813841,0.398371817941467,0.7279631513652806,0.6253923804561298,0.5,0.8108333333333334,0.9700000000000001,
permeability,continued_reference,4,raw,25,5.0,24,21.0,24,0.6052497216286283,0.40018549058586356,0.5349000713813841,0.398371817941467,0.7305104271297783,0.5375955265760421,0.4466666666666667,0.7408333333333332,0.9483333333333333,
permeability,continued_reference,9,calibrated,25,10.0,24,21.0,24,0.6767549763499351,0.43515575826168057,0.48403565880608435,0.3582306412359079,0.6247832178884544,0.584666684071223,0.5158333333333333,0.82,0.975,
permeability,continued_reference,9,raw,25,10.0,24,21.0,24,0.6767549763499351,0.43515575826168057,0.48403565880608435,0.3582306412359079,0.619464536035271,0.5024227307240168,0.46166666666666667,0.7741666666666666,0.9458333333333333,
permeability,frozen_average,0,calibrated,25,1.0,24,21.0,24,0.21519547717956455,0.3117944526175658,0.754209818714703,0.5609850993007421,1.0939694260641708,0.902648047208786,0.5516666666666666,0.8383333333333333,0.965,
permeability,frozen_average,0,raw,25,1.0,24,21.0,24,0.21519547717956455,0.3117944526175658,0.754209818714703,0.5609850993007421,1.0980964400997355,0.6894398421049118,0.4416666666666667,0.7374999999999999,0.9216666666666665,
permeability,frozen_average,1,calibrated,25,2.0,24,21.0,24,0.19032157417840545,0.35221922993659965,0.7660686979030942,0.5679479296505452,1.086926210273347,0.7894449162483216,0.45916666666666667,0.7608333333333333,0.9541666666666666,
permeability,frozen_average,1,raw,25,2.0,24,21.0,24,0.19032157417840545,0.35221922993659965,0.7660686979030942,0.5679479296505452,1.1548684481457798,0.6038262275854746,0.3741666666666667,0.6408333333333333,0.8841666666666667,
permeability,frozen_average,2,calibrated,25,3.0,24,21.0,24,0.2360176257232529,0.3514985408323506,0.7441373493353184,0.5597191101809343,1.06804655710078,0.7473538048068682,0.4366666666666667,0.7483333333333334,0.9491666666666667,
permeability,frozen_average,2,raw,25,3.0,24,21.0,24,0.2360176257232529,0.3514985408323506,0.7441373493353184,0.5597191101809343,1.1516272923799247,0.5716954244176546,0.3416666666666666,0.6216666666666666,0.8741666666666666,
permeability,frozen_average,4,calibrated,25,5.0,24,21.0,24,0.2612094857557341,0.4039030177829166,0.7317657669457358,0.5577311293284098,1.058775239361201,0.7077623427907627,0.41333333333333333,0.7358333333333335,0.9466666666666667,
permeability,frozen_average,4,raw,25,5.0,24,21.0,24,0.2612094857557341,0.4039030177829166,0.7317657669457358,0.5577311293284098,1.1600367757826635,0.5414523655176162,0.30916666666666665,0.5983333333333333,0.8683333333333333,
permeability,frozen_average,9,calibrated,25,10.0,24,21.0,24,0.27841548507691705,0.42681160050754735,0.7231943686983942,0.5467537539700668,1.0651162058520711,0.6628735782702764,0.38166666666666665,0.7033333333333335,0.9233333333333333,
permeability,frozen_average,9,raw,25,10.0,24,21.0,24,0.27841548507691705,0.42681160050754735,0.7231943686983942,0.5467537539700668,1.188228312068113,0.5069516946872076,0.29,0.5775,0.8433333333333334,
permeability,trained_average,0,calibrated,25,1.0,24,21.0,24,0.2206276007581779,0.30951902198915676,0.7515951071081929,0.5569740899652244,1.0732410459709252,0.814972269932429,0.5008333333333334,0.8075,0.9508333333333333,
permeability,trained_average,0,raw,25,1.0,24,21.0,24,0.2206276007581779,0.30951902198915676,0.7515951071081929,0.5569740899652244,1.0888281441324648,0.6784668821096421,0.43500000000000005,0.7358333333333333,0.9191666666666666,
permeability,trained_average,1,calibrated,25,2.0,24,21.0,24,0.38900482111307866,0.3329110029774408,0.6654728243940138,0.49204830036809044,0.9330896587012997,0.7566857309142748,0.4925,0.8058333333333335,0.9716666666666667,
permeability,trained_average,1,raw,25,2.0,24,21.0,24,0.38900482111307866,0.3329110029774408,0.6654728243940138,0.49204830036809044,0.946734383056213,0.630569054087003,0.42333333333333334,0.7275,0.9241666666666667,
permeability,trained_average,2,calibrated,25,3.0,24,21.0,24,0.4705153676849053,0.34679897914951047,0.6194954389854878,0.4611136046797037,0.874237509090587,0.7203089993198714,0.49333333333333335,0.8025000000000001,0.9674999999999999,
permeability,trained_average,2,raw,25,3.0,24,21.0,24,0.4705153676849053,0.34679897914951047,0.6194954389854878,0.4611136046797037,0.8867616451078458,0.6003498470783234,0.4375,0.7324999999999999,0.9325,
permeability,trained_average,4,calibrated,25,5.0,24,21.0,24,0.5201847529487325,0.3692439143235484,0.5897235287533562,0.4450129775702953,0.8248555815212596,0.6862099552154541,0.49333333333333335,0.8041666666666667,0.9758333333333334,
permeability,trained_average,4,raw,25,5.0,24,21.0,24,0.5201847529487325,0.3692439143235484,0.5897235287533562,0.4450129775702953,0.8402654054883678,0.5720158418019612,0.425,0.7333333333333334,0.9383333333333334,
permeability,trained_average,9,calibrated,25,10.0,24,21.0,24,0.5728354789655505,0.3733493182808161,0.5564280571041251,0.4184804941962163,0.7722081576518499,0.6471290649970373,0.4875,0.795,0.9724999999999998,
permeability,trained_average,9,raw,25,10.0,24,21.0,24,0.5728354789655505,0.3733493182808161,0.5564280571041251,0.4184804941962163,0.7903713774523965,0.5393348461389541,0.425,0.7108333333333333,0.9341666666666667,
protein_binding,checkpoint_1,0,calibrated,25,1.0,15,11.0,15,0.24378568737655804,0.5386308840413888,0.6959391797794442,0.5240538744926453,1.0712716397769075,0.6869616241455078,0.45600000000000007,0.7453333333333333,0.9306666666666668,
protein_binding,checkpoint_1,0,raw,25,1.0,15,11.0,15,0.24378568737655804,0.5386308840413888,0.6959391797794442,0.5240538744926453,1.0662587035822997,0.683862188021342,0.45600000000000007,0.7333333333333332,0.9306666666666669,
protein_binding,checkpoint_1,1,calibrated,25,2.0,15,11.0,15,0.522228812960471,0.5427220565577348,0.553170253596089,0.4187117025852203,0.857365230578291,0.5582253467241923,0.45066666666666666,0.7453333333333333,0.928,
protein_binding,checkpoint_1,1,raw,25,2.0,15,11.0,15,0.522228812960471,0.5427220565577348,0.553170253596089,0.4187117025852203,0.8498522086898613,0.5532757128079733,0.45199999999999996,0.7520000000000001,0.9293333333333335,
protein_binding,checkpoint_1,2,calibrated,25,3.0,15,11.0,15,0.5858508095821462,0.5374793416261673,0.5150237407293127,0.38610525914033256,0.7654885853653272,0.5244230465888977,0.4626666666666666,0.7466666666666667,0.9293333333333333,
protein_binding,checkpoint_1,2,raw,25,3.0,15,11.0,15,0.5858508095821462,0.5374793416261673,0.5150237407293127,0.38610525914033256,0.7560355370008683,0.5196173890431721,0.464,0.748,0.9306666666666666,
protein_binding,checkpoint_1,4,calibrated,25,5.0,15,11.0,15,0.644373223054052,0.5477597385148207,0.4772501432495375,0.35154053807258606,0.6664288483506767,0.4877769560813904,0.4706666666666667,0.7720000000000001,0.9266666666666666,
protein_binding,checkpoint_1,4,raw,25,5.0,15,11.0,15,0.644373223054052,0.5477597385148207,0.4772501432495375,0.35154053807258606,0.6566324233297582,0.4832205648422241,0.47733333333333333,0.7746666666666667,0.9333333333333335,
protein_binding,checkpoint_1,9,calibrated,25,10.0,15,11.0,15,0.6879547811859625,0.5638612768054009,0.4470515519396235,0.33090762130419404,0.6018308668306999,0.4488754394849141,0.444,0.7626666666666666,0.9266666666666665,
protein_binding,checkpoint_1,9,raw,25,10.0,15,11.0,15,0.6879547811859625,0.5638612768054009,0.4470515519396235,0.33090762130419404,0.5905099795183867,0.4447372482617696,0.44666666666666666,0.7586666666666667,0.9293333333333332,
protein_binding,consistent_average,0,calibrated,25,1.0,15,11.0,15,0.25075053821045357,0.5403385590016843,0.692726912533746,0.5173863879839579,1.0537624380584427,0.6901980365117392,0.4626666666666666,0.7546666666666667,0.94,
protein_binding,consistent_average,0,raw,25,1.0,15,11.0,15,0.25075053821045357,0.5403385590016843,0.692726912533746,0.5173863879839579,1.0486858235234775,0.663924440383911,0.4506666666666667,0.7306666666666666,0.9293333333333332,
protein_binding,consistent_average,1,calibrated,25,2.0,15,11.0,15,0.43341695355688326,0.5668883772194385,0.6023939869897621,0.46294778601328535,0.9709023481841507,0.588076476097107,0.40800000000000003,0.7200000000000001,0.9173333333333333,
protein_binding,consistent_average,1,raw,25,2.0,15,11.0,15,0.43341695355688326,0.5668883772194385,0.6023939869897621,0.46294778601328535,0.9579664971419962,0.5634344089825948,0.39199999999999996,0.7159999999999999,0.9066666666666667,
protein_binding,consistent_average,2,calibrated,25,3.0,15,11.0,15,0.5666761614601381,0.5610174306233724,0.5268113599619989,0.39802414909998585,0.8168501644606216,0.54573122104009,0.47600000000000003,0.7466666666666666,0.9253333333333332,
protein_binding,consistent_average,2,raw,25,3.0,15,11.0,15,0.5666761614601381,0.5610174306233724,0.5268113599619989,0.39802414909998585,0.8058923474281764,0.5224961171150208,0.4693333333333333,0.7346666666666667,0.9186666666666665,
protein_binding,consistent_average,4,calibrated,25,5.0,15,11.0,15,0.6548451656093113,0.5601814565559228,0.4701709809620323,0.3515742300748824,0.6827549209977806,0.5073438007036845,0.4746666666666667,0.7746666666666667,0.9333333333333333,
protein_binding,consistent_average,4,raw,25,5.0,15,11.0,15,0.6548451656093113,0.5601814565559228,0.4701709809620323,0.3515742300748824,0.6698391375390474,0.4855772021611531,0.4573333333333334,0.7653333333333333,0.9239999999999999,
protein_binding,consistent_average,9,calibrated,25,10.0,15,11.0,15,0.6910705130841714,0.5718198556701342,0.44481407620158453,0.3330032427310944,0.6376642554406011,0.46639568916956586,0.4666666666666667,0.768,0.9239999999999999,
protein_binding,consistent_average,9,raw,25,10.0,15,11.0,15,0.6910705130841714,0.5718198556701342,0.44481407620158453,0.3330032427310944,0.6237651257116645,0.4464165530204773,0.44933333333333336,0.7626666666666667,0.9186666666666666,
protein_binding,continued_reference,0,calibrated,25,1.0,15,11.0,15,0.24916045238179452,0.5396222246686617,0.6934615887086243,0.5196663939952849,1.0615906832874902,0.6944837455749512,0.4613333333333334,0.7546666666666667,0.9333333333333333,
protein_binding,continued_reference,0,raw,25,1.0,15,11.0,15,0.24916045238179452,0.5396222246686617,0.6934615887086243,0.5196663939952849,1.055808153679261,0.6934218769073487,0.4639999999999999,0.7453333333333333,0.9346666666666668,
protein_binding,continued_reference,1,calibrated,25,2.0,15,11.0,15,0.5235421626382438,0.5420553893347582,0.552409422934664,0.4182947517633438,0.8582202714582211,0.5566861305236817,0.45600000000000007,0.7426666666666667,0.928,
protein_binding,continued_reference,1,raw,25,2.0,15,11.0,15,0.5235421626382438,0.5420553893347582,0.552409422934664,0.4182947517633438,0.8514614086162307,0.5541888019243876,0.45066666666666666,0.7506666666666668,0.924,
protein_binding,continued_reference,2,calibrated,25,3.0,15,11.0,15,0.5871382269960921,0.5356367200613021,0.5142226204600413,0.38586462680498756,0.7669762659047541,0.5232913594245912,0.46133333333333343,0.748,0.9253333333333333,
protein_binding,continued_reference,2,raw,25,3.0,15,11.0,15,0.5871382269960921,0.5356367200613021,0.5142226204600413,0.38586462680498756,0.7586482454430327,0.5207681051890055,0.4626666666666666,0.7480000000000001,0.9306666666666666,
protein_binding,continued_reference,4,calibrated,25,5.0,15,11.0,15,0.6453055220900741,0.5460670942068099,0.4766241613634629,0.3513271267016729,0.668425627715075,0.4869553480148315,0.46799999999999997,0.7666666666666667,0.9293333333333333,
protein_binding,continued_reference,4,raw,25,5.0,15,11.0,15,0.6453055220900741,0.5460670942068099,0.4766241613634629,0.3513271267016729,0.6596519911676336,0.48450011475880933,0.47733333333333333,0.7733333333333333,0.9279999999999998,
protein_binding,continued_reference,9,calibrated,25,10.0,15,11.0,15,0.6884832583333832,0.5623265139758586,0.44667283015512044,0.33070089872678116,0.606178176110562,0.4484002401034037,0.4453333333333333,0.7599999999999999,0.9266666666666665,
protein_binding,continued_reference,9,raw,25,10.0,15,11.0,15,0.6884832583333832,0.5623265139758586,0.44667283015512044,0.33070089872678116,0.5955714846051199,0.4461681372324625,0.44266666666666665,0.7613333333333333,0.9306666666666666,
protein_binding,frozen_average,0,calibrated,25,1.0,15,11.0,15,0.24378568737655804,0.5386308840413888,0.6959391797794442,0.5240538744926453,1.0661313282426237,0.7606689332326254,0.49866666666666665,0.7853333333333333,0.9453333333333334,
protein_binding,frozen_average,0,raw,25,1.0,15,11.0,15,0.24378568737655804,0.5386308840413888,0.6959391797794442,0.5240538744926453,1.0662587035822997,0.683862188021342,0.45600000000000007,0.7333333333333332,0.9306666666666669,
protein_binding,frozen_average,1,calibrated,25,2.0,15,11.0,15,0.2742012786327024,0.5450640488167603,0.6817999105661661,0.5275608163674673,1.1236907756895171,0.6203331303596499,0.372,0.6893333333333334,0.9026666666666666,
protein_binding,frozen_average,1,raw,25,2.0,15,11.0,15,0.2742012786327024,0.5450640488167603,0.6817999105661661,0.5275608163674673,1.1371307398877808,0.554151118437449,0.3440000000000001,0.6426666666666666,0.8840000000000001,
protein_binding,frozen_average,2,calibrated,25,3.0,15,11.0,15,0.205468397104144,0.5377866969009241,0.7133528958939465,0.5281332418123881,1.118943868270414,0.5831144936879477,0.396,0.6813333333333332,0.8813333333333333,
protein_binding,frozen_average,2,raw,25,3.0,15,11.0,15,0.205468397104144,0.5377866969009241,0.7133528958939465,0.5281332418123881,1.1395049214607809,0.5206822395324706,0.3533333333333334,0.6346666666666666,0.852,
protein_binding,frozen_average,4,calibrated,25,5.0,15,11.0,15,0.2671738366272306,0.5411643581589062,0.6850926742541494,0.5086830395062765,1.1190560105871503,0.5431300009091695,0.364,0.6519999999999999,0.8706666666666667,
protein_binding,frozen_average,4,raw,25,5.0,15,11.0,15,0.2671738366272306,0.5411643581589062,0.6850926742541494,0.5086830395062765,1.143142583310832,0.4848454591433207,0.33199999999999996,0.6093333333333334,0.8466666666666666,
protein_binding,frozen_average,9,calibrated,25,10.0,15,11.0,15,0.29568344934037716,0.5701839393377305,0.6716341767418101,0.49668459486961364,1.1256417956827882,0.501132306098938,0.3453333333333333,0.6266666666666666,0.8533333333333334,
protein_binding,frozen_average,9,raw,25,10.0,15,11.0,15,0.29568344934037716,0.5701839393377305,0.6716341767418101,0.49668459486961364,1.1595702141268889,0.4474499758084615,0.30799999999999994,0.5973333333333333,0.8253333333333334,
protein_binding,trained_average,0,calibrated,25,1.0,15,11.0,15,0.2500835359495892,0.5412975504000982,0.6930351861152851,0.5175993577639261,1.0598224103477656,0.6849095347722371,0.46266666666666667,0.7520000000000001,0.9346666666666668,
protein_binding,trained_average,0,raw,25,1.0,15,11.0,15,0.2500835359495892,0.5412975504000982,0.6930351861152851,0.5175993577639261,1.0524753772699287,0.6640515699386598,0.4493333333333334,0.7306666666666666,0.9266666666666665,
protein_binding,trained_average,1,calibrated,25,2.0,15,11.0,15,0.47537975315174363,0.5657954121132691,0.5796573729796485,0.44216859022776295,0.9059261142007784,0.5960867649714152,0.44000000000000006,0.7506666666666667,0.9359999999999998,
protein_binding,trained_average,1,raw,25,2.0,15,11.0,15,0.47537975315174363,0.5657954121132691,0.5796573729796485,0.44216859022776295,0.8932107979439259,0.576596421877543,0.4333333333333333,0.7453333333333333,0.928,
protein_binding,trained_average,2,calibrated,25,3.0,15,11.0,15,0.5213792334528086,0.5589901943008104,0.5536618627456891,0.415484637260437,0.8350018035051291,0.5671453053156535,0.47200000000000003,0.7479999999999999,0.928,
protein_binding,trained_average,2,raw,25,3.0,15,11.0,15,0.5213792334528086,0.5589901943008104,0.5536618627456891,0.415484637260437,0.8221881095221626,0.5483233450253804,0.456,0.7360000000000001,0.9239999999999999,
protein_binding,trained_average,4,calibrated,25,5.0,15,11.0,15,0.5924215237835051,0.5649960879981518,0.5109218325288309,0.38101091214021043,0.7464034574930206,0.5332700780232746,0.456,0.7666666666666667,0.9373333333333334,
protein_binding,trained_average,4,raw,25,5.0,15,11.0,15,0.5924215237835051,0.5649960879981518,0.5109218325288309,0.38101091214021043,0.7317132378619498,0.5154665393829346,0.4466666666666667,0.7613333333333332,0.9253333333333333,
protein_binding,trained_average,9,calibrated,25,10.0,15,11.0,15,0.6235431247209077,0.5737599943081538,0.49102822544800506,0.3676898462375005,0.7169670129425326,0.4973797324498494,0.4586666666666666,0.7506666666666667,0.9266666666666665,
protein_binding,trained_average,9,raw,25,10.0,15,11.0,15,0.6235431247209077,0.5737599943081538,0.49102822544800506,0.3676898462375005,0.7000824707993023,0.48070907402038565,0.45200000000000007,0.7413333333333334,0.928,
cellular_clearance,checkpoint_1,0,calibrated,30,1.0,20,15.0,20,0.09102410311734566,0.26066585458815095,0.6621653790124138,0.5076920777559282,1.0416322462535925,0.6367249991893769,0.433,0.712,0.9259999999999999,
cellular_clearance,checkpoint_1,0,raw,30,1.0,20,15.0,20,0.09102410311734566,0.26066585458815095,0.6621653790124138,0.5076920777559282,1.0477705817838718,0.6069572219848632,0.41200000000000003,0.6930000000000001,0.9189999999999999,
cellular_clearance,checkpoint_1,1,calibrated,30,2.0,20,15.0,20,0.36921310540160857,0.26801580935716635,0.5516093478792392,0.42202866151928903,0.8592433925023878,0.5426018825769425,0.414,0.732,0.9240000000000002,
cellular_clearance,checkpoint_1,1,raw,30,2.0,20,15.0,20,0.36921310540160857,0.26801580935716635,0.5516093478792392,0.42202866151928903,0.8646452012481387,0.517052993774414,0.40499999999999997,0.7130000000000001,0.913,
cellular_clearance,checkpoint_1,2,calibrated,30,3.0,20,15.0,20,0.47299065601935975,0.26588820468634367,0.504196056061984,0.3805697128474712,0.7429850382913483,0.5208767708539963,0.458,0.7520000000000001,0.9339999999999999,
cellular_clearance,checkpoint_1,2,raw,30,3.0,20,15.0,20,0.47299065601935975,0.26588820468634367,0.504196056061984,0.3805697128474712,0.7456058059371233,0.4963326975107193,0.44200000000000006,0.7379999999999999,0.925,
cellular_clearance,checkpoint_1,4,calibrated,30,5.0,20,15.0,20,0.5471015611938146,0.3183453384786844,0.46740214197078656,0.3538160274922847,0.6573426656088641,0.49879772567749014,0.46900000000000003,0.776,0.937,
cellular_clearance,checkpoint_1,4,raw,30,5.0,20,15.0,20,0.5471015611938146,0.3183453384786844,0.46740214197078656,0.3538160274922847,0.6608925446792145,0.4754272644519806,0.453,0.761,0.931,
cellular_clearance,checkpoint_1,9,calibrated,30,10.0,20,15.0,20,0.6059705198536685,0.39731217667460433,0.43596803119223987,0.32604857307672497,0.5782111462450213,0.47346346473693846,0.48199999999999993,0.779,0.95,
cellular_clearance,checkpoint_1,9,raw,30,10.0,20,15.0,20,0.6059705198536685,0.39731217667460433,0.43596803119223987,0.32604857307672497,0.5781823451896699,0.4513924630880356,0.46399999999999997,0.766,0.945,
cellular_clearance,consistent_average,0,calibrated,30,1.0,20,15.0,20,0.0861116635967748,0.24753483138978477,0.6639522604515099,0.508922455817461,1.039215343320921,0.6368622591495514,0.4250000000000001,0.7100000000000001,0.9219999999999999,
cellular_clearance,consistent_average,0,raw,30,1.0,20,15.0,20,0.0861116635967748,0.24753483138978477,0.6639522604515099,0.508922455817461,1.0491828145653108,0.591765639781952,0.40099999999999997,0.678,0.909,
cellular_clearance,consistent_average,1,calibrated,30,2.0,20,15.0,20,0.3057578028245478,0.25927079465240244,0.5786897501444945,0.4491854569613933,0.9155624077622202,0.5630261535644532,0.403,0.71,0.9260000000000002,
cellular_clearance,consistent_average,1,raw,30,2.0,20,15.0,20,0.3057578028245478,0.25927079465240244,0.5786897501444945,0.4491854569613933,0.9291709453968396,0.5222771022319794,0.37500000000000006,0.676,0.915,
cellular_clearance,consistent_average,2,calibrated,30,3.0,20,15.0,20,0.45590260697293994,0.26632539100944996,0.5123050170938098,0.3955024168789386,0.7725558970707879,0.5316142690181731,0.437,0.766,0.9359999999999999,
cellular_clearance,consistent_average,2,raw,30,3.0,20,15.0,20,0.45590260697293994,0.26632539100944996,0.5123050170938098,0.3955024168789386,0.7802047630515909,0.492888976931572,0.4050000000000001,0.734,0.925,
cellular_clearance,consistent_average,4,calibrated,30,5.0,20,15.0,20,0.5391244075598887,0.3260155411064625,0.4715004818929723,0.36492454442381855,0.6905203533694567,0.5053493036031723,0.438,0.779,0.942,
cellular_clearance,consistent_average,4,raw,30,5.0,20,15.0,20,0.5391244075598887,0.3260155411064625,0.4715004818929723,0.36492454442381855,0.6964281296158179,0.46844566524028763,0.41000000000000003,0.7549999999999999,0.9349999999999999,
cellular_clearance,consistent_average,9,calibrated,30,10.0,20,15.0,20,0.5945640900154722,0.39461719118058675,0.44223324995853375,0.3379333506524563,0.6093876567023393,0.4793664555549622,0.44700000000000006,0.776,0.9540000000000003,
cellular_clearance,consistent_average,9,raw,30,10.0,20,15.0,20,0.5945640900154722,0.39461719118058675,0.44223324995853375,0.3379333506524563,0.6096236251044701,0.4442429043054581,0.41400000000000003,0.7569999999999999,0.9469999999999998,
cellular_clearance,continued_reference,0,calibrated,30,1.0,20,15.0,20,0.08378198758774014,0.25354782078415156,0.6647979924064161,0.5086421278119088,1.0432163995283867,0.6356675822734832,0.43100000000000005,0.71,0.9269999999999999,
cellular_clearance,continued_reference,0,raw,30,1.0,20,15.0,20,0.08378198758774014,0.25354782078415156,0.6647979924064161,0.5086421278119088,1.0480850930031227,0.606253613948822,0.41100000000000003,0.693,0.917,
cellular_clearance,continued_reference,1,calibrated,30,2.0,20,15.0,20,0.36386036723658755,0.2685028201714158,0.5539448299779768,0.4240794816911221,0.8687727314241199,0.5373325417041779,0.41,0.7230000000000001,0.922,
cellular_clearance,continued_reference,1,raw,30,2.0,20,15.0,20,0.36386036723658755,0.2685028201714158,0.5539448299779768,0.4240794816911221,0.8728187981887402,0.5119846802949903,0.3989999999999999,0.7090000000000001,0.914,
cellular_clearance,continued_reference,2,calibrated,30,3.0,20,15.0,20,0.47022859966267894,0.26551922831684344,0.5055155753699644,0.38227070498466487,0.750738462992208,0.5159424169063568,0.45499999999999996,0.744,0.9329999999999998,
cellular_clearance,continued_reference,2,raw,30,3.0,20,15.0,20,0.47022859966267894,0.26551922831684344,0.5055155753699644,0.38227070498466487,0.7522847598431015,0.4915673596858978,0.4400000000000001,0.7299999999999999,0.925,
cellular_clearance,continued_reference,4,calibrated,30,5.0,20,15.0,20,0.5459747769851997,0.31506286572664977,0.46798321505354384,0.35443284216523163,0.6629448200299753,0.49424388325214386,0.46399999999999997,0.7709999999999999,0.9349999999999999,
cellular_clearance,continued_reference,4,raw,30,5.0,20,15.0,20,0.5459747769851997,0.31506286572664977,0.46798321505354384,0.35443284216523163,0.6649044803866367,0.4710129598379134,0.446,0.7580000000000001,0.93,
cellular_clearance,continued_reference,9,calibrated,30,10.0,20,15.0,20,0.6048535162749469,0.39708166059106587,0.43658553983050485,0.32649011814594264,0.5835196360737294,0.46937818026542655,0.481,0.779,0.9480000000000001,
cellular_clearance,continued_reference,9,raw,30,10.0,20,15.0,20,0.6048535162749469,0.39708166059106587,0.43658553983050485,0.32649011814594264,0.5816625532982039,0.44737686693668355,0.46299999999999997,0.762,0.945,
cellular_clearance,frozen_average,0,calibrated,30,1.0,20,15.0,20,0.09102410311734566,0.26066585458815095,0.6621653790124138,0.5076920777559282,1.0280154506027634,0.7083184483051299,0.46899999999999986,0.7539999999999999,0.945,
cellular_clearance,frozen_average,0,raw,30,1.0,20,15.0,20,0.09102410311734566,0.26066585458815095,0.6621653790124138,0.5076920777559282,1.0477705817838718,0.6069572219848632,0.41200000000000003,0.6930000000000001,0.9189999999999999,
cellular_clearance,frozen_average,1,calibrated,30,2.0,20,15.0,20,0.21572175311451158,0.26419878970831634,0.6150711702952716,0.4714270235300064,0.9649260461024751,0.6037992211580276,0.42300000000000004,0.701,0.9360000000000002,
cellular_clearance,frozen_average,1,raw,30,2.0,20,15.0,20,0.21572175311451158,0.26419878970831634,0.6150711702952716,0.4714270235300064,1.0069071749019702,0.5170880780220032,0.374,0.6379999999999999,0.898,
cellular_clearance,frozen_average,2,calibrated,30,3.0,20,15.0,20,0.2549872663138032,0.2680180964618921,0.5994764604063425,0.46580456149578087,0.9513911084635394,0.5798490983247757,0.403,0.712,0.923,
cellular_clearance,frozen_average,2,raw,30,3.0,20,15.0,20,0.2549872663138032,0.2680180964618921,0.5994764604063425,0.46580456149578087,0.9985442883130133,0.49648330700397497,0.35,0.6439999999999999,0.8870000000000001,
cellular_clearance,frozen_average,4,calibrated,30,5.0,20,15.0,20,0.2208134134102675,0.31901466969400644,0.61307134882549,0.4791390936076641,1.005118352337849,0.5557913115024565,0.383,0.6739999999999998,0.9019999999999999,
cellular_clearance,frozen_average,4,raw,30,5.0,20,15.0,20,0.2208134134102675,0.31901466969400644,0.61307134882549,0.4791390936076641,1.0641776588568672,0.4758678144216537,0.31799999999999995,0.623,0.859,
cellular_clearance,frozen_average,9,calibrated,30,10.0,20,15.0,20,0.18255412149514438,0.3894885998964309,0.6279423742833267,0.493595851123333,1.0658183917760602,0.5283602477312088,0.353,0.637,0.883,
cellular_clearance,frozen_average,9,raw,30,10.0,20,15.0,20,0.18255412149514438,0.3894885998964309,0.6279423742833267,0.493595851123333,1.1416760989636567,0.4522474142313004,0.30100000000000005,0.571,0.825,
cellular_clearance,trained_average,0,calibrated,30,1.0,20,15.0,20,0.09414436750367128,0.24992234975099561,0.6610278861361342,0.5074658987522125,1.0443776344071136,0.6239196157455444,0.414,0.703,0.916,
cellular_clearance,trained_average,0,raw,30,1.0,20,15.0,20,0.09414436750367128,0.24992234975099561,0.6610278861361342,0.5074658987522125,1.0551590877038974,0.5822747273445129,0.40099999999999997,0.6799999999999999,0.9040000000000001,
cellular_clearance,trained_average,1,calibrated,30,2.0,20,15.0,20,0.35230494893638664,0.2591261541098356,0.5589533660492958,0.4355818060636521,0.8787340128347827,0.5631112489700317,0.40800000000000003,0.737,0.9340000000000002,
cellular_clearance,trained_average,1,raw,30,2.0,20,15.0,20,0.35230494893638664,0.2591261541098356,0.5589533660492958,0.4355818060636521,0.8877625703902371,0.5250525475740432,0.393,0.7060000000000001,0.925,
cellular_clearance,trained_average,2,calibrated,30,3.0,20,15.0,20,0.44537849179239586,0.24859709564596413,0.5172358758708886,0.4052569339573383,0.7940252006024594,0.5446130597591401,0.426,0.759,0.9410000000000001,
cellular_clearance,trained_average,2,raw,30,3.0,20,15.0,20,0.44537849179239586,0.24859709564596413,0.5172358758708886,0.4052569339573383,0.8008244493132578,0.5077495280504227,0.397,0.739,0.932,
cellular_clearance,trained_average,4,calibrated,30,5.0,20,15.0,20,0.4973642325209373,0.26744145806878805,0.4923987948688592,0.38920527157187457,0.7501830589444212,0.5273283749818802,0.42400000000000004,0.765,0.945,
cellular_clearance,trained_average,4,raw,30,5.0,20,15.0,20,0.4973642325209373,0.26744145806878805,0.4923987948688592,0.38920527157187457,0.7588131235331661,0.49176449120044713,0.385,0.746,0.9359999999999999,
cellular_clearance,trained_average,9,calibrated,30,10.0,20,15.0,20,0.5348305951105227,0.34730111643671985,0.4736917901826954,0.3718851197659969,0.7046140715415279,0.5077218842506408,0.425,0.775,0.953,
cellular_clearance,trained_average,9,raw,30,10.0,20,15.0,20,0.5348305951105227,0.34730111643671985,0.4736917901826954,0.3718851197659969,0.7108336001097129,0.47346402025222767,0.394,0.744,0.9369999999999999,
efflux,checkpoint_1,0,calibrated,30,1.0,5,5.0,5,0.12989061777537791,0.2817533676326275,0.8530112997728735,0.6956564626693726,1.351223721531435,0.8147625036239624,0.38399999999999995,0.6759999999999999,0.932,
efflux,checkpoint_1,0,raw,30,1.0,5,5.0,5,0.12989061777537791,0.2817533676326275,0.8530112997728735,0.6956564626693726,1.4427652669391293,0.6600798978805542,0.31999999999999995,0.588,0.8560000000000001,
efflux,checkpoint_1,1,calibrated,30,2.0,5,5.0,5,0.3469518188558792,0.33375337079167366,0.7389932483463395,0.6035624837875366,1.1873059853017423,0.790640142440796,0.368,0.728,0.9560000000000001,
efflux,checkpoint_1,1,raw,30,2.0,5,5.0,5,0.3469518188558792,0.33375337079167366,0.7389932483463395,0.6035624837875366,1.251970661278222,0.6454059443473816,0.29999999999999993,0.624,0.8960000000000001,
efflux,checkpoint_1,2,calibrated,30,3.0,5,5.0,5,0.5981365380999597,0.3561690236628055,0.5797050972604215,0.48009737014770504,0.9314546384588281,0.7650743684768677,0.45599999999999996,0.844,0.9879999999999999,
efflux,checkpoint_1,2,raw,30,3.0,5,5.0,5,0.5981365380999597,0.3561690236628055,0.5797050972604215,0.48009737014770504,0.946837214976911,0.6245000534057616,0.376,0.716,0.9600000000000002,
efflux,checkpoint_1,4,calibrated,30,5.0,5,5.0,5,0.6336107851166018,0.38940282672643656,0.5535274961459812,0.4446520490646361,0.8681252510197736,0.7248525018692016,0.46799999999999997,0.8240000000000001,0.9879999999999999,
efflux,checkpoint_1,4,raw,30,5.0,5,5.0,5,0.6336107851166018,0.38940282672643656,0.5535274961459812,0.4446520490646361,0.8729115192621636,0.59108895778656,0.396,0.732,0.9640000000000001,
efflux,checkpoint_1,9,calibrated,30,10.0,5,5.0,5,0.7163889493239202,0.4590391330420971,0.48700052888359785,0.3944081382751464,0.7166779772111668,0.6808554515838623,0.508,0.884,0.9960000000000001,
efflux,checkpoint_1,9,raw,30,10.0,5,5.0,5,0.7163889493239202,0.4590391330420971,0.48700052888359785,0.3944081382751464,0.7025462590462765,0.554652838230133,0.42799999999999994,0.7799999999999999,0.9800000000000001,
efflux,consistent_average,0,calibrated,30,1.0,5,5.0,5,0.12850177626842596,0.2717533682286739,0.8536918033715093,0.69705148935318,1.3408812470629012,0.8290029277801514,0.392,0.672,0.9359999999999999,
efflux,consistent_average,0,raw,30,1.0,5,5.0,5,0.12850177626842596,0.2717533682286739,0.8536918033715093,0.69705148935318,1.4440556063099101,0.6580186824798584,0.31999999999999995,0.58,0.8560000000000001,
efflux,consistent_average,1,calibrated,30,2.0,5,5.0,5,0.24517014071252052,0.3086234776675701,0.7944972425026452,0.6641377491950988,1.2847114832903934,0.8295946245193481,0.38,0.692,0.9560000000000001,
efflux,consistent_average,1,raw,30,2.0,5,5.0,5,0.24517014071252052,0.3086234776675701,0.7944972425026452,0.6641377491950988,1.3733265024922754,0.660779405117035,0.284,0.5840000000000001,0.8719999999999999,
efflux,consistent_average,2,calibrated,30,3.0,5,5.0,5,0.5850142409162788,0.3518572828173637,0.5890938043750659,0.4955045208930969,0.9652731319550435,0.7933595247268677,0.42000000000000004,0.8559999999999999,0.9800000000000001,
efflux,consistent_average,2,raw,30,3.0,5,5.0,5,0.5850142409162788,0.3518572828173637,0.5890938043750659,0.4955045208930969,0.9810765378644788,0.6314991493225097,0.332,0.7200000000000001,0.96,
efflux,consistent_average,4,calibrated,30,5.0,5,5.0,5,0.630177041188887,0.3719611972570419,0.5561152350125089,0.45708258056640627,0.889640606469432,0.7148199605941772,0.44399999999999995,0.8400000000000001,0.9720000000000001,
efflux,consistent_average,4,raw,30,5.0,5,5.0,5,0.630177041188887,0.3719611972570419,0.5561152350125089,0.45708258056640627,0.9088973307974676,0.5680912718772888,0.364,0.696,0.9560000000000001,
efflux,consistent_average,9,calibrated,30,10.0,5,5.0,5,0.7052594640789325,0.45938967242836953,0.49646403525382804,0.4165600361824035,0.7715778521284716,0.6535085449218749,0.40800000000000003,0.836,0.9960000000000001,
efflux,consistent_average,9,raw,30,10.0,5,5.0,5,0.7052594640789325,0.45938967242836953,0.49646403525382804,0.4165600361824035,0.7900063862097515,0.5192410626411438,0.332,0.6960000000000001,0.9800000000000001,
efflux,continued_reference,0,calibrated,30,1.0,5,5.0,5,0.12346442452730322,0.27775336787104604,0.8561554628239013,0.6995215644836426,1.3566203330716156,0.8175927524566651,0.392,0.6759999999999999,0.932,
efflux,continued_reference,0,raw,30,1.0,5,5.0,5,0.12346442452730322,0.27775336787104604,0.8561554628239013,0.6995215644836426,1.4399030320509936,0.669890357017517,0.31999999999999995,0.592,0.86,
efflux,continued_reference,1,calibrated,30,2.0,5,5.0,5,0.34097616231170225,0.3277533712983131,0.742366593486568,0.606741970539093,1.201756792902534,0.7837584066390992,0.364,0.728,0.9559999999999998,
efflux,continued_reference,1,raw,30,2.0,5,5.0,5,0.34097616231170225,0.3277533712983131,0.742366593486568,0.606741970539093,1.2649581664636937,0.6474124660491943,0.30399999999999994,0.6279999999999999,0.892,
efflux,continued_reference,2,calibrated,30,3.0,5,5.0,5,0.59659076783791,0.3421690240502357,0.5808189467808446,0.4818083024024963,0.9375664961490557,0.7577521181106567,0.44399999999999995,0.844,0.976,
efflux,continued_reference,2,raw,30,3.0,5,5.0,5,0.59659076783791,0.3421690240502357,0.5808189467808446,0.4818083024024963,0.9542077278835854,0.6259176969528198,0.38,0.712,0.9600000000000002,
efflux,continued_reference,4,calibrated,30,5.0,5,5.0,5,0.6336993732057055,0.3814028272032738,0.5534605742694936,0.44504035234451295,0.8720975695828646,0.7176839809417723,0.46799999999999997,0.828,0.9800000000000001,
efflux,continued_reference,4,raw,30,5.0,5,5.0,5,0.6336993732057055,0.3814028272032738,0.5534605742694936,0.44504035234451295,0.8776038984586556,0.5921931314468383,0.396,0.728,0.9640000000000001,
efflux,continued_reference,9,calibrated,30,10.0,5,5.0,5,0.717959311505791,0.4590391330420971,0.48565038969371266,0.3943005113601684,0.7137311840661692,0.6740039720535279,0.496,0.884,0.9960000000000001,
efflux,continued_reference,9,raw,30,10.0,5,5.0,5,0.717959311505791,0.4590391330420971,0.48565038969371266,0.3943005113601684,0.7009479179399281,0.555521502494812,0.42800000000000005,0.7719999999999999,0.984,
efflux,frozen_average,0,calibrated,30,1.0,5,5.0,5,0.12989061777537791,0.2817533676326275,0.8530112997728735,0.6956564626693726,1.3192087042417397,0.8980568027496337,0.42400000000000004,0.724,0.968,
efflux,frozen_average,0,raw,30,1.0,5,5.0,5,0.12989061777537791,0.2817533676326275,0.8530112997728735,0.6956564626693726,1.4427652669391293,0.6600798978805542,0.31999999999999995,0.588,0.8560000000000001,
efflux,frozen_average,1,calibrated,30,2.0,5,5.0,5,0.1664941684332285,0.3277533707022667,0.8348763905333858,0.689347611427307,1.3016106237386071,0.8743017845153809,0.376,0.68,0.976,
efflux,frozen_average,1,raw,30,2.0,5,5.0,5,0.1664941684332285,0.3277533707022667,0.8348763905333858,0.689347611427307,1.433114721949437,0.6457877821922302,0.264,0.544,0.8720000000000001,
efflux,frozen_average,2,calibrated,30,3.0,5,5.0,5,0.42176919387545153,0.3801690232753754,0.6953740366590137,0.5686153059005737,1.07817654889339,0.8457974557876586,0.42800000000000005,0.792,0.9960000000000001,
efflux,frozen_average,2,raw,30,3.0,5,5.0,5,0.42176919387545153,0.3801690232753754,0.6953740366590137,0.5686153059005737,1.1361201653790367,0.6247061605453491,0.312,0.648,0.9359999999999999,
efflux,frozen_average,4,calibrated,30,5.0,5,5.0,5,0.39077309559346085,0.39340282723307607,0.7137685292506104,0.5790381171703338,1.10231103869682,0.8015673618316651,0.388,0.76,0.9879999999999999,
efflux,frozen_average,4,raw,30,5.0,5,5.0,5,0.39077309559346085,0.39340282723307607,0.7137685292506104,0.5790381171703338,1.1904372365641307,0.5916675281524658,0.284,0.576,0.916,
efflux,frozen_average,9,calibrated,30,10.0,5,5.0,5,0.37043377903332664,0.4519611969590187,0.7255854536955955,0.5819612002372743,1.1375553460515768,0.7531169147491454,0.392,0.696,0.9719999999999999,
efflux,frozen_average,9,raw,30,10.0,5,5.0,5,0.37043377903332664,0.4519611969590187,0.7255854536955955,0.5819612002372743,1.2536814583967693,0.5555352311134338,0.296,0.5599999999999999,0.8800000000000001,
efflux,trained_average,0,calibrated,30,1.0,5,5.0,5,0.1225679750901022,0.2797533681988716,0.8565931540998526,0.7009476022720337,1.3600717739187898,0.8022275829315184,0.372,0.664,0.9359999999999999,
efflux,trained_average,0,raw,30,1.0,5,5.0,5,0.1225679750901022,0.2797533681988716,0.8565931540998526,0.7009476022720337,1.4544792941443694,0.6592669458389283,0.33199999999999996,0.58,0.852,
efflux,trained_average,1,calibrated,30,2.0,5,5.0,5,0.3036792577621674,0.30467543333768843,0.7630843110917869,0.6358447699546815,1.2402048412089939,0.8112218799591066,0.36,0.7319999999999999,0.9559999999999998,
efflux,trained_average,1,raw,30,2.0,5,5.0,5,0.3036792577621674,0.30467543333768843,0.7630843110917869,0.6358447699546815,1.3047540762798646,0.6692356882095336,0.28400000000000003,0.624,0.892,
efflux,trained_average,2,calibrated,30,3.0,5,5.0,5,0.5749669297235049,0.31964945659041405,0.5961824941507956,0.5118793153762817,0.992030605818643,0.7922002916336061,0.404,0.852,0.984,
efflux,trained_average,2,raw,30,3.0,5,5.0,5,0.5749669297235049,0.31964945659041405,0.5961824941507956,0.5118793153762817,1.0099168918174877,0.6535194931030273,0.30799999999999994,0.7399999999999999,0.968,
efflux,trained_average,4,calibrated,30,5.0,5,5.0,5,0.5958061673270604,0.36390923857688906,0.5813834969205782,0.4841973333358764,0.9525261540674057,0.7537294616699218,0.42799999999999994,0.812,0.9800000000000001,
efflux,trained_average,4,raw,30,5.0,5,5.0,5,0.5958061673270604,0.36390923857688906,0.5813834969205782,0.4841973333358764,0.9603751810645307,0.6210768489837646,0.36,0.7,0.968,
efflux,trained_average,9,calibrated,30,10.0,5,5.0,5,0.642787090043357,0.39883130401372907,0.5465519291949875,0.4539565849304199,0.8831177296110422,0.7164959182739258,0.44000000000000006,0.8160000000000001,0.992,
efflux,trained_average,9,raw,30,10.0,5,5.0,5,0.642787090043357,0.39883130401372907,0.5465519291949875,0.4539565849304199,0.8919191869253809,0.5897611632347107,0.372,0.712,0.968,
in_vivo_clearance,checkpoint_1,0,calibrated,30,1.0,2,2.0,2,-0.22152570973094443,-0.37808451130986215,0.5349352336361539,0.406858885884285,0.7754832711019699,0.5774544906616211,0.51,0.77,0.95,
in_vivo_clearance,checkpoint_1,0,raw,30,1.0,2,2.0,2,-0.22152570973094443,-0.37808451130986215,0.5349352336361539,0.406858885884285,0.806051416505964,0.5256824588775635,0.48,0.73,0.8899999999999999,
in_vivo_clearance,checkpoint_1,1,calibrated,30,2.0,2,2.0,2,0.049196414394000576,-0.26308451406657696,0.4719492530979662,0.3611550408601761,0.702347926862877,0.6113308501243592,0.5700000000000001,0.86,0.97,
in_vivo_clearance,checkpoint_1,1,raw,30,2.0,2,2.0,2,0.049196414394000576,-0.26308451406657696,0.4719492530979662,0.3611550408601761,0.7080849615602205,0.5613099670410157,0.54,0.8,0.95,
in_vivo_clearance,checkpoint_1,2,calibrated,30,3.0,2,2.0,2,0.1912847917111593,-0.13821440711617472,0.43525894278525956,0.3375324064493179,0.6303958668742161,0.5951380515098572,0.62,0.89,0.98,
in_vivo_clearance,checkpoint_1,2,raw,30,3.0,2,2.0,2,0.1912847917111593,-0.13821440711617472,0.43525894278525956,0.3375324064493179,0.6422179111097063,0.5466748023033142,0.56,0.86,0.9400000000000001,
in_vivo_clearance,checkpoint_1,4,calibrated,30,5.0,2,2.0,2,0.3294363466809389,0.1260391335934401,0.39634182288773534,0.3180433261394501,0.562000999736922,0.5811291122436524,0.61,0.9400000000000001,0.99,
in_vivo_clearance,checkpoint_1,4,raw,30,5.0,2,2.0,2,0.3294363466809389,0.1260391335934401,0.39634182288773534,0.3180433261394501,0.557979651061244,0.533541487455368,0.58,0.87,0.95,
in_vivo_clearance,checkpoint_1,9,calibrated,30,10.0,2,2.0,2,0.5685213061542237,0.36490299291908745,0.31792858371526606,0.25875726580619807,0.4350520809737106,0.5633281373977661,0.7,0.97,0.99,
in_vivo_clearance,checkpoint_1,9,raw,30,10.0,2,2.0,2,0.5685213061542237,0.36490299291908745,0.31792858371526606,0.25875726580619807,0.39996305402630183,0.51700364112854,0.62,0.9400000000000001,0.98,
in_vivo_clearance,consistent_average,0,calibrated,30,1.0,2,2.0,2,-0.25772536119060896,-0.4684741828590631,0.5428037093465895,0.4150472325086594,0.7933013445606836,0.5874715662002563,0.5299999999999999,0.77,0.95,
in_vivo_clearance,consistent_average,0,raw,30,1.0,2,2.0,2,-0.25772536119060896,-0.4684741828590631,0.5428037093465895,0.4150472325086594,0.817218184473953,0.5213312458992004,0.51,0.73,0.92,
in_vivo_clearance,consistent_average,1,calibrated,30,2.0,2,2.0,2,-0.12172910472874654,-0.2734741885215044,0.5126180472145467,0.40491885721683496,0.784531092225599,0.6694978857040406,0.5499999999999999,0.8400000000000001,1.0,
in_vivo_clearance,consistent_average,1,raw,30,2.0,2,2.0,2,-0.12172910472874654,-0.2734741885215044,0.5126180472145467,0.40491885721683496,0.7854953807400011,0.6024788808822631,0.52,0.79,0.95,
in_vivo_clearance,consistent_average,2,calibrated,30,3.0,2,2.0,2,0.1551625549426251,-0.24256494529545305,0.44487343676025265,0.35830031991004946,0.6806610645890525,0.6502611970901488,0.6399999999999999,0.87,0.99,
in_vivo_clearance,consistent_average,2,raw,30,3.0,2,2.0,2,0.1551625549426251,-0.24256494529545305,0.44487343676025265,0.35830031991004946,0.6733585148535108,0.585826152563095,0.6,0.8,0.95,
in_vivo_clearance,consistent_average,4,calibrated,30,5.0,2,2.0,2,0.3537370639810229,0.0255195692181587,0.38909398970268344,0.31194173872470854,0.5903469633042697,0.6349065279960632,0.6699999999999999,0.91,1.0,
in_vivo_clearance,consistent_average,4,raw,30,5.0,2,2.0,2,0.3537370639810229,0.0255195692181587,0.38909398970268344,0.31194173872470854,0.5544548062805823,0.5716376757621765,0.61,0.89,0.97,
in_vivo_clearance,consistent_average,9,calibrated,30,10.0,2,2.0,2,0.5794331187991436,0.3654225599020719,0.31388273823734814,0.25081091284751883,0.48007979597460126,0.6160834074020386,0.72,0.99,1.0,
in_vivo_clearance,consistent_average,9,raw,30,10.0,2,2.0,2,0.5794331187991436,0.3654225599020719,0.31388273823734814,0.25081091284751883,0.42110934250263865,0.5547982931137084,0.69,0.9400000000000001,0.99,
in_vivo_clearance,continued_reference,0,calibrated,30,1.0,2,2.0,2,-0.22577203913476818,-0.383084512501955,0.5358642114431312,0.40891929209232325,0.7754149866707267,0.575556252002716,0.52,0.77,0.95,
in_vivo_clearance,continued_reference,0,raw,30,1.0,2,2.0,2,-0.22577203913476818,-0.383084512501955,0.5358642114431312,0.40891929209232325,0.8023011903454325,0.521990852355957,0.48,0.72,0.9,
in_vivo_clearance,continued_reference,1,calibrated,30,2.0,2,2.0,2,0.04990367012951802,-0.25308451391756526,0.4717736905966655,0.3602008253335952,0.7054182867226815,0.6159464812278748,0.58,0.8500000000000001,0.97,
in_vivo_clearance,continued_reference,1,raw,30,2.0,2,2.0,2,0.04990367012951802,-0.25308451391756526,0.4717736905966655,0.3602008253335952,0.7088144982026483,0.5636135864257813,0.5299999999999999,0.8200000000000001,0.95,
in_vivo_clearance,continued_reference,2,calibrated,30,3.0,2,2.0,2,0.20005126292308295,-0.1582144059240818,0.43289341170276807,0.33552956819534296,0.6331290969639627,0.5994211983680725,0.59,0.89,0.98,
in_vivo_clearance,continued_reference,2,raw,30,3.0,2,2.0,2,0.20005126292308295,-0.1582144059240818,0.43289341170276807,0.33552956819534296,0.6403781640871152,0.5487317514419556,0.5599999999999999,0.86,0.9400000000000001,
in_vivo_clearance,continued_reference,4,calibrated,30,5.0,2,2.0,2,0.33135062462834064,0.101039133220911,0.39577569418500436,0.3168262827396392,0.5657450893243252,0.5848442912101746,0.61,0.9400000000000001,0.99,
in_vivo_clearance,continued_reference,4,raw,30,5.0,2,2.0,2,0.33135062462834064,0.101039133220911,0.39577569418500436,0.3168262827396392,0.5583760584782287,0.5351949143409729,0.5599999999999999,0.88,0.95,
in_vivo_clearance,continued_reference,9,calibrated,30,10.0,2,2.0,2,0.5650126574292551,0.3549029938876629,0.3192186140068537,0.259563757777214,0.440256988394155,0.5661132287979125,0.69,0.96,0.99,
in_vivo_clearance,continued_reference,9,raw,30,10.0,2,2.0,2,0.5650126574292551,0.3549029938876629,0.3192186140068537,0.259563757777214,0.40414437413067983,0.5179244816303253,0.6399999999999999,0.95,0.98,
in_vivo_clearance,frozen_average,0,calibrated,30,1.0,2,2.0,2,-0.22152570973094443,-0.37808451130986215,0.5349352336361539,0.406858885884285,0.7835071195741032,0.6243284916877747,0.57,0.78,0.98,
in_vivo_clearance,frozen_average,0,raw,30,1.0,2,2.0,2,-0.22152570973094443,-0.37808451130986215,0.5349352336361539,0.406858885884285,0.806051416505964,0.5256824588775635,0.48,0.73,0.8899999999999999,
in_vivo_clearance,frozen_average,1,calibrated,30,2.0,2,2.0,2,-0.22877613478684067,-0.26308451406657696,0.5365204518349321,0.4273203659057617,0.8151624215170595,0.6620611262321472,0.56,0.8,0.99,
in_vivo_clearance,frozen_average,1,raw,30,2.0,2,2.0,2,-0.22877613478684067,-0.26308451406657696,0.5365204518349321,0.4273203659057617,0.8328480988440199,0.5620316481590271,0.48,0.71,0.95,
in_vivo_clearance,frozen_average,2,calibrated,30,3.0,2,2.0,2,-0.15301357068485788,-0.1332144059240818,0.5197172204933783,0.4355924260616302,0.7860528479897881,0.6456449866294861,0.45999999999999996,0.87,1.0,
in_vivo_clearance,frozen_average,2,raw,30,3.0,2,2.0,2,-0.15301357068485788,-0.1332144059240818,0.5197172204933783,0.4355924260616302,0.812408372576395,0.5482661199569702,0.39,0.76,0.9299999999999999,
in_vivo_clearance,frozen_average,4,calibrated,30,5.0,2,2.0,2,-0.08358885047197528,0.12603913471102715,0.5038278399313014,0.40704351484775536,0.7585120576193367,0.6306994342803955,0.56,0.8500000000000001,0.97,
in_vivo_clearance,frozen_average,4,raw,30,5.0,2,2.0,2,-0.08358885047197528,0.12603913471102715,0.5038278399313014,0.40704351484775536,0.76211873129509,0.5353160762786865,0.44999999999999996,0.8,0.9400000000000001,
in_vivo_clearance,frozen_average,9,calibrated,30,10.0,2,2.0,2,0.10666417815108942,0.36990299336612226,0.45746436780911043,0.36909611284732813,0.6735714680970419,0.6107387709617615,0.5900000000000001,0.9,0.98,
in_vivo_clearance,frozen_average,9,raw,30,10.0,2,2.0,2,0.10666417815108942,0.36990299336612226,0.45746436780911043,0.36909611284732813,0.6747319015635658,0.5182289981842041,0.5,0.8,0.97,
in_vivo_clearance,trained_average,0,calibrated,30,1.0,2,2.0,2,-0.2714087350379566,-0.4884741816669702,0.5457484276329941,0.4166542255878448,0.7975363367630188,0.5706453561782837,0.52,0.77,0.95,
in_vivo_clearance,trained_average,0,raw,30,1.0,2,2.0,2,-0.2714087350379566,-0.4884741816669702,0.5457484276329941,0.4166542255878448,0.8303167367941044,0.509291706085205,0.5,0.72,0.9,
in_vivo_clearance,trained_average,1,calibrated,30,2.0,2,2.0,2,-0.06495438576324553,-0.2634741876274347,0.4994768922957534,0.3902998596429825,0.7797177524787436,0.695870418548584,0.5800000000000001,0.8600000000000001,1.0,
in_vivo_clearance,trained_average,1,raw,30,2.0,2,2.0,2,-0.06495438576324553,-0.2634741876274347,0.4994768922957534,0.3902998596429825,0.7625728884080799,0.6290559744834899,0.55,0.8200000000000001,0.95,
in_vivo_clearance,trained_average,2,calibrated,30,3.0,2,2.0,2,0.12866184599902697,-0.1955195695161819,0.4517969173092981,0.36849108815193177,0.70905458154698,0.6837371587753296,0.6399999999999999,0.9000000000000001,1.0,
in_vivo_clearance,trained_average,2,raw,30,3.0,2,2.0,2,0.12866184599902697,-0.1955195695161819,0.4517969173092981,0.36849108815193177,0.6897370242889322,0.6186180639266967,0.6,0.8300000000000001,0.98,
in_vivo_clearance,trained_average,4,calibrated,30,5.0,2,2.0,2,0.24339238568805366,0.04012989252805715,0.4210030590765125,0.345683051943779,0.6560456947476565,0.6732101655006408,0.6499999999999999,0.8999999999999999,1.0,
in_vivo_clearance,trained_average,4,raw,30,5.0,2,2.0,2,0.24339238568805366,0.04012989252805715,0.4210030590765125,0.345683051943779,0.6185025468939818,0.6089478850364685,0.59,0.8799999999999999,0.99,
in_vivo_clearance,trained_average,9,calibrated,30,10.0,2,2.0,2,0.39033386841907636,0.33694837279617784,0.3779165684594037,0.30573430836200716,0.5914431393854285,0.6583853983879089,0.6699999999999999,0.95,1.0,
in_vivo_clearance,trained_average,9,raw,30,10.0,2,2.0,2,0.39033386841907636,0.33694837279617784,0.3779165684594037,0.30573430836200716,0.545520251024175,0.5953772687911987,0.6,0.9099999999999999,0.99,
microsomal_clearance,checkpoint_1,0,calibrated,30,1.0,71,45.0,71,0.10260446077968399,0.3387085037308867,0.6488826032600091,0.5060620906739168,1.0004596329710684,0.626763218960292,0.48732394366197196,0.7698591549295776,0.9315492957746478,
microsomal_clearance,checkpoint_1,0,raw,30,1.0,71,45.0,71,0.10260446077968399,0.3387085037308867,0.6488826032600091,0.5060620906739168,0.9879214040925367,0.5971268829829255,0.47380281690140846,0.7512676056338029,0.9225352112676056,
microsomal_clearance,checkpoint_1,1,calibrated,30,2.0,71,45.0,71,0.3828388481367906,0.34506204726643763,0.5381129800951099,0.4158270371170111,0.8159324314196068,0.5070190760451301,0.484507042253521,0.7661971830985915,0.9211267605633802,
microsomal_clearance,checkpoint_1,1,raw,30,2.0,71,45.0,71,0.3828388481367906,0.34506204726643763,0.5381129800951099,0.4158270371170111,0.8133024538521331,0.48458583613516587,0.4600000000000001,0.7492957746478873,0.9135211267605634,
microsomal_clearance,checkpoint_1,2,calibrated,30,3.0,71,45.0,71,0.46007449512017407,0.36327145772640684,0.5033164202209537,0.38736302412731544,0.7499941122154579,0.48107358851902915,0.5008450704225353,0.7749295774647889,0.9191549295774647,
microsomal_clearance,checkpoint_1,2,raw,30,3.0,71,45.0,71,0.46007449512017407,0.36327145772640684,0.5033164202209537,0.38736302412731544,0.7470447901010746,0.4597141542233212,0.4853521126760563,0.7580281690140845,0.9098591549295776,
microsomal_clearance,checkpoint_1,4,calibrated,30,5.0,71,45.0,71,0.5353857269900868,0.38699946783611283,0.4668963202820635,0.35668878135546833,0.6702567870681008,0.4525084114074708,0.5092957746478872,0.7774647887323946,0.9261971830985914,
microsomal_clearance,checkpoint_1,4,raw,30,5.0,71,45.0,71,0.5353857269900868,0.38699946783611283,0.4668963202820635,0.35668878135546833,0.6662247073204766,0.4323838658735785,0.492112676056338,0.7630985915492958,0.9152112676056336,
microsomal_clearance,checkpoint_1,9,calibrated,30,10.0,71,45.0,71,0.6090131375360531,0.4517701235507995,0.4283070864874422,0.32598476184925557,0.5848214028892232,0.4189488240362893,0.5160563380281689,0.783661971830986,0.932394366197183,
microsomal_clearance,checkpoint_1,9,raw,30,10.0,71,45.0,71,0.6090131375360531,0.4517701235507995,0.4283070864874422,0.32598476184925557,0.579138185726073,0.40009546750028363,0.5028169014084506,0.7732394366197183,0.9233802816901406,
microsomal_clearance,consistent_average,0,calibrated,30,1.0,71,45.0,71,0.11346493288940196,0.34225737251784416,0.6449441933268275,0.5026610611526059,0.992444315859909,0.6104473623087707,0.4861971830985916,0.763661971830986,0.9267605633802817,
microsomal_clearance,consistent_average,0,raw,30,1.0,71,45.0,71,0.11346493288940196,0.34225737251784416,0.6449441933268275,0.5026610611526059,0.9936647603392964,0.5617581159296172,0.45408450704225345,0.7323943661971832,0.9056338028169014,
microsomal_clearance,consistent_average,1,calibrated,30,2.0,71,45.0,71,0.32086920725181756,0.34974617656197904,0.5644830279969929,0.4354742877332258,0.8536099585905226,0.53984908977025,0.5005633802816902,0.7701408450704226,0.9236619718309859,
microsomal_clearance,consistent_average,1,raw,30,2.0,71,45.0,71,0.32086920725181756,0.34974617656197904,0.5644830279969929,0.4354742877332258,0.8601969333767836,0.4977754263474906,0.46816901408450706,0.7360563380281689,0.9050704225352112,
microsomal_clearance,consistent_average,2,calibrated,30,3.0,71,45.0,71,0.4281574284868025,0.36768617586280816,0.5179793179599395,0.3977267862583549,0.7740314507542846,0.49952268009454437,0.5126760563380282,0.771830985915493,0.9211267605633804,
microsomal_clearance,consistent_average,2,raw,30,3.0,71,45.0,71,0.4281574284868025,0.36768617586280816,0.5179793179599395,0.3977267862583549,0.779636664342955,0.46042271738321006,0.4760563380281691,0.739718309859155,0.9008450704225353,
microsomal_clearance,consistent_average,4,calibrated,30,5.0,71,45.0,71,0.5224975028546409,0.3798888106721108,0.4733277873886159,0.3614895265958678,0.6805279104666975,0.4623278036083975,0.5123943661971831,0.7853521126760564,0.9287323943661969,
microsomal_clearance,consistent_average,4,raw,30,5.0,71,45.0,71,0.5224975028546409,0.3798888106721108,0.4733277873886159,0.3614895265958678,0.6838584716838542,0.426073665450996,0.480281690140845,0.7546478873239435,0.9112676056338028,
microsomal_clearance,consistent_average,9,calibrated,30,10.0,71,45.0,71,0.5944300758932592,0.4250887343184862,0.4362214814157941,0.3338068456339165,0.6063528082416961,0.4233854002348134,0.5045070422535212,0.7833802816901408,0.9287323943661969,
microsomal_clearance,consistent_average,9,raw,30,10.0,71,45.0,71,0.5944300758932592,0.4250887343184862,0.4362214814157941,0.3338068456339165,0.6095402966445579,0.38995686662029216,0.4763380281690141,0.7532394366197183,0.9073239436619719,
microsomal_clearance,continued_reference,0,calibrated,30,1.0,71,45.0,71,0.10174943580048157,0.3376681690006656,0.6491916524580379,0.5059034752929714,1.0012131487698601,0.6242185563100896,0.4864788732394366,0.7670422535211268,0.9307042253521126,
microsomal_clearance,continued_reference,0,raw,30,1.0,71,45.0,71,0.10174943580048157,0.3376681690006656,0.6491916524580379,0.5059034752929714,0.989139565546099,0.5928422432886044,0.46957746478873247,0.7490140845070423,0.9219718309859154,
microsomal_clearance,continued_reference,1,calibrated,30,2.0,71,45.0,71,0.3816130474314178,0.34897400409752766,0.5386471129231205,0.4161399100070268,0.8167321047781744,0.5078631683806298,0.4847887323943661,0.7650704225352112,0.9216901408450704,
microsomal_clearance,continued_reference,1,raw,30,2.0,71,45.0,71,0.3816130474314178,0.34897400409752766,0.5386471129231205,0.4161399100070268,0.814363174076909,0.48398836730231715,0.46366197183098595,0.7490140845070421,0.9123943661971831,
microsomal_clearance,continued_reference,2,calibrated,30,3.0,71,45.0,71,0.45853670944401215,0.36296858853763997,0.5040326694509618,0.3876937601180143,0.7512607659884224,0.48192788849414236,0.5014084507042254,0.7743661971830986,0.9191549295774647,
microsomal_clearance,continued_reference,2,raw,30,3.0,71,45.0,71,0.45853670944401215,0.36296858853763997,0.5040326694509618,0.3876937601180143,0.7484698786144717,0.4592304644450335,0.484507042253521,0.7580281690140847,0.9092957746478874,
microsomal_clearance,continued_reference,4,calibrated,30,5.0,71,45.0,71,0.5342491245707324,0.38813259162137015,0.4674670639740099,0.356967734350285,0.6711384173104853,0.45342112017349456,0.511549295774648,0.7785915492957745,0.9264788732394367,
microsomal_clearance,continued_reference,4,raw,30,5.0,71,45.0,71,0.5342491245707324,0.38813259162137015,0.4674670639740099,0.356967734350285,0.6673273264451609,0.4320632028915513,0.492112676056338,0.7625352112676056,0.9152112676056339,
microsomal_clearance,continued_reference,9,calibrated,30,10.0,71,45.0,71,0.6083841678010047,0.4498866860138278,0.42865145092353235,0.32606161045356535,0.5853138764688424,0.4200167940032314,0.520281690140845,0.7850704225352111,0.9323943661971832,
microsomal_clearance,continued_reference,9,raw,30,10.0,71,45.0,71,0.6083841678010047,0.4498866860138278,0.42865145092353235,0.32606161045356535,0.5799369711211474,0.4000610977495221,0.5016901408450704,0.7715492957746479,0.9222535211267606,
microsomal_clearance,frozen_average,0,calibrated,30,1.0,71,45.0,71,0.10260446077968399,0.3387085037308867,0.6488826032600091,0.5060620906739168,0.9962549639432291,0.7160959346529464,0.5405633802816902,0.8236619718309858,0.9656338028169015,
microsomal_clearance,frozen_average,0,raw,30,1.0,71,45.0,71,0.10260446077968399,0.3387085037308867,0.6488826032600091,0.5060620906739168,0.9879214040925367,0.5971268829829255,0.47380281690140846,0.7512676056338029,0.9225352112676056,
microsomal_clearance,frozen_average,1,calibrated,30,2.0,71,45.0,71,0.13082636773902478,0.3495759859925984,0.63859784547481,0.49168559337166,0.9570135463904229,0.5798667753582271,0.4805633802816899,0.7512676056338028,0.9208450704225354,
microsomal_clearance,frozen_average,1,raw,30,2.0,71,45.0,71,0.13082636773902478,0.3495759859925984,0.63859784547481,0.49168559337166,1.024017592830875,0.48472249249337424,0.4092957746478873,0.6853521126760564,0.8580281690140843,
microsomal_clearance,frozen_average,2,calibrated,30,3.0,71,45.0,71,0.14661149551704056,0.35989652406511724,0.6327724637112304,0.4897635137447169,0.9603181000169926,0.5505450018358903,0.4566197183098592,0.7270422535211267,0.9061971830985914,
microsomal_clearance,frozen_average,2,raw,30,3.0,71,45.0,71,0.14661149551704056,0.35989652406511724,0.6327724637112304,0.4897635137447169,1.0491776334604637,0.4601864745919133,0.39549295774647886,0.6577464788732394,0.844507042253521,
microsomal_clearance,frozen_average,4,calibrated,30,5.0,71,45.0,71,0.16742951538610273,0.3850479438656093,0.6250067142915889,0.4829713568637071,0.9537128291285202,0.5184668992606687,0.43746478873239436,0.7070422535211268,0.9000000000000001,
microsomal_clearance,frozen_average,4,raw,30,5.0,71,45.0,71,0.16742951538610273,0.3850479438656093,0.6250067142915889,0.4829713568637071,1.0664860920778896,0.4333560019815471,0.3780281690140845,0.6270422535211269,0.836056338028169,
microsomal_clearance,frozen_average,9,calibrated,30,10.0,71,45.0,71,0.19690299963941416,0.4522123012295305,0.6138442321313246,0.47641146040298576,0.9746265728628907,0.48082220980818835,0.40394366197183096,0.687887323943662,0.88,
microsomal_clearance,frozen_average,9,raw,30,10.0,71,45.0,71,0.19690299963941416,0.4522123012295305,0.6138442321313246,0.47641146040298576,1.1219967646773477,0.4017228375018483,0.34732394366197183,0.6045070422535213,0.8138028169014084,
microsomal_clearance,trained_average,0,calibrated,30,1.0,71,45.0,71,0.10529682288210584,0.3391353701510947,0.6479084847256018,0.5054077190370627,0.9969355869522389,0.6047416953637568,0.4785915492957747,0.7583098591549297,0.9236619718309861,
microsomal_clearance,trained_average,0,raw,30,1.0,71,45.0,71,0.10529682288210584,0.3391353701510947,0.6479084847256018,0.5054077190370627,1.0029937099194934,0.5594450747127263,0.4515492957746478,0.7267605633802818,0.9002816901408451,
microsomal_clearance,trained_average,1,calibrated,30,2.0,71,45.0,71,0.3743736441407255,0.34179665742380805,0.5417908866186131,0.41951142227145977,0.8212582139886382,0.5335951215448513,0.508450704225352,0.7847887323943662,0.9276056338028169,
microsomal_clearance,trained_average,1,raw,30,2.0,71,45.0,71,0.3743736441407255,0.34179665742380805,0.5417908866186131,0.41951142227145977,0.8242755180090258,0.4939100983780874,0.4746478873239436,0.7557746478873238,0.9143661971830986,
microsomal_clearance,trained_average,2,calibrated,30,3.0,71,45.0,71,0.4249350205441227,0.3539287468293137,0.5194367084174081,0.40236244358647033,0.7770981431471483,0.5075277399680984,0.49323943661971836,0.7754929577464789,0.9261971830985914,
microsomal_clearance,trained_average,2,raw,30,3.0,71,45.0,71,0.4249350205441227,0.3539287468293137,0.5194367084174081,0.40236244358647033,0.7818070522681655,0.4696882300981334,0.46225352112676055,0.7501408450704226,0.9076056338028169,
microsomal_clearance,trained_average,4,calibrated,30,5.0,71,45.0,71,0.4909554157951257,0.3664667793096325,0.48871097059206203,0.3748879924038766,0.712325979912119,0.48021292857720815,0.5045070422535212,0.7819718309859154,0.9301408450704226,
microsomal_clearance,trained_average,4,raw,30,5.0,71,45.0,71,0.4909554157951257,0.3664667793096325,0.48871097059206203,0.3748879924038766,0.7174270925878832,0.4443870096139505,0.47295774647887334,0.7512676056338026,0.9132394366197184,
microsomal_clearance,trained_average,9,calibrated,30,10.0,71,45.0,71,0.5414009898860324,0.392462781347999,0.46386406979145844,0.3571704849223015,0.6636592908444324,0.4487645832081915,0.501408450704225,0.7816901408450704,0.9273239436619719,
microsomal_clearance,trained_average,9,raw,30,10.0,71,45.0,71,0.5414009898860324,0.392462781347999,0.46386406979145844,0.3571704849223015,0.6693950689486753,0.41510589686917587,0.4709859154929576,0.7498591549295774,0.9104225352112676,
permeability,checkpoint_1,0,calibrated,30,1.0,13,12.0,13,0.26305246459937304,0.38673726240029704,0.8335584224761128,0.6298537425811475,1.219095268424728,0.7929281656558694,0.4507692307692308,0.7384615384615386,0.9215384615384615,
permeability,checkpoint_1,0,raw,30,1.0,13,12.0,13,0.26305246459937304,0.38673726240029704,0.8335584224761128,0.6298537425811475,1.2582487275168113,0.6770270398946908,0.3892307692307692,0.6738461538461539,0.886153846153846,
permeability,checkpoint_1,1,calibrated,30,2.0,13,12.0,13,0.4649378984874952,0.4170787191161743,0.7102640839373734,0.5385739895013663,1.0462950127282438,0.7079433850141672,0.4230769230769231,0.7323076923076923,0.9492307692307691,
permeability,checkpoint_1,1,raw,30,2.0,13,12.0,13,0.4649378984874952,0.4170787191161743,0.7102640839373734,0.5385739895013663,1.0869810849328625,0.6047601219323965,0.3723076923076923,0.683076923076923,0.9046153846153846,
permeability,checkpoint_1,2,calibrated,30,3.0,13,12.0,13,0.5428833125026645,0.431607371282119,0.656494809380146,0.5004632397798392,0.9576666743919632,0.6711074845607463,0.4184615384615385,0.7461538461538461,0.9461538461538462,
permeability,checkpoint_1,2,raw,30,3.0,13,12.0,13,0.5428833125026645,0.431607371282119,0.656494809380146,0.5004632397798392,0.9951772842834716,0.5733546385398278,0.3553846153846153,0.6769230769230768,0.9092307692307691,
permeability,checkpoint_1,4,calibrated,30,5.0,13,12.0,13,0.6565617017569174,0.4725964163931516,0.5690391152687738,0.4453494930725831,0.8464455276050272,0.6348960625208341,0.42769230769230765,0.7569230769230769,0.9646153846153845,
permeability,checkpoint_1,4,raw,30,5.0,13,12.0,13,0.6565617017569174,0.4725964163931516,0.5690391152687738,0.4453494930725831,0.8759016013698596,0.5426213084734403,0.37846153846153846,0.6815384615384615,0.9369230769230769,
permeability,checkpoint_1,9,calibrated,30,10.0,13,12.0,13,0.7384691439615984,0.48571330733024165,0.49656856848409303,0.3915311023822197,0.7210899192107116,0.5990773677825928,0.44307692307692315,0.7923076923076923,0.973846153846154,
permeability,checkpoint_1,9,raw,30,10.0,13,12.0,13,0.7384691439615984,0.48571330733024165,0.49656856848409303,0.3915311023822197,0.7381288447320766,0.5117747827676625,0.38923076923076927,0.7323076923076921,0.9399999999999997,
permeability,consistent_average,0,calibrated,30,1.0,13,12.0,13,0.2680684730041417,0.37827572427116907,0.8307167852777759,0.627240421130107,1.1999386652219686,0.8268817560489362,0.4476923076923077,0.7584615384615384,0.9369230769230769,
permeability,consistent_average,0,raw,30,1.0,13,12.0,13,0.2680684730041417,0.37827572427116907,0.8307167852777759,0.627240421130107,1.2613681383659154,0.6647694991185115,0.3753846153846154,0.6692307692307692,0.8784615384615386,
permeability,consistent_average,1,calibrated,30,2.0,13,12.0,13,0.3989357884739583,0.3993064792683491,0.7527975443132716,0.576977140903473,1.1084340342795782,0.7690198151881878,0.41076923076923083,0.7507692307692307,0.9476923076923076,
permeability,consistent_average,1,raw,30,2.0,13,12.0,13,0.3989357884739583,0.3993064792683491,0.7527975443132716,0.576977140903473,1.1795964459578299,0.6184546006642855,0.33692307692307694,0.6338461538461538,0.8753846153846154,
permeability,consistent_average,2,calibrated,30,3.0,13,12.0,13,0.5263755332015113,0.44442957055110194,0.6682436235664242,0.5142357099056244,0.9839943364752836,0.7118696895012488,0.42307692307692313,0.7476923076923078,0.9553846153846154,
permeability,consistent_average,2,raw,30,3.0,13,12.0,13,0.5263755332015113,0.44442957055110194,0.6682436235664242,0.5142357099056244,1.0457436784511491,0.5726791444191565,0.34923076923076923,0.6646153846153845,0.9000000000000001,
permeability,consistent_average,4,calibrated,30,5.0,13,12.0,13,0.6328814855870998,0.4689432959143932,0.5883298752680262,0.4645023121283605,0.886672853986497,0.664371014191554,0.4230769230769231,0.7676923076923076,0.9707692307692308,
permeability,consistent_average,4,raw,30,5.0,13,12.0,13,0.6328814855870998,0.4689432959143932,0.5883298752680262,0.4645023121283605,0.9453258112641854,0.5347163756077105,0.3415384615384615,0.6476923076923077,0.9169230769230771,
permeability,consistent_average,9,calibrated,30,10.0,13,12.0,13,0.7107784041843108,0.48331249654293057,0.5221954912704138,0.4170684856634873,0.787897428564655,0.6170770971591655,0.41384615384615386,0.7723076923076924,0.9738461538461538,
permeability,consistent_average,9,raw,30,10.0,13,12.0,13,0.7107784041843108,0.48331249654293057,0.5221954912704138,0.4170684856634873,0.8421049003231466,0.4965588547633244,0.3415384615384615,0.666153846153846,0.92,
permeability,continued_reference,0,calibrated,30,1.0,13,12.0,13,0.2630746676621344,0.3929510585390605,0.8335458654835975,0.6300653001895318,1.2200663985951754,0.8005016726713912,0.4523076923076923,0.7430769230769232,0.9230769230769231,
permeability,continued_reference,0,raw,30,1.0,13,12.0,13,0.2630746676621344,0.3929510585390605,0.8335458654835975,0.6300653001895318,1.2584058731165213,0.688646546143752,0.4015384615384615,0.6769230769230771,0.886153846153846,
permeability,continued_reference,1,calibrated,30,2.0,13,12.0,13,0.4673052438841301,0.4209248732488889,0.7086910848547782,0.5378722492548136,1.0436939551023303,0.701638532785269,0.4169230769230769,0.7276923076923076,0.9476923076923076,
permeability,continued_reference,1,raw,30,2.0,13,12.0,13,0.4673052438841301,0.4209248732488889,0.7086910848547782,0.5378722492548136,1.0849013236978284,0.6035042196053726,0.37538461538461537,0.6815384615384615,0.9015384615384616,
permeability,continued_reference,2,calibrated,30,3.0,13,12.0,13,0.5448414492297127,0.4331458327288811,0.6550871969910419,0.49967638254165647,0.955041310988299,0.6643536085348862,0.4153846153846154,0.736923076923077,0.9461538461538462,
permeability,continued_reference,2,raw,30,3.0,13,12.0,13,0.5448414492297127,0.4331458327288811,0.6550871969910419,0.49967638254165647,0.993657191176336,0.571472942829132,0.35230769230769227,0.6738461538461539,0.9092307692307691,
permeability,continued_reference,4,calibrated,30,5.0,13,12.0,13,0.6577256160723544,0.47650252059102055,0.5680740585555294,0.44466374397277825,0.8432056491948661,0.6278869106219365,0.42,0.7553846153846153,0.9646153846153845,
permeability,continued_reference,4,raw,30,5.0,13,12.0,13,0.6577256160723544,0.47650252059102055,0.5680740585555294,0.44466374397277825,0.8745147453401259,0.5402943350718572,0.37384615384615383,0.6769230769230768,0.9369230769230769,
permeability,continued_reference,9,calibrated,30,10.0,13,12.0,13,0.7394853103853201,0.4942347957537725,0.49560293212449624,0.3907914852179014,0.7174790301713916,0.5921475287584158,0.43846153846153846,0.7876923076923077,0.973846153846154,
permeability,continued_reference,9,raw,30,10.0,13,12.0,13,0.7394853103853201,0.4942347957537725,0.49560293212449624,0.3907914852179014,0.736439940668964,0.5092998917286212,0.38769230769230767,0.7323076923076921,0.9399999999999997,
permeability,frozen_average,0,calibrated,30,1.0,13,12.0,13,0.26305246459937304,0.38673726240029704,0.8335584224761128,0.6298537425811475,1.2065132911112744,0.891654853087205,0.49230769230769234,0.7799999999999999,0.9492307692307692,
permeability,frozen_average,0,raw,30,1.0,13,12.0,13,0.26305246459937304,0.38673726240029704,0.8335584224761128,0.6298537425811475,1.2582487275168113,0.6770270398946908,0.3892307692307692,0.6738461538461539,0.886153846153846,
permeability,frozen_average,1,calibrated,30,2.0,13,12.0,13,0.2402526689562019,0.41163415490434707,0.8463545829982599,0.6500419741410475,1.2545984634926302,0.7955352713511541,0.3830769230769231,0.6938461538461538,0.9323076923076924,
permeability,frozen_average,1,raw,30,2.0,13,12.0,13,0.2402526689562019,0.41163415490434707,0.8463545829982599,0.6500419741410475,1.3829722684346173,0.6046735943280734,0.3030769230769231,0.5569230769230769,0.8369230769230769,
permeability,frozen_average,2,calibrated,30,3.0,13,12.0,13,0.2710064497136888,0.4277612180663989,0.8290478582150276,0.6435653530634367,1.2333961782721898,0.7552229912464434,0.35384615384615387,0.6799999999999999,0.9261538461538461,
permeability,frozen_average,2,raw,30,3.0,13,12.0,13,0.2710064497136888,0.4277612180663989,0.8290478582150276,0.6435653530634367,1.3782868462807132,0.5741291935627276,0.2738461538461539,0.5476923076923077,0.8323076923076924,
permeability,frozen_average,4,calibrated,30,5.0,13,12.0,13,0.32475325729071414,0.466442570835352,0.7979009968267874,0.6273171524818127,1.2074941130926369,0.7153604237849895,0.3461538461538461,0.6738461538461539,0.9369230769230767,
permeability,frozen_average,4,raw,30,5.0,13,12.0,13,0.32475325729071414,0.466442570835352,0.7979009968267874,0.6273171524818127,1.3679152365268015,0.5440399008530836,0.26,0.5107692307692309,0.8307692307692307,
permeability,frozen_average,9,calibrated,30,10.0,13,12.0,13,0.3667353257989592,0.4780209990648123,0.7726990704406616,0.5903939755146319,1.1703426925657223,0.675553581898029,0.36000000000000004,0.6476923076923077,0.9015384615384614,
permeability,frozen_average,9,raw,30,10.0,13,12.0,13,0.3667353257989592,0.4780209990648123,0.7726990704406616,0.5903939755146319,1.3277676908344829,0.5135851904062124,0.2846153846153846,0.5307692307692309,0.8138461538461537,
permeability,trained_average,0,calibrated,30,1.0,13,12.0,13,0.26877759341933605,0.37904495447874065,0.8303142742785091,0.6269084109709813,1.2059679248112156,0.8051598083055935,0.4338461538461539,0.7461538461538461,0.9276923076923077,
permeability,trained_average,0,raw,30,1.0,13,12.0,13,0.26877759341933605,0.37904495447874065,0.8303142742785091,0.6269084109709813,1.258998354418053,0.666447140253507,0.3753846153846154,0.6661538461538462,0.8815384615384616,
permeability,trained_average,1,calibrated,30,2.0,13,12.0,13,0.4560407973307452,0.37780798358412887,0.7161449321536638,0.5497207134503584,1.0547670657978299,0.7692259738995479,0.43538461538461537,0.7661538461538462,0.9630769230769232,
permeability,trained_average,1,raw,30,2.0,13,12.0,13,0.4560407973307452,0.37780798358412887,0.7161449321536638,0.5497207134503584,1.099001280598671,0.6371408064548786,0.36153846153846153,0.6784615384615384,0.896923076923077,
permeability,trained_average,2,calibrated,30,3.0,13,12.0,13,0.5120939703336105,0.4080826915800571,0.6782438294772678,0.5195636813457196,1.0037360847665349,0.7338908098294185,0.43230769230769234,0.7446153846153846,0.9553846153846155,
permeability,trained_average,2,raw,30,3.0,13,12.0,13,0.5120939703336105,0.4080826915800571,0.6782438294772678,0.5195636813457196,1.0488732872424404,0.6080033353658824,0.3707692307692308,0.6692307692307692,0.9076923076923076,
permeability,trained_average,4,calibrated,30,5.0,13,12.0,13,0.5700863675996604,0.4324965008749411,0.6366611758562313,0.5011212061001704,0.9599444575063879,0.6990036045587981,0.4123076923076923,0.7507692307692309,0.9723076923076923,
permeability,trained_average,4,raw,30,5.0,13,12.0,13,0.5700863675996604,0.4324965008749411,0.6366611758562313,0.5011212061001704,1.0112249834965616,0.5793288869124192,0.3569230769230769,0.6584615384615383,0.916923076923077,
permeability,trained_average,9,calibrated,30,10.0,13,12.0,13,0.635181982343004,0.4334872883099777,0.5864836350371512,0.46285150720522955,0.8887146144159733,0.664148694735307,0.4230769230769231,0.7507692307692306,0.9661538461538461,
permeability,trained_average,9,raw,30,10.0,13,12.0,13,0.635181982343004,0.4334872883099777,0.5864836350371512,0.46285150720522955,0.9364050561876057,0.5503256887655992,0.3661538461538462,0.6523076923076923,0.9138461538461538,
protein_binding,checkpoint_1,0,calibrated,30,1.0,9,7.0,9,0.20369076281323506,0.5522096542020639,0.7258084787786989,0.5328098094463349,1.0967961552340428,0.6771050702200996,0.46444444444444444,0.7222222222222222,0.9177777777777778,
protein_binding,checkpoint_1,0,raw,30,1.0,9,7.0,9,0.20369076281323506,0.5522096542020639,0.7258084787786989,0.5328098094463349,1.0949204046219634,0.6653030994203356,0.46222222222222226,0.7177777777777777,0.9133333333333334,
protein_binding,checkpoint_1,1,calibrated,30,2.0,9,7.0,9,0.4527845087200464,0.5281331453886297,0.6016727633384215,0.4513420744736989,0.9671775710569204,0.5164542484283446,0.4088888888888889,0.6822222222222223,0.8955555555555557,
protein_binding,checkpoint_1,1,raw,30,2.0,9,7.0,9,0.4527845087200464,0.5281331453886297,0.6016727633384215,0.4513420744736989,0.9561906017558027,0.505192112657759,0.4066666666666666,0.6844444444444444,0.8977777777777778,
protein_binding,checkpoint_1,2,calibrated,30,3.0,9,7.0,9,0.5385253600176998,0.5267762652701803,0.5525290038094195,0.4072147744894028,0.8438058846685331,0.48480650954776344,0.4377777777777777,0.6977777777777778,0.9022222222222224,
protein_binding,checkpoint_1,2,raw,30,3.0,9,7.0,9,0.5385253600176998,0.5267762652701803,0.5525290038094195,0.4072147744894028,0.8314740136825168,0.47428815947638614,0.4266666666666666,0.6933333333333334,0.9044444444444445,
protein_binding,checkpoint_1,4,calibrated,30,5.0,9,7.0,9,0.6086484866302447,0.5298914798431925,0.5088205806856794,0.36824377298355104,0.726240962171691,0.45163774834738835,0.45333333333333337,0.7377777777777779,0.9000000000000001,
protein_binding,checkpoint_1,4,raw,30,5.0,9,7.0,9,0.6086484866302447,0.5298914798431925,0.5088205806856794,0.36824377298355104,0.7148411272160418,0.44182762887742777,0.45333333333333337,0.7266666666666667,0.9022222222222224,
protein_binding,checkpoint_1,9,calibrated,30,10.0,9,7.0,9,0.6521519842200358,0.5604860519369442,0.47970685619521225,0.3432894288169013,0.6670810528021591,0.41503062831030946,0.4444444444444444,0.7333333333333333,0.8866666666666667,
protein_binding,checkpoint_1,9,raw,30,10.0,9,7.0,9,0.6521519842200358,0.5604860519369442,0.47970685619521225,0.3432894288169013,0.653738512891649,0.4059874240557353,0.44000000000000006,0.7177777777777777,0.8888888888888888,
protein_binding,consistent_average,0,calibrated,30,1.0,9,7.0,9,0.206706402622996,0.5555391727222336,0.724432849180463,0.5279465287261539,1.0795255189576984,0.6778649298350016,0.45999999999999996,0.7466666666666666,0.9244444444444445,
protein_binding,consistent_average,0,raw,30,1.0,9,7.0,9,0.206706402622996,0.5555391727222336,0.724432849180463,0.5279465287261539,1.0769141921779424,0.6477077934477065,0.4511111111111111,0.7155555555555556,0.9155555555555556,
protein_binding,consistent_average,1,calibrated,30,2.0,9,7.0,9,0.3868794460551146,0.556109160102076,0.6368748487161014,0.4800840761926439,1.0669212465925408,0.5366141335169474,0.39111111111111113,0.6711111111111112,0.8777777777777778,
protein_binding,consistent_average,1,raw,30,2.0,9,7.0,9,0.3868794460551146,0.556109160102076,0.6368748487161014,0.4800840761926439,1.0519039082503545,0.5094628161854214,0.37555555555555553,0.6533333333333333,0.8622222222222222,
protein_binding,consistent_average,2,calibrated,30,3.0,9,7.0,9,0.5226180898895054,0.5370385610395008,0.5619713035860687,0.4170629941092596,0.9013586318214661,0.4974194971720377,0.45333333333333337,0.6866666666666668,0.8977777777777778,
protein_binding,consistent_average,2,raw,30,3.0,9,7.0,9,0.5226180898895054,0.5370385610395008,0.5619713035860687,0.4170629941092596,0.8892975774887761,0.47213205390506313,0.4444444444444444,0.6666666666666666,0.8822222222222221,
protein_binding,consistent_average,4,calibrated,30,5.0,9,7.0,9,0.6252992223810442,0.5540796311365233,0.4978785976949336,0.36771342741118535,0.7359910024769335,0.46218131542205815,0.4444444444444444,0.7333333333333334,0.9088888888888889,
protein_binding,consistent_average,4,raw,30,5.0,9,7.0,9,0.6252992223810442,0.5540796311365233,0.4978785976949336,0.36771342741118535,0.7228613617028097,0.4384977674484253,0.4244444444444444,0.7222222222222222,0.8911111111111111,
protein_binding,consistent_average,9,calibrated,30,10.0,9,7.0,9,0.6597786209515928,0.5741046809487872,0.47441887657431564,0.34682866401142537,0.7050287128582542,0.42385706159803593,0.4577777777777778,0.7288888888888889,0.8888888888888888,
protein_binding,consistent_average,9,raw,30,10.0,9,7.0,9,0.6597786209515928,0.5741046809487872,0.47441887657431564,0.34682866401142537,0.6880031570249729,0.402085489432017,0.43555555555555553,0.7222222222222222,0.88,
protein_binding,continued_reference,0,calibrated,30,1.0,9,7.0,9,0.20596590026649142,0.5561418404181798,0.7247708823536372,0.5291334609190623,1.0887661174107472,0.6858370039198134,0.46888888888888874,0.7355555555555555,0.9177777777777778,
protein_binding,continued_reference,0,raw,30,1.0,9,7.0,9,0.20596590026649142,0.5561418404181798,0.7247708823536372,0.5291334609190623,1.0867963503354303,0.676434613333808,0.4666666666666667,0.731111111111111,0.9199999999999999,
protein_binding,continued_reference,1,calibrated,30,2.0,9,7.0,9,0.4551166088017202,0.5270220333503353,0.6003893025260352,0.4508190338479148,0.9686965191588476,0.5149835469987658,0.42000000000000004,0.68,0.8955555555555557,
protein_binding,continued_reference,1,raw,30,2.0,9,7.0,9,0.4551166088017202,0.5270220333503353,0.6003893025260352,0.4508190338479148,0.9585610197660702,0.5060765009456211,0.40444444444444444,0.6844444444444444,0.8888888888888888,
protein_binding,continued_reference,2,calibrated,30,3.0,9,7.0,9,0.5408934263878442,0.5225941182838546,0.5511095236123484,0.4072857382562425,0.8456127070166081,0.4835900155703226,0.4311111111111111,0.7,0.9000000000000001,
protein_binding,continued_reference,2,raw,30,3.0,9,7.0,9,0.5408934263878442,0.5225941182838546,0.5511095236123484,0.4072857382562425,0.8346441715422237,0.47520650545756027,0.4244444444444444,0.6955555555555555,0.9044444444444445,
protein_binding,continued_reference,4,calibrated,30,5.0,9,7.0,9,0.6109030259791284,0.5270704055825869,0.507352829926876,0.36784569276703727,0.7274671147247166,0.45060475826263424,0.4511111111111112,0.7333333333333333,0.9044444444444445,
protein_binding,continued_reference,4,raw,30,5.0,9,7.0,9,0.6109030259791284,0.5270704055825869,0.507352829926876,0.36784569276703727,0.7174461225351003,0.44277940935558735,0.4555555555555555,0.7266666666666667,0.8999999999999999,
protein_binding,continued_reference,9,calibrated,30,10.0,9,7.0,9,0.6538903659415992,0.5568170027600394,0.47850667956374987,0.3427135026454925,0.6721363041966435,0.4143426712354024,0.44222222222222224,0.7288888888888889,0.8866666666666667,
protein_binding,continued_reference,9,raw,30,10.0,9,7.0,9,0.6538903659415992,0.5568170027600394,0.47850667956374987,0.3427135026454925,0.659816557179441,0.4070958031548394,0.43333333333333335,0.7222222222222223,0.8911111111111111,
protein_binding,frozen_average,0,calibrated,30,1.0,9,7.0,9,0.20369076281323506,0.5522096542020639,0.7258084787786989,0.5328098094463349,1.0879815865615639,0.7516102499432035,0.5111111111111111,0.7755555555555556,0.9333333333333333,
protein_binding,frozen_average,0,raw,30,1.0,9,7.0,9,0.20369076281323506,0.5522096542020639,0.7258084787786989,0.5328098094463349,1.0949204046219634,0.6653030994203356,0.46222222222222226,0.7177777777777777,0.9133333333333334,
protein_binding,frozen_average,1,calibrated,30,2.0,9,7.0,9,0.22610657454579275,0.5320364659031233,0.7155199365938344,0.5458962457709843,1.2269171863236439,0.5763119933340285,0.3466666666666667,0.6511111111111112,0.8533333333333333,
protein_binding,frozen_average,1,raw,30,2.0,9,7.0,9,0.22610657454579275,0.5320364659031233,0.7155199365938344,0.5458962457709843,1.2552406246007344,0.5066967384020487,0.31777777777777777,0.6022222222222222,0.8355555555555555,
protein_binding,frozen_average,2,calibrated,30,3.0,9,7.0,9,0.17337695952719956,0.5272885243925783,0.7394944409108887,0.5351544789473216,1.1605666924604998,0.5411579222149319,0.3844444444444444,0.6644444444444444,0.8622222222222222,
protein_binding,frozen_average,2,raw,30,3.0,9,7.0,9,0.17337695952719956,0.5272885243925783,0.7394944409108887,0.5351544789473216,1.1985671540908338,0.4757971223195393,0.3244444444444444,0.6022222222222221,0.8177777777777777,
protein_binding,frozen_average,4,calibrated,30,5.0,9,7.0,9,0.2409655614917734,0.5300102906922499,0.7086175448261351,0.5190341605080498,1.1692806773699875,0.5045725928412543,0.3444444444444444,0.6355555555555555,0.8444444444444444,
protein_binding,frozen_average,4,raw,30,5.0,9,7.0,9,0.2409655614917734,0.5300102906922499,0.7086175448261351,0.5190341605080498,1.2129097981823203,0.44355974356333416,0.31333333333333335,0.5777777777777778,0.8111111111111111,
protein_binding,frozen_average,9,calibrated,30,10.0,9,7.0,9,0.26807180957125476,0.563246045841111,0.6958496252691999,0.5062847525543637,1.1777726511296744,0.46476651748021447,0.31777777777777777,0.6133333333333333,0.8288888888888889,
protein_binding,frozen_average,9,raw,30,10.0,9,7.0,9,0.26807180957125476,0.563246045841111,0.6958496252691999,0.5062847525543637,1.2337728282068607,0.4085250025325351,0.2688888888888889,0.5733333333333334,0.7911111111111111,
protein_binding,trained_average,0,calibrated,30,1.0,9,7.0,9,0.2088127164112613,0.5504708254502879,0.7234704708674577,0.5274269330501556,1.0842104561760744,0.6736108488506741,0.46222222222222226,0.74,0.9199999999999999,
protein_binding,trained_average,0,raw,30,1.0,9,7.0,9,0.2088127164112613,0.5504708254502879,0.7234704708674577,0.5274269330501556,1.0788798429099458,0.649178574350145,0.4511111111111111,0.7177777777777777,0.9133333333333332,
protein_binding,trained_average,1,calibrated,30,2.0,9,7.0,9,0.40768606243993577,0.5499297014541097,0.6259752128005954,0.4705618724558088,1.0116911195015046,0.545402816666497,0.4066666666666667,0.6822222222222223,0.9022222222222224,
protein_binding,trained_average,1,raw,30,2.0,9,7.0,9,0.40768606243993577,0.5499297014541097,0.6259752128005954,0.4705618724558088,0.9944563635378691,0.5235103808508978,0.39999999999999997,0.6755555555555556,0.8955555555555554,
protein_binding,trained_average,2,calibrated,30,3.0,9,7.0,9,0.4734745328810124,0.5526641821695697,0.5901886476203283,0.4346266893545787,0.9155494725381091,0.5197318320804172,0.4511111111111112,0.6911111111111111,0.9022222222222224,
protein_binding,trained_average,2,raw,30,3.0,9,7.0,9,0.4734745328810124,0.5526641821695697,0.5901886476203283,0.4346266893545787,0.8994956527352684,0.49883372916115654,0.42666666666666664,0.6688888888888889,0.8911111111111111,
protein_binding,trained_average,4,calibrated,30,5.0,9,7.0,9,0.5637193433769321,0.561988557709588,0.5372348033219628,0.39598510397805103,0.7985238424544621,0.4906425698598226,0.4311111111111111,0.7288888888888889,0.9088888888888889,
protein_binding,trained_average,4,raw,30,5.0,9,7.0,9,0.5637193433769321,0.561988557709588,0.5372348033219628,0.39598510397805103,0.7821179461675061,0.4709380393558079,0.4244444444444444,0.7244444444444444,0.8933333333333332,
protein_binding,trained_average,9,calibrated,30,10.0,9,7.0,9,0.5950236370712843,0.5686225444906288,0.5176020626234676,0.38055480996767677,0.7761603415214959,0.4579228756162855,0.45333333333333337,0.7088888888888889,0.8955555555555557,
protein_binding,trained_average,9,raw,30,10.0,9,7.0,9,0.5950236370712843,0.5686225444906288,0.5176020626234676,0.38055480996767677,0.7533366926244096,0.4393237453036838,0.44222222222222224,0.6977777777777778,0.8955555555555557,
macro,checkpoint_1,0,calibrated,3,1.0,4625,416.6666666666667,2501,0.052313148067490524,0.24638228339620571,0.7251194106550319,0.5049287697411801,1.0064366409011127,0.6810696687163729,0.5119180104871826,0.7831820405279553,0.936618684121434,6.0
macro,checkpoint_1,0,raw,3,1.0,4625,416.6666666666667,2501,0.052313148067490524,0.24638228339620571,0.7251194106550319,0.5049287697411801,1.005557810513514,0.6317200758983753,0.4850667880685751,0.7615579596135512,0.9231860925628271,6.0
macro,checkpoint_1,0,calibrated,15,1.0,580,65.33333333333333,580,0.07713912966162606,0.278281513716512,0.6854824417955472,0.5021744617522911,1.0107133354351694,0.6780921051030168,0.4966889646872348,0.7745271399579708,0.935526406733568,6.0
macro,checkpoint_1,0,raw,15,1.0,580,65.33333333333333,580,0.07713912966162606,0.278281513716512,0.6854824417955472,0.5021744617522911,1.0074211800138688,0.6294778309834507,0.4734972505569532,0.7480157157886818,0.9220284235460642,6.0
macro,checkpoint_1,0,calibrated,20,1.0,329,37.333333333333336,329,0.0966822024410992,0.29046267509274,0.7064428133562296,0.5141480039572693,1.025139262002291,0.6817304686628428,0.4871398716348154,0.7699699670283939,0.9339108822305452,6.0
macro,checkpoint_1,0,raw,20,1.0,329,37.333333333333336,329,0.0966822024410992,0.29046267509274,0.7064428133562296,0.5141480039572693,1.025543801277016,0.627328865449886,0.4624865600691444,0.7397386904190274,0.9170014036941004,6.0
macro,checkpoint_1,0,calibrated,25,1.0,205,24.666666666666668,205,0.09945687401288206,0.28513125593611083,0.6663096498930736,0.5049219731066803,0.9986438536307559,0.685213902585263,0.48389842549923195,0.7729422043010752,0.940059161119645,6.0
macro,checkpoint_1,0,raw,25,1.0,205,24.666666666666668,205,0.09945687401288206,0.28513125593611083,0.6663096498930736,0.5049219731066803,1.00621668122347,0.6291198782623526,0.45758256528417823,0.739033474142345,0.9191081242532856,6.0
macro,checkpoint_1,0,calibrated,30,1.0,120,14.333333333333334,120,0.09478944989234521,0.24033168854069398,0.7097269028227103,0.5464888448351641,1.0807817159194728,0.6876230747185369,0.45492293647927456,0.7314238192688897,0.929810922515148,6.0
macro,checkpoint_1,0,raw,30,1.0,120,14.333333333333334,120,0.09478944989234521,0.24033168854069398,0.7097269028227103,0.5464888448351641,1.1062796335767129,0.6220294335068222,0.42287596805906663,0.6923152562096225,0.8978370651257975,6.0
macro,checkpoint_1,1,calibrated,3,2.0,4625,416.6666666666667,2501,0.3188420771230132,0.2632153838513434,0.6136978978935346,0.4228418719810849,0.8335943953189148,0.5830745368862535,0.5119171186531856,0.7854317459199914,0.9325597673788497,6.0
macro,checkpoint_1,1,raw,3,2.0,4625,416.6666666666667,2501,0.3188420771230132,0.2632153838513434,0.6136978978935346,0.4228418719810849,0.8357920011217738,0.5418101954451262,0.4856572715448411,0.7613179735890957,0.9206071776600648,6.0
macro,checkpoint_1,1,calibrated,15,2.0,580,65.33333333333333,580,0.33068809542817246,0.29006986759357517,0.5842359700417904,0.42354632202943643,0.8332016489893217,0.574413362379555,0.4836981777630868,0.7769263292884251,0.9335036045898174,6.0
macro,checkpoint_1,1,raw,15,2.0,580,65.33333333333333,580,0.33068809542817246,0.29006986759357517,0.5842359700417904,0.42354632202943643,0.83519672241392,0.5335459234369634,0.45681981886237244,0.7514201537194842,0.9196216916338003,6.0
macro,checkpoint_1,1,calibrated,20,2.0,329,37.333333333333336,329,0.3356817857043471,0.30029613010859085,0.6072704716377312,0.4357765727456388,0.8565233407482472,0.5751080482061959,0.47447228624475807,0.7696987051442107,0.9281176622171005,6.0
macro,checkpoint_1,1,raw,20,2.0,329,37.333333333333336,329,0.3356817857043471,0.30029613010859085,0.6072704716377312,0.4357765727456388,0.8642842522804863,0.5300565106959673,0.44551426902269603,0.7387693380069784,0.9110352267998335,6.0
macro,checkpoint_1,1,calibrated,25,2.0,205,24.666666666666668,205,0.3498471601858588,0.30504907987078234,0.5624607658560109,0.42337335392094405,0.8293151479945089,0.5914814675923784,0.4905168117426182,0.7812272572111283,0.9402353643966547,6.0
macro,checkpoint_1,1,raw,25,2.0,205,24.666666666666668,205,0.3498471601858588,0.30504907987078234,0.5624607658560109,0.42337335392094405,0.8383979484036338,0.5438732687321248,0.46050241082095916,0.7517121095750129,0.9214370626386755,6.0
macro,checkpoint_1,1,calibrated,30,2.0,120,14.333333333333334,120,0.34432043233263676,0.27149309630891744,0.602100279449075,0.46541488120984625,0.929717053311963,0.6126649307716232,0.44474547570322215,0.7501211829380843,0.9359855142249508,6.0
macro,checkpoint_1,1,raw,30,2.0,120,14.333333333333334,120,0.34432043233263676,0.27149309630891744,0.602100279449075,0.46541488120984625,0.9468624941045632,0.5530511626480221,0.4139957264957265,0.708969523694876,0.9124857148589544,6.0
macro,checkpoint_1,2,calibrated,3,3.0,1460,153.33333333333334,1460,0.4401430918537283,0.2950446399597671,0.5446644919937208,0.38786088892740866,0.7452914718812562,0.5551184724309911,0.5173104811155051,0.7933724543949175,0.9403183735140281,6.0
macro,checkpoint_1,2,raw,3,3.0,1460,153.33333333333334,1460,0.4401430918537283,0.2950446399597671,0.5446644919937208,0.38786088892740866,0.7469290903958266,0.5160632184129291,0.49143936178108166,0.7692146311671397,0.9278926269661741,6.0
macro,checkpoint_1,2,calibrated,15,3.0,580,65.33333333333333,580,0.4172011301429465,0.31546420894015637,0.5469277455310418,0.38947118819181376,0.7431102201134999,0.5481811512666673,0.5065736999816226,0.7904410273405315,0.9400017601428424,6.0
macro,checkpoint_1,2,raw,15,3.0,580,65.33333333333333,580,0.4172011301429465,0.31546420894015637,0.5469277455310418,0.38947118819181376,0.7421589835548397,0.5091313786178295,0.48020062768777955,0.7656788777811171,0.9266459770140933,6.0
macro,checkpoint_1,2,calibrated,20,3.0,329,37.333333333333336,329,0.43839841844307087,0.32510476456225784,0.5630599177121096,0.3960840168901101,0.7518400652538589,0.548605721466496,0.5002934504945741,0.7888550385735779,0.9377103956592722,6.0
macro,checkpoint_1,2,raw,20,3.0,329,37.333333333333336,329,0.43839841844307087,0.32510476456225784,0.5630599177121096,0.3960840168901101,0.7541443031138861,0.5054853759075074,0.4721407759531355,0.7602910992669419,0.9235234690611095,6.0
macro,checkpoint_1,2,calibrated,25,3.0,205,24.666666666666668,205,0.47070939654560134,0.3337605385525974,0.5107208512865946,0.3833923868081585,0.7307432838690578,0.564933072426553,0.5200582223928999,0.803946385902031,0.9468748933265062,6.0
macro,checkpoint_1,2,raw,25,3.0,205,24.666666666666668,205,0.47070939654560134,0.3337605385525974,0.5107208512865946,0.3833923868081585,0.7290918706705671,0.5192823083722783,0.48582691158900837,0.7711807262331457,0.932807070319167,6.0
macro,checkpoint_1,2,calibrated,30,3.0,120,14.333333333333334,120,0.4673158589118362,0.3009163192519468,0.5385833882530306,0.41554008797350866,0.809383702483391,0.5863461289113767,0.4818473977769753,0.7841435335660688,0.9449218329922554,6.0
macro,checkpoint_1,2,raw,30,3.0,120,14.333333333333334,120,0.4673158589118362,0.3009163192519468,0.5385833882530306,0.41554008797350866,0.8180595033484672,0.5291440842432218,0.4409005657878897,0.740380763211749,0.9247557281007985,6.0
macro,checkpoint_1,4,calibrated,3,5.0,1460,153.33333333333334,1460,0.5248617913327774,0.3352241120170166,0.5028788771402982,0.35591587185757106,0.6580252600194081,0.5265999614119599,0.5282815821432901,0.8062629221461585,0.946579264856031,6.0
macro,checkpoint_1,4,raw,3,5.0,1460,153.33333333333334,1460,0.5248617913327774,0.3352241120170166,0.5028788771402982,0.35591587185757106,0.656198351060893,0.4895022170111605,0.5004671885855707,0.7816829653854406,0.9357017416651946,6.0
macro,checkpoint_1,4,calibrated,15,5.0,580,65.33333333333333,580,0.4909946392834947,0.34464928136861483,0.5108079596306443,0.3627400335871782,0.6684975395643763,0.520318127888088,0.5103454516355801,0.799990670734735,0.943676195112151,6.0
macro,checkpoint_1,4,raw,15,5.0,580,65.33333333333333,580,0.4909946392834947,0.34464928136861483,0.5108079596306443,0.3627400335871782,0.6658050965535715,0.4832011442280051,0.48411404574459643,0.7731497951964598,0.9346303191145541,6.0
macro,checkpoint_1,4,calibrated,20,5.0,329,37.333333333333336,329,0.5166581530589417,0.37333883709756016,0.5220507235840681,0.365987487790419,0.6728068891848012,0.5208281554310011,0.5106288309484938,0.8005789429879316,0.9430381590319792,6.0
macro,checkpoint_1,4,raw,20,5.0,329,37.333333333333336,329,0.5166581530589417,0.37333883709756016,0.5220507235840681,0.365987487790419,0.6733458286564628,0.4798208313007253,0.48177679503185117,0.7714033867921509,0.9325553394794969,6.0
macro,checkpoint_1,4,calibrated,25,5.0,205,24.666666666666668,205,0.5511697667577627,0.3787531163442224,0.46983593649241406,0.3514967354630419,0.648650115335188,0.535841763180654,0.5319358465608466,0.81742671530978,0.9504471326164875,6.0
macro,checkpoint_1,4,raw,25,5.0,205,24.666666666666668,205,0.5511697667577627,0.3787531163442224,0.46983593649241406,0.3514967354630419,0.6441341708616167,0.49235799357620325,0.5023317972350231,0.7852862689878819,0.9404718381976447,6.0
macro,checkpoint_1,4,calibrated,30,5.0,120,14.333333333333334,120,0.5517907680614341,0.3705457771451697,0.49367124620683667,0.38113224168466225,0.721735365535063,0.5573035936776729,0.4895535692789214,0.8020276072388749,0.9509687612856627,6.0
macro,checkpoint_1,4,raw,30,5.0,120,14.333333333333334,120,0.5517907680614341,0.3705457771451697,0.49367124620683667,0.38113224168466225,0.7247918584848333,0.5028150854863925,0.4588179246418684,0.7557172866257372,0.9332260944584888,6.0
macro,checkpoint_1,9,calibrated,3,10.0,580,65.33333333333333,580,0.5668008430864376,0.39694765519130953,0.47187522276980937,0.33083402097868553,0.5801340743471816,0.48759597444507863,0.5236920352557096,0.8068328714649993,0.9470950271570769,6.0
macro,checkpoint_1,9,raw,3,10.0,580,65.33333333333333,580,0.5668008430864376,0.39694765519130953,0.47187522276980937,0.33083402097868553,0.5753003924971619,0.45283004316889935,0.4989118094489971,0.7816241054134673,0.9375459883155525,6.0
macro,checkpoint_1,9,calibrated,15,10.0,580,65.33333333333333,580,0.5668008430864376,0.39694765519130953,0.47187522276980937,0.33083402097868553,0.5801340743471816,0.48759597444507863,0.5236920352557096,0.8068328714649993,0.9470950271570769,6.0
macro,checkpoint_1,9,raw,15,10.0,580,65.33333333333333,580,0.5668008430864376,0.39694765519130953,0.47187522276980937,0.33083402097868553,0.5753003924971619,0.45283004316889935,0.4989118094489971,0.7816241054134673,0.9375459883155525,6.0
macro,checkpoint_1,9,calibrated,20,10.0,329,37.333333333333336,329,0.5979450361454434,0.4392784859345036,0.4775909330475927,0.3300026262832067,0.5761400844140859,0.4881698102514577,0.5277851579756074,0.8101943067959922,0.9473268862639648,6.0
macro,checkpoint_1,9,raw,20,10.0,329,37.333333333333336,329,0.5979450361454434,0.4392784859345036,0.4775909330475927,0.3300026262832067,0.5731337381154145,0.44974718961416243,0.5009759499343769,0.7820792983130063,0.9360847498319408,6.0
macro,checkpoint_1,9,calibrated,25,10.0,205,24.666666666666668,205,0.631084750956007,0.44612119009383894,0.4274173489766473,0.31797203825433384,0.558832803460304,0.5034878411781037,0.5477435995903738,0.8207190860215053,0.9545515659668887,6.0
macro,checkpoint_1,9,raw,25,10.0,205,24.666666666666668,205,0.631084750956007,0.44612119009383894,0.4274173489766473,0.31797203825433384,0.5480709424411553,0.46246915493927426,0.5169480713432327,0.7967548429766173,0.9432355564089434,6.0
macro,checkpoint_1,9,calibrated,30,10.0,120,14.333333333333334,120,0.64841917350825,0.45320396424229575,0.44091327582630857,0.3400032117010743,0.6171555965553321,0.5251173123079597,0.5155962842582561,0.8237171662453352,0.9548178644516673,6.0
macro,checkpoint_1,9,raw,30,10.0,120,14.333333333333334,120,0.64841917350825,0.45320396424229575,0.44091327582630857,0.3400032117010743,0.6086162002686745,0.4734844361283983,0.47400794510653665,0.7848874844508646,0.942878195096505,6.0
macro,consistent_average,0,calibrated,3,1.0,4625,416.6666666666667,2501,0.0562741687809891,0.24235520568339605,0.7238150065992585,0.5033020271126382,0.9976549038101622,0.6891621868028636,0.5191101962812089,0.7901430829923388,0.9401441946413461,6.0
macro,consistent_average,0,raw,3,1.0,4625,416.6666666666667,2501,0.0562741687809891,0.24235520568339605,0.7238150065992585,0.5033020271126382,1.0014400518775897,0.6149928105612005,0.4794236811870069,0.7545367152394465,0.9196202065366692,6.0
macro,consistent_average,0,calibrated,15,1.0,580,65.33333333333333,580,0.0798854638337992,0.2715903551168862,0.6846819436263427,0.5009943692026493,1.002865558217431,0.6826760261695902,0.5024295911229005,0.7793360192113838,0.9388657301142175,6.0
macro,consistent_average,0,raw,15,1.0,580,65.33333333333333,580,0.0798854638337992,0.2715903551168862,0.6846819436263427,0.5009943692026493,1.007006154694653,0.6090355098596728,0.464517963095666,0.7385850580506245,0.9168604299857946,6.0
macro,consistent_average,0,calibrated,20,1.0,329,37.333333333333336,329,0.10118644611883852,0.2766956029971486,0.704836398545276,0.5117158644869665,1.014015084993142,0.6872509448046092,0.49457290406223,0.7739999647876052,0.9376660152373636,6.0
macro,consistent_average,0,raw,20,1.0,329,37.333333333333336,329,0.10118644611883852,0.2766956029971486,0.704836398545276,0.5117158644869665,1.020596460102049,0.6079645637631254,0.4562790198149748,0.7320898732353789,0.91220443196005,6.0
macro,consistent_average,0,calibrated,25,1.0,205,24.666666666666668,205,0.10833995165225759,0.2768146442003068,0.6635417764732097,0.5016129667151533,0.9876406379426498,0.6921858539126559,0.49133538146441375,0.7796197303294078,0.9454314089435055,6.0
macro,consistent_average,0,raw,25,1.0,205,24.666666666666668,205,0.10833995165225759,0.2768146442003068,0.6635417764732097,0.5016129667151533,0.9971254762627542,0.6117336555169718,0.4527177846048814,0.7343150494965011,0.9180655401945725,6.0
macro,consistent_average,0,calibrated,30,1.0,120,14.333333333333334,120,0.09085464786518858,0.22114771437844039,0.7100902668257792,0.5464781981146946,1.0742177391640138,0.6947551335537779,0.45681491513181655,0.7367983628265319,0.9326880141246338,6.0
macro,consistent_average,0,raw,30,1.0,120,14.333333333333334,120,0.09085464786518858,0.22114771437844039,0.7100902668257792,0.5464781981146946,1.107067282705388,0.6075584961094743,0.41859670558966333,0.6841967818305847,0.8974418161389992,6.0
macro,consistent_average,1,calibrated,3,2.0,4625,416.6666666666667,2501,0.2436654337941926,0.264945109371564,0.6458898749512586,0.44919420458199316,0.8874340608163428,0.6184348228433935,0.5060331500734611,0.782999068925771,0.9326170645649489,6.0
macro,consistent_average,1,raw,3,2.0,4625,416.6666666666667,2501,0.2436654337941926,0.264945109371564,0.6458898749512586,0.44919420458199316,0.8978075457998461,0.5529650579283089,0.46557411939312043,0.7444303598856963,0.9145527865069424,6.0
macro,consistent_average,1,calibrated,15,2.0,580,65.33333333333333,580,0.2520234287676544,0.2924268259743812,0.6162020322716478,0.45320977021849274,0.8981859539104834,0.6071741916119042,0.47382821112066303,0.7641322055308719,0.9323242537028609,6.0
macro,consistent_average,1,raw,15,2.0,580,65.33333333333333,580,0.2520234287676544,0.2924268259743812,0.6162020322716478,0.45320977021849274,0.9105316458656256,0.5418773243702347,0.43271861899141184,0.7208936372032516,0.9097478380934905,6.0
macro,consistent_average,1,calibrated,20,2.0,329,37.333333333333336,329,0.26342601385631353,0.30038908069998743,0.6382663895844966,0.46503379265222483,0.9176628765291927,0.606839506604256,0.46281272287845326,0.7569031515093313,0.9293589679567207,6.0
macro,consistent_average,1,raw,20,2.0,329,37.333333333333336,329,0.26342601385631353,0.30038908069998743,0.6382663895844966,0.46503379265222483,0.9364631261362085,0.5377602701060603,0.41956796792470946,0.7104439642754249,0.9016783955952494,6.0
macro,consistent_average,1,calibrated,25,2.0,205,24.666666666666668,205,0.2536357176495935,0.3051482741525476,0.6023664128638079,0.455515700149934,0.8995492384687401,0.6277910246153419,0.4784833162655742,0.7717295613585936,0.9417456690561531,6.0
macro,consistent_average,1,raw,25,2.0,205,24.666666666666668,205,0.2536357176495935,0.3051482741525476,0.6023664128638079,0.455515700149934,0.9141340746050429,0.555924996991792,0.4331173835125448,0.7241587301587301,0.9113747226489162,6.0
macro,consistent_average,1,calibrated,30,2.0,120,14.333333333333334,120,0.2559805467648687,0.2665969832884787,0.6399934101480087,0.5017962613671116,1.0022950371234758,0.6512669503772045,0.4392406203603387,0.7390035311584607,0.9385220095501786,6.0
macro,consistent_average,1,raw,30,2.0,120,14.333333333333334,120,0.2559805467648687,0.2665969832884787,0.6399934101480087,0.5017962613671116,1.0299483527023474,0.5685380385714125,0.3932746077605233,0.6788726375346094,0.8966128766903414,6.0
macro,consistent_average,2,calibrated,3,3.0,1460,153.33333333333334,1460,0.4103695869893551,0.2966808303689656,0.5591284127958884,0.4006880583060284,0.780163315310721,0.5783467965379101,0.5164627317378592,0.7946339226529511,0.9411592506631575,6.0
macro,consistent_average,2,raw,3,3.0,1460,153.33333333333334,1460,0.4103695869893551,0.2966808303689656,0.5591284127958884,0.4006880583060284,0.7885550608511328,0.5168525317070407,0.478040620477543,0.756845808873612,0.9208182961300534,6.0
macro,consistent_average,2,calibrated,15,3.0,580,65.33333333333333,580,0.38918837329144157,0.317174396353389,0.5585947937445132,0.40280522767267474,0.7783173457926909,0.5700399752099744,0.4986437336014072,0.7899454596114682,0.9419146280872135,6.0
macro,consistent_average,2,raw,15,3.0,580,65.33333333333333,580,0.38918837329144157,0.317174396353389,0.5585947937445132,0.40280522767267474,0.7838116187633117,0.5087929400680326,0.45913000795898623,0.7465517089025576,0.9208108296801161,6.0
macro,consistent_average,2,calibrated,20,3.0,329,37.333333333333336,329,0.4121087201473214,0.3296200870275561,0.5743863316426557,0.40963175488315257,0.7891428422758597,0.5699635498898631,0.49136577035116363,0.7894476055571561,0.9378133054835303,6.0
macro,consistent_average,2,raw,20,3.0,329,37.333333333333336,329,0.4121087201473214,0.3296200870275561,0.5743863316426557,0.40963175488315257,0.7978591270128607,0.5050403632805422,0.4477021895707289,0.7418611527257596,0.9168394362815713,6.0
macro,consistent_average,2,calibrated,25,3.0,205,24.666666666666668,205,0.4319337453264918,0.33043795791229,0.5277453223419705,0.3991610616493282,0.774887171927162,0.5907864115820552,0.5122386286055641,0.8018649086874893,0.9472043010752689,6.0
macro,consistent_average,2,raw,25,3.0,205,24.666666666666668,205,0.4319337453264918,0.33043795791229,0.5277453223419705,0.3991610616493282,0.7757917598210883,0.5230097479100423,0.4654173493770268,0.7561283495477045,0.9265574543437447,6.0
macro,consistent_average,2,calibrated,30,3.0,120,14.333333333333334,120,0.4455384090682772,0.2874620059974619,0.5490777505569268,0.42972212465922066,0.8463124187776531,0.6140078096005034,0.4810143854580475,0.7830316600457445,0.9467148589542956,6.0
macro,consistent_average,2,raw,30,3.0,120,14.333333333333334,120,0.4455384090682772,0.2874620059974619,0.5490777505569268,0.42972212465922066,0.8582196226754101,0.5359080324207678,0.43445525861723056,0.7208333935235345,0.9196778821074596,6.0
macro,consistent_average,4,calibrated,3,5.0,1460,153.33333333333334,1460,0.5128651804719265,0.33203443787040493,0.5091319502446633,0.3647224559240269,0.6864817717419697,0.5425606048579822,0.5250148671913062,0.8058113088785285,0.947312024973567,6.0
macro,consistent_average,4,raw,3,5.0,1460,153.33333333333334,1460,0.5128651804719265,0.33203443787040493,0.5091319502446633,0.3647224559240269,0.6909631684062886,0.48495120539406567,0.48402360649247883,0.7664315160822143,0.9287930464789443,6.0
macro,consistent_average,4,calibrated,15,5.0,580,65.33333333333333,580,0.4845080046196813,0.34844871077140377,0.5137647061979556,0.3703447691882336,0.6934200833166857,0.5347458319347996,0.5041425310398407,0.7950657647837495,0.947193819289672,6.0
macro,consistent_average,4,raw,15,5.0,580,65.33333333333333,580,0.4845080046196813,0.34844871077140377,0.5137647061979556,0.3703447691882336,0.6979375286078953,0.47745480948213276,0.4650506600801179,0.7545925474712666,0.9281100177611973,6.0
macro,consistent_average,4,calibrated,20,5.0,329,37.333333333333336,329,0.5088843887750854,0.37011364847585076,0.5256809984529037,0.37348832974192314,0.7033967179915831,0.5345319828012308,0.5033107701911073,0.7961424469413233,0.9437113191843528,6.0
macro,consistent_average,4,raw,20,5.0,329,37.333333333333336,329,0.5088843887750854,0.37011364847585076,0.5256809984529037,0.37348832974192314,0.7112436107559121,0.47372434400270674,0.4621230801242037,0.7519846666026441,0.9229073801978297,6.0
macro,consistent_average,4,calibrated,25,5.0,205,24.666666666666668,205,0.5388105247361445,0.3670410814954026,0.47606702802597783,0.3593843085140131,0.6784366148277488,0.5549089094185663,0.5290462749615976,0.8168876301416624,0.9518792242703533,6.0
macro,consistent_average,4,raw,25,5.0,205,24.666666666666668,205,0.5388105247361445,0.3670410814954026,0.47606702802597783,0.3593843085140131,0.6753993713832794,0.49121255758108945,0.48185793224099677,0.7724071087216249,0.9342139016897081,6.0
macro,consistent_average,4,calibrated,30,5.0,120,14.333333333333334,120,0.5506194539254305,0.35440134088411507,0.49604099449329003,0.3879423549750578,0.7456166150122142,0.5739926542359036,0.488652622286425,0.8025629589502831,0.9537317523373862,6.0
macro,consistent_average,4,raw,30,5.0,120,14.333333333333334,120,0.5506194539254305,0.35440134088411507,0.49604099449329003,0.3879423549750578,0.7519709852241195,0.5012437368978141,0.4383774326872918,0.7442604028730789,0.9300502989446651,6.0
macro,consistent_average,9,calibrated,3,10.0,580,65.33333333333333,580,0.5605465783221748,0.39026649888742376,0.4749403973662944,0.34060507171260296,0.614951401565785,0.49761876257213905,0.5042769980387811,0.8000384016059767,0.946407348673168,6.0
macro,consistent_average,9,raw,3,10.0,580,65.33333333333333,580,0.5605465783221748,0.39026649888742376,0.4749403973662944,0.34060507171260296,0.6185377659855121,0.44443064884528,0.4664118599835119,0.7585768383634189,0.9293918026690356,6.0
macro,consistent_average,9,calibrated,15,10.0,580,65.33333333333333,580,0.5605465783221748,0.39026649888742376,0.4749403973662944,0.34060507171260296,0.614951401565785,0.49761876257213905,0.5042769980387811,0.8000384016059767,0.946407348673168,6.0
macro,consistent_average,9,raw,15,10.0,580,65.33333333333333,580,0.5605465783221748,0.39026649888742376,0.4749403973662944,0.34060507171260296,0.6185377659855121,0.44443064884528,0.4664118599835119,0.7585768383634189,0.9293918026690356,6.0
macro,consistent_average,9,calibrated,20,10.0,329,37.333333333333336,329,0.587088000385115,0.4319154439576869,0.4832878600635016,0.34046129704852657,0.6192895718909769,0.49730123823668526,0.507727356829604,0.8021364816415378,0.9426070552834598,6.0
macro,consistent_average,9,raw,20,10.0,329,37.333333333333336,329,0.587088000385115,0.4319154439576869,0.4832878600635016,0.34046129704852657,0.6243991867433568,0.44082168517396764,0.4669630061781747,0.758312385159576,0.9248495662473192,6.0
macro,consistent_average,9,calibrated,25,10.0,205,24.666666666666668,205,0.615830941974418,0.43386627287263463,0.4359913940742788,0.3282374255449851,0.6021558955110643,0.5178330307309996,0.5279262032770098,0.8199227897252089,0.9524888846219491,6.0
macro,consistent_average,9,raw,25,10.0,205,24.666666666666668,205,0.615830941974418,0.43386627287263463,0.4359913940742788,0.3282374255449851,0.5960853891864643,0.4584141354323334,0.4837026583034647,0.7804074287421062,0.9363907450076804,6.0
macro,consistent_average,9,calibrated,30,10.0,120,14.333333333333334,120,0.6407072956537853,0.45032255588687203,0.4475693121183723,0.35050138249853463,0.6600540424116695,0.5355463278118151,0.4918551623129088,0.8144294771477871,0.9569112395168732,6.0
macro,consistent_average,9,raw,30,10.0,120,14.333333333333334,120,0.6407072956537853,0.45032255588687203,0.4475693121183723,0.35050138249853463,0.6600646179682563,0.46781391181265736,0.4482386742105052,0.755769250832631,0.937387323943662,6.0
macro,continued_reference,0,calibrated,3,1.0,4625,416.6666666666667,2501,0.05279977215851004,0.2458266230566085,0.7249620607266873,0.5045871896742736,1.0049277193267134,0.6826767109665172,0.5136041582229666,0.784791628920143,0.9371830145773313,6.0
macro,continued_reference,0,raw,3,1.0,4625,416.6666666666667,2501,0.05279977215851004,0.2458266230566085,0.7249620607266873,0.5045871896742736,1.0033476577813243,0.6332121144758597,0.48668573072918003,0.7626664893744882,0.9246680844514032,6.0
macro,continued_reference,0,calibrated,15,1.0,580,65.33333333333333,580,0.07791261317019144,0.27768777765957037,0.6853872562151443,0.5016823914071266,1.0090704708408726,0.679287283977143,0.49933013650280317,0.776516642974259,0.9362607633491403,6.0
macro,continued_reference,0,raw,15,1.0,580,65.33333333333333,580,0.07791261317019144,0.27768777765957037,0.6853872562151443,0.5016823914071266,1.0048894986894013,0.6305421610044286,0.47551311788065753,0.7494593256998693,0.9229884599610644,6.0
macro,continued_reference,0,calibrated,20,1.0,329,37.333333333333336,329,0.09809815375089255,0.2900964842024231,0.7062786051940577,0.5134177278408619,1.02301212777582,0.6835997706455567,0.4902032299369378,0.7723001344473254,0.9340355709209641,6.0
macro,continued_reference,0,raw,20,1.0,329,37.333333333333336,329,0.09809815375089255,0.2900964842024231,0.7062786051940577,0.5134177278408619,1.0219470263309332,0.62931980130896,0.46397457505041784,0.7415365024488619,0.9175822177406446,6.0
macro,continued_reference,0,calibrated,25,1.0,205,24.666666666666668,205,0.10372544382339416,0.2807318051575655,0.6652905765455525,0.5036402470550937,0.9957390325984309,0.6862934422800263,0.48706818569721805,0.7758589349718382,0.9401049027137738,6.0
macro,continued_reference,0,raw,25,1.0,205,24.666666666666668,205,0.10372544382339416,0.2807318051575655,0.6652905765455525,0.5036402470550937,1.0016612332397248,0.6300164813205618,0.4581619303635432,0.7409145972008876,0.9196312724014337,6.0
macro,continued_reference,0,calibrated,30,1.0,120,14.333333333333334,120,0.09204406278489709,0.2391629573518581,0.7107210111614535,0.5470308701315735,1.0808828973410856,0.689895636605693,0.45844590907266963,0.7336124553589342,0.9300931543678024,6.0
macro,continued_reference,0,raw,30,1.0,120,14.333333333333334,120,0.09204406278489709,0.2391629573518581,0.7107210111614535,0.5470308701315735,1.1041051840662666,0.6260097043480768,0.42479709883231015,0.693674712090205,0.9008542795232936,6.0
macro,continued_reference,1,calibrated,3,2.0,4625,416.6666666666667,2501,0.3179989059155685,0.2635004651080741,0.6139409520518648,0.42261422474954496,0.833407053993169,0.5814098491423795,0.5124297996624364,0.7849135076496196,0.9318623070670355,6.0
macro,continued_reference,1,raw,3,2.0,4625,416.6666666666667,2501,0.3179989059155685,0.2635004651080741,0.6139409520518648,0.42261422474954496,0.8361125560988256,0.5405556948711658,0.485443406936815,0.7609229381581829,0.9197714676841451,6.0
macro,continued_reference,1,calibrated,15,2.0,580,65.33333333333333,580,0.331279688853308,0.2896846988532289,0.5840608186563491,0.4232286807717404,0.8331208487531722,0.5722984250903793,0.4840160238607876,0.7742521472086743,0.9322924236394362,6.0
macro,continued_reference,1,raw,15,2.0,580,65.33333333333333,580,0.331279688853308,0.2896846988532289,0.5840608186563491,0.4232286807717404,0.835224972727565,0.5317341902715668,0.4557577130629928,0.7494162033365434,0.9181758735870149,6.0
macro,continued_reference,1,calibrated,20,2.0,329,37.333333333333336,329,0.3357784297969398,0.3016970335673327,0.6074074795769503,0.43563353603717586,0.856988072274938,0.5732622705417708,0.4753331220589647,0.7670566823521879,0.9269515973622715,6.0
macro,continued_reference,1,raw,20,2.0,329,37.333333333333336,329,0.3357784297969398,0.3016970335673327,0.6074074795769503,0.43563353603717586,0.8646330792588949,0.5287179503648104,0.4457174781523096,0.7384520247126988,0.9100361919395628,6.0
macro,continued_reference,1,calibrated,25,2.0,205,24.666666666666668,205,0.3508587969352143,0.3046853500989179,0.5621745587771232,0.4232854926731611,0.8304125134793349,0.5897269080543929,0.49297889998293215,0.7788823604710702,0.938786183649087,6.0
macro,continued_reference,1,raw,25,2.0,205,24.666666666666668,205,0.3508587969352143,0.3046853500989179,0.5621745587771232,0.4232854926731611,0.8394164932125028,0.5424320532591101,0.4602725934459806,0.7513842379245604,0.9199364012630142,6.0
macro,continued_reference,1,calibrated,30,2.0,120,14.333333333333334,120,0.34312918329917935,0.27334876470815256,0.6026354357275241,0.4659755784455942,0.9341783983481146,0.6102537796226362,0.44595196821957384,0.7456271217045863,0.9354896673488223,6.0
macro,continued_reference,1,raw,30,2.0,120,14.333333333333334,120,0.34312918329917935,0.27334876470815256,0.6026354357275241,0.4659755784455942,0.950736163399315,0.5527633034372128,0.4127485052766742,0.7119994984149912,0.9098036194374224,6.0
macro,continued_reference,2,calibrated,3,3.0,1460,153.33333333333334,1460,0.44074759014101117,0.29653587770381956,0.5443894361092423,0.3875272346138628,0.7449519250998736,0.5533111539548078,0.5164344669371905,0.7936671587538378,0.939307755877059,6.0
macro,continued_reference,2,raw,3,3.0,1460,153.33333333333334,1460,0.44074759014101117,0.29653587770381956,0.5443894361092423,0.3875272346138628,0.7469781791214215,0.5143138708889633,0.49029519544617073,0.7692973450522177,0.9274221576470443,6.0
macro,continued_reference,2,calibrated,15,3.0,580,65.33333333333333,580,0.41728867047627666,0.3148039649212516,0.5470126062866051,0.389174527363191,0.742641845277011,0.5461135572483701,0.5048204740637685,0.789237303137516,0.9389637401552485,6.0
macro,continued_reference,2,raw,15,3.0,580,65.33333333333333,580,0.41728867047627666,0.3148039649212516,0.5470126062866051,0.389174527363191,0.7418982957142743,0.5073539500344862,0.47836672785397133,0.7642338543767276,0.9266477661643183,6.0
macro,continued_reference,2,calibrated,20,3.0,329,37.333333333333336,329,0.43762931574579617,0.3236209395152076,0.5636494584715154,0.3960714787246628,0.7519944829576373,0.5467024995138876,0.49686916674669485,0.7875596177854604,0.9364388744838182,6.0
macro,continued_reference,2,raw,20,3.0,329,37.333333333333336,329,0.43762931574579617,0.3236209395152076,0.5636494584715154,0.3960714787246628,0.754436771349761,0.5040825733742408,0.46887275040814363,0.7588389401069175,0.9237263068600147,6.0
macro,continued_reference,2,calibrated,25,3.0,205,24.666666666666668,205,0.470946693822311,0.3313645894684894,0.5105799094558595,0.38354118806565723,0.7315913874300469,0.5631155670908027,0.5146019371906468,0.8013041474654378,0.9454790066564259,6.0
macro,continued_reference,2,raw,25,3.0,205,24.666666666666668,205,0.470946693822311,0.3313645894684894,0.5105799094558595,0.38354118806565723,0.730445952470427,0.5177882760530075,0.4832758789895886,0.7702399300221879,0.9325292925413892,6.0
macro,continued_reference,2,calibrated,30,3.0,120,14.333333333333334,120,0.4685237025808735,0.2946970643322288,0.5382428873179882,0.4157107427497362,0.8122248066830925,0.5838312076640729,0.4728173628666586,0.7815482123510292,0.9423847959552184,6.0
macro,continued_reference,2,raw,30,3.0,120,14.333333333333334,120,0.4685237025808735,0.2946970643322288,0.5382428873179882,0.4157107427497362,0.8206069821911389,0.5286877868020665,0.4402098631676095,0.738238313069299,0.9246618313871835,6.0
macro,continued_reference,4,calibrated,3,5.0,1460,153.33333333333334,1460,0.525298937726463,0.33551831538579685,0.5026797824517234,0.3556937491046215,0.6576981923914585,0.5248673106363874,0.5268230364865532,0.8043979452168316,0.9459180053542257,6.0
macro,continued_reference,4,raw,3,5.0,1460,153.33333333333334,1460,0.525298937726463,0.33551831538579685,0.5026797824517234,0.3556937491046215,0.65625091119583,0.48781090279622613,0.49965468156566883,0.7805041841121992,0.9347616396812944,6.0
macro,continued_reference,4,calibrated,15,5.0,580,65.33333333333333,580,0.49112634220824924,0.34313776426432585,0.5108852004184748,0.36242514547365506,0.6677873773048405,0.5183185545741144,0.5094132826699984,0.7982799212977182,0.9431856869558004,6.0
macro,continued_reference,4,raw,15,5.0,580,65.33333333333333,580,0.49112634220824924,0.34313776426432585,0.5108852004184748,0.36242514547365506,0.665197000435693,0.4814699876598239,0.4831415695478945,0.7726895794039179,0.9328779900844087,6.0
macro,continued_reference,4,calibrated,20,5.0,329,37.333333333333336,329,0.5160040321538418,0.3701866050754103,0.5225927428233207,0.3658747046130986,0.6725057668535622,0.518884970114644,0.5084261339991677,0.7997458273312206,0.9424632510643747,6.0
macro,continued_reference,4,raw,20,5.0,329,37.333333333333336,329,0.5160040321538418,0.3701866050754103,0.5225927428233207,0.3658747046130986,0.6731551431070741,0.4783520647691222,0.47929708857517844,0.771291003233138,0.9303023256186177,6.0
macro,continued_reference,4,calibrated,25,5.0,205,24.666666666666668,205,0.5513126438287498,0.3727709200448122,0.4696896631566983,0.3514821328057562,0.6491210608729725,0.533967524836293,0.529468424645844,0.8164185654548558,0.950405359276327,6.0
macro,continued_reference,4,raw,25,5.0,205,24.666666666666668,205,0.5513126438287498,0.3727709200448122,0.4696896631566983,0.3514821328057562,0.6450428367267292,0.4908064440068638,0.4987824287421061,0.7857425115207373,0.9379107782898105,6.0
macro,continued_reference,4,calibrated,30,5.0,120,14.333333333333334,120,0.5523170902402436,0.3648683906576353,0.4933522393274095,0.3809627747232474,0.7237664433612054,0.5547808240770259,0.48744340114762646,0.8010515830022872,0.9500897837165443,6.0
macro,continued_reference,4,raw,30,5.0,120,14.333333333333334,120,0.5523170902402436,0.3648683906576353,0.4933522393274095,0.3809627747232474,0.726695438607318,0.5022563254907867,0.45391906424300793,0.7553541591428915,0.9326890574214518,6.0
macro,continued_reference,9,calibrated,3,10.0,580,65.33333333333333,580,0.5665198257971105,0.39869952054772434,0.47215018579945306,0.330701565521467,0.5797583578394229,0.4856850495102962,0.5227004420176914,0.8057252134086831,0.9466600550619503,6.0
macro,continued_reference,9,raw,3,10.0,580,65.33333333333333,580,0.5665198257971105,0.39869952054772434,0.47215018579945306,0.330701565521467,0.5750957049703828,0.4511575162085208,0.4971333373212774,0.7809038144205429,0.9368934067658646,6.0
macro,continued_reference,9,calibrated,15,10.0,580,65.33333333333333,580,0.5665198257971105,0.39869952054772434,0.47215018579945306,0.330701565521467,0.5797583578394229,0.4856850495102962,0.5227004420176914,0.8057252134086831,0.9466600550619503,6.0
macro,continued_reference,9,raw,15,10.0,580,65.33333333333333,580,0.5665198257971105,0.39869952054772434,0.47215018579945306,0.330701565521467,0.5750957049703828,0.4511575162085208,0.4971333373212774,0.7809038144205429,0.9368934067658646,6.0
macro,continued_reference,9,calibrated,20,10.0,329,37.333333333333336,329,0.5970670644967194,0.44175897468721187,0.4782546338675428,0.33003720178835155,0.5759197090879926,0.48624901791744773,0.5260660232401805,0.8094855052978648,0.9468935529306316,6.0
macro,continued_reference,9,raw,20,10.0,329,37.333333333333336,329,0.5970670644967194,0.44175897468721187,0.4782546338675428,0.33003720178835155,0.5730613325167414,0.448263175500907,0.49843979000608213,0.7826872098978841,0.935261267966324,6.0
macro,continued_reference,9,calibrated,25,10.0,205,24.666666666666668,205,0.6307859984048585,0.4476285358906987,0.42743290975632947,0.31808718376626927,0.5597826107160656,0.5016893126447721,0.5455276071001877,0.8197451570233828,0.9541050307219662,6.0
macro,continued_reference,9,raw,25,10.0,205,24.666666666666668,205,0.6307859984048585,0.4476285358906987,0.42743290975632947,0.31808718376626927,0.5494844160842041,0.4609741516866579,0.515335530807305,0.7962700119474313,0.9430146569380441,6.0
macro,continued_reference,9,calibrated,30,10.0,120,14.333333333333334,120,0.6482642215563196,0.45199371200807764,0.44070260102380837,0.3399868309333807,0.6187395032284885,0.5226670625189861,0.5113275751374342,0.8207752698527346,0.9544845311183341,6.0
macro,continued_reference,9,raw,30,10.0,120,14.333333333333334,120,0.6482642215563196,0.45199371200807764,0.44070260102380837,0.3399868309333807,0.6104913857230607,0.47287994061580063,0.4756192969784519,0.785013201717427,0.9437274387063118,6.0
macro,frozen_average,0,calibrated,3,1.0,4625,416.6666666666667,2501,0.052313148067490524,0.24638228339620571,0.7251194106550319,0.5049287697411801,1.0061917470255448,0.758442333543559,0.5533963298096377,0.8206832438266609,0.9545336644510876,6.0
macro,frozen_average,0,raw,3,1.0,4625,416.6666666666667,2501,0.052313148067490524,0.24638228339620571,0.7251194106550319,0.5049287697411801,1.005557810513514,0.6317200758983753,0.4850667880685751,0.7615579596135512,0.9231860925628271,6.0
macro,frozen_average,0,calibrated,15,1.0,580,65.33333333333333,580,0.07713912966162606,0.278281513716512,0.6854824417955472,0.5021744617522911,1.00690449362291,0.7551608981279448,0.5423050608769028,0.8121744957820297,0.9556350624839575,6.0
macro,frozen_average,0,raw,15,1.0,580,65.33333333333333,580,0.07713912966162606,0.278281513716512,0.6854824417955472,0.5021744617522911,1.0074211800138688,0.6294778309834507,0.4734972505569532,0.7480157157886818,0.9220284235460642,6.0
macro,frozen_average,0,calibrated,20,1.0,329,37.333333333333336,329,0.0966822024410992,0.29046267509274,0.7064428133562296,0.5141480039572693,1.0221287427076682,0.7595703690389347,0.5329058756682352,0.8080560517302091,0.9542045327955441,6.0
macro,frozen_average,0,raw,20,1.0,329,37.333333333333336,329,0.0966822024410992,0.29046267509274,0.7064428133562296,0.5141480039572693,1.025543801277016,0.627328865449886,0.4624865600691444,0.7397386904190274,0.9170014036941004,6.0
macro,frozen_average,0,calibrated,25,1.0,205,24.666666666666668,205,0.09945687401288206,0.28513125593611083,0.6663096498930736,0.5049219731066803,1.0004639678456249,0.7624042784731061,0.5314069167093362,0.8108459634749957,0.9617862903225807,6.0
macro,frozen_average,0,raw,25,1.0,205,24.666666666666668,205,0.09945687401288206,0.28513125593611083,0.6663096498930736,0.5049219731066803,1.00621668122347,0.6291198782623526,0.45758256528417823,0.739033474142345,0.9191081242532856,6.0
macro,frozen_average,0,calibrated,30,1.0,120,14.333333333333334,120,0.09478944989234521,0.24033168854069398,0.7097269028227103,0.5464888448351641,1.0702468526724458,0.7650107967376488,0.5011636972834156,0.7728695878977568,0.9568663175635006,6.0
macro,frozen_average,0,raw,30,1.0,120,14.333333333333334,120,0.09478944989234521,0.24033168854069398,0.7097269028227103,0.5464888448351641,1.1062796335767129,0.6220294335068222,0.42287596805906663,0.6923152562096225,0.8978370651257975,6.0
macro,frozen_average,1,calibrated,3,2.0,4625,416.6666666666667,2501,0.12150798337239248,0.26438325983413186,0.6977025831145066,0.48946525748103237,0.9677886298162881,0.6498972690194654,0.4874050447489906,0.7723691596978327,0.9301184950586777,6.0
macro,frozen_average,1,raw,3,2.0,4625,416.6666666666667,2501,0.12150798337239248,0.26438325983413186,0.6977025831145066,0.48946525748103237,1.0060838820018048,0.542229403929514,0.42390903413788744,0.7042829024405856,0.8928591033537799,6.0
macro,frozen_average,1,calibrated,15,2.0,580,65.33333333333333,580,0.12178452015432713,0.29098705015005893,0.6685638882501806,0.4940796594836708,0.9798930702679002,0.6405553754199484,0.4591111103231152,0.7469241908390666,0.930762612455569,6.0
macro,frozen_average,1,raw,15,2.0,580,65.33333333333333,580,0.12178452015432713,0.29098705015005893,0.6685638882501806,0.4940796594836708,1.0219312857482523,0.5339956715235219,0.39766166295029565,0.6796660053440279,0.8872570012743606,6.0
macro,frozen_average,1,calibrated,20,2.0,329,37.333333333333336,329,0.1455667830614672,0.29958268630473633,0.6887633422759171,0.5063082985472891,0.9956738124880058,0.6415753217990704,0.4508779554403149,0.7392216460193989,0.9306778081884822,6.0
macro,frozen_average,1,raw,20,2.0,329,37.333333333333336,329,0.1455667830614672,0.29958268630473633,0.6887633422759171,0.5063082985472891,1.0459984392314403,0.5305359175852953,0.3863528666090464,0.6682277233586222,0.8793781635135569,6.0
macro,frozen_average,1,calibrated,25,2.0,205,24.666666666666668,205,0.1232340992304611,0.30356696772426334,0.6560049820434649,0.49774808417691796,0.985333055768815,0.6587571723516951,0.46206466547192343,0.7483969320703192,0.9403170762928829,6.0
macro,frozen_average,1,raw,25,2.0,205,24.666666666666668,205,0.1232340992304611,0.30356696772426334,0.6560049820434649,0.49774808417691796,1.0293649653121875,0.544334306396263,0.3965997610513739,0.673944401775047,0.8897111921829665,6.0
macro,frozen_average,1,calibrated,30,2.0,120,14.333333333333334,120,0.1251042330003198,0.2703523755240125,0.6978233962884156,0.5459531356911278,1.0867047145941398,0.6819793619914942,0.4282178283375466,0.712870811765178,0.9347476826772603,6.0
macro,frozen_average,1,raw,30,2.0,120,14.333333333333334,120,0.1251042330003198,0.2703523755240125,0.6978233962884156,0.5459531356911278,1.1558500802602756,0.5535000555994595,0.35802507925043137,0.6227495686368926,0.8750844669154527,6.0
macro,frozen_average,2,calibrated,3,3.0,1460,153.33333333333334,1460,0.1737144928645379,0.2983655675254243,0.6622058021949505,0.4821743812604768,0.9541519173779928,0.6193532913776381,0.4626754986139761,0.7500714925098396,0.9269553751848933,6.0
macro,frozen_average,2,raw,3,3.0,1460,153.33333333333334,1460,0.1737144928645379,0.2983655675254243,0.6622058021949505,0.4821743812604768,1.003561209464196,0.51673012336285,0.4001012936328849,0.6818739254452422,0.8838948374295804,6.0
macro,frozen_average,2,calibrated,15,3.0,580,65.33333333333333,580,0.1479193608189378,0.3184816452967959,0.6599690160878938,0.4850929636682005,0.9581201335998882,0.6116878315822164,0.44728919381586363,0.7430349638999699,0.9261820602107381,6.0
macro,frozen_average,2,raw,15,3.0,580,65.33333333333333,580,0.1479193608189378,0.3184816452967959,0.6599690160878938,0.4850929636682005,1.0060356003886162,0.5099127909384892,0.3858459359560849,0.6706996058285012,0.8804847686346052,6.0
macro,frozen_average,2,calibrated,20,3.0,329,37.333333333333336,329,0.18223921506589014,0.3290631260166971,0.6764926965530326,0.49484462914427435,0.972413613889664,0.6124074446139617,0.4396025480969301,0.738517580588367,0.9258132638688817,6.0
macro,frozen_average,2,raw,20,3.0,329,37.333333333333336,329,0.18223921506589014,0.3290631260166971,0.6764926965530326,0.49484462914427435,1.026528474065879,0.5063274510382763,0.3739485354844905,0.6608053842952719,0.8749482569864592,6.0
macro,frozen_average,2,calibrated,25,3.0,205,24.666666666666668,205,0.16055929918984554,0.3366469552566948,0.6437839802300941,0.4907129146062445,0.9707550332349957,0.6297039662697531,0.45236866359447,0.7503112092507253,0.9313480756101723,6.0
macro,frozen_average,2,raw,25,3.0,205,24.666666666666668,205,0.16055929918984554,0.3366469552566948,0.6437839802300941,0.4907129146062445,1.0173886327931414,0.5201866669643426,0.37957407407407406,0.6677294973544973,0.8824275900324289,6.0
macro,frozen_average,2,calibrated,30,3.0,120,14.333333333333334,120,0.1857896323770543,0.30498649672288,0.6693137467326468,0.5230826065355767,1.0283169126827334,0.6530362426731977,0.41431838610007626,0.7409144496609286,0.9355955419124432,6.0
macro,frozen_average,2,raw,30,3.0,120,14.333333333333334,120,0.1857896323770543,0.30498649672288,0.6693137467326468,0.5230826065355767,1.0955174100167426,0.5299280629967459,0.3409639260061796,0.6432768347979615,0.8745987520564985,6.0
macro,frozen_average,4,calibrated,3,5.0,1460,153.33333333333334,1460,0.200569798105144,0.33348026563165156,0.6519216285529233,0.4760732365551766,0.9461119078122514,0.5880556034765351,0.4449016886888046,0.7357960927326869,0.9195823643045392,6.0
macro,frozen_average,4,raw,3,5.0,1460,153.33333333333334,1460,0.200569798105144,0.33348026563165156,0.6519216285529233,0.4760732365551766,1.0065892092067488,0.49063488399074834,0.38521159680233685,0.6632531699639923,0.8709259174778256,6.0
macro,frozen_average,4,calibrated,15,5.0,580,65.33333333333333,580,0.15402705659203522,0.34585879802048947,0.6566777992898017,0.4864424216218151,0.9719853923793581,0.5812003450561608,0.4255838628208451,0.7199562672596781,0.9152579966387068,6.0
macro,frozen_average,4,raw,15,5.0,580,65.33333333333333,580,0.15402705659203522,0.34585879802048947,0.6566777992898017,0.4864424216218151,1.0367390498631026,0.48451111838745153,0.3634687411764453,0.6449918481375364,0.8659835570853179,6.0
macro,frozen_average,4,calibrated,20,5.0,329,37.333333333333336,329,0.20188755948869783,0.37559535775086966,0.6674673905091789,0.4922622657171458,0.984040496774197,0.582094175606018,0.4269831380645987,0.7142124523832388,0.9133604020615258,6.0
macro,frozen_average,4,raw,20,5.0,329,37.333333333333336,329,0.20188755948869783,0.37559535775086966,0.6674673905091789,0.4922622657171458,1.0553938220997263,0.4812257648111317,0.35915526585358043,0.6363687730080988,0.8624208761484042,6.0
macro,frozen_average,4,calibrated,25,5.0,205,24.666666666666668,205,0.19914243528643838,0.37986768470082194,0.6278284916828891,0.4793896217545484,0.9598738215435528,0.5980910026439146,0.4430294205495818,0.7341150793650795,0.9227987924560505,6.0
macro,frozen_average,4,raw,25,5.0,205,24.666666666666668,205,0.19914243528643838,0.37986768470082194,0.6278284916828891,0.4793896217545484,1.0158045990262339,0.49392266697807,0.3683010966035159,0.6529301715309779,0.8762826420890937,6.0
macro,frozen_average,4,calibrated,30,5.0,120,14.333333333333334,120,0.21019099878339056,0.36999290617188674,0.6603654956586522,0.5157572325798871,1.0327381780408584,0.6210763372502383,0.4098438465551142,0.7167406604871394,0.9235612535612535,6.0
macro,frozen_average,4,raw,30,5.0,120,14.333333333333334,120,0.21019099878339056,0.36999290617188674,0.6603654956586522,0.5157572325798871,1.1106741255838497,0.5039678442084617,0.3338935837245696,0.6190982103446893,0.8654894466514184,6.0
macro,frozen_average,9,calibrated,3,10.0,580,65.33333333333333,580,0.16654409208510937,0.39775925320840605,0.6501799759152705,0.4799813574677501,0.9755378500455253,0.5453656351977716,0.4039726329050885,0.697051041470096,0.9029162863387699,6.0
macro,frozen_average,9,raw,3,10.0,580,65.33333333333333,580,0.16654409208510937,0.39775925320840605,0.6501799759152705,0.4799813574677501,1.0569108877565436,0.45472283552444953,0.34678248716057886,0.6193118486272358,0.8498995177762492,6.0
macro,frozen_average,9,calibrated,15,10.0,580,65.33333333333333,580,0.16654409208510937,0.39775925320840605,0.6501799759152705,0.4799813574677501,0.9755378500455253,0.5453656351977716,0.4039726329050885,0.697051041470096,0.9029162863387699,6.0
macro,frozen_average,9,raw,15,10.0,580,65.33333333333333,580,0.16654409208510937,0.39775925320840605,0.6501799759152705,0.4799813574677501,1.0569108877565436,0.45472283552444953,0.34678248716057886,0.6193118486272358,0.8498995177762492,6.0
macro,frozen_average,9,calibrated,20,10.0,329,37.333333333333336,329,0.20882295679606674,0.44112507828821507,0.6620306279462503,0.48596027066510467,0.988078374447428,0.5463066171788143,0.4031501056371843,0.6948963058996767,0.8996504241493005,6.0
macro,frozen_average,9,raw,20,10.0,329,37.333333333333336,329,0.20882295679606674,0.44112507828821507,0.6620306279462503,0.48596027066510467,1.074045059815125,0.4517293381508883,0.34263567655814847,0.6122635727776178,0.8426862143474504,6.0
macro,frozen_average,9,calibrated,25,10.0,205,24.666666666666668,205,0.2018562570884356,0.4454733740259816,0.6261511128871146,0.47676156210650045,0.9716716365406034,0.5626415520876259,0.41394572452636974,0.707659796893668,0.9095894137224784,6.0
macro,frozen_average,9,raw,25,10.0,205,24.666666666666668,205,0.2018562570884356,0.4454733740259816,0.6261511128871146,0.47676156210650045,1.04993889009606,0.4645752936253385,0.35054840843147295,0.6226152927120668,0.8567260197986005,6.0
macro,frozen_average,9,calibrated,30,10.0,120,14.333333333333334,120,0.2485603689481981,0.4508053560595043,0.6488975206048697,0.5029572254466528,1.0332811870804945,0.5855597071047579,0.40278690662493477,0.6969854941615505,0.907571225071225,6.0
macro,frozen_average,9,raw,30,10.0,120,14.333333333333334,120,0.2485603689481981,0.4508053560595043,0.6488975206048697,0.5029572254466528,1.1256044571071138,0.47497411232825565,0.33297136952770756,0.6066016010593476,0.8489600136431122,6.0
macro,trained_average,0,calibrated,3,1.0,4625,416.6666666666667,2501,0.05325215235173721,0.24301437371037907,0.7248348721528508,0.5048650268016003,1.0028493748250928,0.6754216897489078,0.5093460942521025,0.7813350058722159,0.9364563420463069,6.0
macro,trained_average,0,raw,3,1.0,4625,416.6666666666667,2501,0.05325215235173721,0.24301437371037907,0.7248348721528508,0.5048650268016003,1.0074195331997207,0.6130632501590557,0.47337644725187084,0.7517795933842826,0.9181125148085755,6.0
macro,trained_average,0,calibrated,15,1.0,580,65.33333333333333,580,0.07715366596404893,0.2740041073481883,0.6855871614977554,0.5018852706663791,1.0088086170759938,0.6697877461127794,0.4920078973626534,0.7726689416562867,0.9341745373516642,6.0
macro,trained_average,0,raw,15,1.0,580,65.33333333333333,580,0.07715366596404893,0.2740041073481883,0.6855871614977554,0.5018852706663791,1.0108892396246139,0.6084019936449765,0.4630336129782044,0.7372889057519995,0.9153505128299653,6.0
macro,trained_average,0,calibrated,20,1.0,329,37.333333333333336,329,0.09776644126552714,0.27770697185479354,0.705974314674548,0.5126943200365858,1.0198955558368443,0.6743920040902784,0.4856383414962066,0.7690233538205448,0.932544101923877,6.0
macro,trained_average,0,raw,20,1.0,329,37.333333333333336,329,0.09776644126552714,0.27770697185479354,0.705974314674548,0.5126943200365858,1.0248587924001002,0.6069505878642658,0.45671861775344924,0.7296194868593746,0.9098332212938954,6.0
macro,trained_average,0,calibrated,25,1.0,205,24.666666666666668,205,0.10728557972895601,0.27575362132309883,0.6635348273610413,0.5016345897495298,0.9900687553617088,0.6778419396606427,0.48258066649598913,0.7737260624679979,0.9390156383341868,6.0
macro,trained_average,0,raw,25,1.0,205,24.666666666666668,205,0.10728557972895601,0.27575362132309883,0.6635348273610413,0.5016345897495298,0.9996272971329878,0.6097067190802105,0.45290836746885144,0.7316307817033624,0.9143275089605735,6.0
macro,trained_average,0,calibrated,30,1.0,120,14.333333333333334,120,0.08803179004475335,0.21830878106050336,0.7108437829567583,0.5474684649450484,1.0815166188380751,0.6800508178958952,0.4467766542273584,0.730243950884796,0.928892379920549,6.0
macro,trained_average,0,raw,30,1.0,120,14.333333333333334,120,0.08803179004475335,0.21830878106050336,0.7108437829567583,0.5474684649450484,1.1134711709816438,0.6043173614308376,0.418507503711729,0.6817820312186509,0.8918589141687733,6.0
macro,trained_average,1,calibrated,3,2.0,4625,416.6666666666667,2501,0.29346710875182186,0.26190893481013466,0.6245782508817147,0.4341395265559427,0.8537594468049802,0.6144678679105521,0.5168670924121488,0.7949373696362244,0.9382958431532452,6.0
macro,trained_average,1,raw,3,2.0,4625,416.6666666666667,2501,0.29346710875182186,0.26190893481013466,0.6245782508817147,0.4341395265559427,0.8582796826148803,0.5588596897950283,0.48128850371059045,0.7629102269885911,0.9229047636801658,6.0
macro,trained_average,1,calibrated,15,2.0,580,65.33333333333333,580,0.3046763947527542,0.28967414892720633,0.594784820707934,0.43637470983659754,0.8609245302768551,0.6049330514651351,0.48582203782434763,0.780703683649781,0.9382627462207149,6.0
macro,trained_average,1,raw,15,2.0,580,65.33333333333333,580,0.3046763947527542,0.28967414892720633,0.594784820707934,0.43637470983659754,0.8649695471405253,0.5498517614328278,0.45307231821381766,0.7468876776136875,0.9192799930395986,6.0
macro,trained_average,1,calibrated,20,2.0,329,37.333333333333336,329,0.3096178733116235,0.2981047102833162,0.6184229207066635,0.44893977496529397,0.8847491907948966,0.6051833114285863,0.4741368513716829,0.7735644226767823,0.9357905646787671,6.0
macro,trained_average,1,raw,20,2.0,329,37.333333333333336,329,0.3096178733116235,0.2981047102833162,0.6184229207066635,0.44893977496529397,0.8939655484557418,0.5454543607849333,0.43855915682320173,0.7351956624731906,0.9100093088767247,6.0
macro,trained_average,1,calibrated,25,2.0,205,24.666666666666668,205,0.3115856949349643,0.3021504302332579,0.5789661872161639,0.43714877035547334,0.8595514681697428,0.6276517950500857,0.4938909156852705,0.7915912058371738,0.9491554232804233,6.0
macro,trained_average,1,raw,25,2.0,205,24.666666666666668,205,0.3115856949349643,0.3021504302332579,0.5789661872161639,0.43714877035547334,0.8650682436515197,0.565645910666087,0.4552573178016726,0.7524693207031916,0.9235309993172897,6.0
macro,trained_average,1,calibrated,30,2.0,120,14.333333333333334,120,0.3048550541411192,0.26164362371368927,0.6175709335016181,0.48358674063982393,0.9643955009684154,0.6530712432647698,0.4497503310461057,0.7603608001284057,0.9471507965169937,6.0
macro,trained_average,1,raw,30,2.0,120,14.333333333333334,120,0.3048550541411192,0.26164362371368927,0.6175709335016181,0.48358674063982393,0.9788037828706248,0.5796509159918218,0.4105310581437342,0.7099652903174031,0.9123074716102885,6.0
macro,trained_average,2,calibrated,3,3.0,1460,153.33333333333334,1460,0.39755087515107174,0.29432291421548795,0.5651508140923659,0.40968270950413416,0.7914858954842252,0.5887518120032568,0.510811275557206,0.7963624227207212,0.9434503495893695,6.0
macro,trained_average,2,raw,3,3.0,1460,153.33333333333334,1460,0.39755087515107174,0.29432291421548795,0.5651508140923659,0.40968270950413416,0.7970676258809455,0.5357440064401097,0.4781981281010839,0.7632901475020816,0.9276737231185331,6.0
macro,trained_average,2,calibrated,15,3.0,580,65.33333333333333,580,0.37401309110490377,0.3089972177661931,0.5655537851492835,0.4117412980025133,0.7945849397215263,0.580769862953954,0.4945878497256792,0.7892655121545729,0.9438119609451913,6.0
macro,trained_average,2,raw,15,3.0,580,65.33333333333333,580,0.37401309110490377,0.3089972177661931,0.5655537851492835,0.4117412980025133,0.7963364454810593,0.5278449950147791,0.4587307038438071,0.7542205693039129,0.9271775664875471,6.0
macro,trained_average,2,calibrated,20,3.0,329,37.333333333333336,329,0.39286169947353083,0.31909136789256815,0.5832626756856606,0.4201663372868722,0.811257426524787,0.5812652226212736,0.4856434681007715,0.7853075306507892,0.9404256842408527,6.0
macro,trained_average,2,raw,20,3.0,329,37.333333333333336,329,0.39286169947353083,0.31909136789256815,0.5832626756856606,0.4201663372868722,0.816319693111546,0.5237267148879458,0.4462544191555427,0.7456605733218092,0.9222876132398604,6.0
macro,trained_average,2,calibrated,25,3.0,205,24.666666666666668,205,0.4035196802043021,0.3215338413938907,0.5399085724860634,0.4105225965867338,0.7956306656493686,0.6039954479096576,0.5036372461170847,0.803227193207032,0.9496715523126813,6.0
macro,trained_average,2,raw,25,3.0,205,24.666666666666668,205,0.4035196802043021,0.3215338413938907,0.5399085724860634,0.4105225965867338,0.7938995510291438,0.5441487292533829,0.4619417776071002,0.7640832479945382,0.9334879885646016,6.0
macro,trained_average,2,calibrated,30,3.0,120,14.333333333333334,120,0.4265851318789456,0.28123376721652277,0.5588474121409978,0.4403633586287201,0.865249014736646,0.6302834820076683,0.4744430400064203,0.7870365755788291,0.9514673367842382,6.0
macro,trained_average,2,raw,30,3.0,120,14.333333333333334,120,0.4265851318789456,0.28123376721652277,0.5588474121409978,0.4403633586287201,0.8717757262775919,0.5594020632842198,0.4274482364271097,0.7328767505316801,0.9310681754343725,6.0
macro,trained_average,4,calibrated,3,5.0,1460,153.33333333333334,1460,0.46434872253292275,0.31926680120057743,0.5335999382391456,0.38795025328759913,0.7328048072120188,0.5626901495381597,0.5117629584124871,0.8008365931110163,0.9476825049313135,6.0
macro,trained_average,4,raw,3,5.0,1460,153.33333333333334,1460,0.46434872253292275,0.31926680120057743,0.5335999382391456,0.38795025328759913,0.7373284998698626,0.512013507747303,0.4757834577039253,0.7667666213034808,0.9307460747606365,6.0
macro,trained_average,4,calibrated,15,5.0,580,65.33333333333333,580,0.43453791201187464,0.3340266695651872,0.537974362910364,0.39345647350884994,0.7432125419201917,0.555371124168999,0.4918900311402244,0.7883341937219893,0.9476071836485707,6.0
macro,trained_average,4,raw,15,5.0,580,65.33333333333333,580,0.43453791201187464,0.3340266695651872,0.537974362910364,0.39345647350884994,0.746347586552058,0.504743691185101,0.45880812792794695,0.7543826426173084,0.93089746395079,6.0
macro,trained_average,4,calibrated,20,5.0,329,37.333333333333336,329,0.4581767982894265,0.3576218687518806,0.551545811682633,0.39801598581972625,0.7568814441873858,0.5559234439330627,0.490672406287013,0.787341420980185,0.9435016533819905,6.0
macro,trained_average,4,raw,20,5.0,329,37.333333333333336,329,0.4581767982894265,0.3576218687518806,0.551545811682633,0.39801598581972625,0.7633760179062193,0.5008255298350034,0.451668291238516,0.7497092368513716,0.9249795239924454,6.0
macro,trained_average,4,calibrated,25,5.0,205,24.666666666666668,205,0.4733924318275406,0.3590755882070882,0.5066656525313832,0.3865429275517847,0.7348063424537526,0.5773484596258026,0.5068433179723502,0.8072885091312512,0.9532288146441372,6.0
macro,trained_average,4,raw,25,5.0,205,24.666666666666668,205,0.4733924318275406,0.3590755882070882,0.5066656525313832,0.3865429275517847,0.7322999380322139,0.5199803594857668,0.4671440092165899,0.7729594854070659,0.9372843915343916,6.0
macro,trained_average,4,calibrated,30,5.0,120,14.333333333333334,120,0.4935539853846282,0.3387387378446493,0.5262320501060344,0.41517999322227134,0.8049248646054087,0.6040211841913786,0.4749876409453873,0.7897716584406727,0.9560562377111673,6.0
macro,trained_average,4,raw,30,5.0,120,14.333333333333334,120,0.4935539853846282,0.3387387378446493,0.5262320501060344,0.41517999322227134,0.8080768122906049,0.5360738601838096,0.4315542113077324,0.7433622647566308,0.9362493078126882,6.0
macro,trained_average,9,calibrated,3,10.0,580,65.33333333333333,580,0.48611416799482526,0.3658281140082684,0.5126635468227744,0.37379394063985144,0.6935018403974068,0.525863515453284,0.4864638318482695,0.7861507799970937,0.9465446587153549,6.0
macro,trained_average,9,raw,3,10.0,580,65.33333333333333,580,0.48611416799482526,0.3658281140082684,0.5126635468227744,0.37379394063985144,0.6980887828688042,0.47795654455832226,0.45416214649422487,0.7499699593152047,0.9296333201909334,6.0
macro,trained_average,9,calibrated,15,10.0,580,65.33333333333333,580,0.48611416799482526,0.3658281140082684,0.5126635468227744,0.37379394063985144,0.6935018403974068,0.525863515453284,0.4864638318482695,0.7861507799970937,0.9465446587153549,6.0
macro,trained_average,9,raw,15,10.0,580,65.33333333333333,580,0.48611416799482526,0.3658281140082684,0.5126635468227744,0.37379394063985144,0.6980887828688042,0.47795654455832226,0.45416214649422487,0.7499699593152047,0.9296333201909334,6.0
macro,trained_average,9,calibrated,20,10.0,329,37.333333333333336,329,0.5089478470596442,0.40734767655542053,0.5249061189139802,0.37608662273496424,0.7036412960383651,0.5268135658065535,0.4886007010467685,0.7890626316463395,0.9427297592752648,6.0
macro,trained_average,9,raw,20,10.0,329,37.333333333333336,329,0.5089478470596442,0.40734767655542053,0.5249061189139802,0.37608662273496424,0.7110669194930671,0.4746092941562135,0.4531241973174558,0.7474491677070328,0.923472784019975,6.0
macro,trained_average,9,calibrated,25,10.0,205,24.666666666666668,205,0.5159915770314946,0.4127764672558382,0.4842548689064105,0.3679826653964365,0.692798379160921,0.5485955427225998,0.5041635731353473,0.804117276839051,0.9519760411332991,6.0
macro,trained_average,9,raw,25,10.0,205,24.666666666666668,205,0.5159915770314946,0.4127764672558382,0.4842548689064105,0.3679826653964365,0.6915189112838059,0.4939464938575003,0.4656920976275815,0.761688513398191,0.9358703703703705,6.0
macro,trained_average,9,calibrated,30,10.0,120,14.333333333333334,120,0.5565930271455461,0.41294223456587204,0.49435167588152734,0.3886921358589386,0.7512848645533167,0.5755732257453766,0.48546978451908024,0.7970580434171984,0.9556722242285624,6.0
macro,trained_average,9,raw,30,10.0,120,14.333333333333334,120,0.5565930271455461,0.41294223456587204,0.49435167588152734,0.3886921358589386,0.7512349759699933,0.5105596305360992,0.44089366397817104,0.7443241041691745,0.9358040407688296,6.0
