kind,cutoff,endpoint,method,control,k,pools,groups,r2,rmse,nrmse,mae,rho,concordance,endpoints,panel
context,3,cellular_clearance,fnn,observed,0,79,53,-0.05440832159345588,0.6375051319260061,1.026843864272196,0.49041574155165185,0.15825548274319676,0.5672245902580441,,large
context,3,cellular_clearance,fnn,observed,1,79,53,-0.05440832159345588,0.6375051319260061,1.026843864272196,0.49041574155165185,0.15825548274319676,0.5672245902580441,,large
context,3,cellular_clearance,fnn,observed,2,79,53,-0.05440832159345588,0.6375051319260061,1.026843864272196,0.49041574155165185,0.15825548274319676,0.5672245902580441,,large
context,3,cellular_clearance,fnn,observed,4,79,53,-0.05440832159345588,0.6375051319260061,1.026843864272196,0.49041574155165185,0.15825548274319676,0.5672245902580441,,large
context,3,cellular_clearance,fnn,observed,9,79,53,-0.05440832159345588,0.6375051319260061,1.026843864272196,0.49041574155165185,0.15825548274319676,0.5672245902580441,,large
context,3,cellular_clearance,fnn_anchor,expected,0,79,53,-0.05440832159345588,0.6375051319260061,1.026843864272196,0.49041574155165185,0.15825548274319676,0.5672245902580441,,large
context,3,cellular_clearance,fnn_anchor,expected,1,79,53,-0.08667394253953975,0.6471856801978502,1.0424365412530106,0.4998392007911758,0.16183367159384016,0.5691807552838295,,large
context,3,cellular_clearance,fnn_anchor,expected,2,79,53,-0.09805754325220661,0.6505666895276357,1.0478824090766132,0.5031313970735305,0.15961712026995667,0.56791761148904,,large
context,3,cellular_clearance,fnn_anchor,expected,4,79,53,-0.10931941908181653,0.6538943435780438,1.0532423363508592,0.5063061339882857,0.1621333689362561,0.5697969229886047,,large
context,3,cellular_clearance,fnn_anchor,expected,9,79,53,-0.11664341522792321,0.656049377026796,1.0567134972299366,0.5085195554912343,0.16385365934061588,0.5704810700651569,,large
context,3,cellular_clearance,fnn_anchor,observed,0,79,53,-0.05440832159345588,0.6375051319260061,1.026843864272196,0.49041574155165185,0.15825548274319676,0.5672245902580441,,large
context,3,cellular_clearance,fnn_anchor,observed,1,79,53,0.20063867060263418,0.5550739423772411,0.894070091993556,0.42898501222143703,0.16183367159384016,0.5691807552838295,,large
context,3,cellular_clearance,fnn_anchor,observed,2,79,53,0.287377164450174,0.5240939426516222,0.8441699091710305,0.4053216899925143,0.15961712026995667,0.56791761148904,,large
context,3,cellular_clearance,fnn_anchor,observed,4,79,53,0.3493103906992473,0.5008021776072921,0.8066533389881633,0.3889800947451893,0.1621333689362561,0.5697969229886047,,large
context,3,cellular_clearance,fnn_anchor,observed,9,79,53,0.4026794293565855,0.47982515079288773,0.772865169769873,0.37279093915274375,0.16385365934061588,0.5704810700651569,,large
context,3,cellular_clearance,fnn_ridge,expected,0,79,53,-0.05440832159345588,0.6375051319260061,1.026843864272196,0.49041574155165185,0.15825548274319676,0.5672245902580441,,large
context,3,cellular_clearance,fnn_ridge,expected,1,79,53,-0.05440832159345588,0.6375051319260061,1.026843864272196,0.49041574155165185,0.15825548274319676,0.5672245902580441,,large
context,3,cellular_clearance,fnn_ridge,expected,2,79,53,-0.05440832159345588,0.6375051319260061,1.026843864272196,0.49041574155165185,0.15825548274319676,0.5672245902580441,,large
context,3,cellular_clearance,fnn_ridge,expected,4,79,53,-0.05440832159345588,0.6375051319260061,1.026843864272196,0.49041574155165185,0.15825548274319676,0.5672245902580441,,large
context,3,cellular_clearance,fnn_ridge,expected,9,79,53,-0.05440832159345588,0.6375051319260061,1.026843864272196,0.49041574155165185,0.15825548274319676,0.5672245902580441,,large
context,3,cellular_clearance,fnn_ridge,observed,0,79,53,-0.05440832159345588,0.6375051319260061,1.026843864272196,0.49041574155165185,0.15825548274319676,0.5672245902580441,,large
context,3,cellular_clearance,fnn_ridge,observed,1,79,53,0.16515784519481125,0.5672590822240792,0.9136969709948637,0.4336393872305813,0.15802532980991604,0.5671038682702335,,large
context,3,cellular_clearance,fnn_ridge,observed,2,79,53,0.24165795310327887,0.5406445644591623,0.8708283682200076,0.41259489548482975,0.15844863293765196,0.5673513399734015,,large
context,3,cellular_clearance,fnn_ridge,observed,4,79,53,0.3067102592449258,0.5169358590940728,0.8326402228784496,0.39540110038742726,0.15829822472782867,0.5673195269669049,,large
context,3,cellular_clearance,fnn_ridge,observed,9,79,53,0.37330947298732353,0.4914799866418248,0.79163787618625,0.3769584264232136,0.1591647090498982,0.5677970569381058,,large
context,3,cellular_clearance,gp_both,expected,0,79,53,0.03927616447011706,0.6085251829975983,0.9801652082837276,0.4620216212579766,0.22954682906079804,0.598038979304802,,large
context,3,cellular_clearance,gp_both,expected,1,79,53,0.03927616447011706,0.6085251829975983,0.9801652082837276,0.4620216212579766,0.22954682906079804,0.598038979304802,,large
context,3,cellular_clearance,gp_both,expected,2,79,53,0.03927616447011706,0.6085251829975983,0.9801652082837276,0.4620216212579766,0.22954682906079804,0.598038979304802,,large
context,3,cellular_clearance,gp_both,expected,4,79,53,0.03927616447011706,0.6085251829975983,0.9801652082837276,0.4620216212579766,0.22954682906079804,0.598038979304802,,large
context,3,cellular_clearance,gp_both,expected,9,79,53,0.03927616447011706,0.6085251829975983,0.9801652082837276,0.4620216212579766,0.22954682906079804,0.598038979304802,,large
context,3,cellular_clearance,gp_both,observed,0,79,53,0.03927616447011706,0.6085251829975983,0.9801652082837276,0.4620216212579766,0.22954682906079804,0.598038979304802,,large
context,3,cellular_clearance,gp_both,observed,1,79,53,0.30355108280994025,0.5181123047422871,0.8345351503621999,0.39416625433975755,0.25708022194002206,0.6085878373853059,,large
context,3,cellular_clearance,gp_both,observed,2,79,53,0.3935411905840206,0.48348157398587704,0.7787546529016565,0.36451482985848094,0.282514145497417,0.618815503697963,,large
context,3,cellular_clearance,gp_both,observed,4,79,53,0.45769261324299915,0.4571955901592428,0.7364152271354801,0.3441653684303048,0.3022326058793806,0.6286788752069042,,large
context,3,cellular_clearance,gp_both,observed,9,79,53,0.5329078692518022,0.4243073434447173,0.6834413879391544,0.31334958912051564,0.3539634257857556,0.6530328558990404,,large
context,3,cellular_clearance,gp_deep_kernel,expected,0,79,53,0.08684480892840107,0.5932688813641046,0.9555915398702517,0.44936546121674076,0.2322764184597153,0.5993814403398491,,large
context,3,cellular_clearance,gp_deep_kernel,expected,1,79,53,0.08684480892840107,0.5932688813641046,0.9555915398702517,0.44936546121674076,0.2322764184597153,0.5993814403398491,,large
context,3,cellular_clearance,gp_deep_kernel,expected,2,79,53,0.08684480892840107,0.5932688813641046,0.9555915398702517,0.44936546121674076,0.2322764184597153,0.5993814403398491,,large
context,3,cellular_clearance,gp_deep_kernel,expected,4,79,53,0.08684480892840107,0.5932688813641046,0.9555915398702517,0.44936546121674076,0.2322764184597153,0.5993814403398491,,large
context,3,cellular_clearance,gp_deep_kernel,expected,9,79,53,0.08684480892840107,0.5932688813641046,0.9555915398702517,0.44936546121674076,0.2322764184597153,0.5993814403398491,,large
context,3,cellular_clearance,gp_deep_kernel,observed,0,79,53,0.08684480892840107,0.5932688813641046,0.9555915398702517,0.44936546121674076,0.2322764184597153,0.5993814403398491,,large
context,3,cellular_clearance,gp_deep_kernel,observed,1,79,53,0.31183035886993427,0.515023478306389,0.8295599081019198,0.39026759625261587,0.25244565314549416,0.606861682788446,,large
context,3,cellular_clearance,gp_deep_kernel,observed,2,79,53,0.3867487396188315,0.4861815764830502,0.7831036076926019,0.36401469046493734,0.2735511313806635,0.6172683869609729,,large
context,3,cellular_clearance,gp_deep_kernel,observed,4,79,53,0.44141222176115125,0.46400748617514964,0.747387301363121,0.3453150702218821,0.2952006085557799,0.6270502645502645,,large
context,3,cellular_clearance,gp_deep_kernel,observed,9,79,53,0.5120396524508033,0.43368214147678624,0.6985415861272661,0.31610255047315666,0.3509672276884078,0.6515870863113178,,large
context,3,cellular_clearance,gp_linear,expected,0,79,53,-0.039302192065328256,0.6329220039082196,1.0194617168218374,0.48044547312535607,0.1951729314104659,0.5860598993465178,,large
context,3,cellular_clearance,gp_linear,expected,1,79,53,-0.039302192065328256,0.6329220039082196,1.0194617168218374,0.48044547312535607,0.1951729314104659,0.5860598993465178,,large
context,3,cellular_clearance,gp_linear,expected,2,79,53,-0.039302192065328256,0.6329220039082196,1.0194617168218374,0.48044547312535607,0.1951729314104659,0.5860598993465178,,large
context,3,cellular_clearance,gp_linear,expected,4,79,53,-0.039302192065328256,0.6329220039082196,1.0194617168218374,0.48044547312535607,0.1951729314104659,0.5860598993465178,,large
context,3,cellular_clearance,gp_linear,expected,9,79,53,-0.039302192065328256,0.6329220039082196,1.0194617168218374,0.48044547312535607,0.1951729314104659,0.5860598993465178,,large
context,3,cellular_clearance,gp_linear,observed,0,79,53,-0.039302192065328256,0.6329220039082196,1.0194617168218374,0.48044547312535607,0.1951729314104659,0.5860598993465178,,large
context,3,cellular_clearance,gp_linear,observed,1,79,53,0.2614187226306208,0.5335540489532068,0.8594075153088779,0.406186667725416,0.2195714730976934,0.5955398404087373,,large
context,3,cellular_clearance,gp_linear,observed,2,79,53,0.3591089321394615,0.4970171586096552,0.800556723699538,0.37452981874265084,0.2558198966601714,0.6099447697503755,,large
context,3,cellular_clearance,gp_linear,observed,4,79,53,0.4435574274847751,0.46311563974456604,0.7459507842446611,0.3484035703592015,0.29312318448007335,0.6248823157955166,,large
context,3,cellular_clearance,gp_linear,observed,9,79,53,0.5292205237341602,0.42597884680669074,0.6861337160246826,0.31352233647372274,0.36593271235757235,0.6570190973717194,,large
context,3,cellular_clearance,gp_neural_mean,expected,0,79,53,-0.08600060589876124,0.6469851410386569,1.0421135283157787,0.4958269711142629,0.15008143794556422,0.5654768123845881,,large
context,3,cellular_clearance,gp_neural_mean,expected,1,79,53,-0.08600060589876124,0.6469851410386569,1.0421135283157787,0.4958269711142629,0.15008143794556422,0.5654768123845881,,large
context,3,cellular_clearance,gp_neural_mean,expected,2,79,53,-0.08600060589876124,0.6469851410386569,1.0421135283157787,0.4958269711142629,0.15008143794556422,0.5654768123845881,,large
context,3,cellular_clearance,gp_neural_mean,expected,4,79,53,-0.08600060589876124,0.6469851410386569,1.0421135283157787,0.4958269711142629,0.15008143794556422,0.5654768123845881,,large
context,3,cellular_clearance,gp_neural_mean,expected,9,79,53,-0.08600060589876124,0.6469851410386569,1.0421135283157787,0.4958269711142629,0.15008143794556422,0.5654768123845881,,large
context,3,cellular_clearance,gp_neural_mean,observed,0,79,53,-0.08600060589876124,0.6469851410386569,1.0421135283157787,0.4958269711142629,0.15008143794556422,0.5654768123845881,,large
context,3,cellular_clearance,gp_neural_mean,observed,1,79,53,0.22033476419077058,0.5481928386768087,0.8829865433907979,0.41935691870411396,0.19944476520813745,0.5849372590104959,,large
context,3,cellular_clearance,gp_neural_mean,observed,2,79,53,0.33346403992051354,0.5068635549474911,0.8164165358929757,0.38423781617114305,0.24239344582953218,0.6033285255030282,,large
context,3,cellular_clearance,gp_neural_mean,observed,4,79,53,0.4264026162091611,0.47020024784658837,0.7573621219673181,0.35315232093726323,0.2826995109627649,0.6187003549661779,,large
context,3,cellular_clearance,gp_neural_mean,observed,9,79,53,0.5139581126582513,0.4328287716081909,0.6971670440731896,0.31799348280379564,0.36433791722495157,0.655464924366371,,large
context,3,cellular_clearance,memory,expected,0,79,53,-0.08324389705556268,0.6461634642681865,1.040790035048166,0.49727193053261637,0.17128298961206964,0.573459245864309,,large
context,3,cellular_clearance,memory,expected,1,79,53,-0.11453476185532718,0.6554296472101755,1.0557152844660946,0.5064594341531583,0.17328920412965093,0.5748181635523407,,large
context,3,cellular_clearance,memory,expected,2,79,53,-0.1156327607035057,0.6557524203813945,1.056235182477608,0.5065154356581751,0.16912441442526419,0.5732948228517849,,large
context,3,cellular_clearance,memory,expected,4,79,53,-0.11598541365322235,0.6558560542838394,1.0564021079367565,0.5066157166854742,0.16584822703316313,0.5718478333668208,,large
context,3,cellular_clearance,memory,expected,9,79,53,-0.11720121135176331,0.6562132145179367,1.0569773939643947,0.5069779105956042,0.16477099019058775,0.5718526890362334,,large
context,3,cellular_clearance,memory,observed,0,79,53,-0.08324389705556268,0.6461634642681865,1.040790035048166,0.49727193053261637,0.17128298961206964,0.573459245864309,,large
context,3,cellular_clearance,memory,observed,1,79,53,0.09935177277014784,0.5891920415985815,0.9490248823028046,0.4534686068907568,0.16879183632898562,0.572964637331726,,large
context,3,cellular_clearance,memory,observed,2,79,53,0.21447505992121996,0.5502489999613374,0.8862984486496521,0.41998735649802005,0.16780726856785785,0.5728373853057398,,large
context,3,cellular_clearance,memory,observed,4,79,53,0.2932851466453199,0.5219169271282827,0.8406633412696667,0.4016043712286758,0.16346185180213818,0.5705548858080504,,large
context,3,cellular_clearance,memory,observed,9,79,53,0.3522898780840803,0.49965428329676675,0.8048043997866312,0.3854147973901863,0.17795815533490497,0.5774320206282231,,large
context,3,cellular_clearance,previous_delta,observed,0,79,53,-0.11425307168391274,0.6553468151728593,1.0555818640370405,0.5008991254861517,0.2180043870276232,0.5928212635265077,,large
context,3,cellular_clearance,previous_delta,observed,1,79,53,-0.11425307168391274,0.6553468151728593,1.0555818640370405,0.5008991254861517,0.2180043870276232,0.5928212635265077,,large
context,3,cellular_clearance,previous_delta,observed,2,79,53,-0.11425307168391274,0.6553468151728593,1.0555818640370405,0.5008991254861517,0.2180043870276232,0.5928212635265077,,large
context,3,cellular_clearance,previous_delta,observed,4,79,53,-0.11425307168391274,0.6553468151728593,1.0555818640370405,0.5008991254861517,0.2180043870276232,0.5928212635265077,,large
context,3,cellular_clearance,previous_delta,observed,9,79,53,-0.11425307168391274,0.6553468151728593,1.0555818640370405,0.5008991254861517,0.2180043870276232,0.5928212635265077,,large
context,3,cellular_clearance,previous_delta_anchor,observed,0,79,53,-0.11425307168391274,0.6553468151728593,1.0555818640370405,0.5008991254861517,0.2180043870276232,0.5928212635265077,,large
context,3,cellular_clearance,previous_delta_anchor,observed,1,79,53,0.1676304978761547,0.5664183999983307,0.9123428643464283,0.4371783649175273,0.2207003471060918,0.5931517839203193,,large
context,3,cellular_clearance,previous_delta_anchor,observed,2,79,53,0.26908073764588003,0.5307792993643052,0.8549381628832111,0.4094734355150694,0.21815653711991728,0.5931236545251012,,large
context,3,cellular_clearance,previous_delta_anchor,observed,4,79,53,0.3300108951969981,0.5081748216209839,0.8185286218593715,0.3942320857932416,0.22150981065227113,0.5940961279026378,,large
context,3,cellular_clearance,previous_delta_anchor,observed,9,79,53,0.37755380798885585,0.48981285671289176,0.7889525917386571,0.37996449001709887,0.21815063636938306,0.5927202990901002,,large
context,3,cellular_clearance,previous_gp,expected,0,79,53,-1.4484545259600536,0.9714608305017771,1.564753822797712,0.7580075683169168,0.1270169519803391,0.5582250495134763,,large
context,3,cellular_clearance,previous_gp,expected,1,79,53,-1.4484545259600536,0.9714608305017771,1.564753822797712,0.7580075683169168,0.1270169519803391,0.5582250495134763,,large
context,3,cellular_clearance,previous_gp,expected,2,79,53,-1.4484545259600536,0.9714608305017771,1.564753822797712,0.7580075683169168,0.1270169519803391,0.5582250495134763,,large
context,3,cellular_clearance,previous_gp,expected,4,79,53,-1.4484545259600536,0.9714608305017771,1.564753822797712,0.7580075683169168,0.1270169519803391,0.5582250495134763,,large
context,3,cellular_clearance,previous_gp,expected,9,79,53,-1.4484545259600536,0.9714608305017771,1.564753822797712,0.7580075683169168,0.1270169519803391,0.5582250495134763,,large
context,3,cellular_clearance,previous_gp,observed,0,79,53,-1.4484545259600536,0.9714608305017771,1.564753822797712,0.7580075683169168,0.1270169519803391,0.5582250495134763,,large
context,3,cellular_clearance,previous_gp,observed,1,79,53,-0.7167985684537115,0.8134651360893558,1.310266602052312,0.630699093783762,0.14737797731155058,0.5669346135078503,,large
context,3,cellular_clearance,previous_gp,observed,2,79,53,-0.44779973082189795,0.7470222182612812,1.203245498982605,0.5782111944646443,0.1677414771607067,0.5751860702086743,,large
context,3,cellular_clearance,previous_gp,observed,4,79,53,-0.20037578997751515,0.6802019725856194,1.095616625456877,0.5227833843526146,0.19586493975597122,0.5869476735842014,,large
context,3,cellular_clearance,previous_gp,observed,9,79,53,0.06884905580331513,0.5990862020759264,0.9649616283545605,0.455812866541786,0.2525543050744016,0.6125032291397571,,large
context,3,cellular_clearance,residual_memory,expected,0,79,53,0.011626248714414422,0.6172198353366302,0.9941698804960778,0.47080381927610937,0.24896947475361428,0.6076680587846953,,large
context,3,cellular_clearance,residual_memory,expected,1,79,53,0.011166399474423772,0.6173634020117583,0.9944011265709508,0.4710884768424658,0.25013171649871,0.6080849766066765,,large
context,3,cellular_clearance,residual_memory,expected,2,79,53,0.012299612639309676,0.6170095482958112,0.9938311664265165,0.47063136113092363,0.24910609890450408,0.6077340289139567,,large
context,3,cellular_clearance,residual_memory,expected,4,79,53,0.012693594464719293,0.6168864771714323,0.993632932996527,0.47051270142637713,0.24966353471142333,0.6080324014275189,,large
context,3,cellular_clearance,residual_memory,expected,9,79,53,0.013120995046955186,0.6167529390021907,0.9934178400617963,0.4703360715018043,0.24974476182132838,0.6081449190083908,,large
context,3,cellular_clearance,residual_memory,observed,0,79,53,0.011626248714414422,0.6172198353366302,0.9941698804960778,0.47080381927610937,0.24896947475361428,0.6076680587846953,,large
context,3,cellular_clearance,residual_memory,observed,1,79,53,0.19385703896938045,0.5574235411369582,0.8978546435980712,0.4223056201353858,0.2507347255115866,0.6083006353033477,,large
context,3,cellular_clearance,residual_memory,observed,2,79,53,0.3366550625828093,0.5056488016066972,0.8144599053465988,0.3821742618373175,0.24515209819336345,0.6055119741286108,,large
context,3,cellular_clearance,residual_memory,observed,4,79,53,0.42090382001081383,0.4724486614281554,0.7609836923280197,0.35783044234484057,0.2451480280399855,0.6051858070935828,,large
context,3,cellular_clearance,residual_memory,observed,9,79,53,0.4743969592745628,0.4500991650631683,0.7249848555145392,0.34100539092650395,0.25582296076515065,0.6097074399380005,,large
context,3,efflux,fnn,observed,0,54,49,0.09075349459189297,0.7155115839488783,0.9535441811516167,0.5390186704262907,0.19385486707827188,0.5818178032529884,,large
context,3,efflux,fnn,observed,1,54,49,0.09075349459189297,0.7155115839488783,0.9535441811516167,0.5390186704262907,0.19385486707827188,0.5818178032529884,,large
context,3,efflux,fnn,observed,2,54,49,0.09075349459189297,0.7155115839488783,0.9535441811516167,0.5390186704262907,0.19385486707827188,0.5818178032529884,,large
context,3,efflux,fnn,observed,4,54,49,0.09075349459189297,0.7155115839488783,0.9535441811516167,0.5390186704262907,0.19385486707827188,0.5818178032529884,,large
context,3,efflux,fnn,observed,9,54,49,0.09075349459189297,0.7155115839488783,0.9535441811516167,0.5390186704262907,0.19385486707827188,0.5818178032529884,,large
context,3,efflux,fnn_anchor,expected,0,54,49,0.09075349459189297,0.7155115839488783,0.9535441811516167,0.5390186704262907,0.19385486707827188,0.5818178032529884,,large
context,3,efflux,fnn_anchor,expected,1,54,49,0.061518893815889375,0.7269233441045643,0.9687523451244444,0.5492450653494876,0.19720212164346448,0.5840576621595142,,large
context,3,efflux,fnn_anchor,expected,2,54,49,0.05526108176027633,0.7293428876043114,0.9719768095174512,0.5510935677128073,0.1979814070242423,0.5834327846364884,,large
context,3,efflux,fnn_anchor,expected,4,54,49,0.049000302733432144,0.7317555724182725,0.9751921335134773,0.5540492171343463,0.19819078599045306,0.5836581422692534,,large
context,3,efflux,fnn_anchor,expected,9,54,49,0.046492727650722765,0.7327196758035103,0.9764769696973284,0.5552469955053594,0.19896125142451052,0.5838871742112484,,large
context,3,efflux,fnn_anchor,observed,0,54,49,0.09075349459189297,0.7155115839488783,0.9535441811516167,0.5390186704262907,0.19385486707827188,0.5818178032529884,,large
context,3,efflux,fnn_anchor,observed,1,54,49,0.28181587847165257,0.6359072090982363,0.8474574452610275,0.480377984803032,0.19720212164346448,0.5840576621595142,,large
context,3,efflux,fnn_anchor,observed,2,54,49,0.3485660174185775,0.6056351237070758,0.8071146031273517,0.4575606065528628,0.1979814070242423,0.5834327846364884,,large
context,3,efflux,fnn_anchor,observed,4,54,49,0.41319919499603097,0.5748058764900028,0.7660292455278512,0.4364320911559058,0.19819078599045306,0.5836581422692534,,large
context,3,efflux,fnn_anchor,observed,9,54,49,0.4601447567987542,0.5513336638316474,0.7347484217072165,0.4198970707901466,0.19896125142451052,0.5838871742112484,,large
context,3,efflux,fnn_ridge,expected,0,54,49,0.09075349459189297,0.7155115839488783,0.9535441811516167,0.5390186704262907,0.19385486707827188,0.5818178032529884,,large
context,3,efflux,fnn_ridge,expected,1,54,49,0.09075349459189297,0.7155115839488783,0.9535441811516167,0.5390186704262907,0.19385486707827188,0.5818178032529884,,large
context,3,efflux,fnn_ridge,expected,2,54,49,0.09075349459189297,0.7155115839488783,0.9535441811516167,0.5390186704262907,0.19385486707827188,0.5818178032529884,,large
context,3,efflux,fnn_ridge,expected,4,54,49,0.09075349459189297,0.7155115839488783,0.9535441811516167,0.5390186704262907,0.19385486707827188,0.5818178032529884,,large
context,3,efflux,fnn_ridge,expected,9,54,49,0.09075349459189297,0.7155115839488783,0.9535441811516167,0.5390186704262907,0.19385486707827188,0.5818178032529884,,large
context,3,efflux,fnn_ridge,observed,0,54,49,0.09075349459189297,0.7155115839488783,0.9535441811516167,0.5390186704262907,0.19385486707827188,0.5818178032529884,,large
context,3,efflux,fnn_ridge,observed,1,54,49,0.2970769082212227,0.6291145858225158,0.8384050881159878,0.47437020321503093,0.19441302580827916,0.5820801489320007,,large
context,3,efflux,fnn_ridge,observed,2,54,49,0.36573359390580285,0.5976015342468768,0.7964084417522187,0.4495619181810338,0.19521770260216276,0.5823870762296687,,large
context,3,efflux,fnn_ridge,observed,4,54,49,0.4344611715561586,0.5642961183787006,0.7520231568534584,0.42664038480983835,0.19538364454092066,0.5825276797961983,,large
context,3,efflux,fnn_ridge,observed,9,54,49,0.4862192035908922,0.5378544705920045,0.7167850419819792,0.4075104734982237,0.19638567296673115,0.5828404859886341,,large
context,3,efflux,gp_both,expected,0,54,49,0.14498954034023848,0.693843561798703,0.9246677563642854,0.5168617913141966,0.2576830930381387,0.6106728884969626,,large
context,3,efflux,gp_both,expected,1,54,49,0.14498954034023848,0.693843561798703,0.9246677563642854,0.5168617913141966,0.2576830930381387,0.6106728884969626,,large
context,3,efflux,gp_both,expected,2,54,49,0.14498954034023848,0.693843561798703,0.9246677563642854,0.5168617913141966,0.2576830930381387,0.6106728884969626,,large
context,3,efflux,gp_both,expected,4,54,49,0.14498954034023848,0.693843561798703,0.9246677563642854,0.5168617913141966,0.2576830930381387,0.6106728884969626,,large
context,3,efflux,gp_both,expected,9,54,49,0.14498954034023848,0.693843561798703,0.9246677563642854,0.5168617913141966,0.2576830930381387,0.6106728884969626,,large
context,3,efflux,gp_both,observed,0,54,49,0.14498954034023848,0.693843561798703,0.9246677563642854,0.5168617913141966,0.2576830930381387,0.6106728884969626,,large
context,3,efflux,gp_both,observed,1,54,49,0.347440765156272,0.6061579689007955,0.8078113856858716,0.4473459493258419,0.2551370481908543,0.6086762688614541,,large
context,3,efflux,gp_both,observed,2,54,49,0.4212284978217131,0.570859744069661,0.7607703347123144,0.41901276387265823,0.2846705401792774,0.6209660983735058,,large
context,3,efflux,gp_both,observed,4,54,49,0.4842511376788897,0.5388836267039309,0.7181565722884602,0.3957426407245668,0.3153574232133566,0.6338854595336078,,large
context,3,efflux,gp_both,observed,9,54,49,0.5581049412701315,0.49881031026487294,0.6647518775677647,0.36139198526880434,0.36390822584994004,0.6544010875955322,,large
context,3,efflux,gp_deep_kernel,expected,0,54,49,0.141160005102137,0.6953956654847437,0.9267362056690475,0.5188232641092114,0.2603745734067972,0.6089190182245737,,large
context,3,efflux,gp_deep_kernel,expected,1,54,49,0.141160005102137,0.6953956654847437,0.9267362056690475,0.5188232641092114,0.2603745734067972,0.6089190182245737,,large
context,3,efflux,gp_deep_kernel,expected,2,54,49,0.141160005102137,0.6953956654847437,0.9267362056690475,0.5188232641092114,0.2603745734067972,0.6089190182245737,,large
context,3,efflux,gp_deep_kernel,expected,4,54,49,0.141160005102137,0.6953956654847437,0.9267362056690475,0.5188232641092114,0.2603745734067972,0.6089190182245737,,large
context,3,efflux,gp_deep_kernel,expected,9,54,49,0.141160005102137,0.6953956654847437,0.9267362056690475,0.5188232641092114,0.2603745734067972,0.6089190182245737,,large
context,3,efflux,gp_deep_kernel,observed,0,54,49,0.141160005102137,0.6953956654847437,0.9267362056690475,0.5188232641092114,0.2603745734067972,0.6089190182245737,,large
context,3,efflux,gp_deep_kernel,observed,1,54,49,0.32686456827364163,0.6156403473089384,0.8204483114287934,0.45358536744241185,0.24629103628743307,0.6040189594356261,,large
context,3,efflux,gp_deep_kernel,observed,2,54,49,0.40894360800356566,0.5768864099879111,0.7688019198704139,0.42384308894492345,0.2632417866798884,0.6097163433274545,,large
context,3,efflux,gp_deep_kernel,observed,4,54,49,0.4800092644080278,0.5410951634562479,0.7211038313529975,0.3979817349671317,0.29060085965921617,0.6228929061336468,,large
context,3,efflux,gp_deep_kernel,observed,9,54,49,0.5584427431755374,0.4986196187374929,0.664497747794876,0.36298826100184617,0.3607609545287009,0.6512453458749755,,large
context,3,efflux,gp_linear,expected,0,54,49,0.15883500415905838,0.6882028151995269,0.9171504761166194,0.521537737986095,0.24335873262215652,0.6031824417009601,,large
context,3,efflux,gp_linear,expected,1,54,49,0.15883500415905838,0.6882028151995269,0.9171504761166194,0.521537737986095,0.24335873262215652,0.6031824417009601,,large
context,3,efflux,gp_linear,expected,2,54,49,0.15883500415905838,0.6882028151995269,0.9171504761166194,0.521537737986095,0.24335873262215652,0.6031824417009601,,large
context,3,efflux,gp_linear,expected,4,54,49,0.15883500415905838,0.6882028151995269,0.9171504761166194,0.521537737986095,0.24335873262215652,0.6031824417009601,,large
context,3,efflux,gp_linear,expected,9,54,49,0.15883500415905838,0.6882028151995269,0.9171504761166194,0.521537737986095,0.24335873262215652,0.6031824417009601,,large
context,3,efflux,gp_linear,observed,0,54,49,0.15883500415905838,0.6882028151995269,0.9171504761166194,0.521537737986095,0.24335873262215652,0.6031824417009601,,large
context,3,efflux,gp_linear,observed,1,54,49,0.36419526701305405,0.5983257959799361,0.7973736470356579,0.44765263194356253,0.25432285263272275,0.6072447579854988,,large
context,3,efflux,gp_linear,observed,2,54,49,0.45512636539137097,0.5538902824242626,0.7381555626076586,0.41327603614893965,0.27581697635519964,0.6163849696257103,,large
context,3,efflux,gp_linear,observed,4,54,49,0.5331062431985552,0.5127254587433625,0.6832962438075046,0.3815906182486249,0.3422888247104342,0.6429967666078776,,large
context,3,efflux,gp_linear,observed,9,54,49,0.601363871002873,0.47376631335763886,0.6313763766543115,0.34428704335056737,0.3960591181643067,0.6659491965510483,,large
context,3,efflux,gp_neural_mean,expected,0,54,49,0.12644087690109285,0.7013293285395903,0.9346438482646249,0.5319176431778978,0.2228628706907843,0.5938105036253184,,large
context,3,efflux,gp_neural_mean,expected,1,54,49,0.12644087690109285,0.7013293285395903,0.9346438482646249,0.5319176431778978,0.2228628706907843,0.5938105036253184,,large
context,3,efflux,gp_neural_mean,expected,2,54,49,0.12644087690109285,0.7013293285395903,0.9346438482646249,0.5319176431778978,0.2228628706907843,0.5938105036253184,,large
context,3,efflux,gp_neural_mean,expected,4,54,49,0.12644087690109285,0.7013293285395903,0.9346438482646249,0.5319176431778978,0.2228628706907843,0.5938105036253184,,large
context,3,efflux,gp_neural_mean,expected,9,54,49,0.12644087690109285,0.7013293285395903,0.9346438482646249,0.5319176431778978,0.2228628706907843,0.5938105036253184,,large
context,3,efflux,gp_neural_mean,observed,0,54,49,0.12644087690109285,0.7013293285395903,0.9346438482646249,0.5319176431778978,0.2228628706907843,0.5938105036253184,,large
context,3,efflux,gp_neural_mean,observed,1,54,49,0.3503605323528103,0.6048003723687491,0.8060021511430288,0.45272191192003247,0.2563275657902628,0.6100328238291203,,large
context,3,efflux,gp_neural_mean,observed,2,54,49,0.44588305151180874,0.55856866148123,0.7443903199855512,0.41823792158554546,0.27327914982155166,0.6161503037428964,,large
context,3,efflux,gp_neural_mean,observed,4,54,49,0.5226299379980403,0.5184458930314066,0.690919721821544,0.3870719672300037,0.31782547000293887,0.6351484420928865,,large
context,3,efflux,gp_neural_mean,observed,9,54,49,0.5938736881345525,0.47819652144174135,0.6372804028568958,0.35000732010633234,0.3834243667801725,0.6626119439545365,,large
context,3,efflux,memory,expected,0,54,49,0.035707586843615524,0.7368519274938395,0.9819839169540326,0.5530550892209566,0.21330790636992011,0.5879051538310797,,large
context,3,efflux,memory,expected,1,54,49,0.020206560751258262,0.7427507731089957,0.9898451592288269,0.556742805003384,0.2130577855593996,0.5878982951205173,,large
context,3,efflux,memory,expected,2,54,49,0.01758033245298285,0.7437455377478638,0.9911708568894755,0.557033018907647,0.21240857209504382,0.5873958945718205,,large
context,3,efflux,memory,expected,4,54,49,0.01789475078185576,0.743626512269138,0.9910122346460433,0.5567243116431766,0.2140468889594446,0.5881895453654713,,large
context,3,efflux,memory,expected,9,54,49,0.020047427521607486,0.7428110876231521,0.9899255388555205,0.5559658958680099,0.2125654380446599,0.5872851753870272,,large
context,3,efflux,memory,observed,0,54,49,0.035707586843615524,0.7368519274938395,0.9819839169540326,0.5530550892209566,0.21330790636992011,0.5879051538310797,,large
context,3,efflux,memory,observed,1,54,49,0.25019125420455834,0.6497571988222459,0.8659149760775833,0.48738057344232083,0.21299605718641368,0.5878365667254555,,large
context,3,efflux,memory,observed,2,54,49,0.3311603638233436,0.6136727655504819,0.8178261650110349,0.4562856563373849,0.2156525718876057,0.5883737507348619,,large
context,3,efflux,memory,observed,4,54,49,0.40267343758436225,0.579938262210781,0.7728690460974859,0.43203795622528324,0.2212835047463024,0.591732314324907,,large
context,3,efflux,memory,observed,9,54,49,0.45621394979979335,0.5533372153453532,0.7374185041075432,0.41455915320618647,0.2222083575080758,0.5922506368802664,,large
context,3,efflux,previous_delta,observed,0,54,49,-0.009370174201444925,0.7538780231265269,1.0046741631999128,0.5592751515062179,0.13021593362652928,0.554698706643151,,large
context,3,efflux,previous_delta,observed,1,54,49,-0.009370174201444925,0.7538780231265269,1.0046741631999128,0.5592751515062179,0.13021593362652928,0.554698706643151,,large
context,3,efflux,previous_delta,observed,2,54,49,-0.009370174201444925,0.7538780231265269,1.0046741631999128,0.5592751515062179,0.13021593362652928,0.554698706643151,,large
context,3,efflux,previous_delta,observed,4,54,49,-0.009370174201444925,0.7538780231265269,1.0046741631999128,0.5592751515062179,0.13021593362652928,0.554698706643151,,large
context,3,efflux,previous_delta,observed,9,54,49,-0.009370174201444925,0.7538780231265269,1.0046741631999128,0.5592751515062179,0.13021593362652928,0.554698706643151,,large
context,3,efflux,previous_delta_anchor,observed,0,54,49,-0.009370174201444925,0.7538780231265269,1.0046741631999128,0.5592751515062179,0.13021593362652928,0.554698706643151,,large
context,3,efflux,previous_delta_anchor,observed,1,54,49,0.2003170142261742,0.6710189378141538,0.894249957100265,0.5048966120092226,0.14358884114630904,0.560352733686067,,large
context,3,efflux,previous_delta_anchor,observed,2,54,49,0.28089870963339103,0.6363131277630834,0.8479984023372974,0.4782633527161369,0.14302795132962465,0.5605033803644914,,large
context,3,efflux,previous_delta_anchor,observed,4,54,49,0.35004254276102786,0.6049483753204978,0.8061993904977677,0.45639559886764236,0.14053091545431437,0.5591718106995885,,large
context,3,efflux,previous_delta_anchor,observed,9,54,49,0.40453642193470984,0.579033180017685,0.7716628655477016,0.43608431870034386,0.14373316905072067,0.5606606407995296,,large
context,3,efflux,previous_gp,expected,0,54,49,-0.9043955374857642,1.0355103088253201,1.379998383146069,0.8039962745187361,0.16754570019648346,0.571876102292769,,large
context,3,efflux,previous_gp,expected,1,54,49,-0.9043955374857642,1.0355103088253201,1.379998383146069,0.8039962745187361,0.16754570019648346,0.571876102292769,,large
context,3,efflux,previous_gp,expected,2,54,49,-0.9043955374857642,1.0355103088253201,1.379998383146069,0.8039962745187361,0.16754570019648346,0.571876102292769,,large
context,3,efflux,previous_gp,expected,4,54,49,-0.9043955374857642,1.0355103088253201,1.379998383146069,0.8039962745187361,0.16754570019648346,0.571876102292769,,large
context,3,efflux,previous_gp,expected,9,54,49,-0.9043955374857642,1.0355103088253201,1.379998383146069,0.8039962745187361,0.16754570019648346,0.571876102292769,,large
context,3,efflux,previous_gp,observed,0,54,49,-0.9043955374857642,1.0355103088253201,1.379998383146069,0.8039962745187361,0.16754570019648346,0.571876102292769,,large
context,3,efflux,previous_gp,observed,1,54,49,-0.38028513874163616,0.8815770084466239,1.1748553692866353,0.6817877742569288,0.2019734383435347,0.5831870958259847,,large
context,3,efflux,previous_gp,observed,2,54,49,-0.16186777245036676,0.8088243213006767,1.0778997042630483,0.6214020799188994,0.22293530632775962,0.5921061140505585,,large
context,3,efflux,previous_gp,observed,4,54,49,0.013309776374072935,0.7453603077270035,0.9933228194428673,0.5737979777817812,0.2469889707031562,0.6015013227513227,,large
context,3,efflux,previous_gp,observed,9,54,49,0.1946639873207282,0.6733865059621361,0.897405155255569,0.5094825491418083,0.29744217045012084,0.6250977366255144,,large
context,3,efflux,residual_memory,expected,0,54,49,0.05020758010280879,0.731290949507,0.9745729423173984,0.5498195647420707,0.17243049909579164,0.5739099549284733,,large
context,3,efflux,residual_memory,expected,1,54,49,0.03641310538795961,0.736582321606887,0.9816246200111529,0.5534981355770133,0.17309347531401814,0.5743283362727808,,large
context,3,efflux,residual_memory,expected,2,54,49,0.037309675512540275,0.7362395650812799,0.9811678370632925,0.5531964328222805,0.17350192611784113,0.574465510484029,,large
context,3,efflux,residual_memory,expected,4,54,49,0.03806456641280764,0.7359508483828087,0.9807830716255213,0.5529148684865164,0.1735636545920078,0.574465510484029,,large
context,3,efflux,residual_memory,expected,9,54,49,0.039513019824330975,0.7353965533301834,0.9800443766359098,0.5524929391344389,0.173256616147212,0.574348912404468,,large
context,3,efflux,residual_memory,observed,0,54,49,0.05020758010280879,0.731290949507,0.9745729423173984,0.5498195647420707,0.17243049909579164,0.5739099549284733,,large
context,3,efflux,residual_memory,observed,1,54,49,0.19221271452673028,0.6744105501244368,0.8987698734788955,0.5056912564237912,0.17226662630744188,0.5739844209288654,,large
context,3,efflux,residual_memory,observed,2,54,49,0.3421304939558659,0.6086193096355559,0.8110915521962574,0.45609875697228647,0.17603095390454482,0.5750335586909661,,large
context,3,efflux,residual_memory,observed,4,54,49,0.4198877623049496,0.5715205654767055,0.7616509946786982,0.43064719737863827,0.18137346597871296,0.5765699098569469,,large
context,3,efflux,residual_memory,observed,9,54,49,0.47797912455319613,0.5421504022170449,0.7225101213455793,0.4106891280982965,0.18261809963273049,0.5776050852439741,,large
context,3,in_vivo_clearance,fnn,observed,0,20,16,-0.09596177449149645,0.5869623587038715,1.0468819295849443,0.45929069257775945,-0.012271731495857243,0.49355555555555564,,large
context,3,in_vivo_clearance,fnn,observed,1,20,16,-0.09596177449149645,0.5869623587038715,1.0468819295849443,0.45929069257775945,-0.012271731495857243,0.49355555555555564,,large
context,3,in_vivo_clearance,fnn,observed,2,20,16,-0.09596177449149645,0.5869623587038715,1.0468819295849443,0.45929069257775945,-0.012271731495857243,0.49355555555555564,,large
context,3,in_vivo_clearance,fnn,observed,4,20,16,-0.09596177449149645,0.5869623587038715,1.0468819295849443,0.45929069257775945,-0.012271731495857243,0.49355555555555564,,large
context,3,in_vivo_clearance,fnn,observed,9,20,16,-0.09596177449149645,0.5869623587038715,1.0468819295849443,0.45929069257775945,-0.012271731495857243,0.49355555555555564,,large
context,3,in_vivo_clearance,fnn_anchor,expected,0,20,16,-0.09596177449149645,0.5869623587038715,1.0468819295849443,0.45929069257775945,-0.012271731495857243,0.49355555555555564,,large
context,3,in_vivo_clearance,fnn_anchor,expected,1,20,16,-0.14505431033099847,0.5999645510181656,1.0700721052017936,0.4694835433463256,-0.015306368904809168,0.49131481481481487,,large
context,3,in_vivo_clearance,fnn_anchor,expected,2,20,16,-0.16740823876744937,0.6057925454118042,1.08046667637991,0.4744089146455129,-0.01678039049108823,0.49037037037037035,,large
context,3,in_vivo_clearance,fnn_anchor,expected,4,20,16,-0.1869975635502248,0.6108540555986475,1.0894941778413618,0.4785366545418898,-0.012528225556015956,0.49218518518518506,,large
context,3,in_vivo_clearance,fnn_anchor,expected,9,20,16,-0.20080222248933244,0.6143958723803414,1.0958112166287277,0.4815812231302262,-0.01787887774407864,0.48896296296296293,,large
context,3,in_vivo_clearance,fnn_anchor,observed,0,20,16,-0.09596177449149645,0.5869623587038715,1.0468819295849443,0.45929069257775945,-0.012271731495857243,0.49355555555555564,,large
context,3,in_vivo_clearance,fnn_anchor,observed,1,20,16,0.18508173327984923,0.5061387337556157,0.9027282352514242,0.3965609651009242,-0.015306368904809168,0.49131481481481487,,large
context,3,in_vivo_clearance,fnn_anchor,observed,2,20,16,0.2502534088383085,0.48547827235233354,0.8658790857629555,0.3814429474771022,-0.01678039049108823,0.49037037037037035,,large
context,3,in_vivo_clearance,fnn_anchor,observed,4,20,16,0.34680294088794894,0.45314235587903867,0.808206074656737,0.35619424113631243,-0.012528225556015956,0.49218518518518506,,large
context,3,in_vivo_clearance,fnn_anchor,observed,9,20,16,0.4020722992166843,0.43354769818006733,0.7732578488339551,0.3418838521242142,-0.01787887774407864,0.48896296296296293,,large
context,3,in_vivo_clearance,fnn_ridge,expected,0,20,16,-0.09596177449149645,0.5869623587038715,1.0468819295849443,0.45929069257775945,-0.012271731495857243,0.49355555555555564,,large
context,3,in_vivo_clearance,fnn_ridge,expected,1,20,16,-0.09596177449149645,0.5869623587038715,1.0468819295849443,0.45929069257775945,-0.012271731495857243,0.49355555555555564,,large
context,3,in_vivo_clearance,fnn_ridge,expected,2,20,16,-0.09596177449149645,0.5869623587038715,1.0468819295849443,0.45929069257775945,-0.012271731495857243,0.49355555555555564,,large
context,3,in_vivo_clearance,fnn_ridge,expected,4,20,16,-0.09596177449149645,0.5869623587038715,1.0468819295849443,0.45929069257775945,-0.012271731495857243,0.49355555555555564,,large
context,3,in_vivo_clearance,fnn_ridge,expected,9,20,16,-0.09596177449149645,0.5869623587038715,1.0468819295849443,0.45929069257775945,-0.012271731495857243,0.49355555555555564,,large
context,3,in_vivo_clearance,fnn_ridge,observed,0,20,16,-0.09596177449149645,0.5869623587038715,1.0468819295849443,0.45929069257775945,-0.012271731495857243,0.49355555555555564,,large
context,3,in_vivo_clearance,fnn_ridge,observed,1,20,16,0.21409303927282142,0.4970477537695786,0.8865139371308149,0.38878449304898577,-0.012681903578341017,0.4934074074074074,,large
context,3,in_vivo_clearance,fnn_ridge,observed,2,20,16,0.287863142575691,0.47314502691630717,0.8438820162939301,0.3706758561929067,-0.012681903590758645,0.49357407407407405,,large
context,3,in_vivo_clearance,fnn_ridge,observed,4,20,16,0.38662336276854137,0.43911286684836515,0.7831836548546316,0.3435800885955492,-0.014015236968795466,0.4929074074074074,,large
context,3,in_vivo_clearance,fnn_ridge,observed,9,20,16,0.44016738194714555,0.4195093522492827,0.7482196322289696,0.3301940375566483,-0.013015236879388497,0.4932407407407407,,large
context,3,in_vivo_clearance,gp_both,expected,0,20,16,-0.04478488679992432,0.5730941676892883,1.0221471942924485,0.44422918818263274,0.05966885928855349,0.5218148148148147,,large
context,3,in_vivo_clearance,gp_both,expected,1,20,16,-0.04478488679992432,0.5730941676892883,1.0221471942924485,0.44422918818263274,0.05966885928855349,0.5218148148148147,,large
context,3,in_vivo_clearance,gp_both,expected,2,20,16,-0.04478488679992432,0.5730941676892883,1.0221471942924485,0.44422918818263274,0.05966885928855349,0.5218148148148147,,large
context,3,in_vivo_clearance,gp_both,expected,4,20,16,-0.04478488679992432,0.5730941676892883,1.0221471942924485,0.44422918818263274,0.05966885928855349,0.5218148148148147,,large
context,3,in_vivo_clearance,gp_both,expected,9,20,16,-0.04478488679992432,0.5730941676892883,1.0221471942924485,0.44422918818263274,0.05966885928855349,0.5218148148148147,,large
context,3,in_vivo_clearance,gp_both,observed,0,20,16,-0.04478488679992432,0.5730941676892883,1.0221471942924485,0.44422918818263274,0.05966885928855349,0.5218148148148147,,large
context,3,in_vivo_clearance,gp_both,observed,1,20,16,0.23819472908945805,0.48936683625407223,0.8728145684568641,0.3801657781049684,0.10858232030002915,0.544148148148148,,large
context,3,in_vivo_clearance,gp_both,observed,2,20,16,0.3259709209875358,0.46031154181563305,0.8209927399267696,0.35541329561979795,0.16163104358979535,0.5645,,large
context,3,in_vivo_clearance,gp_both,observed,4,20,16,0.38971298082746775,0.4380055506314674,0.7812086911783126,0.3367448118995954,0.22051742993824236,0.5876851851851851,,large
context,3,in_vivo_clearance,gp_both,observed,9,20,16,0.4799126377346258,0.40434371623530696,0.7211708273809848,0.3083061178950274,0.2546700111179231,0.6027777777777777,,large
context,3,in_vivo_clearance,gp_deep_kernel,expected,0,20,16,-0.040252270023539705,0.5718496819938425,1.0199275807740174,0.44208038452289145,-0.02146103247187229,0.48909259259259263,,large
context,3,in_vivo_clearance,gp_deep_kernel,expected,1,20,16,-0.040252270023539705,0.5718496819938425,1.0199275807740174,0.44208038452289145,-0.02146103247187229,0.48909259259259263,,large
context,3,in_vivo_clearance,gp_deep_kernel,expected,2,20,16,-0.040252270023539705,0.5718496819938425,1.0199275807740174,0.44208038452289145,-0.02146103247187229,0.48909259259259263,,large
context,3,in_vivo_clearance,gp_deep_kernel,expected,4,20,16,-0.040252270023539705,0.5718496819938425,1.0199275807740174,0.44208038452289145,-0.02146103247187229,0.48909259259259263,,large
context,3,in_vivo_clearance,gp_deep_kernel,expected,9,20,16,-0.040252270023539705,0.5718496819938425,1.0199275807740174,0.44208038452289145,-0.02146103247187229,0.48909259259259263,,large
context,3,in_vivo_clearance,gp_deep_kernel,observed,0,20,16,-0.040252270023539705,0.5718496819938425,1.0199275807740174,0.44208038452289145,-0.02146103247187229,0.48909259259259263,,large
context,3,in_vivo_clearance,gp_deep_kernel,observed,1,20,16,0.21844799528052228,0.4956686922155736,0.8840542996442456,0.38378520239452596,0.03920459340227713,0.5172407407407407,,large
context,3,in_vivo_clearance,gp_deep_kernel,observed,2,20,16,0.31293423309487445,0.4647417649851334,0.8288943038199295,0.35704013080068925,0.12229984735992268,0.5521851851851852,,large
context,3,in_vivo_clearance,gp_deep_kernel,observed,4,20,16,0.3853888735097605,0.4395545266781495,0.7839713811678584,0.3347278697711989,0.18418300029396564,0.5750925925925925,,large
context,3,in_vivo_clearance,gp_deep_kernel,observed,9,20,16,0.49169747630861915,0.39973638518229193,0.7129533811487122,0.30281905355237887,0.26062890648633463,0.6073148148148149,,large
context,3,in_vivo_clearance,gp_linear,expected,0,20,16,-0.03597604011275468,0.5706731025053834,1.0178290819743532,0.44406727706395815,-0.026843089094971795,0.48668518518518517,,large
context,3,in_vivo_clearance,gp_linear,expected,1,20,16,-0.03597604011275468,0.5706731025053834,1.0178290819743532,0.44406727706395815,-0.026843089094971795,0.48668518518518517,,large
context,3,in_vivo_clearance,gp_linear,expected,2,20,16,-0.03597604011275468,0.5706731025053834,1.0178290819743532,0.44406727706395815,-0.026843089094971795,0.48668518518518517,,large
context,3,in_vivo_clearance,gp_linear,expected,4,20,16,-0.03597604011275468,0.5706731025053834,1.0178290819743532,0.44406727706395815,-0.026843089094971795,0.48668518518518517,,large
context,3,in_vivo_clearance,gp_linear,expected,9,20,16,-0.03597604011275468,0.5706731025053834,1.0178290819743532,0.44406727706395815,-0.026843089094971795,0.48668518518518517,,large
context,3,in_vivo_clearance,gp_linear,observed,0,20,16,-0.03597604011275468,0.5706731025053834,1.0178290819743532,0.44406727706395815,-0.026843089094971795,0.48668518518518517,,large
context,3,in_vivo_clearance,gp_linear,observed,1,20,16,0.23310206148857604,0.4909998201221635,0.8757270913426305,0.3791368350021151,0.03287663058680859,0.5137222222222222,,large
context,3,in_vivo_clearance,gp_linear,observed,2,20,16,0.34875473266342916,0.45246484119229174,0.8069976873179816,0.3475951570314024,0.10696755481910661,0.5404444444444445,,large
context,3,in_vivo_clearance,gp_linear,observed,4,20,16,0.43536639406012545,0.4213043170745265,0.7514210576899443,0.32445433909378696,0.16939400500662483,0.5697222222222222,,large
context,3,in_vivo_clearance,gp_linear,observed,9,20,16,0.5321647358449698,0.3834943988066604,0.6839848420506336,0.2918110220287367,0.2644698029594196,0.6050185185185186,,large
context,3,in_vivo_clearance,gp_neural_mean,expected,0,20,16,-0.11310414106838484,0.5915350013206754,1.055037506948632,0.4584107928400146,0.05810824313368816,0.5240555555555554,,large
context,3,in_vivo_clearance,gp_neural_mean,expected,1,20,16,-0.11310414106838484,0.5915350013206754,1.055037506948632,0.4584107928400146,0.05810824313368816,0.5240555555555554,,large
context,3,in_vivo_clearance,gp_neural_mean,expected,2,20,16,-0.11310414106838484,0.5915350013206754,1.055037506948632,0.4584107928400146,0.05810824313368816,0.5240555555555554,,large
context,3,in_vivo_clearance,gp_neural_mean,expected,4,20,16,-0.11310414106838484,0.5915350013206754,1.055037506948632,0.4584107928400146,0.05810824313368816,0.5240555555555554,,large
context,3,in_vivo_clearance,gp_neural_mean,expected,9,20,16,-0.11310414106838484,0.5915350013206754,1.055037506948632,0.4584107928400146,0.05810824313368816,0.5240555555555554,,large
context,3,in_vivo_clearance,gp_neural_mean,observed,0,20,16,-0.11310414106838484,0.5915350013206754,1.055037506948632,0.4584107928400146,0.05810824313368816,0.5240555555555554,,large
context,3,in_vivo_clearance,gp_neural_mean,observed,1,20,16,0.24037577418371558,0.4886658065980025,0.8715642407856603,0.37868814065457534,0.11344267277796487,0.5473148148148147,,large
context,3,in_vivo_clearance,gp_neural_mean,observed,2,20,16,0.3534722716315928,0.45082306332344046,0.8040694798140315,0.3453215125317489,0.16867861505019197,0.5688888888888889,,large
context,3,in_vivo_clearance,gp_neural_mean,observed,4,20,16,0.45571246276330846,0.4136440131303082,0.7377584545342002,0.31722820190980283,0.24863970304049038,0.6038888888888889,,large
context,3,in_vivo_clearance,gp_neural_mean,observed,9,20,16,0.5478192246856919,0.37702365118969283,0.67244388265067,0.2865577140646873,0.3146851929158524,0.630962962962963,,large
context,3,in_vivo_clearance,memory,expected,0,20,16,-0.03622134305967073,0.5707406617454625,1.0179495778572094,0.43823985026280077,0.021974075933297494,0.5097037037037035,,large
context,3,in_vivo_clearance,memory,expected,1,20,16,-0.06125780012691662,0.5775944286665121,1.0301736747398065,0.44515478036801015,0.02773166724791131,0.5107592592592592,,large
context,3,in_vivo_clearance,memory,expected,2,20,16,-0.059470226647327706,0.5771077761163815,1.0293057012604796,0.44452678551276537,0.02975654942293962,0.5134074074074074,,large
context,3,in_vivo_clearance,memory,expected,4,20,16,-0.05985633971687121,0.5772129270451499,1.0294932441336715,0.4447842823565006,0.03678252827376127,0.5127592592592591,,large
context,3,in_vivo_clearance,memory,expected,9,20,16,-0.06112215157889156,0.5775575138144423,1.0301078349274368,0.4448491672575473,0.026037926326195403,0.5101666666666667,,large
context,3,in_vivo_clearance,memory,observed,0,20,16,-0.03622134305967073,0.5707406617454625,1.0179495778572094,0.43823985026280077,0.021974075933297494,0.5097037037037035,,large
context,3,in_vivo_clearance,memory,observed,1,20,16,0.19478827294442558,0.5031153797553805,0.8973359053640807,0.39541227653622624,0.02700981029619775,0.5123703703703704,,large
context,3,in_vivo_clearance,memory,observed,2,20,16,0.2544488835232216,0.4841180332707981,0.8634530192643827,0.3782909789979457,-0.004756494822601478,0.5000185185185184,,large
context,3,in_vivo_clearance,memory,observed,4,20,16,0.32820026342319253,0.4595496741001624,0.8196339039942208,0.3579846820632616,0.0278744932760795,0.5119814814814815,,large
context,3,in_vivo_clearance,memory,observed,9,20,16,0.37916435487468825,0.441774729652338,0.7879312439073042,0.3442451450427373,0.06732472855597735,0.5277777777777777,,large
context,3,in_vivo_clearance,previous_delta,observed,0,20,16,-0.22982776894546486,0.6217770619094205,1.1089760001665794,0.465885171751317,0.045691548707808394,0.518,,large
context,3,in_vivo_clearance,previous_delta,observed,1,20,16,-0.22982776894546486,0.6217770619094205,1.1089760001665794,0.465885171751317,0.045691548707808394,0.518,,large
context,3,in_vivo_clearance,previous_delta,observed,2,20,16,-0.22982776894546486,0.6217770619094205,1.1089760001665794,0.465885171751317,0.045691548707808394,0.518,,large
context,3,in_vivo_clearance,previous_delta,observed,4,20,16,-0.22982776894546486,0.6217770619094205,1.1089760001665794,0.465885171751317,0.045691548707808394,0.518,,large
context,3,in_vivo_clearance,previous_delta,observed,9,20,16,-0.22982776894546486,0.6217770619094205,1.1089760001665794,0.465885171751317,0.045691548707808394,0.518,,large
context,3,in_vivo_clearance,previous_delta_anchor,observed,0,20,16,-0.22982776894546486,0.6217770619094205,1.1089760001665794,0.465885171751317,0.045691548707808394,0.518,,large
context,3,in_vivo_clearance,previous_delta_anchor,observed,1,20,16,0.03216416053618676,0.5515862086991768,0.983786480626672,0.4171902168048245,0.0325876352994678,0.5128333333333333,,large
context,3,in_vivo_clearance,previous_delta_anchor,observed,2,20,16,0.1433546563375946,0.5189351375768656,0.9255513727840315,0.3948199226839167,0.043357119063531645,0.5163333333333332,,large
context,3,in_vivo_clearance,previous_delta_anchor,observed,4,20,16,0.25889522273937327,0.4826722770933473,0.8608744259534179,0.3658261434389488,0.042048667771340045,0.5162777777777778,,large
context,3,in_vivo_clearance,previous_delta_anchor,observed,9,20,16,0.3212667106736319,0.46191506216423006,0.8238527109419305,0.35357525750142527,0.03735711906353165,0.5148333333333334,,large
context,3,in_vivo_clearance,previous_gp,expected,0,20,16,-2.48139652182768,1.0461387628438317,1.8658500802121483,0.8044599154558197,-0.03093193174223529,0.4882222222222222,,large
context,3,in_vivo_clearance,previous_gp,expected,1,20,16,-2.48139652182768,1.0461387628438317,1.8658500802121483,0.8044599154558197,-0.03093193174223529,0.4882222222222222,,large
context,3,in_vivo_clearance,previous_gp,expected,2,20,16,-2.48139652182768,1.0461387628438317,1.8658500802121483,0.8044599154558197,-0.03093193174223529,0.4882222222222222,,large
context,3,in_vivo_clearance,previous_gp,expected,4,20,16,-2.48139652182768,1.0461387628438317,1.8658500802121483,0.8044599154558197,-0.03093193174223529,0.4882222222222222,,large
context,3,in_vivo_clearance,previous_gp,expected,9,20,16,-2.48139652182768,1.0461387628438317,1.8658500802121483,0.8044599154558197,-0.03093193174223529,0.4882222222222222,,large
context,3,in_vivo_clearance,previous_gp,observed,0,20,16,-2.48139652182768,1.0461387628438317,1.8658500802121483,0.8044599154558197,-0.03093193174223529,0.4882222222222222,,large
context,3,in_vivo_clearance,previous_gp,observed,1,20,16,-1.3093477578091943,0.8520345727284012,1.5196538282810315,0.6608840898332733,-0.012714404682341723,0.49427777777777776,,large
context,3,in_vivo_clearance,previous_gp,observed,2,20,16,-0.9771077311666598,0.7883656912756942,1.406096629384574,0.5998752522175634,0.004233638613487969,0.5042222222222222,,large
context,3,in_vivo_clearance,previous_gp,observed,4,20,16,-0.5616292958289535,0.7006506394552217,1.2496516697980096,0.5288480915302721,0.029480432958296936,0.5152222222222222,,large
context,3,in_vivo_clearance,previous_gp,observed,9,20,16,-0.22103032864902783,0.6195491629259341,1.1050024111507757,0.4690706308316502,0.11506165694738262,0.5486666666666667,,large
context,3,in_vivo_clearance,residual_memory,expected,0,20,16,-0.12900902944767578,0.5957461651997,1.062548365698087,0.465199470927318,-0.04036479191233714,0.4793333333333333,,large
context,3,in_vivo_clearance,residual_memory,expected,1,20,16,-0.12959899529249497,0.595901799024213,1.0628259477884867,0.4650422746141752,-0.04076630460719268,0.48001851851851846,,large
context,3,in_vivo_clearance,residual_memory,expected,2,20,16,-0.12951712753012257,0.5958802046216676,1.0627874328999767,0.46495618780453996,-0.04076630460719268,0.48001851851851846,,large
context,3,in_vivo_clearance,residual_memory,expected,4,20,16,-0.12922324092688187,0.5958026791917339,1.0626491617306635,0.4648412147164344,-0.04076630460719268,0.48001851851851846,,large
context,3,in_vivo_clearance,residual_memory,expected,9,20,16,-0.1289859672771867,0.5957400805407492,1.0625375133505577,0.4647649813095729,-0.04068946585059167,0.4801018518518518,,large
context,3,in_vivo_clearance,residual_memory,observed,0,20,16,-0.12900902944767578,0.5957461651997,1.062548365698087,0.465199470927318,-0.04036479191233714,0.4793333333333333,,large
context,3,in_vivo_clearance,residual_memory,observed,1,20,16,0.18705866049116282,0.5055244347164963,0.9016325967426184,0.3981237769126892,-0.04093297126392522,0.47951851851851846,,large
context,3,in_vivo_clearance,residual_memory,observed,2,20,16,0.2762414658129777,0.47699013451747324,0.850739992116876,0.3749050455192725,-0.030304176732897748,0.4865555555555555,,large
context,3,in_vivo_clearance,residual_memory,observed,4,20,16,0.34113588519113336,0.45510381382704196,0.8117044504059754,0.3566024527351061,-0.03458341608444849,0.48385185185185187,,large
context,3,in_vivo_clearance,residual_memory,observed,9,20,16,0.385337774622296,0.43957279862238935,0.7840039702563399,0.3432057697375615,-0.021086649112403384,0.4906574074074075,,large
context,3,microsomal_clearance,fnn,observed,0,311,183,0.056511264435725406,0.6267408419885466,0.9713334831891026,0.47014068425180827,0.27114657930776664,0.6175023752206611,,large
context,3,microsomal_clearance,fnn,observed,1,311,183,0.056511264438794284,0.6267408419875273,0.9713334831875229,0.47014068424669747,0.27114657930776664,0.6175023752206611,,large
context,3,microsomal_clearance,fnn,observed,2,311,183,0.056511264438794284,0.6267408419875273,0.9713334831875229,0.47014068424669747,0.27114657930776664,0.6175023752206611,,large
context,3,microsomal_clearance,fnn,observed,4,311,183,0.056511264438794284,0.6267408419875273,0.9713334831875229,0.47014068424669747,0.27114657930776664,0.6175023752206611,,large
context,3,microsomal_clearance,fnn,observed,9,311,183,0.056511264438794284,0.6267408419875273,0.9713334831875229,0.47014068424669747,0.27114657930776664,0.6175023752206611,,large
context,3,microsomal_clearance,fnn_anchor,expected,0,311,183,0.056511264435725406,0.6267408419885466,0.9713334831891026,0.47014068425180827,0.27114657930776664,0.6175023752206611,,large
context,3,microsomal_clearance,fnn_anchor,expected,1,311,183,0.02522498157009867,0.6370475242668167,0.9873069524873718,0.48010330319708056,0.2735955398026547,0.6185265454580069,,large
context,3,microsomal_clearance,fnn_anchor,expected,2,311,183,0.01539154812493293,0.6402526972196011,0.9922743833613096,0.4831404502496586,0.2728045993484382,0.6181725472829758,,large
context,3,microsomal_clearance,fnn_anchor,expected,4,311,183,0.007741800652867337,0.6427350520680808,0.9961215785972778,0.48531031308529976,0.27362775392972977,0.6187793372579075,,large
context,3,microsomal_clearance,fnn_anchor,expected,9,311,183,0.0018929868275663342,0.6446265528238823,0.9990530582368654,0.4872098915791587,0.2739217442040305,0.6189425002167117,,large
context,3,microsomal_clearance,fnn_anchor,observed,0,311,183,0.056511264435725406,0.6267408419885466,0.9713334831891026,0.47014068425180827,0.27114657930776664,0.6175023752206611,,large
context,3,microsomal_clearance,fnn_anchor,observed,1,311,183,0.29045461276073925,0.5435127388313693,0.842345171078496,0.4113088862027769,0.2736292311907614,0.618544919367056,,large
context,3,microsomal_clearance,fnn_anchor,observed,2,311,183,0.37458844092347676,0.5102729996470317,0.790829665020555,0.38657028745799965,0.2727828846728137,0.6181618291693638,,large
context,3,microsomal_clearance,fnn_anchor,observed,4,311,183,0.43671049310220056,0.4842676603255013,0.7505261533736179,0.3664411068387481,0.2736299109343018,0.6187846963147134,,large
context,3,microsomal_clearance,fnn_anchor,observed,9,311,183,0.4844445552316371,0.4632946934974655,0.7180218971371018,0.35134050876413253,0.2739242501545085,0.6189371411599057,,large
context,3,microsomal_clearance,fnn_ridge,expected,0,311,183,0.056511264435725406,0.6267408419885466,0.9713334831891026,0.47014068425180827,0.27114657930776664,0.6175023752206611,,large
context,3,microsomal_clearance,fnn_ridge,expected,1,311,183,0.056511264438794284,0.6267408419875273,0.9713334831875229,0.47014068424669747,0.27114657930776664,0.6175023752206611,,large
context,3,microsomal_clearance,fnn_ridge,expected,2,311,183,0.056511264438794284,0.6267408419875273,0.9713334831875229,0.47014068424669747,0.27114657930776664,0.6175023752206611,,large
context,3,microsomal_clearance,fnn_ridge,expected,4,311,183,0.056511264438794284,0.6267408419875273,0.9713334831875229,0.47014068424669747,0.27114657930776664,0.6175023752206611,,large
context,3,microsomal_clearance,fnn_ridge,expected,9,311,183,0.056511264438794284,0.6267408419875273,0.9713334831875229,0.47014068424669747,0.27114657930776664,0.6175023752206611,,large
context,3,microsomal_clearance,fnn_ridge,observed,0,311,183,0.056511264435725406,0.6267408419885466,0.9713334831891026,0.47014068425180827,0.27114657930776664,0.6175023752206611,,large
context,3,microsomal_clearance,fnn_ridge,observed,1,311,183,0.30359655078466186,0.5384558426339751,0.8345079084198892,0.40613574131684416,0.2715866231943331,0.6177306029890818,,large
context,3,microsomal_clearance,fnn_ridge,observed,2,311,183,0.3921914158409715,0.5030406158255639,0.7796207951042792,0.37976662528508476,0.2715306813188641,0.6176569159579993,,large
context,3,microsomal_clearance,fnn_ridge,observed,4,311,183,0.4579881598070903,0.47503326608235996,0.7362145340815472,0.3580589965254164,0.2729094520867308,0.6182458167559032,,large
context,3,microsomal_clearance,fnn_ridge,observed,9,311,183,0.5094096315962449,0.4519382980740964,0.7004215647763532,0.34098279480621746,0.2762538832976838,0.6197087116673512,,large
context,3,microsomal_clearance,gp_both,expected,0,311,183,0.08908663886690082,0.6158262160950915,0.9544178126654486,0.4594864350026322,0.28174169842109387,0.6214356822380416,,large
context,3,microsomal_clearance,gp_both,expected,1,311,183,0.08908663886644808,0.6158262160952445,0.9544178126656857,0.4594864350026322,0.28174169842109387,0.6214356822380416,,large
context,3,microsomal_clearance,gp_both,expected,2,311,183,0.08908663886644808,0.6158262160952445,0.9544178126656857,0.4594864350026322,0.28174169842109387,0.6214356822380416,,large
context,3,microsomal_clearance,gp_both,expected,4,311,183,0.08908663886644808,0.6158262160952445,0.9544178126656857,0.4594864350026322,0.28174169842109387,0.6214356822380416,,large
context,3,microsomal_clearance,gp_both,expected,9,311,183,0.08908663886644808,0.6158262160952445,0.9544178126656857,0.4594864350026322,0.28174169842109387,0.6214356822380416,,large
context,3,microsomal_clearance,gp_both,observed,0,311,183,0.08908663886690082,0.6158262160950915,0.9544178126654486,0.4594864350026322,0.28174169842109387,0.6214356822380416,,large
context,3,microsomal_clearance,gp_both,observed,1,311,183,0.33043929665719163,0.5279765276431707,0.8182668900443231,0.3929597329197076,0.2904176152943592,0.6265579822199214,,large
context,3,microsomal_clearance,gp_both,observed,2,311,183,0.4222392238276632,0.4904487864390566,0.7601057664380246,0.36301456177694075,0.3049288208068902,0.6330972025088865,,large
context,3,microsomal_clearance,gp_both,observed,4,311,183,0.5016647847909212,0.45549165631700866,0.7059286190607934,0.3354408948017487,0.3352811343683496,0.6466737271801262,,large
context,3,microsomal_clearance,gp_both,observed,9,311,183,0.5766145915797796,0.41984364147885744,0.650680726946957,0.3069421777589184,0.3896478702142974,0.6703378995697362,,large
context,3,microsomal_clearance,gp_deep_kernel,expected,0,311,183,0.10597327158672343,0.610091379430126,0.9455298664840136,0.45364585398055257,0.28822993323961227,0.6270416975193872,,large
context,3,microsomal_clearance,gp_deep_kernel,expected,1,311,183,0.10597327158361491,0.6100913794311866,0.9455298664856574,0.4536458539826424,0.28822993323961227,0.6270416975193872,,large
context,3,microsomal_clearance,gp_deep_kernel,expected,2,311,183,0.10597327158361491,0.6100913794311866,0.9455298664856574,0.4536458539826424,0.28822993323961227,0.6270416975193872,,large
context,3,microsomal_clearance,gp_deep_kernel,expected,4,311,183,0.10597327158361491,0.6100913794311866,0.9455298664856574,0.4536458539826424,0.28822993323961227,0.6270416975193872,,large
context,3,microsomal_clearance,gp_deep_kernel,expected,9,311,183,0.10597327158361491,0.6100913794311866,0.9455298664856574,0.4536458539826424,0.28822993323961227,0.6270416975193872,,large
context,3,microsomal_clearance,gp_deep_kernel,observed,0,311,183,0.10597327158672343,0.610091379430126,0.9455298664840136,0.45364585398055257,0.28822993323961227,0.6270416975193872,,large
context,3,microsomal_clearance,gp_deep_kernel,observed,1,311,183,0.33895021947653503,0.5246101871444865,0.8130496790008991,0.3899278904637082,0.3007393571158612,0.6324282392386116,,large
context,3,microsomal_clearance,gp_deep_kernel,observed,2,311,183,0.4273622074159834,0.4882695491878802,0.7567283479452958,0.36087811135165243,0.3172191529336895,0.6395986508314572,,large
context,3,microsomal_clearance,gp_deep_kernel,observed,4,311,183,0.5097239399899561,0.45179350236613586,0.7001971579562744,0.3322047557493105,0.34675051731136664,0.6522768418331566,,large
context,3,microsomal_clearance,gp_deep_kernel,observed,9,311,183,0.5879403660655844,0.4141900609379817,0.6419187128713538,0.30220388049169367,0.4006457770033513,0.6762141505901713,,large
context,3,microsomal_clearance,gp_linear,expected,0,311,183,0.09064709131478865,0.6152985152895672,0.953599973094175,0.46088257191407134,0.2795309365573015,0.6237228332343615,,large
context,3,microsomal_clearance,gp_linear,expected,1,311,183,0.09064709131273052,0.6152985152902636,0.9535999730952541,0.46088257191744725,0.2795309365573015,0.6237228332343615,,large
context,3,microsomal_clearance,gp_linear,expected,2,311,183,0.09064709131273052,0.6152985152902636,0.9535999730952541,0.46088257191744725,0.2795309365573015,0.6237228332343615,,large
context,3,microsomal_clearance,gp_linear,expected,4,311,183,0.09064709131273052,0.6152985152902636,0.9535999730952541,0.46088257191744725,0.2795309365573015,0.6237228332343615,,large
context,3,microsomal_clearance,gp_linear,expected,9,311,183,0.09064709131273052,0.6152985152902636,0.9535999730952541,0.46088257191744725,0.2795309365573015,0.6237228332343615,,large
context,3,microsomal_clearance,gp_linear,observed,0,311,183,0.09064709131478865,0.6152985152895672,0.953599973094175,0.46088257191407134,0.2795309365573015,0.6237228332343615,,large
context,3,microsomal_clearance,gp_linear,observed,1,311,183,0.3395812031973541,0.5243597525126552,0.8126615512023723,0.3929434914387745,0.3050328349966693,0.6349812053260032,,large
context,3,microsomal_clearance,gp_linear,observed,2,311,183,0.43559418483303136,0.4847472755325869,0.7512694690768211,0.36071508004837705,0.323873824085112,0.6427054397937175,,large
context,3,microsomal_clearance,gp_linear,observed,4,311,183,0.524455964988555,0.44495388825745386,0.6895970091375433,0.3292530530785297,0.36116493874679967,0.6587841079526567,,large
context,3,microsomal_clearance,gp_linear,observed,9,311,183,0.6093685189033023,0.40327681747124866,0.625005184855852,0.2957574491321076,0.42146461545470193,0.685833228184291,,large
context,3,microsomal_clearance,gp_neural_mean,expected,0,311,183,0.0674783909883101,0.6230875722874402,0.965671584448714,0.46855604948755264,0.2808349432404003,0.6226814597360519,,large
context,3,microsomal_clearance,gp_neural_mean,expected,1,311,183,0.0674783909883101,0.6230875722874402,0.965671584448714,0.46855604948755264,0.2808349432404003,0.6226814597360519,,large
context,3,microsomal_clearance,gp_neural_mean,expected,2,311,183,0.0674783909883101,0.6230875722874402,0.965671584448714,0.46855604948755264,0.2808349432404003,0.6226814597360519,,large
context,3,microsomal_clearance,gp_neural_mean,expected,4,311,183,0.0674783909883101,0.6230875722874402,0.965671584448714,0.46855604948755264,0.2808349432404003,0.6226814597360519,,large
context,3,microsomal_clearance,gp_neural_mean,expected,9,311,183,0.0674783909883101,0.6230875722874402,0.965671584448714,0.46855604948755264,0.2808349432404003,0.6226814597360519,,large
context,3,microsomal_clearance,gp_neural_mean,observed,0,311,183,0.0674783909883101,0.6230875722874402,0.965671584448714,0.46855604948755264,0.2808349432404003,0.6226814597360519,,large
context,3,microsomal_clearance,gp_neural_mean,observed,1,311,183,0.33136795077461867,0.5276102593562636,0.8176992413017034,0.3961469694968453,0.30278241431002395,0.6315458973375384,,large
context,3,microsomal_clearance,gp_neural_mean,observed,2,311,183,0.43213732034163177,0.48622949594244935,0.7535666391623028,0.3624104598449754,0.32350669669083254,0.641636390662414,,large
context,3,microsomal_clearance,gp_neural_mean,observed,4,311,183,0.520340793116145,0.44687496949902555,0.6925743331107896,0.33103231700512453,0.3626135796381251,0.6589213255962542,,large
context,3,microsomal_clearance,gp_neural_mean,observed,9,311,183,0.6052979984203299,0.4053725168521009,0.6282531349541123,0.2973302222725067,0.42379320903333334,0.6862086963422581,,large
context,3,microsomal_clearance,memory,expected,0,311,183,0.0460889773618639,0.630192993816248,0.9766836860714609,0.47334510677816527,0.26535185572810044,0.6141859342581858,,large
context,3,microsomal_clearance,memory,expected,1,311,183,0.036805688957383786,0.6332520310793421,0.9814246333991298,0.47652283417849545,0.26556910940936074,0.6142231286643512,,large
context,3,microsomal_clearance,memory,expected,2,311,183,0.03747125936347395,0.6330332036621944,0.9810854909927708,0.4761276229273723,0.2655697271269095,0.6141812297246316,,large
context,3,microsomal_clearance,memory,expected,4,311,183,0.03730217735300445,0.633088801911953,0.9811716580940338,0.476131326571059,0.2651547853417346,0.6141271925685046,,large
context,3,microsomal_clearance,memory,expected,9,311,183,0.03575446241098457,0.6335975012528114,0.9819600488762338,0.47643411195578417,0.26543892753503817,0.6142033889992027,,large
context,3,microsomal_clearance,memory,observed,0,311,183,0.0460889773618639,0.630192993816248,0.9766836860714609,0.47334510677816527,0.26535185572810044,0.6141859342581858,,large
context,3,microsomal_clearance,memory,observed,1,311,183,0.2720776679334306,0.5505061292357757,0.8531836449830537,0.4146316633641017,0.26603370526524023,0.614379349423466,,large
context,3,microsomal_clearance,memory,observed,2,311,183,0.3744159311319848,0.5103433701239728,0.7909387263676089,0.3836542416465372,0.2640824127243709,0.6139469215398438,,large
context,3,microsomal_clearance,memory,observed,4,311,183,0.43932843743870853,0.48314100854475905,0.7487800495214142,0.3624137746867706,0.2706620748375295,0.6169238431647519,,large
context,3,microsomal_clearance,memory,observed,9,311,183,0.48272733870316886,0.4640656250581306,0.7192166998178164,0.3491539934756671,0.2793099417410112,0.6208226464437548,,large
context,3,microsomal_clearance,previous_delta,observed,0,311,183,-0.009533369897264388,0.6483059034491955,1.0047553781380145,0.4928307195944114,0.2558992264624716,0.6118208585387233,,large
context,3,microsomal_clearance,previous_delta,observed,1,311,183,-0.009533369897264388,0.6483059034491955,1.0047553781380145,0.4928307195944114,0.2558992264624716,0.6118208585387233,,large
context,3,microsomal_clearance,previous_delta,observed,2,311,183,-0.009533369897264388,0.6483059034491955,1.0047553781380145,0.4928307195944114,0.2558992264624716,0.6118208585387233,,large
context,3,microsomal_clearance,previous_delta,observed,4,311,183,-0.009533369897264388,0.6483059034491955,1.0047553781380145,0.4928307195944114,0.2558992264624716,0.6118208585387233,,large
context,3,microsomal_clearance,previous_delta,observed,9,311,183,-0.009533369897264388,0.6483059034491955,1.0047553781380145,0.4928307195944114,0.2558992264624716,0.6118208585387233,,large
context,3,microsomal_clearance,previous_delta_anchor,observed,0,311,183,-0.009533369897264388,0.6483059034491955,1.0047553781380145,0.4928307195944114,0.2558992264624716,0.6118208585387233,,large
context,3,microsomal_clearance,previous_delta_anchor,observed,1,311,183,0.24485934383421792,0.5607038824381918,0.8689882946080356,0.42717303652319083,0.2599795604679762,0.6141753984254176,,large
context,3,microsomal_clearance,previous_delta_anchor,observed,2,311,183,0.33371194495687106,0.5266846370250969,0.8162646966781847,0.4017128821554645,0.2596445153313848,0.6141527733220238,,large
context,3,microsomal_clearance,previous_delta_anchor,observed,4,311,183,0.3977847921052461,0.5007206428463016,0.7760252624075803,0.3817416711559673,0.25892461578878373,0.6137894825370901,,large
context,3,microsomal_clearance,previous_delta_anchor,observed,9,311,183,0.4493880319203253,0.4787871216103642,0.7420323227998055,0.36649411616492056,0.26014757759168033,0.6136195876766808,,large
context,3,microsomal_clearance,previous_gp,expected,0,311,183,-0.6275207639819693,0.8231574360895401,1.275743220237509,0.6374496502355155,0.15650144676524444,0.5675724449896667,,large
context,3,microsomal_clearance,previous_gp,expected,1,311,183,-0.6275207639819693,0.8231574360895401,1.275743220237509,0.6374496502355155,0.15650144676524444,0.5675724449896667,,large
context,3,microsomal_clearance,previous_gp,expected,2,311,183,-0.6275207639819693,0.8231574360895401,1.275743220237509,0.6374496502355155,0.15650144676524444,0.5675724449896667,,large
context,3,microsomal_clearance,previous_gp,expected,4,311,183,-0.6275207639819693,0.8231574360895401,1.275743220237509,0.6374496502355155,0.15650144676524444,0.5675724449896667,,large
context,3,microsomal_clearance,previous_gp,expected,9,311,183,-0.6275207639819693,0.8231574360895401,1.275743220237509,0.6374496502355155,0.15650144676524444,0.5675724449896667,,large
context,3,microsomal_clearance,previous_gp,observed,0,311,183,-0.6275207639819693,0.8231574360895401,1.275743220237509,0.6374496502355155,0.15650144676524444,0.5675724449896667,,large
context,3,microsomal_clearance,previous_gp,observed,1,311,183,-0.1569767147566976,0.6940359167270533,1.0756285207992105,0.5322000915938875,0.179265714039319,0.5765238288658324,,large
context,3,microsomal_clearance,previous_gp,observed,2,311,183,0.03184221438467816,0.6348815521710083,0.9839500930511271,0.48640316340635226,0.20046308924410486,0.5850942721080333,,large
context,3,microsomal_clearance,previous_gp,observed,4,311,183,0.21086512331314167,0.5731855796146269,0.8883326385351707,0.43674374473070016,0.23413479540625104,0.5992269707394688,,large
context,3,microsomal_clearance,previous_gp,observed,9,311,183,0.38933892361389544,0.5042196379447238,0.7814480637803798,0.3796939162324718,0.30640762811437194,0.6314717360387051,,large
context,3,microsomal_clearance,residual_memory,expected,0,311,183,0.03894623336720415,0.6325479893221302,0.9803334976592384,0.4762358365408349,0.2605734131312569,0.6129828837275056,,large
context,3,microsomal_clearance,residual_memory,expected,1,311,183,0.03496838861071805,0.6338557098269841,0.9823602248611667,0.4775896142073382,0.2597966083137419,0.6126557291071723,,large
context,3,microsomal_clearance,residual_memory,expected,2,311,183,0.0356958293897921,0.6336167645885207,0.9819899035174485,0.47740163384526485,0.2597347967213575,0.6126261266981485,,large
context,3,microsomal_clearance,residual_memory,expected,4,311,183,0.03562508153671784,0.6336400073603345,0.9820259255555742,0.4773691780515423,0.2595077628201755,0.6124704588575932,,large
context,3,microsomal_clearance,residual_memory,expected,9,311,183,0.03580584674490994,0.6335806189245772,0.9819338843603932,0.4772913810652296,0.25946807636475966,0.6124377941303948,,large
context,3,microsomal_clearance,residual_memory,observed,0,311,183,0.03894623336720415,0.6325479893221302,0.9803334976592384,0.4762358365408349,0.2605734131312569,0.6129828837275056,,large
context,3,microsomal_clearance,residual_memory,observed,1,311,183,0.23877014494637328,0.5629600069464157,0.872484873825115,0.42326576176946956,0.25960546517533767,0.6124800924001851,,large
context,3,microsomal_clearance,residual_memory,observed,2,311,183,0.37247571520750977,0.5111341589453869,0.7921643041645402,0.3839497578949023,0.26129295091504584,0.6130892662034843,,large
context,3,microsomal_clearance,residual_memory,observed,4,311,183,0.4491303285587309,0.47889915230534413,0.7422059494784915,0.35973826395257874,0.270944299732223,0.6178813144784729,,large
context,3,microsomal_clearance,residual_memory,observed,9,311,183,0.49613292917778007,0.4580128106661507,0.709835946414536,0.34488363324733406,0.2821706958660784,0.6227362185892975,,large
context,3,permeability,fnn,observed,0,72,62,0.1398097987636996,0.7491114615422542,0.9274643935140047,0.5575064165697055,0.26851748671658615,0.6090404541446208,,large
context,3,permeability,fnn,observed,1,72,62,0.1398097987636996,0.7491114615422542,0.9274643935140047,0.5575064165697055,0.26851748671658615,0.6090404541446208,,large
context,3,permeability,fnn,observed,2,72,62,0.1398097987636996,0.7491114615422542,0.9274643935140047,0.5575064165697055,0.26851748671658615,0.6090404541446208,,large
context,3,permeability,fnn,observed,4,72,62,0.1398097987636996,0.7491114615422542,0.9274643935140047,0.5575064165697055,0.26851748671658615,0.6090404541446208,,large
context,3,permeability,fnn,observed,9,72,62,0.1398097987636996,0.7491114615422542,0.9274643935140047,0.5575064165697055,0.26851748671658615,0.6090404541446208,,large
context,3,permeability,fnn_anchor,expected,0,72,62,0.1398097987636996,0.7491114615422542,0.9274643935140047,0.5575064165697055,0.26851748671658615,0.6090404541446208,,large
context,3,permeability,fnn_anchor,expected,1,72,62,0.10366584859339056,0.7646878121836094,0.9467492547695031,0.5739332073650978,0.2674853179603815,0.6094784318048208,,large
context,3,permeability,fnn_anchor,expected,2,72,62,0.09253476692476548,0.7694212809721328,0.9526096960850412,0.5791897778516567,0.2715923648500056,0.6109290490887713,,large
context,3,permeability,fnn_anchor,expected,4,72,62,0.07966687938971184,0.7748572879413578,0.9593399400683201,0.5844226427155511,0.27580972928208886,0.6129153806584361,,large
context,3,permeability,fnn_anchor,expected,9,72,62,0.07249781144238776,0.7778693650221653,0.9630691504547387,0.5876459776306593,0.27803845516992387,0.6133386610817166,,large
context,3,permeability,fnn_anchor,observed,0,72,62,0.1398097987636996,0.7491114615422542,0.9274643935140047,0.5575064165697055,0.26851748671658615,0.6090404541446208,,large
context,3,permeability,fnn_anchor,observed,1,72,62,0.3768601367696699,0.6375906852711228,0.7893920846007579,0.48325516468948787,0.2674853179603815,0.6094784318048208,,large
context,3,permeability,fnn_anchor,observed,2,72,62,0.4383702616935,0.6053049761384806,0.7494196009623046,0.4577047808026826,0.2715923648500056,0.6109290490887713,,large
context,3,permeability,fnn_anchor,observed,4,72,62,0.4902715044789434,0.5766584400209843,0.7139527263909401,0.43997212947932657,0.27580972928208886,0.6129153806584361,,large
context,3,permeability,fnn_anchor,observed,9,72,62,0.5249247396943223,0.5567117708050907,0.6892570350063013,0.42642033629947235,0.27803845516992387,0.6133386610817166,,large
context,3,permeability,fnn_ridge,expected,0,72,62,0.1398097987636996,0.7491114615422542,0.9274643935140047,0.5575064165697055,0.26851748671658615,0.6090404541446208,,large
context,3,permeability,fnn_ridge,expected,1,72,62,0.1398097987636996,0.7491114615422542,0.9274643935140047,0.5575064165697055,0.26851748671658615,0.6090404541446208,,large
context,3,permeability,fnn_ridge,expected,2,72,62,0.1398097987636996,0.7491114615422542,0.9274643935140047,0.5575064165697055,0.26851748671658615,0.6090404541446208,,large
context,3,permeability,fnn_ridge,expected,4,72,62,0.1398097987636996,0.7491114615422542,0.9274643935140047,0.5575064165697055,0.26851748671658615,0.6090404541446208,,large
context,3,permeability,fnn_ridge,expected,9,72,62,0.1398097987636996,0.7491114615422542,0.9274643935140047,0.5575064165697055,0.26851748671658615,0.6090404541446208,,large
context,3,permeability,fnn_ridge,observed,0,72,62,0.1398097987636996,0.7491114615422542,0.9274643935140047,0.5575064165697055,0.26851748671658615,0.6090404541446208,,large
context,3,permeability,fnn_ridge,observed,1,72,62,0.39366461540963216,0.6289348399124455,0.7786754038688829,0.4736651652527076,0.2690798491549989,0.6094244194591416,,large
context,3,permeability,fnn_ridge,observed,2,72,62,0.4578987190268057,0.5946883259472975,0.7362752752695111,0.44674907594643254,0.2699514581373444,0.6097716416813639,,large
context,3,permeability,fnn_ridge,observed,4,72,62,0.5148671174697018,0.5625738648502877,0.6965148114220531,0.4264963013982331,0.27092739319842724,0.6101335611405055,,large
context,3,permeability,fnn_ridge,observed,9,72,62,0.5535724017602185,0.5396655729349253,0.6681523765128592,0.40995455155494037,0.2733469323531069,0.611130768665491,,large
context,3,permeability,gp_both,expected,0,72,62,0.1567401130978432,0.7417027979315405,0.9182918310113386,0.5466142727370045,0.30818874019934644,0.6254256687242798,,large
context,3,permeability,gp_both,expected,1,72,62,0.1567401130978432,0.7417027979315405,0.9182918310113386,0.5466142727370045,0.30818874019934644,0.6254256687242798,,large
context,3,permeability,gp_both,expected,2,72,62,0.1567401130978432,0.7417027979315405,0.9182918310113386,0.5466142727370045,0.30818874019934644,0.6254256687242798,,large
context,3,permeability,gp_both,expected,4,72,62,0.1567401130978432,0.7417027979315405,0.9182918310113386,0.5466142727370045,0.30818874019934644,0.6254256687242798,,large
context,3,permeability,gp_both,expected,9,72,62,0.1567401130978432,0.7417027979315405,0.9182918310113386,0.5466142727370045,0.30818874019934644,0.6254256687242798,,large
context,3,permeability,gp_both,observed,0,72,62,0.1567401130978432,0.7417027979315405,0.9182918310113386,0.5466142727370045,0.30818874019934644,0.6254256687242798,,large
context,3,permeability,gp_both,observed,1,72,62,0.4113597972265016,0.6196895269672821,0.7672289115860392,0.45827258331600995,0.3174509276959105,0.6293557098765432,,large
context,3,permeability,gp_both,observed,2,72,62,0.4740377264283161,0.5857691471995673,0.7252325651621581,0.4305990292847894,0.3332016258156504,0.6347848691945914,,large
context,3,permeability,gp_both,observed,4,72,62,0.5479252985615009,0.5430681069135436,0.6723650061079169,0.3960711768167546,0.3661909491721693,0.6520539388594945,,large
context,3,permeability,gp_both,observed,9,72,62,0.6263721405845233,0.49370647410319213,0.611251060870635,0.3592965053399865,0.42561920830185535,0.6774909979423869,,large
context,3,permeability,gp_deep_kernel,expected,0,72,62,0.15766628107595193,0.7412953730586395,0.9177874039907326,0.5448108529360682,0.2758268715593465,0.6129528586125809,,large
context,3,permeability,gp_deep_kernel,expected,1,72,62,0.15766628107595193,0.7412953730586395,0.9177874039907326,0.5448108529360682,0.2758268715593465,0.6129528586125809,,large
context,3,permeability,gp_deep_kernel,expected,2,72,62,0.15766628107595193,0.7412953730586395,0.9177874039907326,0.5448108529360682,0.2758268715593465,0.6129528586125809,,large
context,3,permeability,gp_deep_kernel,expected,4,72,62,0.15766628107595193,0.7412953730586395,0.9177874039907326,0.5448108529360682,0.2758268715593465,0.6129528586125809,,large
context,3,permeability,gp_deep_kernel,expected,9,72,62,0.15766628107595193,0.7412953730586395,0.9177874039907326,0.5448108529360682,0.2758268715593465,0.6129528586125809,,large
context,3,permeability,gp_deep_kernel,observed,0,72,62,0.15766628107595193,0.7412953730586395,0.9177874039907326,0.5448108529360682,0.2758268715593465,0.6129528586125809,,large
context,3,permeability,gp_deep_kernel,observed,1,72,62,0.3932527966802395,0.6291483877188209,0.7789397944127393,0.46150796698388025,0.2710840916269038,0.6105632716049382,,large
context,3,permeability,gp_deep_kernel,observed,2,72,62,0.46791224607957305,0.5891702759116562,0.7294434549164363,0.4295482071070519,0.29247266366347824,0.6203007422104645,,large
context,3,permeability,gp_deep_kernel,observed,4,72,62,0.5393224365095808,0.5482109766067872,0.6787323209413407,0.4020236591955102,0.3292361818739918,0.635706569664903,,large
context,3,permeability,gp_deep_kernel,observed,9,72,62,0.618284562095495,0.4990212718355336,0.6178312373978068,0.3628257910871025,0.4045856534465808,0.6679930922986478,,large
context,3,permeability,gp_linear,expected,0,72,62,0.1669603305404549,0.7371944176945406,0.9127100686743546,0.5490791164796746,0.2593036211494549,0.6081685405643739,,large
context,3,permeability,gp_linear,expected,1,72,62,0.1669603305404549,0.7371944176945406,0.9127100686743546,0.5490791164796746,0.2593036211494549,0.6081685405643739,,large
context,3,permeability,gp_linear,expected,2,72,62,0.1669603305404549,0.7371944176945406,0.9127100686743546,0.5490791164796746,0.2593036211494549,0.6081685405643739,,large
context,3,permeability,gp_linear,expected,4,72,62,0.1669603305404549,0.7371944176945406,0.9127100686743546,0.5490791164796746,0.2593036211494549,0.6081685405643739,,large
context,3,permeability,gp_linear,expected,9,72,62,0.1669603305404549,0.7371944176945406,0.9127100686743546,0.5490791164796746,0.2593036211494549,0.6081685405643739,,large
context,3,permeability,gp_linear,observed,0,72,62,0.1669603305404549,0.7371944176945406,0.9127100686743546,0.5490791164796746,0.2593036211494549,0.6081685405643739,,large
context,3,permeability,gp_linear,observed,1,72,62,0.4153000386570286,0.6176120047570745,0.7646567604768635,0.461564714187022,0.2779121695151487,0.6166903659611993,,large
context,3,permeability,gp_linear,observed,2,72,62,0.49587895285938755,0.573477800955307,0.7100148217753011,0.4273034857913312,0.30451837779327645,0.627295157260435,,large
context,3,permeability,gp_linear,observed,4,72,62,0.5686750692167848,0.5304585783654562,0.6567533256735097,0.3951647389225619,0.3505495268172548,0.6458164315108759,,large
context,3,permeability,gp_linear,observed,9,72,62,0.6454209822833028,0.48095640496948305,0.5954653791083888,0.35422640082308415,0.42604732596650297,0.6766468253968254,,large
context,3,permeability,gp_neural_mean,expected,0,72,62,0.12031516852839974,0.7575525215626248,0.9379151515310968,0.5663623568376855,0.3036284805802182,0.6227926587301588,,large
context,3,permeability,gp_neural_mean,expected,1,72,62,0.12031516852839974,0.7575525215626248,0.9379151515310968,0.5663623568376855,0.3036284805802182,0.6227926587301588,,large
context,3,permeability,gp_neural_mean,expected,2,72,62,0.12031516852839974,0.7575525215626248,0.9379151515310968,0.5663623568376855,0.3036284805802182,0.6227926587301588,,large
context,3,permeability,gp_neural_mean,expected,4,72,62,0.12031516852839974,0.7575525215626248,0.9379151515310968,0.5663623568376855,0.3036284805802182,0.6227926587301588,,large
context,3,permeability,gp_neural_mean,expected,9,72,62,0.12031516852839974,0.7575525215626248,0.9379151515310968,0.5663623568376855,0.3036284805802182,0.6227926587301588,,large
context,3,permeability,gp_neural_mean,observed,0,72,62,0.12031516852839974,0.7575525215626248,0.9379151515310968,0.5663623568376855,0.3036284805802182,0.6227926587301588,,large
context,3,permeability,gp_neural_mean,observed,1,72,62,0.40677835271945606,0.6220964050257101,0.7702088335513583,0.46377295122939405,0.32568073385009094,0.63248769106408,,large
context,3,permeability,gp_neural_mean,observed,2,72,62,0.4893679881303963,0.577169290065818,0.7145852026662767,0.42706641149372554,0.3570704696004776,0.646455945032334,,large
context,3,permeability,gp_neural_mean,observed,4,72,62,0.5701901537574562,0.5295261066460017,0.6555988455164818,0.39040764353584806,0.38857415469635037,0.65978468547913,,large
context,3,permeability,gp_neural_mean,observed,9,72,62,0.6431614182085206,0.4824864249594151,0.5973596753978957,0.34958723057420815,0.44824140564260634,0.6857864858906525,,large
context,3,permeability,memory,expected,0,72,62,0.026135106873298564,0.7970738321209979,0.9868459318083554,0.5981661421764228,0.2869342724068297,0.6170335464432686,,large
context,3,permeability,memory,expected,1,72,62,0.004668235404939991,0.8058108829289031,0.9976631518679339,0.6043028103311856,0.2871194576223691,0.617079842739565,,large
context,3,permeability,memory,expected,2,72,62,0.0016813358557918878,0.8070190595635657,0.9991589784134496,0.604778159747797,0.28791581178084014,0.6174399250440917,,large
context,3,permeability,memory,expected,4,72,62,0.0022061473482125615,0.8068069085895189,0.9988963172681073,0.6045614939527931,0.2882109505779765,0.6175865299823633,,large
context,3,permeability,memory,expected,9,72,62,0.002288597823258076,0.8067735735539404,0.9988550456281141,0.604376099396635,0.28724082924977495,0.6173370443856554,,large
context,3,permeability,memory,observed,0,72,62,0.026135106873298564,0.7970738321209979,0.9868459318083554,0.5981661421764228,0.2869342724068297,0.6170335464432686,,large
context,3,permeability,memory,observed,1,72,62,0.31626005445061955,0.6678742091339671,0.8268856907392825,0.5037578301352483,0.2873046427792697,0.6171724353321575,,large
context,3,permeability,memory,observed,2,72,62,0.4219958530131075,0.6140654652700626,0.7602658396816817,0.4611465540376527,0.288791551851426,0.6179063786008231,,large
context,3,permeability,memory,observed,4,72,62,0.4787614591806232,0.5831327815964947,0.721968517886602,0.43830160461228207,0.2919160121706901,0.6192509920634921,,large
context,3,permeability,memory,observed,9,72,62,0.5184816699294705,0.5604741777029602,0.6939152182151141,0.421260282655281,0.297467700926656,0.6217855305702528,,large
context,3,permeability,previous_delta,observed,0,72,62,0.08862278834999171,0.7710779418345988,0.9546607835508948,0.5720908629599661,0.25299168749625117,0.601236221340388,,large
context,3,permeability,previous_delta,observed,1,72,62,0.08862278834999171,0.7710779418345988,0.9546607835508948,0.5720908629599661,0.25299168749625117,0.601236221340388,,large
context,3,permeability,previous_delta,observed,2,72,62,0.08862278834999171,0.7710779418345988,0.9546607835508948,0.5720908629599661,0.25299168749625117,0.601236221340388,,large
context,3,permeability,previous_delta,observed,4,72,62,0.08862278834999171,0.7710779418345988,0.9546607835508948,0.5720908629599661,0.25299168749625117,0.601236221340388,,large
context,3,permeability,previous_delta,observed,9,72,62,0.08862278834999171,0.7710779418345988,0.9546607835508948,0.5720908629599661,0.25299168749625117,0.601236221340388,,large
context,3,permeability,previous_delta_anchor,observed,0,72,62,0.08862278834999171,0.7710779418345988,0.9546607835508948,0.5720908629599661,0.25299168749625117,0.601236221340388,,large
context,3,permeability,previous_delta_anchor,observed,1,72,62,0.3512662898163528,0.6505526192939061,0.8054400723726423,0.4949829284887477,0.2453896129722049,0.5987207892416225,,large
context,3,permeability,previous_delta_anchor,observed,2,72,62,0.40347409179955773,0.6238265469222557,0.7723508970671571,0.47232486067544915,0.2488633773448615,0.6013089726631393,,large
context,3,permeability,previous_delta_anchor,observed,4,72,62,0.4459885261090679,0.6011856097237427,0.7443194703156246,0.459158462846191,0.25538001653027975,0.6029932760141095,,large
context,3,permeability,previous_delta_anchor,observed,9,72,62,0.4835711541954232,0.5804361370106342,0.7186298392111038,0.44392419050714055,0.25790485422018444,0.6048737874779542,,large
context,3,permeability,previous_gp,expected,0,72,62,-0.5955696279027116,1.0202511131877532,1.2631585917463855,0.7803518797498311,0.20165898782543634,0.5838359788359788,,large
context,3,permeability,previous_gp,expected,1,72,62,-0.5955696279027116,1.0202511131877532,1.2631585917463855,0.7803518797498311,0.20165898782543634,0.5838359788359788,,large
context,3,permeability,previous_gp,expected,2,72,62,-0.5955696279027116,1.0202511131877532,1.2631585917463855,0.7803518797498311,0.20165898782543634,0.5838359788359788,,large
context,3,permeability,previous_gp,expected,4,72,62,-0.5955696279027116,1.0202511131877532,1.2631585917463855,0.7803518797498311,0.20165898782543634,0.5838359788359788,,large
context,3,permeability,previous_gp,expected,9,72,62,-0.5955696279027116,1.0202511131877532,1.2631585917463855,0.7803518797498311,0.20165898782543634,0.5838359788359788,,large
context,3,permeability,previous_gp,observed,0,72,62,-0.5955696279027116,1.0202511131877532,1.2631585917463855,0.7803518797498311,0.20165898782543634,0.5838359788359788,,large
context,3,permeability,previous_gp,observed,1,72,62,-0.15289631309843155,0.8672500270628245,1.073730093225682,0.6535551371211809,0.22148148426946904,0.5919130291005291,,large
context,3,permeability,previous_gp,observed,2,72,62,0.011308375305052576,0.8031184896887187,0.9943297364028431,0.6064003843144332,0.23359674028942246,0.5983013668430335,,large
context,3,permeability,previous_gp,observed,4,72,62,0.16944491293043096,0.7360942380317431,0.9113479506037028,0.55308290927272,0.26774392624314675,0.612320877425044,,large
context,3,permeability,previous_gp,observed,9,72,62,0.3326141360283199,0.6598385709153921,0.8169368788172561,0.4923458815834769,0.32411979801209845,0.6382175925925926,,large
context,3,permeability,residual_memory,expected,0,72,62,0.09212491946246693,0.7695950120145783,0.952824790051945,0.5770401275937479,0.2653413678381454,0.6097380217519106,,large
context,3,permeability,residual_memory,expected,1,72,62,0.08771588374898265,0.7714614924696749,0.9551356533241848,0.5793875420714418,0.26390192089257414,0.6088172398589066,,large
context,3,permeability,residual_memory,expected,2,72,62,0.08763648190664686,0.7714950643196599,0.9551772181607731,0.579158282475891,0.26497395183822076,0.6093419312169311,,large
context,3,permeability,residual_memory,expected,4,72,62,0.08793591166224457,0.7713684549524318,0.9550204648790284,0.5789751973251502,0.26438608827690285,0.6090737066431511,,large
context,3,permeability,residual_memory,expected,9,72,62,0.08817802648502349,0.7712660651450575,0.9548936974946355,0.5789159816048212,0.26497140678197695,0.6093283362727807,,large
context,3,permeability,residual_memory,observed,0,72,62,0.09212491946246693,0.7695950120145783,0.952824790051945,0.5770401275937479,0.2653413678381454,0.6097380217519106,,large
context,3,permeability,residual_memory,observed,1,72,62,0.36882958397453125,0.6416859254242934,0.794462343994647,0.4878019977843871,0.2634668296272004,0.6088260582010583,,large
context,3,permeability,residual_memory,observed,2,72,62,0.4547893728708168,0.5963913729880117,0.7383837939237177,0.4496683237963805,0.2746238137008967,0.61375,,large
context,3,permeability,residual_memory,observed,4,72,62,0.5097574657474535,0.565528753262668,0.700173217320219,0.4278467590913728,0.27865915286734144,0.6146290784832451,,large
context,3,permeability,residual_memory,observed,9,72,62,0.5507305886930363,0.541380515934678,0.6702756233870987,0.41048711684428985,0.2927139541410186,0.6211798206937096,,large
context,3,protein_binding,fnn,observed,0,44,29,0.08622319980651594,0.8886964757642662,0.9559167328766057,0.5919080607051199,0.41492878666824917,0.6760551948051948,,large
context,3,protein_binding,fnn,observed,1,44,29,0.08622319980651594,0.8886964757642662,0.9559167328766057,0.5919080607051199,0.41492878666824917,0.6760551948051948,,large
context,3,protein_binding,fnn,observed,2,44,29,0.08622319980651594,0.8886964757642662,0.9559167328766057,0.5919080607051199,0.41492878666824917,0.6760551948051948,,large
context,3,protein_binding,fnn,observed,4,44,29,0.08622319980651594,0.8886964757642662,0.9559167328766057,0.5919080607051199,0.41492878666824917,0.6760551948051948,,large
context,3,protein_binding,fnn,observed,9,44,29,0.08622319980651594,0.8886964757642662,0.9559167328766057,0.5919080607051199,0.41492878666824917,0.6760551948051948,,large
context,3,protein_binding,fnn_anchor,expected,0,44,29,0.08622319980651594,0.8886964757642662,0.9559167328766057,0.5919080607051199,0.41492878666824917,0.6760551948051948,,large
context,3,protein_binding,fnn_anchor,expected,1,44,29,0.044689523367755,0.9086689004519097,0.9773998550400164,0.6122799644190254,0.4126599563201043,0.6751082251082251,,large
context,3,protein_binding,fnn_anchor,expected,2,44,29,0.03406085082736143,0.9137097900604566,0.9828220333166319,0.6196051980735677,0.4118674538154719,0.6747967772967773,,large
context,3,protein_binding,fnn_anchor,expected,4,44,29,0.01489414650881915,0.9227304318069649,0.9925249888497422,0.6277341921085661,0.4137921156643918,0.6752943121693121,,large
context,3,protein_binding,fnn_anchor,expected,9,44,29,0.003479200510897562,0.928061118297786,0.9982588840020922,0.6325926631282677,0.41154042427343396,0.6743635762385762,,large
context,3,protein_binding,fnn_anchor,observed,0,44,29,0.08622319980651594,0.8886964757642662,0.9559167328766057,0.5919080607051199,0.41492878666824917,0.6760551948051948,,large
context,3,protein_binding,fnn_anchor,observed,1,44,29,0.350112557476295,0.7494669167462837,0.8061559666241421,0.5020817665981524,0.4126599563201043,0.6751082251082251,,large
context,3,protein_binding,fnn_anchor,observed,2,44,29,0.36553569249373385,0.7405203399400017,0.7965326782413049,0.48197628360354544,0.4118674538154719,0.6747967772967773,,large
context,3,protein_binding,fnn_anchor,observed,4,44,29,0.4103175263583694,0.7139084199539826,0.7679078549159597,0.4614453981139443,0.4137921156643918,0.6752943121693121,,large
context,3,protein_binding,fnn_anchor,observed,9,44,29,0.4448963237931066,0.6926605379865132,0.7450528009523173,0.44206290404001874,0.41154042427343396,0.6743635762385762,,large
context,3,protein_binding,fnn_ridge,expected,0,44,29,0.08622319980651594,0.8886964757642662,0.9559167328766057,0.5919080607051199,0.41492878666824917,0.6760551948051948,,large
context,3,protein_binding,fnn_ridge,expected,1,44,29,0.08622319980651594,0.8886964757642662,0.9559167328766057,0.5919080607051199,0.41492878666824917,0.6760551948051948,,large
context,3,protein_binding,fnn_ridge,expected,2,44,29,0.08622319980651594,0.8886964757642662,0.9559167328766057,0.5919080607051199,0.41492878666824917,0.6760551948051948,,large
context,3,protein_binding,fnn_ridge,expected,4,44,29,0.08622319980651594,0.8886964757642662,0.9559167328766057,0.5919080607051199,0.41492878666824917,0.6760551948051948,,large
context,3,protein_binding,fnn_ridge,expected,9,44,29,0.08622319980651594,0.8886964757642662,0.9559167328766057,0.5919080607051199,0.41492878666824917,0.6760551948051948,,large
context,3,protein_binding,fnn_ridge,observed,0,44,29,0.08622319980651594,0.8886964757642662,0.9559167328766057,0.5919080607051199,0.41492878666824917,0.6760551948051948,,large
context,3,protein_binding,fnn_ridge,observed,1,44,29,0.2266373465273227,0.8175700845936801,0.8794104010487238,0.5296261224060347,0.41492878666824917,0.6760551948051948,,large
context,3,protein_binding,fnn_ridge,observed,2,44,29,0.3148260696259807,0.7695446254280833,0.8277523363748479,0.48759801132209374,0.41492878666824917,0.6760551948051948,,large
context,3,protein_binding,fnn_ridge,observed,4,44,29,0.38319181592280527,0.7301438943367735,0.7853713669832857,0.45888492521914565,0.4151231007452942,0.6761393698893698,,large
context,3,protein_binding,fnn_ridge,observed,9,44,29,0.4451586203026171,0.6924968713452097,0.7448767547033421,0.42670699218908936,0.41504734314018576,0.6762151274651274,,large
context,3,protein_binding,gp_both,expected,0,44,29,0.13769951935990776,0.8633019228279258,0.9286013572249894,0.5788184157854191,0.4219080422586272,0.6843632756132757,,large
context,3,protein_binding,gp_both,expected,1,44,29,0.13769951935990776,0.8633019228279258,0.9286013572249894,0.5788184157854191,0.4219080422586272,0.6843632756132757,,large
context,3,protein_binding,gp_both,expected,2,44,29,0.13769951935990776,0.8633019228279258,0.9286013572249894,0.5788184157854191,0.4219080422586272,0.6843632756132757,,large
context,3,protein_binding,gp_both,expected,4,44,29,0.13769951935990776,0.8633019228279258,0.9286013572249894,0.5788184157854191,0.4219080422586272,0.6843632756132757,,large
context,3,protein_binding,gp_both,expected,9,44,29,0.13769951935990776,0.8633019228279258,0.9286013572249894,0.5788184157854191,0.4219080422586272,0.6843632756132757,,large
context,3,protein_binding,gp_both,observed,0,44,29,0.13769951935990776,0.8633019228279258,0.9286013572249894,0.5788184157854191,0.4219080422586272,0.6843632756132757,,large
context,3,protein_binding,gp_both,observed,1,44,29,0.3495091250646175,0.7498147829050631,0.8065301450878215,0.4928191049920454,0.4238869137895827,0.6852113395863395,,large
context,3,protein_binding,gp_both,observed,2,44,29,0.3937199325775367,0.7238857696769073,0.7786398830155461,0.45785758947023436,0.41524946318369677,0.6793647787397789,,large
context,3,protein_binding,gp_both,observed,4,44,29,0.43845640404561403,0.6966668304733715,0.7493621260474711,0.43531176240557196,0.4134611137358064,0.6785699254449254,,large
context,3,protein_binding,gp_both,observed,9,44,29,0.5207291877172004,0.6436116322900346,0.692293877109136,0.39760026685082345,0.4462989808255184,0.6949461880711881,,large
context,3,protein_binding,gp_deep_kernel,expected,0,44,29,0.1912118425955167,0.8360856814222395,0.8993265021139337,0.5587264418337387,0.43904363424532866,0.6888753607503606,,large
context,3,protein_binding,gp_deep_kernel,expected,1,44,29,0.1912118425955167,0.8360856814222395,0.8993265021139337,0.5587264418337387,0.43904363424532866,0.6888753607503606,,large
context,3,protein_binding,gp_deep_kernel,expected,2,44,29,0.1912118425955167,0.8360856814222395,0.8993265021139337,0.5587264418337387,0.43904363424532866,0.6888753607503606,,large
context,3,protein_binding,gp_deep_kernel,expected,4,44,29,0.1912118425955167,0.8360856814222395,0.8993265021139337,0.5587264418337387,0.43904363424532866,0.6888753607503606,,large
context,3,protein_binding,gp_deep_kernel,expected,9,44,29,0.1912118425955167,0.8360856814222395,0.8993265021139337,0.5587264418337387,0.43904363424532866,0.6888753607503606,,large
context,3,protein_binding,gp_deep_kernel,observed,0,44,29,0.1912118425955167,0.8360856814222395,0.8993265021139337,0.5587264418337387,0.43904363424532866,0.6888753607503606,,large
context,3,protein_binding,gp_deep_kernel,observed,1,44,29,0.3655798557739667,0.740494566719957,0.7965049555564819,0.47600479626092507,0.4598529851471946,0.6983835377585378,,large
context,3,protein_binding,gp_deep_kernel,observed,2,44,29,0.38762848297973707,0.7275132129456519,0.7825417030550276,0.4455851867002009,0.45707140582204536,0.6953637566137565,,large
context,3,protein_binding,gp_deep_kernel,observed,4,44,29,0.44697091555294033,0.6913649845283479,0.7436592529156479,0.41659463117817325,0.4680451134895421,0.7029410173160172,,large
context,3,protein_binding,gp_deep_kernel,observed,9,44,29,0.5279982018990055,0.6387122132441468,0.6870238701100526,0.3768518353886831,0.5266388268985065,0.7313843795093795,,large
context,3,protein_binding,gp_linear,expected,0,44,29,0.14681203100303586,0.8587282602100123,0.9236817465972597,0.572889306618086,0.4194990047845225,0.6801491101491103,,large
context,3,protein_binding,gp_linear,expected,1,44,29,0.14681203100303586,0.8587282602100123,0.9236817465972597,0.572889306618086,0.4194990047845225,0.6801491101491103,,large
context,3,protein_binding,gp_linear,expected,2,44,29,0.14681203100303586,0.8587282602100123,0.9236817465972597,0.572889306618086,0.4194990047845225,0.6801491101491103,,large
context,3,protein_binding,gp_linear,expected,4,44,29,0.14681203100303586,0.8587282602100123,0.9236817465972597,0.572889306618086,0.4194990047845225,0.6801491101491103,,large
context,3,protein_binding,gp_linear,expected,9,44,29,0.14681203100303586,0.8587282602100123,0.9236817465972597,0.572889306618086,0.4194990047845225,0.6801491101491103,,large
context,3,protein_binding,gp_linear,observed,0,44,29,0.14681203100303586,0.8587282602100123,0.9236817465972597,0.572889306618086,0.4194990047845225,0.6801491101491103,,large
context,3,protein_binding,gp_linear,observed,1,44,29,0.36284577299726806,0.7420884606741609,0.7982194103144398,0.4811907283128436,0.45644489612513633,0.6958486652236653,,large
context,3,protein_binding,gp_linear,observed,2,44,29,0.41612494589868254,0.7103842995704531,0.7641171730181946,0.44238503599268203,0.45573510510650284,0.6954250841750841,,large
context,3,protein_binding,gp_linear,observed,4,44,29,0.4810884142162425,0.6696996589900526,0.720355180299106,0.41645237103083443,0.46859651336462227,0.7016101491101491,,large
context,3,protein_binding,gp_linear,observed,9,44,29,0.5563094261877786,0.6192606656326257,0.6661010237285494,0.37036506792627183,0.521436740683206,0.7269191919191919,,large
context,3,protein_binding,gp_neural_mean,expected,0,44,29,0.04930737710359412,0.9064700429439002,0.9750346777917214,0.6142834784956442,0.40564467337760673,0.6736014911014911,,large
context,3,protein_binding,gp_neural_mean,expected,1,44,29,0.04930737710359412,0.9064700429439002,0.9750346777917214,0.6142834784956442,0.40564467337760673,0.6736014911014911,,large
context,3,protein_binding,gp_neural_mean,expected,2,44,29,0.04930737710359412,0.9064700429439002,0.9750346777917214,0.6142834784956442,0.40564467337760673,0.6736014911014911,,large
context,3,protein_binding,gp_neural_mean,expected,4,44,29,0.04930737710359412,0.9064700429439002,0.9750346777917214,0.6142834784956442,0.40564467337760673,0.6736014911014911,,large
context,3,protein_binding,gp_neural_mean,expected,9,44,29,0.04930737710359412,0.9064700429439002,0.9750346777917214,0.6142834784956442,0.40564467337760673,0.6736014911014911,,large
context,3,protein_binding,gp_neural_mean,observed,0,44,29,0.04930737710359412,0.9064700429439002,0.9750346777917214,0.6142834784956442,0.40564467337760673,0.6736014911014911,,large
context,3,protein_binding,gp_neural_mean,observed,1,44,29,0.312769255413315,0.7706988026217616,0.8289938145647922,0.5134025862581715,0.40900497887095405,0.6729013347763348,,large
context,3,protein_binding,gp_neural_mean,observed,2,44,29,0.37082059038893045,0.7374297340653863,0.7932083015268244,0.46845678937902396,0.4145708590184085,0.6749500962000963,,large
context,3,protein_binding,gp_neural_mean,observed,4,44,29,0.4471507940727988,0.6912525385216823,0.7435383015872157,0.4369458130944985,0.4242164223860174,0.6787214405964405,,large
context,3,protein_binding,gp_neural_mean,observed,9,44,29,0.5258879479416667,0.6401384173738548,0.6885579511256357,0.38925937499346036,0.47098922343168687,0.7004434223184224,,large
context,3,protein_binding,memory,expected,0,44,29,0.04914015910379954,0.9065497592681333,0.9751204237919543,0.6134347856157656,0.3704283433740564,0.6574296536796536,,large
context,3,protein_binding,memory,expected,1,44,29,0.07750155218828592,0.892927536569645,0.9604678275776415,0.608040351601261,0.3722799016134531,0.658252465127465,,large
context,3,protein_binding,memory,expected,2,44,29,0.06971900659325281,0.8966861630257772,0.9645107533909341,0.6087892095428524,0.3728842542676086,0.658185125060125,,large
context,3,protein_binding,memory,expected,4,44,29,0.06974523358782336,0.896673523001391,0.9644971572856897,0.6085340982743285,0.37420165389494014,0.6590058321308322,,large
context,3,protein_binding,memory,expected,9,44,29,0.06532711327236418,0.8988003161135708,0.966784819247611,0.6092189453768008,0.37160401812500576,0.6580167748917749,,large
context,3,protein_binding,memory,observed,0,44,29,0.04914015910379954,0.9065497592681333,0.9751204237919543,0.6134347856157656,0.3704283433740564,0.6574296536796536,,large
context,3,protein_binding,memory,observed,1,44,29,0.27850529123778944,0.7896778734069515,0.8494084463685363,0.5298384566921176,0.37140009340293934,0.6577600408850408,,large
context,3,protein_binding,memory,observed,2,44,29,0.31270755794016014,0.7707333973353135,0.8290310259935028,0.49255795165444866,0.3709254908036779,0.6581289081289081,,large
context,3,protein_binding,memory,observed,4,44,29,0.3640229829004462,0.7414026002220125,0.7974816719521232,0.46994148492361565,0.3703583502944446,0.6567857142857142,,large
context,3,protein_binding,memory,observed,9,44,29,0.4063580984139372,0.7163011821727361,0.7704816036649174,0.44537195143826075,0.37075125544303744,0.6568698893698893,,large
context,3,protein_binding,previous_delta,observed,0,44,29,0.07591999060738441,0.8936926385056858,0.9612908037595156,0.6128739343722752,0.39721921903477936,0.6723737373737374,,large
context,3,protein_binding,previous_delta,observed,1,44,29,0.07591999060738441,0.8936926385056858,0.9612908037595156,0.6128739343722752,0.39721921903477936,0.6723737373737374,,large
context,3,protein_binding,previous_delta,observed,2,44,29,0.07591999060738441,0.8936926385056858,0.9612908037595156,0.6128739343722752,0.39721921903477936,0.6723737373737374,,large
context,3,protein_binding,previous_delta,observed,4,44,29,0.07591999060738441,0.8936926385056858,0.9612908037595156,0.6128739343722752,0.39721921903477936,0.6723737373737374,,large
context,3,protein_binding,previous_delta,observed,9,44,29,0.07591999060738441,0.8936926385056858,0.9612908037595156,0.6128739343722752,0.39721921903477936,0.6723737373737374,,large
context,3,protein_binding,previous_delta_anchor,observed,0,44,29,0.07591999060738441,0.8936926385056858,0.9612908037595156,0.6128739343722752,0.39721921903477936,0.6723737373737374,,large
context,3,protein_binding,previous_delta_anchor,observed,1,44,29,0.33319478853517737,0.7591592458163922,0.8165814175358282,0.52850163103479,0.39499200102192566,0.6714962121212121,,large
context,3,protein_binding,previous_delta_anchor,observed,2,44,29,0.3674126718519716,0.7394241605303273,0.7953535868706625,0.5004651732306856,0.3989476383103947,0.6735606060606061,,large
context,3,protein_binding,previous_delta_anchor,observed,4,44,29,0.4109311201217921,0.7135368928683301,0.7675082278895828,0.47773593868932385,0.3951710695412167,0.672121212121212,,large
context,3,protein_binding,previous_delta_anchor,observed,9,44,29,0.461059931670605,0.6825015303344935,0.7341253764374277,0.4507847860332175,0.40751280727435274,0.6775910894660895,,large
context,3,protein_binding,previous_gp,expected,0,44,29,-2.4548226413667558,1.728010079989178,1.8587153201517321,1.2905765198567307,0.1801746501162471,0.5821302308802309,,large
context,3,protein_binding,previous_gp,expected,1,44,29,-2.4548226413667558,1.728010079989178,1.8587153201517321,1.2905765198567307,0.1801746501162471,0.5821302308802309,,large
context,3,protein_binding,previous_gp,expected,2,44,29,-2.4548226413667558,1.728010079989178,1.8587153201517321,1.2905765198567307,0.1801746501162471,0.5821302308802309,,large
context,3,protein_binding,previous_gp,expected,4,44,29,-2.4548226413667558,1.728010079989178,1.8587153201517321,1.2905765198567307,0.1801746501162471,0.5821302308802309,,large
context,3,protein_binding,previous_gp,expected,9,44,29,-2.4548226413667558,1.728010079989178,1.8587153201517321,1.2905765198567307,0.1801746501162471,0.5821302308802309,,large
context,3,protein_binding,previous_gp,observed,0,44,29,-2.4548226413667558,1.728010079989178,1.8587153201517321,1.2905765198567307,0.1801746501162471,0.5821302308802309,,large
context,3,protein_binding,previous_gp,observed,1,44,29,-1.2361545433591714,1.3902224594969075,1.4953777259806873,1.0326932794159904,0.18438384632487503,0.5802002164502165,,large
context,3,protein_binding,previous_gp,observed,2,44,29,-0.9936829688380342,1.312687780178686,1.4119783882333448,0.9602534494781665,0.21019945298904605,0.5915007215007215,,large
context,3,protein_binding,previous_gp,observed,4,44,29,-0.6006263165821317,1.1761924016612586,1.2651586132110597,0.8565749711426647,0.22503383675142113,0.5960335497835497,,large
context,3,protein_binding,previous_gp,observed,9,44,29,-0.2582018799547561,1.0428180935423887,1.1216959837472702,0.729150301340637,0.30111446238274736,0.6308116883116882,,large
context,3,protein_binding,residual_memory,expected,0,44,29,0.044195902625964734,0.9089036303650416,0.977652339727183,0.6136610654177087,0.39835123333590805,0.6711760461760462,,large
context,3,protein_binding,residual_memory,expected,1,44,29,0.046803319425383294,0.9076630471405656,0.9763179198266396,0.6139872113366922,0.3983917407145856,0.6711486892736893,,large
context,3,protein_binding,residual_memory,expected,2,44,29,0.04471326029727318,0.9086576113767044,0.9773877120686175,0.6144424996773402,0.3986190133775123,0.6713002044252044,,large
context,3,protein_binding,residual_memory,expected,4,44,29,0.044282097570745416,0.9088626467237406,0.9776082561175793,0.6143782045398697,0.39848127458432714,0.6711486892736892,,large
context,3,protein_binding,residual_memory,expected,9,44,29,0.0435710318641066,0.9092006862732085,0.977971864695449,0.6145046394024832,0.398208507061983,0.6710350529100528,,large
context,3,protein_binding,residual_memory,observed,0,44,29,0.044195902625964734,0.9089036303650416,0.977652339727183,0.6136610654177087,0.39835123333590805,0.6711760461760462,,large
context,3,protein_binding,residual_memory,observed,1,44,29,0.29271284262111674,0.7818641139964081,0.8410036607404769,0.5221762857653877,0.39935773059236584,0.6715632515632515,,large
context,3,protein_binding,residual_memory,observed,2,44,29,0.32542873687473084,0.7635672840115197,0.8213228738597684,0.4833768785586862,0.4023881524998808,0.6724359668109668,,large
context,3,protein_binding,residual_memory,observed,4,44,29,0.3748973366813957,0.7350367762251427,0.790634342359731,0.4625462603535164,0.4043769622089888,0.6738266594516594,,large
context,3,protein_binding,residual_memory,observed,9,44,29,0.4211139829225874,0.7073427781393012,0.7608455934533712,0.44300361277479117,0.4014499447205001,0.6728360990860991,,large
context,3,macro,fnn,observed,0,580,392,0.037154610252146926,,0.9812468546435466,,0.21573857850303554,0.5908659955395108,6.0,large
context,3,macro,fnn,observed,1,580,392,0.037154610252658406,,0.9812468546432859,,0.21573857850303554,0.5908659955395108,6.0,large
context,3,macro,fnn,observed,2,580,392,0.037154610252658406,,0.9812468546432859,,0.21573857850303554,0.5908659955395108,6.0,large
context,3,macro,fnn,observed,4,580,392,0.037154610252658406,,0.9812468546432859,,0.21573857850303554,0.5908659955395108,6.0,large
context,3,macro,fnn,observed,9,580,392,0.037154610252658406,,0.9812468546432859,,0.21573857850303554,0.5908659955395108,6.0,large
context,3,macro,fnn_anchor,expected,0,580,392,0.037154610252146926,,0.9812468546435466,,0.21573857850303554,0.5908659955395108,6.0,large
context,3,macro,fnn_anchor,expected,1,580,392,0.0005618324127658983,,0.9997190443255716,,0.21624503973593934,0.5912777391048686,6.0,large
context,3,macro,fnn_anchor,expected,2,580,392,-0.011369589063719968,,1.0056687272972746,,0.21618042580283772,0.5909365233607372,6.0,large
context,3,macro,fnn_anchor,expected,4,580,392,-0.024168975557868472,,1.0120123396272738,,0.21850425470781729,0.5921048800881165,6.0,large
context,3,macro,fnn_anchor,expected,9,580,392,-0.032180485214280206,,1.0159628365320654,,0.218072776111406,0.5916626574627287,6.0,large
context,3,macro,fnn_anchor,observed,0,580,392,0.037154610252146926,,0.9812468546435466,,0.21573857850303554,0.5908659955395108,6.0,large
context,3,macro,fnn_anchor,observed,1,580,392,0.28082726489347337,,0.8480405268066654,,0.21625065496729046,0.5912808014230434,6.0,large
context,3,macro,fnn_anchor,observed,2,580,392,0.3441151643029618,,0.8098671716380644,,0.21617680669023365,0.5909347370084684,6.0,large
context,3,macro,fnn_anchor,observed,4,580,392,0.40776867508712344,,0.7695656729044484,,0.21850461420857928,0.5921057732642508,6.0,large
context,3,macro,fnn_anchor,observed,9,580,392,0.4531936840151816,,0.7394635325591238,,0.21807319376981904,0.5916617642865946,6.0,large
context,3,macro,fnn_ridge,expected,0,580,392,0.037154610252146926,,0.9812468546435466,,0.21573857850303554,0.5908659955395108,6.0,large
context,3,macro,fnn_ridge,expected,1,580,392,0.037154610252658406,,0.9812468546432859,,0.21573857850303554,0.5908659955395108,6.0,large
context,3,macro,fnn_ridge,expected,2,580,392,0.037154610252658406,,0.9812468546432859,,0.21573857850303554,0.5908659955395108,6.0,large
context,3,macro,fnn_ridge,expected,4,580,392,0.037154610252658406,,0.9812468546432859,,0.21573857850303554,0.5908659955395108,6.0,large
context,3,macro,fnn_ridge,expected,9,580,392,0.037154610252658406,,0.9812468546432859,,0.21573857850303554,0.5908659955395108,6.0,large
context,3,macro,fnn_ridge,observed,0,580,392,0.037154610252146926,,0.9812468546435466,,0.21573857850303554,0.5908659955395108,6.0,large
context,3,macro,fnn_ridge,observed,1,580,392,0.2667043842350787,,0.8563268159791104,,0.21589195184290588,0.5909669403105099,6.0,large
context,3,macro,fnn_ridge,observed,2,580,392,0.3433618156797551,,0.8103321444446375,,0.21623255967891897,0.5911327071202838,6.0,large
context,3,macro,fnn_ridge,observed,4,580,392,0.41397364779487056,,0.7655235804370297,,0.21643776305506768,0.5912122269927148,6.0,large
context,3,macro,fnn_ridge,observed,9,580,392,0.4679727853640736,,0.7294019568358221,,0.21786388398803624,0.591822148577575,6.0,large
context,3,macro,gp_both,expected,0,580,392,0.08716784822251383,,0.9554224990952884,,0.259789543711093,0.6102918848653627,6.0,large
context,3,macro,gp_both,expected,1,580,392,0.08716784822243838,,0.9554224990953277,,0.259789543711093,0.6102918848653627,6.0,large
context,3,macro,gp_both,expected,2,580,392,0.08716784822243838,,0.9554224990953277,,0.259789543711093,0.6102918848653627,6.0,large
context,3,macro,gp_both,expected,4,580,392,0.08716784822243838,,0.9554224990953277,,0.259789543711093,0.6102918848653627,6.0,large
context,3,macro,gp_both,expected,9,580,392,0.08716784822243838,,0.9554224990953277,,0.259789543711093,0.6102918848653627,6.0,large
context,3,macro,gp_both,observed,0,580,392,0.08716784822251383,,0.9554224990952884,,0.259789543711093,0.6102918848653627,6.0,large
context,3,macro,gp_both,observed,1,580,392,0.33008246600066354,,0.8184849015096959,,0.275425841201793,0.6170895476796187,6.0,large
context,3,macro,gp_both,observed,2,580,392,0.4051229153711309,,0.7712827527106185,,0.2970326065121212,0.6252547420857876,6.0,large
context,3,macro,gp_both,observed,4,580,392,0.46995053652456553,,0.7280449597898708,,0.32550677605121753,0.6379245185683738,6.0,large
context,3,macro,gp_both,observed,9,580,392,0.5491068946896771,,0.6714857446813915,,0.3723512870158816,0.6588311344759437,6.0,large
context,3,macro,gp_deep_kernel,expected,0,580,392,0.10710065654419841,,0.9449335127170597,,0.2457150664064879,0.6043771613398907,6.0,large
context,3,macro,gp_deep_kernel,expected,1,580,392,0.10710065654368033,,0.9449335127173338,,0.2457150664064879,0.6043771613398907,6.0,large
context,3,macro,gp_deep_kernel,expected,2,580,392,0.10710065654368033,,0.9449335127173338,,0.2457150664064879,0.6043771613398907,6.0,large
context,3,macro,gp_deep_kernel,expected,4,580,392,0.10710065654368033,,0.9449335127173338,,0.2457150664064879,0.6043771613398907,6.0,large
context,3,macro,gp_deep_kernel,expected,9,580,392,0.10710065654368033,,0.9449335127173338,,0.2457150664064879,0.6043771613398907,6.0,large
context,3,macro,gp_deep_kernel,observed,0,580,392,0.10710065654419841,,0.9449335127170597,,0.2457150664064879,0.6043771613398907,6.0,large
context,3,macro,gp_deep_kernel,observed,1,580,392,0.3258209657258066,,0.8210840604190252,,0.2616029527875273,0.6115827385944834,6.0,large
context,3,macro,gp_deep_kernel,observed,2,580,392,0.3985882528654275,,0.7755074126883459,,0.287642664639948,0.6224055108548817,6.0,large
context,3,macro,gp_deep_kernel,observed,4,580,392,0.46713794195523617,,0.7299740118968372,,0.3190027135306437,0.6359933653484301,6.0,large
context,3,macro,gp_deep_kernel,observed,9,580,392,0.5494005003325074,,0.6712670851959691,,0.384037891008647,0.6642898115665511,6.0,large
context,3,macro,gp_linear,expected,0,580,392,0.08132937080654247,,0.9584730717101329,,0.2283370229048216,0.5979946683634182,6.0,large
context,3,macro,gp_linear,expected,1,580,392,0.08132937080619945,,0.9584730717103118,,0.2283370229048216,0.5979946683634182,6.0,large
context,3,macro,gp_linear,expected,2,580,392,0.08132937080619945,,0.9584730717103118,,0.2283370229048216,0.5979946683634182,6.0,large
context,3,macro,gp_linear,expected,4,580,392,0.08132937080619945,,0.9584730717103118,,0.2283370229048216,0.5979946683634182,6.0,large
context,3,macro,gp_linear,expected,9,580,392,0.08132937080619945,,0.9584730717103118,,0.2283370229048216,0.5979946683634182,6.0,large
context,3,macro,gp_linear,observed,0,580,392,0.08132937080654247,,0.9584730717101329,,0.2283370229048216,0.5979946683634182,6.0,large
context,3,macro,gp_linear,observed,1,580,392,0.3294071776639836,,0.8188973209969712,,0.2576934761590299,0.6106711761878877,6.0,large
context,3,macro,gp_linear,observed,2,580,392,0.41843135229756045,,0.7626064828615342,,0.28712195580322813,0.6220333108416278,6.0,large
context,3,macro,gp_linear,observed,4,580,392,0.4977082521941729,,0.7087254389436201,,0.3308528321876348,0.640635332199883,6.0,large
context,3,macro,gp_linear,observed,9,580,392,0.5789746763260645,,0.6488646420278543,,0.39923505259761827,0.6695643429902658,6.0,large
context,3,macro,gp_neural_mean,expected,0,580,392,0.027406177759041788,,0.9862017147830144,,0.23686010816137695,0.6004030801888607,6.0,large
context,3,macro,gp_neural_mean,expected,1,580,392,0.027406177759041788,,0.9862017147830144,,0.23686010816137695,0.6004030801888607,6.0,large
context,3,macro,gp_neural_mean,expected,2,580,392,0.027406177759041788,,0.9862017147830144,,0.23686010816137695,0.6004030801888607,6.0,large
context,3,macro,gp_neural_mean,expected,4,580,392,0.027406177759041788,,0.9862017147830144,,0.23686010816137695,0.6004030801888607,6.0,large
context,3,macro,gp_neural_mean,expected,9,580,392,0.027406177759041788,,0.9862017147830144,,0.23686010816137695,0.6004030801888607,6.0,large
context,3,macro,gp_neural_mean,observed,0,580,392,0.027406177759041788,,0.9862017147830144,,0.23686010816137695,0.6004030801888607,6.0,large
context,3,macro,gp_neural_mean,observed,1,580,392,0.31033110493911437,,0.8304630606239423,,0.26778052180123896,0.613203303472064,6.0,large
context,3,macro,gp_neural_mean,observed,2,580,392,0.4041908769874789,,0.7718867293926752,,0.2965832060018324,0.6252350250049429,6.0,large
context,3,macro,gp_neural_mean,observed,4,580,392,0.4904044596528183,,0.7138596082894603,,0.3374281401211145,0.6425275229366297,6.0,large
context,3,macro,gp_neural_mean,observed,9,580,392,0.5716663983415021,,0.6544720021960434,,0.4009118858381005,0.6702464059725339,6.0,large
context,3,macro,memory,expected,0,580,392,0.006267765011224021,,0.9968611914347835,,0.22154657390404564,0.5932862062967,6.0,large
context,3,macro,memory,expected,1,580,392,-0.006101754113395974,,1.0030462372759275,,0.22317452093035747,0.5938385257439164,6.0,large
context,3,macro,memory,expected,2,580,392,-0.008108508847555318,,1.0040460690862523,,0.22294322151976764,0.5939840674433102,6.0,large
context,3,macro,memory,expected,4,580,392,-0.008115574049866237,,1.004049587445693,,0.22404083901350336,0.5939193654455419,6.0,large
context,3,macro,memory,expected,9,580,392,-0.009150960317073428,,1.0045650602708984,,0.221276354911877,0.59314362322776,6.0,large
context,3,macro,memory,observed,0,580,392,0.006267765011224021,,0.9968611914347835,,0.22154657390404564,0.5932862062967,6.0,large
context,3,macro,memory,observed,1,580,392,0.23519571892349522,,0.8745308920081124,,0.22225602420984103,0.5937472333447027,6.0,large
context,3,macro,memory,observed,2,580,392,0.3182006082255063,,0.8257114458298939,,0.21708380016872283,0.5918686438047825,6.0,large
context,3,macro,memory,observed,4,580,392,0.3843786211954421,,0.7846154337027522,,0.22425938118786404,0.5945382051880661,6.0,large
context,3,macro,memory,observed,9,580,392,0.4325392149675231,,0.753299930328204,,0.23583668991827714,0.5994897502783606,6.0,large
context,3,macro,previous_delta,observed,0,580,392,-0.03307360096178513,,1.016402283036488,,0.21667033372591052,0.5918251312370846,6.0,large
context,3,macro,previous_delta,observed,1,580,392,-0.03307360096178513,,1.016402283036488,,0.21667033372591052,0.5918251312370846,6.0,large
context,3,macro,previous_delta,observed,2,580,392,-0.03307360096178513,,1.016402283036488,,0.21667033372591052,0.5918251312370846,6.0,large
context,3,macro,previous_delta,observed,4,580,392,-0.03307360096178513,,1.016402283036488,,0.21667033372591052,0.5918251312370846,6.0,large
context,3,macro,previous_delta,observed,9,580,392,-0.03307360096178513,,1.016402283036488,,0.21667033372591052,0.5918251312370846,6.0,large
context,3,macro,previous_delta_anchor,observed,0,580,392,-0.03307360096178513,,1.016402283036488,,0.21667033372591052,0.5918251312370846,6.0,large
context,3,macro,previous_delta_anchor,observed,1,580,392,0.22157201580404395,,0.8822856590673771,,0.21620633300232925,0.5917883751213285,6.0,large
context,3,macro,previous_delta_anchor,observed,2,580,392,0.299655468704211,,0.8368658980361124,,0.21866618974995244,0.5931637867114491,6.0,large
context,3,macro,previous_delta_anchor,observed,4,580,392,0.36560884983891756,,0.7964867545421471,,0.2189275159563676,0.5930749478420693,6.0,large
context,3,macro,previous_delta_anchor,observed,9,580,392,0.41622934306392523,,0.7640488576891368,,0.22080102726164216,0.5940497896406146,6.0,large
context,3,macro,previous_gp,expected,0,580,392,-1.4186932697541559,,1.5552148628900626,,0.13366096752358586,0.5586436714557239,6.0,large
context,3,macro,previous_gp,expected,1,580,392,-1.4186932697541559,,1.5552148628900626,,0.13366096752358586,0.5586436714557239,6.0,large
context,3,macro,previous_gp,expected,2,580,392,-1.4186932697541559,,1.5552148628900626,,0.13366096752358586,0.5586436714557239,6.0,large
context,3,macro,previous_gp,expected,4,580,392,-1.4186932697541559,,1.5552148628900626,,0.13366096752358586,0.5586436714557239,6.0,large
context,3,macro,previous_gp,expected,9,580,392,-1.4186932697541559,,1.5552148628900626,,0.13366096752358586,0.5586436714557239,6.0,large
context,3,macro,previous_gp,observed,0,580,392,-1.4186932697541559,,1.5552148628900626,,0.13366096752358586,0.5586436714557239,6.0,large
context,3,macro,previous_gp,observed,1,580,392,-0.6587431727031404,,1.287922036733257,,0.15362800926773443,0.5655060935880318,6.0,large
context,3,macro,previous_gp,observed,2,580,392,-0.42288460226453806,,1.192847266947675,,0.1731949507707546,0.5744017944888739,6.0,large
context,3,macro,previous_gp,observed,4,580,392,-0.16150193162849247,,1.0777299901313373,,0.19987448363637386,0.5852087694176348,6.0,large
context,3,macro,previous_gp,observed,9,580,392,0.0843723156937458,,0.9568843630796012,,0.2661166701635204,0.6144614415624873,6.0,large
context,3,macro,residual_memory,expected,0,580,392,0.01801530913753054,,0.9909514069128059,,0.21755019937372985,0.5924680497836606,6.0,large
context,3,macro,residual_memory,expected,1,580,392,0.014578016892495401,,0.9926842313180484,,0.21742485952107285,0.592508914939624,6.0,large
context,3,macro,residual_memory,expected,2,580,392,0.014689622035906588,,0.9926280159073153,,0.21752824705870719,0.5925810533761313,6.0,large
context,3,macro,residual_memory,expected,4,580,392,0.014896335120058815,,0.9925238863019576,,0.217472668396274,0.5925348808674167,6.0,large
context,3,macro,residual_memory,expected,9,580,392,0.015200492114689915,,0.9923706504554184,,0.21749331705444472,0.5925661444296565,6.0,large
context,3,macro,residual_memory,observed,0,580,392,0.01801530913753054,,0.9909514069128059,,0.21755019937372985,0.5924680497836606,6.0,large
context,3,macro,residual_memory,observed,1,580,392,0.24557349758821578,,0.868577286378008,,0.2174164009916679,0.5924454961525377,6.0,large
context,3,macro,residual_memory,observed,2,580,392,0.3512868078841184,,0.80542733509354,,0.22153063208013898,0.5943960535649305,6.0,large
context,3,macro,residual_memory,observed,4,580,392,0.4192854330824128,,0.7620463023449344,,0.2243197487904672,0.5953241035359599,6.0,large
context,3,macro,residual_memory,observed,9,580,392,0.46761522654057647,,0.7296470197701238,,0.23228150100217912,0.5991203451597481,6.0,large
context,3,cellular_clearance,fnn,observed,0,107,62,-0.010850942900067162,0.6503901042349809,1.0054108328937317,0.48218560443721087,0.15547516800344202,0.5720538907844204,,medium
context,3,cellular_clearance,fnn,observed,1,107,62,-0.010850942900067162,0.6503901042349809,1.0054108328937317,0.48218560443721087,0.15547516800344202,0.5720538907844204,,medium
context,3,cellular_clearance,fnn,observed,2,107,62,-0.010850942900067162,0.6503901042349809,1.0054108328937317,0.48218560443721087,0.15547516800344202,0.5720538907844204,,medium
context,3,cellular_clearance,fnn,observed,4,107,62,-0.010850942900067162,0.6503901042349809,1.0054108328937317,0.48218560443721087,0.15547516800344202,0.5720538907844204,,medium
context,3,cellular_clearance,fnn_anchor,expected,0,107,62,-0.010850942900067162,0.6503901042349809,1.0054108328937317,0.48218560443721087,0.15547516800344202,0.5720538907844204,,medium
context,3,cellular_clearance,fnn_anchor,expected,1,107,62,-0.051985720688016324,0.6634913831101928,1.0256635514085584,0.496156925829524,0.15032523141701662,0.5702840412731378,,medium
context,3,cellular_clearance,fnn_anchor,expected,2,107,62,-0.06953972065718328,0.6690041681022226,1.0341855349293874,0.5011205617907077,0.1517023765356423,0.5710474047701461,,medium
context,3,cellular_clearance,fnn_anchor,expected,4,107,62,-0.07642728147119904,0.67115481866762,1.037510135599262,0.5036477595625729,0.15569808060883686,0.5733751998549506,,medium
context,3,cellular_clearance,fnn_anchor,observed,0,107,62,-0.010850942900067162,0.6503901042349809,1.0054108328937317,0.48218560443721087,0.15547516800344202,0.5720538907844204,,medium
context,3,cellular_clearance,fnn_anchor,observed,1,107,62,0.26623488246459615,0.5541264688568207,0.856600909137624,0.41712742190835145,0.15032523141701662,0.5702840412731378,,medium
context,3,cellular_clearance,fnn_anchor,observed,2,107,62,0.3383486633167424,0.526192873155049,0.8134195330106461,0.3961111389131498,0.1517023765356423,0.5710474047701461,,medium
context,3,cellular_clearance,fnn_anchor,observed,4,107,62,0.4121385525647293,0.49598421422883465,0.7667212318928378,0.37761829773182687,0.15569808060883686,0.5733751998549506,,medium
context,3,cellular_clearance,fnn_ridge,expected,0,107,62,-0.010850942900067162,0.6503901042349809,1.0054108328937317,0.48218560443721087,0.15547516800344202,0.5720538907844204,,medium
context,3,cellular_clearance,fnn_ridge,expected,1,107,62,-0.010850942900067162,0.6503901042349809,1.0054108328937317,0.48218560443721087,0.15547516800344202,0.5720538907844204,,medium
context,3,cellular_clearance,fnn_ridge,expected,2,107,62,-0.010850942900067162,0.6503901042349809,1.0054108328937317,0.48218560443721087,0.15547516800344202,0.5720538907844204,,medium
context,3,cellular_clearance,fnn_ridge,expected,4,107,62,-0.010850942900067162,0.6503901042349809,1.0054108328937317,0.48218560443721087,0.15547516800344202,0.5720538907844204,,medium
context,3,cellular_clearance,fnn_ridge,observed,0,107,62,-0.010850942900067162,0.6503901042349809,1.0054108328937317,0.48218560443721087,0.15547516800344202,0.5720538907844204,,medium
context,3,cellular_clearance,fnn_ridge,observed,1,107,62,0.22784180820013722,0.5684385279862934,0.8787253221569655,0.418725210898638,0.15531940476356662,0.5719500486245034,,medium
context,3,cellular_clearance,fnn_ridge,observed,2,107,62,0.29790869438659995,0.5420347897333199,0.8379088886110471,0.39795887887725445,0.15531940476356662,0.5719500486245034,,medium
context,3,cellular_clearance,fnn_ridge,observed,4,107,62,0.3778833472147187,0.5102303379105269,0.7887437180639103,0.37795930625338925,0.1556309312433174,0.5721577329443372,,medium
context,3,cellular_clearance,gp_both,expected,0,107,62,0.10235388339067608,0.6128905748239853,0.9474418803332075,0.4526629044698965,0.23340973563732176,0.6068426626448432,,medium
context,3,cellular_clearance,gp_both,expected,1,107,62,0.10235388339067608,0.6128905748239853,0.9474418803332075,0.4526629044698965,0.23340973563732176,0.6068426626448432,,medium
context,3,cellular_clearance,gp_both,expected,2,107,62,0.10235388339067608,0.6128905748239853,0.9474418803332075,0.4526629044698965,0.23340973563732176,0.6068426626448432,,medium
context,3,cellular_clearance,gp_both,expected,4,107,62,0.10235388339067608,0.6128905748239853,0.9474418803332075,0.4526629044698965,0.23340973563732176,0.6068426626448432,,medium
context,3,cellular_clearance,gp_both,observed,0,107,62,0.10235388339067608,0.6128905748239853,0.9474418803332075,0.4526629044698965,0.23340973563732176,0.6068426626448432,,medium
context,3,cellular_clearance,gp_both,observed,1,107,62,0.3632332490163176,0.5162030351517279,0.7979766606760391,0.37926712464850565,0.2569309701566412,0.6175268670985183,,medium
context,3,cellular_clearance,gp_both,observed,2,107,62,0.45303250472371437,0.4784219794857842,0.7395725084643734,0.35141614689849987,0.273151610906971,0.624606883251743,,medium
context,3,cellular_clearance,gp_both,observed,4,107,62,0.550739663029528,0.433590146152457,0.670268854244677,0.3192393583432512,0.29852039880113584,0.638136651337586,,medium
context,3,cellular_clearance,gp_deep_kernel,expected,0,107,62,0.11543961659379043,0.6084068665997263,0.9405107035043299,0.4445845101471248,0.22542172616279507,0.6040920816232342,,medium
context,3,cellular_clearance,gp_deep_kernel,expected,1,107,62,0.11543961659379043,0.6084068665997263,0.9405107035043299,0.4445845101471248,0.22542172616279507,0.6040920816232342,,medium
context,3,cellular_clearance,gp_deep_kernel,expected,2,107,62,0.11543961659379043,0.6084068665997263,0.9405107035043299,0.4445845101471248,0.22542172616279507,0.6040920816232342,,medium
context,3,cellular_clearance,gp_deep_kernel,expected,4,107,62,0.11543961659379043,0.6084068665997263,0.9405107035043299,0.4445845101471248,0.22542172616279507,0.6040920816232342,,medium
context,3,cellular_clearance,gp_deep_kernel,observed,0,107,62,0.11543961659379043,0.6084068665997263,0.9405107035043299,0.4445845101471248,0.22542172616279507,0.6040920816232342,,medium
context,3,cellular_clearance,gp_deep_kernel,observed,1,107,62,0.3612306658830611,0.5170141076577803,0.7992304637067702,0.3761055096512926,0.2260244778277144,0.6045090985511546,,medium
context,3,cellular_clearance,gp_deep_kernel,observed,2,107,62,0.45122090955877825,0.47921360832075427,0.7407962543380074,0.3510800275233348,0.23764644975224342,0.6090470421467306,,medium
context,3,cellular_clearance,gp_deep_kernel,observed,4,107,62,0.5462889115609756,0.4357326076494766,0.6735807957765901,0.3188277719422716,0.250863843340812,0.6155056536287064,,medium
context,3,cellular_clearance,gp_linear,expected,0,107,62,0.08604131269699511,0.6184344117059142,0.9560118656706124,0.4553833413358912,0.18882151057624347,0.5851476866274373,,medium
context,3,cellular_clearance,gp_linear,expected,1,107,62,0.08604131269699511,0.6184344117059142,0.9560118656706124,0.4553833413358912,0.18882151057624347,0.5851476866274373,,medium
context,3,cellular_clearance,gp_linear,expected,2,107,62,0.08604131269699511,0.6184344117059142,0.9560118656706124,0.4553833413358912,0.18882151057624347,0.5851476866274373,,medium
context,3,cellular_clearance,gp_linear,expected,4,107,62,0.08604131269699511,0.6184344117059142,0.9560118656706124,0.4553833413358912,0.18882151057624347,0.5851476866274373,,medium
context,3,cellular_clearance,gp_linear,observed,0,107,62,0.08604131269699511,0.6184344117059142,0.9560118656706124,0.4553833413358912,0.18882151057624347,0.5851476866274373,,medium
context,3,cellular_clearance,gp_linear,observed,1,107,62,0.3581817478364797,0.5182465221071832,0.8011356016078178,0.3816027205347013,0.20293833838534134,0.5918123341409945,,medium
context,3,cellular_clearance,gp_linear,observed,2,107,62,0.4518197302229261,0.4789520811037678,0.7403919703623709,0.35480179357801545,0.23036098710728695,0.6041444147752558,,medium
context,3,cellular_clearance,gp_linear,observed,4,107,62,0.5569374226917523,0.4305889685687885,0.6656294594654354,0.31685388240014306,0.2686223277458686,0.6262722724950138,,medium
context,3,cellular_clearance,gp_neural_mean,expected,0,107,62,-0.023211316156939166,0.6543544071896782,1.0115390828618236,0.48964989859890473,0.19174194733539268,0.5889113468163312,,medium
context,3,cellular_clearance,gp_neural_mean,expected,1,107,62,-0.023211316156939166,0.6543544071896782,1.0115390828618236,0.48964989859890473,0.19174194733539268,0.5889113468163312,,medium
context,3,cellular_clearance,gp_neural_mean,expected,2,107,62,-0.023211316156939166,0.6543544071896782,1.0115390828618236,0.48964989859890473,0.19174194733539268,0.5889113468163312,,medium
context,3,cellular_clearance,gp_neural_mean,expected,4,107,62,-0.023211316156939166,0.6543544071896782,1.0115390828618236,0.48964989859890473,0.19174194733539268,0.5889113468163312,,medium
context,3,cellular_clearance,gp_neural_mean,observed,0,107,62,-0.023211316156939166,0.6543544071896782,1.0115390828618236,0.48964989859890473,0.19174194733539268,0.5889113468163312,,medium
context,3,cellular_clearance,gp_neural_mean,observed,1,107,62,0.3028398049122396,0.5401279557330527,0.8349611937615786,0.40088088051752474,0.2126278513226448,0.5986451070563221,,medium
context,3,cellular_clearance,gp_neural_mean,observed,2,107,62,0.4121940756113255,0.495960791018283,0.7666850229322825,0.36857234919009274,0.23427404880111338,0.6061819050915624,,medium
context,3,cellular_clearance,gp_neural_mean,observed,4,107,62,0.528608106084741,0.4441415660646605,0.6865798525410275,0.32923270965676105,0.27063377425316093,0.6260101946628425,,medium
context,3,cellular_clearance,memory,expected,0,107,62,-0.07436792939517356,0.6705125059988722,1.036517211335718,0.4979706052369664,0.18804233633539932,0.5864510705632201,,medium
context,3,cellular_clearance,memory,expected,1,107,62,-0.10751179807134603,0.6807764834789983,1.05238386441039,0.5082071781544322,0.18938209995496982,0.5872529627981342,,medium
context,3,cellular_clearance,memory,expected,2,107,62,-0.10664687479833646,0.6805106016927118,1.051972848888381,0.5075787743457776,0.1865393539809134,0.5864106875010302,,medium
context,3,cellular_clearance,memory,expected,4,107,62,-0.1086614520032323,0.6811297322471292,1.0529299368919245,0.5078995997814397,0.18291945644616434,0.5842819232227332,,medium
context,3,cellular_clearance,memory,observed,0,107,62,-0.07436792939517356,0.6705125059988722,1.036517211335718,0.4979706052369664,0.18804233633539932,0.5864510705632201,,medium
context,3,cellular_clearance,memory,observed,1,107,62,0.20527913365916783,0.5766836951484927,0.8914711808807013,0.42958343761237117,0.1849026419439355,0.5851126605020686,,medium
context,3,cellular_clearance,memory,observed,2,107,62,0.29351897734206334,0.5437266435866861,0.8405242546517838,0.4053292521388731,0.16819007377127468,0.5775163180537012,,medium
context,3,cellular_clearance,memory,observed,4,107,62,0.367188204154399,0.5145974709828754,0.7954946862459868,0.3843138674703482,0.17744994842528072,0.5827242908239793,,medium
context,3,cellular_clearance,previous_delta,observed,0,107,62,-0.09768743807960756,0.6777502899095442,1.0477057974830566,0.519067360563628,0.1842436150165835,0.5873640162191565,,medium
context,3,cellular_clearance,previous_delta,observed,1,107,62,-0.09768743807960756,0.6777502899095442,1.0477057974830566,0.519067360563628,0.1842436150165835,0.5873640162191565,,medium
context,3,cellular_clearance,previous_delta,observed,2,107,62,-0.09768743807960756,0.6777502899095442,1.0477057974830566,0.519067360563628,0.1842436150165835,0.5873640162191565,,medium
context,3,cellular_clearance,previous_delta,observed,4,107,62,-0.09768743807960756,0.6777502899095442,1.0477057974830566,0.519067360563628,0.1842436150165835,0.5873640162191565,,medium
context,3,cellular_clearance,previous_delta_anchor,observed,0,107,62,-0.09768743807960756,0.6777502899095442,1.0477057974830566,0.519067360563628,0.1842436150165835,0.5873640162191565,,medium
context,3,cellular_clearance,previous_delta_anchor,observed,1,107,62,0.20588120429219758,0.5764652101075277,0.8911334331668869,0.44874541050437855,0.18734936035465757,0.5883060129555457,,medium
context,3,cellular_clearance,previous_delta_anchor,observed,2,107,62,0.2830280848251112,0.547748802746592,0.8467419413108629,0.42769735689128646,0.18206559234820066,0.5840657914256046,,medium
context,3,cellular_clearance,previous_delta_anchor,observed,4,107,62,0.36008135154673293,0.5174790214137148,0.7999491536674485,0.40566068505651676,0.18296961845058285,0.5843253968253969,,medium
context,3,cellular_clearance,previous_gp,expected,0,107,62,-1.2917394671676936,0.9792937593772932,1.5138492220718989,0.7551805585801957,0.13504508681241092,0.5569883301191713,,medium
context,3,cellular_clearance,previous_gp,expected,1,107,62,-1.2917394671676936,0.9792937593772932,1.5138492220718989,0.7551805585801957,0.13504508681241092,0.5569883301191713,,medium
context,3,cellular_clearance,previous_gp,expected,2,107,62,-1.2917394671676936,0.9792937593772932,1.5138492220718989,0.7551805585801957,0.13504508681241092,0.5569883301191713,,medium
context,3,cellular_clearance,previous_gp,expected,4,107,62,-1.2917394671676936,0.9792937593772932,1.5138492220718989,0.7551805585801957,0.13504508681241092,0.5569883301191713,,medium
context,3,cellular_clearance,previous_gp,observed,0,107,62,-1.2917394671676936,0.9792937593772932,1.5138492220718989,0.7551805585801957,0.13504508681241092,0.5569883301191713,,medium
context,3,cellular_clearance,previous_gp,observed,1,107,62,-0.6047576971189703,0.8194738484364128,1.2667903130032887,0.6320244981181147,0.17279878394012438,0.5728978143697769,,medium
context,3,cellular_clearance,previous_gp,observed,2,107,62,-0.3480546178305546,0.7510763882045834,1.1610575428593342,0.5763942620859335,0.1792618257223394,0.5791110369381397,,medium
context,3,cellular_clearance,previous_gp,observed,4,107,62,-0.09557976422798742,0.6770993018052236,1.0466994622278103,0.5133327763015875,0.18775197012919184,0.5839613311575929,,medium
context,3,cellular_clearance,residual_memory,expected,0,107,62,-0.004299463905794054,0.6482790394556148,1.0021474262331835,0.48140301323792706,0.2131465992393252,0.5980954029240634,,medium
context,3,cellular_clearance,residual_memory,expected,1,107,62,-0.006623968066358454,0.6490288438817212,1.0033065175041764,0.48160444624636894,0.2123622359828886,0.5977031103199328,,medium
context,3,cellular_clearance,residual_memory,expected,2,107,62,-0.006744526647777915,0.6490677082722748,1.003366596338436,0.4817216065218083,0.211739183023387,0.597391583840182,,medium
context,3,cellular_clearance,residual_memory,expected,4,107,62,-0.006393053080587574,0.6489543974712971,1.0031914339150767,0.48165616802290967,0.21158341978351164,0.5972877416802651,,medium
context,3,cellular_clearance,residual_memory,observed,0,107,62,-0.004299463905794054,0.6482790394556148,1.0021474262331835,0.48140301323792706,0.2131465992393252,0.5980954029240634,,medium
context,3,cellular_clearance,residual_memory,observed,1,107,62,0.21821880510412472,0.5719696362789078,0.8841839146330787,0.41815673185634267,0.2117029934598378,0.5974204288846033,,medium
context,3,cellular_clearance,residual_memory,observed,2,107,62,0.3346302603755624,0.5276693727513027,0.8157019919213374,0.38615204612758325,0.21216688854595453,0.5974661688836144,,medium
context,3,cellular_clearance,residual_memory,observed,4,107,62,0.4361524634431828,0.4857482092371799,0.750897820316997,0.35738179176167684,0.21655575074846783,0.5998776145972408,,medium
context,3,efflux,fnn,observed,0,85,70,0.12481750969671523,0.6731748303381007,0.9355118867781878,0.505163769690332,0.28643845963322256,0.6326870007262163,,medium
context,3,efflux,fnn,observed,1,85,70,0.12481750969671523,0.6731748303381007,0.9355118867781878,0.505163769690332,0.28643845963322256,0.6326870007262163,,medium
context,3,efflux,fnn,observed,2,85,70,0.12481750969671523,0.6731748303381007,0.9355118867781878,0.505163769690332,0.28643845963322256,0.6326870007262163,,medium
context,3,efflux,fnn,observed,4,85,70,0.12481750969671523,0.6731748303381007,0.9355118867781878,0.505163769690332,0.28643845963322256,0.6326870007262163,,medium
context,3,efflux,fnn_anchor,expected,0,85,70,0.12481750969671523,0.6731748303381007,0.9355118867781878,0.505163769690332,0.28643845963322256,0.6326870007262163,,medium
context,3,efflux,fnn_anchor,expected,1,85,70,0.0940729226636996,0.6848968672411125,0.9518020158290801,0.5157327478155007,0.2919158352745904,0.6362527233115468,,medium
context,3,efflux,fnn_anchor,expected,2,85,70,0.0868176386489593,0.6876339594567745,0.9556057562358238,0.5194628983093242,0.2883704746886276,0.6346768336964415,,medium
context,3,efflux,fnn_anchor,expected,4,85,70,0.07955507033389997,0.6903629316581427,0.9593982122487513,0.5224254340975503,0.2880308568659431,0.6342193173565721,,medium
context,3,efflux,fnn_anchor,observed,0,85,70,0.12481750969671523,0.6731748303381007,0.9355118867781878,0.505163769690332,0.28643845963322256,0.6326870007262163,,medium
context,3,efflux,fnn_anchor,observed,1,85,70,0.29393665160883464,0.6046448991041449,0.8402757573506243,0.4554396898727986,0.2919158352745904,0.6362527233115468,,medium
context,3,efflux,fnn_anchor,observed,2,85,70,0.3767095148015607,0.5680987165118648,0.7894874826103574,0.43103752642334275,0.2883704746886276,0.6346768336964415,,medium
context,3,efflux,fnn_anchor,observed,4,85,70,0.4583813950362666,0.529572404775881,0.735947419972197,0.40308088774044126,0.2880308568659431,0.6342193173565721,,medium
context,3,efflux,fnn_ridge,expected,0,85,70,0.12481750969671523,0.6731748303381007,0.9355118867781878,0.505163769690332,0.28643845963322256,0.6326870007262163,,medium
context,3,efflux,fnn_ridge,expected,1,85,70,0.12481750969671523,0.6731748303381007,0.9355118867781878,0.505163769690332,0.28643845963322256,0.6326870007262163,,medium
context,3,efflux,fnn_ridge,expected,2,85,70,0.12481750969671523,0.6731748303381007,0.9355118867781878,0.505163769690332,0.28643845963322256,0.6326870007262163,,medium
context,3,efflux,fnn_ridge,expected,4,85,70,0.12481750969671523,0.6731748303381007,0.9355118867781878,0.505163769690332,0.28643845963322256,0.6326870007262163,,medium
context,3,efflux,fnn_ridge,observed,0,85,70,0.12481750969671523,0.6731748303381007,0.9355118867781878,0.505163769690332,0.28643845963322256,0.6326870007262163,,medium
context,3,efflux,fnn_ridge,observed,1,85,70,0.31285226136270594,0.5964906222249116,0.8289437487774994,0.4472595047639087,0.28683061649596764,0.6329484386347131,,medium
context,3,efflux,fnn_ridge,observed,2,85,70,0.3944134747882626,0.5599724504148454,0.7781944006556057,0.4226391320193515,0.2870266949273402,0.6330791575889614,,medium
context,3,efflux,fnn_ridge,observed,4,85,70,0.4794649849248126,0.519162761484124,0.721481125931363,0.390839638408103,0.2874188517900853,0.6330791575889614,,medium
context,3,efflux,gp_both,expected,0,85,70,0.16212692022212827,0.658669688543206,0.9153540734480138,0.491680498285403,0.2918740494071937,0.6345896877269426,,medium
context,3,efflux,gp_both,expected,1,85,70,0.16212692022212827,0.658669688543206,0.9153540734480138,0.491680498285403,0.2918740494071937,0.6345896877269426,,medium
context,3,efflux,gp_both,expected,2,85,70,0.16212692022212827,0.658669688543206,0.9153540734480138,0.491680498285403,0.2918740494071937,0.6345896877269426,,medium
context,3,efflux,gp_both,expected,4,85,70,0.16212692022212827,0.658669688543206,0.9153540734480138,0.491680498285403,0.2918740494071937,0.6345896877269426,,medium
context,3,efflux,gp_both,observed,0,85,70,0.16212692022212827,0.658669688543206,0.9153540734480138,0.491680498285403,0.2918740494071937,0.6345896877269426,,medium
context,3,efflux,gp_both,observed,1,85,70,0.34930260200097396,0.5804543824867505,0.8066581667590219,0.42733619315289395,0.3099939597467781,0.6431517792302105,,medium
context,3,efflux,gp_both,observed,2,85,70,0.4318178568533465,0.5424033332522495,0.753778577001664,0.3977860357020491,0.34380846693370726,0.6599491648511255,,medium
context,3,efflux,gp_both,observed,4,85,70,0.5339166969905771,0.4912587874856989,0.6827029390660502,0.35776490534140737,0.35639701066202045,0.6670297748729122,,medium
context,3,efflux,gp_deep_kernel,expected,0,85,70,0.14608870870912105,0.6649437948505285,0.9240732066729772,0.4867173986141052,0.3161018040934979,0.6467392883079157,,medium
context,3,efflux,gp_deep_kernel,expected,1,85,70,0.14608870870912105,0.6649437948505285,0.9240732066729772,0.4867173986141052,0.3161018040934979,0.6467392883079157,,medium
context,3,efflux,gp_deep_kernel,expected,2,85,70,0.14608870870912105,0.6649437948505285,0.9240732066729772,0.4867173986141052,0.3161018040934979,0.6467392883079157,,medium
context,3,efflux,gp_deep_kernel,expected,4,85,70,0.14608870870912105,0.6649437948505285,0.9240732066729772,0.4867173986141052,0.3161018040934979,0.6467392883079157,,medium
context,3,efflux,gp_deep_kernel,observed,0,85,70,0.14608870870912105,0.6649437948505285,0.9240732066729772,0.4867173986141052,0.3161018040934979,0.6467392883079157,,medium
context,3,efflux,gp_deep_kernel,observed,1,85,70,0.3557914352543968,0.5775529503069331,0.8026260429026728,0.4200853674901307,0.32370330660643487,0.6506826434277414,,medium
context,3,efflux,gp_deep_kernel,observed,2,85,70,0.4491827380527036,0.5340505055221751,0.742170642067777,0.38974533644164244,0.3390256921539552,0.656637618010167,,medium
context,3,efflux,gp_deep_kernel,observed,4,85,70,0.5432951012970999,0.4862911819328403,0.67579945154084,0.35081045159118557,0.3520341813356128,0.6619389978213506,,medium
context,3,efflux,gp_linear,expected,0,85,70,0.19733960472109147,0.644680414957451,0.8959131628003401,0.4780651945294846,0.29591874059899465,0.6369934640522876,,medium
context,3,efflux,gp_linear,expected,1,85,70,0.19733960472109147,0.644680414957451,0.8959131628003401,0.4780651945294846,0.29591874059899465,0.6369934640522876,,medium
context,3,efflux,gp_linear,expected,2,85,70,0.19733960472109147,0.644680414957451,0.8959131628003401,0.4780651945294846,0.29591874059899465,0.6369934640522876,,medium
context,3,efflux,gp_linear,expected,4,85,70,0.19733960472109147,0.644680414957451,0.8959131628003401,0.4780651945294846,0.29591874059899465,0.6369934640522876,,medium
context,3,efflux,gp_linear,observed,0,85,70,0.19733960472109147,0.644680414957451,0.8959131628003401,0.4780651945294846,0.29591874059899465,0.6369934640522876,,medium
context,3,efflux,gp_linear,observed,1,85,70,0.38974895736543036,0.562124901550662,0.7811856646371397,0.41409049037141377,0.32570263439210806,0.6510457516339869,,medium
context,3,efflux,gp_linear,observed,2,85,70,0.4747062610438616,0.5215304518263074,0.7247715081017868,0.3850348412167984,0.34166255358704206,0.6578503994190269,,medium
context,3,efflux,gp_linear,observed,4,85,70,0.5734733588333074,0.46994998580297,0.6530900712510431,0.34472524067492955,0.3789456933563903,0.6755773420479303,,medium
context,3,efflux,gp_neural_mean,expected,0,85,70,0.07833772054267929,0.6908193063154591,0.9600324366693662,0.5208498705375193,0.27612565612430906,0.62881626724764,,medium
context,3,efflux,gp_neural_mean,expected,1,85,70,0.07833772054267929,0.6908193063154591,0.9600324366693662,0.5208498705375193,0.27612565612430906,0.62881626724764,,medium
context,3,efflux,gp_neural_mean,expected,2,85,70,0.07833772054267929,0.6908193063154591,0.9600324366693662,0.5208498705375193,0.27612565612430906,0.62881626724764,,medium
context,3,efflux,gp_neural_mean,expected,4,85,70,0.07833772054267929,0.6908193063154591,0.9600324366693662,0.5208498705375193,0.27612565612430906,0.62881626724764,,medium
context,3,efflux,gp_neural_mean,observed,0,85,70,0.07833772054267929,0.6908193063154591,0.9600324366693662,0.5208498705375193,0.27612565612430906,0.62881626724764,,medium
context,3,efflux,gp_neural_mean,observed,1,85,70,0.32861480995149916,0.5896094532318955,0.8193809797941985,0.4374635665864861,0.3159147739473087,0.6474800290486564,,medium
context,3,efflux,gp_neural_mean,observed,2,85,70,0.42960857783306095,0.543456831423985,0.7552426247021146,0.4020935280122279,0.3284012556560043,0.6519825708061002,,medium
context,3,efflux,gp_neural_mean,observed,4,85,70,0.5497137369095035,0.4828618661811562,0.6710337272376825,0.3537974801336507,0.35847733992257913,0.6648366013071896,,medium
context,3,efflux,memory,expected,0,85,70,0.0678817037592554,0.6947268369974878,0.9654627368473341,0.5252443234904919,0.2873468461379507,0.6343137254901962,,medium
context,3,efflux,memory,expected,1,85,70,0.0507461216128674,0.7010835055944399,0.9742966069873858,0.5296399024869103,0.28813115986344084,0.6347058823529413,,medium
context,3,efflux,memory,expected,2,85,70,0.05060613886320264,0.7011351967074778,0.9743684421905285,0.5288191896433532,0.28784408108081694,0.6347058823529413,,medium
context,3,efflux,memory,expected,4,85,70,0.049460170316241614,0.7015582227040271,0.9749563219364027,0.528791049903904,0.2879350814320683,0.6347058823529413,,medium
context,3,efflux,memory,observed,0,85,70,0.0678817037592554,0.6947268369974878,0.9654627368473341,0.5252443234904919,0.2873468461379507,0.6343137254901962,,medium
context,3,efflux,memory,observed,1,85,70,0.25904344321700123,0.6194053215278763,0.8607883344835702,0.46015630833317656,0.2879350814320683,0.6347058823529413,,medium
context,3,efflux,memory,observed,2,85,70,0.37640988192491165,0.5682352504427698,0.7896772239814748,0.4249106046114287,0.2886143170774373,0.6339869281045752,,medium
context,3,efflux,memory,observed,4,85,70,0.47078556261182336,0.5234731385639905,0.7274712622421429,0.39311284200623137,0.2978517898443218,0.6388235294117647,,medium
context,3,efflux,previous_delta,observed,0,85,70,0.07767905315524604,0.6910661101879099,0.9603754197420683,0.5301667043645569,0.22957238990986206,0.6102396514161221,,medium
context,3,efflux,previous_delta,observed,1,85,70,0.07767905315524604,0.6910661101879099,0.9603754197420683,0.5301667043645569,0.22957238990986206,0.6102396514161221,,medium
context,3,efflux,previous_delta,observed,2,85,70,0.07767905315524604,0.6910661101879099,0.9603754197420683,0.5301667043645569,0.22957238990986206,0.6102396514161221,,medium
context,3,efflux,previous_delta,observed,4,85,70,0.07767905315524604,0.6910661101879099,0.9603754197420683,0.5301667043645569,0.22957238990986206,0.6102396514161221,,medium
context,3,efflux,previous_delta_anchor,observed,0,85,70,0.07767905315524604,0.6910661101879099,0.9603754197420683,0.5301667043645569,0.22957238990986206,0.6102396514161221,,medium
context,3,efflux,previous_delta_anchor,observed,1,85,70,0.2735508001767526,0.6133116080546818,0.8523198928942393,0.4724590135628932,0.23090865551304318,0.610958605664488,,medium
context,3,efflux,previous_delta_anchor,observed,2,85,70,0.3467458830120731,0.5815936249852477,0.8082413729746374,0.4472011751708982,0.23149689080716082,0.6113507625272331,,medium
context,3,efflux,previous_delta_anchor,observed,4,85,70,0.4334667980302336,0.5416156979053747,0.752683998746995,0.4156323054687027,0.2240074491556497,0.6060566448801743,,medium
context,3,efflux,previous_gp,expected,0,85,70,-1.128517415498071,1.0498256117255942,1.4589439384356313,0.8041132310991121,0.10840539479597673,0.5504793028322439,,medium
context,3,efflux,previous_gp,expected,1,85,70,-1.128517415498071,1.0498256117255942,1.4589439384356313,0.8041132310991121,0.10840539479597673,0.5504793028322439,,medium
context,3,efflux,previous_gp,expected,2,85,70,-1.128517415498071,1.0498256117255942,1.4589439384356313,0.8041132310991121,0.10840539479597673,0.5504793028322439,,medium
context,3,efflux,previous_gp,expected,4,85,70,-1.128517415498071,1.0498256117255942,1.4589439384356313,0.8041132310991121,0.10840539479597673,0.5504793028322439,,medium
context,3,efflux,previous_gp,observed,0,85,70,-1.128517415498071,1.0498256117255942,1.4589439384356313,0.8041132310991121,0.10840539479597673,0.5504793028322439,,medium
context,3,efflux,previous_gp,observed,1,85,70,-0.5332059300616694,0.8910022585153093,1.2382269299533384,0.6747273758275423,0.14161957221664598,0.566165577342048,,medium
context,3,efflux,previous_gp,observed,2,85,70,-0.2848785768111539,0.8156608240056891,1.133524846137549,0.6177618010463028,0.15446849099234009,0.5719389978213507,,medium
context,3,efflux,previous_gp,observed,4,85,70,-0.008500092349589927,0.7226309043934578,1.0042410529099026,0.5522165119796992,0.18833844102717867,0.5905010893246186,,medium
context,3,efflux,residual_memory,expected,0,85,70,0.1029468099294768,0.6815342046150814,0.9471289194563342,0.5153365497485874,0.2838399468631786,0.6328177196804646,,medium
context,3,efflux,residual_memory,expected,1,85,70,0.10347151478389482,0.6813348537753547,0.9468518813500373,0.5167631559609588,0.2827160153150039,0.6323602033405954,,medium
context,3,efflux,residual_memory,expected,2,85,70,0.10285322307824463,0.6815697548909442,0.9471783237182718,0.5165703512270465,0.28212778002088623,0.6322294843863471,,medium
context,3,efflux,residual_memory,expected,4,85,70,0.1010614900380038,0.6822500125502119,0.9481236786210944,0.5168817137994992,0.28212778002088623,0.6322294843863471,,medium
context,3,efflux,residual_memory,observed,0,85,70,0.1029468099294768,0.6815342046150814,0.9471289194563342,0.5153365497485874,0.2838399468631786,0.6328177196804646,,medium
context,3,efflux,residual_memory,observed,1,85,70,0.27785778845149567,0.6114907970688563,0.8497895101426614,0.4511052012949987,0.28089877039259037,0.6315105301379811,,medium
context,3,efflux,residual_memory,observed,2,85,70,0.4080099347247027,0.553650592107706,0.7694089064179706,0.413421171375252,0.28425389021829833,0.6321786492374728,,medium
context,3,efflux,residual_memory,observed,4,85,70,0.5081313126513389,0.504664955010731,0.7013335065064702,0.3790602004352737,0.29011518266465924,0.6347567175018154,,medium
context,3,in_vivo_clearance,fnn,observed,0,64,54,-0.06825857177429917,0.6303210924416554,1.0335659494073415,0.45584532200462285,0.042568776508172354,0.5191840277777777,,medium
context,3,in_vivo_clearance,fnn,observed,1,64,54,-0.06825857177429917,0.6303210924416554,1.0335659494073415,0.45584532200462285,0.042568776508172354,0.5191840277777777,,medium
context,3,in_vivo_clearance,fnn,observed,2,64,54,-0.06825857177429917,0.6303210924416554,1.0335659494073415,0.45584532200462285,0.042568776508172354,0.5191840277777777,,medium
context,3,in_vivo_clearance,fnn,observed,4,64,54,-0.06825857177429917,0.6303210924416554,1.0335659494073415,0.45584532200462285,0.042568776508172354,0.5191840277777777,,medium
context,3,in_vivo_clearance,fnn_anchor,expected,0,64,54,-0.06825857177429917,0.6303210924416554,1.0335659494073415,0.45584532200462285,0.042568776508172354,0.5191840277777777,,medium
context,3,in_vivo_clearance,fnn_anchor,expected,1,64,54,-0.10411769816565797,0.6408130281936436,1.05077005008977,0.4663654585963942,0.04491252650817234,0.5198784722222222,,medium
context,3,in_vivo_clearance,fnn_anchor,expected,2,64,54,-0.11754706900166378,0.6446983503566354,1.0571409882327256,0.4705946143774781,0.04595419317483901,0.5203993055555556,,medium
context,3,in_vivo_clearance,fnn_anchor,expected,4,64,54,-0.13209184435753407,0.6488801337016047,1.0639980471587032,0.4744022084206032,0.04354066476225852,0.5199652777777778,,medium
context,3,in_vivo_clearance,fnn_anchor,observed,0,64,54,-0.06825857177429917,0.6303210924416554,1.0335659494073415,0.45584532200462285,0.042568776508172354,0.5191840277777777,,medium
context,3,in_vivo_clearance,fnn_anchor,observed,1,64,54,0.20632446873019084,0.5433068025330315,0.8908846902207991,0.3973037312622182,0.04491252650817234,0.5198784722222222,,medium
context,3,in_vivo_clearance,fnn_anchor,observed,2,64,54,0.28148760285300367,0.516940763496799,0.847651105789992,0.37820954249731986,0.04595419317483901,0.5203993055555556,,medium
context,3,in_vivo_clearance,fnn_anchor,observed,4,64,54,0.35436951282996865,0.49002209415556597,0.8035113485010845,0.36104651478170935,0.04354066476225852,0.5199652777777778,,medium
context,3,in_vivo_clearance,fnn_ridge,expected,0,64,54,-0.06825857177429917,0.6303210924416554,1.0335659494073415,0.45584532200462285,0.042568776508172354,0.5191840277777777,,medium
context,3,in_vivo_clearance,fnn_ridge,expected,1,64,54,-0.06825857177429917,0.6303210924416554,1.0335659494073415,0.45584532200462285,0.042568776508172354,0.5191840277777777,,medium
context,3,in_vivo_clearance,fnn_ridge,expected,2,64,54,-0.06825857177429917,0.6303210924416554,1.0335659494073415,0.45584532200462285,0.042568776508172354,0.5191840277777777,,medium
context,3,in_vivo_clearance,fnn_ridge,expected,4,64,54,-0.06825857177429917,0.6303210924416554,1.0335659494073415,0.45584532200462285,0.042568776508172354,0.5191840277777777,,medium
context,3,in_vivo_clearance,fnn_ridge,observed,0,64,54,-0.06825857177429917,0.6303210924416554,1.0335659494073415,0.45584532200462285,0.042568776508172354,0.5191840277777777,,medium
context,3,in_vivo_clearance,fnn_ridge,observed,1,64,54,0.2252552566572147,0.5367882071483584,0.8801958551042974,0.3907605583145697,0.043089609841505686,0.5193576388888889,,medium
context,3,in_vivo_clearance,fnn_ridge,observed,2,64,54,0.3035815057096788,0.5089308705318686,0.8345169227105711,0.3697595034053342,0.043089609841505686,0.5193576388888889,,medium
context,3,in_vivo_clearance,fnn_ridge,observed,4,64,54,0.3819710520657784,0.4794331457203495,0.7861481717425931,0.35092406614114424,0.043089609841505686,0.5193576388888888,,medium
context,3,in_vivo_clearance,gp_both,expected,0,64,54,-0.04033463499650858,0.6220283454601926,1.0199679578283372,0.4471606145309195,0.06021234122634726,0.5238715277777778,,medium
context,3,in_vivo_clearance,gp_both,expected,1,64,54,-0.04033463499650858,0.6220283454601926,1.0199679578283372,0.4471606145309195,0.06021234122634726,0.5238715277777778,,medium
context,3,in_vivo_clearance,gp_both,expected,2,64,54,-0.04033463499650858,0.6220283454601926,1.0199679578283372,0.4471606145309195,0.06021234122634726,0.5238715277777778,,medium
context,3,in_vivo_clearance,gp_both,expected,4,64,54,-0.04033463499650858,0.6220283454601926,1.0199679578283372,0.4471606145309195,0.06021234122634726,0.5238715277777778,,medium
context,3,in_vivo_clearance,gp_both,observed,0,64,54,-0.04033463499650858,0.6220283454601926,1.0199679578283372,0.4471606145309195,0.06021234122634726,0.5238715277777778,,medium
context,3,in_vivo_clearance,gp_both,observed,1,64,54,0.23692445761885017,0.5327303187243564,0.8735419522731291,0.37931742721532424,0.09350828040878242,0.53828125,,medium
context,3,in_vivo_clearance,gp_both,observed,2,64,54,0.3080367317598536,0.5073003566437303,0.8318432954830774,0.3594203978207422,0.10753839612415164,0.5461805555555554,,medium
context,3,in_vivo_clearance,gp_both,observed,4,64,54,0.40180567683518464,0.471677098876895,0.7734302316077484,0.33796817807470303,0.13765825394650696,0.5594618055555556,,medium
context,3,in_vivo_clearance,gp_deep_kernel,expected,0,64,54,-0.02689765333300187,0.6179982249988387,1.013359587379032,0.4444049484706,0.04611244707544909,0.5162326388888889,,medium
context,3,in_vivo_clearance,gp_deep_kernel,expected,1,64,54,-0.02689765333300187,0.6179982249988387,1.013359587379032,0.4444049484706,0.04611244707544909,0.5162326388888889,,medium
context,3,in_vivo_clearance,gp_deep_kernel,expected,2,64,54,-0.02689765333300187,0.6179982249988387,1.013359587379032,0.4444049484706,0.04611244707544909,0.5162326388888889,,medium
context,3,in_vivo_clearance,gp_deep_kernel,expected,4,64,54,-0.02689765333300187,0.6179982249988387,1.013359587379032,0.4444049484706,0.04611244707544909,0.5162326388888889,,medium
context,3,in_vivo_clearance,gp_deep_kernel,observed,0,64,54,-0.02689765333300187,0.6179982249988387,1.013359587379032,0.4444049484706,0.04611244707544909,0.5162326388888889,,medium
context,3,in_vivo_clearance,gp_deep_kernel,observed,1,64,54,0.2549725605350359,0.5263926069576552,0.8631497201905148,0.3750038595968337,0.08319377646227546,0.5332465277777778,,medium
context,3,in_vivo_clearance,gp_deep_kernel,observed,2,64,54,0.3247690645278811,0.5011293193705874,0.8217243670916172,0.3527852803650381,0.11018362441836335,0.5474826388888888,,medium
context,3,in_vivo_clearance,gp_deep_kernel,observed,4,64,54,0.42185727481314916,0.46370436027157236,0.7603569722090084,0.32894536641740957,0.15799812836487032,0.5700520833333333,,medium
context,3,in_vivo_clearance,gp_linear,expected,0,64,54,-0.055614822189895774,0.6265797957773707,1.0274311763762554,0.4585936849519531,0.04401041666666667,0.5150173611111112,,medium
context,3,in_vivo_clearance,gp_linear,expected,1,64,54,-0.055614822189895774,0.6265797957773707,1.0274311763762554,0.4585936849519531,0.04401041666666667,0.5150173611111112,,medium
context,3,in_vivo_clearance,gp_linear,expected,2,64,54,-0.055614822189895774,0.6265797957773707,1.0274311763762554,0.4585936849519531,0.04401041666666667,0.5150173611111112,,medium
context,3,in_vivo_clearance,gp_linear,expected,4,64,54,-0.055614822189895774,0.6265797957773707,1.0274311763762554,0.4585936849519531,0.04401041666666667,0.5150173611111112,,medium
context,3,in_vivo_clearance,gp_linear,observed,0,64,54,-0.055614822189895774,0.6265797957773707,1.0274311763762554,0.4585936849519531,0.04401041666666667,0.5150173611111112,,medium
context,3,in_vivo_clearance,gp_linear,observed,1,64,54,0.24895633094154979,0.528513690677616,0.866627756916688,0.38286393167175337,0.06676882938682638,0.5266493055555554,,medium
context,3,in_vivo_clearance,gp_linear,observed,2,64,54,0.3391539403093714,0.49576264413111143,0.8129243874374963,0.3538733501913131,0.11011885584910183,0.54765625,,medium
context,3,in_vivo_clearance,gp_linear,observed,4,64,54,0.4512459284078786,0.4517649411409438,0.7407793676879246,0.32512362939963446,0.17148871367145715,0.5751736111111111,,medium
context,3,in_vivo_clearance,gp_neural_mean,expected,0,64,54,-0.13052222770883892,0.6484301497450944,1.063260188151912,0.4746016473870492,0.02613014217764469,0.5090277777777777,,medium
context,3,in_vivo_clearance,gp_neural_mean,expected,1,64,54,-0.13052222770883892,0.6484301497450944,1.063260188151912,0.4746016473870492,0.02613014217764469,0.5090277777777777,,medium
context,3,in_vivo_clearance,gp_neural_mean,expected,2,64,54,-0.13052222770883892,0.6484301497450944,1.063260188151912,0.4746016473870492,0.02613014217764469,0.5090277777777777,,medium
context,3,in_vivo_clearance,gp_neural_mean,expected,4,64,54,-0.13052222770883892,0.6484301497450944,1.063260188151912,0.4746016473870492,0.02613014217764469,0.5090277777777777,,medium
context,3,in_vivo_clearance,gp_neural_mean,observed,0,64,54,-0.13052222770883892,0.6484301497450944,1.063260188151912,0.4746016473870492,0.02613014217764469,0.5090277777777777,,medium
context,3,in_vivo_clearance,gp_neural_mean,observed,1,64,54,0.22932189451571694,0.5353775519940945,0.8778827401676622,0.3854197091356706,0.07609274802674652,0.5317708333333333,,medium
context,3,in_vivo_clearance,gp_neural_mean,observed,2,64,54,0.3343370372430998,0.4975661691349546,0.8158817088015273,0.3532896275391595,0.1011438293868264,0.543142361111111,,medium
context,3,in_vivo_clearance,gp_neural_mean,observed,4,64,54,0.45194375640186135,0.4514776043113072,0.74030820851733,0.3214637677912534,0.17027510584910183,0.5757812499999999,,medium
context,3,in_vivo_clearance,memory,expected,0,64,54,-0.04301842998803518,0.6228301650071925,1.0212827375355147,0.44644230508452487,-0.03904380301634471,0.4827256944444444,,medium
context,3,in_vivo_clearance,memory,expected,1,64,54,-0.07201945890225248,0.631429664733759,1.035383725438184,0.4546451726423887,-0.04060630301634471,0.48289930555555555,,medium
context,3,in_vivo_clearance,memory,expected,2,64,54,-0.07213149314588874,0.6314626584896762,1.0354378267891746,0.4550638266884359,-0.03697916666666667,0.48289930555555555,,medium
context,3,in_vivo_clearance,memory,expected,4,64,54,-0.07070329684928311,0.6310419296994862,1.0347479387992435,0.45469994096395866,-0.03623030111193657,0.48263888888888884,,medium
context,3,in_vivo_clearance,memory,observed,0,64,54,-0.04301842998803518,0.6228301650071925,1.0212827375355147,0.44644230508452487,-0.03904380301634471,0.4827256944444444,,medium
context,3,in_vivo_clearance,memory,observed,1,64,54,0.1816282846921169,0.5516948786149644,0.9046389972292169,0.3978710304674071,-0.03649071777860323,0.4840277777777777,,medium
context,3,in_vivo_clearance,memory,observed,2,64,54,0.2658507725652036,0.5225355230995439,0.8568250856708132,0.377407297388547,0.008491587142149603,0.50390625,,medium
context,3,in_vivo_clearance,memory,observed,4,64,54,0.33894550327939954,0.49584082205519353,0.8130525793087434,0.3594434180490983,0.009133280316988627,0.504079861111111,,medium
context,3,in_vivo_clearance,previous_delta,observed,0,64,54,-0.24520200920591084,0.6805241695626858,1.1158861990390914,0.49489648359656635,0.10266526775928132,0.5427083333333333,,medium
context,3,in_vivo_clearance,previous_delta,observed,1,64,54,-0.24520200920591084,0.6805241695626858,1.1158861990390914,0.49489648359656635,0.10266526775928132,0.5427083333333333,,medium
context,3,in_vivo_clearance,previous_delta,observed,2,64,54,-0.24520200920591084,0.6805241695626858,1.1158861990390914,0.49489648359656635,0.10266526775928132,0.5427083333333333,,medium
context,3,in_vivo_clearance,previous_delta,observed,4,64,54,-0.24520200920591084,0.6805241695626858,1.1158861990390914,0.49489648359656635,0.10266526775928132,0.5427083333333333,,medium
context,3,in_vivo_clearance,previous_delta_anchor,observed,0,64,54,-0.24520200920591084,0.6805241695626858,1.1158861990390914,0.49489648359656635,0.10266526775928132,0.5427083333333333,,medium
context,3,in_vivo_clearance,previous_delta_anchor,observed,1,64,54,0.06573286988781823,0.5894665731846891,0.9665749480056793,0.436566353436164,0.09917768837245496,0.5390625,,medium
context,3,in_vivo_clearance,previous_delta_anchor,observed,2,64,54,0.14554373547495503,0.563726650688808,0.9243680352138129,0.41510780417949644,0.09704327367904177,0.53828125,,medium
context,3,in_vivo_clearance,previous_delta_anchor,observed,4,64,54,0.23068431846622206,0.534904116834742,0.877106425431816,0.395856117505611,0.09875901775928132,0.5390625,,medium
context,3,in_vivo_clearance,previous_gp,expected,0,64,54,-2.155197051300191,1.0832704379397269,1.7762874348765154,0.8118694534153008,0.009012420613173634,0.5049479166666667,,medium
context,3,in_vivo_clearance,previous_gp,expected,1,64,54,-2.155197051300191,1.0832704379397269,1.7762874348765154,0.8118694534153008,0.009012420613173634,0.5049479166666667,,medium
context,3,in_vivo_clearance,previous_gp,expected,2,64,54,-2.155197051300191,1.0832704379397269,1.7762874348765154,0.8118694534153008,0.009012420613173634,0.5049479166666667,,medium
context,3,in_vivo_clearance,previous_gp,expected,4,64,54,-2.155197051300191,1.0832704379397269,1.7762874348765154,0.8118694534153008,0.009012420613173634,0.5049479166666667,,medium
context,3,in_vivo_clearance,previous_gp,observed,0,64,54,-2.155197051300191,1.0832704379397269,1.7762874348765154,0.8118694534153008,0.009012420613173634,0.5049479166666667,,medium
context,3,in_vivo_clearance,previous_gp,observed,1,64,54,-1.0716429689355644,0.8777707465937945,1.43932031491797,0.6562046855851444,0.027496994080239562,0.5161458333333333,,medium
context,3,in_vivo_clearance,previous_gp,observed,2,64,54,-0.7123143205597344,0.7980229703296828,1.3085542864397084,0.5930103257480563,0.05228765877365273,0.5252604166666666,,medium
context,3,in_vivo_clearance,previous_gp,observed,4,64,54,-0.3714366982905499,0.7141863265617454,1.1710835573478735,0.5236426263493517,0.08708132938682636,0.5361979166666666,,medium
context,3,in_vivo_clearance,residual_memory,expected,0,64,54,-0.06497643219053506,0.6293520417989518,1.0319769533233458,0.456153769333226,0.05716579730312029,0.5232638888888889,,medium
context,3,in_vivo_clearance,residual_memory,expected,1,64,54,-0.0685346073969868,0.6304025239609373,1.0336994763455125,0.45723000024833405,0.054891825715700795,0.5219618055555555,,medium
context,3,in_vivo_clearance,residual_memory,expected,2,64,54,-0.06821284163877417,0.6303076008684387,1.033543826665698,0.4571835133635128,0.05515224238236746,0.5221354166666666,,medium
context,3,in_vivo_clearance,residual_memory,expected,4,64,54,-0.06832548072048161,0.6303408317916624,1.0335983169106273,0.4572279592212807,0.05463140904903413,0.5219618055555555,,medium
context,3,in_vivo_clearance,residual_memory,observed,0,64,54,-0.06497643219053506,0.6293520417989518,1.0319769533233458,0.456153769333226,0.05716579730312029,0.5232638888888889,,medium
context,3,in_vivo_clearance,residual_memory,observed,1,64,54,0.19033084029442005,0.5487536799857863,0.8998161810645439,0.39564411806123745,0.05612413063645362,0.5225694444444444,,medium
context,3,in_vivo_clearance,residual_memory,observed,2,64,54,0.290681598619856,0.5136227600963348,0.842210425832015,0.3722454015631229,0.07147001698613167,0.5302083333333333,,medium
context,3,in_vivo_clearance,residual_memory,observed,4,64,54,0.3628017804633539,0.4868116062212143,0.7982469665063853,0.35531956063868064,0.08548143555720646,0.5361979166666666,,medium
context,3,microsomal_clearance,fnn,observed,0,363,219,0.11142710924171328,0.6102540773373618,0.942641443369793,0.45014211975624147,0.23624316676846244,0.6106536747950889,,medium
context,3,microsomal_clearance,fnn,observed,1,363,219,0.11142710924171328,0.6102540773373618,0.942641443369793,0.45014211975624147,0.23624316676846244,0.6106536747950889,,medium
context,3,microsomal_clearance,fnn,observed,2,363,219,0.11142710924171328,0.6102540773373618,0.942641443369793,0.45014211975624147,0.23624316676846244,0.6106536747950889,,medium
context,3,microsomal_clearance,fnn,observed,4,363,219,0.11142710924171328,0.6102540773373618,0.942641443369793,0.45014211975624147,0.23624316676846244,0.6106536747950889,,medium
context,3,microsomal_clearance,fnn_anchor,expected,0,363,219,0.11142710924171328,0.6102540773373618,0.942641443369793,0.45014211975624147,0.23624316676846244,0.6106536747950889,,medium
context,3,microsomal_clearance,fnn_anchor,expected,1,363,219,0.07822745867245062,0.6215499609619773,0.96008986106903,0.46204584639417967,0.24351038108724185,0.6142054868064968,,medium
context,3,microsomal_clearance,fnn_anchor,expected,2,363,219,0.0647546210801232,0.62607584108989,0.9670808543859591,0.4662543501279607,0.24152672918897886,0.6130409433439736,,medium
context,3,microsomal_clearance,fnn_anchor,expected,4,363,219,0.05394406133061558,0.6296838695657443,0.9726540693737853,0.4697418181713126,0.24467193887500172,0.6146828433444594,,medium
context,3,microsomal_clearance,fnn_anchor,observed,0,363,219,0.11142710924171328,0.6102540773373618,0.942641443369793,0.45014211975624147,0.23624316676846244,0.6106536747950889,,medium
context,3,microsomal_clearance,fnn_anchor,observed,1,363,219,0.3252796226953716,0.5317727434761031,0.8214136456771511,0.39531003573560475,0.24351038108724185,0.6142054868064968,,medium
context,3,microsomal_clearance,fnn_anchor,observed,2,363,219,0.39942497600204074,0.5017042659077197,0.7749677567473109,0.3750681273807963,0.24152672918897886,0.6130409433439736,,medium
context,3,microsomal_clearance,fnn_anchor,observed,4,363,219,0.45872655734773005,0.47629115851192727,0.7357128805806447,0.35695548170740204,0.24468424140504344,0.6146981479052186,,medium
context,3,microsomal_clearance,fnn_ridge,expected,0,363,219,0.11142710924171328,0.6102540773373618,0.942641443369793,0.45014211975624147,0.23624316676846244,0.6106536747950889,,medium
context,3,microsomal_clearance,fnn_ridge,expected,1,363,219,0.11142710924171328,0.6102540773373618,0.942641443369793,0.45014211975624147,0.23624316676846244,0.6106536747950889,,medium
context,3,microsomal_clearance,fnn_ridge,expected,2,363,219,0.11142710924171328,0.6102540773373618,0.942641443369793,0.45014211975624147,0.23624316676846244,0.6106536747950889,,medium
context,3,microsomal_clearance,fnn_ridge,expected,4,363,219,0.11142710924171328,0.6102540773373618,0.942641443369793,0.45014211975624147,0.23624316676846244,0.6106536747950889,,medium
context,3,microsomal_clearance,fnn_ridge,observed,0,363,219,0.11142710924171328,0.6102540773373618,0.942641443369793,0.45014211975624147,0.23624316676846244,0.6106536747950889,,medium
context,3,microsomal_clearance,fnn_ridge,observed,1,363,219,0.3405868534187604,0.5257060327299234,0.8120425768278654,0.38852693136606986,0.2363114944535684,0.6108313777505696,,medium
context,3,microsomal_clearance,fnn_ridge,observed,2,363,219,0.42057803443845343,0.49278971787806547,0.7611977177852982,0.36613068051652187,0.23742270367844076,0.611303997162583,,medium
context,3,microsomal_clearance,fnn_ridge,observed,4,363,219,0.4844295766893876,0.46484499338379126,0.718032327482971,0.3462059104745568,0.23943233633235297,0.6122513008876644,,medium
context,3,microsomal_clearance,gp_both,expected,0,363,219,0.11099008516153475,0.610404128585618,0.9428732230997258,0.44553705262052073,0.2542495839562139,0.6194471774017228,,medium
context,3,microsomal_clearance,gp_both,expected,1,363,219,0.11099008516153475,0.610404128585618,0.9428732230997258,0.44553705262052073,0.2542495839562139,0.6194471774017228,,medium
context,3,microsomal_clearance,gp_both,expected,2,363,219,0.11099008516153475,0.610404128585618,0.9428732230997258,0.44553705262052073,0.2542495839562139,0.6194471774017228,,medium
context,3,microsomal_clearance,gp_both,expected,4,363,219,0.11099008516153475,0.610404128585618,0.9428732230997258,0.44553705262052073,0.2542495839562139,0.6194471774017228,,medium
context,3,microsomal_clearance,gp_both,observed,0,363,219,0.11099008516153475,0.610404128585618,0.9428732230997258,0.44553705262052073,0.2542495839562139,0.6194471774017228,,medium
context,3,microsomal_clearance,gp_both,observed,1,363,219,0.36205328641022105,0.5170783595988107,0.7987156650459405,0.376295165241818,0.26717004412706447,0.6245838009726898,,medium
context,3,microsomal_clearance,gp_both,observed,2,363,219,0.45705565382779745,0.47702574409537535,0.7368475732281423,0.34704936351755955,0.2858205971308439,0.6325588739730154,,medium
context,3,microsomal_clearance,gp_both,observed,4,363,219,0.5452734259482629,0.4365553627817486,0.6743341709061889,0.317360712899208,0.32081283253393716,0.6502542257592763,,medium
context,3,microsomal_clearance,gp_deep_kernel,expected,0,363,219,0.12429297478162393,0.6058199586619288,0.9357921912574266,0.4417562179717924,0.255127542186928,0.6192970469485621,,medium
context,3,microsomal_clearance,gp_deep_kernel,expected,1,363,219,0.12429297478162393,0.6058199586619288,0.9357921912574266,0.4417562179717924,0.255127542186928,0.6192970469485621,,medium
context,3,microsomal_clearance,gp_deep_kernel,expected,2,363,219,0.12429297478162393,0.6058199586619288,0.9357921912574266,0.4417562179717924,0.255127542186928,0.6192970469485621,,medium
context,3,microsomal_clearance,gp_deep_kernel,expected,4,363,219,0.12429297478162393,0.6058199586619288,0.9357921912574266,0.4417562179717924,0.255127542186928,0.6192970469485621,,medium
context,3,microsomal_clearance,gp_deep_kernel,observed,0,363,219,0.12429297478162393,0.6058199586619288,0.9357921912574266,0.4417562179717924,0.255127542186928,0.6192970469485621,,medium
context,3,microsomal_clearance,gp_deep_kernel,observed,1,363,219,0.3646843285458007,0.5160109816097995,0.7970669178018865,0.37594738072139977,0.2681391305024226,0.6248837582170915,,medium
context,3,microsomal_clearance,gp_deep_kernel,observed,2,363,219,0.46195395642258896,0.4748690677706972,0.7335162190281896,0.3458053066219481,0.28708269367605943,0.6337420622774158,,medium
context,3,microsomal_clearance,gp_deep_kernel,observed,4,363,219,0.553455055882868,0.43261019348461016,0.6682401844525155,0.31466409215393576,0.3191075275336683,0.6504230617866981,,medium
context,3,microsomal_clearance,gp_linear,expected,0,363,219,0.10382482678514404,0.6128590651087973,0.9466652910162366,0.44736966909816195,0.2473007219015099,0.6150162641324257,,medium
context,3,microsomal_clearance,gp_linear,expected,1,363,219,0.10382482678514404,0.6128590651087973,0.9466652910162366,0.44736966909816195,0.2473007219015099,0.6150162641324257,,medium
context,3,microsomal_clearance,gp_linear,expected,2,363,219,0.10382482678514404,0.6128590651087973,0.9466652910162366,0.44736966909816195,0.2473007219015099,0.6150162641324257,,medium
context,3,microsomal_clearance,gp_linear,expected,4,363,219,0.10382482678514404,0.6128590651087973,0.9466652910162366,0.44736966909816195,0.2473007219015099,0.6150162641324257,,medium
context,3,microsomal_clearance,gp_linear,observed,0,363,219,0.10382482678514404,0.6128590651087973,0.9466652910162366,0.44736966909816195,0.2473007219015099,0.6150162641324257,,medium
context,3,microsomal_clearance,gp_linear,observed,1,363,219,0.358181416708236,0.5186451295306427,0.8011358082695867,0.37922317523680044,0.2681891366441566,0.6247800273052798,,medium
context,3,microsomal_clearance,gp_linear,observed,2,363,219,0.45845444123393686,0.47641086715048075,0.7358977909778389,0.3475913763966439,0.2959493892800904,0.6372645405473688,,medium
context,3,microsomal_clearance,gp_linear,observed,4,363,219,0.5587171788288073,0.43005368228956886,0.6642912171413925,0.31478709556031936,0.3311265548104242,0.6548933903731883,,medium
context,3,microsomal_clearance,gp_neural_mean,expected,0,363,219,0.08716612035998361,0.6185289555956064,0.9554234033348861,0.4547429616700348,0.2444781285900158,0.614776492680533,,medium
context,3,microsomal_clearance,gp_neural_mean,expected,1,363,219,0.08716612035998361,0.6185289555956064,0.9554234033348861,0.4547429616700348,0.2444781285900158,0.614776492680533,,medium
context,3,microsomal_clearance,gp_neural_mean,expected,2,363,219,0.08716612035998361,0.6185289555956064,0.9554234033348861,0.4547429616700348,0.2444781285900158,0.614776492680533,,medium
context,3,microsomal_clearance,gp_neural_mean,expected,4,363,219,0.08716612035998361,0.6185289555956064,0.9554234033348861,0.4547429616700348,0.2444781285900158,0.614776492680533,,medium
context,3,microsomal_clearance,gp_neural_mean,observed,0,363,219,0.08716612035998361,0.6185289555956064,0.9554234033348861,0.4547429616700348,0.2444781285900158,0.614776492680533,,medium
context,3,microsomal_clearance,gp_neural_mean,observed,1,363,219,0.36086420514935214,0.5175600314489376,0.7994596893218868,0.37778893163838945,0.27642723653064966,0.6294393550706682,,medium
context,3,microsomal_clearance,gp_neural_mean,observed,2,363,219,0.46305588685432164,0.47438254726155243,0.7327647051719115,0.34586320122250097,0.30526443316858437,0.6430535513868846,,medium
context,3,microsomal_clearance,gp_neural_mean,observed,4,363,219,0.5596270958052755,0.42961007214220615,0.663605985653177,0.3132819687385062,0.33895201889646065,0.6588433638938689,,medium
context,3,microsomal_clearance,memory,expected,0,363,219,0.07126045349619736,0.6238944602318318,0.9637113398231872,0.4622094951950887,0.234386249960858,0.609342158963371,,medium
context,3,microsomal_clearance,memory,expected,1,363,219,0.05687303392757104,0.6287083688378486,0.9711472422204724,0.46577223374753196,0.23373197998840625,0.6090131109070502,,medium
context,3,microsomal_clearance,memory,expected,2,363,219,0.05784038994521834,0.6283858561337549,0.9706490663750631,0.46526305787299505,0.23314674303250751,0.6087440664460866,,medium
context,3,microsomal_clearance,memory,expected,4,363,219,0.05656595077148474,0.6288107145686247,0.9713053326470082,0.4653030057814295,0.23397594948108383,0.608944726242706,,medium
context,3,microsomal_clearance,memory,observed,0,363,219,0.07126045349619736,0.6238944602318318,0.9637113398231872,0.4622094951950887,0.234386249960858,0.609342158963371,,medium
context,3,microsomal_clearance,memory,observed,1,363,219,0.29107827468633984,0.5450838352676824,0.8419748958927814,0.40362470054324523,0.23361884400165775,0.6089059789817365,,medium
context,3,microsomal_clearance,memory,observed,2,363,219,0.39189100464413884,0.5048412971667611,0.77981343624989,0.3749994352290006,0.24245031185456095,0.6127503388867024,,medium
context,3,microsomal_clearance,memory,observed,4,363,219,0.4574599532282032,0.47684810421367096,0.7365731781512254,0.3543761454106978,0.2507288534407355,0.6171103774639128,,medium
context,3,microsomal_clearance,previous_delta,observed,0,363,219,0.010288717415467774,0.6440482737408624,0.994842340566852,0.4764997612080925,0.2150958253725834,0.6021481044208317,,medium
context,3,microsomal_clearance,previous_delta,observed,1,363,219,0.010288717415467774,0.6440482737408624,0.994842340566852,0.4764997612080925,0.2150958253725834,0.6021481044208317,,medium
context,3,microsomal_clearance,previous_delta,observed,2,363,219,0.010288717415467774,0.6440482737408624,0.994842340566852,0.4764997612080925,0.2150958253725834,0.6021481044208317,,medium
context,3,microsomal_clearance,previous_delta,observed,4,363,219,0.010288717415467774,0.6440482737408624,0.994842340566852,0.4764997612080925,0.2150958253725834,0.6021481044208317,,medium
context,3,microsomal_clearance,previous_delta_anchor,observed,0,363,219,0.010288717415467774,0.6440482737408624,0.994842340566852,0.4764997612080925,0.2150958253725834,0.6021481044208317,,medium
context,3,microsomal_clearance,previous_delta_anchor,observed,1,363,219,0.2699208711341242,0.5531579093300751,0.8544466799431524,0.41486795644054925,0.21372044877165133,0.6017631218388794,,medium
context,3,microsomal_clearance,previous_delta_anchor,observed,2,363,219,0.3455162041652363,0.5237374256167515,0.8090017279553633,0.39343446096337586,0.2155258014566484,0.6020256679347589,,medium
context,3,microsomal_clearance,previous_delta_anchor,observed,4,363,219,0.408764379947816,0.49778803715759246,0.7689184742560059,0.3743640754872593,0.2136628275436708,0.602064840322416,,medium
context,3,microsomal_clearance,previous_gp,expected,0,363,219,-0.5644508584757562,0.8097391228390611,1.2507800999679184,0.6220953936482506,0.16691358238860862,0.5752306615942979,,medium
context,3,microsomal_clearance,previous_gp,expected,1,363,219,-0.5644508584757562,0.8097391228390611,1.2507800999679184,0.6220953936482506,0.16691358238860862,0.5752306615942979,,medium
context,3,microsomal_clearance,previous_gp,expected,2,363,219,-0.5644508584757562,0.8097391228390611,1.2507800999679184,0.6220953936482506,0.16691358238860862,0.5752306615942979,,medium
context,3,microsomal_clearance,previous_gp,expected,4,363,219,-0.5644508584757562,0.8097391228390611,1.2507800999679184,0.6220953936482506,0.16691358238860862,0.5752306615942979,,medium
context,3,microsomal_clearance,previous_gp,observed,0,363,219,-0.5644508584757562,0.8097391228390611,1.2507800999679184,0.6220953936482506,0.16691358238860862,0.5752306615942979,,medium
context,3,microsomal_clearance,previous_gp,observed,1,363,219,-0.11080774979216534,0.6823129442850341,1.0539486466579695,0.5205277441297524,0.18083533090756196,0.5820213316425438,,medium
context,3,microsomal_clearance,previous_gp,observed,2,363,219,0.06917985897014878,0.6245929039913996,0.9647902057078789,0.47343848331393046,0.20745736564808476,0.5946430393400091,,medium
context,3,microsomal_clearance,previous_gp,observed,4,363,219,0.25729971130669893,0.5579187490683435,0.8618006084317306,0.4193083396077411,0.24089559432335714,0.6110331307301005,,medium
context,3,microsomal_clearance,residual_memory,expected,0,363,219,0.07884151549556884,0.6213428976344,0.9597700164645857,0.45993421198837264,0.24696052281741543,0.616309985375642,,medium
context,3,microsomal_clearance,residual_memory,expected,1,363,219,0.0735331531727954,0.6231306329295357,0.9625314783565286,0.4612924030322592,0.2471531257943616,0.6163733899845011,,medium
context,3,microsomal_clearance,residual_memory,expected,2,363,219,0.07415951075034433,0.6229199569698549,0.962206053426009,0.46112061608599836,0.24664460885199302,0.6162101413364038,,medium
context,3,microsomal_clearance,residual_memory,expected,4,363,219,0.07441669087088587,0.6228334335577201,0.9620724032676097,0.4610184836478172,0.24702711816724165,0.6164116513863989,,medium
context,3,microsomal_clearance,residual_memory,observed,0,363,219,0.07884151549556884,0.6213428976344,0.9597700164645857,0.45993421198837264,0.24696052281741543,0.616309985375642,,medium
context,3,microsomal_clearance,residual_memory,observed,1,363,219,0.28231596889849275,0.548442120884337,0.8471623404646286,0.40192916382162314,0.24810553372643876,0.6167662070439848,,medium
context,3,microsomal_clearance,residual_memory,observed,2,363,219,0.40514108684348804,0.49931101487653173,0.7712709725877877,0.36662135667537904,0.2517340023975249,0.6184282701959469,,medium
context,3,microsomal_clearance,residual_memory,observed,4,363,219,0.47700834543941006,0.46817857942247637,0.7231816193464751,0.3444623909337617,0.2573171278992071,0.6211595269676077,,medium
context,3,permeability,fnn,observed,0,128,106,0.15186297094899182,0.6959830222746961,0.9209435536725409,0.5192446906662856,0.2562557732548426,0.6194287712191358,,medium
context,3,permeability,fnn,observed,1,128,106,0.15186297094899182,0.6959830222746961,0.9209435536725409,0.5192446906662856,0.2562557732548426,0.6194287712191358,,medium
context,3,permeability,fnn,observed,2,128,106,0.15186297094899182,0.6959830222746961,0.9209435536725409,0.5192446906662856,0.2562557732548426,0.6194287712191358,,medium
context,3,permeability,fnn,observed,4,128,106,0.15186297094899182,0.6959830222746961,0.9209435536725409,0.5192446906662856,0.2562557732548426,0.6194287712191358,,medium
context,3,permeability,fnn_anchor,expected,0,128,106,0.15186297094899182,0.6959830222746961,0.9209435536725409,0.5192446906662856,0.2562557732548426,0.6194287712191358,,medium
context,3,permeability,fnn_anchor,expected,1,128,106,0.11285407363807254,0.7118084915714488,0.9418842425489066,0.5349910320743221,0.2603009675870891,0.621360194830247,,medium
context,3,permeability,fnn_anchor,expected,2,128,106,0.09781110479509114,0.7178180452900202,0.9498362465208984,0.540982859987869,0.26262429597339143,0.6215868537808642,,medium
context,3,permeability,fnn_anchor,expected,4,128,106,0.08744736961101596,0.7219291763762629,0.9552762063345784,0.544861317692428,0.25860595938370184,0.6195879147376543,,medium
context,3,permeability,fnn_anchor,observed,0,128,106,0.15186297094899182,0.6959830222746961,0.9209435536725409,0.5192446906662856,0.2562557732548426,0.6194287712191358,,medium
context,3,permeability,fnn_anchor,observed,1,128,106,0.3567362915388862,0.6061221546257011,0.8020372238625298,0.45722973376978193,0.2603009675870891,0.621360194830247,,medium
context,3,permeability,fnn_anchor,observed,2,128,106,0.4290494807895372,0.5710378157621145,0.7556126780371428,0.4327830869348771,0.26262429597339143,0.6215868537808642,,medium
context,3,permeability,fnn_anchor,observed,4,128,106,0.4833869925091554,0.5431856669881729,0.7187579616886651,0.4127828036266793,0.25860595938370184,0.6195879147376543,,medium
context,3,permeability,fnn_ridge,expected,0,128,106,0.15186297094899182,0.6959830222746961,0.9209435536725409,0.5192446906662856,0.2562557732548426,0.6194287712191358,,medium
context,3,permeability,fnn_ridge,expected,1,128,106,0.15186297094899182,0.6959830222746961,0.9209435536725409,0.5192446906662856,0.2562557732548426,0.6194287712191358,,medium
context,3,permeability,fnn_ridge,expected,2,128,106,0.15186297094899182,0.6959830222746961,0.9209435536725409,0.5192446906662856,0.2562557732548426,0.6194287712191358,,medium
context,3,permeability,fnn_ridge,expected,4,128,106,0.15186297094899182,0.6959830222746961,0.9209435536725409,0.5192446906662856,0.2562557732548426,0.6194287712191358,,medium
context,3,permeability,fnn_ridge,observed,0,128,106,0.15186297094899182,0.6959830222746961,0.9209435536725409,0.5192446906662856,0.2562557732548426,0.6194287712191358,,medium
context,3,permeability,fnn_ridge,observed,1,128,106,0.3758900544075352,0.5970300420438335,0.7900062946536975,0.44843085747464406,0.25599535658817596,0.6191683545524691,,medium
context,3,permeability,fnn_ridge,observed,2,128,106,0.4545429276958862,0.5581435648311666,0.7385506565592599,0.42079244421232337,0.25622088404855237,0.619385368441358,,medium
context,3,permeability,fnn_ridge,observed,4,128,106,0.5099034247096417,0.5290618755389568,0.7000689789516161,0.3997774767110564,0.2565766198422622,0.6196891878858024,,medium
context,3,permeability,gp_both,expected,0,128,106,0.1449630439269387,0.6988083349403775,0.9246820837850495,0.5198840322793294,0.2591167176989855,0.6189646026234568,,medium
context,3,permeability,gp_both,expected,1,128,106,0.1449630439269387,0.6988083349403775,0.9246820837850495,0.5198840322793294,0.2591167176989855,0.6189646026234568,,medium
context,3,permeability,gp_both,expected,2,128,106,0.1449630439269387,0.6988083349403775,0.9246820837850495,0.5198840322793294,0.2591167176989855,0.6189646026234568,,medium
context,3,permeability,gp_both,expected,4,128,106,0.1449630439269387,0.6988083349403775,0.9246820837850495,0.5198840322793294,0.2591167176989855,0.6189646026234568,,medium
context,3,permeability,gp_both,observed,0,128,106,0.1449630439269387,0.6988083349403775,0.9246820837850495,0.5198840322793294,0.2591167176989855,0.6189646026234568,,medium
context,3,permeability,gp_both,observed,1,128,106,0.382308534463752,0.5939521158091797,0.7859334994363378,0.4396152148313819,0.2781871740717511,0.629757426697531,,medium
context,3,permeability,gp_both,observed,2,128,106,0.47955659463779876,0.5451956578027718,0.7214176358824348,0.4042226171200408,0.29970755025453,0.6381992669753086,,medium
context,3,permeability,gp_both,observed,4,128,106,0.5666289401169937,0.4975028653521324,0.6583092433522457,0.36714122225901036,0.34181773971390017,0.6586612654320987,,medium
context,3,permeability,gp_deep_kernel,expected,0,128,106,0.1547347225933141,0.6948037404734441,0.9193830961066697,0.5125681621417815,0.22995174462776677,0.6060920621141974,,medium
context,3,permeability,gp_deep_kernel,expected,1,128,106,0.1547347225933141,0.6948037404734441,0.9193830961066697,0.5125681621417815,0.22995174462776677,0.6060920621141974,,medium
context,3,permeability,gp_deep_kernel,expected,2,128,106,0.1547347225933141,0.6948037404734441,0.9193830961066697,0.5125681621417815,0.22995174462776677,0.6060920621141974,,medium
context,3,permeability,gp_deep_kernel,expected,4,128,106,0.1547347225933141,0.6948037404734441,0.9193830961066697,0.5125681621417815,0.22995174462776677,0.6060920621141974,,medium
context,3,permeability,gp_deep_kernel,observed,0,128,106,0.1547347225933141,0.6948037404734441,0.9193830961066697,0.5125681621417815,0.22995174462776677,0.6060920621141974,,medium
context,3,permeability,gp_deep_kernel,observed,1,128,106,0.37376310991889394,0.5980465053331647,0.7913513063621656,0.4421706700202561,0.26315120411096715,0.6218689718364196,,medium
context,3,permeability,gp_deep_kernel,observed,2,128,106,0.4790847805513335,0.5454427285851542,0.7217445666221994,0.40582187758834065,0.27296172673121544,0.6254858699845678,,medium
context,3,permeability,gp_deep_kernel,observed,4,128,106,0.5710810834859176,0.49494077432814515,0.6549190152332443,0.3663884840558873,0.30963851152440686,0.6426444347993827,,medium
context,3,permeability,gp_linear,expected,0,128,106,0.16327542935328698,0.6912846197872223,0.9147265004615932,0.5156086301063842,0.23031497388790204,0.6065767264660493,,medium
context,3,permeability,gp_linear,expected,1,128,106,0.16327542935328698,0.6912846197872223,0.9147265004615932,0.5156086301063842,0.23031497388790204,0.6065767264660493,,medium
context,3,permeability,gp_linear,expected,2,128,106,0.16327542935328698,0.6912846197872223,0.9147265004615932,0.5156086301063842,0.23031497388790204,0.6065767264660493,,medium
context,3,permeability,gp_linear,expected,4,128,106,0.16327542935328698,0.6912846197872223,0.9147265004615932,0.5156086301063842,0.23031497388790204,0.6065767264660493,,medium
context,3,permeability,gp_linear,observed,0,128,106,0.16327542935328698,0.6912846197872223,0.9147265004615932,0.5156086301063842,0.23031497388790204,0.6065767264660493,,medium
context,3,permeability,gp_linear,observed,1,128,106,0.39702800119760395,0.5868325643538923,0.7765127164460323,0.43920202998931746,0.27113252543028954,0.6280430169753086,,medium
context,3,permeability,gp_linear,observed,2,128,106,0.5011004757870449,0.533792144433023,0.7063281986533988,0.40240768727066684,0.2856982154017632,0.6323193962191358,,medium
context,3,permeability,gp_linear,observed,4,128,106,0.5955751797210742,0.4806008492525623,0.6359440386377765,0.3593792088630746,0.31141152204315825,0.6432303722993826,,medium
context,3,permeability,gp_neural_mean,expected,0,128,106,0.11597111867717247,0.7105568984490784,0.9402281006877148,0.5311587513602014,0.24442525993998687,0.6134078414351851,,medium
context,3,permeability,gp_neural_mean,expected,1,128,106,0.11597111867717247,0.7105568984490784,0.9402281006877148,0.5311587513602014,0.24442525993998687,0.6134078414351851,,medium
context,3,permeability,gp_neural_mean,expected,2,128,106,0.11597111867717247,0.7105568984490784,0.9402281006877148,0.5311587513602014,0.24442525993998687,0.6134078414351851,,medium
context,3,permeability,gp_neural_mean,expected,4,128,106,0.11597111867717247,0.7105568984490784,0.9402281006877148,0.5311587513602014,0.24442525993998687,0.6134078414351851,,medium
context,3,permeability,gp_neural_mean,observed,0,128,106,0.11597111867717247,0.7105568984490784,0.9402281006877148,0.5311587513602014,0.24442525993998687,0.6134078414351851,,medium
context,3,permeability,gp_neural_mean,observed,1,128,106,0.3886052088656511,0.5909170220218481,0.781917381271416,0.43985456802192113,0.28906531251603484,0.6348198784722221,,medium
context,3,permeability,gp_neural_mean,observed,2,128,106,0.49877088995391916,0.5350369505558356,0.7079753597732628,0.40044061095941297,0.30307729779921283,0.6403392650462963,,medium
context,3,permeability,gp_neural_mean,observed,4,128,106,0.5953272979755295,0.4807481126279721,0.6361389015179549,0.35724014423470357,0.34488624232874826,0.6616054205246913,,medium
context,3,permeability,memory,expected,0,128,106,0.026049744429304855,0.7458199930951901,0.9868891809978946,0.5673024638352216,0.21429400394705156,0.5995273919753086,,medium
context,3,permeability,memory,expected,1,128,106,0.020523862909202606,0.7479327722984642,0.9896848675668419,0.5686098594515998,0.21331744144705156,0.5990716628086419,,medium
context,3,permeability,memory,expected,2,128,106,0.020974008843611003,0.7477608857279923,0.9894574226091737,0.5684162177300701,0.21318723311371823,0.5991584683641975,,medium
context,3,permeability,memory,expected,4,128,106,0.01928509860024119,0.7484055860959927,0.9903105075680854,0.5687090997616502,0.21209157265515788,0.598656925154321,,medium
context,3,permeability,memory,observed,0,128,106,0.026049744429304855,0.7458199930951901,0.9868891809978946,0.5673024638352216,0.21429400394705156,0.5995273919753086,,medium
context,3,permeability,memory,observed,1,128,106,0.28743494915701073,0.6379371475344859,0.8441356827210832,0.4813126455048202,0.21331744144705156,0.599071662808642,,medium
context,3,permeability,memory,observed,2,128,106,0.406620172999522,0.5821461399515,0.7703115129611383,0.4429487052541743,0.21618223351046995,0.6003966531635803,,medium
context,3,permeability,memory,observed,4,128,106,0.47042017401869385,0.5499603118963916,0.7277223550100039,0.42004302353856876,0.21990279287996667,0.6019868827160494,,medium
context,3,permeability,previous_delta,observed,0,128,106,0.10933438487748193,0.7132191182750091,0.9437508225811081,0.5419548045381011,0.23093599704011974,0.6035843460648148,,medium
context,3,permeability,previous_delta,observed,1,128,106,0.10933438487748193,0.7132191182750091,0.9437508225811081,0.5419548045381011,0.23093599704011974,0.6035843460648148,,medium
context,3,permeability,previous_delta,observed,2,128,106,0.10933438487748193,0.7132191182750091,0.9437508225811081,0.5419548045381011,0.23093599704011974,0.6035843460648148,,medium
context,3,permeability,previous_delta,observed,4,128,106,0.10933438487748193,0.7132191182750091,0.9437508225811081,0.5419548045381011,0.23093599704011974,0.6035843460648148,,medium
context,3,permeability,previous_delta_anchor,observed,0,128,106,0.10933438487748193,0.7132191182750091,0.9437508225811081,0.5419548045381011,0.23093599704011974,0.6035843460648148,,medium
context,3,permeability,previous_delta_anchor,observed,1,128,106,0.3242652208411867,0.6212319294275529,0.8220308869858926,0.4751481437970497,0.22347071926234202,0.6006908275462962,,medium
context,3,permeability,previous_delta_anchor,observed,2,128,106,0.4038091111852037,0.583523432120113,0.7721339837196627,0.45013813509781775,0.229720719262342,0.6040762442129628,,medium
context,3,permeability,previous_delta_anchor,observed,4,128,106,0.46393068178328223,0.5533196691938256,0.7321675479128515,0.4302466215599655,0.22901609130246178,0.6034252025462963,,medium
context,3,permeability,previous_gp,expected,0,128,106,-1.1274494042054086,1.1022884407795133,1.4585778704633525,0.8460665576994695,0.12611425565838322,0.5574471932870371,,medium
context,3,permeability,previous_gp,expected,1,128,106,-1.1274494042054086,1.1022884407795133,1.4585778704633525,0.8460665576994695,0.12611425565838322,0.5574471932870371,,medium
context,3,permeability,previous_gp,expected,2,128,106,-1.1274494042054086,1.1022884407795133,1.4585778704633525,0.8460665576994695,0.12611425565838322,0.5574471932870371,,medium
context,3,permeability,previous_gp,expected,4,128,106,-1.1274494042054086,1.1022884407795133,1.4585778704633525,0.8460665576994695,0.12611425565838322,0.5574471932870371,,medium
context,3,permeability,previous_gp,observed,0,128,106,-1.1274494042054086,1.1022884407795133,1.4585778704633525,0.8460665576994695,0.12611425565838322,0.5574471932870371,,medium
context,3,permeability,previous_gp,observed,1,128,106,-0.4984906203747961,0.9251084491612704,1.224128514648195,0.6996948569076344,0.15442947640066532,0.5689416956018518,,medium
context,3,permeability,previous_gp,observed,2,128,106,-0.2357605776521816,0.8401035140070513,1.111647685938392,0.635345123499321,0.1740090121917332,0.5778935185185186,,medium
context,3,permeability,previous_gp,observed,4,128,106,0.05309219963977929,0.7353929804811901,0.9730918766284202,0.5567376647838707,0.20278560917160682,0.5922236689814815,,medium
context,3,permeability,residual_memory,expected,0,128,106,0.09477798434034312,0.7190236695998602,0.9514315612064048,0.538206693969874,0.24808488093937436,0.6157190393518517,,medium
context,3,permeability,residual_memory,expected,1,128,106,0.08961760839444188,0.7210702169729454,0.9541396080268119,0.5402919541966791,0.24730363093937438,0.615458622685185,,medium
context,3,permeability,residual_memory,expected,2,128,106,0.0894396906382171,0.721140673590314,0.9542328381279817,0.5403311768572571,0.24730363093937438,0.6154586226851851,,medium
context,3,permeability,residual_memory,expected,4,128,106,0.08947984591971503,0.7211247724326909,0.9542117972862655,0.5403011223501785,0.2470432142727077,0.6153718171296296,,medium
context,3,permeability,residual_memory,observed,0,128,106,0.09477798434034312,0.7190236695998602,0.9514315612064048,0.538206693969874,0.24808488093937436,0.6157190393518517,,medium
context,3,permeability,residual_memory,observed,1,128,106,0.3269271571973321,0.6200071063502193,0.8204101674179007,0.46296065976299966,0.24795467260604104,0.6157190393518518,,medium
context,3,permeability,residual_memory,observed,2,128,106,0.4346325458066531,0.568238997536153,0.7519092060836513,0.4282274356419091,0.24710008810377784,0.6158408082561728,,medium
context,3,permeability,residual_memory,observed,4,128,106,0.49348401626288885,0.5378512850790931,0.7116993633108795,0.4045304735029478,0.2535939175532096,0.6182798032407407,,medium
context,3,protein_binding,fnn,observed,0,133,72,0.11333089012463815,0.9720251061312593,0.9416310901172295,0.6309091694136412,0.3299616706975013,0.6523106708570368,,medium
context,3,protein_binding,fnn,observed,1,133,72,0.11333089012463815,0.9720251061312593,0.9416310901172295,0.6309091694136412,0.3299616706975013,0.6523106708570368,,medium
context,3,protein_binding,fnn,observed,2,133,72,0.11333089012463815,0.9720251061312593,0.9416310901172295,0.6309091694136412,0.3299616706975013,0.6523106708570368,,medium
context,3,protein_binding,fnn,observed,4,133,72,0.11333089012463815,0.9720251061312593,0.9416310901172295,0.6309091694136412,0.3299616706975013,0.6523106708570368,,medium
context,3,protein_binding,fnn_anchor,expected,0,133,72,0.11333089012463815,0.9720251061312593,0.9416310901172295,0.6309091694136412,0.3299616706975013,0.6523106708570368,,medium
context,3,protein_binding,fnn_anchor,expected,1,133,72,0.07178027364697959,0.9945396219758526,0.9634416050560721,0.6580632550369576,0.3345446289441663,0.6548703106973783,,medium
context,3,protein_binding,fnn_anchor,expected,2,133,72,0.05389899381410168,1.004073361482839,0.9726772363872295,0.6684305891338596,0.33409293865196726,0.6546591346090093,,medium
context,3,protein_binding,fnn_anchor,expected,4,133,72,0.040611259250500686,1.0110997469425762,0.9794839155134194,0.6763979448081804,0.33235820657091436,0.6539397435387411,,medium
context,3,protein_binding,fnn_anchor,observed,0,133,72,0.11333089012463815,0.9720251061312593,0.9416310901172295,0.6309091694136412,0.3299616706975013,0.6523106708570368,,medium
context,3,protein_binding,fnn_anchor,observed,1,133,72,0.3333326727534204,0.8428519164948971,0.8164969854485561,0.5602825031381602,0.3345446289441663,0.6548703106973783,,medium
context,3,protein_binding,fnn_anchor,observed,2,133,72,0.414149273387595,0.7901147684043931,0.7654088623816718,0.5280737458607656,0.33418467435318167,0.6547009057034119,,medium
context,3,protein_binding,fnn_anchor,observed,4,133,72,0.4628248774375885,0.756579620528883,0.7329223168674914,0.506711129260342,0.33235820657091436,0.6539397435387411,,medium
context,3,protein_binding,fnn_ridge,expected,0,133,72,0.11333089012463815,0.9720251061312593,0.9416310901172295,0.6309091694136412,0.3299616706975013,0.6523106708570368,,medium
context,3,protein_binding,fnn_ridge,expected,1,133,72,0.11333089012463815,0.9720251061312593,0.9416310901172295,0.6309091694136412,0.3299616706975013,0.6523106708570368,,medium
context,3,protein_binding,fnn_ridge,expected,2,133,72,0.11333089012463815,0.9720251061312593,0.9416310901172295,0.6309091694136412,0.3299616706975013,0.6523106708570368,,medium
context,3,protein_binding,fnn_ridge,expected,4,133,72,0.11333089012463815,0.9720251061312593,0.9416310901172295,0.6309091694136412,0.3299616706975013,0.6523106708570368,,medium
context,3,protein_binding,fnn_ridge,observed,0,133,72,0.11333089012463815,0.9720251061312593,0.9416310901172295,0.6309091694136412,0.3299616706975013,0.6523106708570368,,medium
context,3,protein_binding,fnn_ridge,observed,1,133,72,0.3112062859252879,0.8567246851302779,0.8299359698643698,0.5692737891087457,0.3299616706975013,0.6523106708570368,,medium
context,3,protein_binding,fnn_ridge,observed,2,133,72,0.4149979465993311,0.7895422742297272,0.76485426938775,0.5307271549264988,0.3299616706975013,0.6523106708570368,,medium
context,3,protein_binding,fnn_ridge,observed,4,133,72,0.47631602099103976,0.7470184649419915,0.7236601267231464,0.49978434917584696,0.3297110441310853,0.6522271286682313,,medium
context,3,protein_binding,gp_both,expected,0,133,72,0.13401883545672033,0.9606184332609444,0.9305810897193644,0.6257924871304679,0.3299913852273258,0.6523020514248585,,medium
context,3,protein_binding,gp_both,expected,1,133,72,0.13401883545672033,0.9606184332609444,0.9305810897193644,0.6257924871304679,0.3299913852273258,0.6523020514248585,,medium
context,3,protein_binding,gp_both,expected,2,133,72,0.13401883545672033,0.9606184332609444,0.9305810897193644,0.6257924871304679,0.3299913852273258,0.6523020514248585,,medium
context,3,protein_binding,gp_both,expected,4,133,72,0.13401883545672033,0.9606184332609444,0.9305810897193644,0.6257924871304679,0.3299913852273258,0.6523020514248585,,medium
context,3,protein_binding,gp_both,observed,0,133,72,0.13401883545672033,0.9606184332609444,0.9305810897193644,0.6257924871304679,0.3299913852273258,0.6523020514248585,,medium
context,3,protein_binding,gp_both,observed,1,133,72,0.3640386833886594,0.8232126641527743,0.7974718280988619,0.5343836921598019,0.3328240565893701,0.6548374905517763,,medium
context,3,protein_binding,gp_both,observed,2,133,72,0.4239666984636181,0.7834666036158745,0.7589685774367618,0.5016130483594697,0.3428797217996689,0.6580425932556258,,medium
context,3,protein_binding,gp_both,observed,4,133,72,0.47322899173854727,0.7492170039987944,0.7257899201982987,0.4725299535842818,0.36854511446549165,0.671421278062882,,medium
context,3,protein_binding,gp_deep_kernel,expected,0,133,72,0.18003283553221594,0.9347488160313449,0.9055203832425773,0.6021016995375906,0.36420907397030944,0.6714892389704419,,medium
context,3,protein_binding,gp_deep_kernel,expected,1,133,72,0.18003283553221594,0.9347488160313449,0.9055203832425773,0.6021016995375906,0.36420907397030944,0.6714892389704419,,medium
context,3,protein_binding,gp_deep_kernel,expected,2,133,72,0.18003283553221594,0.9347488160313449,0.9055203832425773,0.6021016995375906,0.36420907397030944,0.6714892389704419,,medium
context,3,protein_binding,gp_deep_kernel,expected,4,133,72,0.18003283553221594,0.9347488160313449,0.9055203832425773,0.6021016995375906,0.36420907397030944,0.6714892389704419,,medium
context,3,protein_binding,gp_deep_kernel,observed,0,133,72,0.18003283553221594,0.9347488160313449,0.9055203832425773,0.6021016995375906,0.36420907397030944,0.6714892389704419,,medium
context,3,protein_binding,gp_deep_kernel,observed,1,133,72,0.39182002104107916,0.8050312747393928,0.7798589481174919,0.5215982012058669,0.35825871726827696,0.6646175624245799,,medium
context,3,protein_binding,gp_deep_kernel,observed,2,133,72,0.4500354742776399,0.7655332026068428,0.7415959315707983,0.49038429868960554,0.38288912288945165,0.6761891501239872,,medium
context,3,protein_binding,gp_deep_kernel,observed,4,133,72,0.4961486231364354,0.7327366554923985,0.7098248916905948,0.4602172706236327,0.39823692817500356,0.6845964116640808,,medium
context,3,protein_binding,gp_linear,expected,0,133,72,0.14610057963539258,0.9538938579336109,0.9240667834981449,0.6156640295831137,0.32901014964753933,0.6506262348994178,,medium
context,3,protein_binding,gp_linear,expected,1,133,72,0.14610057963539258,0.9538938579336109,0.9240667834981449,0.6156640295831137,0.32901014964753933,0.6506262348994178,,medium
context,3,protein_binding,gp_linear,expected,2,133,72,0.14610057963539258,0.9538938579336109,0.9240667834981449,0.6156640295831137,0.32901014964753933,0.6506262348994178,,medium
context,3,protein_binding,gp_linear,expected,4,133,72,0.14610057963539258,0.9538938579336109,0.9240667834981449,0.6156640295831137,0.32901014964753933,0.6506262348994178,,medium
context,3,protein_binding,gp_linear,observed,0,133,72,0.14610057963539258,0.9538938579336109,0.9240667834981449,0.6156640295831137,0.32901014964753933,0.6506262348994178,,medium
context,3,protein_binding,gp_linear,observed,1,133,72,0.3853495478387319,0.8093023393285956,0.7839964618295596,0.5268006097358272,0.35465626494691527,0.6630014188911432,,medium
context,3,protein_binding,gp_linear,observed,2,133,72,0.4560781183781655,0.7613160020539005,0.7375105976335761,0.4862616172070618,0.3765400929572795,0.6741765127103474,,medium
context,3,protein_binding,gp_linear,observed,4,133,72,0.5118640733281481,0.7212188672101675,0.6986672503215331,0.4510321857405994,0.4071219517986596,0.6896659638514275,,medium
context,3,protein_binding,gp_neural_mean,expected,0,133,72,0.1063279774009005,0.975856083938035,0.9453422780131541,0.6417612655605881,0.3200937145851463,0.6460274363156568,,medium
context,3,protein_binding,gp_neural_mean,expected,1,133,72,0.1063279774009005,0.975856083938035,0.9453422780131541,0.6417612655605881,0.3200937145851463,0.6460274363156568,,medium
context,3,protein_binding,gp_neural_mean,expected,2,133,72,0.1063279774009005,0.975856083938035,0.9453422780131541,0.6417612655605881,0.3200937145851463,0.6460274363156568,,medium
context,3,protein_binding,gp_neural_mean,expected,4,133,72,0.1063279774009005,0.975856083938035,0.9453422780131541,0.6417612655605881,0.3200937145851463,0.6460274363156568,,medium
context,3,protein_binding,gp_neural_mean,observed,0,133,72,0.1063279774009005,0.975856083938035,0.9453422780131541,0.6417612655605881,0.3200937145851463,0.6460274363156568,,medium
context,3,protein_binding,gp_neural_mean,observed,1,133,72,0.36465105904612316,0.8228162274540325,0.7970877874825814,0.5385586283298487,0.32262767384511737,0.647996645051783,,medium
context,3,protein_binding,gp_neural_mean,observed,2,133,72,0.4433493058772672,0.7701726116875867,0.7460902721003222,0.4957886442810023,0.3338337349966869,0.6538068053732213,,medium
context,3,protein_binding,gp_neural_mean,observed,4,133,72,0.4945006496827463,0.7339339775997421,0.7109847750249324,0.4599226276672805,0.3680668929941384,0.6702387582713397,,medium
context,3,protein_binding,memory,expected,0,133,72,0.0911951657661757,0.9840836295637372,0.9533125585209838,0.6523695426446104,0.34741356490823755,0.6589161395552372,,medium
context,3,protein_binding,memory,expected,1,133,72,0.0930138275809752,0.9830984831797823,0.9523582164390796,0.6516157880942077,0.34694588935739906,0.6587072840832239,,medium
context,3,protein_binding,memory,expected,2,133,72,0.09167946723845888,0.9838213858763928,0.9530585148675506,0.6517032528487513,0.3460105382557222,0.6582895731391971,,medium
context,3,protein_binding,memory,expected,4,133,72,0.09021571838186981,0.9846137756112991,0.9538261275610614,0.6515488764602588,0.34463209214043394,0.6579554043839758,,medium
context,3,protein_binding,memory,observed,0,133,72,0.0911951657661757,0.9840836295637372,0.9533125585209838,0.6523695426446104,0.34741356490823755,0.6589161395552372,,medium
context,3,protein_binding,memory,observed,1,133,72,0.33622883374532575,0.8410191495169612,0.8147215268143307,0.562254530071291,0.34628574535936535,0.6584148864224051,,medium
context,3,protein_binding,memory,observed,2,133,72,0.44008209698287326,0.7724295326899765,0.7482766219902415,0.5167852807556627,0.34127313403747117,0.6559593428014481,,medium
context,3,protein_binding,memory,observed,4,133,72,0.48044148571227385,0.7440702252584732,0.7208040748273599,0.4942046590964795,0.33993032706468174,0.654987004548408,,medium
context,3,protein_binding,previous_delta,observed,0,133,72,0.10265012161769993,0.9778620655094044,0.9472855316019031,0.62987510150358,0.3681203279784109,0.6699208338306083,,medium
context,3,protein_binding,previous_delta,observed,1,133,72,0.10265012161769993,0.9778620655094044,0.9472855316019031,0.62987510150358,0.3681203279784109,0.6699208338306083,,medium
context,3,protein_binding,previous_delta,observed,2,133,72,0.10265012161769993,0.9778620655094044,0.9472855316019031,0.62987510150358,0.3681203279784109,0.6699208338306083,,medium
context,3,protein_binding,previous_delta,observed,4,133,72,0.10265012161769993,0.9778620655094044,0.9472855316019031,0.62987510150358,0.3681203279784109,0.6699208338306083,,medium
context,3,protein_binding,previous_delta_anchor,observed,0,133,72,0.10265012161769993,0.9778620655094044,0.9472855316019031,0.62987510150358,0.3681203279784109,0.6699208338306083,,medium
context,3,protein_binding,previous_delta_anchor,observed,1,133,72,0.33372852340686554,0.8426016500294657,0.8162545415451815,0.557301475952468,0.37084878380962966,0.6720153558499422,,medium
context,3,protein_binding,previous_delta_anchor,observed,2,133,72,0.4143562749185601,0.7899751713587861,0.7652736275878321,0.5272150250316162,0.37449025893645677,0.6742988423439551,,medium
context,3,protein_binding,previous_delta_anchor,observed,4,133,72,0.46524805791769863,0.754871240756453,0.731267353354641,0.5034542901642438,0.3786255972823214,0.6755519751760353,,medium
context,3,protein_binding,previous_gp,expected,0,133,72,-1.4336186940533904,1.610359949912942,1.5600059916722726,1.2248010926152237,0.15724143951579206,0.5727254644547877,,medium
context,3,protein_binding,previous_gp,expected,1,133,72,-1.4336186940533904,1.610359949912942,1.5600059916722726,1.2248010926152237,0.15724143951579206,0.5727254644547877,,medium
context,3,protein_binding,previous_gp,expected,2,133,72,-1.4336186940533904,1.610359949912942,1.5600059916722726,1.2248010926152237,0.15724143951579206,0.5727254644547877,,medium
context,3,protein_binding,previous_gp,expected,4,133,72,-1.4336186940533904,1.610359949912942,1.5600059916722726,1.2248010926152237,0.15724143951579206,0.5727254644547877,,medium
context,3,protein_binding,previous_gp,observed,0,133,72,-1.4336186940533904,1.610359949912942,1.5600059916722726,1.2248010926152237,0.15724143951579206,0.5727254644547877,,medium
context,3,protein_binding,previous_gp,observed,1,133,72,-0.7308101981414328,1.3580676911011,1.3156025988654145,1.0268760917077355,0.1613006788646873,0.5739169351951305,,medium
context,3,protein_binding,previous_gp,observed,2,133,72,-0.4850329347022615,1.2579539330902283,1.2186192738924908,0.9466211591807898,0.16611624428349578,0.5764072880614234,,medium
context,3,protein_binding,previous_gp,observed,4,133,72,-0.2315888458751607,1.1455909340961468,1.1097697265086846,0.8512017470873171,0.18113809281069804,0.5818454867327048,,medium
context,3,protein_binding,residual_memory,expected,0,133,72,0.07190915760233607,0.9944705733193835,0.9633747154652046,0.6538412345338335,0.31406877422719737,0.6456528225325217,,medium
context,3,protein_binding,residual_memory,expected,1,133,72,0.0702656121583719,0.9953507321005923,0.9642273527761117,0.6557224637851331,0.3140106161079766,0.6456528225325217,,medium
context,3,protein_binding,residual_memory,expected,2,133,72,0.07024725810851373,0.9953605567489229,0.9642368702199093,0.6557974348695903,0.3143865559576007,0.6458199069101326,,medium
context,3,protein_binding,residual_memory,expected,4,133,72,0.06991176407806143,0.9955401246010183,0.9644108232086255,0.6559837914175457,0.31472891822523114,0.6460287623821458,,medium
context,3,protein_binding,residual_memory,observed,0,133,72,0.07190915760233607,0.9944705733193835,0.9633747154652046,0.6538412345338335,0.31406877422719737,0.6456528225325217,,medium
context,3,protein_binding,residual_memory,observed,1,133,72,0.3263744614464854,0.8472390506871952,0.8207469394116037,0.5624804211131538,0.3145118692408087,0.6458199069101325,,medium
context,3,protein_binding,residual_memory,observed,2,133,72,0.4317647690080707,0.7781454303723474,0.7538137906618114,0.5185477836886941,0.30714425136087226,0.6416965031626686,,medium
context,3,protein_binding,residual_memory,observed,4,133,72,0.4738917969589289,0.7487455076199392,0.7253331669247388,0.4956748319427198,0.31106125543020496,0.6429794724907506,,medium
context,3,macro,fnn,observed,0,880,583,0.07038816088961536,,0.9641638030492456,,0.21782383581094056,0.6010530060266127,6.0,medium
context,3,macro,fnn,observed,1,880,583,0.07038816088961536,,0.9641638030492456,,0.21782383581094056,0.6010530060266127,6.0,medium
context,3,macro,fnn,observed,2,880,583,0.07038816088961536,,0.9641638030492456,,0.21782383581094056,0.6010530060266127,6.0,medium
context,3,macro,fnn,observed,4,880,583,0.07038816088961536,,0.9641638030492456,,0.21782383581094056,0.6010530060266127,6.0,medium
context,3,macro,fnn_anchor,expected,0,880,583,0.07038816088961536,,0.9641638030492456,,0.21782383581094056,0.6010530060266127,6.0,medium
context,3,macro,fnn_anchor,expected,1,880,583,0.03347188496125467,,0.9831216176235499,,0.2209182618030461,0.6028085381901714,6.0,medium
context,3,macro,fnn_anchor,expected,2,880,583,0.019365928113238045,,0.9902696965406758,,0.22071183470224107,0.6025684126259984,6.0,medium
context,3,macro,fnn_anchor,expected,4,880,583,0.008839772449549846,,0.9955703026659897,,0.22048428451110938,0.6026283827683592,6.0,medium
context,3,macro,fnn_anchor,observed,0,880,583,0.07038816088961536,,0.9641638030492456,,0.21782383581094056,0.6010530060266127,6.0,medium
context,3,macro,fnn_anchor,observed,1,880,583,0.29697409829855,,0.838466398671676,,0.2209182618030461,0.6028085381901714,6.0,medium
context,3,macro,fnn_anchor,observed,2,880,583,0.37319491852507997,,0.7917102256980897,,0.2207271239857768,0.6025753744750655,6.0,medium
context,3,macro,fnn_anchor,observed,4,880,583,0.4383046479542398,,0.749463376053667,,0.22048633493278302,0.6026309335284857,6.0,medium
context,3,macro,fnn_ridge,expected,0,880,583,0.07038816088961536,,0.9641638030492456,,0.21782383581094056,0.6010530060266127,6.0,medium
context,3,macro,fnn_ridge,expected,1,880,583,0.07038816088961536,,0.9641638030492456,,0.21782383581094056,0.6010530060266127,6.0,medium
context,3,macro,fnn_ridge,expected,2,880,583,0.07038816088961536,,0.9641638030492456,,0.21782383581094056,0.6010530060266127,6.0,medium
context,3,macro,fnn_ridge,expected,4,880,583,0.07038816088961536,,0.9641638030492456,,0.21782383581094056,0.6010530060266127,6.0,medium
context,3,macro,fnn_ridge,observed,0,880,583,0.07038816088961536,,0.9641638030492456,,0.21782383581094056,0.6010530060266127,6.0,medium
context,3,macro,fnn_ridge,observed,1,880,583,0.2989387533286069,,0.837294002529215,,0.21791802547338093,0.6010944215513634,6.0,medium
context,3,macro,fnn_ridge,observed,2,880,583,0.38100376393636864,,0.7867631384753808,,0.21817349465948446,0.6012311469272219,6.0,medium
context,3,macro,fnn_ridge,observed,4,880,583,0.45166140109922975,,0.740498885144853,,0.21864323219676815,0.6014603578106477,6.0,medium
context,3,macro,gp_both,expected,0,880,583,0.1023530221935816,,0.9474423348185463,,0.23814230219223131,0.609336284933267,6.0,medium
context,3,macro,gp_both,expected,1,880,583,0.1023530221935816,,0.9474423348185463,,0.23814230219223131,0.609336284933267,6.0,medium
context,3,macro,gp_both,expected,2,880,583,0.1023530221935816,,0.9474423348185463,,0.23814230219223131,0.609336284933267,6.0,medium
context,3,macro,gp_both,expected,4,880,583,0.1023530221935816,,0.9474423348185463,,0.23814230219223131,0.609336284933267,6.0,medium
context,3,macro,gp_both,observed,0,880,583,0.1023530221935816,,0.9474423348185463,,0.23814230219223131,0.609336284933267,6.0,medium
context,3,macro,gp_both,observed,1,880,583,0.3429768021497957,,0.8105696748893363,,0.2564357475167312,0.618023102425121,6.0,medium
context,3,macro,gp_both,observed,2,880,583,0.42557767337768815,,0.7579065421424411,,0.2754843905249788,0.6265895563103956,6.0,medium
context,3,macro,gp_both,observed,4,880,583,0.5119322324431823,,0.6986184706667994,,0.30395855835383206,0.6408275001700517,6.0,medium
context,3,macro,gp_deep_kernel,expected,0,880,583,0.11561520081284393,,0.9404173537250129,,0.23948738968612437,0.6106570594755402,6.0,medium
context,3,macro,gp_deep_kernel,expected,1,880,583,0.11561520081284393,,0.9404173537250129,,0.23948738968612437,0.6106570594755402,6.0,medium
context,3,macro,gp_deep_kernel,expected,2,880,583,0.11561520081284393,,0.9404173537250129,,0.23948738968612437,0.6106570594755402,6.0,medium
context,3,macro,gp_deep_kernel,expected,4,880,583,0.11561520081284393,,0.9404173537250129,,0.23948738968612437,0.6106570594755402,6.0,medium
context,3,macro,gp_deep_kernel,observed,0,880,583,0.11561520081284393,,0.9404173537250129,,0.23948738968612437,0.6106570594755402,6.0,medium
context,3,macro,gp_deep_kernel,observed,1,880,583,0.3503770201963779,,0.8059919229146295,,0.2537451021296819,0.6166347603724608,6.0,medium
context,3,macro,gp_deep_kernel,observed,2,880,583,0.4360411538984876,,0.7509719342968234,,0.27163155160354807,0.6247640635719596,6.0,medium
context,3,macro,gp_deep_kernel,observed,4,880,583,0.5220210083627409,,0.691360247365481,,0.29797985337906235,0.6375267738389253,6.0,medium
context,3,macro,gp_linear,expected,0,880,583,0.10682782183366907,,0.9450778688374472,,0.22256275221314267,0.6015629562147882,6.0,medium
context,3,macro,gp_linear,expected,1,880,583,0.10682782183366907,,0.9450778688374472,,0.22256275221314267,0.6015629562147882,6.0,medium
context,3,macro,gp_linear,expected,2,880,583,0.10682782183366907,,0.9450778688374472,,0.22256275221314267,0.6015629562147882,6.0,medium
context,3,macro,gp_linear,expected,4,880,583,0.10682782183366907,,0.9450778688374472,,0.22256275221314267,0.6015629562147882,6.0,medium
context,3,macro,gp_linear,observed,0,880,583,0.10682782183366907,,0.9450778688374472,,0.22256275221314267,0.6015629562147882,6.0,medium
context,3,macro,gp_linear,observed,1,880,583,0.35624100031467193,,0.8023459351709386,,0.24823128819760623,0.6142219757503781,6.0,medium
context,3,macro,gp_linear,observed,2,880,583,0.4468854944958844,,0.7437166836263092,,0.27338834903042736,0.6255685856118558,6.0,medium
context,3,macro,gp_linear,observed,4,880,583,0.541302190301828,,0.6772723305275153,,0.31145279390432634,0.6441354920296757,6.0,medium
context,3,macro,gp_neural_mean,expected,0,880,583,0.03901156551915963,,0.9803001757017289,,0.2171658081254159,0.6001611937121872,6.0,medium
context,3,macro,gp_neural_mean,expected,1,880,583,0.03901156551915963,,0.9803001757017289,,0.2171658081254159,0.6001611937121872,6.0,medium
context,3,macro,gp_neural_mean,expected,2,880,583,0.03901156551915963,,0.9803001757017289,,0.2171658081254159,0.6001611937121872,6.0,medium
context,3,macro,gp_neural_mean,expected,4,880,583,0.03901156551915963,,0.9803001757017289,,0.2171658081254159,0.6001611937121872,6.0,medium
context,3,macro,gp_neural_mean,observed,0,880,583,0.03901156551915963,,0.9803001757017289,,0.2171658081254159,0.6001611937121872,6.0,medium
context,3,macro,gp_neural_mean,observed,1,880,583,0.3291494970734304,,0.8190546397686602,,0.24879259936475032,0.6150253080054975,6.0,medium
context,3,macro,gp_neural_mean,observed,2,880,583,0.4302192955621657,,0.7548381975217168,,0.267665766634738,0.6230844098025293,6.0,medium
context,3,macro,gp_neural_mean,observed,4,880,583,0.5299534404766094,,0.685599416221594,,0.3085485623740315,0.642885931443322,6.0,medium
context,3,macro,memory,expected,0,880,583,0.023166784677954095,,0.9883487316337517,,0.2054065330455254,0.5952126968319629,6.0,medium
context,3,macro,memory,expected,1,880,583,0.006937598176169624,,0.9965251636681486,,0.20515037793248714,0.5952750347509246,6.0,medium
context,3,macro,memory,expected,2,880,583,0.0070536061577109455,,0.9964669557202032,,0.2049581304661686,0.5950346638931681,6.0,medium
context,3,macro,memory,expected,4,880,583,0.006027031536220325,,0.9969819298581994,,0.20422064184049527,0.5945306250409278,6.0,medium
context,3,macro,memory,observed,0,880,583,0.023166784677954095,,0.9883487316337517,,0.2054065330455254,0.5952126968319629,6.0,medium
context,3,macro,memory,observed,1,880,583,0.2601154865261604,,0.8601653989052568,,0.20492817273424588,0.5950398081409286,6.0,medium
context,3,macro,memory,observed,2,880,583,0.3623954844097854,,0.7985014186525998,,0.21086694289889393,0.5974193051683345,6.0,medium
context,3,macro,memory,observed,4,880,583,0.4308734805007988,,0.7544047451462651,,0.21583283199532918,0.5999519910125375,6.0,medium
context,3,macro,previous_delta,observed,0,880,583,-0.007156195036603789,,1.0035717189302436,,0.22177223717947347,0.6026608808808112,6.0,medium
context,3,macro,previous_delta,observed,1,880,583,-0.007156195036603789,,1.0035717189302436,,0.22177223717947347,0.6026608808808112,6.0,medium
context,3,macro,previous_delta,observed,2,880,583,-0.007156195036603789,,1.0035717189302436,,0.22177223717947347,0.6026608808808112,6.0,medium
context,3,macro,previous_delta,observed,4,880,583,-0.007156195036603789,,1.0035717189302436,,0.22177223717947347,0.6026608808808112,6.0,medium
context,3,macro,previous_delta_anchor,observed,0,880,583,-0.007156195036603789,,1.0035717189302436,,0.22177223717947347,0.6026608808808112,6.0,medium
context,3,macro,previous_delta_anchor,observed,1,880,583,0.24551324828982413,,0.86861196843595,,0.22091260934729648,0.6021327373091919,6.0,medium
context,3,macro,previous_delta_anchor,observed,2,880,583,0.32316654893018987,,0.8226988823803094,,0.22172375608164174,0.6023497597407523,6.0,medium
context,3,macro,previous_delta_anchor,observed,4,880,583,0.3936959312819976,,0.7786552951839488,,0.221173433582328,0.6017477599583865,6.0,medium
context,3,macro,previous_gp,expected,0,880,583,-1.2834954817834185,,1.5111239134443668,,0.11712202996405753,0.5529698114923675,6.0,medium
context,3,macro,previous_gp,expected,1,880,583,-1.2834954817834185,,1.5111239134443668,,0.11712202996405753,0.5529698114923675,6.0,medium
context,3,macro,previous_gp,expected,2,880,583,-1.2834954817834185,,1.5111239134443668,,0.11712202996405753,0.5529698114923675,6.0,medium
context,3,macro,previous_gp,expected,4,880,583,-1.2834954817834185,,1.5111239134443668,,0.11712202996405753,0.5529698114923675,6.0,medium
context,3,macro,previous_gp,observed,0,880,583,-1.2834954817834185,,1.5111239134443668,,0.11712202996405753,0.5529698114923675,6.0,medium
context,3,macro,previous_gp,observed,1,880,583,-0.5916191940707666,,1.261593910127489,,0.13974680606832077,0.5633481979141141,6.0,medium
context,3,macro,previous_gp,observed,2,880,583,-0.3328101947642895,,1.1544739905100891,,0.155600099601941,0.5708757162243513,6.0,medium
context,3,macro,previous_gp,observed,4,880,583,-0.06611891496613496,,1.0325303457846335,,0.1813318394748098,0.5826271039321941,6.0,medium
context,3,macro,residual_memory,expected,0,880,583,0.046533261878565955,,0.9764562141342714,,0.22721108689826855,0.6053098097922388,6.0,medium
context,3,macro,residual_memory,expected,1,880,583,0.04362155217435979,,0.977946035231822,,0.22640624164255096,0.6049183257363819,6.0,medium
context,3,macro,residual_memory,expected,2,880,583,0.04362371904812795,,0.9779449273613888,,0.22622566686260148,0.6048741926374862,6.0,medium
context,3,macro,residual_memory,expected,4,880,583,0.043358542850932824,,0.97808049625226,,0.22619030991976874,0.6048818770867236,6.0,medium
context,3,macro,residual_memory,observed,0,880,583,0.046533261878565955,,0.9764562141342714,,0.22721108689826855,0.6053098097922388,6.0,medium
context,3,macro,residual_memory,observed,1,880,583,0.2703375035653918,,0.8542028426753263,,0.22654966167702836,0.6049675927954996,6.0,medium
context,3,macro,residual_memory,observed,2,880,583,0.3841433658963888,,0.7847653369661604,,0.22897818960209326,0.6059697888448681,6.0,medium
context,3,macro,residual_memory,observed,4,880,583,0.4585782858698506,,0.735813640897034,,0.23568744497549254,0.6088751752441369,6.0,medium
context,3,cellular_clearance,fnn,observed,0,113,67,-0.16089743896617614,0.7946538280207152,1.077449506457809,0.5167545097364494,0.09529613817531295,0.543904125891589,,small
context,3,cellular_clearance,fnn,observed,1,113,67,-0.16089743896617614,0.7946538280207152,1.077449506457809,0.5167545097364494,0.09529613817531295,0.543904125891589,,small
context,3,cellular_clearance,fnn_anchor,expected,0,113,67,-0.16089743896617614,0.7946538280207152,1.077449506457809,0.5167545097364494,0.09529613817531295,0.543904125891589,,small
context,3,cellular_clearance,fnn_anchor,expected,1,113,67,-0.20168069718202686,0.8084917558918552,1.0962119763905278,0.5326018141851839,0.09891638299435014,0.5463336571928017,,small
context,3,cellular_clearance,fnn_anchor,observed,0,113,67,-0.16089743896617614,0.7946538280207152,1.077449506457809,0.5167545097364494,0.09529613817531295,0.543904125891589,,small
context,3,cellular_clearance,fnn_anchor,observed,1,113,67,0.18590889429471302,0.665453261919045,0.9022699738466791,0.45632999420620224,0.09891638299435014,0.5463336571928017,,small
context,3,cellular_clearance,fnn_ridge,expected,0,113,67,-0.16089743896617614,0.7946538280207152,1.077449506457809,0.5167545097364494,0.09529613817531295,0.543904125891589,,small
context,3,cellular_clearance,fnn_ridge,expected,1,113,67,-0.16089743896617614,0.7946538280207152,1.077449506457809,0.5167545097364494,0.09529613817531295,0.543904125891589,,small
context,3,cellular_clearance,fnn_ridge,observed,0,113,67,-0.16089743896617614,0.7946538280207152,1.077449506457809,0.5167545097364494,0.09529613817531295,0.543904125891589,,small
context,3,cellular_clearance,fnn_ridge,observed,1,113,67,0.17851131880915894,0.668469882599581,0.9063601277587409,0.4567414935799122,0.0955799878796215,0.5439696781695307,,small
context,3,cellular_clearance,gp_both,expected,0,113,67,-0.0735026426280081,0.7641570288907678,1.0360997261982112,0.47785772854960845,0.16601970838956812,0.5826148920728568,,small
context,3,cellular_clearance,gp_both,expected,1,113,67,-0.0735026426280081,0.7641570288907678,1.0360997261982112,0.47785772854960845,0.16601970838956812,0.5826148920728568,,small
context,3,cellular_clearance,gp_both,observed,0,113,67,-0.0735026426280081,0.7641570288907678,1.0360997261982112,0.47785772854960845,0.16601970838956812,0.5826148920728568,,small
context,3,cellular_clearance,gp_both,observed,1,113,67,0.2460289799501182,0.640410405802145,0.8683150465412204,0.4081763505377108,0.18993802242783725,0.5925082135443491,,small
context,3,cellular_clearance,gp_deep_kernel,expected,0,113,67,-0.032373332703760305,0.7493754170404888,1.0160577408315732,0.44960129441047647,0.17131994857498595,0.5836732882271229,,small
context,3,cellular_clearance,gp_deep_kernel,expected,1,113,67,-0.032373332703760305,0.7493754170404888,1.0160577408315732,0.44960129441047647,0.17131994857498595,0.5836732882271229,,small
context,3,cellular_clearance,gp_deep_kernel,observed,0,113,67,-0.032373332703760305,0.7493754170404888,1.0160577408315732,0.44960129441047647,0.17131994857498595,0.5836732882271229,,small
context,3,cellular_clearance,gp_deep_kernel,observed,1,113,67,0.31713936048786706,0.6094626469248585,0.8263538222287914,0.39221162485831046,0.19407661503814072,0.5940845897519939,,small
context,3,cellular_clearance,gp_linear,expected,0,113,67,-0.09151102500456476,0.7705398723574999,1.0447540500062993,0.474069182791997,0.1233181588698462,0.558121946746578,,small
context,3,cellular_clearance,gp_linear,expected,1,113,67,-0.09151102500456476,0.7705398723574999,1.0447540500062993,0.474069182791997,0.1233181588698462,0.558121946746578,,small
context,3,cellular_clearance,gp_linear,observed,0,113,67,-0.09151102500456476,0.7705398723574999,1.0447540500062993,0.474069182791997,0.1233181588698462,0.558121946746578,,small
context,3,cellular_clearance,gp_linear,observed,1,113,67,0.2755457588234974,0.6277497275545207,0.8511487773453608,0.4084990661419583,0.15042246619963184,0.5700269037474052,,small
context,3,cellular_clearance,gp_neural_mean,expected,0,113,67,-0.18808580478705084,0.8039054200639074,1.0899934884149771,0.5208382549694975,0.12350903323841722,0.5583119703141827,,small
context,3,cellular_clearance,gp_neural_mean,expected,1,113,67,-0.18808580478705084,0.8039054200639074,1.0899934884149771,0.5208382549694975,0.12350903323841722,0.5583119703141827,,small
context,3,cellular_clearance,gp_neural_mean,observed,0,113,67,-0.18808580478705084,0.8039054200639074,1.0899934884149771,0.5208382549694975,0.12350903323841722,0.5583119703141827,,small
context,3,cellular_clearance,gp_neural_mean,observed,1,113,67,0.22302505551416985,0.6501065778839855,0.8814618224777692,0.43523664140455987,0.1409617698558239,0.5667764082033993,,small
context,3,cellular_clearance,memory,expected,0,113,67,-0.16176476970342635,0.7949506238363276,1.077851923829719,0.5164661954513283,0.10327398127293146,0.5500506274289461,,small
context,3,cellular_clearance,memory,expected,1,113,67,-0.19289015336865756,0.8055291854590062,1.0921951077388405,0.5261273618981668,0.10709208621287516,0.5517713747249146,,small
context,3,cellular_clearance,memory,observed,0,113,67,-0.16176476970342635,0.7949506238363276,1.077851923829719,0.5164661954513283,0.10327398127293146,0.5500506274289461,,small
context,3,cellular_clearance,memory,observed,1,113,67,0.170074697659918,0.6718936798652896,0.9110023613251955,0.46231515936319045,0.10686555255378695,0.5518697031418269,,small
context,3,cellular_clearance,previous_delta,observed,0,113,67,-0.13222036514962832,0.7847774825193817,1.0640584406646227,0.5166586976437195,0.16046259580734112,0.5755931895865524,,small
context,3,cellular_clearance,previous_delta,observed,1,113,67,-0.13222036514962832,0.7847774825193817,1.0640584406646227,0.5166586976437195,0.16046259580734112,0.5755931895865524,,small
context,3,cellular_clearance,previous_delta_anchor,observed,0,113,67,-0.13222036514962832,0.7847774825193817,1.0640584406646227,0.5166586976437195,0.16046259580734112,0.5755931895865524,,small
context,3,cellular_clearance,previous_delta_anchor,observed,1,113,67,0.1860740686022625,0.6653857487247511,0.9021784365621568,0.45237896710774705,0.15647071460140843,0.5739461886032681,,small
context,3,cellular_clearance,previous_gp,expected,0,113,67,-1.1377432004530958,1.0783477069646659,1.462102322155702,0.7675561065635003,0.06644542495513396,0.531484700566559,,small
context,3,cellular_clearance,previous_gp,expected,1,113,67,-1.1377432004530958,1.0783477069646659,1.462102322155702,0.7675561065635003,0.06644542495513396,0.531484700566559,,small
context,3,cellular_clearance,previous_gp,observed,0,113,67,-1.1377432004530958,1.0783477069646659,1.462102322155702,0.7675561065635003,0.06644542495513396,0.531484700566559,,small
context,3,cellular_clearance,previous_gp,observed,1,113,67,-0.37561342954003973,0.8650261884135869,1.1728654780238184,0.6341123646906821,0.06768379629876174,0.5298043381561081,,small
context,3,cellular_clearance,residual_memory,expected,0,113,67,-0.13096536808288195,0.7843424247473697,1.0634685552863714,0.4968354818358974,0.17566549374815307,0.582975624697601,,small
context,3,cellular_clearance,residual_memory,expected,1,113,67,-0.13666326507139903,0.7863157334242649,1.0661441108365224,0.49885493441793477,0.17364011750985056,0.5818940121115637,,small
context,3,cellular_clearance,residual_memory,observed,0,113,67,-0.13096536808288195,0.7843424247473697,1.0634685552863714,0.4968354818358974,0.17566549374815307,0.582975624697601,,small
context,3,cellular_clearance,residual_memory,observed,1,113,67,0.22911532706878934,0.647553654576086,0.8780003832181457,0.43483155700126286,0.17323716015060414,0.5816481910692826,,small
context,3,efflux,fnn,observed,0,89,79,0.03299928258510376,0.7188092104284559,0.9833619462918505,0.5220508305841913,0.2072252609395122,0.5956973426074549,,small
context,3,efflux,fnn,observed,1,89,79,0.03299928258510376,0.7188092104284559,0.9833619462918505,0.5220508305841913,0.2072252609395122,0.5956973426074549,,small
context,3,efflux,fnn_anchor,expected,0,89,79,0.03299928258510376,0.7188092104284559,0.9833619462918505,0.5220508305841913,0.2072252609395122,0.5956973426074549,,small
context,3,efflux,fnn_anchor,expected,1,89,79,0.008244563711093167,0.7279516420356668,0.9958691863336805,0.5317994044942504,0.2071962708667444,0.5949817192794721,,small
context,3,efflux,fnn_anchor,observed,0,89,79,0.03299928258510376,0.7188092104284559,0.9833619462918505,0.5220508305841913,0.2072252609395122,0.5956973426074549,,small
context,3,efflux,fnn_anchor,observed,1,89,79,0.2716453921774853,0.6238377783010435,0.8534369383982127,0.45617753208176554,0.2071962708667444,0.5949817192794721,,small
context,3,efflux,fnn_ridge,expected,0,89,79,0.03299928258510376,0.7188092104284559,0.9833619462918505,0.5220508305841913,0.2072252609395122,0.5956973426074549,,small
context,3,efflux,fnn_ridge,expected,1,89,79,0.03299928258510376,0.7188092104284559,0.9833619462918505,0.5220508305841913,0.2072252609395122,0.5956973426074549,,small
context,3,efflux,fnn_ridge,observed,0,89,79,0.03299928258510376,0.7188092104284559,0.9833619462918505,0.5220508305841913,0.2072252609395122,0.5956973426074549,,small
context,3,efflux,fnn_ridge,observed,1,89,79,0.28413569922723314,0.6184656558999427,0.8460876436710129,0.4506800826355238,0.20703799502190917,0.5955724986623863,,small
context,3,efflux,gp_both,expected,0,89,79,0.0035460761702512666,0.7296739569525919,0.9982253872897386,0.5292124221682174,0.2080047255189389,0.5950842696629214,,small
context,3,efflux,gp_both,expected,1,89,79,0.0035460761702512666,0.7296739569525919,0.9982253872897386,0.5292124221682174,0.2080047255189389,0.5950842696629214,,small
context,3,efflux,gp_both,observed,0,89,79,0.0035460761702512666,0.7296739569525919,0.9982253872897386,0.5292124221682174,0.2080047255189389,0.5950842696629214,,small
context,3,efflux,gp_both,observed,1,89,79,0.2506292801779322,0.6327739547204334,0.8656620124633331,0.4575196769819673,0.21044628708036273,0.5952804530051721,,small
context,3,efflux,gp_deep_kernel,expected,0,89,79,0.0647457383244674,0.7069115590147641,0.9670854469360671,0.5131411113060638,0.24066661367095765,0.6134920634920635,,small
context,3,efflux,gp_deep_kernel,expected,1,89,79,0.0647457383244674,0.7069115590147641,0.9670854469360671,0.5131411113060638,0.24066661367095765,0.6134920634920635,,small
context,3,efflux,gp_deep_kernel,observed,0,89,79,0.0647457383244674,0.7069115590147641,0.9670854469360671,0.5131411113060638,0.24066661367095765,0.6134920634920635,,small
context,3,efflux,gp_deep_kernel,observed,1,89,79,0.26925096684939476,0.6248623529612878,0.8548386006437737,0.45107602138865405,0.209091541789803,0.5962680577849118,,small
context,3,efflux,gp_linear,expected,0,89,79,0.041826275840659344,0.7155209657221305,0.9788634859669354,0.5171179536114076,0.22070311913799118,0.5997859818084538,,small
context,3,efflux,gp_linear,expected,1,89,79,0.041826275840659344,0.7155209657221305,0.9788634859669354,0.5171179536114076,0.22070311913799118,0.5997859818084538,,small
context,3,efflux,gp_linear,observed,0,89,79,0.041826275840659344,0.7155209657221305,0.9788634859669354,0.5171179536114076,0.22070311913799118,0.5997859818084538,,small
context,3,efflux,gp_linear,observed,1,89,79,0.2980456330077855,0.6124274880686966,0.8378271701205533,0.4416471870961596,0.2309852789245574,0.6037965935437846,,small
context,3,efflux,gp_neural_mean,expected,0,89,79,-0.049141363054911125,0.7487162170950922,1.0242760189787279,0.543701551814131,0.2285953171843016,0.6044208132691278,,small
context,3,efflux,gp_neural_mean,expected,1,89,79,-0.049141363054911125,0.7487162170950922,1.0242760189787279,0.543701551814131,0.2285953171843016,0.6044208132691278,,small
context,3,efflux,gp_neural_mean,observed,0,89,79,-0.049141363054911125,0.7487162170950922,1.0242760189787279,0.543701551814131,0.2285953171843016,0.6044208132691278,,small
context,3,efflux,gp_neural_mean,observed,1,89,79,0.24822117762703577,0.6337898486744677,0.867051799129074,0.45481140573385637,0.24197408715529886,0.6110531478509005,,small
context,3,efflux,memory,expected,0,89,79,-0.05216496017692385,0.7497943308558679,1.0257509250188,0.5480698245850748,0.21989512795833893,0.5993958444801142,,small
context,3,efflux,memory,expected,1,89,79,-0.06580922485240426,0.7546402626197652,1.0323803683005621,0.551616902666378,0.2194336856753086,0.5990213126449082,,small
context,3,efflux,memory,observed,0,89,79,-0.05216496017692385,0.7497943308558679,1.0257509250188,0.5480698245850748,0.21989512795833893,0.5993958444801142,,small
context,3,efflux,memory,observed,1,89,79,0.18900305364222514,0.6582787633936834,0.9005536887702892,0.48090277999202335,0.2198082175105146,0.5992710005350455,,small
context,3,efflux,previous_delta,observed,0,89,79,-0.05190395800425929,0.7497013283367868,1.0256236922011208,0.5460664621045052,0.18898337465924667,0.5864098448368111,,small
context,3,efflux,previous_delta,observed,1,89,79,-0.05190395800425929,0.7497013283367868,1.0256236922011208,0.5460664621045052,0.18898337465924667,0.5864098448368111,,small
context,3,efflux,previous_delta_anchor,observed,0,89,79,-0.05190395800425929,0.7497013283367868,1.0256236922011208,0.5460664621045052,0.18898337465924667,0.5864098448368111,,small
context,3,efflux,previous_delta_anchor,observed,1,89,79,0.18183858065743785,0.6611800392046734,0.9045227577803459,0.48738989724663384,0.19460135218733654,0.5867843766720171,,small
context,3,efflux,previous_gp,expected,0,89,79,-1.5765384576254888,1.173325610666816,1.605159947676707,0.8871271850265422,0.11997782074952779,0.556099518459069,,small
context,3,efflux,previous_gp,expected,1,89,79,-1.5765384576254888,1.173325610666816,1.605159947676707,0.8871271850265422,0.11997782074952779,0.556099518459069,,small
context,3,efflux,previous_gp,observed,0,89,79,-1.5765384576254888,1.173325610666816,1.605159947676707,0.8871271850265422,0.11997782074952779,0.556099518459069,,small
context,3,efflux,previous_gp,observed,1,89,79,-0.7952839304614359,0.979415127250296,1.3398820584146336,0.7463771098134228,0.12092842712462987,0.5540596575708936,,small
context,3,efflux,residual_memory,expected,0,89,79,-0.04839935282881047,0.7484514037088332,1.023913742865487,0.5528431282484538,0.20235785279487448,0.5913835384341003,,small
context,3,efflux,residual_memory,expected,1,89,79,-0.0578580663380428,0.7518201063700389,1.0285222731365824,0.5559416549719787,0.2015084336546838,0.5908841626538255,,small
context,3,efflux,residual_memory,observed,0,89,79,-0.04839935282881047,0.7484514037088332,1.023913742865487,0.5528431282484538,0.20235785279487448,0.5913835384341003,,small
context,3,efflux,residual_memory,observed,1,89,79,0.19539486187998412,0.6556795458974268,0.8969978473329888,0.4811390274900771,0.20169569957228678,0.5912586944890316,,small
context,3,in_vivo_clearance,fnn,observed,0,145,118,-0.0515329096568391,0.5295951122689451,1.0254427871201977,0.3894568763053851,0.05295043724859049,0.522030651340996,,small
context,3,in_vivo_clearance,fnn,observed,1,145,118,-0.0515329096568391,0.5295951122689451,1.0254427871201977,0.3894568763053851,0.05295043724859049,0.522030651340996,,small
context,3,in_vivo_clearance,fnn_anchor,expected,0,145,118,-0.05153290965362811,0.5295951122681365,1.025442787118632,0.3894568763099525,0.05295043724859049,0.522030651340996,,small
context,3,in_vivo_clearance,fnn_anchor,expected,1,145,118,-0.09342713301927197,0.5400419004411342,1.045670661833482,0.4001579190976204,0.045445820624496445,0.5176628352490421,,small
context,3,in_vivo_clearance,fnn_anchor,observed,0,145,118,-0.05153290965362811,0.5295951122681365,1.025442787118632,0.3894568763099525,0.05295043724859049,0.522030651340996,,small
context,3,in_vivo_clearance,fnn_anchor,observed,1,145,118,0.1955069210529311,0.46322681297892515,0.8969353817009723,0.3406105805836418,0.04513179178591127,0.5175478927203065,,small
context,3,in_vivo_clearance,fnn_ridge,expected,0,145,118,-0.0515329096568391,0.5295951122689451,1.0254427871201977,0.3894568763053851,0.05295043724859049,0.522030651340996,,small
context,3,in_vivo_clearance,fnn_ridge,expected,1,145,118,-0.0515329096568391,0.5295951122689451,1.0254427871201977,0.3894568763053851,0.05295043724859049,0.522030651340996,,small
context,3,in_vivo_clearance,fnn_ridge,observed,0,145,118,-0.0515329096568391,0.5295951122689451,1.0254427871201977,0.3894568763053851,0.05295043724859049,0.522030651340996,,small
context,3,in_vivo_clearance,fnn_ridge,observed,1,145,118,0.21750548818357252,0.45684953134906414,0.8845871985375029,0.33283092261673847,0.05257481091476186,0.52183908045977,,small
context,3,in_vivo_clearance,gp_both,expected,0,145,118,-0.057822392587778104,0.531176571832108,1.0285049307552094,0.3878331855188762,0.07888322499986507,0.5324265644955299,,small
context,3,in_vivo_clearance,gp_both,expected,1,145,118,-0.057822392587778104,0.531176571832108,1.0285049307552094,0.3878331855188762,0.07888322499986507,0.5324265644955299,,small
context,3,in_vivo_clearance,gp_both,observed,0,145,118,-0.057822392587778104,0.531176571832108,1.0285049307552094,0.3878331855188762,0.07888322499986507,0.5324265644955299,,small
context,3,in_vivo_clearance,gp_both,observed,1,145,118,0.20835951040893308,0.4595116568293664,0.8897418106344486,0.33276941411902405,0.09677427363783146,0.5425415070242656,,small
context,3,in_vivo_clearance,gp_deep_kernel,expected,0,145,118,-0.03440562564241878,0.5252644038756412,1.0170573364576938,0.38180048543304,0.04958263739560267,0.5208301404853131,,small
context,3,in_vivo_clearance,gp_deep_kernel,expected,1,145,118,-0.03440562564241878,0.5252644038756412,1.0170573364576938,0.38180048543304,0.04958263739560267,0.5208301404853131,,small
context,3,in_vivo_clearance,gp_deep_kernel,observed,0,145,118,-0.03440562564241878,0.5252644038756412,1.0170573364576938,0.38180048543304,0.04958263739560267,0.5208301404853131,,small
context,3,in_vivo_clearance,gp_deep_kernel,observed,1,145,118,0.2233386628858961,0.4551435333589603,0.8812839140220953,0.3294524626599404,0.08727802181804305,0.5381992337164752,,small
context,3,in_vivo_clearance,gp_linear,expected,0,145,118,-0.09236694804725354,0.539780025121957,1.0451635986998655,0.4007278708998514,0.09183094198475938,0.5366794380587484,,small
context,3,in_vivo_clearance,gp_linear,expected,1,145,118,-0.09236694804725354,0.539780025121957,1.0451635986998655,0.4007278708998514,0.09183094198475938,0.5366794380587484,,small
context,3,in_vivo_clearance,gp_linear,observed,0,145,118,-0.09236694804725354,0.539780025121957,1.0451635986998655,0.4007278708998514,0.09183094198475938,0.5366794380587484,,small
context,3,in_vivo_clearance,gp_linear,observed,1,145,118,0.21234848761568959,0.4583524839305726,0.8874973309167248,0.3384712078867494,0.12326308831356148,0.553831417624521,,small
context,3,in_vivo_clearance,gp_neural_mean,expected,0,145,118,-0.15118021157069217,0.5541204668303432,1.0729306648477768,0.41029983722534363,0.026953024933386534,0.5097232865048958,,small
context,3,in_vivo_clearance,gp_neural_mean,expected,1,145,118,-0.15118021157069217,0.5541204668303432,1.0729306648477768,0.41029983722534363,0.026953024933386534,0.5097232865048958,,small
context,3,in_vivo_clearance,gp_neural_mean,observed,0,145,118,-0.15118021157069217,0.5541204668303432,1.0729306648477768,0.41029983722534363,0.026953024933386534,0.5097232865048958,,small
context,3,in_vivo_clearance,gp_neural_mean,observed,1,145,118,0.19970302496416437,0.46201717607110504,0.8945931896878243,0.3394224744538083,0.07778070847279052,0.5333418475947211,,small
context,3,in_vivo_clearance,memory,expected,0,145,118,-0.06624888507354543,0.533288021264499,1.032593281536126,0.3882874784989717,0.0794748504926114,0.5347807577692634,,small
context,3,in_vivo_clearance,memory,expected,1,145,118,-0.11971518070348175,0.5464951559169479,1.058165951400574,0.39881715504488263,0.0717284285885164,0.530915283099191,,small
context,3,in_vivo_clearance,memory,observed,0,145,118,-0.06624888507354543,0.533288021264499,1.032593281536126,0.3882874784989717,0.0794748504926114,0.5347807577692634,,small
context,3,in_vivo_clearance,memory,observed,1,145,118,0.1449851466426305,0.47755056509995836,0.9246701321862676,0.34612769450778247,0.06972710192888631,0.530723712217965,,small
context,3,in_vivo_clearance,previous_delta,observed,0,145,118,-0.3206331164656815,0.5935039665440268,1.149188024853062,0.4461891203919718,0.036803418367113136,0.5162835249042146,,small
context,3,in_vivo_clearance,previous_delta,observed,1,145,118,-0.3206331164656815,0.5935039665440268,1.149188024853062,0.4461891203919718,0.036803418367113136,0.5162835249042146,,small
context,3,in_vivo_clearance,previous_delta_anchor,observed,0,145,118,-0.3206331164656815,0.5935039665440268,1.149188024853062,0.4461891203919718,0.036803418367113136,0.5162835249042146,,small
context,3,in_vivo_clearance,previous_delta_anchor,observed,1,145,118,-0.015120531838409557,0.5203449451447701,1.0075319011517252,0.3917589603195581,0.03491924539637599,0.5144444444444445,,small
context,3,in_vivo_clearance,previous_gp,expected,0,145,118,-2.0972639961513613,0.9089115999223553,1.7599045417724681,0.6887246119991827,0.03628607823730198,0.5175606641123883,,small
context,3,in_vivo_clearance,previous_gp,expected,1,145,118,-2.0972639961513613,0.9089115999223553,1.7599045417724681,0.6887246119991827,0.03628607823730198,0.5175606641123883,,small
context,3,in_vivo_clearance,previous_gp,observed,0,145,118,-2.0972639961513613,0.9089115999223553,1.7599045417724681,0.6887246119991827,0.03628607823730198,0.5175606641123883,,small
context,3,in_vivo_clearance,previous_gp,observed,1,145,118,-1.1420312449063843,0.7558670863702251,1.4635679843814513,0.5644321314658759,0.07027443798566727,0.5335376756066411,,small
context,3,in_vivo_clearance,residual_memory,expected,0,145,118,-0.07635479526426647,0.5358093138963956,1.0374752022406446,0.39443268708256696,0.07591680488976177,0.5322349936143039,,small
context,3,in_vivo_clearance,residual_memory,expected,1,145,118,-0.0800487588946226,0.5367279537673543,1.0392539434106673,0.3956136737838102,0.0748823221311411,0.5317752234993615,,small
context,3,in_vivo_clearance,residual_memory,observed,0,145,118,-0.07635479526426647,0.5358093138963956,1.0374752022406446,0.39443268708256696,0.07591680488976177,0.5322349936143039,,small
context,3,in_vivo_clearance,residual_memory,observed,1,145,118,0.17254493254480252,0.4697910552502951,0.9096455724375277,0.339704409121211,0.07266761533754235,0.530434227330779,,small
context,3,microsomal_clearance,fnn,observed,0,339,191,0.059420296291756824,0.6121417987290889,0.9698348847655683,0.44556331426858825,0.23773361739356763,0.6115063107073923,,small
context,3,microsomal_clearance,fnn,observed,1,339,191,0.059420296291756824,0.6121417987290889,0.9698348847655683,0.44556331426858825,0.23773361739356763,0.6115063107073923,,small
context,3,microsomal_clearance,fnn_anchor,expected,0,339,191,0.059420296291756824,0.6121417987290889,0.9698348847655683,0.44556331426858825,0.23773361739356763,0.6115063107073923,,small
context,3,microsomal_clearance,fnn_anchor,expected,1,339,191,0.02654777774894157,0.6227468711985104,0.9866368238876241,0.4558872446935515,0.23774221929372838,0.611323440662182,,small
context,3,microsomal_clearance,fnn_anchor,observed,0,339,191,0.059420296291756824,0.6121417987290889,0.9698348847655683,0.44556331426858825,0.23773361739356763,0.6115063107073923,,small
context,3,microsomal_clearance,fnn_anchor,observed,1,339,191,0.30733973670954173,0.5253084303809401,0.8322621361629149,0.3854156461859659,0.23774221929372838,0.611323440662182,,small
context,3,microsomal_clearance,fnn_ridge,expected,0,339,191,0.059420296291756824,0.6121417987290889,0.9698348847655683,0.44556331426858825,0.23773361739356763,0.6115063107073923,,small
context,3,microsomal_clearance,fnn_ridge,expected,1,339,191,0.059420296291756824,0.6121417987290889,0.9698348847655683,0.44556331426858825,0.23773361739356763,0.6115063107073923,,small
context,3,microsomal_clearance,fnn_ridge,observed,0,339,191,0.059420296291756824,0.6121417987290889,0.9698348847655683,0.44556331426858825,0.23773361739356763,0.6115063107073923,,small
context,3,microsomal_clearance,fnn_ridge,observed,1,339,191,0.3225637382862968,0.5195034711120112,0.8230651624954753,0.37932665506222135,0.23886780473511704,0.6119144516760052,,small
context,3,microsomal_clearance,gp_both,expected,0,339,191,0.09873256609892145,0.5992127878966266,0.9493510593563788,0.43564566930979354,0.2604784969010096,0.6246434944566704,,small
context,3,microsomal_clearance,gp_both,expected,1,339,191,0.09873256609892145,0.5992127878966266,0.9493510593563788,0.43564566930979354,0.2604784969010096,0.6246434944566704,,small
context,3,microsomal_clearance,gp_both,observed,0,339,191,0.09873256609892145,0.5992127878966266,0.9493510593563788,0.43564566930979354,0.2604784969010096,0.6246434944566704,,small
context,3,microsomal_clearance,gp_both,observed,1,339,191,0.35236637900840484,0.507947616783271,0.8047568707327668,0.3668626110231277,0.28883206439249776,0.6380170696050735,,small
context,3,microsomal_clearance,gp_deep_kernel,expected,0,339,191,0.11707964425650363,0.5930823484613401,0.9396384175540591,0.42904133448878,0.26587282025180103,0.6266815980188645,,small
context,3,microsomal_clearance,gp_deep_kernel,expected,1,339,191,0.11707964425650363,0.5930823484613401,0.9396384175540591,0.42904133448878,0.26587282025180103,0.6266815980188645,,small
context,3,microsomal_clearance,gp_deep_kernel,observed,0,339,191,0.11707964425650363,0.5930823484613401,0.9396384175540591,0.42904133448878,0.26587282025180103,0.6266815980188645,,small
context,3,microsomal_clearance,gp_deep_kernel,observed,1,339,191,0.3531652432444382,0.5076342402205367,0.8042603787055296,0.36577881763188314,0.2806139567737307,0.6342130865238044,,small
context,3,microsomal_clearance,gp_linear,expected,0,339,191,0.08894142255174253,0.6024588444087111,0.9544938854954794,0.43812875784569827,0.24962230329388294,0.6185211197993892,,small
context,3,microsomal_clearance,gp_linear,expected,1,339,191,0.08894142255174253,0.6024588444087111,0.9544938854954794,0.43812875784569827,0.24962230329388294,0.6185211197993892,,small
context,3,microsomal_clearance,gp_linear,observed,0,339,191,0.08894142255174253,0.6024588444087111,0.9544938854954794,0.43812875784569827,0.24962230329388294,0.6185211197993892,,small
context,3,microsomal_clearance,gp_linear,observed,1,339,191,0.33253795852028234,0.5156648393503294,0.8169835013509866,0.37360662648684484,0.2705840303939212,0.6298597779546649,,small
context,3,microsomal_clearance,gp_neural_mean,expected,0,339,191,0.08576251310878336,0.6035089933487228,0.9561576684267175,0.44297732148890284,0.25041116998822766,0.6183440376041163,,small
context,3,microsomal_clearance,gp_neural_mean,expected,1,339,191,0.08576251310878336,0.6035089933487228,0.9561576684267175,0.44297732148890284,0.25041116998822766,0.6183440376041163,,small
context,3,microsomal_clearance,gp_neural_mean,observed,0,339,191,0.08576251310878336,0.6035089933487228,0.9561576684267175,0.44297732148890284,0.25041116998822766,0.6183440376041163,,small
context,3,microsomal_clearance,gp_neural_mean,observed,1,339,191,0.34348365562787897,0.5114191723826957,0.8102569619399275,0.3717124183035836,0.2830535432092892,0.6350634452404365,,small
context,3,microsomal_clearance,memory,expected,0,339,191,0.04082820613976357,0.618162183582041,0.9793731637431344,0.4554375450771823,0.23805295634862494,0.61058383147862,,small
context,3,microsomal_clearance,memory,expected,1,339,191,0.025593441189935562,0.6230520554202182,0.9871203365396057,0.46000066698266007,0.2387426261113267,0.6109166003340045,,small
context,3,microsomal_clearance,memory,observed,0,339,191,0.04082820613976357,0.618162183582041,0.9793731637431344,0.4554375450771823,0.23805295634862494,0.61058383147862,,small
context,3,microsomal_clearance,memory,observed,1,339,191,0.2936725142678912,0.5304656749177219,0.8404329156643668,0.39271650783527157,0.23865747120003414,0.6109657645424607,,small
context,3,microsomal_clearance,previous_delta,observed,0,339,191,0.00878670432357076,0.6284023383081954,0.9955969544330825,0.46472677103814514,0.2327967452529083,0.6128533189742629,,small
context,3,microsomal_clearance,previous_delta,observed,1,339,191,0.00878670432357076,0.6284023383081954,0.9955969544330825,0.46472677103814514,0.2327967452529083,0.6128533189742629,,small
context,3,microsomal_clearance,previous_delta_anchor,observed,0,339,191,0.00878670432357076,0.6284023383081954,0.9955969544330825,0.46472677103814514,0.2327967452529083,0.6128533189742629,,small
context,3,microsomal_clearance,previous_delta_anchor,observed,1,339,191,0.2564630955606495,0.5442588472491224,0.8622858600483662,0.404846616379155,0.23618290764118158,0.6145208050444038,,small
context,3,microsomal_clearance,previous_gp,expected,0,339,191,-0.5519951336026192,0.7863201602380157,1.245790967057724,0.6037647109254203,0.1496685782921279,0.5748290958467949,,small
context,3,microsomal_clearance,previous_gp,expected,1,339,191,-0.5519951336026192,0.7863201602380157,1.245790967057724,0.6037647109254203,0.1496685782921279,0.5748290958467949,,small
context,3,microsomal_clearance,previous_gp,observed,0,339,191,-0.5519951336026192,0.7863201602380157,1.245790967057724,0.6037647109254203,0.1496685782921279,0.5748290958467949,,small
context,3,microsomal_clearance,previous_gp,observed,1,339,191,-0.09921239769636236,0.6617516639506541,1.0484333062700566,0.5031850173570316,0.1602285809843448,0.5782264987279736,,small
context,3,microsomal_clearance,residual_memory,expected,0,339,191,0.04402254337062539,0.6171319900049215,0.9777409967007493,0.4545357245413426,0.2412130106024044,0.6147666911187069,,small
context,3,microsomal_clearance,residual_memory,expected,1,339,191,0.0387245010422832,0.6188397048992832,0.9804465813891733,0.45634989382418906,0.24088857589294402,0.6145017506620261,,small
context,3,microsomal_clearance,residual_memory,observed,0,339,191,0.04402254337062539,0.6171319900049215,0.9777409967007493,0.4545357245413426,0.2412130106024044,0.6147666911187069,,small
context,3,microsomal_clearance,residual_memory,observed,1,339,191,0.28063616557550275,0.535338569213019,0.8481531904228724,0.3933325312296628,0.24393213955478715,0.6160745501084735,,small
context,3,permeability,fnn,observed,0,119,98,0.09716155549357341,0.8020501313225155,0.9501781119908134,0.5612141803004381,0.2861411702801984,0.6317267647799859,,small
context,3,permeability,fnn,observed,1,119,98,0.09716155549357341,0.8020501313225155,0.9501781119908134,0.5612141803004381,0.2861411702801984,0.6317267647799859,,small
context,3,permeability,fnn_anchor,expected,0,119,98,0.09716155549357341,0.8020501313225155,0.9501781119908134,0.5612141803004381,0.2861411702801984,0.6317267647799859,,small
context,3,permeability,fnn_anchor,expected,1,119,98,0.06367069369589284,0.8167907309229773,0.9676411040794552,0.5782670576546262,0.28442662132093244,0.6307100618024988,,small
context,3,permeability,fnn_anchor,observed,0,119,98,0.09716155549357341,0.8020501313225155,0.9501781119908134,0.5612141803004381,0.2861411702801984,0.6317267647799859,,small
context,3,permeability,fnn_anchor,observed,1,119,98,0.317803231015945,0.6971902763695639,0.8259520379441261,0.4933662481272087,0.28442662132093244,0.6307100618024988,,small
context,3,permeability,fnn_ridge,expected,0,119,98,0.09716155549357341,0.8020501313225155,0.9501781119908134,0.5612141803004381,0.2861411702801984,0.6317267647799859,,small
context,3,permeability,fnn_ridge,expected,1,119,98,0.09716155549357341,0.8020501313225155,0.9501781119908134,0.5612141803004381,0.2861411702801984,0.6317267647799859,,small
context,3,permeability,fnn_ridge,observed,0,119,98,0.09716155549357341,0.8020501313225155,0.9501781119908134,0.5612141803004381,0.2861411702801984,0.6317267647799859,,small
context,3,permeability,fnn_ridge,observed,1,119,98,0.3353609437917314,0.6881599939895251,0.8152539826387042,0.48252201283526247,0.28642128232501635,0.6318201354615921,,small
context,3,permeability,gp_both,expected,0,119,98,0.07802198534846283,0.8105070090563107,0.9601968624462054,0.5707560039140104,0.22821423731037763,0.606762705082033,,small
context,3,permeability,gp_both,expected,1,119,98,0.07802198534846283,0.8105070090563107,0.9601968624462054,0.5707560039140104,0.22821423731037763,0.606762705082033,,small
context,3,permeability,gp_both,observed,0,119,98,0.07802198534846283,0.8105070090563107,0.9601968624462054,0.5707560039140104,0.22821423731037763,0.606762705082033,,small
context,3,permeability,gp_both,observed,1,119,98,0.3248235338931442,0.6935937010871474,0.821691223092261,0.4863139615429275,0.24859558040394025,0.6163220843893112,,small
context,3,permeability,gp_deep_kernel,expected,0,119,98,0.0982243031566018,0.8015779383777321,0.9496187112959591,0.5528277564436499,0.24311476059737447,0.614370192521453,,small
context,3,permeability,gp_deep_kernel,expected,1,119,98,0.0982243031566018,0.8015779383777321,0.9496187112959591,0.5528277564436499,0.24311476059737447,0.614370192521453,,small
context,3,permeability,gp_deep_kernel,observed,0,119,98,0.0982243031566018,0.8015779383777321,0.9496187112959591,0.5528277564436499,0.24311476059737447,0.614370192521453,,small
context,3,permeability,gp_deep_kernel,observed,1,119,98,0.3329658564149216,0.6893988025625124,0.8167215826614835,0.4740644271565702,0.2598516161216156,0.6218339187526861,,small
context,3,permeability,gp_linear,expected,0,119,98,0.08942759786233878,0.8054780946404735,0.9542391744933034,0.5636308288147471,0.24719380200535518,0.6165644035391933,,small
context,3,permeability,gp_linear,expected,1,119,98,0.08942759786233878,0.8054780946404735,0.9542391744933034,0.5636308288147471,0.24719380200535518,0.6165644035391933,,small
context,3,permeability,gp_linear,observed,0,119,98,0.08942759786233878,0.8054780946404735,0.9542391744933034,0.5636308288147471,0.24719380200535518,0.6165644035391933,,small
context,3,permeability,gp_linear,observed,1,119,98,0.34848088949464795,0.6813340159716686,0.8071673373627999,0.4774245459059554,0.27693649581148033,0.6303795592310998,,small
context,3,permeability,gp_neural_mean,expected,0,119,98,0.09362881385006139,0.8036177814200651,0.9520352861895081,0.5733214549883422,0.23083859668443232,0.6055918663761802,,small
context,3,permeability,gp_neural_mean,expected,1,119,98,0.09362881385006139,0.8036177814200651,0.9520352861895081,0.5733214549883422,0.23083859668443232,0.6055918663761802,,small
context,3,permeability,gp_neural_mean,observed,0,119,98,0.09362881385006139,0.8036177814200651,0.9520352861895081,0.5733214549883422,0.23083859668443232,0.6055918663761802,,small
context,3,permeability,gp_neural_mean,observed,1,119,98,0.35620604127890554,0.6772826351030427,0.8023677203882859,0.4796907217981069,0.2609025990462864,0.6188593956100958,,small
context,3,permeability,memory,expected,0,119,98,-0.02117299863505817,0.8529943485248479,1.0105310478332956,0.6168436816600469,0.2122640328337111,0.5984905073140366,,small
context,3,permeability,memory,expected,1,119,98,-0.02366882306659468,0.8540361038943938,1.0117652015495466,0.6165117492403638,0.21198392078889317,0.5983971366324308,,small
context,3,permeability,memory,observed,0,119,98,-0.02117299863505817,0.8529943485248479,1.0105310478332956,0.6168436816600469,0.2122640328337111,0.5984905073140366,,small
context,3,permeability,memory,observed,1,119,98,0.23735317093982056,0.7371540005144115,0.8732965298569435,0.5245748241985935,0.21212397681130213,0.5983971366324308,,small
context,3,permeability,previous_delta,observed,0,119,98,0.03731117428394792,0.8282080705536925,0.9811670732938668,0.592003773074574,0.28589954450847205,0.6304721888755502,,small
context,3,permeability,previous_delta,observed,1,119,98,0.03731117428394792,0.8282080705536925,0.9811670732938668,0.592003773074574,0.28589954450847205,0.6304721888755502,,small
context,3,permeability,previous_delta_anchor,observed,0,119,98,0.03731117428394792,0.8282080705536925,0.9811670732938668,0.592003773074574,0.28589954450847205,0.6304721888755502,,small
context,3,permeability,previous_delta_anchor,observed,1,119,98,0.27616580058044027,0.7181514507025902,0.850784461200109,0.515918261889022,0.28948605643488473,0.6318727490996398,,small
context,3,permeability,previous_gp,expected,0,119,98,-0.8521311149448798,1.1487680721597273,1.3609302388237539,0.8861726605583757,0.07615649967908528,0.5324529811924771,,small
context,3,permeability,previous_gp,expected,1,119,98,-0.8521311149448798,1.1487680721597273,1.3609302388237539,0.8861726605583757,0.07615649967908528,0.5324529811924771,,small
context,3,permeability,previous_gp,observed,0,119,98,-0.8521311149448798,1.1487680721597273,1.3609302388237539,0.8861726605583757,0.07615649967908528,0.5324529811924771,,small
context,3,permeability,previous_gp,observed,1,119,98,-0.31669904403848825,0.9685894914366922,1.14747507338438,0.7318465776800034,0.09844731216836555,0.5412965186074429,,small
context,3,permeability,residual_memory,expected,0,119,98,0.016337883776079587,0.8371811962972969,0.991797416927429,0.5951679560365409,0.23958439347605223,0.6109228876735877,,small
context,3,permeability,residual_memory,expected,1,119,98,0.01350592976988163,0.838385448568334,0.9932240785593744,0.5956288538177529,0.237278496866615,0.6098958101759221,,small
context,3,permeability,residual_memory,observed,0,119,98,0.016337883776079587,0.8371811962972969,0.991797416927429,0.5951679560365409,0.23958439347605223,0.6109228876735877,,small
context,3,permeability,residual_memory,observed,1,119,98,0.2845589391002652,0.7139756873363767,0.8458374908336321,0.49787578391177306,0.2371384408442061,0.6095223274494983,,small
context,3,protein_binding,fnn,observed,0,236,110,0.12307912902565754,1.06176402782169,0.936440532534951,0.6309227027925058,0.3384453341392923,0.6543137947269302,,small
context,3,protein_binding,fnn,observed,1,236,110,0.12307912902565754,1.06176402782169,0.936440532534951,0.6309227027925058,0.3384453341392923,0.6543137947269302,,small
context,3,protein_binding,fnn_anchor,expected,0,236,110,0.12307912902565754,1.06176402782169,0.936440532534951,0.6309227027925058,0.3384453341392923,0.6543137947269302,,small
context,3,protein_binding,fnn_anchor,expected,1,236,110,0.08041020204692728,1.087288704984398,0.9589524482230977,0.657913270863492,0.33779071277032013,0.6542549435028248,,small
context,3,protein_binding,fnn_anchor,observed,0,236,110,0.12307912902565754,1.06176402782169,0.936440532534951,0.6309227027925058,0.3384453341392923,0.6543137947269302,,small
context,3,protein_binding,fnn_anchor,observed,1,236,110,0.3573336092727937,0.9089512650871653,0.8016647620590581,0.5553162547782512,0.33773901426073744,0.6541843220338982,,small
context,3,protein_binding,fnn_ridge,expected,0,236,110,0.12307912902565754,1.06176402782169,0.936440532534951,0.6309227027925058,0.3384453341392923,0.6543137947269302,,small
context,3,protein_binding,fnn_ridge,expected,1,236,110,0.12307912902565754,1.06176402782169,0.936440532534951,0.6309227027925058,0.3384453341392923,0.6543137947269302,,small
context,3,protein_binding,fnn_ridge,observed,0,236,110,0.12307912902565754,1.06176402782169,0.936440532534951,0.6309227027925058,0.3384453341392923,0.6543137947269302,,small
context,3,protein_binding,fnn_ridge,observed,1,236,110,0.28879808156026177,0.9561901464548406,0.843327883115303,0.5720033650835469,0.3383747126703658,0.6543137947269302,,small
context,3,protein_binding,gp_both,expected,0,236,110,0.14739156066382597,1.0469419882313677,0.9233679869565405,0.6245899274894096,0.3241621805979155,0.646788684871312,,small
context,3,protein_binding,gp_both,expected,1,236,110,0.14739156066382597,1.0469419882313677,0.9233679869565405,0.6245899274894096,0.3241621805979155,0.646788684871312,,small
context,3,protein_binding,gp_both,observed,0,236,110,0.14739156066382597,1.0469419882313677,0.9233679869565405,0.6245899274894096,0.3241621805979155,0.646788684871312,,small
context,3,protein_binding,gp_both,observed,1,236,110,0.38011738247998805,0.8926938305612899,0.787326245923513,0.5293190624479294,0.332968654693981,0.65183223477715,,small
context,3,protein_binding,gp_deep_kernel,expected,0,236,110,0.19641341193578066,1.016398801109873,0.8964299125220104,0.5860111228430681,0.36799448599526846,0.6694503295668549,,small
context,3,protein_binding,gp_deep_kernel,expected,1,236,110,0.19641341193578066,1.016398801109873,0.8964299125220104,0.5860111228430681,0.36799448599526846,0.6694503295668549,,small
context,3,protein_binding,gp_deep_kernel,observed,0,236,110,0.19641341193578066,1.016398801109873,0.8964299125220104,0.5860111228430681,0.36799448599526846,0.6694503295668549,,small
context,3,protein_binding,gp_deep_kernel,observed,1,236,110,0.40890074329123516,0.8717220085831953,0.7688297969698916,0.5049391024939696,0.3620974497860958,0.665960451977401,,small
context,3,protein_binding,gp_linear,expected,0,236,110,0.20406444333051177,1.0115486094109187,0.8921522048784547,0.5870723885633465,0.3844196221292558,0.6752648305084744,,small
context,3,protein_binding,gp_linear,expected,1,236,110,0.20406444333051177,1.0115486094109187,0.8921522048784547,0.5870723885633465,0.3844196221292558,0.6752648305084744,,small
context,3,protein_binding,gp_linear,observed,0,236,110,0.20406444333051177,1.0115486094109187,0.8921522048784547,0.5870723885633465,0.3844196221292558,0.6752648305084744,,small
context,3,protein_binding,gp_linear,observed,1,236,110,0.43352278918109555,0.8533732509934372,0.7526468035000909,0.4995918098328896,0.3836199025774712,0.6745291902071562,,small
context,3,protein_binding,gp_neural_mean,expected,0,236,110,0.18367732538842352,1.0244216168793447,0.9035057689973963,0.6186899094406689,0.33690744730204847,0.6527620841180163,,small
context,3,protein_binding,gp_neural_mean,expected,1,236,110,0.18367732538842352,1.0244216168793447,0.9035057689973963,0.6186899094406689,0.33690744730204847,0.6527620841180163,,small
context,3,protein_binding,gp_neural_mean,observed,0,236,110,0.18367732538842352,1.0244216168793447,0.9035057689973963,0.6186899094406689,0.33690744730204847,0.6527620841180163,,small
context,3,protein_binding,gp_neural_mean,observed,1,236,110,0.41601547842348063,0.8664599083318526,0.7641887996931905,0.5128528346793355,0.35296815997335373,0.660355853735091,,small
context,3,protein_binding,memory,expected,0,236,110,0.09479012605669523,1.078754065677314,0.9514251804231927,0.6600165201419448,0.33537520727157893,0.6504453075957314,,small
context,3,protein_binding,memory,expected,1,236,110,0.09908867423437517,1.0761896910723585,0.9491634873748699,0.65585099030707,0.33570846369336854,0.650698367859385,,small
context,3,protein_binding,memory,observed,0,236,110,0.09479012605669523,1.078754065677314,0.9514251804231927,0.6600165201419448,0.33537520727157893,0.6504453075957314,,small
context,3,protein_binding,memory,observed,1,236,110,0.38316372489625616,0.8904976079645359,0.7853892506927657,0.5488916230010897,0.33547767632724496,0.6505335844318896,,small
context,3,protein_binding,previous_delta,observed,0,236,110,0.09811368601295334,1.0767718724399973,0.9496769524354304,0.6433661145091889,0.3253274861220386,0.6495468455743879,,small
context,3,protein_binding,previous_delta,observed,1,236,110,0.09811368601295334,1.0767718724399973,0.9496769524354304,0.6433661145091889,0.3253274861220386,0.6495468455743879,,small
context,3,protein_binding,previous_delta_anchor,observed,0,236,110,0.09811368601295334,1.0767718724399973,0.9496769524354304,0.6433661145091889,0.3253274861220386,0.6495468455743879,,small
context,3,protein_binding,previous_delta_anchor,observed,1,236,110,0.361008465542871,0.9063487837611436,0.7993694605482055,0.5622785864852932,0.33814528273220806,0.6557968455743879,,small
context,3,protein_binding,previous_gp,expected,0,236,110,-1.268412381018159,1.7076891084937782,1.506124955313522,1.2361900488297823,0.15684528902278602,0.5731167608286252,,small
context,3,protein_binding,previous_gp,expected,1,236,110,-1.268412381018159,1.7076891084937782,1.506124955313522,1.2361900488297823,0.15684528902278602,0.5731167608286252,,small
context,3,protein_binding,previous_gp,observed,0,236,110,-1.268412381018159,1.7076891084937782,1.506124955313522,1.2361900488297823,0.15684528902278602,0.5731167608286252,,small
context,3,protein_binding,previous_gp,observed,1,236,110,-0.6036432454546306,1.4358255715900294,1.2663503644152476,1.016416903134537,0.1628560591235066,0.5754296139359698,,small
context,3,protein_binding,residual_memory,expected,0,236,110,0.08419664909314672,1.0850479190387547,0.956976149601887,0.664333859358944,0.32747460812872786,0.6505139673571876,,small
context,3,protein_binding,residual_memory,expected,1,236,110,0.07340202227662906,1.0914239465716065,0.9625995936646612,0.6682276795669099,0.3246446790032168,0.6491015379786566,,small
context,3,protein_binding,residual_memory,observed,0,236,110,0.08419664909314672,1.0850479190387547,0.956976149601887,0.664333859358944,0.32747460812872786,0.6505139673571876,,small
context,3,protein_binding,residual_memory,observed,1,236,110,0.34406273746299953,0.9182880987110827,0.8098995385459856,0.5541262001870815,0.3243294175772718,0.6489132140615191,,small
context,3,macro,fnn,observed,0,1041,663,0.016704985795512717,,0.9916123306032893,,0.20296532636274567,0.5931964983423914,6.0,small
context,3,macro,fnn,observed,1,1041,663,0.016704985795512717,,0.9916123306032893,,0.20296532636274567,0.5931964983423914,6.0,small
context,3,macro,fnn_anchor,expected,0,1041,663,0.016704985796047882,,0.9916123306030196,,0.20296532636274567,0.5931964983423914,6.0,small
context,3,macro,fnn_anchor,expected,1,1041,663,-0.019372432166407327,,1.0096397536579111,,0.201919671311762,0.5925444429481369,6.0,small
context,3,macro,fnn_anchor,observed,0,1041,663,0.016704985796047882,,0.9916123306030196,,0.20296532636274567,0.5931964983423914,6.0,small
context,3,macro,fnn_anchor,observed,1,1041,663,0.27258963075390163,,0.8528835613646791,,0.201858716753734,0.5925135156151932,6.0,small
context,3,macro,fnn_ridge,expected,0,1041,663,0.016704985795512717,,0.9916123306032893,,0.20296532636274567,0.5931964983423914,6.0,small
context,3,macro,fnn_ridge,expected,1,1041,663,0.016704985795512717,,0.9916123306032893,,0.20296532636274567,0.5931964983423914,6.0,small
context,3,macro,fnn_ridge,observed,0,1041,663,0.016704985795512717,,0.9916123306032893,,0.20296532636274567,0.5931964983423914,6.0,small
context,3,macro,fnn_ridge,observed,1,1041,663,0.2711458783097091,,0.8537295366158365,,0.20314276559113195,0.5932382731927024,6.0,small
context,3,macro,gp_both,expected,0,1041,663,0.03272785884427922,,0.9834999446648285,,0.21096042895294578,0.5980534351068872,6.0,small
context,3,macro,gp_both,expected,1,1041,663,0.03272785884427922,,0.9834999446648285,,0.21096042895294578,0.5980534351068872,6.0,small
context,3,macro,gp_both,observed,0,1041,663,0.03272785884427922,,0.9834999446648285,,0.21096042895294578,0.5980534351068872,6.0,small
context,3,macro,gp_both,observed,1,1041,663,0.2937208443197534,,0.8404041621031195,,0.2279258137727417,0.6060835937242203,6.0,small
context,3,macro,gp_deep_kernel,expected,0,1041,663,0.0682806898878624,,0.9652560852499908,,0.22309187774766503,0.6047496020519453,6.0,small
context,3,macro,gp_deep_kernel,expected,1,1041,663,0.0682806898878624,,0.9652560852499908,,0.22309187774766503,0.6047496020519453,6.0,small
context,3,macro,gp_deep_kernel,observed,0,1041,663,0.0682806898878624,,0.9652560852499908,,0.22309187774766503,0.6047496020519453,6.0,small
context,3,macro,gp_deep_kernel,observed,1,1041,663,0.31746013886229213,,0.8261597067986962,,0.23216820022123816,0.6084265564178787,6.0,small
context,3,macro,gp_linear,expected,0,1041,663,0.04006362775557235,,0.979763426672188,,0.2195146579035151,0.6008229534101395,6.0,small
context,3,macro,gp_linear,expected,1,1041,663,0.04006362775557235,,0.979763426672188,,0.2195146579035151,0.6008229534101395,6.0,small
context,3,macro,gp_linear,observed,0,1041,663,0.04006362775557235,,0.979763426672188,,0.2195146579035151,0.6008229534101395,6.0,small
context,3,macro,gp_linear,observed,1,1041,663,0.3167469194404997,,0.8265912415211646,,0.23930187703677055,0.6104039070514385,6.0,small
context,3,macro,gp_neural_mean,expected,0,1041,663,-0.004223121177564311,,1.0021093359397288,,0.19953576488846894,0.5915256763644198,6.0,small
context,3,macro,gp_neural_mean,expected,1,1041,663,-0.004223121177564311,,1.0021093359397288,,0.19953576488846894,0.5915256763644198,6.0,small
context,3,macro,gp_neural_mean,observed,0,1041,663,-0.004223121177564311,,1.0021093359397288,,0.19953576488846894,0.5915256763644198,6.0,small
context,3,macro,gp_neural_mean,observed,1,1041,663,0.29777573890593917,,0.8379882225270596,,0.2262734779521404,0.6042416830391074,6.0,small
context,3,macro,memory,expected,0,1041,663,-0.027622213565415832,,1.0137170283493395,,0.1980560260296328,0.590624479344452,6.0,small
context,3,macro,memory,expected,1,1041,663,-0.046233544427804585,,1.0228555833683484,,0.1974482018450481,0.5902866792158057,6.0,small
context,3,macro,memory,observed,0,1041,663,-0.027622213565415832,,1.0137170283493395,,0.1980560260296328,0.590624479344452,6.0,small
context,3,macro,memory,observed,1,1041,663,0.23637538467479025,,0.8738561754231698,,0.19710999938862817,0.590293483583603,6.0,small
context,3,macro,previous_delta,observed,0,1041,663,-0.06009097916651618,,1.0296071965397855,,0.20504552745285332,0.5951931521252966,6.0,small
context,3,macro,previous_delta,observed,1,1041,663,-0.06009097916651618,,1.0296071965397855,,0.20504552745285332,0.5951931521252966,6.0,small
context,3,macro,previous_delta_anchor,observed,0,1041,663,-0.06009097916651618,,1.0296071965397855,,0.20504552745285332,0.5951931521252966,6.0,small
context,3,macro,previous_delta_anchor,observed,1,1041,663,0.2077382465175419,,0.890090868104183,,0.2083009264988992,0.5962275682396935,6.0,small
context,3,macro,previous_gp,expected,0,1041,663,-1.2473473806326005,,1.499115532783448,,0.10089661515599381,0.5475906201676523,6.0,small
context,3,macro,previous_gp,expected,1,1041,663,-1.2473473806326005,,1.499115532783448,,0.10089661515599381,0.5475906201676523,6.0,small
context,3,macro,previous_gp,observed,0,1041,663,-1.2473473806326005,,1.499115532783448,,0.10089661515599381,0.5475906201676523,6.0,small
context,3,macro,previous_gp,observed,1,1041,663,-0.5554138820162237,,1.2471623318623055,,0.11340310228087931,0.5520590504341715,6.0,small
context,3,macro,residual_memory,expected,0,1041,663,-0.018527073322684533,,1.0092210230284961,,0.21036869393999566,0.5971329504825812,6.0,small
context,3,macro,residual_memory,expected,1,1041,663,-0.024822939535878424,,1.0123353888587905,,0.20880710417640858,0.5963420828468926,6.0,small
context,3,macro,residual_memory,observed,0,1041,663,-0.018527073322684533,,1.0092210230284961,,0.21036869393999566,0.5971329504825812,6.0,small
context,3,macro,residual_memory,observed,1,1041,663,0.2510521606053906,,0.8654177253757919,,0.20883341217278306,0.5963085340847639,6.0,small
context,3,cellular_clearance,fnn,observed,0,225,96,-0.11685371076545303,0.8417514152012192,1.0568129970649742,0.5274033728527526,,,,tiny
context,3,cellular_clearance,fnn,observed,1,225,96,-0.11685371076545303,0.8417514152012192,1.0568129970649742,0.5274033728527526,,,,tiny
context,3,cellular_clearance,fnn_anchor,expected,0,225,96,-0.11685371076545303,0.8417514152012192,1.0568129970649742,0.5274033728527526,,,,tiny
context,3,cellular_clearance,fnn_anchor,expected,1,225,96,-0.15610236823865065,0.85641419067378,1.0752220088142963,0.5441781218723843,,,,tiny
context,3,cellular_clearance,fnn_anchor,observed,0,225,96,-0.11685371076545303,0.8417514152012192,1.0568129970649742,0.5274033728527526,,,,tiny
context,3,cellular_clearance,fnn_anchor,observed,1,225,96,0.1435903894550945,0.7371001093079306,0.9254240166242205,0.473515085351731,,,,tiny
context,3,cellular_clearance,fnn_ridge,expected,0,225,96,-0.11685371076545303,0.8417514152012192,1.0568129970649742,0.5274033728527526,,,,tiny
context,3,cellular_clearance,fnn_ridge,expected,1,225,96,-0.11685371076545303,0.8417514152012192,1.0568129970649742,0.5274033728527526,,,,tiny
context,3,cellular_clearance,fnn_ridge,observed,0,225,96,-0.11685371076545303,0.8417514152012192,1.0568129970649742,0.5274033728527526,,,,tiny
context,3,cellular_clearance,fnn_ridge,observed,1,225,96,0.16319704504999988,0.7286136649134545,0.9147693452176894,0.46735172486401816,,,,tiny
context,3,cellular_clearance,gp_both,expected,0,225,96,-0.17463626028923884,0.8632516378890785,1.08380637582976,0.5032200759474162,,,,tiny
context,3,cellular_clearance,gp_both,expected,1,225,96,-0.17463626028923884,0.8632516378890785,1.08380637582976,0.5032200759474162,,,,tiny
context,3,cellular_clearance,gp_both,observed,0,225,96,-0.17463626028923884,0.8632516378890785,1.08380637582976,0.5032200759474162,,,,tiny
context,3,cellular_clearance,gp_both,observed,1,225,96,0.2014475448468107,0.7117663204702139,0.8936176224499992,0.4334398647639825,,,,tiny
context,3,cellular_clearance,gp_deep_kernel,expected,0,225,96,-0.014106235147011814,0.8020980046207216,1.0070284182420135,0.47869313582896433,,,,tiny
context,3,cellular_clearance,gp_deep_kernel,expected,1,225,96,-0.014106235147011814,0.8020980046207216,1.0070284182420135,0.47869313582896433,,,,tiny
context,3,cellular_clearance,gp_deep_kernel,observed,0,225,96,-0.014106235147011814,0.8020980046207216,1.0070284182420135,0.47869313582896433,,,,tiny
context,3,cellular_clearance,gp_deep_kernel,observed,1,225,96,0.29114024375409076,0.6706035837589994,0.8419380952575487,0.4227900798188678,,,,tiny
context,3,cellular_clearance,gp_linear,expected,0,225,96,0.0104154536831359,0.792341059326417,0.9947786418680611,0.48232185392702653,,,,tiny
context,3,cellular_clearance,gp_linear,expected,1,225,96,0.0104154536831359,0.792341059326417,0.9947786418680611,0.48232185392702653,,,,tiny
context,3,cellular_clearance,gp_linear,observed,0,225,96,0.0104154536831359,0.792341059326417,0.9947786418680611,0.48232185392702653,,,,tiny
context,3,cellular_clearance,gp_linear,observed,1,225,96,0.31279263598448714,0.6602822337059953,0.828979712668237,0.4230919673729078,,,,tiny
context,3,cellular_clearance,gp_neural_mean,expected,0,225,96,-0.19761836317767334,0.8716556161562362,1.0943575115919264,0.5340099918425891,,,,tiny
context,3,cellular_clearance,gp_neural_mean,expected,1,225,96,-0.19761836317767334,0.8716556161562362,1.0943575115919264,0.5340099918425891,,,,tiny
context,3,cellular_clearance,gp_neural_mean,observed,0,225,96,-0.19761836317767334,0.8716556161562362,1.0943575115919264,0.5340099918425891,,,,tiny
context,3,cellular_clearance,gp_neural_mean,observed,1,225,96,0.22655498338511793,0.700487568458078,0.8794572284169834,0.4511736373363758,,,,tiny
context,3,cellular_clearance,memory,expected,0,225,96,-0.07558216900838688,0.8260522270696269,1.0371027764924685,0.5304592531359478,,,,tiny
context,3,cellular_clearance,memory,expected,1,225,96,-0.12599297352902772,0.8451884425142338,1.0611281607463954,0.540251510150265,,,,tiny
context,3,cellular_clearance,memory,observed,0,225,96,-0.07558216900838688,0.8260522270696269,1.0371027764924685,0.5304592531359478,,,,tiny
context,3,cellular_clearance,memory,observed,1,225,96,0.1034701708176512,0.7541679660627476,0.9468525910522444,0.4833587424924114,,,,tiny
context,3,cellular_clearance,previous_delta,observed,0,225,96,-0.3414354717612609,0.9225089800305267,1.1582035536818478,0.5437152934617642,,,,tiny
context,3,cellular_clearance,previous_delta,observed,1,225,96,-0.3414354717612609,0.9225089800305267,1.1582035536818478,0.5437152934617642,,,,tiny
context,3,cellular_clearance,previous_delta_anchor,observed,0,225,96,-0.3414354717612609,0.9225089800305267,1.1582035536818478,0.5437152934617642,,,,tiny
context,3,cellular_clearance,previous_delta_anchor,observed,1,225,96,-0.06587088876627845,0.8223146162823487,1.0324102327884388,0.4835150393210004,,,,tiny
context,3,cellular_clearance,previous_gp,expected,0,225,96,-0.7249223547269936,1.0460934543030083,1.3133629942734772,0.7540882282976749,,,,tiny
context,3,cellular_clearance,previous_gp,expected,1,225,96,-0.7249223547269936,1.0460934543030083,1.3133629942734772,0.7540882282976749,,,,tiny
context,3,cellular_clearance,previous_gp,observed,0,225,96,-0.7249223547269936,1.0460934543030083,1.3133629942734772,0.7540882282976749,,,,tiny
context,3,cellular_clearance,previous_gp,observed,1,225,96,-0.2016642303065883,0.8731267143939927,1.0962044655567629,0.6330108308317517,,,,tiny
context,3,cellular_clearance,residual_memory,expected,0,225,96,-0.07232513819599706,0.8248005712128821,1.035531331344444,0.5197467548295993,,,,tiny
context,3,cellular_clearance,residual_memory,expected,1,225,96,-0.07533594039928215,0.8259576692855438,1.0369840598578564,0.5210196402006679,,,,tiny
context,3,cellular_clearance,residual_memory,observed,0,225,96,-0.07232513819599706,0.8248005712128821,1.035531331344444,0.5197467548295993,,,,tiny
context,3,cellular_clearance,residual_memory,observed,1,225,96,0.12626180243547713,0.7445200033878975,0.9347396415925254,0.4827789931772622,,,,tiny
context,3,efflux,fnn,observed,0,113,82,0.022704928829788584,0.6653729478709627,0.9885823542680758,0.46801274611798704,,,,tiny
context,3,efflux,fnn,observed,1,113,82,0.022704928829788584,0.6653729478709627,0.9885823542680758,0.46801274611798704,,,,tiny
context,3,efflux,fnn_anchor,expected,0,113,82,0.022704928830205584,0.6653729478708208,0.9885823542678649,0.4680127461124926,,,,tiny
context,3,efflux,fnn_anchor,expected,1,113,82,0.0017920750962032717,0.6724543266507598,0.9991035606501444,0.47563595327896896,,,,tiny
context,3,efflux,fnn_anchor,observed,0,113,82,0.022704928830205584,0.6653729478708208,0.9885823542678649,0.4680127461124926,,,,tiny
context,3,efflux,fnn_anchor,observed,1,113,82,0.2573525209231182,0.580020897634639,0.8617699687717609,0.41236823458158595,,,,tiny
context,3,efflux,fnn_ridge,expected,0,113,82,0.022704928829788584,0.6653729478709627,0.9885823542680758,0.46801274611798704,,,,tiny
context,3,efflux,fnn_ridge,expected,1,113,82,0.022704928829788584,0.6653729478709627,0.9885823542680758,0.46801274611798704,,,,tiny
context,3,efflux,fnn_ridge,observed,0,113,82,0.022704928829788584,0.6653729478709627,0.9885823542680758,0.46801274611798704,,,,tiny
context,3,efflux,fnn_ridge,observed,1,113,82,0.27134154398196497,0.5745320890195641,0.8536149342754231,0.405558157043082,,,,tiny
context,3,efflux,gp_both,expected,0,113,82,-0.03455705573395851,0.6845883574656969,1.0171317789421184,0.4802628152090841,,,,tiny
context,3,efflux,gp_both,expected,1,113,82,-0.03455705573395851,0.6845883574656969,1.0171317789421184,0.4802628152090841,,,,tiny
context,3,efflux,gp_both,observed,0,113,82,-0.03455705573395851,0.6845883574656969,1.0171317789421184,0.4802628152090841,,,,tiny
context,3,efflux,gp_both,observed,1,113,82,0.24269567832664507,0.5857165600866239,0.8702323377543235,0.40279620309238046,,,,tiny
context,3,efflux,gp_deep_kernel,expected,0,113,82,0.0513170759239483,0.6555605746566685,0.9740035544473397,0.4611952343329037,,,,tiny
context,3,efflux,gp_deep_kernel,expected,1,113,82,0.0513170759239483,0.6555605746566685,0.9740035544473397,0.4611952343329037,,,,tiny
context,3,efflux,gp_deep_kernel,observed,0,113,82,0.0513170759239483,0.6555605746566685,0.9740035544473397,0.4611952343329037,,,,tiny
context,3,efflux,gp_deep_kernel,observed,1,113,82,0.3135910186845329,0.5576269618612872,0.8284980273455497,0.3855096803366378,,,,tiny
context,3,efflux,gp_linear,expected,0,113,82,0.017627132967117043,0.6670992692380101,0.9911472479066281,0.47034761266646025,,,,tiny
context,3,efflux,gp_linear,expected,1,113,82,0.017627132967117043,0.6670992692380101,0.9911472479066281,0.47034761266646025,,,,tiny
context,3,efflux,gp_linear,observed,0,113,82,0.017627132967117043,0.6670992692380101,0.9911472479066281,0.47034761266646025,,,,tiny
context,3,efflux,gp_linear,observed,1,113,82,0.3118882596760092,0.5583181796588248,0.8295250088598841,0.3917964956089381,,,,tiny
context,3,efflux,gp_neural_mean,expected,0,113,82,-0.08539452568113126,0.7012067675051528,1.0418226939749062,0.5123365042270042,,,,tiny
context,3,efflux,gp_neural_mean,expected,1,113,82,-0.08539452568113126,0.7012067675051528,1.0418226939749062,0.5123365042270042,,,,tiny
context,3,efflux,gp_neural_mean,observed,0,113,82,-0.08539452568113126,0.7012067675051528,1.0418226939749062,0.5123365042270042,,,,tiny
context,3,efflux,gp_neural_mean,observed,1,113,82,0.265236220586063,0.5769340286127699,0.8571836322597026,0.4162475315448582,,,,tiny
context,3,efflux,memory,expected,0,113,82,-0.06331538528983516,0.6940381354927077,1.0311718505127239,0.5004375152707451,,,,tiny
context,3,efflux,memory,expected,1,113,82,-0.07476345266004225,0.6977642754472866,1.0367079881336123,0.5041550292708874,,,,tiny
context,3,efflux,memory,observed,0,113,82,-0.06331538528983516,0.6940381354927077,1.0311718505127239,0.5004375152707451,,,,tiny
context,3,efflux,memory,observed,1,113,82,0.18401626840442042,0.6079852393624735,0.9033181784928164,0.4299546795100479,,,,tiny
context,3,efflux,previous_delta,observed,0,113,82,-0.05819511018956991,0.6923650874538734,1.0286861086792074,0.4994799013042758,,,,tiny
context,3,efflux,previous_delta,observed,1,113,82,-0.05819511018956991,0.6923650874538734,1.0286861086792074,0.4994799013042758,,,,tiny
context,3,efflux,previous_delta_anchor,observed,0,113,82,-0.05819511018956991,0.6923650874538734,1.0286861086792074,0.4994799013042758,,,,tiny
context,3,efflux,previous_delta_anchor,observed,1,113,82,0.1809817022992135,0.6091147096047934,0.9049962970646822,0.44422614915657904,,,,tiny
context,3,efflux,previous_gp,expected,0,113,82,-1.2576166753748015,1.0112938993716125,1.502536746763553,0.7469319015280775,,,,tiny
context,3,efflux,previous_gp,expected,1,113,82,-1.2576166753748015,1.0112938993716125,1.502536746763553,0.7469319015280775,,,,tiny
context,3,efflux,previous_gp,observed,0,113,82,-1.2576166753748015,1.0112938993716125,1.502536746763553,0.7469319015280775,,,,tiny
context,3,efflux,previous_gp,observed,1,113,82,-0.5434362814811944,0.8361739581535808,1.2423511103875564,0.6099943623539588,,,,tiny
context,3,efflux,residual_memory,expected,0,113,82,-0.06939744105124968,0.6960202189472459,1.0341167444013513,0.49683903052669376,,,,tiny
context,3,efflux,residual_memory,expected,1,113,82,-0.08254342721871355,0.7002852020789031,1.0404534719143925,0.49995750337320577,,,,tiny
context,3,efflux,residual_memory,observed,0,113,82,-0.06939744105124968,0.6960202189472459,1.0341167444013513,0.49683903052669376,,,,tiny
context,3,efflux,residual_memory,observed,1,113,82,0.15386268248165236,0.6191169728142194,0.9198572267033334,0.4293966219239871,,,,tiny
context,3,in_vivo_clearance,fnn,observed,0,308,239,-0.08987069315759122,0.5816611158596109,1.0439687223080925,0.42181749442255617,,,,tiny
context,3,in_vivo_clearance,fnn,observed,1,308,239,-0.08987069315759122,0.5816611158596109,1.0439687223080925,0.42181749442255617,,,,tiny
context,3,in_vivo_clearance,fnn_anchor,expected,0,308,239,-0.08987069315759122,0.5816611158596109,1.0439687223080925,0.42181749442255617,,,,tiny
context,3,in_vivo_clearance,fnn_anchor,expected,1,308,239,-0.1403054334423992,0.594967361100765,1.0678508479382312,0.4319203440737845,,,,tiny
context,3,in_vivo_clearance,fnn_anchor,observed,0,308,239,-0.08987069315759122,0.5816611158596109,1.0439687223080925,0.42181749442255617,,,,tiny
context,3,in_vivo_clearance,fnn_anchor,observed,1,308,239,0.13153103379856912,0.5192299040664978,0.9319168236497455,0.37225265108569,,,,tiny
context,3,in_vivo_clearance,fnn_ridge,expected,0,308,239,-0.08987069315759122,0.5816611158596109,1.0439687223080925,0.42181749442255617,,,,tiny
context,3,in_vivo_clearance,fnn_ridge,expected,1,308,239,-0.08987069315759122,0.5816611158596109,1.0439687223080925,0.42181749442255617,,,,tiny
context,3,in_vivo_clearance,fnn_ridge,observed,0,308,239,-0.08987069315759122,0.5816611158596109,1.0439687223080925,0.42181749442255617,,,,tiny
context,3,in_vivo_clearance,fnn_ridge,observed,1,308,239,0.16295778262388882,0.5097488166547854,0.9149001133326584,0.36503281604145343,,,,tiny
context,3,in_vivo_clearance,gp_both,expected,0,308,239,-0.05146467528708509,0.5713206061476858,1.0254095158945449,0.4158927076227643,,,,tiny
context,3,in_vivo_clearance,gp_both,expected,1,308,239,-0.05146467528708509,0.5713206061476858,1.0254095158945449,0.4158927076227643,,,,tiny
context,3,in_vivo_clearance,gp_both,observed,0,308,239,-0.05146467528708509,0.5713206061476858,1.0254095158945449,0.4158927076227643,,,,tiny
context,3,in_vivo_clearance,gp_both,observed,1,308,239,0.23063706663408667,0.48870656633965787,0.8771333612204665,0.35061199343743316,,,,tiny
context,3,in_vivo_clearance,gp_deep_kernel,expected,0,308,239,-0.02596258553415387,0.5643497104440413,1.0128981121189602,0.4128195694174258,,,,tiny
context,3,in_vivo_clearance,gp_deep_kernel,expected,1,308,239,-0.02596258553415387,0.5643497104440413,1.0128981121189602,0.4128195694174258,,,,tiny
context,3,in_vivo_clearance,gp_deep_kernel,observed,0,308,239,-0.02596258553415387,0.5643497104440413,1.0128981121189602,0.4128195694174258,,,,tiny
context,3,in_vivo_clearance,gp_deep_kernel,observed,1,308,239,0.223770679765392,0.49088251889248846,0.8810387734002448,0.35344394983985666,,,,tiny
context,3,in_vivo_clearance,gp_linear,expected,0,308,239,-0.12552700068738232,0.591099380015632,1.0609085731991152,0.4305212165354075,,,,tiny
context,3,in_vivo_clearance,gp_linear,expected,1,308,239,-0.12552700068738232,0.591099380015632,1.0609085731991152,0.4305212165354075,,,,tiny
context,3,in_vivo_clearance,gp_linear,observed,0,308,239,-0.12552700068738232,0.591099380015632,1.0609085731991152,0.4305212165354075,,,,tiny
context,3,in_vivo_clearance,gp_linear,observed,1,308,239,0.18613840167949636,0.5026408988831017,0.9021427815598281,0.36125094937405877,,,,tiny
context,3,in_vivo_clearance,gp_neural_mean,expected,0,308,239,-0.12087709458670348,0.5898771075696099,1.0587148315701935,0.4356037443580664,,,,tiny
context,3,in_vivo_clearance,gp_neural_mean,expected,1,308,239,-0.12087709458670348,0.5898771075696099,1.0587148315701935,0.4356037443580664,,,,tiny
context,3,in_vivo_clearance,gp_neural_mean,observed,0,308,239,-0.12087709458670348,0.5898771075696099,1.0587148315701935,0.4356037443580664,,,,tiny
context,3,in_vivo_clearance,gp_neural_mean,observed,1,308,239,0.21693998332872022,0.4930376327506022,0.8849067841706717,0.3575613086270412,,,,tiny
context,3,in_vivo_clearance,memory,expected,0,308,239,-0.04460404013384456,0.5694536690100673,1.0220587263625533,0.4178179369344339,,,,tiny
context,3,in_vivo_clearance,memory,expected,1,308,239,-0.07706289190556981,0.578233270487826,1.0378164056833799,0.42483882624479574,,,,tiny
context,3,in_vivo_clearance,memory,observed,0,308,239,-0.04460404013384456,0.5694536690100673,1.0220587263625533,0.4178179369344339,,,,tiny
context,3,in_vivo_clearance,memory,observed,1,308,239,0.10812491674596336,0.5261802711024948,0.9443913824543491,0.3767227458085606,,,,tiny
context,3,in_vivo_clearance,previous_delta,observed,0,308,239,-0.175847057614968,0.6041683385423772,1.084364817584455,0.4491935262111447,,,,tiny
context,3,in_vivo_clearance,previous_delta,observed,1,308,239,-0.175847057614968,0.6041683385423772,1.084364817584455,0.4491935262111447,,,,tiny
context,3,in_vivo_clearance,previous_delta_anchor,observed,0,308,239,-0.175847057614968,0.6041683385423772,1.084364817584455,0.4491935262111447,,,,tiny
context,3,in_vivo_clearance,previous_delta_anchor,observed,1,308,239,0.07266949463986627,0.5365371736935298,0.96298001295984,0.39608125722106996,,,,tiny
context,3,in_vivo_clearance,previous_gp,expected,0,308,239,-1.9507650758277748,0.9570835708926131,1.7177791114773096,0.7207996370897964,,,,tiny
context,3,in_vivo_clearance,previous_gp,expected,1,308,239,-1.9507650758277748,0.9570835708926131,1.7177791114773096,0.7207996370897964,,,,tiny
context,3,in_vivo_clearance,previous_gp,observed,0,308,239,-1.9507650758277748,0.9570835708926131,1.7177791114773096,0.7207996370897964,,,,tiny
context,3,in_vivo_clearance,previous_gp,observed,1,308,239,-1.1111226424521243,0.8095417957350292,1.4529702827147306,0.6042151845670958,,,,tiny
context,3,in_vivo_clearance,residual_memory,expected,0,308,239,-0.24047874881369213,0.6205506132926939,1.1137678163844078,0.4323232779952141,,,,tiny
context,3,in_vivo_clearance,residual_memory,expected,1,308,239,-0.24446803364971648,0.6215476340197466,1.11555727493021,0.4330978335268912,,,,tiny
context,3,in_vivo_clearance,residual_memory,observed,0,308,239,-0.24047874881369213,0.6205506132926939,1.1137678163844078,0.4323232779952141,,,,tiny
context,3,in_vivo_clearance,residual_memory,observed,1,308,239,0.035583262049923126,0.5471607226488859,0.9820472177803249,0.3767267006289141,,,,tiny
context,3,microsomal_clearance,fnn,observed,0,814,427,0.18414729465063873,0.6615847990783011,0.9032456506119259,0.5037157120941717,,,,tiny
context,3,microsomal_clearance,fnn,observed,1,814,427,0.18414729465063873,0.6615847990783011,0.9032456506119259,0.5037157120941717,,,,tiny
context,3,microsomal_clearance,fnn_anchor,expected,0,814,427,0.18414729465063873,0.6615847990783011,0.9032456506119259,0.5037157120941717,,,,tiny
context,3,microsomal_clearance,fnn_anchor,expected,1,814,427,0.1513272123217383,0.6747606960535432,0.9212343825966667,0.5151498010053214,,,,tiny
context,3,microsomal_clearance,fnn_anchor,observed,0,814,427,0.18414729465063873,0.6615847990783011,0.9032456506119259,0.5037157120941717,,,,tiny
context,3,microsomal_clearance,fnn_anchor,observed,1,814,427,0.38564484631750817,0.5741024391090739,0.7838081102428653,0.4407607124183668,,,,tiny
context,3,microsomal_clearance,fnn_ridge,expected,0,814,427,0.18414729465063873,0.6615847990783011,0.9032456506119259,0.5037157120941717,,,,tiny
context,3,microsomal_clearance,fnn_ridge,expected,1,814,427,0.18414729465063873,0.6615847990783011,0.9032456506119259,0.5037157120941717,,,,tiny
context,3,microsomal_clearance,fnn_ridge,observed,0,814,427,0.18414729465063873,0.6615847990783011,0.9032456506119259,0.5037157120941717,,,,tiny
context,3,microsomal_clearance,fnn_ridge,observed,1,814,427,0.4006307878388715,0.5670571808780314,0.774189390369778,0.4345075100927883,,,,tiny
context,3,microsomal_clearance,gp_both,expected,0,814,427,0.17674466856899396,0.6645794608021356,0.9073341894974564,0.5054414932015533,,,,tiny
context,3,microsomal_clearance,gp_both,expected,1,814,427,0.17674466856899396,0.6645794608021356,0.9073341894974564,0.5054414932015533,,,,tiny
context,3,microsomal_clearance,gp_both,observed,0,814,427,0.17674466856899396,0.6645794608021356,0.9073341894974564,0.5054414932015533,,,,tiny
context,3,microsomal_clearance,gp_both,observed,1,814,427,0.41439106921877644,0.560510154257917,0.7652508940087712,0.4190641279400887,,,,tiny
context,3,microsomal_clearance,gp_deep_kernel,expected,0,814,427,0.1963710172799641,0.6566099123147606,0.8964535585963368,0.49911080842873295,,,,tiny
context,3,microsomal_clearance,gp_deep_kernel,expected,1,814,427,0.1963710172799641,0.6566099123147606,0.8964535585963368,0.49911080842873295,,,,tiny
context,3,microsomal_clearance,gp_deep_kernel,observed,0,814,427,0.1963710172799641,0.6566099123147606,0.8964535585963368,0.49911080842873295,,,,tiny
context,3,microsomal_clearance,gp_deep_kernel,observed,1,814,427,0.416761210053892,0.5593747250807194,0.7637007201424574,0.42048001432697685,,,,tiny
context,3,microsomal_clearance,gp_linear,expected,0,814,427,0.2050520099768629,0.6530538541437115,0.8915985587825594,0.4973541593409052,,,,tiny
context,3,microsomal_clearance,gp_linear,expected,1,814,427,0.2050520099768629,0.6530538541437115,0.8915985587825594,0.4973541593409052,,,,tiny
context,3,microsomal_clearance,gp_linear,observed,0,814,427,0.2050520099768629,0.6530538541437115,0.8915985587825594,0.4973541593409052,,,,tiny
context,3,microsomal_clearance,gp_linear,observed,1,814,427,0.43001075852578374,0.5529845127245835,0.7549763184856968,0.4162361819897315,,,,tiny
context,3,microsomal_clearance,gp_neural_mean,expected,0,814,427,0.18458736138621057,0.6614063472992193,0.9030020147340699,0.5025905047627621,,,,tiny
context,3,microsomal_clearance,gp_neural_mean,expected,1,814,427,0.18458736138621057,0.6614063472992193,0.9030020147340699,0.5025905047627621,,,,tiny
context,3,microsomal_clearance,gp_neural_mean,observed,0,814,427,0.18458736138621057,0.6614063472992193,0.9030020147340699,0.5025905047627621,,,,tiny
context,3,microsomal_clearance,gp_neural_mean,observed,1,814,427,0.4218972635847986,0.5569063266203926,0.7603306757031452,0.41803235591274956,,,,tiny
context,3,microsomal_clearance,memory,expected,0,814,427,0.14009514530350897,0.6792112012650329,0.9273105492209668,0.5172852429239924,,,,tiny
context,3,microsomal_clearance,memory,expected,1,814,427,0.13457810948545612,0.6813865822225965,0.9302805439836651,0.5191505697496058,,,,tiny
context,3,microsomal_clearance,memory,observed,0,814,427,0.14009514530350897,0.6792112012650329,0.9273105492209668,0.5172852429239924,,,,tiny
context,3,microsomal_clearance,memory,observed,1,814,427,0.36484873737064205,0.583738344320247,0.7969637774888881,0.4435042019206492,,,,tiny
context,3,microsomal_clearance,previous_delta,observed,0,814,427,0.1576631234807082,0.6722372063314582,0.9177891242106172,0.5192688064282328,,,,tiny
context,3,microsomal_clearance,previous_delta,observed,1,814,427,0.1576631234807082,0.6722372063314582,0.9177891242106172,0.5192688064282328,,,,tiny
context,3,microsomal_clearance,previous_delta_anchor,observed,0,814,427,0.1576631234807082,0.6722372063314582,0.9177891242106172,0.5192688064282328,,,,tiny
context,3,microsomal_clearance,previous_delta_anchor,observed,1,814,427,0.3668619834513013,0.5828124685430947,0.7956997024937855,0.4547786108275181,,,,tiny
context,3,microsomal_clearance,previous_gp,expected,0,814,427,-0.2711570472781779,0.825808299839409,1.1274560068038921,0.639190375835891,,,,tiny
context,3,microsomal_clearance,previous_gp,expected,1,814,427,-0.2711570472781779,0.825808299839409,1.1274560068038921,0.639190375835891,,,,tiny
context,3,microsomal_clearance,previous_gp,observed,0,814,427,-0.2711570472781779,0.825808299839409,1.1274560068038921,0.639190375835891,,,,tiny
context,3,microsomal_clearance,previous_gp,observed,1,814,427,0.0728868236570328,0.7052547427420774,0.9628671644328552,0.5405946175560227,,,,tiny
context,3,microsomal_clearance,residual_memory,expected,0,814,427,0.15660675652241351,0.6726585981142482,0.9183644393581376,0.5125927061614945,,,,tiny
context,3,microsomal_clearance,residual_memory,expected,1,814,427,0.15676138175123555,0.6725969336664268,0.9182802503858855,0.5125061355567577,,,,tiny
context,3,microsomal_clearance,residual_memory,observed,0,814,427,0.15660675652241351,0.6726585981142482,0.9183644393581376,0.5125927061614945,,,,tiny
context,3,microsomal_clearance,residual_memory,observed,1,814,427,0.36902136773098715,0.5818177483514296,0.7943416344804123,0.44163925190504644,,,,tiny
context,3,permeability,fnn,observed,0,197,147,0.020973134243370994,0.6332330196120448,0.9894578645685874,0.4696037367570124,,,,tiny
context,3,permeability,fnn,observed,1,197,147,0.020973134243370994,0.6332330196120448,0.9894578645685874,0.4696037367570124,,,,tiny
context,3,permeability,fnn_anchor,expected,0,197,147,0.020973134243370994,0.6332330196120448,0.9894578645685874,0.4696037367570124,,,,tiny
context,3,permeability,fnn_anchor,expected,1,197,147,-0.036617899406421905,0.6515917843813683,1.0181443411454105,0.48649160026697924,,,,tiny
context,3,permeability,fnn_anchor,observed,0,197,147,0.020973134243370994,0.6332330196120448,0.9894578645685874,0.4696037367570124,,,,tiny
context,3,permeability,fnn_anchor,observed,1,197,147,0.2633376182539673,0.549288484598834,0.8582903831140325,0.41038647642297676,,,,tiny
context,3,permeability,fnn_ridge,expected,0,197,147,0.020973134243370994,0.6332330196120448,0.9894578645685874,0.4696037367570124,,,,tiny
context,3,permeability,fnn_ridge,expected,1,197,147,0.020973134243370994,0.6332330196120448,0.9894578645685874,0.4696037367570124,,,,tiny
context,3,permeability,fnn_ridge,observed,0,197,147,0.020973134243370994,0.6332330196120448,0.9894578645685874,0.4696037367570124,,,,tiny
context,3,permeability,fnn_ridge,observed,1,197,147,0.2937885111791294,0.537815899678399,0.8403639026165216,0.39973586391635524,,,,tiny
context,3,permeability,gp_both,expected,0,197,147,0.06818454087466375,0.6177762436983576,0.9653058888898048,0.4572723494689209,,,,tiny
context,3,permeability,gp_both,expected,1,197,147,0.06818454087466375,0.6177762436983576,0.9653058888898048,0.4572723494689209,,,,tiny
context,3,permeability,gp_both,observed,0,197,147,0.06818454087466375,0.6177762436983576,0.9653058888898048,0.4572723494689209,,,,tiny
context,3,permeability,gp_both,observed,1,197,147,0.3375561411017771,0.5208837239520407,0.8139065418696565,0.3802269738382966,,,,tiny
context,3,permeability,gp_deep_kernel,expected,0,197,147,0.09421823409067698,0.6090851833292735,0.9517256778659084,0.4500725828661486,,,,tiny
context,3,permeability,gp_deep_kernel,expected,1,197,147,0.09421823409067698,0.6090851833292735,0.9517256778659084,0.4500725828661486,,,,tiny
context,3,permeability,gp_deep_kernel,observed,0,197,147,0.09421823409067698,0.6090851833292735,0.9517256778659084,0.4500725828661486,,,,tiny
context,3,permeability,gp_deep_kernel,observed,1,197,147,0.3367695459108756,0.521192884547865,0.8143896205681433,0.38366660628253546,,,,tiny
context,3,permeability,gp_linear,expected,0,197,147,0.0434412239553591,0.6259246833938314,0.9780382283145382,0.46916964326686583,,,,tiny
context,3,permeability,gp_linear,expected,1,197,147,0.0434412239553591,0.6259246833938314,0.9780382283145382,0.46916964326686583,,,,tiny
context,3,permeability,gp_linear,observed,0,197,147,0.0434412239553591,0.6259246833938314,0.9780382283145382,0.46916964326686583,,,,tiny
context,3,permeability,gp_linear,observed,1,197,147,0.32607810357020084,0.525376970263956,0.8209274611254025,0.3889443652958142,,,,tiny
context,3,permeability,gp_neural_mean,expected,0,197,147,-0.01181408518704008,0.6437490608473526,1.0058896983203676,0.48110427836911906,,,,tiny
context,3,permeability,gp_neural_mean,expected,1,197,147,-0.01181408518704008,0.6437490608473526,1.0058896983203676,0.48110427836911906,,,,tiny
context,3,permeability,gp_neural_mean,observed,0,197,147,-0.01181408518704008,0.6437490608473526,1.0058896983203676,0.48110427836911906,,,,tiny
context,3,permeability,gp_neural_mean,observed,1,197,147,0.3152522431728868,0.5295799779259485,0.8274948681575695,0.39285423192559643,,,,tiny
context,3,permeability,memory,expected,0,197,147,-0.09041690440840777,0.6682862658033591,1.044230292803464,0.5010939813206798,,,,tiny
context,3,permeability,memory,expected,1,197,147,-0.10689310039358335,0.6733162380091857,1.0520898727739867,0.504971943013827,,,,tiny
context,3,permeability,memory,observed,0,197,147,-0.09041690440840777,0.6682862658033591,1.044230292803464,0.5010939813206798,,,,tiny
context,3,permeability,memory,observed,1,197,147,0.1847329094666239,0.5778514453990191,0.9029214199106012,0.42482271329795257,,,,tiny
context,3,permeability,previous_delta,observed,0,197,147,-0.07830236866562323,0.6645635648682832,1.038413390064681,0.5028830136810098,,,,tiny
context,3,permeability,previous_delta,observed,1,197,147,-0.07830236866562323,0.6645635648682832,1.038413390064681,0.5028830136810098,,,,tiny
context,3,permeability,previous_delta_anchor,observed,0,197,147,-0.07830236866562323,0.6645635648682832,1.038413390064681,0.5028830136810098,,,,tiny
context,3,permeability,previous_delta_anchor,observed,1,197,147,0.16345232138342702,0.5853445737391016,0.9146298041374843,0.44380631163850176,,,,tiny
context,3,permeability,previous_gp,expected,0,197,147,-1.5551830210296296,1.0230038166429025,1.5984939852966698,0.7941923853469934,,,,tiny
context,3,permeability,previous_gp,expected,1,197,147,-1.5551830210296296,1.0230038166429025,1.5984939852966698,0.7941923853469934,,,,tiny
context,3,permeability,previous_gp,observed,0,197,147,-1.5551830210296296,1.0230038166429025,1.5984939852966698,0.7941923853469934,,,,tiny
context,3,permeability,previous_gp,observed,1,197,147,-0.7394333918017968,0.844053837977762,1.318875806056733,0.6475145713853988,,,,tiny
context,3,permeability,residual_memory,expected,0,197,147,-0.06895657651067366,0.6616773672751389,1.033903562480889,0.495048588886857,,,,tiny
context,3,permeability,residual_memory,expected,1,197,147,-0.07623103985917301,0.6639249733330143,1.0374155579415478,0.4967157362548984,,,,tiny
context,3,permeability,residual_memory,observed,0,197,147,-0.06895657651067366,0.6616773672751389,1.033903562480889,0.495048588886857,,,,tiny
context,3,permeability,residual_memory,observed,1,197,147,0.17837897273627112,0.5800988716852825,0.9064331344692387,0.43303666288520054,,,,tiny
context,3,protein_binding,fnn,observed,0,467,212,0.07503920300569489,1.0249936568913378,0.9617488221954343,0.6540630492932751,,,,tiny
context,3,protein_binding,fnn,observed,1,467,212,0.07503920300569489,1.0249936568913378,0.9617488221954343,0.6540630492932751,,,,tiny
context,3,protein_binding,fnn_anchor,expected,0,467,212,0.07503920300569489,1.0249936568913378,0.9617488221954343,0.6540630492932751,,,,tiny
context,3,protein_binding,fnn_anchor,expected,1,467,212,0.04005836809362129,1.0441957667621913,0.9797661108174638,0.6776955166604515,,,,tiny
context,3,protein_binding,fnn_anchor,observed,0,467,212,0.07503920300569489,1.0249936568913378,0.9617488221954343,0.6540630492932751,,,,tiny
context,3,protein_binding,fnn_anchor,observed,1,467,212,0.2738540589896129,0.9081790341241457,0.8521419723323028,0.5808906948481581,,,,tiny
context,3,protein_binding,fnn_ridge,expected,0,467,212,0.07503920300569489,1.0249936568913378,0.9617488221954343,0.6540630492932751,,,,tiny
context,3,protein_binding,fnn_ridge,expected,1,467,212,0.07503920300569489,1.0249936568913378,0.9617488221954343,0.6540630492932751,,,,tiny
context,3,protein_binding,fnn_ridge,observed,0,467,212,0.07503920300569489,1.0249936568913378,0.9617488221954343,0.6540630492932751,,,,tiny
context,3,protein_binding,fnn_ridge,observed,1,467,212,0.1840775040044551,0.9626844755337762,0.9032842830446819,0.6000314083656324,,,,tiny
context,3,protein_binding,gp_both,expected,0,467,212,0.10060573423447994,1.0107286395280908,0.9483639943426364,0.6354100118955165,,,,tiny
context,3,protein_binding,gp_both,expected,1,467,212,0.10060573423447994,1.0107286395280908,0.9483639943426364,0.6354100118955165,,,,tiny
context,3,protein_binding,gp_both,observed,0,467,212,0.10060573423447994,1.0107286395280908,0.9483639943426364,0.6354100118955165,,,,tiny
context,3,protein_binding,gp_both,observed,1,467,212,0.30056422244763636,0.8913195584589522,0.8363227711549911,0.545662290269752,,,,tiny
context,3,protein_binding,gp_deep_kernel,expected,0,467,212,0.1382279770243966,0.9893631034456846,0.9283167686601398,0.6117122699786747,,,,tiny
context,3,protein_binding,gp_deep_kernel,expected,1,467,212,0.1382279770243966,0.9893631034456846,0.9283167686601398,0.6117122699786747,,,,tiny
context,3,protein_binding,gp_deep_kernel,observed,0,467,212,0.1382279770243966,0.9893631034456846,0.9283167686601398,0.6117122699786747,,,,tiny
context,3,protein_binding,gp_deep_kernel,observed,1,467,212,0.30053548858241985,0.8913378666395242,0.8363399496721295,0.5368795557250917,,,,tiny
context,3,protein_binding,gp_linear,expected,0,467,212,0.1354458248321272,0.9909588507179985,0.9298140540817141,0.613634700432136,,,,tiny
context,3,protein_binding,gp_linear,expected,1,467,212,0.1354458248321272,0.9909588507179985,0.9298140540817141,0.613634700432136,,,,tiny
context,3,protein_binding,gp_linear,observed,0,467,212,0.1354458248321272,0.9909588507179985,0.9298140540817141,0.613634700432136,,,,tiny
context,3,protein_binding,gp_linear,observed,1,467,212,0.28814181898876967,0.8991999103691782,0.8437168843938293,0.5408131764825935,,,,tiny
context,3,protein_binding,gp_neural_mean,expected,0,467,212,0.06436260547461248,1.0308923103012584,0.9672835130019469,0.6579150571334358,,,,tiny
context,3,protein_binding,gp_neural_mean,expected,1,467,212,0.06436260547461248,1.0308923103012584,0.9672835130019469,0.6579150571334358,,,,tiny
context,3,protein_binding,gp_neural_mean,observed,0,467,212,0.06436260547461248,1.0308923103012584,0.9672835130019469,0.6579150571334358,,,,tiny
context,3,protein_binding,gp_neural_mean,observed,1,467,212,0.25537767672299727,0.9196605147797003,0.8629150150953468,0.56332521007262,,,,tiny
context,3,protein_binding,memory,expected,0,467,212,0.035101014331202496,1.046888525237288,0.982292718933006,0.6739779585141598,,,,tiny
context,3,protein_binding,memory,expected,1,467,212,0.03849441568662315,1.0450460308891047,0.9805639113863904,0.6689282544531167,,,,tiny
context,3,protein_binding,memory,observed,0,467,212,0.035101014331202496,1.046888525237288,0.982292718933006,0.6739779585141598,,,,tiny
context,3,protein_binding,memory,observed,1,467,212,0.2534025568691348,0.9208794124325818,0.8640587035212741,0.5858745421965154,,,,tiny
context,3,protein_binding,previous_delta,observed,0,467,212,0.07562483793612296,1.0246691216989388,0.9614443104329429,0.652038931420196,,,,tiny
context,3,protein_binding,previous_delta,observed,1,467,212,0.07562483793612296,1.0246691216989388,0.9614443104329429,0.652038931420196,,,,tiny
context,3,protein_binding,previous_delta_anchor,observed,0,467,212,0.07562483793612296,1.0246691216989388,0.9614443104329429,0.652038931420196,,,,tiny
context,3,protein_binding,previous_delta_anchor,observed,1,467,212,0.2827538824489667,0.9025964442273449,0.8469038419744199,0.5771998547894757,,,,tiny
context,3,protein_binding,previous_gp,expected,0,467,212,-2.7729319505971013,2.0701365886208007,1.9424036528479607,1.312258244877316,,,,tiny
context,3,protein_binding,previous_gp,expected,1,467,212,-2.7729319505971013,2.0701365886208007,1.9424036528479607,1.312258244877316,,,,tiny
context,3,protein_binding,previous_gp,observed,0,467,212,-2.7729319505971013,2.0701365886208007,1.9424036528479607,1.312258244877316,,,,tiny
context,3,protein_binding,previous_gp,observed,1,467,212,-1.1158188291515398,1.5502393415188536,1.454585449243715,1.0700044797185937,,,,tiny
context,3,protein_binding,residual_memory,expected,0,467,212,0.02848618964543226,1.0504708463851034,0.9856540013384858,0.68168822990986,,,,tiny
context,3,protein_binding,residual_memory,expected,1,467,212,0.025241962912389337,1.0522233306045856,0.9872983526207317,0.6839157228865299,,,,tiny
context,3,protein_binding,residual_memory,observed,0,467,212,0.02848618964543226,1.0504708463851034,0.9856540013384858,0.68168822990986,,,,tiny
context,3,protein_binding,residual_memory,observed,1,467,212,0.256102136706462,0.9192130266010743,0.8624951381274784,0.5884198872458345,,,,tiny
context,3,macro,fnn,observed,0,2124,1203,0.01602335946774149,,0.9919559670329418,,,,6.0,tiny
context,3,macro,fnn,observed,1,2124,1203,0.01602335946774149,,0.9919559670329418,,,,6.0,tiny
context,3,macro,fnn_anchor,expected,0,2124,1203,0.01602335946781099,,0.9919559670329067,,,,6.0,tiny
context,3,macro,fnn_anchor,expected,1,2124,1203,-0.02330800759598482,,1.0115868759508424,,,,6.0,tiny
context,3,macro,fnn_anchor,observed,0,2124,1203,0.01602335946781099,,0.9919559670329067,,,,6.0,tiny
context,3,macro,fnn_anchor,observed,1,2124,1203,0.24255174462297835,,0.8703150322595959,,,,6.0,tiny
context,3,macro,fnn_ridge,expected,0,2124,1203,0.01602335946774149,,0.9919559670329418,,,,6.0,tiny
context,3,macro,fnn_ridge,expected,1,2124,1203,0.01602335946774149,,0.9919559670329418,,,,6.0,tiny
context,3,macro,fnn_ridge,observed,0,2124,1203,0.01602335946774149,,0.9919559670329418,,,,6.0,tiny
context,3,macro,fnn_ridge,observed,1,2124,1203,0.24599886244638494,,0.8683323888659313,,,,6.0,tiny
context,3,macro,gp_both,expected,0,2124,1203,0.014146158727975866,,0.9929017279026279,,,,6.0,tiny
context,3,macro,gp_both,expected,1,2124,1203,0.014146158727975866,,0.9929017279026279,,,,6.0,tiny
context,3,macro,gp_both,observed,0,2124,1203,0.014146158727975866,,0.9929017279026279,,,,6.0,tiny
context,3,macro,gp_both,observed,1,2124,1203,0.28788195376262204,,0.8438708705941791,,,,6.0,tiny
context,3,macro,gp_deep_kernel,expected,0,2124,1203,0.07334424727297005,,0.9626296030805566,,,,6.0,tiny
context,3,macro,gp_deep_kernel,expected,1,2124,1203,0.07334424727297005,,0.9626296030805566,,,,6.0,tiny
context,3,macro,gp_deep_kernel,observed,0,2124,1203,0.07334424727297005,,0.9626296030805566,,,,6.0,tiny
context,3,macro,gp_deep_kernel,observed,1,2124,1203,0.3137613644585338,,0.8283952169957682,,,,6.0,tiny
context,3,macro,gp_linear,expected,0,2124,1203,0.04774244078786997,,0.975836850714365,,,,6.0,tiny
context,3,macro,gp_linear,expected,1,2124,1203,0.04774244078786997,,0.975836850714365,,,,6.0,tiny
context,3,macro,gp_linear,observed,0,2124,1203,0.04774244078786997,,0.975836850714365,,,,6.0,tiny
context,3,macro,gp_linear,observed,1,2124,1203,0.30917499640412444,,0.8311588317499102,,,,6.0,tiny
context,3,macro,gp_neural_mean,expected,0,2124,1203,-0.02779235029528752,,1.0138009421455907,,,,6.0,tiny
context,3,macro,gp_neural_mean,expected,1,2124,1203,-0.02779235029528752,,1.0138009421455907,,,,6.0,tiny
context,3,macro,gp_neural_mean,observed,0,2124,1203,-0.02779235029528752,,1.0138009421455907,,,,6.0,tiny
context,3,macro,gp_neural_mean,observed,1,2124,1203,0.283543061796764,,0.8464377934634275,,,,6.0,tiny
context,3,macro,memory,expected,0,2124,1203,-0.016453723200960484,,1.0081932965463323,,,,6.0,tiny
context,3,macro,memory,expected,1,2124,1203,-0.03527331555269064,,1.0174838158676975,,,,6.0,tiny
context,3,macro,memory,observed,0,2124,1203,-0.016453723200960484,,1.0081932965463323,,,,6.0,tiny
context,3,macro,memory,observed,1,2124,1203,0.19976592661240597,,0.8945580324314315,,,,6.0,tiny
context,3,macro,previous_delta,observed,0,2124,1203,-0.0700820078024318,,1.0344476824868583,,,,6.0,tiny
context,3,macro,previous_delta,observed,1,2124,1203,-0.0700820078024318,,1.0344476824868583,,,,6.0,tiny
context,3,macro,previous_delta_anchor,observed,0,2124,1203,-0.0700820078024318,,1.0344476824868583,,,,6.0,tiny
context,3,macro,previous_delta_anchor,observed,1,2124,1203,0.1668080825760827,,0.9127934692053385,,,,6.0,tiny
context,3,macro,previous_gp,expected,0,2124,1203,-1.4220960208057463,,1.5563084594018457,,,,6.0,tiny
context,3,macro,previous_gp,expected,1,2124,1203,-1.4220960208057463,,1.5563084594018457,,,,6.0,tiny
context,3,macro,previous_gp,observed,0,2124,1203,-1.4220960208057463,,1.5563084594018457,,,,6.0,tiny
context,3,macro,previous_gp,observed,1,2124,1203,-0.6064314252560351,,1.2674507585133377,,,,6.0,tiny
context,3,macro,residual_memory,expected,0,2124,1203,-0.04434415973396113,,1.0219315827069642,,,,6.0,tiny
context,3,macro,residual_memory,expected,1,2124,1203,-0.04942918274387672,,1.0244165084299826,,,,6.0,tiny
context,3,macro,residual_memory,observed,0,2124,1203,-0.04434415973396113,,1.0219315827069642,,,,6.0,tiny
context,3,macro,residual_memory,observed,1,2124,1203,0.18653503735679547,,0.9019229250014685,,,,6.0,tiny
