method,baseline,cutoff,measurements,metric,endpoint,improvement,lower,upper
mean_only,unchanged,3,1,r2,cellular_clearance,0.0126992051462338,-2.8914577361559584e-05,0.0207770681448347
mean_only,unchanged,3,1,r2,efflux,0.0125236469761437,0.0035425899001078,0.021659828830611
mean_only,unchanged,3,1,r2,in_vivo_clearance,-0.0068126642687569,-0.0196313456382539,0.0024915674919581
mean_only,unchanged,3,1,r2,microsomal_clearance,0.0271565863490698,0.0199929367814348,0.0347639747099494
mean_only,unchanged,3,1,r2,permeability,0.0109302152609957,0.0048018453719066,0.017375667876458
mean_only,unchanged,3,1,r2,protein_binding,0.0111138486010929,-0.0024378134168287,0.0220202663196029
mean_only,unchanged,3,1,r2,macro,0.0112684730107965,0.0062821669529476,0.0148080705331452
mean_only,unchanged,3,1,rho,cellular_clearance,0.0158925698655482,-0.0013396027426336,0.0300423811751435
mean_only,unchanged,3,1,rho,efflux,0.0419791630534618,0.0094243533071244,0.0793702426149849
mean_only,unchanged,3,1,rho,in_vivo_clearance,-0.0087421677793362,-0.0463884204101945,0.0240631182208126
mean_only,unchanged,3,1,rho,microsomal_clearance,0.0031824235086233,-0.0055410290102426,0.0122793086180441
mean_only,unchanged,3,1,rho,permeability,0.0055102566870215,-0.0067744408819363,0.0182810156443223
mean_only,unchanged,3,1,rho,protein_binding,0.0040926411142442,-0.0107144715356202,0.0190292585424127
mean_only,unchanged,3,1,rho,macro,0.0103191477415938,0.0010372263342068,0.0191961047717719
mean_only,unchanged,3,1,nll,cellular_clearance,0.0124838215401165,0.004540991054773,0.0214345116015026
mean_only,unchanged,3,1,nll,efflux,0.0137291967368576,0.0062600288117068,0.0209077263519899
mean_only,unchanged,3,1,nll,in_vivo_clearance,0.0157660474681028,0.0026631075315428,0.0326462588686301
mean_only,unchanged,3,1,nll,microsomal_clearance,0.0115087693350805,0.0053195502898939,0.018018511853389
mean_only,unchanged,3,1,nll,permeability,0.0112411132495995,0.0065754805459994,0.0162189451346138
mean_only,unchanged,3,1,nll,protein_binding,0.0211477154499476,0.0110238935064253,0.034370764937497
mean_only,unchanged,3,1,nll,macro,0.0143127772966174,0.0107732705644402,0.0188687115836822
mean_only,unchanged,3,2,r2,cellular_clearance,0.0151475226828016,-0.0128680146132855,0.0277766580186525
mean_only,unchanged,3,2,r2,efflux,0.0068706364462809,-0.01227640163951,0.0276504234050114
mean_only,unchanged,3,2,r2,in_vivo_clearance,-0.0410793885986771,-0.1323430927121731,0.0106442952039982
mean_only,unchanged,3,2,r2,microsomal_clearance,0.0024828071945223,-0.0041844811718979,0.0096934295781038
mean_only,unchanged,3,2,r2,permeability,-0.0134414002378755,-0.0290630082105028,-0.0002062664042903
mean_only,unchanged,3,2,r2,protein_binding,0.0021748039295853,-0.0125729871380572,0.0129686527327165
mean_only,unchanged,3,2,r2,macro,-0.0046408364305604,-0.0222052183710168,0.0062814851156106
mean_only,unchanged,3,2,rho,cellular_clearance,0.0009566080613056,-0.0144570154534371,0.0175014073281582
mean_only,unchanged,3,2,rho,efflux,0.0353852435688671,0.0114810365747492,0.0612349464575057
mean_only,unchanged,3,2,rho,in_vivo_clearance,0.003839015700411,-0.0296340606931779,0.029974445410506
mean_only,unchanged,3,2,rho,microsomal_clearance,0.0017525421041143,-0.0060081088476688,0.010473615078104
mean_only,unchanged,3,2,rho,permeability,0.0124982332389701,0.0006709712257754,0.0252054822364823
mean_only,unchanged,3,2,rho,protein_binding,0.012974715453125,0.0004524700161776,0.0260619821105704
mean_only,unchanged,3,2,rho,macro,0.0112343930211322,0.0040913634116808,0.0182474272802978
mean_only,unchanged,3,2,nll,cellular_clearance,-0.0085095840065906,-0.0251898939908536,0.0015605569679504
mean_only,unchanged,3,2,nll,efflux,0.0093581790897205,-0.0075381306850808,0.0273748577000008
mean_only,unchanged,3,2,nll,in_vivo_clearance,-0.0030190436279703,-0.025311525435445,0.0148900089666891
mean_only,unchanged,3,2,nll,microsomal_clearance,0.0068771332807182,-0.0007297956595895,0.0137725561124025
mean_only,unchanged,3,2,nll,permeability,-0.0109516131835369,-0.0234837605544432,-0.0001317112278524
mean_only,unchanged,3,2,nll,protein_binding,0.0031121391407967,-0.0081909415343534,0.0158666179430144
mean_only,unchanged,3,2,nll,macro,-0.0005221315511437,-0.0073501637231675,0.0048099592529504
mean_only,unchanged,3,3,r2,cellular_clearance,-0.0089574029991229,-0.0271402854286253,0.0065109627172382
mean_only,unchanged,3,3,r2,efflux,-0.0028153201456743,-0.0197346768675769,0.014290682172347
mean_only,unchanged,3,3,r2,in_vivo_clearance,0.0143615632956312,-0.0228316934206196,0.0458660573263227
mean_only,unchanged,3,3,r2,microsomal_clearance,-0.0086209195556808,-0.0156103194826681,-0.001238852977508
mean_only,unchanged,3,3,r2,permeability,-0.0141226207031955,-0.03133103244259,0.002332293318352
mean_only,unchanged,3,3,r2,protein_binding,0.0069153050993726,-0.0154057255108041,0.0234318840817225
mean_only,unchanged,3,3,r2,macro,-0.0022065658347782,-0.0114064457174589,0.0052763530050172
mean_only,unchanged,3,3,rho,cellular_clearance,0.0011970494697539,-0.0192229666685109,0.0215097274683471
mean_only,unchanged,3,3,rho,efflux,-0.004230969529048,-0.0330874658768822,0.0249856934888005
mean_only,unchanged,3,3,rho,in_vivo_clearance,0.0173956131296498,-0.0217442276852923,0.0625035864640648
mean_only,unchanged,3,3,rho,microsomal_clearance,0.0033553997669875,-0.0072292804748875,0.0133026331378555
mean_only,unchanged,3,3,rho,permeability,0.0015053011356956,-0.0129012568395506,0.0149895979579812
mean_only,unchanged,3,3,rho,protein_binding,0.0178322840751262,-0.0045996896212572,0.0330714615613271
mean_only,unchanged,3,3,rho,macro,0.0061757796746941,-0.0032550295926837,0.0155907313163852
mean_only,unchanged,3,3,nll,cellular_clearance,-0.0155991958437206,-0.0339858691141074,-0.0008585015169219
mean_only,unchanged,3,3,nll,efflux,-0.0111778240264397,-0.0309444341586008,0.007590222764261
mean_only,unchanged,3,3,nll,in_vivo_clearance,0.0279317880357446,-0.007638287224032,0.0717768862071287
mean_only,unchanged,3,3,nll,microsomal_clearance,0.0022374532603072,-0.0057382378675788,0.009989683543297
mean_only,unchanged,3,3,nll,permeability,-0.0239488828733716,-0.039182074530811,-0.0086567077027903
mean_only,unchanged,3,3,nll,protein_binding,0.0004252289704953,-0.0159802089915741,0.018192379792392
mean_only,unchanged,3,3,nll,macro,-0.0033552387461641,-0.012447559627466,0.0052850938978811
mean_only,unchanged,3,5,r2,cellular_clearance,-0.0031971237851346,-0.0235611799179241,0.0145802641191945
mean_only,unchanged,3,5,r2,efflux,-0.0042520936178316,-0.0168554283503754,0.0078157487794656
mean_only,unchanged,3,5,r2,in_vivo_clearance,0.0189068142268334,-0.0097526424117533,0.044715661075805
mean_only,unchanged,3,5,r2,microsomal_clearance,-0.0078997478760487,-0.0138143428558794,-0.0014938495374666
mean_only,unchanged,3,5,r2,permeability,-0.0109714060520574,-0.0231984377901492,0.0009304548810052
mean_only,unchanged,3,5,r2,protein_binding,0.0120964281093955,-0.0048103897007553,0.0233700503001656
mean_only,unchanged,3,5,r2,macro,0.0007804785008594,-0.0071891739802955,0.0073211113054587
mean_only,unchanged,3,5,rho,cellular_clearance,-0.0062943275520054,-0.0303114426815398,0.0192803725806469
mean_only,unchanged,3,5,rho,efflux,0.0072214834460561,-0.0174299854731418,0.0318586491421873
mean_only,unchanged,3,5,rho,in_vivo_clearance,0.0046135163112055,-0.0391212972383335,0.0480387072731028
mean_only,unchanged,3,5,rho,microsomal_clearance,0.0023126826211574,-0.0075232918891886,0.0118101944130385
mean_only,unchanged,3,5,rho,permeability,0.0099757727844019,-0.0073897601944574,0.0273669163272281
mean_only,unchanged,3,5,rho,protein_binding,0.0115987370786389,-0.0146040575778549,0.0279673710395885
mean_only,unchanged,3,5,rho,macro,0.0049046441149091,-0.0062674000619726,0.0147304899591977
mean_only,unchanged,3,5,nll,cellular_clearance,-0.0165191698244675,-0.0401293704135235,0.0016954265246744
mean_only,unchanged,3,5,nll,efflux,-0.0109429581012039,-0.0336898333599788,0.0105407171148527
mean_only,unchanged,3,5,nll,in_vivo_clearance,0.0249612630929856,-0.0041427771646831,0.0575405179831132
mean_only,unchanged,3,5,nll,microsomal_clearance,0.0039947981749662,-0.0034867641801978,0.0112098876040407
mean_only,unchanged,3,5,nll,permeability,-0.0265897421571948,-0.0415185556014661,-0.0129052618327154
mean_only,unchanged,3,5,nll,protein_binding,0.0004113069866986,-0.0158914631258746,0.0196058224778267
mean_only,unchanged,3,5,nll,macro,-0.0041140836380359,-0.0136619587434859,0.004053245675443
mean_only,unchanged,3,10,r2,cellular_clearance,0.0023942009660943,-0.0102786366058938,0.0166379310880626
mean_only,unchanged,3,10,r2,efflux,-0.0030160040134033,-0.019440580927831,0.0132422568544232
mean_only,unchanged,3,10,r2,in_vivo_clearance,0.0167539543989597,-0.0127017616384733,0.0421515331526787
mean_only,unchanged,3,10,r2,microsomal_clearance,-0.0063836794766402,-0.0122504978238984,-0.0001441271938795
mean_only,unchanged,3,10,r2,permeability,0.0069739525635605,-0.0098008009564824,0.0238832303932498
mean_only,unchanged,3,10,r2,protein_binding,0.02191210971595,-0.0059610783656828,0.0367767697271157
mean_only,unchanged,3,10,r2,macro,0.0064390890257535,-0.0012375748383808,0.0120491564383122
mean_only,unchanged,3,10,rho,cellular_clearance,-0.0048331583529165,-0.0322029114289075,0.0181350343107612
mean_only,unchanged,3,10,rho,efflux,0.0005991359551747,-0.0317446766714031,0.0298843143881889
mean_only,unchanged,3,10,rho,in_vivo_clearance,0.020681850425899,-0.0238524216652034,0.0751562496577051
mean_only,unchanged,3,10,rho,microsomal_clearance,-0.0037926117102667,-0.0156725730198502,0.0071002765451484
mean_only,unchanged,3,10,rho,permeability,0.0155285978068908,-0.0011427477303598,0.0332905764672905
mean_only,unchanged,3,10,rho,protein_binding,-0.0090718448218522,-0.0294601858431043,0.0062825592892349
mean_only,unchanged,3,10,rho,macro,0.0031853282171548,-0.0078779253515986,0.0141920411799612
mean_only,unchanged,3,10,nll,cellular_clearance,-0.0082547987596645,-0.027268230733594,0.0094853519628087
mean_only,unchanged,3,10,nll,efflux,-0.0118418327111213,-0.0458778500344911,0.0247917726446195
mean_only,unchanged,3,10,nll,in_vivo_clearance,-0.023866691614811,-0.0616295815746169,0.0110309383468007
mean_only,unchanged,3,10,nll,microsomal_clearance,0.0065667783500612,-0.0015981733167736,0.0146846862142289
mean_only,unchanged,3,10,nll,permeability,-0.0173204864505776,-0.0372461200326233,0.0011623001765405
mean_only,unchanged,3,10,nll,protein_binding,-0.0092656054185347,-0.0379693196829252,0.0223234878802592
mean_only,unchanged,3,10,nll,macro,-0.0106637727674413,-0.0220917128252446,9.146602781030284e-05
kernel_only,unchanged,3,1,r2,cellular_clearance,-0.0100142510082756,-0.0145702157237811,-0.0004635064936083
kernel_only,unchanged,3,1,r2,efflux,-0.0057514635900461,-0.0149435379593585,0.0032682545739942
kernel_only,unchanged,3,1,r2,in_vivo_clearance,0.0079127247615342,-0.0016840719435739,0.0203236381553314
kernel_only,unchanged,3,1,r2,microsomal_clearance,-0.0013300279672907,-0.0073733830289763,0.0050509188548678
kernel_only,unchanged,3,1,r2,permeability,-0.0145391468851514,-0.0244593590485951,-0.0066006231874134
kernel_only,unchanged,3,1,r2,protein_binding,-0.0083205923381919,-0.0146685581430766,0.0007450566433884
kernel_only,unchanged,3,1,r2,macro,-0.0053404595045702,-0.008634602472562,-0.0009465704389636
kernel_only,unchanged,3,1,rho,cellular_clearance,0.0111459309326483,-0.0034016886281062,0.0309805000482513
kernel_only,unchanged,3,1,rho,efflux,0.0071931796442002,-0.0072937787168662,0.0211174021493717
kernel_only,unchanged,3,1,rho,in_vivo_clearance,-0.0223759305084549,-0.0775321152881831,0.0265824155940432
kernel_only,unchanged,3,1,rho,microsomal_clearance,0.0050996973531837,-0.0018740113455579,0.0129248505877504
kernel_only,unchanged,3,1,rho,permeability,0.0106230368120813,-0.0059379659007741,0.0253522458538681
kernel_only,unchanged,3,1,rho,protein_binding,0.0009453532198257,-0.0089416756495481,0.0117063338743352
kernel_only,unchanged,3,1,rho,macro,0.0021052112422474,-0.008228595987506,0.0113591306435277
kernel_only,unchanged,3,1,nll,cellular_clearance,-0.0061917023727332,-0.0114387225470123,0.002613202646313
kernel_only,unchanged,3,1,nll,efflux,-0.000347908214068,-0.0063890129605444,0.0066351531390393
kernel_only,unchanged,3,1,nll,in_vivo_clearance,-0.001469550991326,-0.0154357294388934,0.0115143114411586
kernel_only,unchanged,3,1,nll,microsomal_clearance,-0.0004761299528311,-0.0059583234349108,0.0050495427812856
kernel_only,unchanged,3,1,nll,permeability,-0.0098396466941572,-0.0159009082738136,-0.0047423379621014
kernel_only,unchanged,3,1,nll,protein_binding,0.0002101465983875,-0.0094290994390737,0.0077837554807845
kernel_only,unchanged,3,1,nll,macro,-0.003019131937788,-0.0060424575683023,0.0006316770217496
kernel_only,unchanged,3,2,r2,cellular_clearance,0.0624603487552421,0.0197284556479704,0.1136628762223935
kernel_only,unchanged,3,2,r2,efflux,0.0176111832485434,0.0072801564783795,0.0289432648355119
kernel_only,unchanged,3,2,r2,in_vivo_clearance,0.0382500482383938,0.0259776520062005,0.05411491371008
kernel_only,unchanged,3,2,r2,microsomal_clearance,0.005303424465819,0.0006938169089965,0.0101486439528259
kernel_only,unchanged,3,2,r2,permeability,0.0019058154549503,-0.0074401546292076,0.0110521911348886
kernel_only,unchanged,3,2,r2,protein_binding,0.0003061788826348,-0.0285586129619436,0.0215266007820869
kernel_only,unchanged,3,2,r2,macro,0.0209728331742639,0.0111657625969516,0.0300223099314255
kernel_only,unchanged,3,2,rho,cellular_clearance,-0.0040491253685791,-0.0179692808315017,0.0136503234229237
kernel_only,unchanged,3,2,rho,efflux,0.0072108063573991,-0.0054658455399842,0.0189961353767423
kernel_only,unchanged,3,2,rho,in_vivo_clearance,-0.0068365839804797,-0.0380202523908928,0.0186818077940428
kernel_only,unchanged,3,2,rho,microsomal_clearance,0.0012499684203862,-0.0061898683308458,0.0096806634116798
kernel_only,unchanged,3,2,rho,permeability,0.0063501414813384,-0.009274913085411,0.0208443817057959
kernel_only,unchanged,3,2,rho,protein_binding,0.0135615831233351,0.0037278863573527,0.0297103191211507
kernel_only,unchanged,3,2,rho,macro,0.0029144650055666,-0.0032969725762012,0.0090360312975841
kernel_only,unchanged,3,2,nll,cellular_clearance,-0.0060706883976521,-0.015080644650272,0.0089805574040371
kernel_only,unchanged,3,2,nll,efflux,0.0058666508074499,-0.0055390501202154,0.0190289963961508
kernel_only,unchanged,3,2,nll,in_vivo_clearance,0.030936920570361,0.0110413921779332,0.0624850478163661
kernel_only,unchanged,3,2,nll,microsomal_clearance,-0.0017125818924479,-0.0067229292704616,0.003747303157705
kernel_only,unchanged,3,2,nll,permeability,-0.0095861094030332,-0.0211996548028794,0.0008240767118863
kernel_only,unchanged,3,2,nll,protein_binding,0.0013470590259184,-0.0184644612671794,0.0119405215616783
kernel_only,unchanged,3,2,nll,macro,0.0034635417850993,-0.0011314694973023,0.0094675099154145
kernel_only,unchanged,3,3,r2,cellular_clearance,0.0156662674570739,0.0085513390341047,0.0242017905257603
kernel_only,unchanged,3,3,r2,efflux,0.0106147545565405,0.0035711634482458,0.0172589105632354
kernel_only,unchanged,3,3,r2,in_vivo_clearance,0.041765429708618,0.0230620709351036,0.0608370626385215
kernel_only,unchanged,3,3,r2,microsomal_clearance,0.0039629774427476,-0.0010789732689009,0.0091104425292538
kernel_only,unchanged,3,3,r2,permeability,0.0043840303373446,-0.0057029874198283,0.0143253243970099
kernel_only,unchanged,3,3,r2,protein_binding,0.0110123671017867,-0.0154389573922184,0.0319595166085309
kernel_only,unchanged,3,3,r2,macro,0.0145676377673519,0.0082851358453314,0.0196648677493092
kernel_only,unchanged,3,3,rho,cellular_clearance,0.0027216237180162,-0.0125175861770963,0.0203658804122334
kernel_only,unchanged,3,3,rho,efflux,-0.0104673859288843,-0.0272743019802771,0.0050693222602314
kernel_only,unchanged,3,3,rho,in_vivo_clearance,0.0331854075725589,0.0041618009887815,0.0637305459462865
kernel_only,unchanged,3,3,rho,microsomal_clearance,0.0086686212272852,0.0005421269962265,0.0160375419330206
kernel_only,unchanged,3,3,rho,permeability,0.003676702602042,-0.0108125359429432,0.0172045643731215
kernel_only,unchanged,3,3,rho,protein_binding,0.0237523510189879,0.0066097887201572,0.0363749400808761
kernel_only,unchanged,3,3,rho,macro,0.010256220035001,0.0033718959853356,0.0171659406398208
kernel_only,unchanged,3,3,nll,cellular_clearance,0.00153068491066,-0.0105364535232727,0.0141345381540423
kernel_only,unchanged,3,3,nll,efflux,0.001866420527599,-0.0108508250080826,0.0132422675374135
kernel_only,unchanged,3,3,nll,in_vivo_clearance,0.0395144953636047,0.0166288765821363,0.0728914023747022
kernel_only,unchanged,3,3,nll,microsomal_clearance,0.001358071825452,-0.0045098846264056,0.0070065300363112
kernel_only,unchanged,3,3,nll,permeability,-0.0106263541177042,-0.0214973526281874,-0.0005774831188729
kernel_only,unchanged,3,3,nll,protein_binding,-0.001280268971307,-0.027733100257751,0.0163343019031045
kernel_only,unchanged,3,3,nll,macro,0.0053938415897174,-0.0010560060633979,0.0114716418140178
kernel_only,unchanged,3,5,r2,cellular_clearance,0.0146531886165632,0.0062177924580297,0.0234916996971213
kernel_only,unchanged,3,5,r2,efflux,0.0081347746166911,0.0014081210937434,0.0145785594825723
kernel_only,unchanged,3,5,r2,in_vivo_clearance,0.0332247920102895,0.0182652314532983,0.0476064184074644
kernel_only,unchanged,3,5,r2,microsomal_clearance,0.0038852877899339,-0.0003843334616731,0.0083001073597332
kernel_only,unchanged,3,5,r2,permeability,0.0064613246872751,-0.0015934521141312,0.0142316495847482
kernel_only,unchanged,3,5,r2,protein_binding,0.0167750172360798,0.0024669335543712,0.027062950375842
kernel_only,unchanged,3,5,r2,macro,0.0138557308261388,0.0091622574724014,0.0177955168397928
kernel_only,unchanged,3,5,rho,cellular_clearance,-0.0018110307551224,-0.0184321464119924,0.0151025807302586
kernel_only,unchanged,3,5,rho,efflux,-0.0159674321197801,-0.0324927284966466,-0.0004470172017323
kernel_only,unchanged,3,5,rho,in_vivo_clearance,0.0089097744031321,-0.0192681725545564,0.0388491191756227
kernel_only,unchanged,3,5,rho,microsomal_clearance,0.0105404208087409,0.0027268183466255,0.0177018044840391
kernel_only,unchanged,3,5,rho,permeability,0.0115995145427683,-0.0034204936321503,0.0263941747888639
kernel_only,unchanged,3,5,rho,protein_binding,0.0176410314962154,-0.0043104913160608,0.0340769507817073
kernel_only,unchanged,3,5,rho,macro,0.0051520463959923,-0.0028361695890432,0.0127729237246369
kernel_only,unchanged,3,5,nll,cellular_clearance,-8.91009830106976e-06,-0.0163817791073372,0.0136609425713369
kernel_only,unchanged,3,5,nll,efflux,0.0006494093216358,-0.0129586908393054,0.0124082440330263
kernel_only,unchanged,3,5,nll,in_vivo_clearance,0.0334961860986041,0.0148754625663104,0.0578716261434899
kernel_only,unchanged,3,5,nll,microsomal_clearance,0.0050831200856905,-0.0010913541447598,0.0104722557238401
kernel_only,unchanged,3,5,nll,permeability,-0.0055583626809827,-0.0162383915266898,0.0049355239592486
kernel_only,unchanged,3,5,nll,protein_binding,0.0032067640773205,-0.0139149541619939,0.019222866309694
kernel_only,unchanged,3,5,nll,macro,0.0061447011339945,0.0004917919107376,0.0116152906288325
kernel_only,unchanged,3,10,r2,cellular_clearance,0.0138568993789557,0.0060105209531583,0.0220818494594159
kernel_only,unchanged,3,10,r2,efflux,0.0104109820348885,0.0038406597417784,0.0170828211123218
kernel_only,unchanged,3,10,r2,in_vivo_clearance,0.0275061989555887,0.0097136437895286,0.0435395848309927
kernel_only,unchanged,3,10,r2,microsomal_clearance,0.006562668299456,0.0028961253071956,0.0102098309436967
kernel_only,unchanged,3,10,r2,permeability,0.0149799439455047,0.0045353750599773,0.0247495029781908
kernel_only,unchanged,3,10,r2,protein_binding,0.0260700830810101,-0.0044887485362085,0.0436337193153426
kernel_only,unchanged,3,10,r2,macro,0.0165644626159006,0.0092287021283396,0.0213825207782837
kernel_only,unchanged,3,10,rho,cellular_clearance,-0.0038575349896936,-0.0300277478627207,0.0166452110071524
kernel_only,unchanged,3,10,rho,efflux,-0.0015493929731073,-0.0202013621021647,0.0165398455589769
kernel_only,unchanged,3,10,rho,in_vivo_clearance,0.0218993765488266,-0.0285949510372365,0.0580766751969026
kernel_only,unchanged,3,10,rho,microsomal_clearance,0.0094315415714007,0.0016259518079736,0.0168112090998751
kernel_only,unchanged,3,10,rho,permeability,0.008798202427311,-0.0079750483881285,0.0245581919894696
kernel_only,unchanged,3,10,rho,protein_binding,0.0137782283409526,-0.0058924405687923,0.0348230461905438
kernel_only,unchanged,3,10,rho,macro,0.008083403487615,-0.0025912349265007,0.017267018014045
kernel_only,unchanged,3,10,nll,cellular_clearance,-0.0032798034695869,-0.0189973710598173,0.0097813272039208
kernel_only,unchanged,3,10,nll,efflux,-0.0013528968950356,-0.0132545198930605,0.0093751698023254
kernel_only,unchanged,3,10,nll,in_vivo_clearance,0.0018756765729857,-0.0264544365983757,0.0263468647338263
kernel_only,unchanged,3,10,nll,microsomal_clearance,0.0084402102758535,0.0002649566994184,0.0156994703670671
kernel_only,unchanged,3,10,nll,permeability,0.0042808487351582,-0.0155932519979808,0.0218730879703843
kernel_only,unchanged,3,10,nll,protein_binding,0.0041569601453617,-0.0237246000513653,0.0452433938265144
kernel_only,unchanged,3,10,nll,macro,0.0023534992274561,-0.0054628651488052,0.0105923947861718
mean_and_kernel,unchanged,3,1,r2,cellular_clearance,-0.0121814326562848,-0.0258597066810882,0.0075604235233059
mean_and_kernel,unchanged,3,1,r2,efflux,-0.0130998679672216,-0.0254438109935931,-0.0010035344799617
mean_and_kernel,unchanged,3,1,r2,in_vivo_clearance,0.002938088002385,-0.0106317628928115,0.0189163564998024
mean_and_kernel,unchanged,3,1,r2,microsomal_clearance,-0.0062836515957295,-0.0120508939318567,0.0005944577652023
mean_and_kernel,unchanged,3,1,r2,permeability,-0.0299959137483809,-0.0431362535911714,-0.0189004711559664
mean_and_kernel,unchanged,3,1,r2,protein_binding,-0.0166883281672404,-0.0292310642591596,-0.0005799057093342
mean_and_kernel,unchanged,3,1,r2,macro,-0.0125518510220787,-0.0186973279565005,-0.0045790354571307
mean_and_kernel,unchanged,3,1,rho,cellular_clearance,0.0037698086324853,-0.0089750630508557,0.020371448732466
mean_and_kernel,unchanged,3,1,rho,efflux,0.0019923241957358,-0.0142078888165663,0.0167569929256785
mean_and_kernel,unchanged,3,1,rho,in_vivo_clearance,-0.0202684278452153,-0.075694876562095,0.0286456902820173
mean_and_kernel,unchanged,3,1,rho,microsomal_clearance,0.0024470019326844,-0.0043154731249829,0.0089212694695593
mean_and_kernel,unchanged,3,1,rho,permeability,-0.0114470556321271,-0.0322357134356333,0.0068988875252631
mean_and_kernel,unchanged,3,1,rho,protein_binding,-0.0008868541678476,-0.0136318332798312,0.0120099591382859
mean_and_kernel,unchanged,3,1,rho,macro,-0.0040655338140474,-0.0154236972676495,0.0054924889185939
mean_and_kernel,unchanged,3,1,nll,cellular_clearance,-0.007344711177837,-0.0164729321113015,0.006959662797937
mean_and_kernel,unchanged,3,1,nll,efflux,-0.0049958638444247,-0.0143171321318656,0.0056559769164653
mean_and_kernel,unchanged,3,1,nll,in_vivo_clearance,-0.0052096965873205,-0.0193585091171556,0.0085507891487495
mean_and_kernel,unchanged,3,1,nll,microsomal_clearance,-0.0020154710110026,-0.0064483038367123,0.002885694532612
mean_and_kernel,unchanged,3,1,nll,permeability,-0.0222432670229714,-0.0299902248279572,-0.0152129862205272
mean_and_kernel,unchanged,3,1,nll,protein_binding,-0.0053732396637107,-0.0131502869397447,0.008311423031549
mean_and_kernel,unchanged,3,1,nll,macro,-0.0078637082178778,-0.0122456908559536,-0.001641479792831
mean_and_kernel,unchanged,3,2,r2,cellular_clearance,0.0665526378396453,0.0235862832688414,0.1153681715478912
mean_and_kernel,unchanged,3,2,r2,efflux,0.0177322082646623,0.0053617810703704,0.0313860345039879
mean_and_kernel,unchanged,3,2,r2,in_vivo_clearance,0.0378892718530187,0.0246485169284303,0.0547521715387691
mean_and_kernel,unchanged,3,2,r2,microsomal_clearance,0.0059368941231297,0.0010445487302612,0.0108657423059747
mean_and_kernel,unchanged,3,2,r2,permeability,0.0028726468379379,-0.007876712395606,0.0128598163668113
mean_and_kernel,unchanged,3,2,r2,protein_binding,0.0014666322619853,-0.0261229222512471,0.0222311910877778
mean_and_kernel,unchanged,3,2,r2,macro,0.0220750485300632,0.0129620312186551,0.0311769120634247
mean_and_kernel,unchanged,3,2,rho,cellular_clearance,-0.0072322090820024,-0.0251711310965017,0.0164412836075847
mean_and_kernel,unchanged,3,2,rho,efflux,0.002627436786141,-0.013420054645158,0.0168569124622938
mean_and_kernel,unchanged,3,2,rho,in_vivo_clearance,-0.0056503624352999,-0.0387897571421816,0.0213983038981237
mean_and_kernel,unchanged,3,2,rho,microsomal_clearance,0.0065109879770385,-0.0005297768570968,0.0135945622588979
mean_and_kernel,unchanged,3,2,rho,permeability,-0.005081520253453,-0.0230641341148407,0.011701846392112
mean_and_kernel,unchanged,3,2,rho,protein_binding,0.0107414177267245,-0.0026531923238485,0.026408492449097
mean_and_kernel,unchanged,3,2,rho,macro,0.0003192917865247,-0.006867781406948,0.0070949270838208
mean_and_kernel,unchanged,3,2,nll,cellular_clearance,-0.0065619239246825,-0.0178566276091606,0.0113928229328268
mean_and_kernel,unchanged,3,2,nll,efflux,0.0005644349932796,-0.0136082687586547,0.0162797029445331
mean_and_kernel,unchanged,3,2,nll,in_vivo_clearance,0.0294797916930155,0.0091964587547151,0.060783221820004
mean_and_kernel,unchanged,3,2,nll,microsomal_clearance,-0.0014706022519079,-0.006718923739137,0.0038168085474763
mean_and_kernel,unchanged,3,2,nll,permeability,-0.0133880621597962,-0.0263122105303293,-0.0011179342294958
mean_and_kernel,unchanged,3,2,nll,protein_binding,-0.0008404639175926,-0.0237048447142559,0.0111304182086657
mean_and_kernel,unchanged,3,2,nll,macro,0.0012971957387193,-0.003674257150815,0.0078122008541347
mean_and_kernel,unchanged,3,3,r2,cellular_clearance,0.0138948062320554,0.0026814125939375,0.025195100650388
mean_and_kernel,unchanged,3,3,r2,efflux,0.0097827082902509,0.0002923731402753,0.0180706822835446
mean_and_kernel,unchanged,3,3,r2,in_vivo_clearance,0.0409952707592756,0.0222384039411818,0.0603169370102503
mean_and_kernel,unchanged,3,3,r2,microsomal_clearance,0.0067611266371861,0.0017703084956905,0.0121666818015715
mean_and_kernel,unchanged,3,3,r2,permeability,0.0009552142121676,-0.0098980239019516,0.0119077482124802
mean_and_kernel,unchanged,3,3,r2,protein_binding,0.0132282460809665,-0.0133683510289349,0.0349129752975031
mean_and_kernel,unchanged,3,3,r2,macro,0.014269562035317,0.0074277988811153,0.0199083089141322
mean_and_kernel,unchanged,3,3,rho,cellular_clearance,0.0029017977653995,-0.0138135233543419,0.0228705828973543
mean_and_kernel,unchanged,3,3,rho,efflux,-0.02051115835087,-0.0391173080486076,-0.0030720301305774
mean_and_kernel,unchanged,3,3,rho,in_vivo_clearance,0.0228589697075741,-0.007161752274467,0.0526799312536266
mean_and_kernel,unchanged,3,3,rho,microsomal_clearance,0.0136282680587849,0.0053571342379569,0.0215465390598741
mean_and_kernel,unchanged,3,3,rho,permeability,0.00502381079437,-0.0115361139238704,0.0216085378489893
mean_and_kernel,unchanged,3,3,rho,protein_binding,0.0236508781038763,0.0025636694691722,0.0380567081237543
mean_and_kernel,unchanged,3,3,rho,macro,0.0079254276798558,1.5868980355341857e-05,0.015322949584859
mean_and_kernel,unchanged,3,3,nll,cellular_clearance,-0.0061438047081849,-0.0280660463931679,0.0118861376666284
mean_and_kernel,unchanged,3,3,nll,efflux,-0.0068238153241323,-0.021705739518919,0.0065403123121847
mean_and_kernel,unchanged,3,3,nll,in_vivo_clearance,0.0369229398357985,0.0150404323191459,0.0682015963326107
mean_and_kernel,unchanged,3,3,nll,microsomal_clearance,0.0053197216389644,-0.0009254404061606,0.0115870742942116
mean_and_kernel,unchanged,3,3,nll,permeability,-0.0182190189207323,-0.0317859266471685,-0.0050847479722985
mean_and_kernel,unchanged,3,3,nll,protein_binding,0.0012057088895803,-0.0288402772370699,0.0202966257643046
mean_and_kernel,unchanged,3,3,nll,macro,0.0020436219018822,-0.0053511369885131,0.0085164990971465
mean_and_kernel,unchanged,3,5,r2,cellular_clearance,0.0114088899094827,-0.0035160143902565,0.0238118989515005
mean_and_kernel,unchanged,3,5,r2,efflux,0.0073182513020158,-0.0010472878322299,0.0153446540168509
mean_and_kernel,unchanged,3,5,r2,in_vivo_clearance,0.031652036302709,0.0157932189712358,0.0468615480418363
mean_and_kernel,unchanged,3,5,r2,microsomal_clearance,0.0072109076592177,0.0029857441233615,0.0115983619292268
mean_and_kernel,unchanged,3,5,r2,permeability,0.0019779531491537,-0.0076996385468887,0.0112895430767422
mean_and_kernel,unchanged,3,5,r2,protein_binding,0.0192480402366535,0.0034127362584214,0.0306685129510021
mean_and_kernel,unchanged,3,5,r2,macro,0.0131360130932054,0.0074024681146316,0.0179191397721276
mean_and_kernel,unchanged,3,5,rho,cellular_clearance,0.0041659497619845,-0.0124316046367823,0.0204372330088892
mean_and_kernel,unchanged,3,5,rho,efflux,-0.0122911571667229,-0.0314644045076922,0.0059559448428452
mean_and_kernel,unchanged,3,5,rho,in_vivo_clearance,0.0074118791236763,-0.0209511676424799,0.035532174652748
mean_and_kernel,unchanged,3,5,rho,microsomal_clearance,0.0151931647314047,0.007849529023259,0.0222502658932638
mean_and_kernel,unchanged,3,5,rho,permeability,0.0102012144513428,-0.0058681854035883,0.0256712747006593
mean_and_kernel,unchanged,3,5,rho,protein_binding,0.0129061074396434,-0.0168997116051179,0.0316392731281086
mean_and_kernel,unchanged,3,5,rho,macro,0.0062645263902214,-0.0029214817929966,0.0138354409343461
mean_and_kernel,unchanged,3,5,nll,cellular_clearance,-0.0095556550887558,-0.0417537997407794,0.0119875306112318
mean_and_kernel,unchanged,3,5,nll,efflux,-0.0083966893882545,-0.023881074174742,0.0064228122631961
mean_and_kernel,unchanged,3,5,nll,in_vivo_clearance,0.0309468057865608,0.0123830941032754,0.0532078025794076
mean_and_kernel,unchanged,3,5,nll,microsomal_clearance,0.0090398984994652,0.0029570519603122,0.0145764519467167
mean_and_kernel,unchanged,3,5,nll,permeability,-0.0151550341090708,-0.0296618846236866,-0.0013258029708989
mean_and_kernel,unchanged,3,5,nll,protein_binding,0.0051433798094371,-0.0142844409067776,0.0218061464397193
mean_and_kernel,unchanged,3,5,nll,macro,0.0020037842515636,-0.0056200894659694,0.0083068023038109
mean_and_kernel,unchanged,3,10,r2,cellular_clearance,0.0143450146606491,0.0035121565902584,0.0237036103812012
mean_and_kernel,unchanged,3,10,r2,efflux,0.0085728566550038,-0.0006282752096649,0.0171341315460185
mean_and_kernel,unchanged,3,10,r2,in_vivo_clearance,0.0288369968404951,0.011107417018179,0.0444524150997631
mean_and_kernel,unchanged,3,10,r2,microsomal_clearance,0.0081950763854001,0.0042928707656203,0.012048254206437
mean_and_kernel,unchanged,3,10,r2,permeability,0.0121661337028247,-0.0021510510720023,0.0245887905196698
mean_and_kernel,unchanged,3,10,r2,protein_binding,0.0273264350426698,-0.0062845546041961,0.0458813672505324
mean_and_kernel,unchanged,3,10,r2,macro,0.0165737522145071,0.0083384335267347,0.0221764356917
mean_and_kernel,unchanged,3,10,rho,cellular_clearance,-0.002798795687199,-0.0359015749456781,0.0232979998088768
mean_and_kernel,unchanged,3,10,rho,efflux,0.0014307733418212,-0.0194212952176152,0.0214921928718645
mean_and_kernel,unchanged,3,10,rho,in_vivo_clearance,0.0269253551959991,-0.0232985403553366,0.061862027832706
mean_and_kernel,unchanged,3,10,rho,microsomal_clearance,0.0133555362952585,0.0048743669242388,0.0214285066600917
mean_and_kernel,unchanged,3,10,rho,permeability,0.0066737132974796,-0.0171934923271351,0.0289482235277835
mean_and_kernel,unchanged,3,10,rho,protein_binding,0.0207559278347726,0.0008946857663492,0.0414988118503969
mean_and_kernel,unchanged,3,10,rho,macro,0.0110570850463553,-0.0010075704270949,0.0211285245962488
mean_and_kernel,unchanged,3,10,nll,cellular_clearance,-0.0055599623813797,-0.0271404141393684,0.0115195317138098
mean_and_kernel,unchanged,3,10,nll,efflux,-0.0097864733513571,-0.0255959180818961,0.0050442749332573
mean_and_kernel,unchanged,3,10,nll,in_vivo_clearance,0.0027602223242522,-0.0258633309439667,0.0265193312514285
mean_and_kernel,unchanged,3,10,nll,microsomal_clearance,0.0079811932247624,0.0005467336000843,0.0144317292043752
mean_and_kernel,unchanged,3,10,nll,permeability,0.0020445416654445,-0.0204405185499308,0.022527727554973
mean_and_kernel,unchanged,3,10,nll,protein_binding,0.0033660804565872,-0.0266164660764267,0.0437454490526164
mean_and_kernel,unchanged,3,10,nll,macro,0.0001342669897182,-0.008823680228197,0.0088590010636144
mean_and_kernel,kernel_only,3,1,r2,cellular_clearance,-0.0021671816480091,-0.0166192998761042,0.0143485568593575
mean_and_kernel,kernel_only,3,1,r2,efflux,-0.0073484043771755,-0.0135481671776511,-0.0013294355418876
mean_and_kernel,kernel_only,3,1,r2,in_vivo_clearance,-0.0049746367591492,-0.009858067565151,-0.0004973582341569
mean_and_kernel,kernel_only,3,1,r2,microsomal_clearance,-0.0049536236284388,-0.0096484868559535,-0.0002152114559117
mean_and_kernel,kernel_only,3,1,r2,permeability,-0.0154567668632295,-0.0254860612266479,-0.0065200389976787
mean_and_kernel,kernel_only,3,1,r2,protein_binding,-0.0083677358290484,-0.0160483146325097,0.0021665674307322
mean_and_kernel,kernel_only,3,1,r2,macro,-0.0072113915175084,-0.0111027124621619,-0.0019001269245131
mean_and_kernel,kernel_only,3,1,rho,cellular_clearance,-0.0073761223001629,-0.018337375810457,0.0018858375279527
mean_and_kernel,kernel_only,3,1,rho,efflux,-0.0052008554484644,-0.0129203142593089,0.0027131343777649
mean_and_kernel,kernel_only,3,1,rho,in_vivo_clearance,0.0021075026632396,-0.0043711254459881,0.0085215616064577
mean_and_kernel,kernel_only,3,1,rho,microsomal_clearance,-0.0026526954204993,-0.0092849156389581,0.0031248682490852
mean_and_kernel,kernel_only,3,1,rho,permeability,-0.0220700924442085,-0.0359797794844256,-0.0088753705621959
mean_and_kernel,kernel_only,3,1,rho,protein_binding,-0.0018322073876734,-0.0114477556370948,0.0063139017871641
mean_and_kernel,kernel_only,3,1,rho,macro,-0.0061707450562948,-0.010221751737646,-0.0027875055008268
mean_and_kernel,kernel_only,3,1,nll,cellular_clearance,-0.0011530088051037,-0.0073167639394853,0.0086443817567378
mean_and_kernel,kernel_only,3,1,nll,efflux,-0.0046479556303566,-0.0095973029538739,0.0006921683127387
mean_and_kernel,kernel_only,3,1,nll,in_vivo_clearance,-0.0037401455959945,-0.0054383305075455,-0.0017458922080313
mean_and_kernel,kernel_only,3,1,nll,microsomal_clearance,-0.0015393410581714,-0.0050854138004729,0.0017145638448031
mean_and_kernel,kernel_only,3,1,nll,permeability,-0.0124036203288142,-0.0193323209725711,-0.0060580875621509
mean_and_kernel,kernel_only,3,1,nll,protein_binding,-0.0055833862620983,-0.0129538353833271,0.0069732458385194
mean_and_kernel,kernel_only,3,1,nll,macro,-0.0048445762800898,-0.0076610123677841,-0.0008642712897313
mean_and_kernel,kernel_only,3,2,r2,cellular_clearance,0.0040922890844031,-0.0022326670573227,0.0122724030792708
mean_and_kernel,kernel_only,3,2,r2,efflux,0.0001210250161189,-0.0043441948640854,0.0050998943669439
mean_and_kernel,kernel_only,3,2,r2,in_vivo_clearance,-0.000360776385375,-0.0023423593699195,0.0019944163144941
mean_and_kernel,kernel_only,3,2,r2,microsomal_clearance,0.0006334696573107,-0.0027653983744663,0.0037390158174505
mean_and_kernel,kernel_only,3,2,r2,permeability,0.0009668313829876,-0.0052176012326602,0.0069388252921332
mean_and_kernel,kernel_only,3,2,r2,protein_binding,0.0011604533793505,-0.0020552356920154,0.0052977445760129
mean_and_kernel,kernel_only,3,2,r2,macro,0.0011022153557993,-0.0006307791548527,0.003397700887195
mean_and_kernel,kernel_only,3,2,rho,cellular_clearance,-0.0031830837134232,-0.0140370673679291,0.0106550917258473
mean_and_kernel,kernel_only,3,2,rho,efflux,-0.0045833695712581,-0.0138219590002345,0.0041948431937177
mean_and_kernel,kernel_only,3,2,rho,in_vivo_clearance,0.0011862215451798,-0.0106592282332551,0.0123003295900895
mean_and_kernel,kernel_only,3,2,rho,microsomal_clearance,0.0052610195566523,-0.0016225373437137,0.0113300590492256
mean_and_kernel,kernel_only,3,2,rho,permeability,-0.0114316617347915,-0.0248186405247756,0.000938396324422
mean_and_kernel,kernel_only,3,2,rho,protein_binding,-0.0028201653966106,-0.0145458763427395,0.0041445809891003
mean_and_kernel,kernel_only,3,2,rho,macro,-0.0025951732190418,-0.0069001630010807,0.0011530952374235
mean_and_kernel,kernel_only,3,2,nll,cellular_clearance,-0.0004912355270304,-0.0061093826959038,0.0076105957451482
mean_and_kernel,kernel_only,3,2,nll,efflux,-0.0053022158141702,-0.0105164292583484,0.0006634048141066
mean_and_kernel,kernel_only,3,2,nll,in_vivo_clearance,-0.0014571288773454,-0.0029942855556131,0.0004015887998692
mean_and_kernel,kernel_only,3,2,nll,microsomal_clearance,0.00024197964054,-0.0039205759705006,0.0037657415641044
mean_and_kernel,kernel_only,3,2,nll,permeability,-0.003801952756763,-0.0118015509769699,0.0035180941181374
mean_and_kernel,kernel_only,3,2,nll,protein_binding,-0.002187522943511,-0.0086013610785454,0.0026403656414097
mean_and_kernel,kernel_only,3,2,nll,macro,-0.00216634604638,-0.0041939985450691,0.0002694355933964
mean_and_kernel,kernel_only,3,3,r2,cellular_clearance,-0.0017714612250184,-0.0091519043990315,0.004491808527474
mean_and_kernel,kernel_only,3,3,r2,efflux,-0.0008320462662895,-0.0050981937591391,0.002853026647469
mean_and_kernel,kernel_only,3,3,r2,in_vivo_clearance,-0.0007701589493424,-0.0022275892055993,0.000777846288075
mean_and_kernel,kernel_only,3,3,r2,microsomal_clearance,0.0027981491944385,0.0004819854984455,0.0052873901609967
mean_and_kernel,kernel_only,3,3,r2,permeability,-0.0034288161251769,-0.008987123166604,0.0016361830212145
mean_and_kernel,kernel_only,3,3,r2,protein_binding,0.0022158789791798,-0.0018602402273785,0.0066639395556775
mean_and_kernel,kernel_only,3,3,r2,macro,-0.0002980757320348,-0.002224416708015,0.0015048416149883
mean_and_kernel,kernel_only,3,3,rho,cellular_clearance,0.0001801740473832,-0.0120968234450362,0.0121503841176461
mean_and_kernel,kernel_only,3,3,rho,efflux,-0.0100437724219856,-0.0195754595493868,-0.0009278603966492
mean_and_kernel,kernel_only,3,3,rho,in_vivo_clearance,-0.0103264378649847,-0.0253130795616388,0.0019063694203243
mean_and_kernel,kernel_only,3,3,rho,microsomal_clearance,0.0049596468314997,-0.0013447519239028,0.0115359919985681
mean_and_kernel,kernel_only,3,3,rho,permeability,0.0013471081923279,-0.0117891661010266,0.0146711121579853
mean_and_kernel,kernel_only,3,3,rho,protein_binding,-0.0001014729151115,-0.0107327993484273,0.008164028291712
mean_and_kernel,kernel_only,3,3,rho,macro,-0.0023307923551451,-0.0069461648632315,0.0017339023865256
mean_and_kernel,kernel_only,3,3,nll,cellular_clearance,-0.007674489618845,-0.0203561281311883,0.0019330718994522
mean_and_kernel,kernel_only,3,3,nll,efflux,-0.0086902358517314,-0.0162559551477784,-0.0013173873156437
mean_and_kernel,kernel_only,3,3,nll,in_vivo_clearance,-0.0025915555278062,-0.005936278978495,-0.0001431577992974
mean_and_kernel,kernel_only,3,3,nll,microsomal_clearance,0.0039616498135123,-7.420077363089773e-05,0.0088111377406838
mean_and_kernel,kernel_only,3,3,nll,permeability,-0.0075926648030281,-0.0165192369358377,0.0009789201539664
mean_and_kernel,kernel_only,3,3,nll,protein_binding,0.0024859778608874,-0.0046528618429624,0.0088125263908213
mean_and_kernel,kernel_only,3,3,nll,macro,-0.0033502196878351,-0.0064186152006364,-0.0003540436978598
mean_and_kernel,kernel_only,3,5,r2,cellular_clearance,-0.0032442987070804,-0.0112509101650716,0.0030944426308955
mean_and_kernel,kernel_only,3,5,r2,efflux,-0.0008165233146753,-0.0040258220659808,0.0020003709517967
mean_and_kernel,kernel_only,3,5,r2,in_vivo_clearance,-0.0015727557075805,-0.0039052311037442,0.0004275364577903
mean_and_kernel,kernel_only,3,5,r2,microsomal_clearance,0.0033256198692838,0.0016166540337376,0.0052315651425772
mean_and_kernel,kernel_only,3,5,r2,permeability,-0.0044833715381214,-0.0092639360258364,1.1256679819774808e-05
mean_and_kernel,kernel_only,3,5,r2,protein_binding,0.0024730230005736,-0.0017083632881774,0.0060986477924549
mean_and_kernel,kernel_only,3,5,r2,macro,-0.0007197177329333,-0.0027397365580325,0.0009735340298845
mean_and_kernel,kernel_only,3,5,rho,cellular_clearance,0.0059769805171069,-0.0067834057288741,0.017730590406461
mean_and_kernel,kernel_only,3,5,rho,efflux,0.0036762749530571,-0.0052237877726728,0.0128289159095292
mean_and_kernel,kernel_only,3,5,rho,in_vivo_clearance,-0.0014978952794557,-0.0145389347974452,0.0109098010738538
mean_and_kernel,kernel_only,3,5,rho,microsomal_clearance,0.0046527439226638,-0.0006773515501894,0.0102750314733728
mean_and_kernel,kernel_only,3,5,rho,permeability,-0.0013983000914255,-0.0127252241794385,0.0096177157399296
mean_and_kernel,kernel_only,3,5,rho,protein_binding,-0.004734924056572,-0.0203326169003387,0.0053243670464831
mean_and_kernel,kernel_only,3,5,rho,macro,0.0011124799942291,-0.004049469547269,0.0054044276714277
mean_and_kernel,kernel_only,3,5,nll,cellular_clearance,-0.0095467449904547,-0.0276517621633625,0.0020688502373725
mean_and_kernel,kernel_only,3,5,nll,efflux,-0.0090460987098904,-0.0163743356247838,-0.0017486359451909
mean_and_kernel,kernel_only,3,5,nll,in_vivo_clearance,-0.0025493803120433,-0.006888601116171,0.000850366030345
mean_and_kernel,kernel_only,3,5,nll,microsomal_clearance,0.0039567784137746,0.0004785847153914,0.0079433461116311
mean_and_kernel,kernel_only,3,5,nll,permeability,-0.009596671428088,-0.0177911439685745,-0.001783888930301
mean_and_kernel,kernel_only,3,5,nll,protein_binding,0.0019366157321165,-0.0044156756615892,0.0070973221518527
mean_and_kernel,kernel_only,3,5,nll,macro,-0.0041409168824308,-0.0078469349115188,-0.0012159057125175
mean_and_kernel,kernel_only,3,10,r2,cellular_clearance,0.0004881152816933,-0.0049738096672266,0.0045504497991366
mean_and_kernel,kernel_only,3,10,r2,efflux,-0.0018381253798846,-0.0060703762416994,0.0014974484837186
mean_and_kernel,kernel_only,3,10,r2,in_vivo_clearance,0.0013307978849063,-0.0005991168445698,0.0033840507006292
mean_and_kernel,kernel_only,3,10,r2,microsomal_clearance,0.0016324080859441,0.0002924730643169,0.0031115333929328
mean_and_kernel,kernel_only,3,10,r2,permeability,-0.0028138102426799,-0.0100774363249933,0.0029361542854055
mean_and_kernel,kernel_only,3,10,r2,protein_binding,0.0012563519616597,-0.0027424164602177,0.0036360067405731
mean_and_kernel,kernel_only,3,10,r2,macro,9.289598606492717e-06,-0.0018936764196309,0.0015314781415653
mean_and_kernel,kernel_only,3,10,rho,cellular_clearance,0.0010587393024946,-0.0124430957207747,0.012593096970327
mean_and_kernel,kernel_only,3,10,rho,efflux,0.0029801663149286,-0.0093728388275004,0.014449011157297
mean_and_kernel,kernel_only,3,10,rho,in_vivo_clearance,0.0050259786471724,-0.0106340861152857,0.0160006503425538
mean_and_kernel,kernel_only,3,10,rho,microsomal_clearance,0.0039239947238578,-0.0023689376234871,0.0104885709600797
mean_and_kernel,kernel_only,3,10,rho,permeability,-0.0021244891298313,-0.0155333307339252,0.0130436599907907
mean_and_kernel,kernel_only,3,10,rho,protein_binding,0.00697769949382,-0.0104676634695283,0.0293570622290206
mean_and_kernel,kernel_only,3,10,rho,macro,0.0029736815587403,-0.0034132057848766,0.0085730326425963
mean_and_kernel,kernel_only,3,10,nll,cellular_clearance,-0.0022801589117928,-0.0151686688440789,0.0111641135069486
mean_and_kernel,kernel_only,3,10,nll,efflux,-0.0084335764563214,-0.015440166731618,-0.0024200189961373
mean_and_kernel,kernel_only,3,10,nll,in_vivo_clearance,0.0008845457512665,-0.0011378299504307,0.0027138943166862
mean_and_kernel,kernel_only,3,10,nll,microsomal_clearance,-0.0004590170510911,-0.0055372370698758,0.0047100138237386
mean_and_kernel,kernel_only,3,10,nll,permeability,-0.0022363070697137,-0.0134720541239301,0.007467014012005
mean_and_kernel,kernel_only,3,10,nll,protein_binding,-0.0007908796887745,-0.0099850172746528,0.0080673978012699
mean_and_kernel,kernel_only,3,10,nll,macro,-0.0022192322377378,-0.0058972497728734,0.0012656950745644
weighted_selected,mean_and_kernel,3,1,r2,cellular_clearance,0.0130934584204811,6.0477915135120695e-05,0.0411729217600527
weighted_selected,mean_and_kernel,3,1,r2,efflux,0.0081207618352333,0.0017482709117083,0.0145376753510275
weighted_selected,mean_and_kernel,3,1,r2,in_vivo_clearance,-0.0093685404626095,-0.0195876767638683,-0.0016290396561205
weighted_selected,mean_and_kernel,3,1,r2,microsomal_clearance,0.0053925015164942,0.0013763981885846,0.0094576158559216
weighted_selected,mean_and_kernel,3,1,r2,permeability,0.0012752771067059,-0.0031513669643086,0.0055252573098204
weighted_selected,mean_and_kernel,3,1,r2,protein_binding,0.0063401338364835,0.0012875032958099,0.0100425186832944
weighted_selected,mean_and_kernel,3,1,r2,macro,0.0041422653754647,0.0004004070022518,0.0084497935480295
weighted_selected,mean_and_kernel,3,1,rho,cellular_clearance,0.0094667048931917,-0.006165478156156,0.0293949108301346
weighted_selected,mean_and_kernel,3,1,rho,efflux,0.0446857003789717,0.013018544753376,0.0817070865248609
weighted_selected,mean_and_kernel,3,1,rho,in_vivo_clearance,0.0124846304420242,-0.0282321623536597,0.0580699817914007
weighted_selected,mean_and_kernel,3,1,rho,microsomal_clearance,0.0037800194620203,-0.0008747197003488,0.0088876398013943
weighted_selected,mean_and_kernel,3,1,rho,permeability,0.0029633342215446,-0.0039864723925708,0.0096826922884251
weighted_selected,mean_and_kernel,3,1,rho,protein_binding,0.0001528152385673,-0.0120427150342397,0.0072899188906387
weighted_selected,mean_and_kernel,3,1,rho,macro,0.0122555341060533,0.0029321142256895,0.0224355498826452
weighted_selected,mean_and_kernel,3,1,nll,cellular_clearance,0.0091271556970068,0.0025429218413715,0.0197678907628406
weighted_selected,mean_and_kernel,3,1,nll,efflux,0.003316787728255,-0.0016618549509042,0.0076334881953918
weighted_selected,mean_and_kernel,3,1,nll,in_vivo_clearance,0.0080626327603681,-0.0022882259434704,0.0242459326132858
weighted_selected,mean_and_kernel,3,1,nll,microsomal_clearance,0.0015039796283533,-0.0009212273388226,0.0039113662104369
weighted_selected,mean_and_kernel,3,1,nll,permeability,0.0030934674341441,0.0003545917054289,0.0056434969900142
weighted_selected,mean_and_kernel,3,1,nll,protein_binding,0.0007436103094973,-0.0029925621118571,0.0073823077098601
weighted_selected,mean_and_kernel,3,1,nll,macro,0.0043079389262708,0.0018887719096778,0.007915053143668
weighted_selected,mean_and_kernel,3,2,r2,cellular_clearance,-0.0089855600615635,-0.0340001291374661,0.0031653927879237
weighted_selected,mean_and_kernel,3,2,r2,efflux,-0.0018681590677032,-0.0167002695244394,0.0103098614814378
weighted_selected,mean_and_kernel,3,2,r2,in_vivo_clearance,-0.008084157724863,-0.0160558471776527,-0.0005292823946983
weighted_selected,mean_and_kernel,3,2,r2,microsomal_clearance,-0.0019343703325342,-0.0050367090630836,0.0009920587589665
weighted_selected,mean_and_kernel,3,2,r2,permeability,-0.0117026393717872,-0.023407988194652,-0.0004315565797366
weighted_selected,mean_and_kernel,3,2,r2,protein_binding,-0.0246812905852553,-0.0414641124800406,-0.0011762412531389
weighted_selected,mean_and_kernel,3,2,r2,macro,-0.0095426961906177,-0.014178009546145,-0.0042106857663877
weighted_selected,mean_and_kernel,3,2,rho,cellular_clearance,0.0045932116009785,-0.0116153324153099,0.0223906615299492
weighted_selected,mean_and_kernel,3,2,rho,efflux,0.014894572393131,-0.0024860876653036,0.034971418898755
weighted_selected,mean_and_kernel,3,2,rho,in_vivo_clearance,0.0093981481698142,-0.01043609832991,0.0303494671291919
weighted_selected,mean_and_kernel,3,2,rho,microsomal_clearance,-0.0047524113001999,-0.0094540121097406,-0.0003812360389607
weighted_selected,mean_and_kernel,3,2,rho,permeability,-0.0027491072902274,-0.0116717372842533,0.0059930263057514
weighted_selected,mean_and_kernel,3,2,rho,protein_binding,-0.0128004266154086,-0.0230617959755893,-0.0036208863873824
weighted_selected,mean_and_kernel,3,2,rho,macro,0.0014306644930146,-0.004047740819201,0.0076385273249672
weighted_selected,mean_and_kernel,3,2,nll,cellular_clearance,-0.008802255599626,-0.0231925145373402,0.0034154126451854
weighted_selected,mean_and_kernel,3,2,nll,efflux,0.0073000726767102,-0.0018806192217771,0.0164038599737824
weighted_selected,mean_and_kernel,3,2,nll,in_vivo_clearance,-0.0024247221895186,-0.0095647224659075,0.0064305249767492
weighted_selected,mean_and_kernel,3,2,nll,microsomal_clearance,-0.0007551567243132,-0.003969150289661,0.0022737068790338
weighted_selected,mean_and_kernel,3,2,nll,permeability,-0.0059289665900799,-0.0155910911324066,0.003220067685173
weighted_selected,mean_and_kernel,3,2,nll,protein_binding,-0.0164077740084137,-0.0282823335706663,0.0028880412055766
weighted_selected,mean_and_kernel,3,2,nll,macro,-0.0045031337392068,-0.0084489101316521,0.0012821275007531
weighted_selected,mean_and_kernel,3,3,r2,cellular_clearance,-0.0111766399526448,-0.0281928618570458,0.0013001931879001
weighted_selected,mean_and_kernel,3,3,r2,efflux,-0.0040083742985015,-0.0149983748802998,0.0073007450183146
weighted_selected,mean_and_kernel,3,3,r2,in_vivo_clearance,-0.0053390635244321,-0.0113853437039044,8.208044483274456e-05
weighted_selected,mean_and_kernel,3,3,r2,microsomal_clearance,-0.0026492997014945,-0.0052528994720991,-0.0001709217690395
weighted_selected,mean_and_kernel,3,3,r2,permeability,-0.0026948802474208,-0.0104315037789898,0.0043240718040164
weighted_selected,mean_and_kernel,3,3,r2,protein_binding,-0.0295156266197631,-0.045702819869084,-0.0117874323810049
weighted_selected,mean_and_kernel,3,3,r2,macro,-0.0092306473907095,-0.0138488001345853,-0.0040478230010207
weighted_selected,mean_and_kernel,3,3,rho,cellular_clearance,0.0012652592780235,-0.0136678521747865,0.0167837286780563
weighted_selected,mean_and_kernel,3,3,rho,efflux,0.0300675971092556,0.0142714644866261,0.0471032667636102
weighted_selected,mean_and_kernel,3,3,rho,in_vivo_clearance,0.0076252330449365,-0.0098714226797001,0.0255508643337484
weighted_selected,mean_and_kernel,3,3,rho,microsomal_clearance,-0.0031607905688786,-0.0075421258447789,0.0012192452842624
weighted_selected,mean_and_kernel,3,3,rho,permeability,-0.0087347206932802,-0.0178739544414327,0.0001141071299382
weighted_selected,mean_and_kernel,3,3,rho,protein_binding,-0.0120875941292313,-0.0211985393771542,-0.0015237032260418
weighted_selected,mean_and_kernel,3,3,rho,macro,0.0024958306734709,-0.0025877102707145,0.0081240394501911
weighted_selected,mean_and_kernel,3,3,nll,cellular_clearance,-0.0073625959846857,-0.0182157699316092,0.0034882563596999
weighted_selected,mean_and_kernel,3,3,nll,efflux,0.0055345354412467,-0.0067230175695262,0.0183343724156738
weighted_selected,mean_and_kernel,3,3,nll,in_vivo_clearance,-0.0057358563632564,-0.0182191693151127,0.00523861938005
weighted_selected,mean_and_kernel,3,3,nll,microsomal_clearance,-0.0053833503439022,-0.0087155062368572,-0.0023742859648895
weighted_selected,mean_and_kernel,3,3,nll,permeability,-0.0007182321436539,-0.0082564176359247,0.0068975212214338
weighted_selected,mean_and_kernel,3,3,nll,protein_binding,-0.0205554549850333,-0.0327724626749245,-0.0079453095640371
weighted_selected,mean_and_kernel,3,3,nll,macro,-0.0057034923965474,-0.0098348619879239,-0.0009515795450229
weighted_selected,mean_and_kernel,3,5,r2,cellular_clearance,-0.0019781418224035,-0.0146312113901509,0.0105116029247951
weighted_selected,mean_and_kernel,3,5,r2,efflux,0.0022317643784312,-0.0056048207430475,0.0099568445975305
weighted_selected,mean_and_kernel,3,5,r2,in_vivo_clearance,-0.0022948089710797,-0.0083456417864523,0.0025162930831341
weighted_selected,mean_and_kernel,3,5,r2,microsomal_clearance,-0.0017225259687084,-0.0040214906775552,0.0005553386927142
weighted_selected,mean_and_kernel,3,5,r2,permeability,-0.0030983805986569,-0.0084190678903845,0.0020670577859046
weighted_selected,mean_and_kernel,3,5,r2,protein_binding,-0.0258766937561732,-0.0471601297672636,-0.0110254427298917
weighted_selected,mean_and_kernel,3,5,r2,macro,-0.0054564644564318,-0.0100036398234519,-0.001408910129151
weighted_selected,mean_and_kernel,3,5,rho,cellular_clearance,-0.0106266325466521,-0.0289435104574154,0.0073453024463232
weighted_selected,mean_and_kernel,3,5,rho,efflux,0.0163867095361748,0.0035698628502616,0.0310924862077324
weighted_selected,mean_and_kernel,3,5,rho,in_vivo_clearance,-0.0011685861895481,-0.0172396691193488,0.017526261444548
weighted_selected,mean_and_kernel,3,5,rho,microsomal_clearance,0.0002787516529181,-0.0043824994387018,0.0047676813438061
weighted_selected,mean_and_kernel,3,5,rho,permeability,-0.0092757030547493,-0.0177704497677921,-0.001021581514006
weighted_selected,mean_and_kernel,3,5,rho,protein_binding,-0.0090783446353707,-0.021654161140636,0.0002270603512724
weighted_selected,mean_and_kernel,3,5,rho,macro,-0.0022473008728712,-0.0075092587496115,0.0036033656855907
weighted_selected,mean_and_kernel,3,5,nll,cellular_clearance,0.0038248685104876,-0.0115586891995902,0.0282069599178075
weighted_selected,mean_and_kernel,3,5,nll,efflux,0.0141682470498481,0.0045806741168701,0.0248825019480684
weighted_selected,mean_and_kernel,3,5,nll,in_vivo_clearance,-0.0005405748965845,-0.0121644513606139,0.0099916457104762
weighted_selected,mean_and_kernel,3,5,nll,microsomal_clearance,-0.0046437694622809,-0.0078682092863278,-0.0016220505706777
weighted_selected,mean_and_kernel,3,5,nll,permeability,-0.0044523755524031,-0.0115974403366257,0.0025052018822125
weighted_selected,mean_and_kernel,3,5,nll,protein_binding,-0.0119919807749657,-0.026452785325853,-0.0026682576782703
weighted_selected,mean_and_kernel,3,5,nll,macro,-0.0006059308543164,-0.0051147336453098,0.0044161252421973
weighted_selected,mean_and_kernel,3,10,r2,cellular_clearance,-0.00732051766002,-0.0159460675622808,1.811525088520187e-05
weighted_selected,mean_and_kernel,3,10,r2,efflux,-0.0050459091209151,-0.0135839063666295,0.0029757319922301
weighted_selected,mean_and_kernel,3,10,r2,in_vivo_clearance,0.0133383742944182,0.0016726977283287,0.0309661516596458
weighted_selected,mean_and_kernel,3,10,r2,microsomal_clearance,-0.0014013407346806,-0.0034293877336312,0.0005796947766811
weighted_selected,mean_and_kernel,3,10,r2,permeability,0.000348796623014,-0.0036616913725574,0.0045687780007903
weighted_selected,mean_and_kernel,3,10,r2,protein_binding,-0.0005691431695813,-0.0069005638460621,0.0034530463881304
weighted_selected,mean_and_kernel,3,10,r2,macro,-0.0001082899612941,-0.0031320105145588,0.0036347293144419
weighted_selected,mean_and_kernel,3,10,rho,cellular_clearance,-0.0165053910052043,-0.0352651096619638,0.0005470838509578
weighted_selected,mean_and_kernel,3,10,rho,efflux,0.003515499740563,-0.0130607410177174,0.0191056928792488
weighted_selected,mean_and_kernel,3,10,rho,in_vivo_clearance,0.005512988679111,-0.0149894471252337,0.032451966004058
weighted_selected,mean_and_kernel,3,10,rho,microsomal_clearance,-0.0016518628560791,-0.0071475894633697,0.0035144885999868
weighted_selected,mean_and_kernel,3,10,rho,permeability,-0.0018284320934779,-0.0130024711268235,0.0098358811964354
weighted_selected,mean_and_kernel,3,10,rho,protein_binding,-0.007017289214965,-0.0185425958687361,0.0104023218860445
weighted_selected,mean_and_kernel,3,10,rho,macro,-0.0029957477916754,-0.0090378613640142,0.0047126233458772
weighted_selected,mean_and_kernel,3,10,nll,cellular_clearance,-0.0116256255769266,-0.0267558463982097,8.339307302265676e-05
weighted_selected,mean_and_kernel,3,10,nll,efflux,-0.0018295783311127,-0.0177089919327498,0.0160821903762918
weighted_selected,mean_and_kernel,3,10,nll,in_vivo_clearance,0.0220425468196875,0.0038380693095423,0.0488729252057112
weighted_selected,mean_and_kernel,3,10,nll,microsomal_clearance,-0.0018463311976571,-0.0055120152697709,0.0016059055581615
weighted_selected,mean_and_kernel,3,10,nll,permeability,-0.0078156826704818,-0.0163511111044683,-0.0002300480773195
weighted_selected,mean_and_kernel,3,10,nll,protein_binding,-0.0027542434952778,-0.0146349484068415,0.0081761296307656
weighted_selected,mean_and_kernel,3,10,nll,macro,-0.0006381524086281,-0.0056018710763002,0.0056501417915796
mean_and_kernel,gp,3,1,r2,cellular_clearance,-0.0529813055547149,-0.1131401020318036,-0.0192472724405063
mean_and_kernel,gp,3,1,r2,efflux,0.0154679175673709,-0.03110479521312,0.066236928298982
mean_and_kernel,gp,3,1,r2,in_vivo_clearance,-0.0097705258098255,-0.0225135636910411,0.0058799160041131
mean_and_kernel,gp,3,1,r2,microsomal_clearance,-0.0648568194038433,-0.0801337912015981,-0.0484093759330659
mean_and_kernel,gp,3,1,r2,permeability,0.0032973895491771,-0.0267134137566264,0.0360075207911283
mean_and_kernel,gp,3,1,r2,protein_binding,-0.0175627922475473,-0.05028000315983,0.0304397538593439
mean_and_kernel,gp,3,1,r2,macro,-0.0210676893165638,-0.0333206299512726,-0.0072241083499542
mean_and_kernel,gp,3,1,rho,cellular_clearance,0.1059443195545053,0.0429429185712954,0.1553263734712849
mean_and_kernel,gp,3,1,rho,efflux,0.0641194397553488,0.0053937180395463,0.1281088567094258
mean_and_kernel,gp,3,1,rho,in_vivo_clearance,0.1104453609258849,0.0389980230705209,0.1957127198764113
mean_and_kernel,gp,3,1,rho,microsomal_clearance,0.0209263052714365,0.0026055198838656,0.0385978466576229
mean_and_kernel,gp,3,1,rho,permeability,0.0989659922643699,0.0521302260349661,0.1509648284675318
mean_and_kernel,gp,3,1,rho,protein_binding,0.0164021128633547,-0.0134043760487363,0.0676384104408824
mean_and_kernel,gp,3,1,rho,macro,0.0694672551058167,0.0491170726737684,0.0936549544397238
mean_and_kernel,gp,3,1,nll,cellular_clearance,0.1699656198699551,0.0031301837663476,0.3028985982325364
mean_and_kernel,gp,3,1,nll,efflux,0.0395077696981604,0.0098269590819639,0.0749101072316139
mean_and_kernel,gp,3,1,nll,in_vivo_clearance,-0.0157487483800181,-0.0392797835809607,0.0082665787217995
mean_and_kernel,gp,3,1,nll,microsomal_clearance,-0.0217879519701102,-0.0363376743759432,-0.0055938613547045
mean_and_kernel,gp,3,1,nll,permeability,0.0599049359524541,0.0332704034097952,0.0927056232164372
mean_and_kernel,gp,3,1,nll,protein_binding,0.2435680138106937,0.1530553762111332,0.423296568630467
mean_and_kernel,gp,3,1,nll,macro,0.0792349398301891,0.0531456489238741,0.1146360467971094
mean_and_kernel,gp,3,2,r2,cellular_clearance,0.0068310630180133,-0.0174986692860211,0.0191119438547923
mean_and_kernel,gp,3,2,r2,efflux,0.0127066425961017,-0.0182489647107197,0.0455879931754572
mean_and_kernel,gp,3,2,r2,in_vivo_clearance,-0.0094112676072318,-0.0226671538217504,0.0071489675592997
mean_and_kernel,gp,3,2,r2,microsomal_clearance,-0.0165148584377706,-0.0258496280677339,-0.0063741729466683
mean_and_kernel,gp,3,2,r2,permeability,0.0206598611533366,0.0001012563037375,0.0407800032930846
mean_and_kernel,gp,3,2,r2,protein_binding,0.0381915726829908,0.0058028664113096,0.0925795703523594
mean_and_kernel,gp,3,2,r2,macro,0.0087438355675733,-0.0011450191136513,0.0220300940571633
mean_and_kernel,gp,3,2,rho,cellular_clearance,0.0753292081807477,0.0340410504509541,0.1175151477820683
mean_and_kernel,gp,3,2,rho,efflux,0.036255883444664,-0.0085989866273923,0.0862310374686629
mean_and_kernel,gp,3,2,rho,in_vivo_clearance,-0.0039671057015363,-0.0539757595505648,0.0377195800320977
mean_and_kernel,gp,3,2,rho,microsomal_clearance,0.0140879946792176,-0.001632469846264,0.028366530319074
mean_and_kernel,gp,3,2,rho,permeability,0.0649276474627224,0.0296472191794385,0.101125589305626
mean_and_kernel,gp,3,2,rho,protein_binding,0.0234900679432608,-0.0039848333507409,0.0668553366676061
mean_and_kernel,gp,3,2,rho,macro,0.0350206160015127,0.0196035166848643,0.0513582762491395
mean_and_kernel,gp,3,2,nll,cellular_clearance,0.168745825903997,0.0026946698622534,0.2880230176863926
mean_and_kernel,gp,3,2,nll,efflux,0.018316701483284,-0.0228789600109412,0.0640429485167114
mean_and_kernel,gp,3,2,nll,in_vivo_clearance,-0.0147088279914209,-0.0450597104565174,0.0253258723434333
mean_and_kernel,gp,3,2,nll,microsomal_clearance,-0.013046151353383,-0.0312822673054803,0.0068768052330066
mean_and_kernel,gp,3,2,nll,permeability,0.0606542008683543,0.027520154727316,0.0973703444359405
mean_and_kernel,gp,3,2,nll,protein_binding,0.3330614120230736,0.1965864705523528,0.6155938528410408
mean_and_kernel,gp,3,2,nll,macro,0.0921705268223175,0.0613609877250446,0.1348087243837387
mean_and_kernel,gp,3,3,r2,cellular_clearance,-0.0045344988532512,-0.0226172668874683,0.0154122118788993
mean_and_kernel,gp,3,3,r2,efflux,0.0125358639162426,-0.0137037479668118,0.0409354930563613
mean_and_kernel,gp,3,3,r2,in_vivo_clearance,0.0061139991467495,-0.012416735874656,0.0237413716812367
mean_and_kernel,gp,3,3,r2,microsomal_clearance,-0.0086742823942552,-0.0148237486074322,-0.0022598090053145
mean_and_kernel,gp,3,3,r2,permeability,0.0247160848914864,0.003136248985165,0.0486150760202392
mean_and_kernel,gp,3,3,r2,protein_binding,0.0348027143466851,0.0076957219012061,0.0745844837865922
mean_and_kernel,gp,3,3,r2,macro,0.0108266468422762,0.002473033737493,0.0209959566807581
mean_and_kernel,gp,3,3,rho,cellular_clearance,0.0356203871231314,-0.0055471785868779,0.0873892270061349
mean_and_kernel,gp,3,3,rho,efflux,0.0511835295339064,0.0074520943879074,0.0998989586475913
mean_and_kernel,gp,3,3,rho,in_vivo_clearance,0.0297312001261676,-0.0259744012816775,0.0865345572544054
mean_and_kernel,gp,3,3,rho,microsomal_clearance,0.0039968267092058,-0.0115723806148008,0.0180348449495699
mean_and_kernel,gp,3,3,rho,permeability,0.0887243683975432,0.0513134442030411,0.1270129805070358
mean_and_kernel,gp,3,3,rho,protein_binding,0.0269600518685308,-0.0075948227010128,0.0736256798664781
mean_and_kernel,gp,3,3,rho,macro,0.0393693939597475,0.0227461104275436,0.0588387223316142
mean_and_kernel,gp,3,3,nll,cellular_clearance,0.0031196575969329,-0.0357963028952033,0.0388100776315786
mean_and_kernel,gp,3,3,nll,efflux,0.0081650997695797,-0.0333350488241591,0.0476661978004842
mean_and_kernel,gp,3,3,nll,in_vivo_clearance,0.052651214217099,-0.0152529664679398,0.145663621240385
mean_and_kernel,gp,3,3,nll,microsomal_clearance,-0.0090048092973936,-0.0298365680594906,0.0165724959512074
mean_and_kernel,gp,3,3,nll,permeability,0.0594645278568993,0.0208906632024442,0.0999704804070389
mean_and_kernel,gp,3,3,nll,protein_binding,0.221738418027051,0.126918867648626,0.3509935416967413
mean_and_kernel,gp,3,3,nll,macro,0.0560223513616947,0.0331343767733755,0.0852483541694692
mean_and_kernel,gp,3,5,r2,cellular_clearance,-0.0059053877935157,-0.0256472326978023,0.0116383938876656
mean_and_kernel,gp,3,5,r2,efflux,0.0125496089546756,-0.0082282819755434,0.0342172227576789
mean_and_kernel,gp,3,5,r2,in_vivo_clearance,-0.0019905375560622,-0.0196775812298276,0.0138165488328409
mean_and_kernel,gp,3,5,r2,microsomal_clearance,-0.0083241052833766,-0.014895452363912,-0.0019402662679197
mean_and_kernel,gp,3,5,r2,permeability,0.012346033167509,-0.0050076314110954,0.0308329040731119
mean_and_kernel,gp,3,5,r2,protein_binding,0.0387472473349465,0.0139561189352684,0.0733005970361371
mean_and_kernel,gp,3,5,r2,macro,0.0079038098040294,0.0007650600825441,0.0156640601975821
mean_and_kernel,gp,3,5,rho,cellular_clearance,0.037778241624098,0.0022826055844397,0.0809282513131173
mean_and_kernel,gp,3,5,rho,efflux,0.0226365369046421,-0.0192355227662826,0.0648253476918138
mean_and_kernel,gp,3,5,rho,in_vivo_clearance,-0.012914657201764,-0.0604016211476912,0.0312763540618506
mean_and_kernel,gp,3,5,rho,microsomal_clearance,0.0019279776011286,-0.0107291794863736,0.0137919117334242
mean_and_kernel,gp,3,5,rho,permeability,0.0528753175372802,0.022395038601926,0.0841971133147371
mean_and_kernel,gp,3,5,rho,protein_binding,0.0204953151066428,-0.0125901733789645,0.0689718448022639
mean_and_kernel,gp,3,5,rho,macro,0.0204664552620046,0.0056928357248459,0.0382054796326338
mean_and_kernel,gp,3,5,nll,cellular_clearance,-0.0031015279214661,-0.0463748234588334,0.0336080449051829
mean_and_kernel,gp,3,5,nll,efflux,0.0100469191718984,-0.0276371470046189,0.0459599628921506
mean_and_kernel,gp,3,5,nll,in_vivo_clearance,0.0479308809752934,-0.0343685318622634,0.1559974864433271
mean_and_kernel,gp,3,5,nll,microsomal_clearance,-0.0123448405736989,-0.0295613691986286,0.008224067894974
mean_and_kernel,gp,3,5,nll,permeability,0.0552308571371476,0.0162110279234982,0.0957357752457991
mean_and_kernel,gp,3,5,nll,protein_binding,0.2602989874255081,0.1345995562534692,0.455589051423409
mean_and_kernel,gp,3,5,nll,macro,0.0596768793691137,0.0312394764606566,0.0993330253418028
mean_and_kernel,gp,3,10,r2,cellular_clearance,0.0058821687439367,-0.0124171146834847,0.022242015926843
mean_and_kernel,gp,3,10,r2,efflux,0.0061592705078507,-0.016401887020305,0.0276484619247218
mean_and_kernel,gp,3,10,r2,in_vivo_clearance,-0.0162684729314517,-0.0349827694241307,0.0017566145676179
mean_and_kernel,gp,3,10,r2,microsomal_clearance,-0.0082008809709544,-0.016573572442869,-6.385670392364769e-05
mean_and_kernel,gp,3,10,r2,permeability,0.0007770159206908,-0.0198299849440981,0.017715839530454
mean_and_kernel,gp,3,10,r2,protein_binding,0.0140037221489076,-0.0087958950468857,0.0646468821073759
mean_and_kernel,gp,3,10,r2,macro,0.0003921372364966,-0.0063905299377984,0.0099242176135261
mean_and_kernel,gp,3,10,rho,cellular_clearance,-0.0109951789621882,-0.0641282619005274,0.0353847006972243
mean_and_kernel,gp,3,10,rho,efflux,-0.0127577327219994,-0.0543832790823591,0.0307836394509496
mean_and_kernel,gp,3,10,rho,in_vivo_clearance,-0.0168830987294329,-0.1131745206595349,0.0579531110661195
mean_and_kernel,gp,3,10,rho,microsomal_clearance,-0.0023408612114577,-0.0167844089842697,0.011281206730646
mean_and_kernel,gp,3,10,rho,permeability,-0.0220158109298787,-0.0568963620771467,0.0147973968260272
mean_and_kernel,gp,3,10,rho,protein_binding,0.0456013689609183,-0.010947741712801,0.1167724617391769
mean_and_kernel,gp,3,10,rho,macro,-0.0032318855990064,-0.0244784349013035,0.0171152095210392
mean_and_kernel,gp,3,10,nll,cellular_clearance,0.0058262267944377,-0.0315867342303619,0.0431255436605912
mean_and_kernel,gp,3,10,nll,efflux,-0.0129913034547381,-0.07914395145289,0.0610045630992856
mean_and_kernel,gp,3,10,nll,in_vivo_clearance,0.0268577757448932,-0.1022756563734638,0.2207478655363245
mean_and_kernel,gp,3,10,nll,microsomal_clearance,-0.0114595812142455,-0.0352247504464927,0.0185366479687107
mean_and_kernel,gp,3,10,nll,permeability,0.0245330275283619,-0.0292386915401267,0.079743200558388
mean_and_kernel,gp,3,10,nll,protein_binding,0.1517961627413943,0.0306100548945217,0.2504431580650048
mean_and_kernel,gp,3,10,nll,macro,0.0307603846900172,-0.0048764715642706,0.0671297712254052
weighted_selected,gp,3,1,r2,cellular_clearance,-0.0398878471342338,-0.0895524184236453,-0.0068345970592892
weighted_selected,gp,3,1,r2,efflux,0.0235886794026043,-0.0198985250835308,0.0709911257177942
weighted_selected,gp,3,1,r2,in_vivo_clearance,-0.0191390662724351,-0.0340223967580647,-0.001828627845447
weighted_selected,gp,3,1,r2,microsomal_clearance,-0.0594643178873491,-0.0743610031209451,-0.0434266975806707
weighted_selected,gp,3,1,r2,permeability,0.0045726666558831,-0.0265738615848655,0.038518985545533
weighted_selected,gp,3,1,r2,protein_binding,-0.0112226584110637,-0.0418679995779598,0.0336822119801907
weighted_selected,gp,3,1,r2,macro,-0.016925423941099,-0.0284947301504151,-0.0029040815262589
weighted_selected,gp,3,1,rho,cellular_clearance,0.115411024447697,0.0524919605668839,0.1665857730409145
weighted_selected,gp,3,1,rho,efflux,0.1088051401343205,0.0517968241656392,0.1731522409811834
weighted_selected,gp,3,1,rho,in_vivo_clearance,0.1229299913679092,0.0503451548953058,0.2113271053375751
weighted_selected,gp,3,1,rho,microsomal_clearance,0.0247063247334569,0.0067724457987619,0.0421033624293181
weighted_selected,gp,3,1,rho,permeability,0.1019293264859146,0.0552686202661581,0.1529506132836328
weighted_selected,gp,3,1,rho,protein_binding,0.0165549281019221,-0.0143090717581427,0.064285488245824
weighted_selected,gp,3,1,rho,macro,0.08172278921187,0.0605087082229386,0.1070298018114007
weighted_selected,gp,3,1,nll,cellular_clearance,0.1790927755669619,0.0164056909969671,0.3114958668280559
weighted_selected,gp,3,1,nll,efflux,0.0428245574264154,0.0143002989415048,0.0760756149271951
weighted_selected,gp,3,1,nll,in_vivo_clearance,-0.0076861156196499,-0.0275203541461158,0.0163430918138581
weighted_selected,gp,3,1,nll,microsomal_clearance,-0.0202839723417569,-0.0343830469422008,-0.0043145153847782
weighted_selected,gp,3,1,nll,permeability,0.0629984033865982,0.0366049928278794,0.095633564615406
weighted_selected,gp,3,1,nll,protein_binding,0.2443116241201911,0.1516448852529776,0.4265969578173845
weighted_selected,gp,3,1,nll,macro,0.0835428787564599,0.0578848508409167,0.1197909514377811
weighted_selected,gp,3,2,r2,cellular_clearance,-0.0021544970435502,-0.0391986115708994,0.0130611765228115
weighted_selected,gp,3,2,r2,efflux,0.0108384835283985,-0.0133121808428046,0.0377518351003364
weighted_selected,gp,3,2,r2,in_vivo_clearance,-0.0174954253320949,-0.0328362012064405,0.001945348871479
weighted_selected,gp,3,2,r2,microsomal_clearance,-0.0184492287703049,-0.0274907868773881,-0.0088278688929266
weighted_selected,gp,3,2,r2,permeability,0.0089572217815494,-0.0109185531793692,0.0313011215329546
weighted_selected,gp,3,2,r2,protein_binding,0.0135102820977355,-0.0196918791392017,0.0716940921638791
weighted_selected,gp,3,2,r2,macro,-0.0007988606230444,-0.0110924523094208,0.0126202266571701
weighted_selected,gp,3,2,rho,cellular_clearance,0.0799224197817262,0.038221413671006,0.1218844324120069
weighted_selected,gp,3,2,rho,efflux,0.051150455837795,0.0099646480455022,0.0981266952208787
weighted_selected,gp,3,2,rho,in_vivo_clearance,0.0054310424682779,-0.0415704185923418,0.0459640984649754
weighted_selected,gp,3,2,rho,microsomal_clearance,0.0093355833790176,-0.0063858068488978,0.0239464718093348
weighted_selected,gp,3,2,rho,permeability,0.0621785401724949,0.0283456131192553,0.0969329157698935
weighted_selected,gp,3,2,rho,protein_binding,0.0106896413278522,-0.0175192863502508,0.0541931135285491
weighted_selected,gp,3,2,rho,macro,0.0364512804945273,0.0218168057188678,0.0528128375314691
weighted_selected,gp,3,2,nll,cellular_clearance,0.159943570304371,-0.0154057822407251,0.284842997280164
weighted_selected,gp,3,2,nll,efflux,0.0256167741599942,-0.0137112145807943,0.0689756137959295
weighted_selected,gp,3,2,nll,in_vivo_clearance,-0.0171335501809395,-0.0497605284224133,0.0277458480154712
weighted_selected,gp,3,2,nll,microsomal_clearance,-0.0138013080776962,-0.0324368931185069,0.0061108821209785
weighted_selected,gp,3,2,nll,permeability,0.0547252342782744,0.021115444728307,0.0947973896448258
weighted_selected,gp,3,2,nll,protein_binding,0.3166536380146599,0.1738403771989563,0.6071030498097975
weighted_selected,gp,3,2,nll,macro,0.0876673930831106,0.0573345900308357,0.1329593985678133
weighted_selected,gp,3,3,r2,cellular_clearance,-0.0157111388058961,-0.0370197614233949,0.0028506261464755
weighted_selected,gp,3,3,r2,efflux,0.0085274896177411,-0.0189855893829654,0.0398408026673754
weighted_selected,gp,3,3,r2,in_vivo_clearance,0.0007749356223173,-0.0193667780747993,0.0200256197972048
weighted_selected,gp,3,3,r2,microsomal_clearance,-0.0113235820957498,-0.0177452845760338,-0.004601842503861
weighted_selected,gp,3,3,r2,permeability,0.0220212046440655,-7.460909982141938e-05,0.0467135905994896
weighted_selected,gp,3,3,r2,protein_binding,0.005287087726922,-0.0264075397460559,0.0465179022033143
weighted_selected,gp,3,3,r2,macro,0.0015959994515666,-0.0077089876522938,0.0130605882582548
weighted_selected,gp,3,3,rho,cellular_clearance,0.036885646401155,-0.0034586730899644,0.0876604719286476
weighted_selected,gp,3,3,rho,efflux,0.0812511266431621,0.0400834960991738,0.1270180259793829
weighted_selected,gp,3,3,rho,in_vivo_clearance,0.0373564331711042,-0.0194803667944964,0.0949437065738719
weighted_selected,gp,3,3,rho,microsomal_clearance,0.0008360361403271,-0.0142967105903506,0.0152739374259397
weighted_selected,gp,3,3,rho,permeability,0.0799896477042629,0.0450947383216374,0.116842432356804
weighted_selected,gp,3,3,rho,protein_binding,0.0148724577392994,-0.0195557064073988,0.0626543793003986
weighted_selected,gp,3,3,rho,macro,0.0418652246332184,0.0256036361491986,0.0616464216652946
weighted_selected,gp,3,3,nll,cellular_clearance,-0.0042429383877528,-0.0383304450588245,0.0288453475245535
weighted_selected,gp,3,3,nll,efflux,0.0136996352108265,-0.0240677441121638,0.0495334217242456
weighted_selected,gp,3,3,nll,in_vivo_clearance,0.0469153578538425,-0.0199470083172635,0.139358464087459
weighted_selected,gp,3,3,nll,microsomal_clearance,-0.0143881596412958,-0.0348779143774544,0.0104671071731537
weighted_selected,gp,3,3,nll,permeability,0.0587462957132454,0.0205571384525047,0.0992581388122083
weighted_selected,gp,3,3,nll,protein_binding,0.2011829630420176,0.1075401199642877,0.3304490015958146
weighted_selected,gp,3,3,nll,macro,0.0503188589651472,0.0279318990518492,0.0798905328280386
weighted_selected,gp,3,5,r2,cellular_clearance,-0.0078835296159193,-0.0250518385367912,0.0068890172846722
weighted_selected,gp,3,5,r2,efflux,0.0147813733331069,-0.0044368971796842,0.0363752540487196
weighted_selected,gp,3,5,r2,in_vivo_clearance,-0.004285346527142,-0.023618498174578,0.0134202411775821
weighted_selected,gp,3,5,r2,microsomal_clearance,-0.0100466312520851,-0.0167728067176177,-0.0034436474582946
weighted_selected,gp,3,5,r2,permeability,0.009247652568852,-0.0084847762563272,0.0282682792247062
weighted_selected,gp,3,5,r2,protein_binding,0.0128705535787732,-0.01241900791524,0.0437951968244419
weighted_selected,gp,3,5,r2,macro,0.0024473453475976,-0.0046264845434583,0.0100431773699731
weighted_selected,gp,3,5,rho,cellular_clearance,0.0271516090774458,-0.0107369207271999,0.0727791453858013
weighted_selected,gp,3,5,rho,efflux,0.039023246440817,-8.528424076958642e-05,0.0809708755523105
weighted_selected,gp,3,5,rho,in_vivo_clearance,-0.0140832433913122,-0.0594378828514153,0.0305411546023513
weighted_selected,gp,3,5,rho,microsomal_clearance,0.0022067292540468,-0.0109901771237228,0.0146474155590502
weighted_selected,gp,3,5,rho,permeability,0.0435996144825309,0.0119160545708624,0.0753506491503031
weighted_selected,gp,3,5,rho,protein_binding,0.0114169704712721,-0.0232130146751243,0.0585574617279742
weighted_selected,gp,3,5,rho,macro,0.0182191543891334,0.0036488400788583,0.0361664958789144
weighted_selected,gp,3,5,nll,cellular_clearance,0.0007233405890215,-0.0304469361641478,0.0306825319154542
weighted_selected,gp,3,5,nll,efflux,0.0242151662217466,-0.0123574510223434,0.0584834952807225
weighted_selected,gp,3,5,nll,in_vivo_clearance,0.0473903060787089,-0.0351417743845101,0.1572853528751233
weighted_selected,gp,3,5,nll,microsomal_clearance,-0.0169886100359799,-0.0337447710043525,0.0033972935101789
weighted_selected,gp,3,5,nll,permeability,0.0507784815847444,0.0116019852492475,0.0918856462074286
weighted_selected,gp,3,5,nll,protein_binding,0.2483070066505424,0.1218462826971237,0.4368108842824373
weighted_selected,gp,3,5,nll,macro,0.0590709485147973,0.0314959046256523,0.0981289037105777
weighted_selected,gp,3,10,r2,cellular_clearance,-0.0014383489160832,-0.0238731504349803,0.0174731554393138
weighted_selected,gp,3,10,r2,efflux,0.0011133613869355,-0.0204135260924288,0.0239178402228609
weighted_selected,gp,3,10,r2,in_vivo_clearance,-0.0029300986370335,-0.0288208660137668,0.0265949078414882
weighted_selected,gp,3,10,r2,microsomal_clearance,-0.009602221705635,-0.0190398041544171,-0.001152031982952
weighted_selected,gp,3,10,r2,permeability,0.0011258125437048,-0.018636906526573,0.0175542626423713
weighted_selected,gp,3,10,r2,protein_binding,0.0134345789793263,-0.009062269138823,0.0622319259596276
weighted_selected,gp,3,10,r2,macro,0.0002838472752024,-0.007381828010593,0.0106832529390268
weighted_selected,gp,3,10,rho,cellular_clearance,-0.0275005699673926,-0.0852515628618272,0.019694417190753
weighted_selected,gp,3,10,rho,efflux,-0.0092422329814364,-0.0517220191568737,0.0342052927877403
weighted_selected,gp,3,10,rho,in_vivo_clearance,-0.0113701100503218,-0.1082243677056226,0.0686919350957959
weighted_selected,gp,3,10,rho,microsomal_clearance,-0.0039927240675368,-0.0176692023908227,0.0085724327411675
weighted_selected,gp,3,10,rho,permeability,-0.0238442430233566,-0.0597061483807167,0.0163893023388716
weighted_selected,gp,3,10,rho,protein_binding,0.0385840797459533,-0.0175462149404901,0.1091643959729551
weighted_selected,gp,3,10,rho,macro,-0.0062276333906818,-0.0265930546405237,0.0158787509872125
weighted_selected,gp,3,10,nll,cellular_clearance,-0.0057993987824888,-0.0473784649916771,0.0328195865929938
weighted_selected,gp,3,10,nll,efflux,-0.0148208817858509,-0.0806605114998121,0.0557703514397466
weighted_selected,gp,3,10,nll,in_vivo_clearance,0.0489003225645807,-0.0791814757786845,0.2453604375762288
weighted_selected,gp,3,10,nll,microsomal_clearance,-0.0133059124119027,-0.0362794052834969,0.0153925418341481
weighted_selected,gp,3,10,nll,permeability,0.0167173448578801,-0.0370384918335455,0.0729888942678994
weighted_selected,gp,3,10,nll,protein_binding,0.1490419192461164,0.0229840565924648,0.2510194397947273
weighted_selected,gp,3,10,nll,macro,0.0301222322813891,-0.0040528011267676,0.0656174434489447
gp,gp_single,3,1,r2,cellular_clearance,0.0418466141678045,0.0200467715390673,0.1002160742455217
gp,gp_single,3,1,r2,efflux,0.0221829282587121,0.009742442342307,0.0366439122785079
gp,gp_single,3,1,r2,in_vivo_clearance,0.0369519857774425,-0.0020286799003673,0.0814264340730571
gp,gp_single,3,1,r2,microsomal_clearance,0.0213237117154143,0.0119787809535545,0.0311868916342165
gp,gp_single,3,1,r2,permeability,0.0182682142439113,0.0054731090637109,0.0305978012393197
gp,gp_single,3,1,r2,protein_binding,0.0129244335505593,0.0011085814184152,0.0295861163623794
gp,gp_single,3,1,r2,macro,0.0255829812856407,0.0183143478624512,0.0331568417105702
gp,gp_single,3,1,rho,cellular_clearance,0.0065572559353416,-0.0329119636978015,0.0571807157327285
gp,gp_single,3,1,rho,efflux,0.0025501329610296,-0.0328996012556201,0.0360570657848097
gp,gp_single,3,1,rho,in_vivo_clearance,0.0165539270982169,-0.0402180291307516,0.0741643500656064
gp,gp_single,3,1,rho,microsomal_clearance,0.011139494985324,0.0012719136877416,0.021903922916459
gp,gp_single,3,1,rho,permeability,0.0237754618132232,-0.0066305557332848,0.0568224398321201
gp,gp_single,3,1,rho,protein_binding,0.009401654920794,-0.0064759322064478,0.0347217641322248
gp,gp_single,3,1,rho,macro,0.0116629879523215,-0.0037474670637686,0.0299355316933589
gp,gp_single,3,1,nll,cellular_clearance,0.0226032893115047,0.0100179936939137,0.043143150824877
gp,gp_single,3,1,nll,efflux,0.0074890393930926,-0.0022759449214988,0.0170155419905176
gp,gp_single,3,1,nll,in_vivo_clearance,0.0165996463323678,-0.0003196053085442,0.0349873991484019
gp,gp_single,3,1,nll,microsomal_clearance,0.0135731042713657,0.0088390544598337,0.0191116543447564
gp,gp_single,3,1,nll,permeability,0.0105775244031922,0.0025400196774381,0.0177837407536544
gp,gp_single,3,1,nll,protein_binding,0.0133911301668977,-0.0033518660044704,0.0261636377703288
gp,gp_single,3,1,nll,macro,0.0140389556464034,0.0085309422347073,0.0181266576969584
gp,gp_single,3,2,r2,cellular_clearance,0.0137073232387248,0.0021220527183258,0.0445738335879005
gp,gp_single,3,2,r2,efflux,0.0107191605171032,0.0032796039013632,0.0189794259570058
gp,gp_single,3,2,r2,in_vivo_clearance,0.0156301471325148,0.0002679281031794,0.0314430452109336
gp,gp_single,3,2,r2,microsomal_clearance,0.0092433127798909,0.002989916274443,0.0153766816969152
gp,gp_single,3,2,r2,permeability,0.0091465321888264,0.000611158138187,0.0172026379567755
gp,gp_single,3,2,r2,protein_binding,0.0020589729139858,-0.0049751400802502,0.0105113356861023
gp,gp_single,3,2,r2,macro,0.010084241461841,0.0063679092004106,0.0143572530972051
gp,gp_single,3,2,rho,cellular_clearance,0.0043102028737298,-0.025682526930159,0.0431324148735118
gp,gp_single,3,2,rho,efflux,0.0133137475009863,-0.0047729100544339,0.0315721807794341
gp,gp_single,3,2,rho,in_vivo_clearance,0.031421949760294,0.0050044691605239,0.0626964680187075
gp,gp_single,3,2,rho,microsomal_clearance,0.0075314218535854,-0.0010114293542952,0.0161851700149499
gp,gp_single,3,2,rho,permeability,0.0196335554619567,0.0003663511822361,0.0399671575333392
gp,gp_single,3,2,rho,protein_binding,-0.0016913603547631,-0.0157059432537454,0.0173508684393223
gp,gp_single,3,2,rho,macro,0.0124199195159648,0.0025973889690284,0.0244866286450505
gp,gp_single,3,2,nll,cellular_clearance,0.0115984411518849,0.0017762348044802,0.0272123218925361
gp,gp_single,3,2,nll,efflux,0.0030805908314057,-0.0086571394085346,0.0125996328677655
gp,gp_single,3,2,nll,in_vivo_clearance,0.0109788136836196,0.0010499869721633,0.0207786768954911
gp,gp_single,3,2,nll,microsomal_clearance,0.00686242793999,0.0030521538747066,0.0111315941824695
gp,gp_single,3,2,nll,permeability,0.007693485912359,0.0005436496181921,0.013902842893515
gp,gp_single,3,2,nll,protein_binding,-0.0004647629933357,-0.0270740331755611,0.0128484034853299
gp,gp_single,3,2,nll,macro,0.0066248327543206,0.0004094080012633,0.0106048005448074
gp,gp_single,3,3,r2,cellular_clearance,0.0127513664726719,-0.0057434447534957,0.0340238248350702
gp,gp_single,3,3,r2,efflux,0.0071153285958928,0.0009432924259701,0.0134580018086251
gp,gp_single,3,3,r2,in_vivo_clearance,0.0076416828416299,-0.0037290745638147,0.019415036151392
gp,gp_single,3,3,r2,microsomal_clearance,0.0063335710301354,0.0002585436226425,0.012339708405342
gp,gp_single,3,3,r2,permeability,0.0082717008406345,0.0028331885385557,0.014119313658194
gp,gp_single,3,3,r2,protein_binding,0.0038866313910054,-0.0116731382399058,0.0187003816982548
gp,gp_single,3,3,r2,macro,0.0076667135286616,0.0021949542901124,0.0125938327460459
gp,gp_single,3,3,rho,cellular_clearance,0.0071385624217253,-0.0209244486797933,0.039300054542733
gp,gp_single,3,3,rho,efflux,-0.0060818476818619,-0.0216378099928296,0.0085461406037333
gp,gp_single,3,3,rho,in_vivo_clearance,0.0106808081675803,-0.023476247748668,0.0453851641666726
gp,gp_single,3,3,rho,microsomal_clearance,0.0100736870973252,0.0011605161467531,0.0198584984645627
gp,gp_single,3,3,rho,permeability,-0.0054057741025316,-0.0190618442336701,0.0080681858108707
gp,gp_single,3,3,rho,protein_binding,0.0043072446405063,-0.0128877879884269,0.0218345779839202
gp,gp_single,3,3,rho,macro,0.0034521134237906,-0.0045138970432625,0.0129568282463783
gp,gp_single,3,3,nll,cellular_clearance,0.0150903595862969,0.0015768472829966,0.0303971721755166
gp,gp_single,3,3,nll,efflux,0.0028466624298992,-0.0083238121495933,0.0117825735379988
gp,gp_single,3,3,nll,in_vivo_clearance,0.0069848509339988,-0.0022860885272342,0.0158166210910247
gp,gp_single,3,3,nll,microsomal_clearance,0.0053857230924034,0.0010308685162163,0.0099149548373316
gp,gp_single,3,3,nll,permeability,0.0084237726557676,0.0027918938693866,0.014101761444946
gp,gp_single,3,3,nll,protein_binding,0.0069576351250769,-0.0173398328835487,0.021629657193132
gp,gp_single,3,3,nll,macro,0.0076148339705738,0.0021553150723515,0.0115988664767785
gp,gp_single,3,5,r2,cellular_clearance,0.0068898727605377,-0.0084988845068883,0.0217974450941239
gp,gp_single,3,5,r2,efflux,0.0055067570582767,0.0011065302906005,0.0098472260202223
gp,gp_single,3,5,r2,in_vivo_clearance,0.0067845873623954,-0.0018289403819042,0.0151080728253201
gp,gp_single,3,5,r2,microsomal_clearance,0.0051545340761821,0.0006444709280687,0.009827475707543
gp,gp_single,3,5,r2,permeability,0.0071681550362106,0.0024224994377193,0.0123682046886279
gp,gp_single,3,5,r2,protein_binding,0.004180306680849,-0.0078457998164903,0.0159875034929595
gp,gp_single,3,5,r2,macro,0.0059473688290752,0.0013660490160372,0.0098637293433991
gp,gp_single,3,5,rho,cellular_clearance,-0.0093274570055544,-0.0344531402209055,0.0155041880208239
gp,gp_single,3,5,rho,efflux,0.0048446685589686,-0.0070311968660816,0.016404870398114
gp,gp_single,3,5,rho,in_vivo_clearance,0.0060938602774114,-0.0233653609022046,0.0313467105733124
gp,gp_single,3,5,rho,microsomal_clearance,0.0062064110804918,-0.0010284904786087,0.0138689304859218
gp,gp_single,3,5,rho,permeability,0.0028572331267435,-0.010294367230915,0.016495418195512
gp,gp_single,3,5,rho,protein_binding,0.005415370840783,-0.0118993696910843,0.0223977018144699
gp,gp_single,3,5,rho,macro,0.002681681146474,-0.0049939784555509,0.0098711625271031
gp,gp_single,3,5,nll,cellular_clearance,0.0116422835016558,0.00111509104532,0.0232222081332832
gp,gp_single,3,5,nll,efflux,0.0029776851474825,-0.0061135950205298,0.0111849708924173
gp,gp_single,3,5,nll,in_vivo_clearance,0.007455003306778,-0.0011771841664277,0.0155811384973972
gp,gp_single,3,5,nll,microsomal_clearance,0.005152595568383,0.0013853798358188,0.0092576750975463
gp,gp_single,3,5,nll,permeability,0.0083020862452161,0.0027046472898653,0.0141006380701805
gp,gp_single,3,5,nll,protein_binding,0.0002268413651818,-0.0317369903322319,0.0195221953010061
gp,gp_single,3,5,nll,macro,0.0059594158557829,-0.0003687892403107,0.0102391809809853
gp,gp_single,3,10,r2,cellular_clearance,0.0098041218602176,-0.0016734425240453,0.0219916041831274
gp,gp_single,3,10,r2,efflux,0.0028804994081436,-0.0019186162365295,0.0071695531987991
gp,gp_single,3,10,r2,in_vivo_clearance,0.0089896855937771,0.0018537220501054,0.0205482051975481
gp,gp_single,3,10,r2,microsomal_clearance,0.0033243868095922,0.0002384468368679,0.0067615124250371
gp,gp_single,3,10,r2,permeability,0.0069813593894721,0.0028584881428652,0.0119638419897137
gp,gp_single,3,10,r2,protein_binding,0.0138977320832181,0.0026146670563112,0.0359865203393679
gp,gp_single,3,10,r2,macro,0.0076462975240701,0.0045316917009935,0.0119000598394507
gp,gp_single,3,10,rho,cellular_clearance,0.0173543651731448,-0.0014213705087444,0.0390122757855051
gp,gp_single,3,10,rho,efflux,0.0022906298281923,-0.0109853254085407,0.0164968037824042
gp,gp_single,3,10,rho,in_vivo_clearance,0.0235779350562554,-0.0112543994588021,0.0609647844825687
gp,gp_single,3,10,rho,microsomal_clearance,0.0105672234536564,0.0030968146071387,0.0187483003481259
gp,gp_single,3,10,rho,permeability,0.0111073717944576,-0.0003888855381984,0.0241703780643563
gp,gp_single,3,10,rho,protein_binding,0.0002874134117397,-0.0144169864299813,0.0168120632757237
gp,gp_single,3,10,rho,macro,0.0108641564529077,0.0037677490462166,0.0180203584289127
gp,gp_single,3,10,nll,cellular_clearance,0.0136453152939988,0.0007346805434168,0.0273837134690215
gp,gp_single,3,10,nll,efflux,0.005068181664692,-0.0034663829300379,0.0139698445197321
gp,gp_single,3,10,nll,in_vivo_clearance,0.0099770828339954,-0.001101851926279,0.0216289218018537
gp,gp_single,3,10,nll,microsomal_clearance,0.0041744817518365,-0.0002748600697081,0.0087872820596108
gp,gp_single,3,10,nll,permeability,0.0110934580799698,0.0052680159056896,0.0178155265374826
gp,gp_single,3,10,nll,protein_binding,0.0287498879962858,0.0127172232583833,0.0521372693509475
gp,gp_single,3,10,nll,macro,0.0121180679367964,0.0084263931213235,0.0170249793068134
mean_only,unchanged,15,1,r2,cellular_clearance,-0.0020083830373083,-0.0216288443003213,0.0154961775424498
mean_only,unchanged,15,1,r2,efflux,0.0095398758561164,-0.0119407041886801,0.0336254585213919
mean_only,unchanged,15,1,r2,in_vivo_clearance,-0.0264207916302821,-0.0804974887036343,0.0232386224088877
mean_only,unchanged,15,1,r2,microsomal_clearance,0.0145252630404174,0.0050470105744284,0.024970841425946
mean_only,unchanged,15,1,r2,permeability,0.0085033142214154,-0.0002324992789134,0.0184149197399203
mean_only,unchanged,15,1,r2,protein_binding,0.0064877772625124,-0.019765340716109,0.0332854625534988
mean_only,unchanged,15,1,r2,macro,0.0017711759521452,-0.0100967836203019,0.0132681713876546
mean_only,unchanged,15,1,rho,cellular_clearance,-0.0009186054208095,-0.0154889421815469,0.0132971836061404
mean_only,unchanged,15,1,rho,efflux,0.0574510236788127,-0.006710563089799,0.1257841575092255
mean_only,unchanged,15,1,rho,in_vivo_clearance,-0.0149090735614299,-0.1236232180438108,0.0531320775550027
mean_only,unchanged,15,1,rho,microsomal_clearance,0.0058402810312299,-0.0056176383037653,0.0182619006175605
mean_only,unchanged,15,1,rho,permeability,-0.0078409730042848,-0.0209835207268129,0.0043429920705656
mean_only,unchanged,15,1,rho,protein_binding,-0.0173212415482284,-0.0345415690420763,0.0012067770949681
mean_only,unchanged,15,1,rho,macro,0.0037169018625483,-0.0178788873791429,0.0209225539536585
mean_only,unchanged,15,1,nll,cellular_clearance,0.0037213647640351,-0.0065221286480258,0.0134517262401868
mean_only,unchanged,15,1,nll,efflux,0.011972836311663,-0.0011846497516351,0.0262882899664174
mean_only,unchanged,15,1,nll,in_vivo_clearance,0.0373923648720176,0.0043302335130432,0.0871491477657665
mean_only,unchanged,15,1,nll,microsomal_clearance,0.0073584007579125,0.0012058358436407,0.0140720531804353
mean_only,unchanged,15,1,nll,permeability,0.009999394286192,0.0010740878864281,0.018794585055715
mean_only,unchanged,15,1,nll,protein_binding,0.0033853387465072,-0.0438129983677654,0.0378010830447796
mean_only,unchanged,15,1,nll,macro,0.0123049499563879,0.0024425315725688,0.0223962089168561
mean_only,unchanged,15,2,r2,cellular_clearance,-0.0210306705177744,-0.0464632958714989,0.0008400796647468
mean_only,unchanged,15,2,r2,efflux,-0.0002891698480944,-0.0307977342323556,0.0341207889285913
mean_only,unchanged,15,2,r2,in_vivo_clearance,-0.0128618922601176,-0.0757773464840548,0.0420297436532623
mean_only,unchanged,15,2,r2,microsomal_clearance,-0.0111342900083356,-0.0207289143091873,-0.0002930813768731
mean_only,unchanged,15,2,r2,permeability,0.001681874502569,-0.0175806275555148,0.0211439623208641
mean_only,unchanged,15,2,r2,protein_binding,-0.0038123713776407,-0.028642154985905,0.010753959573883
mean_only,unchanged,15,2,r2,macro,-0.0079077532515656,-0.0223319703519153,0.0048162498349089
mean_only,unchanged,15,2,rho,cellular_clearance,0.0085074951052995,-0.011249989246062,0.0285335114449739
mean_only,unchanged,15,2,rho,efflux,0.0434571093017304,-0.0056183486641045,0.0939801589324183
mean_only,unchanged,15,2,rho,in_vivo_clearance,-0.0178733974695205,-0.0802249393454056,0.0442911275000798
mean_only,unchanged,15,2,rho,microsomal_clearance,0.0101680545208488,-0.0010995555108315,0.0210467296292722
mean_only,unchanged,15,2,rho,permeability,0.0044301862828433,-0.0117441102092557,0.0202318747178662
mean_only,unchanged,15,2,rho,protein_binding,0.0076798259901503,-0.0115667430677154,0.0236872984127257
mean_only,unchanged,15,2,rho,macro,0.0093948789552253,-0.0056590748572869,0.0236379560023032
mean_only,unchanged,15,2,nll,cellular_clearance,-0.0165748320787477,-0.0358722354807639,0.0020733350219816
mean_only,unchanged,15,2,nll,efflux,-0.0123858941214415,-0.0401950792439026,0.0162700790367405
mean_only,unchanged,15,2,nll,in_vivo_clearance,-0.0196511267113913,-0.074820805413986,0.0361480845232113
mean_only,unchanged,15,2,nll,microsomal_clearance,0.0052895761883441,-0.0049813262050334,0.0155751655152963
mean_only,unchanged,15,2,nll,permeability,-0.0064689580395863,-0.0234474065878529,0.0089584668703705
mean_only,unchanged,15,2,nll,protein_binding,-0.0151608902568704,-0.0443422664737575,0.0096690092829001
mean_only,unchanged,15,2,nll,macro,-0.0108253541699488,-0.023435337119861,0.001441928217381
mean_only,unchanged,15,3,r2,cellular_clearance,-0.007953669807343,-0.0274395257941232,0.0111488432681096
mean_only,unchanged,15,3,r2,efflux,-0.0049045272530985,-0.0307121477835774,0.020543541030647
mean_only,unchanged,15,3,r2,in_vivo_clearance,-0.0056120953642734,-0.0355258004484494,0.0208145740191103
mean_only,unchanged,15,3,r2,microsomal_clearance,-0.0089316652376979,-0.0159811822313422,-0.0010955731366289
mean_only,unchanged,15,3,r2,permeability,0.0027916964195158,-0.0149980324428277,0.0189993616788388
mean_only,unchanged,15,3,r2,protein_binding,0.0135340189577623,-0.0158603786217219,0.0286628607477694
mean_only,unchanged,15,3,r2,macro,-0.0018460403808557,-0.0114881844995579,0.0050217983619609
mean_only,unchanged,15,3,rho,cellular_clearance,0.0018387992408067,-0.0197901819480188,0.0239836703840922
mean_only,unchanged,15,3,rho,efflux,0.0040913655940029,-0.0389047007383673,0.0481537643423496
mean_only,unchanged,15,3,rho,in_vivo_clearance,0.0085519568622112,-0.0472254191954451,0.0709104828392724
mean_only,unchanged,15,3,rho,microsomal_clearance,0.0059870856343362,-0.0067064983498999,0.0174636377594675
mean_only,unchanged,15,3,rho,permeability,0.014320031998472,-0.003940524609499,0.0325248055518145
mean_only,unchanged,15,3,rho,protein_binding,0.0012050984624885,-0.0199232411445793,0.0265713109870751
mean_only,unchanged,15,3,rho,macro,0.0059990562987196,-0.007648938488334,0.0201946700449129
mean_only,unchanged,15,3,nll,cellular_clearance,-0.011615022019513,-0.029012551829515,0.0061322425235437
mean_only,unchanged,15,3,nll,efflux,-0.0117101122661901,-0.0414571474425999,0.0190064929119156
mean_only,unchanged,15,3,nll,in_vivo_clearance,-0.0206609367774606,-0.0508184468231964,0.0106122677560406
mean_only,unchanged,15,3,nll,microsomal_clearance,0.004633152177555,-0.0055224235463226,0.0143383405521213
mean_only,unchanged,15,3,nll,permeability,-0.0115230384570142,-0.0314781970498317,0.0058304652248524
mean_only,unchanged,15,3,nll,protein_binding,-0.007739364408445,-0.0293238988060941,0.013506098897516
mean_only,unchanged,15,3,nll,macro,-0.0097692202918446,-0.0192766884355393,-0.0006656228336063
mean_only,unchanged,15,5,r2,cellular_clearance,0.0027196983108253,-0.0130166272940406,0.0205111820018105
mean_only,unchanged,15,5,r2,efflux,-0.0053639667198465,-0.027242262095015,0.0145331730110716
mean_only,unchanged,15,5,r2,in_vivo_clearance,0.0280175587098698,-0.0070595586898994,0.0565374360102856
mean_only,unchanged,15,5,r2,microsomal_clearance,-0.0072912851483202,-0.0136493952103089,-0.0003667399070349
mean_only,unchanged,15,5,r2,permeability,0.0018921331696298,-0.0126889330158158,0.0180565279595331
mean_only,unchanged,15,5,r2,protein_binding,0.0216391272924456,-0.0077304048503873,0.0359481777019069
mean_only,unchanged,15,5,r2,macro,0.0069355442691006,-0.0019549110180669,0.0129052403913606
mean_only,unchanged,15,5,rho,cellular_clearance,-0.0004069371514586,-0.0244240611481888,0.0216603836235561
mean_only,unchanged,15,5,rho,efflux,-0.0005062787000227,-0.0359769592529856,0.0323463990451053
mean_only,unchanged,15,5,rho,in_vivo_clearance,0.0138863867893814,-0.0449923683424014,0.0633912219789165
mean_only,unchanged,15,5,rho,microsomal_clearance,0.0117454237322547,-0.0002754718960581,0.0222523137997357
mean_only,unchanged,15,5,rho,permeability,0.016091318666521,-0.0053654531787939,0.0384075817580237
mean_only,unchanged,15,5,rho,protein_binding,0.0013093163174661,-0.0224018003313463,0.02120932425199
mean_only,unchanged,15,5,rho,macro,0.0070198716090236,-0.0069565850993661,0.0196474479382974
mean_only,unchanged,15,5,nll,cellular_clearance,-0.0080710832320726,-0.0252237606309371,0.0095602553991452
mean_only,unchanged,15,5,nll,efflux,-0.0203643086357315,-0.0486922352282186,0.0108265258639347
mean_only,unchanged,15,5,nll,in_vivo_clearance,-0.0109284744324215,-0.0500446113941842,0.0239263013457566
mean_only,unchanged,15,5,nll,microsomal_clearance,0.0069189809791672,-0.0023190608318574,0.0157625060043255
mean_only,unchanged,15,5,nll,permeability,-0.0180887476114696,-0.0359453760446556,-0.0016213546657861
mean_only,unchanged,15,5,nll,protein_binding,-0.0052033646675557,-0.0292722434904882,0.0194031533015757
mean_only,unchanged,15,5,nll,macro,-0.0092894996000139,-0.0195760660711102,0.0003143530159449
mean_only,unchanged,15,10,r2,cellular_clearance,0.0023942009660943,-0.0103101888867908,0.016195058775158
mean_only,unchanged,15,10,r2,efflux,-0.0030160040134033,-0.0198255939505526,0.013082213742583
mean_only,unchanged,15,10,r2,in_vivo_clearance,0.0167539543989597,-0.0116717610204837,0.0422816391267636
mean_only,unchanged,15,10,r2,microsomal_clearance,-0.0063836794766402,-0.012093059475804,0.0001602475298887
mean_only,unchanged,15,10,r2,permeability,0.0069739525635605,-0.0092614335437464,0.0246697003086487
mean_only,unchanged,15,10,r2,protein_binding,0.02191210971595,-0.0058147045443882,0.0367472504579058
mean_only,unchanged,15,10,r2,macro,0.0064390890257535,-0.0011276082493987,0.0119723534188537
mean_only,unchanged,15,10,rho,cellular_clearance,-0.0048331583529165,-0.0336092375076617,0.0173136118350166
mean_only,unchanged,15,10,rho,efflux,0.0005991359551747,-0.0329612587461146,0.0297429947737088
mean_only,unchanged,15,10,rho,in_vivo_clearance,0.020681850425899,-0.0229935120136326,0.076022706127561
mean_only,unchanged,15,10,rho,microsomal_clearance,-0.0037926117102667,-0.0156140525417115,0.007152034718988
mean_only,unchanged,15,10,rho,permeability,0.0155285978068908,-0.0006581579506133,0.0334017998146203
mean_only,unchanged,15,10,rho,protein_binding,-0.0090718448218522,-0.0294001735439775,0.0060717711195881
mean_only,unchanged,15,10,rho,macro,0.0031853282171548,-0.0081780073860181,0.0143265264613428
mean_only,unchanged,15,10,nll,cellular_clearance,-0.0082547987596645,-0.0275575272365597,0.0099788932521803
mean_only,unchanged,15,10,nll,efflux,-0.0118418327111213,-0.0463078238142122,0.0246905498707241
mean_only,unchanged,15,10,nll,in_vivo_clearance,-0.023866691614811,-0.0589564769042842,0.0115118118449631
mean_only,unchanged,15,10,nll,microsomal_clearance,0.0065667783500612,-0.0017403367458504,0.0151529859250027
mean_only,unchanged,15,10,nll,permeability,-0.0173204864505776,-0.038109312937797,0.0017581870512176
mean_only,unchanged,15,10,nll,protein_binding,-0.0092656054185347,-0.0383507610910507,0.0236959482460075
mean_only,unchanged,15,10,nll,macro,-0.0106637727674413,-0.0215578204695613,0.0005692019232471
kernel_only,unchanged,15,1,r2,cellular_clearance,8.164150482391076e-06,-0.0116066655312637,0.0125848381351412
kernel_only,unchanged,15,1,r2,efflux,-0.0075002955600692,-0.0161243345896358,0.0012392102854718
kernel_only,unchanged,15,1,r2,in_vivo_clearance,-0.0117027772792268,-0.0504667232845556,0.0181986320266052
kernel_only,unchanged,15,1,r2,microsomal_clearance,-0.0023286344637914,-0.0108339570320794,0.0064269967520553
kernel_only,unchanged,15,1,r2,permeability,-0.0095403983121651,-0.0239028971301592,0.0032618974107861
kernel_only,unchanged,15,1,r2,protein_binding,-0.0263811461640789,-0.0495754141939728,-0.0055073857808943
kernel_only,unchanged,15,1,r2,macro,-0.0095741812714748,-0.0171952018079254,-0.0022840682811342
kernel_only,unchanged,15,1,rho,cellular_clearance,0.0051551137338842,-0.0094525556657397,0.0206152146494681
kernel_only,unchanged,15,1,rho,efflux,-0.0084971271869209,-0.021000133226231,0.0030750924107083
kernel_only,unchanged,15,1,rho,in_vivo_clearance,-0.0481395922973752,-0.2130940871054866,0.0884631819707645
kernel_only,unchanged,15,1,rho,microsomal_clearance,-0.0007869503043148,-0.0090416868410564,0.0077792932270458
kernel_only,unchanged,15,1,rho,permeability,-0.0119741620392435,-0.0331734079135053,0.0072378358316238
kernel_only,unchanged,15,1,rho,protein_binding,0.005258502283444,-0.0110691913505983,0.0258681870765709
kernel_only,unchanged,15,1,rho,macro,-0.0098307026350877,-0.037410281356086,0.0132036675202633
kernel_only,unchanged,15,1,nll,cellular_clearance,-0.0005787641777591,-0.0083879938254692,0.0082440760736175
kernel_only,unchanged,15,1,nll,efflux,-0.004183157580059,-0.0112049596543218,0.0031038308885495
kernel_only,unchanged,15,1,nll,in_vivo_clearance,-0.0073847684422017,-0.0302831362393931,0.0166291032331302
kernel_only,unchanged,15,1,nll,microsomal_clearance,-0.0012769847925999,-0.0072555757936586,0.0050823610293768
kernel_only,unchanged,15,1,nll,permeability,-0.0038000536912981,-0.013381612893453,0.005209887009238
kernel_only,unchanged,15,1,nll,protein_binding,-0.0179169216802312,-0.0427554740999492,0.0010384463553942
kernel_only,unchanged,15,1,nll,macro,-0.0058567750606915,-0.0119028898085916,-0.0002949778130011
kernel_only,unchanged,15,2,r2,cellular_clearance,0.0146875064025717,0.0022134465218537,0.029407021792329
kernel_only,unchanged,15,2,r2,efflux,0.0049609906155884,-0.0067844089156899,0.0175009209119006
kernel_only,unchanged,15,2,r2,in_vivo_clearance,0.0406084049278018,-0.0046437576688918,0.0785409561641405
kernel_only,unchanged,15,2,r2,microsomal_clearance,0.0051959143959003,-0.0005773225956688,0.0113997050772898
kernel_only,unchanged,15,2,r2,permeability,0.0071391225190291,-0.0067438046770727,0.0202446562784527
kernel_only,unchanged,15,2,r2,protein_binding,0.0099973575491555,-0.0142086564356075,0.0208840777268142
kernel_only,unchanged,15,2,r2,macro,0.0137648827350078,0.0042167669925496,0.0210723972063384
kernel_only,unchanged,15,2,rho,cellular_clearance,0.0029591359313362,-0.0084669866622096,0.0171538857922809
kernel_only,unchanged,15,2,rho,efflux,-0.0058649299321351,-0.0201428034352922,0.0088137305394214
kernel_only,unchanged,15,2,rho,in_vivo_clearance,-0.0661948379874229,-0.1473497514656799,-0.0068533944311168
kernel_only,unchanged,15,2,rho,microsomal_clearance,0.000311937270413,-0.009889314950061,0.0093860824084399
kernel_only,unchanged,15,2,rho,permeability,-0.0072266135778692,-0.0246816817674958,0.0081275183464449
kernel_only,unchanged,15,2,rho,protein_binding,0.0122568721205673,-0.0018952863728627,0.0281792032240651
kernel_only,unchanged,15,2,rho,macro,-0.010626406029185,-0.024975077960321,0.0005871490126593
kernel_only,unchanged,15,2,nll,cellular_clearance,-7.321880981011566e-05,-0.0128586945535845,0.013916192743166
kernel_only,unchanged,15,2,nll,efflux,-0.0141781327534596,-0.0329001941313569,0.0031017001706543
kernel_only,unchanged,15,2,nll,in_vivo_clearance,0.027000525775287,-0.0162071808794016,0.0788036798279227
kernel_only,unchanged,15,2,nll,microsomal_clearance,-0.0013162550383814,-0.0103788806555272,0.0068475417765307
kernel_only,unchanged,15,2,nll,permeability,-0.0113609253177106,-0.0267409481614469,0.0021388424441047
kernel_only,unchanged,15,2,nll,protein_binding,0.0048237376337302,-0.0172152225666543,0.0280505320448531
kernel_only,unchanged,15,2,nll,macro,0.0008159552482758,-0.0087649124010892,0.0111844599609115
kernel_only,unchanged,15,3,r2,cellular_clearance,0.0135800023127302,0.0027128436533698,0.0259649246047032
kernel_only,unchanged,15,3,r2,efflux,0.0074948779999334,-0.0014070835333838,0.016781911594044
kernel_only,unchanged,15,3,r2,in_vivo_clearance,0.024744155345833,0.0047755870313823,0.0429586658297927
kernel_only,unchanged,15,3,r2,microsomal_clearance,0.0040784287624015,-0.0005438860926214,0.0090494504312984
kernel_only,unchanged,15,3,r2,permeability,0.0076742006720914,-0.0045395099950524,0.0195562280779361
kernel_only,unchanged,15,3,r2,protein_binding,0.0304575224480563,-0.0088115402611348,0.0527441725347655
kernel_only,unchanged,15,3,r2,macro,0.014671531256841,0.0057563094265408,0.0202635413837412
kernel_only,unchanged,15,3,rho,cellular_clearance,0.0003879366927964,-0.0172651005467945,0.021114105650915
kernel_only,unchanged,15,3,rho,efflux,-0.0110962472028202,-0.0347935773426747,0.0098296017070758
kernel_only,unchanged,15,3,rho,in_vivo_clearance,-0.0194610337167978,-0.0840806268133303,0.0372619599241961
kernel_only,unchanged,15,3,rho,microsomal_clearance,0.0060081168112728,-0.004246101463786,0.0152797035340513
kernel_only,unchanged,15,3,rho,permeability,0.0030826682017909,-0.0138487949239857,0.0184115270789271
kernel_only,unchanged,15,3,rho,protein_binding,0.0220235350315995,0.0080359060854939,0.0401148742365665
kernel_only,unchanged,15,3,rho,macro,0.0001574959696402,-0.0122075505452084,0.0127442239656225
kernel_only,unchanged,15,3,nll,cellular_clearance,-0.0005801833139229,-0.0143845765576433,0.0124832714544993
kernel_only,unchanged,15,3,nll,efflux,-0.0091939725947766,-0.0256893465418824,0.0061837274677182
kernel_only,unchanged,15,3,nll,in_vivo_clearance,0.0065641479838927,-0.0184649118280136,0.0346745223261625
kernel_only,unchanged,15,3,nll,microsomal_clearance,0.0023526509303715,-0.0059440211547875,0.0095707605275308
kernel_only,unchanged,15,3,nll,permeability,-0.0093256897157865,-0.0232496156302721,0.0028112888165206
kernel_only,unchanged,15,3,nll,protein_binding,0.0086916120797067,-0.0161861941957106,0.0421486053108954
kernel_only,unchanged,15,3,nll,macro,-0.0002485724384191,-0.0072785540321069,0.0075930989341892
kernel_only,unchanged,15,5,r2,cellular_clearance,0.0158002796116301,0.0060511378023401,0.0280423300696982
kernel_only,unchanged,15,5,r2,efflux,0.0047035444022806,-0.0043458307325903,0.0138937833985188
kernel_only,unchanged,15,5,r2,in_vivo_clearance,0.0323729828769102,0.0141149892765378,0.0500805068292009
kernel_only,unchanged,15,5,r2,microsomal_clearance,0.0040106979596952,-0.0004597178156823,0.0085287184660149
kernel_only,unchanged,15,5,r2,permeability,0.0083476907821275,-0.00295377502983,0.0190519806775318
kernel_only,unchanged,15,5,r2,protein_binding,0.0282059659207681,-0.0049243289044926,0.0453753107830886
kernel_only,unchanged,15,5,r2,macro,0.0155735269255686,0.0086146087668476,0.0199854195699849
kernel_only,unchanged,15,5,rho,cellular_clearance,0.0053280887645137,-0.0145430153088851,0.0213914458898279
kernel_only,unchanged,15,5,rho,efflux,-0.0061603107455152,-0.026173687565207,0.0149427145240374
kernel_only,unchanged,15,5,rho,in_vivo_clearance,-0.0019090747460722,-0.0472087377985007,0.0377649366966337
kernel_only,unchanged,15,5,rho,microsomal_clearance,0.0082210825057355,-0.0016321954358941,0.0171956603121015
kernel_only,unchanged,15,5,rho,permeability,0.0128342996558381,-0.001634637237436,0.0267095973923624
kernel_only,unchanged,15,5,rho,protein_binding,0.0146395711284695,-0.0035227403771408,0.0362973563755226
kernel_only,unchanged,15,5,rho,macro,0.0054922760938282,-0.0044000703920593,0.0155126342313899
kernel_only,unchanged,15,5,nll,cellular_clearance,-0.0005964688771402,-0.0143102337119088,0.0122004611724566
kernel_only,unchanged,15,5,nll,efflux,-0.0076256538226891,-0.0189151818916731,0.0033391908081582
kernel_only,unchanged,15,5,nll,in_vivo_clearance,0.0061272834517947,-0.0168716951182551,0.0304106482493564
kernel_only,unchanged,15,5,nll,microsomal_clearance,0.0053308187096458,-0.0044213935515529,0.0132421351857544
kernel_only,unchanged,15,5,nll,permeability,-0.0068581162923268,-0.0208535429780862,0.0054560699854534
kernel_only,unchanged,15,5,nll,protein_binding,0.0111649651597293,-0.0134886455705854,0.0464865908688862
kernel_only,unchanged,15,5,nll,macro,0.0012571380548356,-0.0054881281637352,0.0091732174046835
kernel_only,unchanged,15,10,r2,cellular_clearance,0.0138568993789557,0.0060687136803098,0.0218889383736378
kernel_only,unchanged,15,10,r2,efflux,0.0104109820348885,0.0038198440899534,0.0170253953948972
kernel_only,unchanged,15,10,r2,in_vivo_clearance,0.0275061989555887,0.0113174292156653,0.0439421283665351
kernel_only,unchanged,15,10,r2,microsomal_clearance,0.006562668299456,0.0031717161861223,0.0103169842394101
kernel_only,unchanged,15,10,r2,permeability,0.0149799439455047,0.0045681791420626,0.0247130957401911
kernel_only,unchanged,15,10,r2,protein_binding,0.0260700830810101,-0.0051048849207537,0.0435024442480785
kernel_only,unchanged,15,10,r2,macro,0.0165644626159006,0.009266325418921,0.0212168754862239
kernel_only,unchanged,15,10,rho,cellular_clearance,-0.0038575349896936,-0.0298322610017718,0.0161594411534652
kernel_only,unchanged,15,10,rho,efflux,-0.0015493929731073,-0.0209342199168167,0.0170168417702162
kernel_only,unchanged,15,10,rho,in_vivo_clearance,0.0218993765488266,-0.0265457355326629,0.0586328074683928
kernel_only,unchanged,15,10,rho,microsomal_clearance,0.0094315415714007,0.0015615804345585,0.0167911409441917
kernel_only,unchanged,15,10,rho,permeability,0.008798202427311,-0.0077602241336056,0.025090131533846
kernel_only,unchanged,15,10,rho,protein_binding,0.0137782283409526,-0.0068369085874307,0.0344479699536953
kernel_only,unchanged,15,10,rho,macro,0.008083403487615,-0.0022917644633811,0.0172327400519377
kernel_only,unchanged,15,10,nll,cellular_clearance,-0.0032798034695869,-0.0195706285743276,0.0093985158972045
kernel_only,unchanged,15,10,nll,efflux,-0.0013528968950356,-0.0133562408527535,0.0094054877633985
kernel_only,unchanged,15,10,nll,in_vivo_clearance,0.0018756765729857,-0.0244502575038277,0.0275955676306718
kernel_only,unchanged,15,10,nll,microsomal_clearance,0.0084402102758535,0.0002978326318907,0.0160199670803551
kernel_only,unchanged,15,10,nll,permeability,0.0042808487351582,-0.015764359222624,0.0218180484460776
kernel_only,unchanged,15,10,nll,protein_binding,0.0041569601453617,-0.0237528435060621,0.0451093897205673
kernel_only,unchanged,15,10,nll,macro,0.0023534992274561,-0.0054281171906729,0.0107560987393542
mean_and_kernel,unchanged,15,1,r2,cellular_clearance,-0.0073218868103697,-0.0237618025288598,0.0103783538882684
mean_and_kernel,unchanged,15,1,r2,efflux,-0.0135251343432698,-0.0266010190125539,-0.0010987830868626
mean_and_kernel,unchanged,15,1,r2,in_vivo_clearance,-0.0157030156507493,-0.0558784743153408,0.016025390130832
mean_and_kernel,unchanged,15,1,r2,microsomal_clearance,-0.004143558631891,-0.0144160504396313,0.0065063551591018
mean_and_kernel,unchanged,15,1,r2,permeability,-0.0259035929784392,-0.0451448156839387,-0.0102925178935124
mean_and_kernel,unchanged,15,1,r2,protein_binding,-0.0351855471132048,-0.054694451131022,-0.0038856716661313
mean_and_kernel,unchanged,15,1,r2,macro,-0.0169637892546539,-0.0254578137792821,-0.0072753329775472
mean_and_kernel,unchanged,15,1,rho,cellular_clearance,0.005890925247907,-0.0095981822939417,0.0213877094414617
mean_and_kernel,unchanged,15,1,rho,efflux,-0.019490403888954,-0.0364286106200767,-0.0025567393208689
mean_and_kernel,unchanged,15,1,rho,in_vivo_clearance,-0.049678559564054,-0.2129031071616336,0.0813790811698434
mean_and_kernel,unchanged,15,1,rho,microsomal_clearance,0.0040693565502854,-0.0044529258414217,0.012022516145387
mean_and_kernel,unchanged,15,1,rho,permeability,-0.0330484478010071,-0.0594591413295341,-0.0086579826089672
mean_and_kernel,unchanged,15,1,rho,protein_binding,0.0007137066910438,-0.0202791937437521,0.024995637099569
mean_and_kernel,unchanged,15,1,rho,macro,-0.0152572371274631,-0.0430886912746374,0.0078754537009121
mean_and_kernel,unchanged,15,1,nll,cellular_clearance,-0.0013939863826913,-0.0136754482017756,0.0119974153761809
mean_and_kernel,unchanged,15,1,nll,efflux,-0.0076591155901578,-0.0176998103111164,0.0030870819857307
mean_and_kernel,unchanged,15,1,nll,in_vivo_clearance,-0.0133017340390673,-0.03826864922553,0.0142963635455922
mean_and_kernel,unchanged,15,1,nll,microsomal_clearance,-0.0013935551664591,-0.0074893374630133,0.0050951156861438
mean_and_kernel,unchanged,15,1,nll,permeability,-0.0185727627326187,-0.0308886570325035,-0.0069170453488254
mean_and_kernel,unchanged,15,1,nll,protein_binding,-0.0192261263813454,-0.0416198593516386,0.0024215467483581
mean_and_kernel,unchanged,15,1,nll,macro,-0.0102578800487233,-0.0166201273335426,-0.003102809241038
mean_and_kernel,unchanged,15,2,r2,cellular_clearance,0.0104621904826753,-0.0036768889763094,0.026605962602489
mean_and_kernel,unchanged,15,2,r2,efflux,0.0056759187201073,-0.0067970873525592,0.018662051985817
mean_and_kernel,unchanged,15,2,r2,in_vivo_clearance,0.0424168054912116,-0.0031244979740369,0.0799337095813512
mean_and_kernel,unchanged,15,2,r2,microsomal_clearance,0.0076893222192247,0.0014557618364441,0.0149475208435967
mean_and_kernel,unchanged,15,2,r2,permeability,0.0001699332845124,-0.0182880289519971,0.0169706978758426
mean_and_kernel,unchanged,15,2,r2,protein_binding,0.0160434315958432,-0.0024585583535263,0.028628509878772
mean_and_kernel,unchanged,15,2,r2,macro,0.0137429336322624,0.0044269580297485,0.0215374262073219
mean_and_kernel,unchanged,15,2,rho,cellular_clearance,0.0044005359591299,-0.0091491647780235,0.0178473995202985
mean_and_kernel,unchanged,15,2,rho,efflux,-0.0018871637820093,-0.018212145403349,0.0155213690614241
mean_and_kernel,unchanged,15,2,rho,in_vivo_clearance,-0.0482824740558862,-0.1320336285228098,0.0202564955905956
mean_and_kernel,unchanged,15,2,rho,microsomal_clearance,0.006388574838201,-0.0031345088617992,0.0156930590331052
mean_and_kernel,unchanged,15,2,rho,permeability,-0.017341534120755,-0.0390745627100719,0.002813333183342
mean_and_kernel,unchanged,15,2,rho,protein_binding,0.0215851111083545,-0.0005627724092782,0.0433582412357071
mean_and_kernel,unchanged,15,2,rho,macro,-0.0058561583421608,-0.0210039689279342,0.0063344234937553
mean_and_kernel,unchanged,15,2,nll,cellular_clearance,-0.0077062282753368,-0.0243080970049178,0.0112319467387001
mean_and_kernel,unchanged,15,2,nll,efflux,-0.0219688213206044,-0.0467433807136258,-0.000773670693793
mean_and_kernel,unchanged,15,2,nll,in_vivo_clearance,0.0233862328409092,-0.0223778205113745,0.0730525186310422
mean_and_kernel,unchanged,15,2,nll,microsomal_clearance,0.0001677554960825,-0.0093691151123537,0.0089524432447889
mean_and_kernel,unchanged,15,2,nll,permeability,-0.0102501780390462,-0.0285590124992572,0.0065315038062328
mean_and_kernel,unchanged,15,2,nll,protein_binding,0.0159153375810033,-0.0053772124940648,0.0411705234259676
mean_and_kernel,unchanged,15,2,nll,macro,-7.598361949875895e-05,-0.0104801601574187,0.0110678989200596
mean_and_kernel,unchanged,15,3,r2,cellular_clearance,0.0132702876406138,-0.000253582726245,0.0267365563932888
mean_and_kernel,unchanged,15,3,r2,efflux,0.0082480226366004,-0.0012905466579623,0.0183228335030949
mean_and_kernel,unchanged,15,3,r2,in_vivo_clearance,0.0273753678821841,0.0074081923719047,0.0449712452438695
mean_and_kernel,unchanged,15,3,r2,microsomal_clearance,0.0069419797490209,0.0012884072993876,0.0129464249644484
mean_and_kernel,unchanged,15,3,r2,permeability,0.0014402701603106,-0.0169539635523314,0.0176238692048929
mean_and_kernel,unchanged,15,3,r2,protein_binding,0.0358513971987923,6.853218382481824e-05,0.0544855862468693
mean_and_kernel,unchanged,15,3,r2,macro,0.0155212208779203,0.006151453380458,0.0218096728308618
mean_and_kernel,unchanged,15,3,rho,cellular_clearance,-0.0019316669974175,-0.0198861144524072,0.0186052531762638
mean_and_kernel,unchanged,15,3,rho,efflux,-0.0164729820495402,-0.0386898917165984,0.0056426499480042
mean_and_kernel,unchanged,15,3,rho,in_vivo_clearance,-0.0176525817066431,-0.0799179514724149,0.0349786240964689
mean_and_kernel,unchanged,15,3,rho,microsomal_clearance,0.0102061286146925,-0.0009670564115343,0.0206798304827974
mean_and_kernel,unchanged,15,3,rho,permeability,0.0130534899007115,-0.0103275190619056,0.0336040577501566
mean_and_kernel,unchanged,15,3,rho,protein_binding,0.0209788193389999,-0.0020215323647286,0.0453512929433561
mean_and_kernel,unchanged,15,3,rho,macro,0.0013635345168004,-0.0115015370947365,0.0132766702943958
mean_and_kernel,unchanged,15,3,nll,cellular_clearance,-0.0049711818054015,-0.0235031197326866,0.0131493274302716
mean_and_kernel,unchanged,15,3,nll,efflux,-0.0155302579795097,-0.0378003652304476,0.0031425001426608
mean_and_kernel,unchanged,15,3,nll,in_vivo_clearance,0.0067824251909186,-0.0185042919029163,0.0322796040877004
mean_and_kernel,unchanged,15,3,nll,microsomal_clearance,0.0045882797135928,-0.0045123947193803,0.0126282393159568
mean_and_kernel,unchanged,15,3,nll,permeability,-0.0140685601087458,-0.0321977043101232,0.0025427680829673
mean_and_kernel,unchanged,15,3,nll,protein_binding,0.0153399572931927,-0.011087340547278,0.050236650772552
mean_and_kernel,unchanged,15,3,nll,macro,-0.0013098896159921,-0.0097133273013047,0.007116500656526
mean_and_kernel,unchanged,15,5,r2,cellular_clearance,0.0176841211138919,0.0055099590151822,0.0304800082944299
mean_and_kernel,unchanged,15,5,r2,efflux,0.0045427358995973,-0.0055256645106511,0.0144698881716093
mean_and_kernel,unchanged,15,5,r2,in_vivo_clearance,0.0345029779597763,0.0157971549008053,0.0518903741146273
mean_and_kernel,unchanged,15,5,r2,microsomal_clearance,0.0069809279832714,0.0018531195023116,0.0122548661174974
mean_and_kernel,unchanged,15,5,r2,permeability,0.0028433714794447,-0.0130653556859721,0.0170817640188965
mean_and_kernel,unchanged,15,5,r2,protein_binding,0.0314628325674074,-0.0024220108139938,0.0480653204570117
mean_and_kernel,unchanged,15,5,r2,macro,0.0163361611672315,0.0082193192471015,0.0216055691791431
mean_and_kernel,unchanged,15,5,rho,cellular_clearance,0.0075234685508582,-0.0195180671927254,0.0287873272002334
mean_and_kernel,unchanged,15,5,rho,efflux,-0.014195854347889,-0.0372062190221225,0.0084641059605991
mean_and_kernel,unchanged,15,5,rho,in_vivo_clearance,0.0061298923194408,-0.0437387590704107,0.047159948401261
mean_and_kernel,unchanged,15,5,rho,microsomal_clearance,0.0152361288523174,0.0051742128597398,0.0245023908359185
mean_and_kernel,unchanged,15,5,rho,permeability,0.0004814968030485,-0.0195401712624156,0.0196518737198701
mean_and_kernel,unchanged,15,5,rho,protein_binding,0.0197828614858515,-0.0020215165394299,0.0464915553561526
mean_and_kernel,unchanged,15,5,rho,macro,0.0058263322772712,-0.0056672917615228,0.0172545044723314
mean_and_kernel,unchanged,15,5,nll,cellular_clearance,-0.0020413128047803,-0.0218628916030901,0.0163134518177669
mean_and_kernel,unchanged,15,5,nll,efflux,-0.014754362568412,-0.0303614508852694,-0.0003657069470316
mean_and_kernel,unchanged,15,5,nll,in_vivo_clearance,0.0074509370921715,-0.0151291610518658,0.0309342047382046
mean_and_kernel,unchanged,15,5,nll,microsomal_clearance,0.0074425006347893,-0.0025826459734457,0.0153051778048706
mean_and_kernel,unchanged,15,5,nll,permeability,-0.0114625073241996,-0.0301579196790156,0.0049785810583453
mean_and_kernel,unchanged,15,5,nll,protein_binding,0.0142303386091708,-0.0127940120826483,0.0497864715444283
mean_and_kernel,unchanged,15,5,nll,macro,0.0001442656064566,-0.0077144741513613,0.0086557942961012
mean_and_kernel,unchanged,15,10,r2,cellular_clearance,0.0143450146606491,0.0039687866317424,0.0234958272951209
mean_and_kernel,unchanged,15,10,r2,efflux,0.0085728566550038,-0.0004077661969513,0.0171714310729333
mean_and_kernel,unchanged,15,10,r2,in_vivo_clearance,0.0288369968404951,0.0128601444565939,0.0450720830091586
mean_and_kernel,unchanged,15,10,r2,microsomal_clearance,0.0081950763854001,0.0043751330519288,0.0122695785497191
mean_and_kernel,unchanged,15,10,r2,permeability,0.0121661337028247,-0.0017941801275051,0.0244078284368115
mean_and_kernel,unchanged,15,10,r2,protein_binding,0.0273264350426698,-0.006683554436031,0.0459236596933022
mean_and_kernel,unchanged,15,10,r2,macro,0.0165737522145071,0.008165153450466,0.0219702918502012
mean_and_kernel,unchanged,15,10,rho,cellular_clearance,-0.002798795687199,-0.0374730953941593,0.0220740574920992
mean_and_kernel,unchanged,15,10,rho,efflux,0.0014307733418212,-0.0208042329290395,0.0214733943500396
mean_and_kernel,unchanged,15,10,rho,in_vivo_clearance,0.0269253551959991,-0.021499084964849,0.0623815207874797
mean_and_kernel,unchanged,15,10,rho,microsomal_clearance,0.0133555362952585,0.0045125810008002,0.0216281656841946
mean_and_kernel,unchanged,15,10,rho,permeability,0.0066737132974796,-0.0164953269974542,0.0294600519925442
mean_and_kernel,unchanged,15,10,rho,protein_binding,0.0207559278347726,0.0011689931370672,0.0413461080863037
mean_and_kernel,unchanged,15,10,rho,macro,0.0110570850463553,-0.0007812095283613,0.0209196892743255
mean_and_kernel,unchanged,15,10,nll,cellular_clearance,-0.0055599623813797,-0.0275700622853112,0.0117937937066732
mean_and_kernel,unchanged,15,10,nll,efflux,-0.0097864733513571,-0.0259177459604619,0.0047311328123376
mean_and_kernel,unchanged,15,10,nll,in_vivo_clearance,0.0027602223242522,-0.0233298729065137,0.0276062740609001
mean_and_kernel,unchanged,15,10,nll,microsomal_clearance,0.0079811932247624,0.0005412879510695,0.0145638791837523
mean_and_kernel,unchanged,15,10,nll,permeability,0.0020445416654445,-0.0206090321132754,0.0228817613286417
mean_and_kernel,unchanged,15,10,nll,protein_binding,0.0033660804565872,-0.0270028194751675,0.0445108919096855
mean_and_kernel,unchanged,15,10,nll,macro,0.0001342669897182,-0.0087190869953449,0.0091594459952331
mean_and_kernel,kernel_only,15,1,r2,cellular_clearance,-0.0073300509608521,-0.0176109657191466,0.00343971464353
mean_and_kernel,kernel_only,15,1,r2,efflux,-0.0060248387832006,-0.0141109324359024,0.0015965274829789
mean_and_kernel,kernel_only,15,1,r2,in_vivo_clearance,-0.0040002383715224,-0.013674356464788,0.0021341227352697
mean_and_kernel,kernel_only,15,1,r2,microsomal_clearance,-0.0018149241680995,-0.0084143324760739,0.0053541142815979
mean_and_kernel,kernel_only,15,1,r2,permeability,-0.016363194666274,-0.0268866995624122,-0.0060776805210547
mean_and_kernel,kernel_only,15,1,r2,protein_binding,-0.0088044009491259,-0.0180038843952825,0.0105146333373628
mean_and_kernel,kernel_only,15,1,r2,macro,-0.0073896079831791,-0.0114416092073382,-0.0019145250391606
mean_and_kernel,kernel_only,15,1,rho,cellular_clearance,0.0007358115140228,-0.0082390991811027,0.0095704945448534
mean_and_kernel,kernel_only,15,1,rho,efflux,-0.0109932767020331,-0.0240249552332153,0.0008202236866894
mean_and_kernel,kernel_only,15,1,rho,in_vivo_clearance,-0.0015389672666788,-0.0199999990629461,0.0140052630564099
mean_and_kernel,kernel_only,15,1,rho,microsomal_clearance,0.0048563068546003,-0.0021165574028023,0.0114561130556834
mean_and_kernel,kernel_only,15,1,rho,permeability,-0.0210742857617636,-0.0389084471028191,-0.0046860226622056
mean_and_kernel,kernel_only,15,1,rho,protein_binding,-0.0045447955924001,-0.0206314607956989,0.0086738647161983
mean_and_kernel,kernel_only,15,1,rho,macro,-0.0054265344923754,-0.0107256289643599,-0.0004255162767281
mean_and_kernel,kernel_only,15,1,nll,cellular_clearance,-0.0008152222049322,-0.0077048428376347,0.006344655690756
mean_and_kernel,kernel_only,15,1,nll,efflux,-0.0034759580100987,-0.0098696426184683,0.0037216048956725
mean_and_kernel,kernel_only,15,1,nll,in_vivo_clearance,-0.0059169655968656,-0.011885822123479,-4.569249926679938e-05
mean_and_kernel,kernel_only,15,1,nll,microsomal_clearance,-0.0001165703738592,-0.0046269989730074,0.0046898376072399
mean_and_kernel,kernel_only,15,1,nll,permeability,-0.0147727090413206,-0.022632505058333,-0.0065883947603707
mean_and_kernel,kernel_only,15,1,nll,protein_binding,-0.0013092047011142,-0.0129090463458738,0.0136801177097812
mean_and_kernel,kernel_only,15,1,nll,macro,-0.0044011049880317,-0.0079120925133158,-0.000186887675502
mean_and_kernel,kernel_only,15,2,r2,cellular_clearance,-0.0042253159198964,-0.0102913746308116,0.0011229636985876
mean_and_kernel,kernel_only,15,2,r2,efflux,0.0007149281045189,-0.00437971131818,0.0056494646472786
mean_and_kernel,kernel_only,15,2,r2,in_vivo_clearance,0.0018084005634097,-0.0020586249601552,0.0056410194593396
mean_and_kernel,kernel_only,15,2,r2,microsomal_clearance,0.0024934078233243,-0.0012677454027331,0.0067807143185083
mean_and_kernel,kernel_only,15,2,r2,permeability,-0.0069691892345166,-0.016336930642785,0.001872307456056
mean_and_kernel,kernel_only,15,2,r2,protein_binding,0.0060460740466876,-0.0020211417467786,0.0234242498365055
mean_and_kernel,kernel_only,15,2,r2,macro,-2.194910274538062e-05,-0.0021637792922977,0.003303926961897
mean_and_kernel,kernel_only,15,2,rho,cellular_clearance,0.0014414000277936,-0.0096460078260248,0.011070310660961
mean_and_kernel,kernel_only,15,2,rho,efflux,0.0039777661501257,-0.0085317466900452,0.0171115262302488
mean_and_kernel,kernel_only,15,2,rho,in_vivo_clearance,0.0179123639315366,-0.0032927223822722,0.0441378355558079
mean_and_kernel,kernel_only,15,2,rho,microsomal_clearance,0.0060766375677879,-0.0005816727792837,0.0134622397937516
mean_and_kernel,kernel_only,15,2,rho,permeability,-0.0101149205428858,-0.0278736401411873,0.0052126654821905
mean_and_kernel,kernel_only,15,2,rho,protein_binding,0.0093282389877871,-0.0069906167209976,0.0250849857503967
mean_and_kernel,kernel_only,15,2,rho,macro,0.0047702476870242,-0.0018694519506604,0.0110128551563316
mean_and_kernel,kernel_only,15,2,nll,cellular_clearance,-0.0076330094655267,-0.0173043333740089,0.0023642180017047
mean_and_kernel,kernel_only,15,2,nll,efflux,-0.0077906885671447,-0.0159248577861688,-0.0004189442218103
mean_and_kernel,kernel_only,15,2,nll,in_vivo_clearance,-0.0036142929343777,-0.0134636539874094,0.0025445849989696
mean_and_kernel,kernel_only,15,2,nll,microsomal_clearance,0.0014840105344639,-0.0039836100935344,0.0073314591257988
mean_and_kernel,kernel_only,15,2,nll,permeability,0.0011107472786644,-0.009640234319669,0.0120654865504686
mean_and_kernel,kernel_only,15,2,nll,protein_binding,0.011091599947273,-0.0002544592525529,0.026583313507931
mean_and_kernel,kernel_only,15,2,nll,macro,-0.0008919388677746,-0.0044086733434781,0.0031762948401354
mean_and_kernel,kernel_only,15,3,r2,cellular_clearance,-0.0003097146721164,-0.0069674206648511,0.0046889675107396
mean_and_kernel,kernel_only,15,3,r2,efflux,0.0007531446366669,-0.0031236015922458,0.0045406710015388
mean_and_kernel,kernel_only,15,3,r2,in_vivo_clearance,0.0026312125363511,0.0003713420529972,0.0051139596739843
mean_and_kernel,kernel_only,15,3,r2,microsomal_clearance,0.0028635509866193,-0.0003543927476577,0.0062511975615236
mean_and_kernel,kernel_only,15,3,r2,permeability,-0.0062339305117808,-0.014878239741582,0.0009683586640719
mean_and_kernel,kernel_only,15,3,r2,protein_binding,0.0053938747507359,0.0001520036105012,0.017291961655394
mean_and_kernel,kernel_only,15,3,r2,macro,0.0008496896210793,-0.0011500059844244,0.0030484713281008
mean_and_kernel,kernel_only,15,3,rho,cellular_clearance,-0.002319603690214,-0.0132005176103037,0.0070485012054234
mean_and_kernel,kernel_only,15,3,rho,efflux,-0.0053767348467199,-0.0170553707985412,0.0070081653520863
mean_and_kernel,kernel_only,15,3,rho,in_vivo_clearance,0.0018084520101547,-0.0110814672012236,0.012442376768074
mean_and_kernel,kernel_only,15,3,rho,microsomal_clearance,0.0041980118034196,-0.0035006753983352,0.0113114793283468
mean_and_kernel,kernel_only,15,3,rho,permeability,0.0099708216989205,-0.0043527048617608,0.0230481660819571
mean_and_kernel,kernel_only,15,3,rho,protein_binding,-0.0010447156925996,-0.0210337351406415,0.0145840931599677
mean_and_kernel,kernel_only,15,3,rho,macro,0.0012060385471602,-0.0045466819112527,0.0060538262844147
mean_and_kernel,kernel_only,15,3,nll,cellular_clearance,-0.0043909984914786,-0.0152679056403393,0.0066780633165755
mean_and_kernel,kernel_only,15,3,nll,efflux,-0.0063362853847331,-0.0156036853043568,0.0009654577080648
mean_and_kernel,kernel_only,15,3,nll,in_vivo_clearance,0.0002182772070259,-0.0060953832294946,0.0048192355598893
mean_and_kernel,kernel_only,15,3,nll,microsomal_clearance,0.0022356287832212,-0.0027326638736272,0.0075521878614183
mean_and_kernel,kernel_only,15,3,nll,permeability,-0.0047428703929592,-0.0154648126901006,0.0052259183029344
mean_and_kernel,kernel_only,15,3,nll,protein_binding,0.0066483452134859,-0.002899291766041,0.0179360399431022
mean_and_kernel,kernel_only,15,3,nll,macro,-0.0010613171775729,-0.0046976799682368,0.0025175382482554
mean_and_kernel,kernel_only,15,5,r2,cellular_clearance,0.0018838415022618,-0.0037192626539583,0.0059548201587747
mean_and_kernel,kernel_only,15,5,r2,efflux,-0.0001608085026832,-0.0048393625280401,0.0040767460499012
mean_and_kernel,kernel_only,15,5,r2,in_vivo_clearance,0.002129995082866,-0.0003413568895395,0.0049858709620875
mean_and_kernel,kernel_only,15,5,r2,microsomal_clearance,0.0029702300235761,0.0009325444980456,0.0052537666741016
mean_and_kernel,kernel_only,15,5,r2,permeability,-0.0055043193026828,-0.0132513388503143,0.0010723669771731
mean_and_kernel,kernel_only,15,5,r2,protein_binding,0.0032568666466392,-2.821723377138403e-05,0.0091990067219539
mean_and_kernel,kernel_only,15,5,r2,macro,0.0007626342416628,-0.001212956506789,0.0026050494578732
mean_and_kernel,kernel_only,15,5,rho,cellular_clearance,0.0021953797863445,-0.0087818245946252,0.0119188256510922
mean_and_kernel,kernel_only,15,5,rho,efflux,-0.0080355436023738,-0.0189081566959459,0.0024943433343516
mean_and_kernel,kernel_only,15,5,rho,in_vivo_clearance,0.0080389670655131,-0.0043268298982824,0.0188888874670697
mean_and_kernel,kernel_only,15,5,rho,microsomal_clearance,0.0070150463465818,0.0006800112312778,0.0134733461735242
mean_and_kernel,kernel_only,15,5,rho,permeability,-0.0123528028527895,-0.0268881875258936,0.00116590161194
mean_and_kernel,kernel_only,15,5,rho,protein_binding,0.005143290357382,-0.0121980918936879,0.0231127492989233
mean_and_kernel,kernel_only,15,5,rho,macro,0.000334056183443,-0.0049290746741757,0.0051982495000403
mean_and_kernel,kernel_only,15,5,nll,cellular_clearance,-0.00144484392764,-0.0131369633422474,0.0107728306076455
mean_and_kernel,kernel_only,15,5,nll,efflux,-0.0071287087457229,-0.015111620700819,-0.0001234120250545
mean_and_kernel,kernel_only,15,5,nll,in_vivo_clearance,0.0013236536403767,-0.0029190646576616,0.0048761285157936
mean_and_kernel,kernel_only,15,5,nll,microsomal_clearance,0.0021116819251435,-0.0025462954788892,0.0070893234226997
mean_and_kernel,kernel_only,15,5,nll,permeability,-0.0046043910318728,-0.0152722749919309,0.0053151592242859
mean_and_kernel,kernel_only,15,5,nll,protein_binding,0.0030653734494414,-0.004943581849379,0.0123070558073448
mean_and_kernel,kernel_only,15,5,nll,macro,-0.001112872448379,-0.0044344486363553,0.0022331663267187
mean_and_kernel,kernel_only,15,10,r2,cellular_clearance,0.0004881152816933,-0.0050196888494542,0.0045567759903471
mean_and_kernel,kernel_only,15,10,r2,efflux,-0.0018381253798846,-0.0057223664701921,0.0014663104633543
mean_and_kernel,kernel_only,15,10,r2,in_vivo_clearance,0.0013307978849063,-0.0006183617284047,0.0033674102386772
mean_and_kernel,kernel_only,15,10,r2,microsomal_clearance,0.0016324080859441,0.0003316295316912,0.0031110083731047
mean_and_kernel,kernel_only,15,10,r2,permeability,-0.0028138102426799,-0.0101455884696997,0.0032367831436469
mean_and_kernel,kernel_only,15,10,r2,protein_binding,0.0012563519616597,-0.0028646913374623,0.0037112497522284
mean_and_kernel,kernel_only,15,10,r2,macro,9.289598606492717e-06,-0.0018833170297664,0.0015195113889152
mean_and_kernel,kernel_only,15,10,rho,cellular_clearance,0.0010587393024946,-0.0130846283827469,0.0124154950512182
mean_and_kernel,kernel_only,15,10,rho,efflux,0.0029801663149286,-0.0089357541117589,0.014189825350577
mean_and_kernel,kernel_only,15,10,rho,in_vivo_clearance,0.0050259786471724,-0.0100000003388979,0.0158766305865719
mean_and_kernel,kernel_only,15,10,rho,microsomal_clearance,0.0039239947238578,-0.0023698791352422,0.0103764575252057
mean_and_kernel,kernel_only,15,10,rho,permeability,-0.0021244891298313,-0.0157139109731449,0.0134183496949065
mean_and_kernel,kernel_only,15,10,rho,protein_binding,0.00697769949382,-0.0110157036692059,0.0288672100725728
mean_and_kernel,kernel_only,15,10,rho,macro,0.0029736815587403,-0.003359883936746,0.0085775506389508
mean_and_kernel,kernel_only,15,10,nll,cellular_clearance,-0.0022801589117928,-0.0156391433624409,0.0122646330797634
mean_and_kernel,kernel_only,15,10,nll,efflux,-0.0084335764563214,-0.0153957376327999,-0.0024333011555991
mean_and_kernel,kernel_only,15,10,nll,in_vivo_clearance,0.0008845457512665,-0.0011640391237782,0.0026710458249188
mean_and_kernel,kernel_only,15,10,nll,microsomal_clearance,-0.0004590170510911,-0.005471808379235,0.0048293411541299
mean_and_kernel,kernel_only,15,10,nll,permeability,-0.0022363070697137,-0.0134795682559735,0.0077248450414011
mean_and_kernel,kernel_only,15,10,nll,protein_binding,-0.0007908796887745,-0.0098648379789647,0.0085969099294931
mean_and_kernel,kernel_only,15,10,nll,macro,-0.0022192322377378,-0.0058749142658592,0.0012574071649861
weighted_selected,mean_and_kernel,15,1,r2,cellular_clearance,-0.0011061937317096,-0.0160115441205635,0.0125727856963062
weighted_selected,mean_and_kernel,15,1,r2,efflux,0.0103863017843451,-0.0010988936476215,0.0209837484524005
weighted_selected,mean_and_kernel,15,1,r2,in_vivo_clearance,0.0051630730384084,-0.0104786545018436,0.0231919419698872
weighted_selected,mean_and_kernel,15,1,r2,microsomal_clearance,-0.0025709657452218,-0.0076458353686491,0.0019685622622273
weighted_selected,mean_and_kernel,15,1,r2,permeability,0.003259287298814,-0.0023460331902659,0.0088673663399737
weighted_selected,mean_and_kernel,15,1,r2,protein_binding,0.0066030399178124,-0.004421427206981,0.0212655144080518
weighted_selected,mean_and_kernel,15,1,r2,macro,0.003622423760408,-0.0012935749421817,0.0085148396874727
weighted_selected,mean_and_kernel,15,1,rho,cellular_clearance,-0.000764158169683,-0.0196060186847374,0.0179475654269186
weighted_selected,mean_and_kernel,15,1,rho,efflux,0.0830816803017148,0.0257671020855731,0.1492862170567968
weighted_selected,mean_and_kernel,15,1,rho,in_vivo_clearance,0.0730779357254505,-0.0199719923001248,0.2028109223247093
weighted_selected,mean_and_kernel,15,1,rho,microsomal_clearance,0.0007354224973708,-0.0041259524684676,0.0057007923704384
weighted_selected,mean_and_kernel,15,1,rho,permeability,-0.0012680406682193,-0.0100774440117071,0.0064349500600912
weighted_selected,mean_and_kernel,15,1,rho,protein_binding,-0.0054136659724242,-0.0272468016800945,0.0154713544695681
weighted_selected,mean_and_kernel,15,1,rho,macro,0.0249081956190349,0.0053490981249611,0.0493358303016326
weighted_selected,mean_and_kernel,15,1,nll,cellular_clearance,-0.0028469810011885,-0.0122868482474647,0.0059332727491993
weighted_selected,mean_and_kernel,15,1,nll,efflux,0.0096752786830917,0.002723651451001,0.0171202758885266
weighted_selected,mean_and_kernel,15,1,nll,in_vivo_clearance,0.0109078084962694,0.0011121060600986,0.0217203713613325
weighted_selected,mean_and_kernel,15,1,nll,microsomal_clearance,-0.0018625054780001,-0.0048088707089037,0.0007629357416091
weighted_selected,mean_and_kernel,15,1,nll,permeability,0.00410309861936,-0.0003838275956151,0.0087481507295379
weighted_selected,mean_and_kernel,15,1,nll,protein_binding,-0.0025922474090736,-0.0154224154145555,0.0122989221915734
weighted_selected,mean_and_kernel,15,1,nll,macro,0.0028974086517431,-0.0006429563878808,0.0066534629002159
weighted_selected,mean_and_kernel,15,2,r2,cellular_clearance,-0.0125599300716296,-0.0266178443240761,0.0013243009702324
weighted_selected,mean_and_kernel,15,2,r2,efflux,-0.0017838475873842,-0.0170789978753822,0.0122290130491258
weighted_selected,mean_and_kernel,15,2,r2,in_vivo_clearance,-0.0084191705015974,-0.0238982250835359,0.0084681961481919
weighted_selected,mean_and_kernel,15,2,r2,microsomal_clearance,-0.00609547382446,-0.0098204909805137,-0.0029025472422023
weighted_selected,mean_and_kernel,15,2,r2,permeability,-0.0153087986650399,-0.0253832156664378,-0.0045275715559222
weighted_selected,mean_and_kernel,15,2,r2,protein_binding,-0.0177510335041066,-0.0263399515254395,-0.0002956506402904
weighted_selected,mean_and_kernel,15,2,r2,macro,-0.0103197090257029,-0.0144588516536371,-0.0046738551671595
weighted_selected,mean_and_kernel,15,2,rho,cellular_clearance,0.0051148997926259,-0.0126697833546333,0.0244233266325381
weighted_selected,mean_and_kernel,15,2,rho,efflux,0.0142917428303647,-0.0141359796215599,0.0447459809348202
weighted_selected,mean_and_kernel,15,2,rho,in_vivo_clearance,0.0316266025975346,-0.0053737079914768,0.0799999995136304
weighted_selected,mean_and_kernel,15,2,rho,microsomal_clearance,-0.006600900599626,-0.0118223586627524,-0.0017173145162193
weighted_selected,mean_and_kernel,15,2,rho,permeability,-0.0047084627155628,-0.0178994628206059,0.0071107986658341
weighted_selected,mean_and_kernel,15,2,rho,protein_binding,-0.0190830254927277,-0.0449140025349397,0.0004378103697672
weighted_selected,mean_and_kernel,15,2,rho,macro,0.0034401427354347,-0.0056938679983035,0.013743098728418
weighted_selected,mean_and_kernel,15,2,nll,cellular_clearance,-0.0127146555372884,-0.0295338675366706,0.0017237437745126
weighted_selected,mean_and_kernel,15,2,nll,efflux,0.0164351043943166,-0.0003480270794751,0.0390349298816905
weighted_selected,mean_and_kernel,15,2,nll,in_vivo_clearance,0.0015326013510194,-0.0194464048816024,0.0218081686044123
weighted_selected,mean_and_kernel,15,2,nll,microsomal_clearance,-0.0039937674363681,-0.0073758099432037,-0.0009267176740343
weighted_selected,mean_and_kernel,15,2,nll,permeability,-0.011180588893384,-0.0209705361077439,-0.0014166858625403
weighted_selected,mean_and_kernel,15,2,nll,protein_binding,-0.0063155531612494,-0.0179250290802875,0.0056580786898351
weighted_selected,mean_and_kernel,15,2,nll,macro,-0.0027061432138256,-0.0089482009993648,0.0040110661172557
weighted_selected,mean_and_kernel,15,3,r2,cellular_clearance,-0.0097979810019202,-0.0183328362334049,-0.0014050304787158
weighted_selected,mean_and_kernel,15,3,r2,efflux,-0.0125396206335642,-0.0290179570293976,0.0049827246457547
weighted_selected,mean_and_kernel,15,3,r2,in_vivo_clearance,0.0033526558475187,-0.0069245892893279,0.0134136341516021
weighted_selected,mean_and_kernel,15,3,r2,microsomal_clearance,-0.0047681453961707,-0.007762715674564,-0.0022520171619145
weighted_selected,mean_and_kernel,15,3,r2,permeability,-0.0058288107611591,-0.0142785768931564,0.0039826851411282
weighted_selected,mean_and_kernel,15,3,r2,protein_binding,-0.0221713797390287,-0.035460228793448,0.0005665946282428
weighted_selected,mean_and_kernel,15,3,r2,macro,-0.0086255469473873,-0.0142692792251209,-0.0012199306997558
weighted_selected,mean_and_kernel,15,3,rho,cellular_clearance,0.0109438189149489,-0.0047211615273536,0.028353933548547
weighted_selected,mean_and_kernel,15,3,rho,efflux,0.0218008358169484,0.0014290387244321,0.043392161198299
weighted_selected,mean_and_kernel,15,3,rho,in_vivo_clearance,0.0345259787887334,0.0052163849091488,0.0725657564388321
weighted_selected,mean_and_kernel,15,3,rho,microsomal_clearance,-0.0035374839934619,-0.0082836240265232,0.0013145481119571
weighted_selected,mean_and_kernel,15,3,rho,permeability,-0.0102169345546927,-0.0195815675410652,-0.0001347937226095
weighted_selected,mean_and_kernel,15,3,rho,protein_binding,-0.0106676377412496,-0.0291326796294777,0.0071664819080382
weighted_selected,mean_and_kernel,15,3,rho,macro,0.0071414295385377,-0.0005933191676582,0.0164709645526684
weighted_selected,mean_and_kernel,15,3,nll,cellular_clearance,-0.01062677239339,-0.02374092063002,0.0003782702518391
weighted_selected,mean_and_kernel,15,3,nll,efflux,0.0047398434239291,-0.0092662526857316,0.0211767036289937
weighted_selected,mean_and_kernel,15,3,nll,in_vivo_clearance,0.0103670542125451,-0.0051444474572535,0.0298754214583376
weighted_selected,mean_and_kernel,15,3,nll,microsomal_clearance,-0.00416060291545,-0.0075556204539491,-0.0010916653228593
weighted_selected,mean_and_kernel,15,3,nll,permeability,-0.0056947603851448,-0.0134323676718657,0.0023958844442781
weighted_selected,mean_and_kernel,15,3,nll,protein_binding,-0.0025547357737644,-0.0196246150398613,0.0086458225772041
weighted_selected,mean_and_kernel,15,3,nll,macro,-0.0013216623052125,-0.0064335325568742,0.004137563800325
weighted_selected,mean_and_kernel,15,5,r2,cellular_clearance,-0.0023847746230986,-0.0084281999356776,0.0034567533508904
weighted_selected,mean_and_kernel,15,5,r2,efflux,3.4141822602398766e-05,-0.0113204230755791,0.0112444959233778
weighted_selected,mean_and_kernel,15,5,r2,in_vivo_clearance,0.0055079234714426,-0.0007527418828354,0.013680771912898
weighted_selected,mean_and_kernel,15,5,r2,microsomal_clearance,-0.0010279626669073,-0.003324550732916,0.0011557693784853
weighted_selected,mean_and_kernel,15,5,r2,permeability,-0.0031115679000156,-0.0099963921321747,0.0040577053238665
weighted_selected,mean_and_kernel,15,5,r2,protein_binding,-0.0203464152080032,-0.0337971621259092,0.0028327045382196
weighted_selected,mean_and_kernel,15,5,r2,macro,-0.0035547758506633,-0.0077491323548368,0.002330562364747
weighted_selected,mean_and_kernel,15,5,rho,cellular_clearance,-0.0035989530856096,-0.0189772787989235,0.0124399127394581
weighted_selected,mean_and_kernel,15,5,rho,efflux,0.0279737077791381,0.012701888111989,0.0442449386830562
weighted_selected,mean_and_kernel,15,5,rho,in_vivo_clearance,0.0194220652431249,-0.0189490976648937,0.0744788133408508
weighted_selected,mean_and_kernel,15,5,rho,microsomal_clearance,-0.0003431250474662,-0.0052184443948273,0.0042255923174684
weighted_selected,mean_and_kernel,15,5,rho,permeability,-0.0008389467683931,-0.0097526977672463,0.0080552341882139
weighted_selected,mean_and_kernel,15,5,rho,protein_binding,-0.001069531047886,-0.0160845509341315,0.0105262890255877
weighted_selected,mean_and_kernel,15,5,rho,macro,0.0069242028454846,-0.0006545441193829,0.0160895569813013
weighted_selected,mean_and_kernel,15,5,nll,cellular_clearance,-0.0036970065987708,-0.0142079817136175,0.0062026037701604
weighted_selected,mean_and_kernel,15,5,nll,efflux,0.0082787599750047,-0.0071660407103561,0.0259284817596519
weighted_selected,mean_and_kernel,15,5,nll,in_vivo_clearance,0.0149632723829022,0.000170276513475,0.0351966804537546
weighted_selected,mean_and_kernel,15,5,nll,microsomal_clearance,-0.0014598447860356,-0.0046133835657791,0.0017034625114221
weighted_selected,mean_and_kernel,15,5,nll,permeability,-0.0050483283025745,-0.0134580714898396,0.0032713122920761
weighted_selected,mean_and_kernel,15,5,nll,protein_binding,-0.0028524141901023,-0.0146204500872978,0.006929887224551
weighted_selected,mean_and_kernel,15,5,nll,macro,0.0016974064134039,-0.0030751825823617,0.0074817623475364
weighted_selected,mean_and_kernel,15,10,r2,cellular_clearance,-0.00732051766002,-0.0160007500850871,-0.0004706490763975
weighted_selected,mean_and_kernel,15,10,r2,efflux,-0.0050459091209151,-0.0132255550644465,0.0032486542314017
weighted_selected,mean_and_kernel,15,10,r2,in_vivo_clearance,0.0133383742944182,0.0017816570660306,0.0295378970847491
weighted_selected,mean_and_kernel,15,10,r2,microsomal_clearance,-0.0014013407346806,-0.0034030105852685,0.0005952762247268
weighted_selected,mean_and_kernel,15,10,r2,permeability,0.000348796623014,-0.0035487197802905,0.0045352769102821
weighted_selected,mean_and_kernel,15,10,r2,protein_binding,-0.0005691431695813,-0.0071124998354321,0.0035198547416289
weighted_selected,mean_and_kernel,15,10,r2,macro,-0.0001082899612941,-0.0031206944083122,0.0034609916887162
weighted_selected,mean_and_kernel,15,10,rho,cellular_clearance,-0.0165053910052043,-0.0347268391424755,-0.0001642331078017
weighted_selected,mean_and_kernel,15,10,rho,efflux,0.003515499740563,-0.0125255273186929,0.0194226582253165
weighted_selected,mean_and_kernel,15,10,rho,in_vivo_clearance,0.005512988679111,-0.0153346056765876,0.0327470427418925
weighted_selected,mean_and_kernel,15,10,rho,microsomal_clearance,-0.0016518628560791,-0.0071958424440756,0.0038097310052336
weighted_selected,mean_and_kernel,15,10,rho,permeability,-0.0018284320934779,-0.0131405634755262,0.0099306608752291
weighted_selected,mean_and_kernel,15,10,rho,protein_binding,-0.007017289214965,-0.0185943830113064,0.0103628319973386
weighted_selected,mean_and_kernel,15,10,rho,macro,-0.0029957477916754,-0.0090518262673157,0.0044508822846274
weighted_selected,mean_and_kernel,15,10,nll,cellular_clearance,-0.0116256255769266,-0.0266344661615991,9.279487660023308e-05
weighted_selected,mean_and_kernel,15,10,nll,efflux,-0.0018295783311127,-0.0172654131979979,0.0166099369480549
weighted_selected,mean_and_kernel,15,10,nll,in_vivo_clearance,0.0220425468196875,0.0035181966677722,0.046980763022779
weighted_selected,mean_and_kernel,15,10,nll,microsomal_clearance,-0.0018463311976571,-0.0054072631620521,0.0015942796359399
weighted_selected,mean_and_kernel,15,10,nll,permeability,-0.0078156826704818,-0.0160167645901493,-3.45353684247976e-05
weighted_selected,mean_and_kernel,15,10,nll,protein_binding,-0.0027542434952778,-0.0147612005761615,0.0082231151646086
weighted_selected,mean_and_kernel,15,10,nll,macro,-0.0006381524086281,-0.0056204764754605,0.0055406965272358
mean_and_kernel,gp,15,1,r2,cellular_clearance,0.0037280758907392,-0.0373211981971435,0.0503229315580394
mean_and_kernel,gp,15,1,r2,efflux,0.01081483553004,-0.077981282547272,0.1068802592078817
mean_and_kernel,gp,15,1,r2,in_vivo_clearance,-0.0054490324401765,-0.0568019461359558,0.0471258892288176
mean_and_kernel,gp,15,1,r2,microsomal_clearance,-0.0391305979673239,-0.0565699243887225,-0.0214617764554048
mean_and_kernel,gp,15,1,r2,permeability,0.0363943342897739,-0.0209701192315645,0.105049525194643
mean_and_kernel,gp,15,1,r2,protein_binding,0.0042536887523586,-0.0563525422434083,0.1530994417675443
mean_and_kernel,gp,15,1,r2,macro,0.0017685506759019,-0.0224274301155224,0.0383168742839066
mean_and_kernel,gp,15,1,rho,cellular_clearance,0.105097020942362,0.0369679840389605,0.1671591863172214
mean_and_kernel,gp,15,1,rho,efflux,0.0804442889641571,-0.0193584401185238,0.1937835020998756
mean_and_kernel,gp,15,1,rho,in_vivo_clearance,-0.0105519574440351,-0.2156498924312426,0.2103363352304432
mean_and_kernel,gp,15,1,rho,microsomal_clearance,-0.0021054694045502,-0.0238029756949923,0.0176323483126593
mean_and_kernel,gp,15,1,rho,permeability,0.1186436147186583,0.0273690918509962,0.2265590983739773
mean_and_kernel,gp,15,1,rho,protein_binding,0.0518823892660787,-0.0070726347621843,0.1188937071927196
mean_and_kernel,gp,15,1,rho,macro,0.0572349811737784,0.0131938074179889,0.1080727929103306
mean_and_kernel,gp,15,1,nll,cellular_clearance,0.0201597469928603,-0.0149893216969792,0.0584953013816834
mean_and_kernel,gp,15,1,nll,efflux,-0.0060467906687935,-0.0562135945816842,0.0487982472061794
mean_and_kernel,gp,15,1,nll,in_vivo_clearance,0.0034958912084229,-0.0826769786597423,0.07696092114539
mean_and_kernel,gp,15,1,nll,microsomal_clearance,-0.0150155171016886,-0.0268526085003978,-0.003027410853344
mean_and_kernel,gp,15,1,nll,permeability,0.0367217213555847,-1.9781709241832845e-05,0.0776189766226413
mean_and_kernel,gp,15,1,nll,protein_binding,0.1076594988754821,0.0273531375327384,0.180818443522883
mean_and_kernel,gp,15,1,nll,macro,0.0244957584436446,0.0002687345735553,0.0483179121711382
mean_and_kernel,gp,15,2,r2,cellular_clearance,0.0190657661128353,-0.0075448116521539,0.0519588913740863
mean_and_kernel,gp,15,2,r2,efflux,0.0305038290788226,-0.0336822511654369,0.1024323339181775
mean_and_kernel,gp,15,2,r2,in_vivo_clearance,-0.023382555457695,-0.0568608985209725,0.0049678135816396
mean_and_kernel,gp,15,2,r2,microsomal_clearance,-0.0081134304183005,-0.0168624147022287,0.0011907890453593
mean_and_kernel,gp,15,2,r2,permeability,0.0338185102222236,-0.0027445070294965,0.0774774373551938
mean_and_kernel,gp,15,2,r2,protein_binding,0.0118582153504543,-0.035167572097948,0.1195092895893862
mean_and_kernel,gp,15,2,r2,macro,0.0106250558147233,-0.0078614471389853,0.0390500391176351
mean_and_kernel,gp,15,2,rho,cellular_clearance,0.0588924091535232,0.0082426288601042,0.1052808435254448
mean_and_kernel,gp,15,2,rho,efflux,0.0413278596482909,-0.0350598477505638,0.1215416262869649
mean_and_kernel,gp,15,2,rho,in_vivo_clearance,-0.0423571198273409,-0.1484117709084501,0.0623972154678463
mean_and_kernel,gp,15,2,rho,microsomal_clearance,-0.0023927482355623,-0.0237472315810191,0.0158522278977872
mean_and_kernel,gp,15,2,rho,permeability,0.0878587731758195,0.0272376432094702,0.1611697067228349
mean_and_kernel,gp,15,2,rho,protein_binding,0.0608886349392517,0.0036721778468412,0.1299720703227715
mean_and_kernel,gp,15,2,rho,macro,0.0340363014756637,0.0068568564476149,0.0644917047248181
mean_and_kernel,gp,15,2,nll,cellular_clearance,0.0033862247990024,-0.0331467686910164,0.0468482709286052
mean_and_kernel,gp,15,2,nll,efflux,-0.0152671493057164,-0.0817428979054894,0.0552341186235038
mean_and_kernel,gp,15,2,nll,in_vivo_clearance,0.027316532200837,-0.0549522834066131,0.1450131001362673
mean_and_kernel,gp,15,2,nll,microsomal_clearance,-0.0094897876800553,-0.0368103228136472,0.02506890509114
mean_and_kernel,gp,15,2,nll,permeability,0.0390101047380467,-0.006808105387001,0.0876257467785049
mean_and_kernel,gp,15,2,nll,protein_binding,0.1268469500024679,0.0218137320285398,0.2131859138745405
mean_and_kernel,gp,15,2,nll,macro,0.028633812459097,-9.359124342884318e-05,0.0586397765563736
mean_and_kernel,gp,15,3,r2,cellular_clearance,0.014230867720517,-0.009752317664911,0.0389905973008131
mean_and_kernel,gp,15,3,r2,efflux,0.0102264060996461,-0.0318628543093103,0.0581801007990266
mean_and_kernel,gp,15,3,r2,in_vivo_clearance,-0.0138832608735704,-0.0423971849753462,0.0164672635990534
mean_and_kernel,gp,15,3,r2,microsomal_clearance,-0.006335823395262,-0.0142279829254093,0.0016630123582172
mean_and_kernel,gp,15,3,r2,permeability,0.0251013922381749,-0.0061382015183191,0.0593058064238556
mean_and_kernel,gp,15,3,r2,protein_binding,0.0194232633624543,-0.0139169407094807,0.0986208087666463
mean_and_kernel,gp,15,3,r2,macro,0.0081271408586599,-0.0039911197793609,0.0269281330545905
mean_and_kernel,gp,15,3,rho,cellular_clearance,0.032804610901596,-0.014170071661002,0.0780025619774942
mean_and_kernel,gp,15,3,rho,efflux,0.0033488067882266,-0.0593061406505732,0.0718840624449157
mean_and_kernel,gp,15,3,rho,in_vivo_clearance,-0.0578084520553223,-0.1566983423601241,0.025448318236863
mean_and_kernel,gp,15,3,rho,microsomal_clearance,-0.011095196514554,-0.0315250335426004,0.0069778501990761
mean_and_kernel,gp,15,3,rho,permeability,0.0659978236704594,0.0212179552117196,0.118961568477872
mean_and_kernel,gp,15,3,rho,protein_binding,0.0581122856588946,-0.0031259464663582,0.1339531323022545
mean_and_kernel,gp,15,3,rho,macro,0.0152266464082167,-0.0069222484117774,0.0393636643232089
mean_and_kernel,gp,15,3,nll,cellular_clearance,0.0197095404703539,-0.0141036432762776,0.0579481114400851
mean_and_kernel,gp,15,3,nll,efflux,-0.0102099982721211,-0.078420803220656,0.061525103961047
mean_and_kernel,gp,15,3,nll,in_vivo_clearance,0.0318128588335788,-0.0525222128232577,0.1459507341185839
mean_and_kernel,gp,15,3,nll,microsomal_clearance,0.0002514265693774,-0.0261250546503684,0.037062237879622
mean_and_kernel,gp,15,3,nll,permeability,0.0451522479057626,4.82089996316136e-06,0.095380649432409
mean_and_kernel,gp,15,3,nll,protein_binding,0.1416178523404861,0.0286456293989496,0.2307516844858458
mean_and_kernel,gp,15,3,nll,macro,0.0380556546412396,0.0078387569005293,0.067108844547388
mean_and_kernel,gp,15,5,r2,cellular_clearance,0.0102926894576159,-0.0088317851347893,0.0277185751315869
mean_and_kernel,gp,15,5,r2,efflux,0.0053379973453555,-0.0304353228851937,0.0418119149481107
mean_and_kernel,gp,15,5,r2,in_vivo_clearance,-0.017645753432702,-0.0401197270858012,0.0057925920831104
mean_and_kernel,gp,15,5,r2,microsomal_clearance,-0.0064136519316351,-0.0149670974913365,0.0013027757905339
mean_and_kernel,gp,15,5,r2,permeability,0.012878972983961,-0.0139155091111812,0.0386349425782265
mean_and_kernel,gp,15,5,r2,protein_binding,0.0207874779522382,-0.0093975634285092,0.0889934312068726
mean_and_kernel,gp,15,5,r2,macro,0.0042062887291389,-0.0052724765286455,0.0186041207918695
mean_and_kernel,gp,15,5,rho,cellular_clearance,0.0149257729120311,-0.0258143450721904,0.0570614159516228
mean_and_kernel,gp,15,5,rho,efflux,-0.0097241199073352,-0.0583213607720504,0.0429934053870455
mean_and_kernel,gp,15,5,rho,in_vivo_clearance,-0.052590925152798,-0.1384098314104407,0.0137956741177393
mean_and_kernel,gp,15,5,rho,microsomal_clearance,-0.0092559634926401,-0.0269574215956125,0.0068595894121845
mean_and_kernel,gp,15,5,rho,permeability,0.0251014659159205,-0.0155920809647107,0.070730264601663
mean_and_kernel,gp,15,5,rho,protein_binding,0.0539181897516962,-0.0007264407358011,0.122065318667059
mean_and_kernel,gp,15,5,rho,macro,0.003729070004479,-0.015729511065535,0.0244771727273744
mean_and_kernel,gp,15,5,nll,cellular_clearance,0.0136014058041932,-0.0177321031350734,0.0485588845246583
mean_and_kernel,gp,15,5,nll,efflux,-0.009747575870418,-0.0737468352355218,0.0604798603304877
mean_and_kernel,gp,15,5,nll,in_vivo_clearance,0.0302368662362212,-0.0699159217724642,0.1655359053005213
mean_and_kernel,gp,15,5,nll,microsomal_clearance,-0.0029881894120405,-0.0269407481028172,0.0296904167476602
mean_and_kernel,gp,15,5,nll,permeability,0.0328077857789078,-0.0175445325692828,0.0850239809721659
mean_and_kernel,gp,15,5,nll,protein_binding,0.1476939710594557,0.0354731343016528,0.2364383047987332
mean_and_kernel,gp,15,5,nll,macro,0.0352673772660532,0.0043587882723629,0.0650097681710134
mean_and_kernel,gp,15,10,r2,cellular_clearance,0.0058821687439367,-0.0131233315719479,0.0218040585791519
mean_and_kernel,gp,15,10,r2,efflux,0.0061592705078507,-0.0166057621983841,0.0284126623675101
mean_and_kernel,gp,15,10,r2,in_vivo_clearance,-0.0162684729314517,-0.0343165005761155,0.0008961833763233
mean_and_kernel,gp,15,10,r2,microsomal_clearance,-0.0082008809709544,-0.0164517197312451,-0.0004825480554569
mean_and_kernel,gp,15,10,r2,permeability,0.0007770159206908,-0.0209552052305561,0.0173622706066364
mean_and_kernel,gp,15,10,r2,protein_binding,0.0140037221489076,-0.0086441635980469,0.0646070467789737
mean_and_kernel,gp,15,10,r2,macro,0.0003921372364966,-0.0062530850702722,0.0100648824636562
mean_and_kernel,gp,15,10,rho,cellular_clearance,-0.0109951789621882,-0.0645348791013953,0.0332099243620519
mean_and_kernel,gp,15,10,rho,efflux,-0.0127577327219994,-0.0559464234334532,0.0297313747278863
mean_and_kernel,gp,15,10,rho,in_vivo_clearance,-0.0168830987294329,-0.1132712298475449,0.0596369170435373
mean_and_kernel,gp,15,10,rho,microsomal_clearance,-0.0023408612114577,-0.0163579261142585,0.011523694819464
mean_and_kernel,gp,15,10,rho,permeability,-0.0220158109298787,-0.0590009487517324,0.0166281643081962
mean_and_kernel,gp,15,10,rho,protein_binding,0.0456013689609183,-0.0112165834284063,0.1146313033358823
mean_and_kernel,gp,15,10,rho,macro,-0.0032318855990064,-0.0248535930027024,0.0167685965247606
mean_and_kernel,gp,15,10,nll,cellular_clearance,0.0058262267944377,-0.0307548227903601,0.0421897048379614
mean_and_kernel,gp,15,10,nll,efflux,-0.0129913034547381,-0.0781403676061771,0.0618003621708284
mean_and_kernel,gp,15,10,nll,in_vivo_clearance,0.0268577757448932,-0.1062237882824548,0.2196055603844011
mean_and_kernel,gp,15,10,nll,microsomal_clearance,-0.0114595812142455,-0.0353136495489666,0.0189596636132808
mean_and_kernel,gp,15,10,nll,permeability,0.0245330275283619,-0.0290300095615842,0.0821824152242204
mean_and_kernel,gp,15,10,nll,protein_binding,0.1517961627413943,0.0298940541201486,0.2483844586482017
mean_and_kernel,gp,15,10,nll,macro,0.0307603846900172,-0.005964369774963,0.0668039566887902
weighted_selected,gp,15,1,r2,cellular_clearance,0.0026218821590295,-0.0368962704927077,0.0488095372294497
weighted_selected,gp,15,1,r2,efflux,0.0212011373143851,-0.0623977524076221,0.1113612573476711
weighted_selected,gp,15,1,r2,in_vivo_clearance,-0.0002859594017681,-0.0558981471845618,0.059841883797183
weighted_selected,gp,15,1,r2,microsomal_clearance,-0.0417015637125457,-0.0586603027592668,-0.0243192062145627
weighted_selected,gp,15,1,r2,permeability,0.039653621588588,-0.0166460250587177,0.1078005021837801
weighted_selected,gp,15,1,r2,protein_binding,0.010856728670171,-0.0503455457477585,0.1597055664570139
weighted_selected,gp,15,1,r2,macro,0.0053909744363099,-0.0177770902950729,0.0415141664513637
weighted_selected,gp,15,1,rho,cellular_clearance,0.104332862772679,0.0382264276653567,0.1631115343924248
weighted_selected,gp,15,1,rho,efflux,0.1635259692658719,0.0858008620469354,0.2635230578255397
weighted_selected,gp,15,1,rho,in_vivo_clearance,0.0625259782814154,-0.1388811892149236,0.2863156975337579
weighted_selected,gp,15,1,rho,microsomal_clearance,-0.0013700469071794,-0.0228280884147296,0.0177490363104799
weighted_selected,gp,15,1,rho,permeability,0.117375574050439,0.0285937933385376,0.22241079448979
weighted_selected,gp,15,1,rho,protein_binding,0.0464687232936545,-0.0192026809050416,0.1216206352836984
weighted_selected,gp,15,1,rho,macro,0.0821431767928134,0.0398494174073121,0.1327414675409477
weighted_selected,gp,15,1,nll,cellular_clearance,0.0173127659916717,-0.0167351053179015,0.0542311081171768
weighted_selected,gp,15,1,nll,efflux,0.0036284880142982,-0.0439588586767411,0.0552149308977106
weighted_selected,gp,15,1,nll,in_vivo_clearance,0.0144036997046924,-0.0696355167413488,0.0864770650003028
weighted_selected,gp,15,1,nll,microsomal_clearance,-0.0168780225796888,-0.0287792144000328,-0.0049742469858207
weighted_selected,gp,15,1,nll,permeability,0.0408248199749448,0.0049767971566859,0.0815704001995733
weighted_selected,gp,15,1,nll,protein_binding,0.1050672514664084,0.0221744591435263,0.1847641081485841
weighted_selected,gp,15,1,nll,macro,0.0273931670953877,0.003175542095619,0.0512449884957025
weighted_selected,gp,15,2,r2,cellular_clearance,0.0065058360412056,-0.0200904901288171,0.0401416059991522
weighted_selected,gp,15,2,r2,efflux,0.0287199814914383,-0.0315773638703715,0.096920732284779
weighted_selected,gp,15,2,r2,in_vivo_clearance,-0.0318017259592925,-0.0660743340577769,0.0008736041946908
weighted_selected,gp,15,2,r2,microsomal_clearance,-0.0142089042427605,-0.0227140556776985,-0.0056318929746574
weighted_selected,gp,15,2,r2,permeability,0.0185097115571836,-0.0202040941103031,0.0648191377443285
weighted_selected,gp,15,2,r2,protein_binding,-0.0058928181536523,-0.0580632724129657,0.1109894184909651
weighted_selected,gp,15,2,r2,macro,0.0003053467890203,-0.0185830262417547,0.0307115790878634
weighted_selected,gp,15,2,rho,cellular_clearance,0.0640073089461491,0.0186813603948922,0.1066803748528595
weighted_selected,gp,15,2,rho,efflux,0.0556196024786557,-0.0117207589746679,0.1271158208892182
weighted_selected,gp,15,2,rho,in_vivo_clearance,-0.0107305172298062,-0.1188818188659542,0.103094027750232
weighted_selected,gp,15,2,rho,microsomal_clearance,-0.0089936488351883,-0.0298485478471936,0.0087812371369082
weighted_selected,gp,15,2,rho,permeability,0.0831503104602567,0.0259439865168733,0.1512697894812971
weighted_selected,gp,15,2,rho,protein_binding,0.041805609446524,-0.0191366127642276,0.1113238346605053
weighted_selected,gp,15,2,rho,macro,0.0374764442110985,0.010035341736386,0.069127046279435
weighted_selected,gp,15,2,nll,cellular_clearance,-0.0093284307382859,-0.0522456196786174,0.0388349078205571
weighted_selected,gp,15,2,nll,efflux,0.0011679550886001,-0.0595492584816788,0.0678185265328119
weighted_selected,gp,15,2,nll,in_vivo_clearance,0.0288491335518565,-0.0515834310051479,0.1519842351841116
weighted_selected,gp,15,2,nll,microsomal_clearance,-0.0134835551164235,-0.0397788502502047,0.0200437776778798
weighted_selected,gp,15,2,nll,permeability,0.0278295158446626,-0.0193911521636728,0.0796314269835609
weighted_selected,gp,15,2,nll,protein_binding,0.1205313968412185,0.0109543855580976,0.2118912796032787
weighted_selected,gp,15,2,nll,macro,0.0259276692452713,-0.0020179759509157,0.0578083402690135
weighted_selected,gp,15,3,r2,cellular_clearance,0.0044328867185968,-0.0188257365934712,0.0286868833330994
weighted_selected,gp,15,3,r2,efflux,-0.0023132145339181,-0.0456827995259267,0.0485441282272132
weighted_selected,gp,15,3,r2,in_vivo_clearance,-0.0105306050260516,-0.0393441818963102,0.0188025238657336
weighted_selected,gp,15,3,r2,microsomal_clearance,-0.0111039687914328,-0.0185753696594272,-0.0036722014087237
weighted_selected,gp,15,3,r2,permeability,0.0192725814770158,-0.0114959437429217,0.0551063275487123
weighted_selected,gp,15,3,r2,protein_binding,-0.0027481163765743,-0.0462693181642854,0.0938519306253498
weighted_selected,gp,15,3,r2,macro,-0.0004984060887274,-0.0147399991671445,0.0225131539212167
weighted_selected,gp,15,3,rho,cellular_clearance,0.043748429816545,0.0025757302211817,0.085005738425998
weighted_selected,gp,15,3,rho,efflux,0.0251496426051751,-0.0329398688263328,0.0912775467407371
weighted_selected,gp,15,3,rho,in_vivo_clearance,-0.0232824732665888,-0.1171757960647226,0.0586802435399687
weighted_selected,gp,15,3,rho,microsomal_clearance,-0.0146326805080159,-0.0340285866380779,0.0030557790642806
weighted_selected,gp,15,3,rho,permeability,0.0557808891157666,0.0076431456884738,0.1118166121612164
weighted_selected,gp,15,3,rho,protein_binding,0.0474446479176449,-0.0126273581353267,0.1217154372262827
weighted_selected,gp,15,3,rho,macro,0.0223680759467545,0.001227970072755,0.0464610608937696
weighted_selected,gp,15,3,nll,cellular_clearance,0.0090827680769639,-0.0277343541742194,0.0487104274094888
weighted_selected,gp,15,3,nll,efflux,-0.0054701548481919,-0.0715369805483184,0.0645639359951154
weighted_selected,gp,15,3,nll,in_vivo_clearance,0.0421799130461239,-0.039119715052703,0.1588251510872647
weighted_selected,gp,15,3,nll,microsomal_clearance,-0.0039091763460726,-0.0293299855112483,0.0325120058548283
weighted_selected,gp,15,3,nll,permeability,0.0394574875206178,-0.0074126908464723,0.0917564112733394
weighted_selected,gp,15,3,nll,protein_binding,0.1390631165667217,0.0174148276410581,0.2326916262811655
weighted_selected,gp,15,3,nll,macro,0.0367339923360271,0.0073029592371325,0.0668973199048226
weighted_selected,gp,15,5,r2,cellular_clearance,0.0079079148345173,-0.0100167695825487,0.0238969585733953
weighted_selected,gp,15,5,r2,efflux,0.0053721391679579,-0.027643116137982,0.0415065469313964
weighted_selected,gp,15,5,r2,in_vivo_clearance,-0.0121378299612594,-0.0355580312328437,0.0115704500006617
weighted_selected,gp,15,5,r2,microsomal_clearance,-0.0074416145985424,-0.0159480985394238,0.0001237475539718
weighted_selected,gp,15,5,r2,permeability,0.0097674050839454,-0.0146560853725418,0.0365704957241512
weighted_selected,gp,15,5,r2,protein_binding,0.000441062744235,-0.0407470507990271,0.0844457692401343
weighted_selected,gp,15,5,r2,macro,0.0006515128784756,-0.0101252311925056,0.0185490828363255
weighted_selected,gp,15,5,rho,cellular_clearance,0.0113268198264214,-0.0266641238581269,0.0503514844215283
weighted_selected,gp,15,5,rho,efflux,0.0182495878718029,-0.0274465770432655,0.0693915249753703
weighted_selected,gp,15,5,rho,in_vivo_clearance,-0.033168859909673,-0.1163997645527076,0.036518087617259
weighted_selected,gp,15,5,rho,microsomal_clearance,-0.0095990885401064,-0.0283332785358998,0.0078443720573843
weighted_selected,gp,15,5,rho,permeability,0.0242625191475274,-0.0159841486124895,0.0710944969154167
weighted_selected,gp,15,5,rho,protein_binding,0.0528486587038102,-6.913950153078755e-05,0.1167707881908125
weighted_selected,gp,15,5,rho,macro,0.0106532728499637,-0.0091389532587258,0.0318278177087824
weighted_selected,gp,15,5,nll,cellular_clearance,0.0099043992054223,-0.0223231421550504,0.0452246867302863
weighted_selected,gp,15,5,nll,efflux,-0.0014688158954132,-0.0631699789434136,0.0643211862609562
weighted_selected,gp,15,5,nll,in_vivo_clearance,0.0452001386191234,-0.0537934967915313,0.1819864222502144
weighted_selected,gp,15,5,nll,microsomal_clearance,-0.0044480341980762,-0.0279547291171331,0.0276063459531773
weighted_selected,gp,15,5,nll,permeability,0.0277594574763333,-0.0213213736939144,0.0808632144222086
weighted_selected,gp,15,5,nll,protein_binding,0.1448415568693534,0.026962098957997,0.23767299095461
weighted_selected,gp,15,5,nll,macro,0.0369647836794571,0.0078010997953235,0.0670505564152258
weighted_selected,gp,15,10,r2,cellular_clearance,-0.0014383489160832,-0.0236344828584611,0.0164673717070771
weighted_selected,gp,15,10,r2,efflux,0.0011133613869355,-0.0202915564614878,0.0243060315842622
weighted_selected,gp,15,10,r2,in_vivo_clearance,-0.0029300986370335,-0.0270357610549638,0.0239666012811392
weighted_selected,gp,15,10,r2,microsomal_clearance,-0.009602221705635,-0.0187805340871084,-0.0014707370180324
weighted_selected,gp,15,10,r2,permeability,0.0011258125437048,-0.0196953817821726,0.0173437860872133
weighted_selected,gp,15,10,r2,protein_binding,0.0134345789793263,-0.0089536296265098,0.0631945386241765
weighted_selected,gp,15,10,r2,macro,0.0002838472752024,-0.0072257771346109,0.0112293387308046
weighted_selected,gp,15,10,rho,cellular_clearance,-0.0275005699673926,-0.0831887793610392,0.0179651609467949
weighted_selected,gp,15,10,rho,efflux,-0.0092422329814364,-0.0543956739251443,0.0361467716218707
weighted_selected,gp,15,10,rho,in_vivo_clearance,-0.0113701100503218,-0.1060843893308073,0.0684097630864467
weighted_selected,gp,15,10,rho,microsomal_clearance,-0.0039927240675368,-0.0173673825191962,0.0088356014737096
weighted_selected,gp,15,10,rho,permeability,-0.0238442430233566,-0.0622181004978893,0.0172739928240901
weighted_selected,gp,15,10,rho,protein_binding,0.0385840797459533,-0.01750848513369,0.1065731062296508
weighted_selected,gp,15,10,rho,macro,-0.0062276333906818,-0.0280792757752903,0.0153748781008061
weighted_selected,gp,15,10,nll,cellular_clearance,-0.0057993987824888,-0.0464044314571654,0.0339183556525921
weighted_selected,gp,15,10,nll,efflux,-0.0148208817858509,-0.0787330774921492,0.0578004164906519
weighted_selected,gp,15,10,nll,in_vivo_clearance,0.0489003225645807,-0.0844861341548047,0.2462006594872317
weighted_selected,gp,15,10,nll,microsomal_clearance,-0.0133059124119027,-0.0365352234018401,0.0157251205673091
weighted_selected,gp,15,10,nll,permeability,0.0167173448578801,-0.036923595516416,0.0749915335518626
weighted_selected,gp,15,10,nll,protein_binding,0.1490419192461164,0.022035407379595,0.2480002691046967
weighted_selected,gp,15,10,nll,macro,0.0301222322813891,-0.0052525756850009,0.0661592624184043
gp,gp_single,15,1,r2,cellular_clearance,0.0804668488456154,0.0224108808586839,0.154414819528656
gp,gp_single,15,1,r2,efflux,0.0012592527144153,-0.0136915641814617,0.0169286643451498
gp,gp_single,15,1,r2,in_vivo_clearance,0.0221759300120283,-0.0025348011401664,0.0472641989892697
gp,gp_single,15,1,r2,microsomal_clearance,0.0206573794946596,0.0082330230338735,0.0342673261293791
gp,gp_single,15,1,r2,permeability,0.0174254804951827,0.0001574905778759,0.0389349432307457
gp,gp_single,15,1,r2,protein_binding,0.0647113035257104,0.0226858322520026,0.1472797133628041
gp,gp_single,15,1,r2,macro,0.0344493658479353,0.0195502832469855,0.0571002260921447
gp,gp_single,15,1,rho,cellular_clearance,0.0371138948324243,-0.0111560634686939,0.0919267591334069
gp,gp_single,15,1,rho,efflux,-0.0507056794010021,-0.0956117898072496,-0.0063019767390374
gp,gp_single,15,1,rho,in_vivo_clearance,-0.0572175270598935,-0.1557631657258191,0.0416785942307821
gp,gp_single,15,1,rho,microsomal_clearance,0.0150049028609251,0.0024746042850654,0.0294937352862386
gp,gp_single,15,1,rho,permeability,-0.0097344045851093,-0.0498266721858446,0.0298836196908829
gp,gp_single,15,1,rho,protein_binding,0.0016151185341162,-0.0177612781335111,0.0302704302527994
gp,gp_single,15,1,rho,macro,-0.0106539491364232,-0.0330667560360416,0.0128713435512063
gp,gp_single,15,1,nll,cellular_clearance,0.0382842538044549,0.0138104145459613,0.0692009529874946
gp,gp_single,15,1,nll,efflux,0.0034620652686473,-0.0047501619175112,0.0119410219751214
gp,gp_single,15,1,nll,in_vivo_clearance,0.0080921754012976,-0.0021788082927897,0.021247155356152
gp,gp_single,15,1,nll,microsomal_clearance,0.0099574975977994,0.0038009544374414,0.0167451602721247
gp,gp_single,15,1,nll,permeability,0.0118909330350344,0.0003111834092053,0.025093574327846
gp,gp_single,15,1,nll,protein_binding,0.0329437810548455,0.0110859580835487,0.0547443886967625
gp,gp_single,15,1,nll,macro,0.0174384510270132,0.0109649334373301,0.0254511175196718
gp,gp_single,15,2,r2,cellular_clearance,0.0436256744758178,0.0123612447089435,0.0855070749460116
gp,gp_single,15,2,r2,efflux,-0.0017767705564845,-0.0115245228697368,0.0098030005036097
gp,gp_single,15,2,r2,in_vivo_clearance,0.0202198973468299,0.0048498240142601,0.0405955068080915
gp,gp_single,15,2,r2,microsomal_clearance,0.0062913399396591,-0.0016157254824779,0.0143259860865032
gp,gp_single,15,2,r2,permeability,0.0079227373899259,-0.0006083744490652,0.0182288874710886
gp,gp_single,15,2,r2,protein_binding,0.0381617304508004,0.0140901062219189,0.0923825708017175
gp,gp_single,15,2,r2,macro,0.0190741015077581,0.0104020043110191,0.0330061150577569
gp,gp_single,15,2,rho,cellular_clearance,0.0292606885855525,-0.0089253974364749,0.0726087037275079
gp,gp_single,15,2,rho,efflux,0.0028689469661944,-0.0318988095575903,0.0387503640668945
gp,gp_single,15,2,rho,in_vivo_clearance,0.059886386348447,-0.018191242998841,0.1387532472940106
gp,gp_single,15,2,rho,microsomal_clearance,0.0159940229267638,0.0049593690157894,0.0281519820716097
gp,gp_single,15,2,rho,permeability,0.0018009880735435,-0.0196487751108661,0.0221914776747032
gp,gp_single,15,2,rho,protein_binding,0.0164879742940437,-0.0071611764237893,0.0375913811402947
gp,gp_single,15,2,rho,macro,0.0210498345324241,0.0044932255357662,0.0372136071281552
gp,gp_single,15,2,nll,cellular_clearance,0.0287350714021479,0.0071085715047792,0.0547933660419893
gp,gp_single,15,2,nll,efflux,0.0023643083805919,-0.005920775007498,0.0111962845816958
gp,gp_single,15,2,nll,in_vivo_clearance,0.0078271494784513,9.741571427814076e-06,0.0187521954098024
gp,gp_single,15,2,nll,microsomal_clearance,0.0034327250601927,-0.0024749112326642,0.0094618930484038
gp,gp_single,15,2,nll,permeability,0.0087237943403811,0.0009530989120533,0.0166727540361727
gp,gp_single,15,2,nll,protein_binding,0.0345576812123832,0.0147828250148855,0.0573633362390857
gp,gp_single,15,2,nll,macro,0.0142734549790247,0.0087437800219312,0.0214948596894528
gp,gp_single,15,3,r2,cellular_clearance,0.0334104846102598,0.0085611915350669,0.06777616331976
gp,gp_single,15,3,r2,efflux,0.0031856103635986,-0.0065706869284732,0.0139631939940353
gp,gp_single,15,3,r2,in_vivo_clearance,0.0115001949976196,0.001905864063841,0.0232335494820587
gp,gp_single,15,3,r2,microsomal_clearance,0.0040864029759444,-0.0025737544826623,0.0107645081968171
gp,gp_single,15,3,r2,permeability,0.0077387965110503,0.0010689807244598,0.0157907813759973
gp,gp_single,15,3,r2,protein_binding,0.0271796313772262,0.0049840500598239,0.0730570551522067
gp,gp_single,15,3,r2,macro,0.0145168534726165,0.0074848677592301,0.0258694782950899
gp,gp_single,15,3,rho,cellular_clearance,0.0132617729975043,-0.0207058402400911,0.0521842644780979
gp,gp_single,15,3,rho,efflux,0.0057199118111291,-0.0154931502062886,0.0293438879780448
gp,gp_single,15,3,rho,in_vivo_clearance,0.0430292672849154,0.0045415892428536,0.0752203083922668
gp,gp_single,15,3,rho,microsomal_clearance,0.0190681250105131,0.0093163007048325,0.0301784859786308
gp,gp_single,15,3,rho,permeability,0.0007556609173191,-0.0156908217388081,0.0181881106614465
gp,gp_single,15,3,rho,protein_binding,0.0020701171282081,-0.0191278889429336,0.0197389996115709
gp,gp_single,15,3,rho,macro,0.0139841425249315,0.003962525028667,0.0233002329932116
gp,gp_single,15,3,nll,cellular_clearance,0.0268032187281933,0.006793996850035,0.0521087130101544
gp,gp_single,15,3,nll,efflux,0.0044182933025164,-0.0052693868058307,0.0136610537616455
gp,gp_single,15,3,nll,in_vivo_clearance,0.005530592370795,-0.0012503445253509,0.0148478727233826
gp,gp_single,15,3,nll,microsomal_clearance,0.002853939445131,-0.0030476836879631,0.0087550829589316
gp,gp_single,15,3,nll,permeability,0.0095877545773059,0.0027480068543714,0.0167294922056904
gp,gp_single,15,3,nll,protein_binding,0.0304549079475589,0.0098827111919851,0.0559660228614424
gp,gp_single,15,3,nll,macro,0.0132747843952501,0.0077282268653143,0.0205443070373985
gp,gp_single,15,5,r2,cellular_clearance,0.0190936303007679,0.0031268684583953,0.0376624197020936
gp,gp_single,15,5,r2,efflux,0.0015051238487913,-0.0050701859947917,0.0083799726825863
gp,gp_single,15,5,r2,in_vivo_clearance,0.0107088504843066,0.0041185477048889,0.0190913413058637
gp,gp_single,15,5,r2,microsomal_clearance,0.0042962293252195,-4.706820474815763e-05,0.0088089181322966
gp,gp_single,15,5,r2,permeability,0.0084946835803762,0.0022352432132173,0.016799893992293
gp,gp_single,15,5,r2,protein_binding,0.0214973670367726,0.0041203571558745,0.0594336577434595
gp,gp_single,15,5,r2,macro,0.0109326474293723,0.0062451238627806,0.0190166639897173
gp,gp_single,15,5,rho,cellular_clearance,0.0155879928184375,-0.0086838615306811,0.0425926727822092
gp,gp_single,15,5,rho,efflux,0.0014381665791928,-0.0126193150847833,0.0159242776939787
gp,gp_single,15,5,rho,in_vivo_clearance,0.0255942131651282,-0.0087780599487519,0.0645878286676795
gp,gp_single,15,5,rho,microsomal_clearance,0.0089315139127614,0.0003198008855181,0.0186362217791275
gp,gp_single,15,5,rho,permeability,0.0094670066636349,-0.0046050297156171,0.0257661401641806
gp,gp_single,15,5,rho,protein_binding,0.0118690371290096,-0.0066818586058056,0.0308613462148285
gp,gp_single,15,5,rho,macro,0.0121479883780274,0.0043879657697493,0.019599844796097
gp,gp_single,15,5,nll,cellular_clearance,0.0183758167307226,0.0027142960529636,0.0358684662967841
gp,gp_single,15,5,nll,efflux,0.0049107735920162,-0.0036741283344772,0.0136112818124036
gp,gp_single,15,5,nll,in_vivo_clearance,0.0085378819625369,0.0010046905282053,0.0165154001823446
gp,gp_single,15,5,nll,microsomal_clearance,0.0037377787551437,-0.0010074390250362,0.0086288016661119
gp,gp_single,15,5,nll,permeability,0.010646298090726,0.0039350784197334,0.0187320620741735
gp,gp_single,15,5,nll,protein_binding,0.0290293162361265,0.0108520753768223,0.0519021850072707
gp,gp_single,15,5,nll,macro,0.0125396442278787,0.0079326958232312,0.0184147261981348
gp,gp_single,15,10,r2,cellular_clearance,0.0098041218602176,-0.0014579197244611,0.0221766134867973
gp,gp_single,15,10,r2,efflux,0.0028804994081436,-0.0018681677352537,0.006943723658616
gp,gp_single,15,10,r2,in_vivo_clearance,0.0089896855937771,0.0018313768478855,0.0202320114387372
gp,gp_single,15,10,r2,microsomal_clearance,0.0033243868095922,0.0002154612025816,0.0067440887192957
gp,gp_single,15,10,r2,permeability,0.0069813593894721,0.0030034864837378,0.0119536853562233
gp,gp_single,15,10,r2,protein_binding,0.0138977320832181,0.0026775203897311,0.0355403017311612
gp,gp_single,15,10,r2,macro,0.0076462975240701,0.0046152524071222,0.0119665215371468
gp,gp_single,15,10,rho,cellular_clearance,0.0173543651731448,-0.0013933691757644,0.0393246046215681
gp,gp_single,15,10,rho,efflux,0.0022906298281923,-0.0117572432698483,0.0166971915215968
gp,gp_single,15,10,rho,in_vivo_clearance,0.0235779350562554,-0.0117855301642228,0.0602721625992315
gp,gp_single,15,10,rho,microsomal_clearance,0.0105672234536564,0.0030859914180576,0.0187375468917115
gp,gp_single,15,10,rho,permeability,0.0111073717944576,-0.0001722953221964,0.0249510411741863
gp,gp_single,15,10,rho,protein_binding,0.0002874134117397,-0.0145235250422341,0.0163002015860412
gp,gp_single,15,10,rho,macro,0.0108641564529077,0.0033281648806699,0.0180153881865496
gp,gp_single,15,10,nll,cellular_clearance,0.0136453152939988,0.0007582161201938,0.0274607079891009
gp,gp_single,15,10,nll,efflux,0.005068181664692,-0.0036881989089885,0.0139947733889352
gp,gp_single,15,10,nll,in_vivo_clearance,0.0099770828339954,-0.0008165688127567,0.021142706562468
gp,gp_single,15,10,nll,microsomal_clearance,0.0041744817518365,-0.0003368482007654,0.0087953624352216
gp,gp_single,15,10,nll,permeability,0.0110934580799698,0.0052844320154783,0.0177781199045585
gp,gp_single,15,10,nll,protein_binding,0.0287498879962858,0.0121897628193216,0.0516982265454967
gp,gp_single,15,10,nll,macro,0.0121180679367964,0.008246681762498,0.0169501219539722
